solid OpenSCAD_Model
  facet normal 0.0654392 0.997857 -0
    outer loop
      vertex -2.42368 83.4786 29.6
      vertex -2.75 83.5 30.6
      vertex -2.42368 83.4786 30.6
    endloop
  endfacet
  facet normal 0.0654392 0.997857 0
    outer loop
      vertex -2.75 83.5 30.6
      vertex -2.42368 83.4786 29.6
      vertex -2.75 83.5 29.6
    endloop
  endfacet
  facet normal 0.0654392 -0.997857 0
    outer loop
      vertex -2.75 78.5 29.6
      vertex -2.42368 78.5214 30.6
      vertex -2.75 78.5 30.6
    endloop
  endfacet
  facet normal 0.0654392 -0.997857 0
    outer loop
      vertex -2.42368 78.5214 30.6
      vertex -2.75 78.5 29.6
      vertex -2.42368 78.5214 29.6
    endloop
  endfacet
  facet normal 0.751889 0.65929 0
    outer loop
      vertex -0.766616 82.5219 30.6
      vertex -0.982232 82.7678 29.6
      vertex -0.982232 82.7678 30.6
    endloop
  endfacet
  facet normal 0.751889 0.65929 0
    outer loop
      vertex -0.982232 82.7678 29.6
      vertex -0.766616 82.5219 30.6
      vertex -0.766616 82.5219 29.6
    endloop
  endfacet
  facet normal -0.659307 0.751873 0
    outer loop
      vertex -4.2719 82.9834 29.6
      vertex -4.51777 82.7678 30.6
      vertex -4.2719 82.9834 30.6
    endloop
  endfacet
  facet normal -0.659307 0.751873 0
    outer loop
      vertex -4.51777 82.7678 30.6
      vertex -4.2719 82.9834 29.6
      vertex -4.51777 82.7678 29.6
    endloop
  endfacet
  facet normal -0.321397 0.946944 0
    outer loop
      vertex -3.39705 83.4148 29.6
      vertex -3.70671 83.3097 30.6
      vertex -3.39705 83.4148 30.6
    endloop
  endfacet
  facet normal -0.321397 0.946944 0
    outer loop
      vertex -3.70671 83.3097 30.6
      vertex -3.39705 83.4148 29.6
      vertex -3.70671 83.3097 29.6
    endloop
  endfacet
  facet normal 0.896873 0.442288 0
    outer loop
      vertex -0.46165 82 30.6
      vertex -0.584936 82.25 29.6
      vertex -0.584936 82.25 30.6
    endloop
  endfacet
  facet normal 0.896873 0.442288 0
    outer loop
      vertex -0.584936 82.25 29.6
      vertex -0.46165 82 30.6
      vertex -0.46165 82 29.6
    endloop
  endfacet
  facet normal 0.831466 0.555575 0
    outer loop
      vertex -0.584936 82.25 30.6
      vertex -0.766616 82.5219 29.6
      vertex -0.766616 82.5219 30.6
    endloop
  endfacet
  facet normal 0.831466 0.555575 0
    outer loop
      vertex -0.766616 82.5219 29.6
      vertex -0.584936 82.25 30.6
      vertex -0.584936 82.25 29.6
    endloop
  endfacet
  facet normal 0.442204 0.896915 -0
    outer loop
      vertex -1.5 83.1651 29.6
      vertex -1.79329 83.3097 30.6
      vertex -1.5 83.1651 30.6
    endloop
  endfacet
  facet normal 0.442204 0.896915 0
    outer loop
      vertex -1.79329 83.3097 30.6
      vertex -1.5 83.1651 29.6
      vertex -1.79329 83.3097 29.6
    endloop
  endfacet
  facet normal 0.65931 0.751871 -0
    outer loop
      vertex -0.982232 82.7678 29.6
      vertex -1.2281 82.9834 30.6
      vertex -0.982232 82.7678 30.6
    endloop
  endfacet
  facet normal 0.65931 0.751871 0
    outer loop
      vertex -1.2281 82.9834 30.6
      vertex -0.982232 82.7678 29.6
      vertex -1.2281 82.9834 29.6
    endloop
  endfacet
  facet normal -0.896868 0.442299 0
    outer loop
      vertex -5.03835 82 29.6
      vertex -4.91506 82.25 30.6
      vertex -4.91506 82.25 29.6
    endloop
  endfacet
  facet normal -0.896868 0.442299 0
    outer loop
      vertex -4.91506 82.25 30.6
      vertex -5.03835 82 29.6
      vertex -5.03835 82 30.6
    endloop
  endfacet
  facet normal -0.831466 0.555575 0
    outer loop
      vertex -4.91506 82.25 29.6
      vertex -4.73338 82.5219 30.6
      vertex -4.73338 82.5219 29.6
    endloop
  endfacet
  facet normal -0.831466 0.555575 0
    outer loop
      vertex -4.73338 82.5219 30.6
      vertex -4.91506 82.25 29.6
      vertex -4.91506 82.25 30.6
    endloop
  endfacet
  facet normal -0 0 1
    outer loop
      vertex 54.5383 82 30.6
      vertex 54.75 80 30.6
      vertex 54.75 82 30.6
    endloop
  endfacet
  facet normal 0 0 1
    outer loop
      vertex 54.5383 82 30.6
      vertex 54.5383 80 30.6
      vertex 54.75 80 30.6
    endloop
  endfacet
  facet normal 0 0 1
    outer loop
      vertex 53.2892 81.6 30.6
      vertex 54.5383 82 30.6
      vertex 54.4151 82.25 30.6
    endloop
  endfacet
  facet normal 0 0 1
    outer loop
      vertex 54.5383 82 30.6
      vertex 53.45 81 30.6
      vertex 54.5383 80 30.6
    endloop
  endfacet
  facet normal 0 0 1
    outer loop
      vertex 53.2892 81.6 30.6
      vertex 54.4151 82.25 30.6
      vertex 54.2334 82.5219 30.6
    endloop
  endfacet
  facet normal -0 0 1
    outer loop
      vertex 53.4397 80.8434 30.6
      vertex 54.5383 80 30.6
      vertex 53.45 81 30.6
    endloop
  endfacet
  facet normal 0 0 1
    outer loop
      vertex 53.202 81.7305 30.6
      vertex 54.2334 82.5219 30.6
      vertex 54.0178 82.7678 30.6
    endloop
  endfacet
  facet normal -0 0 1
    outer loop
      vertex 53.4091 80.6894 30.6
      vertex 54.5383 80 30.6
      vertex 53.4397 80.8434 30.6
    endloop
  endfacet
  facet normal 0 0 1
    outer loop
      vertex 53.0985 81.8485 30.6
      vertex 54.0178 82.7678 30.6
      vertex 53.7719 82.9834 30.6
    endloop
  endfacet
  facet normal -0 0 1
    outer loop
      vertex 53.3587 80.5408 30.6
      vertex 54.5383 80 30.6
      vertex 53.4091 80.6894 30.6
    endloop
  endfacet
  facet normal 0 0 1
    outer loop
      vertex 52.9805 81.952 30.6
      vertex 53.7719 82.9834 30.6
      vertex 53.5 83.1651 30.6
    endloop
  endfacet
  facet normal -0 0 1
    outer loop
      vertex 53.2892 80.4 30.6
      vertex 54.5383 80 30.6
      vertex 53.3587 80.5408 30.6
    endloop
  endfacet
  facet normal 0 0 1
    outer loop
      vertex 54.5383 80 30.6
      vertex 53.2892 80.4 30.6
      vertex 54.4151 79.75 30.6
    endloop
  endfacet
  facet normal 0 0 1
    outer loop
      vertex 54.5383 82 30.6
      vertex 53.4397 81.1566 30.6
      vertex 53.45 81 30.6
    endloop
  endfacet
  facet normal 0 0 1
    outer loop
      vertex 54.5383 82 30.6
      vertex 53.4091 81.3106 30.6
      vertex 53.4397 81.1566 30.6
    endloop
  endfacet
  facet normal 0 0 1
    outer loop
      vertex 54.5383 82 30.6
      vertex 53.3587 81.4592 30.6
      vertex 53.4091 81.3106 30.6
    endloop
  endfacet
  facet normal 0 0 1
    outer loop
      vertex 54.5383 82 30.6
      vertex 53.2892 81.6 30.6
      vertex 53.3587 81.4592 30.6
    endloop
  endfacet
  facet normal 0 0 1
    outer loop
      vertex 52.85 82.0392 30.6
      vertex 53.5 83.1651 30.6
      vertex 53.2067 83.3097 30.6
    endloop
  endfacet
  facet normal 0 0 1
    outer loop
      vertex 54.2334 82.5219 30.6
      vertex 53.202 81.7305 30.6
      vertex 53.2892 81.6 30.6
    endloop
  endfacet
  facet normal 0 0 1
    outer loop
      vertex 54.0178 82.7678 30.6
      vertex 53.0985 81.8485 30.6
      vertex 53.202 81.7305 30.6
    endloop
  endfacet
  facet normal 0 0 1
    outer loop
      vertex 53.7719 82.9834 30.6
      vertex 52.9805 81.952 30.6
      vertex 53.0985 81.8485 30.6
    endloop
  endfacet
  facet normal 0 0 1
    outer loop
      vertex 52.7092 82.1087 30.6
      vertex 53.2067 83.3097 30.6
      vertex 52.897 83.4148 30.6
    endloop
  endfacet
  facet normal 0 0 1
    outer loop
      vertex 53.5 83.1651 30.6
      vertex 52.85 82.0392 30.6
      vertex 52.9805 81.952 30.6
    endloop
  endfacet
  facet normal 0 0 1
    outer loop
      vertex 53.2067 83.3097 30.6
      vertex 52.7092 82.1087 30.6
      vertex 52.85 82.0392 30.6
    endloop
  endfacet
  facet normal 0 0 1
    outer loop
      vertex 52.5606 82.1591 30.6
      vertex 52.897 83.4148 30.6
      vertex 52.5763 83.4786 30.6
    endloop
  endfacet
  facet normal 0 0 1
    outer loop
      vertex 52.897 83.4148 30.6
      vertex 52.5606 82.1591 30.6
      vertex 52.7092 82.1087 30.6
    endloop
  endfacet
  facet normal 0 0 1
    outer loop
      vertex 52.5763 83.4786 30.6
      vertex 52.4066 82.1897 30.6
      vertex 52.5606 82.1591 30.6
    endloop
  endfacet
  facet normal 0 0 1
    outer loop
      vertex 52.25 83.5 30.6
      vertex 52.4066 82.1897 30.6
      vertex 52.5763 83.4786 30.6
    endloop
  endfacet
  facet normal 0 0 1
    outer loop
      vertex 52.25 83.5 30.6
      vertex 52.25 82.2 30.6
      vertex 52.4066 82.1897 30.6
    endloop
  endfacet
  facet normal 0 0 1
    outer loop
      vertex 52.25 83.5 30.6
      vertex 52.0934 82.1897 30.6
      vertex 52.25 82.2 30.6
    endloop
  endfacet
  facet normal -0 0 1
    outer loop
      vertex 51.9237 83.4786 30.6
      vertex 52.0934 82.1897 30.6
      vertex 52.25 83.5 30.6
    endloop
  endfacet
  facet normal 0 0 1
    outer loop
      vertex 52.0934 82.1897 30.6
      vertex 51.9237 83.4786 30.6
      vertex 51.9394 82.1591 30.6
    endloop
  endfacet
  facet normal -0 0 1
    outer loop
      vertex 51.603 83.4148 30.6
      vertex 51.9394 82.1591 30.6
      vertex 51.9237 83.4786 30.6
    endloop
  endfacet
  facet normal 0 0 1
    outer loop
      vertex 51.9394 82.1591 30.6
      vertex 51.603 83.4148 30.6
      vertex 51.7908 82.1087 30.6
    endloop
  endfacet
  facet normal -0 0 1
    outer loop
      vertex 51.2933 83.3097 30.6
      vertex 51.7908 82.1087 30.6
      vertex 51.603 83.4148 30.6
    endloop
  endfacet
  facet normal 0 0 1
    outer loop
      vertex 51.7908 82.1087 30.6
      vertex 51.2933 83.3097 30.6
      vertex 51.65 82.0392 30.6
    endloop
  endfacet
  facet normal -0 0 1
    outer loop
      vertex 51 83.1651 30.6
      vertex 51.65 82.0392 30.6
      vertex 51.2933 83.3097 30.6
    endloop
  endfacet
  facet normal 0 0 1
    outer loop
      vertex 51.65 82.0392 30.6
      vertex 51 83.1651 30.6
      vertex 51.5195 81.952 30.6
    endloop
  endfacet
  facet normal -0 0 1
    outer loop
      vertex 50.7281 82.9834 30.6
      vertex 51.5195 81.952 30.6
      vertex 51 83.1651 30.6
    endloop
  endfacet
  facet normal 0 0 1
    outer loop
      vertex 51.5195 81.952 30.6
      vertex 50.7281 82.9834 30.6
      vertex 51.4015 81.8485 30.6
    endloop
  endfacet
  facet normal -0 0 1
    outer loop
      vertex 50.4822 82.7678 30.6
      vertex 51.4015 81.8485 30.6
      vertex 50.7281 82.9834 30.6
    endloop
  endfacet
  facet normal 0 0 1
    outer loop
      vertex 51.4015 81.8485 30.6
      vertex 50.4822 82.7678 30.6
      vertex 51.298 81.7305 30.6
    endloop
  endfacet
  facet normal -0 0 1
    outer loop
      vertex 50.2666 82.5219 30.6
      vertex 51.298 81.7305 30.6
      vertex 50.4822 82.7678 30.6
    endloop
  endfacet
  facet normal -0 0 1
    outer loop
      vertex 50.0849 82.25 30.6
      vertex 51.2108 81.6 30.6
      vertex 50.2666 82.5219 30.6
    endloop
  endfacet
  facet normal 0 0 1
    outer loop
      vertex 51.298 81.7305 30.6
      vertex 50.2666 82.5219 30.6
      vertex 51.2108 81.6 30.6
    endloop
  endfacet
  facet normal 0 0 1
    outer loop
      vertex 54.4151 79.75 30.6
      vertex 53.2892 80.4 30.6
      vertex 54.2334 79.4781 30.6
    endloop
  endfacet
  facet normal -0 0 1
    outer loop
      vertex 53.202 80.2695 30.6
      vertex 54.2334 79.4781 30.6
      vertex 53.2892 80.4 30.6
    endloop
  endfacet
  facet normal 0 0 1
    outer loop
      vertex 54.2334 79.4781 30.6
      vertex 53.202 80.2695 30.6
      vertex 54.0178 79.2322 30.6
    endloop
  endfacet
  facet normal -0 0 1
    outer loop
      vertex 53.0985 80.1515 30.6
      vertex 54.0178 79.2322 30.6
      vertex 53.202 80.2695 30.6
    endloop
  endfacet
  facet normal 0 0 1
    outer loop
      vertex 54.0178 79.2322 30.6
      vertex 53.0985 80.1515 30.6
      vertex 53.7719 79.0166 30.6
    endloop
  endfacet
  facet normal -0 0 1
    outer loop
      vertex 52.9805 80.048 30.6
      vertex 53.7719 79.0166 30.6
      vertex 53.0985 80.1515 30.6
    endloop
  endfacet
  facet normal 0 0 1
    outer loop
      vertex 53.7719 79.0166 30.6
      vertex 52.9805 80.048 30.6
      vertex 53.5 78.8349 30.6
    endloop
  endfacet
  facet normal -0 0 1
    outer loop
      vertex 52.85 79.9608 30.6
      vertex 53.5 78.8349 30.6
      vertex 52.9805 80.048 30.6
    endloop
  endfacet
  facet normal 0 0 1
    outer loop
      vertex 53.5 78.8349 30.6
      vertex 52.85 79.9608 30.6
      vertex 53.2067 78.6903 30.6
    endloop
  endfacet
  facet normal -0 0 1
    outer loop
      vertex 52.7092 79.8913 30.6
      vertex 53.2067 78.6903 30.6
      vertex 52.85 79.9608 30.6
    endloop
  endfacet
  facet normal 0 0 1
    outer loop
      vertex 53.2067 78.6903 30.6
      vertex 52.7092 79.8913 30.6
      vertex 52.897 78.5852 30.6
    endloop
  endfacet
  facet normal -0 0 1
    outer loop
      vertex 52.5606 79.8409 30.6
      vertex 52.897 78.5852 30.6
      vertex 52.7092 79.8913 30.6
    endloop
  endfacet
  facet normal 0 0 1
    outer loop
      vertex 52.897 78.5852 30.6
      vertex 52.5606 79.8409 30.6
      vertex 52.5763 78.5214 30.6
    endloop
  endfacet
  facet normal -0 0 1
    outer loop
      vertex 52.4066 79.8103 30.6
      vertex 52.5763 78.5214 30.6
      vertex 52.5606 79.8409 30.6
    endloop
  endfacet
  facet normal -0 0 1
    outer loop
      vertex 52.25 79.8 30.6
      vertex 52.5763 78.5214 30.6
      vertex 52.4066 79.8103 30.6
    endloop
  endfacet
  facet normal 0 0 1
    outer loop
      vertex 52.25 79.8 30.6
      vertex 52.25 78.5 30.6
      vertex 52.5763 78.5214 30.6
    endloop
  endfacet
  facet normal 0 0 1
    outer loop
      vertex 52.0934 79.8103 30.6
      vertex 52.25 78.5 30.6
      vertex 52.25 79.8 30.6
    endloop
  endfacet
  facet normal 0 0 1
    outer loop
      vertex 51.9237 78.5214 30.6
      vertex 52.0934 79.8103 30.6
      vertex 51.9394 79.8409 30.6
    endloop
  endfacet
  facet normal 0 0 1
    outer loop
      vertex 52.0934 79.8103 30.6
      vertex 51.9237 78.5214 30.6
      vertex 52.25 78.5 30.6
    endloop
  endfacet
  facet normal 0 0 1
    outer loop
      vertex 51.603 78.5852 30.6
      vertex 51.9394 79.8409 30.6
      vertex 51.7908 79.8913 30.6
    endloop
  endfacet
  facet normal 0 0 1
    outer loop
      vertex 51.2933 78.6903 30.6
      vertex 51.7908 79.8913 30.6
      vertex 51.65 79.9608 30.6
    endloop
  endfacet
  facet normal 0 0 1
    outer loop
      vertex 51.9394 79.8409 30.6
      vertex 51.603 78.5852 30.6
      vertex 51.9237 78.5214 30.6
    endloop
  endfacet
  facet normal 0 0 1
    outer loop
      vertex 51 78.8349 30.6
      vertex 51.65 79.9608 30.6
      vertex 51.5195 80.048 30.6
    endloop
  endfacet
  facet normal 0 0 1
    outer loop
      vertex 50.7281 79.0166 30.6
      vertex 51.5195 80.048 30.6
      vertex 51.4015 80.1515 30.6
    endloop
  endfacet
  facet normal 0 0 1
    outer loop
      vertex 50.4822 79.2322 30.6
      vertex 51.4015 80.1515 30.6
      vertex 51.298 80.2695 30.6
    endloop
  endfacet
  facet normal 0 0 1
    outer loop
      vertex 51.7908 79.8913 30.6
      vertex 51.2933 78.6903 30.6
      vertex 51.603 78.5852 30.6
    endloop
  endfacet
  facet normal 0 0 1
    outer loop
      vertex 50.2666 79.4781 30.6
      vertex 51.298 80.2695 30.6
      vertex 51.2108 80.4 30.6
    endloop
  endfacet
  facet normal 0 0 1
    outer loop
      vertex 49.9617 80 30.6
      vertex 51.2108 80.4 30.6
      vertex 51.1413 80.5408 30.6
    endloop
  endfacet
  facet normal 0 0 1
    outer loop
      vertex 49.9617 80 30.6
      vertex 51.1413 80.5408 30.6
      vertex 51.0909 80.6894 30.6
    endloop
  endfacet
  facet normal 0 0 1
    outer loop
      vertex 49.9617 80 30.6
      vertex 51.0909 80.6894 30.6
      vertex 51.0603 80.8434 30.6
    endloop
  endfacet
  facet normal 0 0 1
    outer loop
      vertex 51.65 79.9608 30.6
      vertex 51 78.8349 30.6
      vertex 51.2933 78.6903 30.6
    endloop
  endfacet
  facet normal 0 0 1
    outer loop
      vertex 49.9617 80 30.6
      vertex 51.0603 80.8434 30.6
      vertex 51.05 81 30.6
    endloop
  endfacet
  facet normal -0 0 1
    outer loop
      vertex 49.9617 82 30.6
      vertex 51.2108 81.6 30.6
      vertex 50.0849 82.25 30.6
    endloop
  endfacet
  facet normal 0 0 1
    outer loop
      vertex 51.2108 81.6 30.6
      vertex 49.9617 82 30.6
      vertex 51.1413 81.4592 30.6
    endloop
  endfacet
  facet normal 0 0 1
    outer loop
      vertex 51.5195 80.048 30.6
      vertex 50.7281 79.0166 30.6
      vertex 51 78.8349 30.6
    endloop
  endfacet
  facet normal 0 0 1
    outer loop
      vertex 51.1413 81.4592 30.6
      vertex 49.9617 82 30.6
      vertex 51.0909 81.3106 30.6
    endloop
  endfacet
  facet normal 0 0 1
    outer loop
      vertex 51.4015 80.1515 30.6
      vertex 50.4822 79.2322 30.6
      vertex 50.7281 79.0166 30.6
    endloop
  endfacet
  facet normal 0 0 1
    outer loop
      vertex 51.0909 81.3106 30.6
      vertex 49.9617 82 30.6
      vertex 51.0603 81.1566 30.6
    endloop
  endfacet
  facet normal 0 0 1
    outer loop
      vertex 51.298 80.2695 30.6
      vertex 50.2666 79.4781 30.6
      vertex 50.4822 79.2322 30.6
    endloop
  endfacet
  facet normal 0 0 1
    outer loop
      vertex 51.0603 81.1566 30.6
      vertex 49.9617 82 30.6
      vertex 51.05 81 30.6
    endloop
  endfacet
  facet normal 0 0 1
    outer loop
      vertex 49.9617 80 30.6
      vertex 51.05 81 30.6
      vertex 49.9617 82 30.6
    endloop
  endfacet
  facet normal 0 0 1
    outer loop
      vertex 51.2108 80.4 30.6
      vertex 49.9617 80 30.6
      vertex 50.0849 79.75 30.6
    endloop
  endfacet
  facet normal 0 0 1
    outer loop
      vertex 51.2108 80.4 30.6
      vertex 50.0849 79.75 30.6
      vertex 50.2666 79.4781 30.6
    endloop
  endfacet
  facet normal -0 0 1
    outer loop
      vertex 38.25 82 30.6
      vertex 49.9617 80 30.6
      vertex 49.9617 82 30.6
    endloop
  endfacet
  facet normal 0 0 1
    outer loop
      vertex 49.9617 80 30.6
      vertex 38.25 82 30.6
      vertex 38.25 80 30.6
    endloop
  endfacet
  facet normal 0 0 1
    outer loop
      vertex 11.25 82 30.6
      vertex -0.46165 80 30.6
      vertex 11.25 80 30.6
    endloop
  endfacet
  facet normal -0 0 1
    outer loop
      vertex -0.46165 82 30.6
      vertex -0.46165 80 30.6
      vertex 11.25 82 30.6
    endloop
  endfacet
  facet normal 0 0 1
    outer loop
      vertex -1.71077 81.6 30.6
      vertex -0.46165 82 30.6
      vertex -0.584936 82.25 30.6
    endloop
  endfacet
  facet normal 0 0 1
    outer loop
      vertex -0.46165 82 30.6
      vertex -1.55 81 30.6
      vertex -0.46165 80 30.6
    endloop
  endfacet
  facet normal 0 0 1
    outer loop
      vertex -1.71077 81.6 30.6
      vertex -0.584936 82.25 30.6
      vertex -0.766616 82.5219 30.6
    endloop
  endfacet
  facet normal -0 0 1
    outer loop
      vertex -1.56027 80.8434 30.6
      vertex -0.46165 80 30.6
      vertex -1.55 81 30.6
    endloop
  endfacet
  facet normal 0 0 1
    outer loop
      vertex -1.79798 81.7305 30.6
      vertex -0.766616 82.5219 30.6
      vertex -0.982232 82.7678 30.6
    endloop
  endfacet
  facet normal -0 0 1
    outer loop
      vertex -1.59089 80.6894 30.6
      vertex -0.46165 80 30.6
      vertex -1.56027 80.8434 30.6
    endloop
  endfacet
  facet normal 0 0 1
    outer loop
      vertex -1.90147 81.8485 30.6
      vertex -0.982232 82.7678 30.6
      vertex -1.2281 82.9834 30.6
    endloop
  endfacet
  facet normal -0 0 1
    outer loop
      vertex -1.64134 80.5408 30.6
      vertex -0.46165 80 30.6
      vertex -1.59089 80.6894 30.6
    endloop
  endfacet
  facet normal 0 0 1
    outer loop
      vertex -2.01949 81.952 30.6
      vertex -1.2281 82.9834 30.6
      vertex -1.5 83.1651 30.6
    endloop
  endfacet
  facet normal -0 0 1
    outer loop
      vertex -1.71077 80.4 30.6
      vertex -0.46165 80 30.6
      vertex -1.64134 80.5408 30.6
    endloop
  endfacet
  facet normal 0 0 1
    outer loop
      vertex -0.46165 80 30.6
      vertex -1.71077 80.4 30.6
      vertex -0.584936 79.75 30.6
    endloop
  endfacet
  facet normal 0 0 1
    outer loop
      vertex -0.46165 82 30.6
      vertex -1.56027 81.1566 30.6
      vertex -1.55 81 30.6
    endloop
  endfacet
  facet normal 0 0 1
    outer loop
      vertex -0.46165 82 30.6
      vertex -1.59089 81.3106 30.6
      vertex -1.56027 81.1566 30.6
    endloop
  endfacet
  facet normal 0 0 1
    outer loop
      vertex -0.46165 82 30.6
      vertex -1.64134 81.4592 30.6
      vertex -1.59089 81.3106 30.6
    endloop
  endfacet
  facet normal 0 0 1
    outer loop
      vertex -0.46165 82 30.6
      vertex -1.71077 81.6 30.6
      vertex -1.64134 81.4592 30.6
    endloop
  endfacet
  facet normal 0 0 1
    outer loop
      vertex -2.15 82.0392 30.6
      vertex -1.5 83.1651 30.6
      vertex -1.79329 83.3097 30.6
    endloop
  endfacet
  facet normal 0 0 1
    outer loop
      vertex -0.766616 82.5219 30.6
      vertex -1.79798 81.7305 30.6
      vertex -1.71077 81.6 30.6
    endloop
  endfacet
  facet normal 0 0 1
    outer loop
      vertex -0.982232 82.7678 30.6
      vertex -1.90147 81.8485 30.6
      vertex -1.79798 81.7305 30.6
    endloop
  endfacet
  facet normal 0 0 1
    outer loop
      vertex -1.2281 82.9834 30.6
      vertex -2.01949 81.952 30.6
      vertex -1.90147 81.8485 30.6
    endloop
  endfacet
  facet normal 0 0 1
    outer loop
      vertex -2.29078 82.1087 30.6
      vertex -1.79329 83.3097 30.6
      vertex -2.10295 83.4148 30.6
    endloop
  endfacet
  facet normal 0 0 1
    outer loop
      vertex -1.5 83.1651 30.6
      vertex -2.15 82.0392 30.6
      vertex -2.01949 81.952 30.6
    endloop
  endfacet
  facet normal 0 0 1
    outer loop
      vertex -1.79329 83.3097 30.6
      vertex -2.29078 82.1087 30.6
      vertex -2.15 82.0392 30.6
    endloop
  endfacet
  facet normal 0 0 1
    outer loop
      vertex -2.43942 82.1591 30.6
      vertex -2.10295 83.4148 30.6
      vertex -2.42368 83.4786 30.6
    endloop
  endfacet
  facet normal 0 0 1
    outer loop
      vertex -2.10295 83.4148 30.6
      vertex -2.43942 82.1591 30.6
      vertex -2.29078 82.1087 30.6
    endloop
  endfacet
  facet normal 0 0 1
    outer loop
      vertex -2.42368 83.4786 30.6
      vertex -2.59337 82.1897 30.6
      vertex -2.43942 82.1591 30.6
    endloop
  endfacet
  facet normal 0 0 1
    outer loop
      vertex -2.75 83.5 30.6
      vertex -2.59337 82.1897 30.6
      vertex -2.42368 83.4786 30.6
    endloop
  endfacet
  facet normal 0 0 1
    outer loop
      vertex -2.75 83.5 30.6
      vertex -2.75 82.2 30.6
      vertex -2.59337 82.1897 30.6
    endloop
  endfacet
  facet normal 0 0 1
    outer loop
      vertex -2.75 83.5 30.6
      vertex -2.90663 82.1897 30.6
      vertex -2.75 82.2 30.6
    endloop
  endfacet
  facet normal -0 0 1
    outer loop
      vertex -3.07631 83.4786 30.6
      vertex -2.90663 82.1897 30.6
      vertex -2.75 83.5 30.6
    endloop
  endfacet
  facet normal 0 0 1
    outer loop
      vertex -2.90663 82.1897 30.6
      vertex -3.07631 83.4786 30.6
      vertex -3.06058 82.1591 30.6
    endloop
  endfacet
  facet normal -0 0 1
    outer loop
      vertex -3.39705 83.4148 30.6
      vertex -3.06058 82.1591 30.6
      vertex -3.07631 83.4786 30.6
    endloop
  endfacet
  facet normal 0 0 1
    outer loop
      vertex -3.06058 82.1591 30.6
      vertex -3.39705 83.4148 30.6
      vertex -3.20922 82.1087 30.6
    endloop
  endfacet
  facet normal -0 0 1
    outer loop
      vertex -3.70671 83.3097 30.6
      vertex -3.20922 82.1087 30.6
      vertex -3.39705 83.4148 30.6
    endloop
  endfacet
  facet normal 0 0 1
    outer loop
      vertex -3.20922 82.1087 30.6
      vertex -3.70671 83.3097 30.6
      vertex -3.35 82.0392 30.6
    endloop
  endfacet
  facet normal -0 0 1
    outer loop
      vertex -4 83.1651 30.6
      vertex -3.35 82.0392 30.6
      vertex -3.70671 83.3097 30.6
    endloop
  endfacet
  facet normal 0 0 1
    outer loop
      vertex -3.35 82.0392 30.6
      vertex -4 83.1651 30.6
      vertex -3.48051 81.952 30.6
    endloop
  endfacet
  facet normal -0 0 1
    outer loop
      vertex -4.2719 82.9834 30.6
      vertex -3.48051 81.952 30.6
      vertex -4 83.1651 30.6
    endloop
  endfacet
  facet normal 0 0 1
    outer loop
      vertex -3.48051 81.952 30.6
      vertex -4.2719 82.9834 30.6
      vertex -3.59853 81.8485 30.6
    endloop
  endfacet
  facet normal -0 0 1
    outer loop
      vertex -4.51777 82.7678 30.6
      vertex -3.59853 81.8485 30.6
      vertex -4.2719 82.9834 30.6
    endloop
  endfacet
  facet normal 0 0 1
    outer loop
      vertex -3.59853 81.8485 30.6
      vertex -4.51777 82.7678 30.6
      vertex -3.70202 81.7305 30.6
    endloop
  endfacet
  facet normal -0 0 1
    outer loop
      vertex -4.73338 82.5219 30.6
      vertex -3.70202 81.7305 30.6
      vertex -4.51777 82.7678 30.6
    endloop
  endfacet
  facet normal -0 0 1
    outer loop
      vertex -4.91506 82.25 30.6
      vertex -3.78923 81.6 30.6
      vertex -4.73338 82.5219 30.6
    endloop
  endfacet
  facet normal 0 0 1
    outer loop
      vertex -3.70202 81.7305 30.6
      vertex -4.73338 82.5219 30.6
      vertex -3.78923 81.6 30.6
    endloop
  endfacet
  facet normal 0 0 1
    outer loop
      vertex -0.584936 79.75 30.6
      vertex -1.71077 80.4 30.6
      vertex -0.766616 79.4781 30.6
    endloop
  endfacet
  facet normal -0 0 1
    outer loop
      vertex -1.79798 80.2695 30.6
      vertex -0.766616 79.4781 30.6
      vertex -1.71077 80.4 30.6
    endloop
  endfacet
  facet normal 0 0 1
    outer loop
      vertex -0.766616 79.4781 30.6
      vertex -1.79798 80.2695 30.6
      vertex -0.982232 79.2322 30.6
    endloop
  endfacet
  facet normal -0 0 1
    outer loop
      vertex -1.90147 80.1515 30.6
      vertex -0.982232 79.2322 30.6
      vertex -1.79798 80.2695 30.6
    endloop
  endfacet
  facet normal 0 0 1
    outer loop
      vertex -0.982232 79.2322 30.6
      vertex -1.90147 80.1515 30.6
      vertex -1.2281 79.0166 30.6
    endloop
  endfacet
  facet normal -0 0 1
    outer loop
      vertex -2.01949 80.048 30.6
      vertex -1.2281 79.0166 30.6
      vertex -1.90147 80.1515 30.6
    endloop
  endfacet
  facet normal 0 0 1
    outer loop
      vertex -1.2281 79.0166 30.6
      vertex -2.01949 80.048 30.6
      vertex -1.5 78.8349 30.6
    endloop
  endfacet
  facet normal -0 0 1
    outer loop
      vertex -2.15 79.9608 30.6
      vertex -1.5 78.8349 30.6
      vertex -2.01949 80.048 30.6
    endloop
  endfacet
  facet normal 0 0 1
    outer loop
      vertex -1.5 78.8349 30.6
      vertex -2.15 79.9608 30.6
      vertex -1.79329 78.6903 30.6
    endloop
  endfacet
  facet normal -0 0 1
    outer loop
      vertex -2.29078 79.8913 30.6
      vertex -1.79329 78.6903 30.6
      vertex -2.15 79.9608 30.6
    endloop
  endfacet
  facet normal 0 0 1
    outer loop
      vertex -1.79329 78.6903 30.6
      vertex -2.29078 79.8913 30.6
      vertex -2.10295 78.5852 30.6
    endloop
  endfacet
  facet normal -0 0 1
    outer loop
      vertex -2.43942 79.8409 30.6
      vertex -2.10295 78.5852 30.6
      vertex -2.29078 79.8913 30.6
    endloop
  endfacet
  facet normal 0 0 1
    outer loop
      vertex -2.10295 78.5852 30.6
      vertex -2.43942 79.8409 30.6
      vertex -2.42368 78.5214 30.6
    endloop
  endfacet
  facet normal -0 0 1
    outer loop
      vertex -2.59337 79.8103 30.6
      vertex -2.42368 78.5214 30.6
      vertex -2.43942 79.8409 30.6
    endloop
  endfacet
  facet normal -0 0 1
    outer loop
      vertex -2.75 79.8 30.6
      vertex -2.42368 78.5214 30.6
      vertex -2.59337 79.8103 30.6
    endloop
  endfacet
  facet normal 0 0 1
    outer loop
      vertex -2.75 79.8 30.6
      vertex -2.75 78.5 30.6
      vertex -2.42368 78.5214 30.6
    endloop
  endfacet
  facet normal 0 0 1
    outer loop
      vertex -2.90663 79.8103 30.6
      vertex -2.75 78.5 30.6
      vertex -2.75 79.8 30.6
    endloop
  endfacet
  facet normal 0 0 1
    outer loop
      vertex -3.07631 78.5214 30.6
      vertex -2.90663 79.8103 30.6
      vertex -3.06058 79.8409 30.6
    endloop
  endfacet
  facet normal 0 0 1
    outer loop
      vertex -2.90663 79.8103 30.6
      vertex -3.07631 78.5214 30.6
      vertex -2.75 78.5 30.6
    endloop
  endfacet
  facet normal 0 0 1
    outer loop
      vertex -3.39705 78.5852 30.6
      vertex -3.06058 79.8409 30.6
      vertex -3.20922 79.8913 30.6
    endloop
  endfacet
  facet normal 0 0 1
    outer loop
      vertex -3.70671 78.6903 30.6
      vertex -3.20922 79.8913 30.6
      vertex -3.35 79.9608 30.6
    endloop
  endfacet
  facet normal 0 0 1
    outer loop
      vertex -3.06058 79.8409 30.6
      vertex -3.39705 78.5852 30.6
      vertex -3.07631 78.5214 30.6
    endloop
  endfacet
  facet normal 0 0 1
    outer loop
      vertex -4 78.8349 30.6
      vertex -3.35 79.9608 30.6
      vertex -3.48051 80.048 30.6
    endloop
  endfacet
  facet normal 0 0 1
    outer loop
      vertex -4.2719 79.0166 30.6
      vertex -3.48051 80.048 30.6
      vertex -3.59853 80.1515 30.6
    endloop
  endfacet
  facet normal 0 0 1
    outer loop
      vertex -4.51777 79.2322 30.6
      vertex -3.59853 80.1515 30.6
      vertex -3.70202 80.2695 30.6
    endloop
  endfacet
  facet normal 0 0 1
    outer loop
      vertex -3.20922 79.8913 30.6
      vertex -3.70671 78.6903 30.6
      vertex -3.39705 78.5852 30.6
    endloop
  endfacet
  facet normal 0 0 1
    outer loop
      vertex -4.73338 79.4781 30.6
      vertex -3.70202 80.2695 30.6
      vertex -3.78923 80.4 30.6
    endloop
  endfacet
  facet normal 0 0 1
    outer loop
      vertex -5.03835 80 30.6
      vertex -3.78923 80.4 30.6
      vertex -3.85865 80.5408 30.6
    endloop
  endfacet
  facet normal 0 0 1
    outer loop
      vertex -5.03835 80 30.6
      vertex -3.85865 80.5408 30.6
      vertex -3.90911 80.6894 30.6
    endloop
  endfacet
  facet normal 0 0 1
    outer loop
      vertex -5.03835 80 30.6
      vertex -3.90911 80.6894 30.6
      vertex -3.93973 80.8434 30.6
    endloop
  endfacet
  facet normal 0 0 1
    outer loop
      vertex -3.35 79.9608 30.6
      vertex -4 78.8349 30.6
      vertex -3.70671 78.6903 30.6
    endloop
  endfacet
  facet normal 0 0 1
    outer loop
      vertex -5.03835 80 30.6
      vertex -3.93973 80.8434 30.6
      vertex -3.95 81 30.6
    endloop
  endfacet
  facet normal -0 0 1
    outer loop
      vertex -5.03835 82 30.6
      vertex -3.78923 81.6 30.6
      vertex -4.91506 82.25 30.6
    endloop
  endfacet
  facet normal 0 0 1
    outer loop
      vertex -3.78923 81.6 30.6
      vertex -5.03835 82 30.6
      vertex -3.85865 81.4592 30.6
    endloop
  endfacet
  facet normal 0 0 1
    outer loop
      vertex -3.48051 80.048 30.6
      vertex -4.2719 79.0166 30.6
      vertex -4 78.8349 30.6
    endloop
  endfacet
  facet normal 0 0 1
    outer loop
      vertex -3.85865 81.4592 30.6
      vertex -5.03835 82 30.6
      vertex -3.90911 81.3106 30.6
    endloop
  endfacet
  facet normal 0 0 1
    outer loop
      vertex -3.59853 80.1515 30.6
      vertex -4.51777 79.2322 30.6
      vertex -4.2719 79.0166 30.6
    endloop
  endfacet
  facet normal 0 0 1
    outer loop
      vertex -3.90911 81.3106 30.6
      vertex -5.03835 82 30.6
      vertex -3.93973 81.1566 30.6
    endloop
  endfacet
  facet normal 0 0 1
    outer loop
      vertex -3.70202 80.2695 30.6
      vertex -4.73338 79.4781 30.6
      vertex -4.51777 79.2322 30.6
    endloop
  endfacet
  facet normal 0 0 1
    outer loop
      vertex -3.93973 81.1566 30.6
      vertex -5.03835 82 30.6
      vertex -3.95 81 30.6
    endloop
  endfacet
  facet normal 0 0 1
    outer loop
      vertex -5.03835 80 30.6
      vertex -3.95 81 30.6
      vertex -5.03835 82 30.6
    endloop
  endfacet
  facet normal 0 0 1
    outer loop
      vertex -3.78923 80.4 30.6
      vertex -5.03835 80 30.6
      vertex -4.91506 79.75 30.6
    endloop
  endfacet
  facet normal 0 0 1
    outer loop
      vertex -3.78923 80.4 30.6
      vertex -4.91506 79.75 30.6
      vertex -4.73338 79.4781 30.6
    endloop
  endfacet
  facet normal -0 0 1
    outer loop
      vertex -5.25 82 30.6
      vertex -5.03835 80 30.6
      vertex -5.03835 82 30.6
    endloop
  endfacet
  facet normal 0 0 1
    outer loop
      vertex -5.03835 80 30.6
      vertex -5.25 82 30.6
      vertex -5.25 80 30.6
    endloop
  endfacet
  facet normal -0.442204 0.896915 0
    outer loop
      vertex -3.70671 83.3097 29.6
      vertex -4 83.1651 30.6
      vertex -3.70671 83.3097 30.6
    endloop
  endfacet
  facet normal -0.442204 0.896915 0
    outer loop
      vertex -4 83.1651 30.6
      vertex -3.70671 83.3097 29.6
      vertex -4 83.1651 29.6
    endloop
  endfacet
  facet normal -0.0654412 0.997856 0
    outer loop
      vertex -2.75 83.5 29.6
      vertex -3.07631 83.4786 30.6
      vertex -2.75 83.5 30.6
    endloop
  endfacet
  facet normal -0.0654412 0.997856 0
    outer loop
      vertex -3.07631 83.4786 30.6
      vertex -2.75 83.5 29.6
      vertex -3.07631 83.4786 29.6
    endloop
  endfacet
  facet normal 0 0 -1
    outer loop
      vertex -0.46165 80 29.6
      vertex 11.25 82 29.6
      vertex 11.25 80 29.6
    endloop
  endfacet
  facet normal 0 0 -1
    outer loop
      vertex -0.46165 80 29.6
      vertex -0.46165 82 29.6
      vertex 11.25 82 29.6
    endloop
  endfacet
  facet normal 0 0 -1
    outer loop
      vertex -1.19115 80.1 29.6
      vertex -0.46165 80 29.6
      vertex -0.584936 79.75 29.6
    endloop
  endfacet
  facet normal 0 0 -1
    outer loop
      vertex -0.46165 80 29.6
      vertex -0.95 81 29.6
      vertex -0.46165 82 29.6
    endloop
  endfacet
  facet normal 0 0 -1
    outer loop
      vertex -1.19115 80.1 29.6
      vertex -0.584936 79.75 29.6
      vertex -0.766616 79.4781 29.6
    endloop
  endfacet
  facet normal 0 0 -1
    outer loop
      vertex -0.965399 81.2349 29.6
      vertex -0.46165 82 29.6
      vertex -0.95 81 29.6
    endloop
  endfacet
  facet normal 0 0 -1
    outer loop
      vertex -1.01133 81.4659 29.6
      vertex -0.46165 82 29.6
      vertex -0.965399 81.2349 29.6
    endloop
  endfacet
  facet normal 0 0 -1
    outer loop
      vertex -0.46165 80 29.6
      vertex -0.965399 80.7651 29.6
      vertex -0.95 81 29.6
    endloop
  endfacet
  facet normal 0 0 -1
    outer loop
      vertex -1.32196 79.9042 29.6
      vertex -0.766616 79.4781 29.6
      vertex -0.982232 79.2322 29.6
    endloop
  endfacet
  facet normal 0 0 -1
    outer loop
      vertex -0.46165 80 29.6
      vertex -1.01133 80.5341 29.6
      vertex -0.965399 80.7651 29.6
    endloop
  endfacet
  facet normal 0 0 -1
    outer loop
      vertex -0.46165 80 29.6
      vertex -1.08702 80.3112 29.6
      vertex -1.01133 80.5341 29.6
    endloop
  endfacet
  facet normal 0 0 -1
    outer loop
      vertex -0.46165 80 29.6
      vertex -1.19115 80.1 29.6
      vertex -1.08702 80.3112 29.6
    endloop
  endfacet
  facet normal 0 0 -1
    outer loop
      vertex -1.47721 79.7272 29.6
      vertex -0.982232 79.2322 29.6
      vertex -1.2281 79.0166 29.6
    endloop
  endfacet
  facet normal 0 0 -1
    outer loop
      vertex -0.766616 79.4781 29.6
      vertex -1.32196 79.9042 29.6
      vertex -1.19115 80.1 29.6
    endloop
  endfacet
  facet normal 0 0 -1
    outer loop
      vertex -0.982232 79.2322 29.6
      vertex -1.47721 79.7272 29.6
      vertex -1.32196 79.9042 29.6
    endloop
  endfacet
  facet normal 0 0 -1
    outer loop
      vertex -1.65423 79.572 29.6
      vertex -1.2281 79.0166 29.6
      vertex -1.5 78.8349 29.6
    endloop
  endfacet
  facet normal 0 0 -1
    outer loop
      vertex -1.2281 79.0166 29.6
      vertex -1.65423 79.572 29.6
      vertex -1.47721 79.7272 29.6
    endloop
  endfacet
  facet normal 0 0 -1
    outer loop
      vertex -1.85 79.4412 29.6
      vertex -1.5 78.8349 29.6
      vertex -1.79329 78.6903 29.6
    endloop
  endfacet
  facet normal 0 0 -1
    outer loop
      vertex -1.5 78.8349 29.6
      vertex -1.85 79.4412 29.6
      vertex -1.65423 79.572 29.6
    endloop
  endfacet
  facet normal 0 0 -1
    outer loop
      vertex -1.79329 78.6903 29.6
      vertex -2.06117 79.337 29.6
      vertex -1.85 79.4412 29.6
    endloop
  endfacet
  facet normal 0 0 -1
    outer loop
      vertex -2.10295 78.5852 29.6
      vertex -2.06117 79.337 29.6
      vertex -1.79329 78.6903 29.6
    endloop
  endfacet
  facet normal 0 0 -1
    outer loop
      vertex -2.10295 78.5852 29.6
      vertex -2.28413 79.2613 29.6
      vertex -2.06117 79.337 29.6
    endloop
  endfacet
  facet normal 0 0 -1
    outer loop
      vertex -2.42368 78.5214 29.6
      vertex -2.28413 79.2613 29.6
      vertex -2.10295 78.5852 29.6
    endloop
  endfacet
  facet normal 0 0 -1
    outer loop
      vertex -2.42368 78.5214 29.6
      vertex -2.51505 79.2154 29.6
      vertex -2.28413 79.2613 29.6
    endloop
  endfacet
  facet normal 0 0 -1
    outer loop
      vertex -2.75 78.5 29.6
      vertex -2.51505 79.2154 29.6
      vertex -2.42368 78.5214 29.6
    endloop
  endfacet
  facet normal 0 0 -1
    outer loop
      vertex -2.75 78.5 29.6
      vertex -2.75 79.2 29.6
      vertex -2.51505 79.2154 29.6
    endloop
  endfacet
  facet normal 0 0 -1
    outer loop
      vertex -2.75 78.5 29.6
      vertex -2.98495 79.2154 29.6
      vertex -2.75 79.2 29.6
    endloop
  endfacet
  facet normal 0 0 -1
    outer loop
      vertex -3.07631 78.5214 29.6
      vertex -2.98495 79.2154 29.6
      vertex -2.75 78.5 29.6
    endloop
  endfacet
  facet normal 0 0 -1
    outer loop
      vertex -3.07631 78.5214 29.6
      vertex -3.21587 79.2613 29.6
      vertex -2.98495 79.2154 29.6
    endloop
  endfacet
  facet normal 0 0 -1
    outer loop
      vertex -3.39705 78.5852 29.6
      vertex -3.21587 79.2613 29.6
      vertex -3.07631 78.5214 29.6
    endloop
  endfacet
  facet normal 0 0 -1
    outer loop
      vertex -3.39705 78.5852 29.6
      vertex -3.43883 79.337 29.6
      vertex -3.21587 79.2613 29.6
    endloop
  endfacet
  facet normal 0 0 -1
    outer loop
      vertex -3.70671 78.6903 29.6
      vertex -3.43883 79.337 29.6
      vertex -3.39705 78.5852 29.6
    endloop
  endfacet
  facet normal -0 0 -1
    outer loop
      vertex -3.43883 79.337 29.6
      vertex -3.70671 78.6903 29.6
      vertex -3.65 79.4412 29.6
    endloop
  endfacet
  facet normal 0 0 -1
    outer loop
      vertex -4 78.8349 29.6
      vertex -3.65 79.4412 29.6
      vertex -3.70671 78.6903 29.6
    endloop
  endfacet
  facet normal -0 0 -1
    outer loop
      vertex -3.65 79.4412 29.6
      vertex -4 78.8349 29.6
      vertex -3.84577 79.572 29.6
    endloop
  endfacet
  facet normal 0 0 -1
    outer loop
      vertex -4.2719 79.0166 29.6
      vertex -3.84577 79.572 29.6
      vertex -4 78.8349 29.6
    endloop
  endfacet
  facet normal -0 0 -1
    outer loop
      vertex -3.84577 79.572 29.6
      vertex -4.2719 79.0166 29.6
      vertex -4.02279 79.7272 29.6
    endloop
  endfacet
  facet normal 0 0 -1
    outer loop
      vertex -4.51777 79.2322 29.6
      vertex -4.02279 79.7272 29.6
      vertex -4.2719 79.0166 29.6
    endloop
  endfacet
  facet normal -0 0 -1
    outer loop
      vertex -4.02279 79.7272 29.6
      vertex -4.51777 79.2322 29.6
      vertex -4.17804 79.9042 29.6
    endloop
  endfacet
  facet normal 0 0 -1
    outer loop
      vertex -4.73338 79.4781 29.6
      vertex -4.17804 79.9042 29.6
      vertex -4.51777 79.2322 29.6
    endloop
  endfacet
  facet normal -0 0 -1
    outer loop
      vertex -4.17804 79.9042 29.6
      vertex -4.73338 79.4781 29.6
      vertex -4.30885 80.1 29.6
    endloop
  endfacet
  facet normal 0 0 -1
    outer loop
      vertex -4.91506 79.75 29.6
      vertex -4.30885 80.1 29.6
      vertex -4.73338 79.4781 29.6
    endloop
  endfacet
  facet normal 0 0 -1
    outer loop
      vertex -5.03835 80 29.6
      vertex -4.30885 80.1 29.6
      vertex -4.91506 79.75 29.6
    endloop
  endfacet
  facet normal -0 0 -1
    outer loop
      vertex -4.30885 80.1 29.6
      vertex -5.03835 80 29.6
      vertex -4.41298 80.3112 29.6
    endloop
  endfacet
  facet normal -0 0 -1
    outer loop
      vertex -4.41298 80.3112 29.6
      vertex -5.03835 80 29.6
      vertex -4.48867 80.5341 29.6
    endloop
  endfacet
  facet normal 0 0 -1
    outer loop
      vertex -1.08702 81.6888 29.6
      vertex -0.46165 82 29.6
      vertex -1.01133 81.4659 29.6
    endloop
  endfacet
  facet normal 0 0 -1
    outer loop
      vertex -1.19115 81.9 29.6
      vertex -0.46165 82 29.6
      vertex -1.08702 81.6888 29.6
    endloop
  endfacet
  facet normal -0 0 -1
    outer loop
      vertex -0.46165 82 29.6
      vertex -1.19115 81.9 29.6
      vertex -0.584936 82.25 29.6
    endloop
  endfacet
  facet normal -0 0 -1
    outer loop
      vertex -0.584936 82.25 29.6
      vertex -1.19115 81.9 29.6
      vertex -0.766616 82.5219 29.6
    endloop
  endfacet
  facet normal 0 0 -1
    outer loop
      vertex -1.32196 82.0958 29.6
      vertex -0.766616 82.5219 29.6
      vertex -1.19115 81.9 29.6
    endloop
  endfacet
  facet normal -0 0 -1
    outer loop
      vertex -0.766616 82.5219 29.6
      vertex -1.32196 82.0958 29.6
      vertex -0.982232 82.7678 29.6
    endloop
  endfacet
  facet normal 0 0 -1
    outer loop
      vertex -1.47721 82.2728 29.6
      vertex -0.982232 82.7678 29.6
      vertex -1.32196 82.0958 29.6
    endloop
  endfacet
  facet normal -0 0 -1
    outer loop
      vertex -0.982232 82.7678 29.6
      vertex -1.47721 82.2728 29.6
      vertex -1.2281 82.9834 29.6
    endloop
  endfacet
  facet normal 0 0 -1
    outer loop
      vertex -1.65423 82.428 29.6
      vertex -1.2281 82.9834 29.6
      vertex -1.47721 82.2728 29.6
    endloop
  endfacet
  facet normal -0 0 -1
    outer loop
      vertex -1.2281 82.9834 29.6
      vertex -1.65423 82.428 29.6
      vertex -1.5 83.1651 29.6
    endloop
  endfacet
  facet normal 0 0 -1
    outer loop
      vertex -1.85 82.5588 29.6
      vertex -1.5 83.1651 29.6
      vertex -1.65423 82.428 29.6
    endloop
  endfacet
  facet normal -0 0 -1
    outer loop
      vertex -1.5 83.1651 29.6
      vertex -1.85 82.5588 29.6
      vertex -1.79329 83.3097 29.6
    endloop
  endfacet
  facet normal 0 0 -1
    outer loop
      vertex -2.06117 82.663 29.6
      vertex -1.79329 83.3097 29.6
      vertex -1.85 82.5588 29.6
    endloop
  endfacet
  facet normal 0 0 -1
    outer loop
      vertex -2.06117 82.663 29.6
      vertex -2.10295 83.4148 29.6
      vertex -1.79329 83.3097 29.6
    endloop
  endfacet
  facet normal 0 0 -1
    outer loop
      vertex -2.28413 82.7387 29.6
      vertex -2.10295 83.4148 29.6
      vertex -2.06117 82.663 29.6
    endloop
  endfacet
  facet normal 0 0 -1
    outer loop
      vertex -2.28413 82.7387 29.6
      vertex -2.42368 83.4786 29.6
      vertex -2.10295 83.4148 29.6
    endloop
  endfacet
  facet normal 0 0 -1
    outer loop
      vertex -2.51505 82.7846 29.6
      vertex -2.42368 83.4786 29.6
      vertex -2.28413 82.7387 29.6
    endloop
  endfacet
  facet normal 0 0 -1
    outer loop
      vertex -2.75 82.8 29.6
      vertex -2.42368 83.4786 29.6
      vertex -2.51505 82.7846 29.6
    endloop
  endfacet
  facet normal 0 0 -1
    outer loop
      vertex -2.75 82.8 29.6
      vertex -2.75 83.5 29.6
      vertex -2.42368 83.4786 29.6
    endloop
  endfacet
  facet normal 0 0 -1
    outer loop
      vertex -2.98495 82.7846 29.6
      vertex -2.75 83.5 29.6
      vertex -2.75 82.8 29.6
    endloop
  endfacet
  facet normal 0 0 -1
    outer loop
      vertex -2.98495 82.7846 29.6
      vertex -3.07631 83.4786 29.6
      vertex -2.75 83.5 29.6
    endloop
  endfacet
  facet normal 0 0 -1
    outer loop
      vertex -3.21587 82.7387 29.6
      vertex -3.07631 83.4786 29.6
      vertex -2.98495 82.7846 29.6
    endloop
  endfacet
  facet normal 0 0 -1
    outer loop
      vertex -3.21587 82.7387 29.6
      vertex -3.39705 83.4148 29.6
      vertex -3.07631 83.4786 29.6
    endloop
  endfacet
  facet normal 0 0 -1
    outer loop
      vertex -3.43883 82.663 29.6
      vertex -3.39705 83.4148 29.6
      vertex -3.21587 82.7387 29.6
    endloop
  endfacet
  facet normal 0 0 -1
    outer loop
      vertex -3.70671 83.3097 29.6
      vertex -3.43883 82.663 29.6
      vertex -3.65 82.5588 29.6
    endloop
  endfacet
  facet normal 0 0 -1
    outer loop
      vertex -3.43883 82.663 29.6
      vertex -3.70671 83.3097 29.6
      vertex -3.39705 83.4148 29.6
    endloop
  endfacet
  facet normal 0 0 -1
    outer loop
      vertex -4 83.1651 29.6
      vertex -3.65 82.5588 29.6
      vertex -3.84577 82.428 29.6
    endloop
  endfacet
  facet normal 0 0 -1
    outer loop
      vertex -3.65 82.5588 29.6
      vertex -4 83.1651 29.6
      vertex -3.70671 83.3097 29.6
    endloop
  endfacet
  facet normal 0 0 -1
    outer loop
      vertex -4.2719 82.9834 29.6
      vertex -3.84577 82.428 29.6
      vertex -4.02279 82.2728 29.6
    endloop
  endfacet
  facet normal 0 0 -1
    outer loop
      vertex -4.51777 82.7678 29.6
      vertex -4.02279 82.2728 29.6
      vertex -4.17804 82.0958 29.6
    endloop
  endfacet
  facet normal 0 0 -1
    outer loop
      vertex -3.84577 82.428 29.6
      vertex -4.2719 82.9834 29.6
      vertex -4 83.1651 29.6
    endloop
  endfacet
  facet normal 0 0 -1
    outer loop
      vertex -4.73338 82.5219 29.6
      vertex -4.17804 82.0958 29.6
      vertex -4.30885 81.9 29.6
    endloop
  endfacet
  facet normal 0 0 -1
    outer loop
      vertex -5.03835 82 29.6
      vertex -4.30885 81.9 29.6
      vertex -4.41298 81.6888 29.6
    endloop
  endfacet
  facet normal 0 0 -1
    outer loop
      vertex -5.03835 82 29.6
      vertex -4.41298 81.6888 29.6
      vertex -4.48867 81.4659 29.6
    endloop
  endfacet
  facet normal 0 0 -1
    outer loop
      vertex -4.02279 82.2728 29.6
      vertex -4.51777 82.7678 29.6
      vertex -4.2719 82.9834 29.6
    endloop
  endfacet
  facet normal 0 0 -1
    outer loop
      vertex -5.03835 82 29.6
      vertex -4.48867 81.4659 29.6
      vertex -4.5346 81.2349 29.6
    endloop
  endfacet
  facet normal 0 0 -1
    outer loop
      vertex -5.25 82 29.6
      vertex -4.5346 81.2349 29.6
      vertex -4.55 81 29.6
    endloop
  endfacet
  facet normal -0 0 -1
    outer loop
      vertex -4.48867 80.5341 29.6
      vertex -5.03835 80 29.6
      vertex -4.5346 80.7651 29.6
    endloop
  endfacet
  facet normal 0 0 -1
    outer loop
      vertex -4.17804 82.0958 29.6
      vertex -4.73338 82.5219 29.6
      vertex -4.51777 82.7678 29.6
    endloop
  endfacet
  facet normal 0 0 -1
    outer loop
      vertex -5.25 80 29.6
      vertex -4.5346 80.7651 29.6
      vertex -5.03835 80 29.6
    endloop
  endfacet
  facet normal 0 0 -1
    outer loop
      vertex -4.30885 81.9 29.6
      vertex -5.03835 82 29.6
      vertex -4.91506 82.25 29.6
    endloop
  endfacet
  facet normal 0 0 -1
    outer loop
      vertex -4.30885 81.9 29.6
      vertex -4.91506 82.25 29.6
      vertex -4.73338 82.5219 29.6
    endloop
  endfacet
  facet normal -0 0 -1
    outer loop
      vertex -4.5346 80.7651 29.6
      vertex -5.25 80 29.6
      vertex -4.55 81 29.6
    endloop
  endfacet
  facet normal 0 0 -1
    outer loop
      vertex -5.25 82 29.6
      vertex -4.55 81 29.6
      vertex -5.25 80 29.6
    endloop
  endfacet
  facet normal 0 0 -1
    outer loop
      vertex -4.5346 81.2349 29.6
      vertex -5.25 82 29.6
      vertex -5.03835 82 29.6
    endloop
  endfacet
  facet normal 0 0 -1
    outer loop
      vertex 54.0346 80.7651 29.6
      vertex 54.75 80 29.6
      vertex 54.5383 80 29.6
    endloop
  endfacet
  facet normal 0 0 -1
    outer loop
      vertex 54.75 80 29.6
      vertex 54.05 81 29.6
      vertex 54.75 82 29.6
    endloop
  endfacet
  facet normal 0 0 -1
    outer loop
      vertex 53.8088 80.1 29.6
      vertex 54.5383 80 29.6
      vertex 54.4151 79.75 29.6
    endloop
  endfacet
  facet normal 0 0 -1
    outer loop
      vertex 54.0346 81.2349 29.6
      vertex 54.75 82 29.6
      vertex 54.05 81 29.6
    endloop
  endfacet
  facet normal 0 0 -1
    outer loop
      vertex 53.8088 80.1 29.6
      vertex 54.4151 79.75 29.6
      vertex 54.2334 79.4781 29.6
    endloop
  endfacet
  facet normal -0 0 -1
    outer loop
      vertex 54.75 82 29.6
      vertex 54.0346 81.2349 29.6
      vertex 54.5383 82 29.6
    endloop
  endfacet
  facet normal 0 0 -1
    outer loop
      vertex 53.9887 81.4659 29.6
      vertex 54.5383 82 29.6
      vertex 54.0346 81.2349 29.6
    endloop
  endfacet
  facet normal 0 0 -1
    outer loop
      vertex 54.75 80 29.6
      vertex 54.0346 80.7651 29.6
      vertex 54.05 81 29.6
    endloop
  endfacet
  facet normal 0 0 -1
    outer loop
      vertex 53.678 79.9042 29.6
      vertex 54.2334 79.4781 29.6
      vertex 54.0178 79.2322 29.6
    endloop
  endfacet
  facet normal 0 0 -1
    outer loop
      vertex 54.5383 80 29.6
      vertex 53.9887 80.5341 29.6
      vertex 54.0346 80.7651 29.6
    endloop
  endfacet
  facet normal 0 0 -1
    outer loop
      vertex 54.5383 80 29.6
      vertex 53.913 80.3112 29.6
      vertex 53.9887 80.5341 29.6
    endloop
  endfacet
  facet normal 0 0 -1
    outer loop
      vertex 54.5383 80 29.6
      vertex 53.8088 80.1 29.6
      vertex 53.913 80.3112 29.6
    endloop
  endfacet
  facet normal 0 0 -1
    outer loop
      vertex 53.5228 79.7272 29.6
      vertex 54.0178 79.2322 29.6
      vertex 53.7719 79.0166 29.6
    endloop
  endfacet
  facet normal 0 0 -1
    outer loop
      vertex 54.2334 79.4781 29.6
      vertex 53.678 79.9042 29.6
      vertex 53.8088 80.1 29.6
    endloop
  endfacet
  facet normal 0 0 -1
    outer loop
      vertex 54.0178 79.2322 29.6
      vertex 53.5228 79.7272 29.6
      vertex 53.678 79.9042 29.6
    endloop
  endfacet
  facet normal 0 0 -1
    outer loop
      vertex 53.3458 79.572 29.6
      vertex 53.7719 79.0166 29.6
      vertex 53.5 78.8349 29.6
    endloop
  endfacet
  facet normal 0 0 -1
    outer loop
      vertex 53.7719 79.0166 29.6
      vertex 53.3458 79.572 29.6
      vertex 53.5228 79.7272 29.6
    endloop
  endfacet
  facet normal 0 0 -1
    outer loop
      vertex 53.15 79.4412 29.6
      vertex 53.5 78.8349 29.6
      vertex 53.2067 78.6903 29.6
    endloop
  endfacet
  facet normal 0 0 -1
    outer loop
      vertex 53.5 78.8349 29.6
      vertex 53.15 79.4412 29.6
      vertex 53.3458 79.572 29.6
    endloop
  endfacet
  facet normal 0 0 -1
    outer loop
      vertex 53.2067 78.6903 29.6
      vertex 52.9388 79.337 29.6
      vertex 53.15 79.4412 29.6
    endloop
  endfacet
  facet normal 0 0 -1
    outer loop
      vertex 52.897 78.5852 29.6
      vertex 52.9388 79.337 29.6
      vertex 53.2067 78.6903 29.6
    endloop
  endfacet
  facet normal 0 0 -1
    outer loop
      vertex 52.897 78.5852 29.6
      vertex 52.7159 79.2613 29.6
      vertex 52.9388 79.337 29.6
    endloop
  endfacet
  facet normal 0 0 -1
    outer loop
      vertex 52.5763 78.5214 29.6
      vertex 52.7159 79.2613 29.6
      vertex 52.897 78.5852 29.6
    endloop
  endfacet
  facet normal 0 0 -1
    outer loop
      vertex 52.5763 78.5214 29.6
      vertex 52.4849 79.2154 29.6
      vertex 52.7159 79.2613 29.6
    endloop
  endfacet
  facet normal 0 0 -1
    outer loop
      vertex 52.25 78.5 29.6
      vertex 52.4849 79.2154 29.6
      vertex 52.5763 78.5214 29.6
    endloop
  endfacet
  facet normal 0 0 -1
    outer loop
      vertex 52.25 78.5 29.6
      vertex 52.25 79.2 29.6
      vertex 52.4849 79.2154 29.6
    endloop
  endfacet
  facet normal 0 0 -1
    outer loop
      vertex 52.25 78.5 29.6
      vertex 52.0151 79.2154 29.6
      vertex 52.25 79.2 29.6
    endloop
  endfacet
  facet normal 0 0 -1
    outer loop
      vertex 51.9237 78.5214 29.6
      vertex 52.0151 79.2154 29.6
      vertex 52.25 78.5 29.6
    endloop
  endfacet
  facet normal 0 0 -1
    outer loop
      vertex 51.9237 78.5214 29.6
      vertex 51.7841 79.2613 29.6
      vertex 52.0151 79.2154 29.6
    endloop
  endfacet
  facet normal 0 0 -1
    outer loop
      vertex 51.603 78.5852 29.6
      vertex 51.7841 79.2613 29.6
      vertex 51.9237 78.5214 29.6
    endloop
  endfacet
  facet normal 0 0 -1
    outer loop
      vertex 51.603 78.5852 29.6
      vertex 51.5612 79.337 29.6
      vertex 51.7841 79.2613 29.6
    endloop
  endfacet
  facet normal 0 0 -1
    outer loop
      vertex 51.2933 78.6903 29.6
      vertex 51.5612 79.337 29.6
      vertex 51.603 78.5852 29.6
    endloop
  endfacet
  facet normal -0 0 -1
    outer loop
      vertex 51.5612 79.337 29.6
      vertex 51.2933 78.6903 29.6
      vertex 51.35 79.4412 29.6
    endloop
  endfacet
  facet normal 0 0 -1
    outer loop
      vertex 51 78.8349 29.6
      vertex 51.35 79.4412 29.6
      vertex 51.2933 78.6903 29.6
    endloop
  endfacet
  facet normal -0 0 -1
    outer loop
      vertex 51.35 79.4412 29.6
      vertex 51 78.8349 29.6
      vertex 51.1542 79.572 29.6
    endloop
  endfacet
  facet normal 0 0 -1
    outer loop
      vertex 50.7281 79.0166 29.6
      vertex 51.1542 79.572 29.6
      vertex 51 78.8349 29.6
    endloop
  endfacet
  facet normal -0 0 -1
    outer loop
      vertex 51.1542 79.572 29.6
      vertex 50.7281 79.0166 29.6
      vertex 50.9772 79.7272 29.6
    endloop
  endfacet
  facet normal 0 0 -1
    outer loop
      vertex 50.4822 79.2322 29.6
      vertex 50.9772 79.7272 29.6
      vertex 50.7281 79.0166 29.6
    endloop
  endfacet
  facet normal -0 0 -1
    outer loop
      vertex 50.9772 79.7272 29.6
      vertex 50.4822 79.2322 29.6
      vertex 50.822 79.9042 29.6
    endloop
  endfacet
  facet normal 0 0 -1
    outer loop
      vertex 50.2666 79.4781 29.6
      vertex 50.822 79.9042 29.6
      vertex 50.4822 79.2322 29.6
    endloop
  endfacet
  facet normal -0 0 -1
    outer loop
      vertex 50.822 79.9042 29.6
      vertex 50.2666 79.4781 29.6
      vertex 50.6912 80.1 29.6
    endloop
  endfacet
  facet normal 0 0 -1
    outer loop
      vertex 50.0849 79.75 29.6
      vertex 50.6912 80.1 29.6
      vertex 50.2666 79.4781 29.6
    endloop
  endfacet
  facet normal 0 0 -1
    outer loop
      vertex 49.9617 80 29.6
      vertex 50.6912 80.1 29.6
      vertex 50.0849 79.75 29.6
    endloop
  endfacet
  facet normal -0 0 -1
    outer loop
      vertex 50.6912 80.1 29.6
      vertex 49.9617 80 29.6
      vertex 50.587 80.3112 29.6
    endloop
  endfacet
  facet normal -0 0 -1
    outer loop
      vertex 50.587 80.3112 29.6
      vertex 49.9617 80 29.6
      vertex 50.5113 80.5341 29.6
    endloop
  endfacet
  facet normal 0 0 -1
    outer loop
      vertex 53.913 81.6888 29.6
      vertex 54.5383 82 29.6
      vertex 53.9887 81.4659 29.6
    endloop
  endfacet
  facet normal 0 0 -1
    outer loop
      vertex 53.8088 81.9 29.6
      vertex 54.5383 82 29.6
      vertex 53.913 81.6888 29.6
    endloop
  endfacet
  facet normal -0 0 -1
    outer loop
      vertex 54.5383 82 29.6
      vertex 53.8088 81.9 29.6
      vertex 54.4151 82.25 29.6
    endloop
  endfacet
  facet normal -0 0 -1
    outer loop
      vertex 54.4151 82.25 29.6
      vertex 53.8088 81.9 29.6
      vertex 54.2334 82.5219 29.6
    endloop
  endfacet
  facet normal 0 0 -1
    outer loop
      vertex 53.678 82.0958 29.6
      vertex 54.2334 82.5219 29.6
      vertex 53.8088 81.9 29.6
    endloop
  endfacet
  facet normal -0 0 -1
    outer loop
      vertex 54.2334 82.5219 29.6
      vertex 53.678 82.0958 29.6
      vertex 54.0178 82.7678 29.6
    endloop
  endfacet
  facet normal 0 0 -1
    outer loop
      vertex 53.5228 82.2728 29.6
      vertex 54.0178 82.7678 29.6
      vertex 53.678 82.0958 29.6
    endloop
  endfacet
  facet normal -0 0 -1
    outer loop
      vertex 54.0178 82.7678 29.6
      vertex 53.5228 82.2728 29.6
      vertex 53.7719 82.9834 29.6
    endloop
  endfacet
  facet normal 0 0 -1
    outer loop
      vertex 53.3458 82.428 29.6
      vertex 53.7719 82.9834 29.6
      vertex 53.5228 82.2728 29.6
    endloop
  endfacet
  facet normal -0 0 -1
    outer loop
      vertex 53.7719 82.9834 29.6
      vertex 53.3458 82.428 29.6
      vertex 53.5 83.1651 29.6
    endloop
  endfacet
  facet normal 0 0 -1
    outer loop
      vertex 53.15 82.5588 29.6
      vertex 53.5 83.1651 29.6
      vertex 53.3458 82.428 29.6
    endloop
  endfacet
  facet normal -0 0 -1
    outer loop
      vertex 53.5 83.1651 29.6
      vertex 53.15 82.5588 29.6
      vertex 53.2067 83.3097 29.6
    endloop
  endfacet
  facet normal 0 0 -1
    outer loop
      vertex 52.9388 82.663 29.6
      vertex 53.2067 83.3097 29.6
      vertex 53.15 82.5588 29.6
    endloop
  endfacet
  facet normal 0 0 -1
    outer loop
      vertex 52.9388 82.663 29.6
      vertex 52.897 83.4148 29.6
      vertex 53.2067 83.3097 29.6
    endloop
  endfacet
  facet normal 0 0 -1
    outer loop
      vertex 52.7159 82.7387 29.6
      vertex 52.897 83.4148 29.6
      vertex 52.9388 82.663 29.6
    endloop
  endfacet
  facet normal 0 0 -1
    outer loop
      vertex 52.7159 82.7387 29.6
      vertex 52.5763 83.4786 29.6
      vertex 52.897 83.4148 29.6
    endloop
  endfacet
  facet normal 0 0 -1
    outer loop
      vertex 52.4849 82.7846 29.6
      vertex 52.5763 83.4786 29.6
      vertex 52.7159 82.7387 29.6
    endloop
  endfacet
  facet normal 0 0 -1
    outer loop
      vertex 52.25 82.8 29.6
      vertex 52.5763 83.4786 29.6
      vertex 52.4849 82.7846 29.6
    endloop
  endfacet
  facet normal 0 0 -1
    outer loop
      vertex 52.25 82.8 29.6
      vertex 52.25 83.5 29.6
      vertex 52.5763 83.4786 29.6
    endloop
  endfacet
  facet normal 0 0 -1
    outer loop
      vertex 52.0151 82.7846 29.6
      vertex 52.25 83.5 29.6
      vertex 52.25 82.8 29.6
    endloop
  endfacet
  facet normal 0 0 -1
    outer loop
      vertex 52.0151 82.7846 29.6
      vertex 51.9237 83.4786 29.6
      vertex 52.25 83.5 29.6
    endloop
  endfacet
  facet normal 0 0 -1
    outer loop
      vertex 51.7841 82.7387 29.6
      vertex 51.9237 83.4786 29.6
      vertex 52.0151 82.7846 29.6
    endloop
  endfacet
  facet normal 0 0 -1
    outer loop
      vertex 51.7841 82.7387 29.6
      vertex 51.603 83.4148 29.6
      vertex 51.9237 83.4786 29.6
    endloop
  endfacet
  facet normal 0 0 -1
    outer loop
      vertex 51.5612 82.663 29.6
      vertex 51.603 83.4148 29.6
      vertex 51.7841 82.7387 29.6
    endloop
  endfacet
  facet normal 0 0 -1
    outer loop
      vertex 51.2933 83.3097 29.6
      vertex 51.5612 82.663 29.6
      vertex 51.35 82.5588 29.6
    endloop
  endfacet
  facet normal 0 0 -1
    outer loop
      vertex 51.5612 82.663 29.6
      vertex 51.2933 83.3097 29.6
      vertex 51.603 83.4148 29.6
    endloop
  endfacet
  facet normal 0 0 -1
    outer loop
      vertex 51 83.1651 29.6
      vertex 51.35 82.5588 29.6
      vertex 51.1542 82.428 29.6
    endloop
  endfacet
  facet normal 0 0 -1
    outer loop
      vertex 51.35 82.5588 29.6
      vertex 51 83.1651 29.6
      vertex 51.2933 83.3097 29.6
    endloop
  endfacet
  facet normal 0 0 -1
    outer loop
      vertex 50.7281 82.9834 29.6
      vertex 51.1542 82.428 29.6
      vertex 50.9772 82.2728 29.6
    endloop
  endfacet
  facet normal 0 0 -1
    outer loop
      vertex 50.4822 82.7678 29.6
      vertex 50.9772 82.2728 29.6
      vertex 50.822 82.0958 29.6
    endloop
  endfacet
  facet normal 0 0 -1
    outer loop
      vertex 51.1542 82.428 29.6
      vertex 50.7281 82.9834 29.6
      vertex 51 83.1651 29.6
    endloop
  endfacet
  facet normal 0 0 -1
    outer loop
      vertex 50.2666 82.5219 29.6
      vertex 50.822 82.0958 29.6
      vertex 50.6912 81.9 29.6
    endloop
  endfacet
  facet normal 0 0 -1
    outer loop
      vertex 49.9617 82 29.6
      vertex 50.6912 81.9 29.6
      vertex 50.587 81.6888 29.6
    endloop
  endfacet
  facet normal 0 0 -1
    outer loop
      vertex 49.9617 82 29.6
      vertex 50.587 81.6888 29.6
      vertex 50.5113 81.4659 29.6
    endloop
  endfacet
  facet normal 0 0 -1
    outer loop
      vertex 50.9772 82.2728 29.6
      vertex 50.4822 82.7678 29.6
      vertex 50.7281 82.9834 29.6
    endloop
  endfacet
  facet normal 0 0 -1
    outer loop
      vertex 49.9617 82 29.6
      vertex 50.5113 81.4659 29.6
      vertex 50.4654 81.2349 29.6
    endloop
  endfacet
  facet normal 0 0 -1
    outer loop
      vertex 49.9617 82 29.6
      vertex 50.4654 81.2349 29.6
      vertex 50.45 81 29.6
    endloop
  endfacet
  facet normal -0 0 -1
    outer loop
      vertex 50.5113 80.5341 29.6
      vertex 49.9617 80 29.6
      vertex 50.4654 80.7651 29.6
    endloop
  endfacet
  facet normal 0 0 -1
    outer loop
      vertex 50.822 82.0958 29.6
      vertex 50.2666 82.5219 29.6
      vertex 50.4822 82.7678 29.6
    endloop
  endfacet
  facet normal -0 0 -1
    outer loop
      vertex 50.4654 80.7651 29.6
      vertex 49.9617 80 29.6
      vertex 50.45 81 29.6
    endloop
  endfacet
  facet normal 0 0 -1
    outer loop
      vertex 49.9617 82 29.6
      vertex 50.45 81 29.6
      vertex 49.9617 80 29.6
    endloop
  endfacet
  facet normal 0 0 -1
    outer loop
      vertex 50.6912 81.9 29.6
      vertex 49.9617 82 29.6
      vertex 50.0849 82.25 29.6
    endloop
  endfacet
  facet normal 0 0 -1
    outer loop
      vertex 50.6912 81.9 29.6
      vertex 50.0849 82.25 29.6
      vertex 50.2666 82.5219 29.6
    endloop
  endfacet
  facet normal 0 0 -1
    outer loop
      vertex 38.25 80 29.6
      vertex 49.9617 82 29.6
      vertex 49.9617 80 29.6
    endloop
  endfacet
  facet normal -0 0 -1
    outer loop
      vertex 49.9617 82 29.6
      vertex 38.25 80 29.6
      vertex 38.25 82 29.6
    endloop
  endfacet
  facet normal 0.195099 -0.980784 0
    outer loop
      vertex -2.42368 78.5214 29.6
      vertex -2.10295 78.5852 30.6
      vertex -2.42368 78.5214 30.6
    endloop
  endfacet
  facet normal 0.195099 -0.980784 0
    outer loop
      vertex -2.10295 78.5852 30.6
      vertex -2.42368 78.5214 29.6
      vertex -2.10295 78.5852 29.6
    endloop
  endfacet
  facet normal 0.321397 0.946944 -0
    outer loop
      vertex -1.79329 83.3097 29.6
      vertex -2.10295 83.4148 30.6
      vertex -1.79329 83.3097 30.6
    endloop
  endfacet
  facet normal 0.321397 0.946944 0
    outer loop
      vertex -2.10295 83.4148 30.6
      vertex -1.79329 83.3097 29.6
      vertex -2.10295 83.4148 29.6
    endloop
  endfacet
  facet normal 0.195099 0.980784 -0
    outer loop
      vertex -2.10295 83.4148 29.6
      vertex -2.42368 83.4786 30.6
      vertex -2.10295 83.4148 30.6
    endloop
  endfacet
  facet normal 0.195099 0.980784 0
    outer loop
      vertex -2.42368 83.4786 30.6
      vertex -2.10295 83.4148 29.6
      vertex -2.42368 83.4786 29.6
    endloop
  endfacet
  facet normal 0.751889 -0.65929 0
    outer loop
      vertex -0.982232 79.2322 30.6
      vertex -0.766616 79.4781 29.6
      vertex -0.766616 79.4781 30.6
    endloop
  endfacet
  facet normal 0.751889 -0.65929 0
    outer loop
      vertex -0.766616 79.4781 29.6
      vertex -0.982232 79.2322 30.6
      vertex -0.982232 79.2322 29.6
    endloop
  endfacet
  facet normal -0.321397 -0.946944 0
    outer loop
      vertex -3.70671 78.6903 29.6
      vertex -3.39705 78.5852 30.6
      vertex -3.70671 78.6903 30.6
    endloop
  endfacet
  facet normal -0.321397 -0.946944 -0
    outer loop
      vertex -3.39705 78.5852 30.6
      vertex -3.70671 78.6903 29.6
      vertex -3.39705 78.5852 29.6
    endloop
  endfacet
  facet normal 0.442204 -0.896915 0
    outer loop
      vertex -1.79329 78.6903 29.6
      vertex -1.5 78.8349 30.6
      vertex -1.79329 78.6903 30.6
    endloop
  endfacet
  facet normal 0.442204 -0.896915 0
    outer loop
      vertex -1.5 78.8349 30.6
      vertex -1.79329 78.6903 29.6
      vertex -1.5 78.8349 29.6
    endloop
  endfacet
  facet normal 0.555617 0.831438 -0
    outer loop
      vertex -1.2281 82.9834 29.6
      vertex -1.5 83.1651 30.6
      vertex -1.2281 82.9834 30.6
    endloop
  endfacet
  facet normal 0.555617 0.831438 0
    outer loop
      vertex -1.5 83.1651 30.6
      vertex -1.2281 82.9834 29.6
      vertex -1.5 83.1651 29.6
    endloop
  endfacet
  facet normal -0.751898 0.659279 0
    outer loop
      vertex -4.73338 82.5219 29.6
      vertex -4.51777 82.7678 30.6
      vertex -4.51777 82.7678 29.6
    endloop
  endfacet
  facet normal -0.751898 0.659279 0
    outer loop
      vertex -4.51777 82.7678 30.6
      vertex -4.73338 82.5219 29.6
      vertex -4.73338 82.5219 30.6
    endloop
  endfacet
  facet normal -0.555617 0.831438 0
    outer loop
      vertex -4 83.1651 29.6
      vertex -4.2719 82.9834 30.6
      vertex -4 83.1651 30.6
    endloop
  endfacet
  facet normal -0.555617 0.831438 0
    outer loop
      vertex -4.2719 82.9834 30.6
      vertex -4 83.1651 29.6
      vertex -4.2719 82.9834 29.6
    endloop
  endfacet
  facet normal -0.195093 0.980785 0
    outer loop
      vertex -3.07631 83.4786 29.6
      vertex -3.39705 83.4148 30.6
      vertex -3.07631 83.4786 30.6
    endloop
  endfacet
  facet normal -0.195093 0.980785 0
    outer loop
      vertex -3.39705 83.4148 30.6
      vertex -3.07631 83.4786 29.6
      vertex -3.39705 83.4148 29.6
    endloop
  endfacet
  facet normal 0.555617 -0.831438 0
    outer loop
      vertex -1.5 78.8349 29.6
      vertex -1.2281 79.0166 30.6
      vertex -1.5 78.8349 30.6
    endloop
  endfacet
  facet normal 0.555617 -0.831438 0
    outer loop
      vertex -1.2281 79.0166 30.6
      vertex -1.5 78.8349 29.6
      vertex -1.2281 79.0166 29.6
    endloop
  endfacet
  facet normal 0.831466 -0.555575 0
    outer loop
      vertex -0.766616 79.4781 30.6
      vertex -0.584936 79.75 29.6
      vertex -0.584936 79.75 30.6
    endloop
  endfacet
  facet normal 0.831466 -0.555575 0
    outer loop
      vertex -0.584936 79.75 29.6
      vertex -0.766616 79.4781 30.6
      vertex -0.766616 79.4781 29.6
    endloop
  endfacet
  facet normal -0.751898 -0.659279 0
    outer loop
      vertex -4.51777 79.2322 29.6
      vertex -4.73338 79.4781 30.6
      vertex -4.73338 79.4781 29.6
    endloop
  endfacet
  facet normal -0.751898 -0.659279 0
    outer loop
      vertex -4.73338 79.4781 30.6
      vertex -4.51777 79.2322 29.6
      vertex -4.51777 79.2322 30.6
    endloop
  endfacet
  facet normal -0.896868 -0.442299 0
    outer loop
      vertex -4.91506 79.75 29.6
      vertex -5.03835 80 30.6
      vertex -5.03835 80 29.6
    endloop
  endfacet
  facet normal -0.896868 -0.442299 0
    outer loop
      vertex -5.03835 80 30.6
      vertex -4.91506 79.75 29.6
      vertex -4.91506 79.75 30.6
    endloop
  endfacet
  facet normal 0.321397 -0.946944 0
    outer loop
      vertex -2.10295 78.5852 29.6
      vertex -1.79329 78.6903 30.6
      vertex -2.10295 78.5852 30.6
    endloop
  endfacet
  facet normal 0.321397 -0.946944 0
    outer loop
      vertex -1.79329 78.6903 30.6
      vertex -2.10295 78.5852 29.6
      vertex -1.79329 78.6903 29.6
    endloop
  endfacet
  facet normal 0.65931 -0.751871 0
    outer loop
      vertex -1.2281 79.0166 29.6
      vertex -0.982232 79.2322 30.6
      vertex -1.2281 79.0166 30.6
    endloop
  endfacet
  facet normal 0.65931 -0.751871 0
    outer loop
      vertex -0.982232 79.2322 30.6
      vertex -1.2281 79.0166 29.6
      vertex -0.982232 79.2322 29.6
    endloop
  endfacet
  facet normal 0.896873 -0.442288 0
    outer loop
      vertex -0.584936 79.75 30.6
      vertex -0.46165 80 29.6
      vertex -0.46165 80 30.6
    endloop
  endfacet
  facet normal 0.896873 -0.442288 0
    outer loop
      vertex -0.46165 80 29.6
      vertex -0.584936 79.75 30.6
      vertex -0.584936 79.75 29.6
    endloop
  endfacet
  facet normal -0.0654412 -0.997856 0
    outer loop
      vertex -3.07631 78.5214 29.6
      vertex -2.75 78.5 30.6
      vertex -3.07631 78.5214 30.6
    endloop
  endfacet
  facet normal -0.0654412 -0.997856 -0
    outer loop
      vertex -2.75 78.5 30.6
      vertex -3.07631 78.5214 29.6
      vertex -2.75 78.5 29.6
    endloop
  endfacet
  facet normal -0.442204 -0.896915 0
    outer loop
      vertex -4 78.8349 29.6
      vertex -3.70671 78.6903 30.6
      vertex -4 78.8349 30.6
    endloop
  endfacet
  facet normal -0.442204 -0.896915 -0
    outer loop
      vertex -3.70671 78.6903 30.6
      vertex -4 78.8349 29.6
      vertex -3.70671 78.6903 29.6
    endloop
  endfacet
  facet normal -0.195093 -0.980785 0
    outer loop
      vertex -3.39705 78.5852 29.6
      vertex -3.07631 78.5214 30.6
      vertex -3.39705 78.5852 30.6
    endloop
  endfacet
  facet normal -0.195093 -0.980785 -0
    outer loop
      vertex -3.07631 78.5214 30.6
      vertex -3.39705 78.5852 29.6
      vertex -3.07631 78.5214 29.6
    endloop
  endfacet
  facet normal -0.831466 -0.555575 0
    outer loop
      vertex -4.73338 79.4781 29.6
      vertex -4.91506 79.75 30.6
      vertex -4.91506 79.75 29.6
    endloop
  endfacet
  facet normal -0.831466 -0.555575 0
    outer loop
      vertex -4.91506 79.75 30.6
      vertex -4.73338 79.4781 29.6
      vertex -4.73338 79.4781 30.6
    endloop
  endfacet
  facet normal -0.555617 -0.831438 0
    outer loop
      vertex -4.2719 79.0166 29.6
      vertex -4 78.8349 30.6
      vertex -4.2719 79.0166 30.6
    endloop
  endfacet
  facet normal -0.555617 -0.831438 -0
    outer loop
      vertex -4 78.8349 30.6
      vertex -4.2719 79.0166 29.6
      vertex -4 78.8349 29.6
    endloop
  endfacet
  facet normal -0.659307 -0.751873 0
    outer loop
      vertex -4.51777 79.2322 29.6
      vertex -4.2719 79.0166 30.6
      vertex -4.51777 79.2322 30.6
    endloop
  endfacet
  facet normal -0.659307 -0.751873 -0
    outer loop
      vertex -4.2719 79.0166 30.6
      vertex -4.51777 79.2322 29.6
      vertex -4.2719 79.0166 29.6
    endloop
  endfacet
  facet normal 0.555543 0.831488 -0
    outer loop
      vertex -1.65423 82.428 26
      vertex -1.85 82.5588 29.6
      vertex -1.65423 82.428 29.6
    endloop
  endfacet
  facet normal 0.555543 0.831488 0
    outer loop
      vertex -1.85 82.5588 29.6
      vertex -1.65423 82.428 26
      vertex -1.85 82.5588 26
    endloop
  endfacet
  facet normal -0.980801 0.195014 0
    outer loop
      vertex -4.5346 81.2349 26
      vertex -4.48867 81.4659 29.6
      vertex -4.48867 81.4659 26
    endloop
  endfacet
  facet normal -0.980801 0.195014 0
    outer loop
      vertex -4.48867 81.4659 29.6
      vertex -4.5346 81.2349 26
      vertex -4.5346 81.2349 29.6
    endloop
  endfacet
  facet normal 0.9808 -0.195018 0
    outer loop
      vertex -1.01133 80.5341 29.6
      vertex -0.965399 80.7651 26
      vertex -0.965399 80.7651 29.6
    endloop
  endfacet
  facet normal 0.9808 -0.195018 0
    outer loop
      vertex -0.965399 80.7651 26
      vertex -1.01133 80.5341 29.6
      vertex -1.01133 80.5341 26
    endloop
  endfacet
  facet normal -0.194956 -0.980812 0
    outer loop
      vertex -3.21587 79.2613 26
      vertex -2.98495 79.2154 29.6
      vertex -3.21587 79.2613 29.6
    endloop
  endfacet
  facet normal -0.194956 -0.980812 -0
    outer loop
      vertex -2.98495 79.2154 29.6
      vertex -3.21587 79.2613 26
      vertex -2.98495 79.2154 26
    endloop
  endfacet
  facet normal -0.442502 0.896767 0
    outer loop
      vertex -3.43883 82.663 26
      vertex -3.65 82.5588 29.6
      vertex -3.43883 82.663 29.6
    endloop
  endfacet
  facet normal -0.442502 0.896767 0
    outer loop
      vertex -3.65 82.5588 29.6
      vertex -3.43883 82.663 26
      vertex -3.65 82.5588 26
    endloop
  endfacet
  facet normal -0.946897 0.321537 0
    outer loop
      vertex -4.48867 81.4659 26
      vertex -4.41298 81.6888 29.6
      vertex -4.41298 81.6888 26
    endloop
  endfacet
  facet normal -0.946897 0.321537 0
    outer loop
      vertex -4.41298 81.6888 29.6
      vertex -4.48867 81.4659 26
      vertex -4.48867 81.4659 29.6
    endloop
  endfacet
  facet normal 0.751787 -0.659406 0
    outer loop
      vertex -1.47721 79.7272 29.6
      vertex -1.32196 79.9042 26
      vertex -1.32196 79.9042 29.6
    endloop
  endfacet
  facet normal 0.751787 -0.659406 0
    outer loop
      vertex -1.32196 79.9042 26
      vertex -1.47721 79.7272 29.6
      vertex -1.47721 79.7272 26
    endloop
  endfacet
  facet normal 0.997858 -0.0654151 0
    outer loop
      vertex -0.965399 80.7651 29.6
      vertex -0.95 81 26
      vertex -0.95 81 29.6
    endloop
  endfacet
  facet normal 0.997858 -0.0654151 0
    outer loop
      vertex -0.95 81 26
      vertex -0.965399 80.7651 29.6
      vertex -0.965399 80.7651 26
    endloop
  endfacet
  facet normal 0.89691 0.442212 0
    outer loop
      vertex -1.08702 81.6888 29.6
      vertex -1.19115 81.9 26
      vertex -1.19115 81.9 29.6
    endloop
  endfacet
  facet normal 0.89691 0.442212 0
    outer loop
      vertex -1.19115 81.9 26
      vertex -1.08702 81.6888 29.6
      vertex -1.08702 81.6888 26
    endloop
  endfacet
  facet normal 0.831508 0.555513 0
    outer loop
      vertex -1.19115 81.9 29.6
      vertex -1.32196 82.0958 26
      vertex -1.32196 82.0958 29.6
    endloop
  endfacet
  facet normal 0.831508 0.555513 0
    outer loop
      vertex -1.32196 82.0958 26
      vertex -1.19115 81.9 29.6
      vertex -1.19115 81.9 26
    endloop
  endfacet
  facet normal 0.659244 0.751929 -0
    outer loop
      vertex -1.47721 82.2728 26
      vertex -1.65423 82.428 29.6
      vertex -1.47721 82.2728 29.6
    endloop
  endfacet
  facet normal 0.659244 0.751929 0
    outer loop
      vertex -1.65423 82.428 29.6
      vertex -1.47721 82.2728 26
      vertex -1.65423 82.428 26
    endloop
  endfacet
  facet normal 0.321498 0.94691 -0
    outer loop
      vertex -2.06117 82.663 26
      vertex -2.28413 82.7387 29.6
      vertex -2.06117 82.663 29.6
    endloop
  endfacet
  facet normal 0.321498 0.94691 0
    outer loop
      vertex -2.28413 82.7387 29.6
      vertex -2.06117 82.663 26
      vertex -2.28413 82.7387 26
    endloop
  endfacet
  facet normal 0.194956 0.980812 -0
    outer loop
      vertex -2.28413 82.7387 26
      vertex -2.51505 82.7846 29.6
      vertex -2.28413 82.7387 29.6
    endloop
  endfacet
  facet normal 0.194956 0.980812 0
    outer loop
      vertex -2.51505 82.7846 29.6
      vertex -2.28413 82.7387 26
      vertex -2.51505 82.7846 26
    endloop
  endfacet
  facet normal 0 0 -1
    outer loop
      vertex -1.55 81 26
      vertex -0.95 81 26
      vertex -0.965399 80.7651 26
    endloop
  endfacet
  facet normal 0 0 -1
    outer loop
      vertex -1.56027 80.8434 26
      vertex -0.965399 80.7651 26
      vertex -1.01133 80.5341 26
    endloop
  endfacet
  facet normal 0 0 -1
    outer loop
      vertex -0.95 81 26
      vertex -1.55 81 26
      vertex -0.965399 81.2349 26
    endloop
  endfacet
  facet normal 0 0 -1
    outer loop
      vertex -1.59089 80.6894 26
      vertex -1.01133 80.5341 26
      vertex -1.08702 80.3112 26
    endloop
  endfacet
  facet normal 0 0 -1
    outer loop
      vertex -1.56027 81.1566 26
      vertex -0.965399 81.2349 26
      vertex -1.55 81 26
    endloop
  endfacet
  facet normal 0 0 -1
    outer loop
      vertex -1.64134 80.5408 26
      vertex -1.08702 80.3112 26
      vertex -1.19115 80.1 26
    endloop
  endfacet
  facet normal -0 0 -1
    outer loop
      vertex -0.965399 81.2349 26
      vertex -1.56027 81.1566 26
      vertex -1.01133 81.4659 26
    endloop
  endfacet
  facet normal 0 0 -1
    outer loop
      vertex -1.71077 80.4 26
      vertex -1.19115 80.1 26
      vertex -1.32196 79.9042 26
    endloop
  endfacet
  facet normal 0 0 -1
    outer loop
      vertex -1.59089 81.3106 26
      vertex -1.01133 81.4659 26
      vertex -1.56027 81.1566 26
    endloop
  endfacet
  facet normal 0 0 -1
    outer loop
      vertex -1.79798 80.2695 26
      vertex -1.32196 79.9042 26
      vertex -1.47721 79.7272 26
    endloop
  endfacet
  facet normal -0 0 -1
    outer loop
      vertex -1.01133 81.4659 26
      vertex -1.59089 81.3106 26
      vertex -1.08702 81.6888 26
    endloop
  endfacet
  facet normal 0 0 -1
    outer loop
      vertex -1.64134 81.4592 26
      vertex -1.08702 81.6888 26
      vertex -1.59089 81.3106 26
    endloop
  endfacet
  facet normal 0 0 -1
    outer loop
      vertex -0.965399 80.7651 26
      vertex -1.56027 80.8434 26
      vertex -1.55 81 26
    endloop
  endfacet
  facet normal 0 0 -1
    outer loop
      vertex -1.01133 80.5341 26
      vertex -1.59089 80.6894 26
      vertex -1.56027 80.8434 26
    endloop
  endfacet
  facet normal 0 0 -1
    outer loop
      vertex -1.08702 80.3112 26
      vertex -1.64134 80.5408 26
      vertex -1.59089 80.6894 26
    endloop
  endfacet
  facet normal 0 0 -1
    outer loop
      vertex -1.90147 80.1515 26
      vertex -1.47721 79.7272 26
      vertex -1.65423 79.572 26
    endloop
  endfacet
  facet normal 0 0 -1
    outer loop
      vertex -1.19115 80.1 26
      vertex -1.71077 80.4 26
      vertex -1.64134 80.5408 26
    endloop
  endfacet
  facet normal 0 0 -1
    outer loop
      vertex -1.32196 79.9042 26
      vertex -1.79798 80.2695 26
      vertex -1.71077 80.4 26
    endloop
  endfacet
  facet normal 0 0 -1
    outer loop
      vertex -2.01949 80.048 26
      vertex -1.65423 79.572 26
      vertex -1.85 79.4412 26
    endloop
  endfacet
  facet normal 0 0 -1
    outer loop
      vertex -1.47721 79.7272 26
      vertex -1.90147 80.1515 26
      vertex -1.79798 80.2695 26
    endloop
  endfacet
  facet normal 0 0 -1
    outer loop
      vertex -1.65423 79.572 26
      vertex -2.01949 80.048 26
      vertex -1.90147 80.1515 26
    endloop
  endfacet
  facet normal 0 0 -1
    outer loop
      vertex -2.15 79.9608 26
      vertex -1.85 79.4412 26
      vertex -2.06117 79.337 26
    endloop
  endfacet
  facet normal 0 0 -1
    outer loop
      vertex -1.85 79.4412 26
      vertex -2.15 79.9608 26
      vertex -2.01949 80.048 26
    endloop
  endfacet
  facet normal 0 0 -1
    outer loop
      vertex -2.29078 79.8913 26
      vertex -2.06117 79.337 26
      vertex -2.28413 79.2613 26
    endloop
  endfacet
  facet normal 0 0 -1
    outer loop
      vertex -2.06117 79.337 26
      vertex -2.29078 79.8913 26
      vertex -2.15 79.9608 26
    endloop
  endfacet
  facet normal 0 0 -1
    outer loop
      vertex -2.28413 79.2613 26
      vertex -2.43942 79.8409 26
      vertex -2.29078 79.8913 26
    endloop
  endfacet
  facet normal 0 0 -1
    outer loop
      vertex -2.51505 79.2154 26
      vertex -2.43942 79.8409 26
      vertex -2.28413 79.2613 26
    endloop
  endfacet
  facet normal 0 0 -1
    outer loop
      vertex -2.51505 79.2154 26
      vertex -2.59337 79.8103 26
      vertex -2.43942 79.8409 26
    endloop
  endfacet
  facet normal 0 0 -1
    outer loop
      vertex -2.75 79.2 26
      vertex -2.59337 79.8103 26
      vertex -2.51505 79.2154 26
    endloop
  endfacet
  facet normal 0 0 -1
    outer loop
      vertex -2.75 79.2 26
      vertex -2.75 79.8 26
      vertex -2.59337 79.8103 26
    endloop
  endfacet
  facet normal 0 0 -1
    outer loop
      vertex -2.75 79.2 26
      vertex -2.90663 79.8103 26
      vertex -2.75 79.8 26
    endloop
  endfacet
  facet normal 0 0 -1
    outer loop
      vertex -2.98495 79.2154 26
      vertex -2.90663 79.8103 26
      vertex -2.75 79.2 26
    endloop
  endfacet
  facet normal 0 0 -1
    outer loop
      vertex -2.98495 79.2154 26
      vertex -3.06058 79.8409 26
      vertex -2.90663 79.8103 26
    endloop
  endfacet
  facet normal 0 0 -1
    outer loop
      vertex -3.21587 79.2613 26
      vertex -3.06058 79.8409 26
      vertex -2.98495 79.2154 26
    endloop
  endfacet
  facet normal -0 0 -1
    outer loop
      vertex -3.06058 79.8409 26
      vertex -3.21587 79.2613 26
      vertex -3.20922 79.8913 26
    endloop
  endfacet
  facet normal 0 0 -1
    outer loop
      vertex -3.43883 79.337 26
      vertex -3.20922 79.8913 26
      vertex -3.21587 79.2613 26
    endloop
  endfacet
  facet normal -0 0 -1
    outer loop
      vertex -3.20922 79.8913 26
      vertex -3.43883 79.337 26
      vertex -3.35 79.9608 26
    endloop
  endfacet
  facet normal 0 0 -1
    outer loop
      vertex -3.65 79.4412 26
      vertex -3.35 79.9608 26
      vertex -3.43883 79.337 26
    endloop
  endfacet
  facet normal -0 0 -1
    outer loop
      vertex -3.35 79.9608 26
      vertex -3.65 79.4412 26
      vertex -3.48051 80.048 26
    endloop
  endfacet
  facet normal 0 0 -1
    outer loop
      vertex -3.84577 79.572 26
      vertex -3.48051 80.048 26
      vertex -3.65 79.4412 26
    endloop
  endfacet
  facet normal -0 0 -1
    outer loop
      vertex -3.48051 80.048 26
      vertex -3.84577 79.572 26
      vertex -3.59853 80.1515 26
    endloop
  endfacet
  facet normal 0 0 -1
    outer loop
      vertex -4.02279 79.7272 26
      vertex -3.59853 80.1515 26
      vertex -3.84577 79.572 26
    endloop
  endfacet
  facet normal -0 0 -1
    outer loop
      vertex -3.59853 80.1515 26
      vertex -4.02279 79.7272 26
      vertex -3.70202 80.2695 26
    endloop
  endfacet
  facet normal 0 0 -1
    outer loop
      vertex -4.17804 79.9042 26
      vertex -3.70202 80.2695 26
      vertex -4.02279 79.7272 26
    endloop
  endfacet
  facet normal -0 0 -1
    outer loop
      vertex -3.70202 80.2695 26
      vertex -4.17804 79.9042 26
      vertex -3.78923 80.4 26
    endloop
  endfacet
  facet normal 0 0 -1
    outer loop
      vertex -4.30885 80.1 26
      vertex -3.78923 80.4 26
      vertex -4.17804 79.9042 26
    endloop
  endfacet
  facet normal 0 0 -1
    outer loop
      vertex -4.41298 80.3112 26
      vertex -3.85865 80.5408 26
      vertex -4.30885 80.1 26
    endloop
  endfacet
  facet normal -0 0 -1
    outer loop
      vertex -3.78923 80.4 26
      vertex -4.30885 80.1 26
      vertex -3.85865 80.5408 26
    endloop
  endfacet
  facet normal -0 0 -1
    outer loop
      vertex -1.08702 81.6888 26
      vertex -1.64134 81.4592 26
      vertex -1.19115 81.9 26
    endloop
  endfacet
  facet normal 0 0 -1
    outer loop
      vertex -1.71077 81.6 26
      vertex -1.19115 81.9 26
      vertex -1.64134 81.4592 26
    endloop
  endfacet
  facet normal -0 0 -1
    outer loop
      vertex -1.19115 81.9 26
      vertex -1.71077 81.6 26
      vertex -1.32196 82.0958 26
    endloop
  endfacet
  facet normal 0 0 -1
    outer loop
      vertex -1.79798 81.7305 26
      vertex -1.32196 82.0958 26
      vertex -1.71077 81.6 26
    endloop
  endfacet
  facet normal -0 0 -1
    outer loop
      vertex -1.32196 82.0958 26
      vertex -1.79798 81.7305 26
      vertex -1.47721 82.2728 26
    endloop
  endfacet
  facet normal 0 0 -1
    outer loop
      vertex -1.90147 81.8485 26
      vertex -1.47721 82.2728 26
      vertex -1.79798 81.7305 26
    endloop
  endfacet
  facet normal -0 0 -1
    outer loop
      vertex -1.47721 82.2728 26
      vertex -1.90147 81.8485 26
      vertex -1.65423 82.428 26
    endloop
  endfacet
  facet normal 0 0 -1
    outer loop
      vertex -2.01949 81.952 26
      vertex -1.65423 82.428 26
      vertex -1.90147 81.8485 26
    endloop
  endfacet
  facet normal -0 0 -1
    outer loop
      vertex -1.65423 82.428 26
      vertex -2.01949 81.952 26
      vertex -1.85 82.5588 26
    endloop
  endfacet
  facet normal 0 0 -1
    outer loop
      vertex -2.15 82.0392 26
      vertex -1.85 82.5588 26
      vertex -2.01949 81.952 26
    endloop
  endfacet
  facet normal -0 0 -1
    outer loop
      vertex -1.85 82.5588 26
      vertex -2.15 82.0392 26
      vertex -2.06117 82.663 26
    endloop
  endfacet
  facet normal 0 0 -1
    outer loop
      vertex -2.29078 82.1087 26
      vertex -2.06117 82.663 26
      vertex -2.15 82.0392 26
    endloop
  endfacet
  facet normal -0 0 -1
    outer loop
      vertex -2.06117 82.663 26
      vertex -2.29078 82.1087 26
      vertex -2.28413 82.7387 26
    endloop
  endfacet
  facet normal 0 0 -1
    outer loop
      vertex -2.43942 82.1591 26
      vertex -2.28413 82.7387 26
      vertex -2.29078 82.1087 26
    endloop
  endfacet
  facet normal 0 0 -1
    outer loop
      vertex -2.43942 82.1591 26
      vertex -2.51505 82.7846 26
      vertex -2.28413 82.7387 26
    endloop
  endfacet
  facet normal 0 0 -1
    outer loop
      vertex -2.59337 82.1897 26
      vertex -2.51505 82.7846 26
      vertex -2.43942 82.1591 26
    endloop
  endfacet
  facet normal 0 0 -1
    outer loop
      vertex -2.75 82.2 26
      vertex -2.51505 82.7846 26
      vertex -2.59337 82.1897 26
    endloop
  endfacet
  facet normal 0 0 -1
    outer loop
      vertex -2.75 82.2 26
      vertex -2.75 82.8 26
      vertex -2.51505 82.7846 26
    endloop
  endfacet
  facet normal 0 0 -1
    outer loop
      vertex -2.90663 82.1897 26
      vertex -2.75 82.8 26
      vertex -2.75 82.2 26
    endloop
  endfacet
  facet normal 0 0 -1
    outer loop
      vertex -2.90663 82.1897 26
      vertex -2.98495 82.7846 26
      vertex -2.75 82.8 26
    endloop
  endfacet
  facet normal 0 0 -1
    outer loop
      vertex -3.06058 82.1591 26
      vertex -2.98495 82.7846 26
      vertex -2.90663 82.1897 26
    endloop
  endfacet
  facet normal 0 0 -1
    outer loop
      vertex -3.21587 82.7387 26
      vertex -3.06058 82.1591 26
      vertex -3.20922 82.1087 26
    endloop
  endfacet
  facet normal 0 0 -1
    outer loop
      vertex -3.06058 82.1591 26
      vertex -3.21587 82.7387 26
      vertex -2.98495 82.7846 26
    endloop
  endfacet
  facet normal 0 0 -1
    outer loop
      vertex -3.43883 82.663 26
      vertex -3.20922 82.1087 26
      vertex -3.35 82.0392 26
    endloop
  endfacet
  facet normal 0 0 -1
    outer loop
      vertex -3.20922 82.1087 26
      vertex -3.43883 82.663 26
      vertex -3.21587 82.7387 26
    endloop
  endfacet
  facet normal 0 0 -1
    outer loop
      vertex -3.65 82.5588 26
      vertex -3.35 82.0392 26
      vertex -3.48051 81.952 26
    endloop
  endfacet
  facet normal 0 0 -1
    outer loop
      vertex -3.84577 82.428 26
      vertex -3.48051 81.952 26
      vertex -3.59853 81.8485 26
    endloop
  endfacet
  facet normal 0 0 -1
    outer loop
      vertex -3.35 82.0392 26
      vertex -3.65 82.5588 26
      vertex -3.43883 82.663 26
    endloop
  endfacet
  facet normal 0 0 -1
    outer loop
      vertex -4.02279 82.2728 26
      vertex -3.59853 81.8485 26
      vertex -3.70202 81.7305 26
    endloop
  endfacet
  facet normal 0 0 -1
    outer loop
      vertex -4.17804 82.0958 26
      vertex -3.70202 81.7305 26
      vertex -3.78923 81.6 26
    endloop
  endfacet
  facet normal 0 0 -1
    outer loop
      vertex -3.48051 81.952 26
      vertex -3.84577 82.428 26
      vertex -3.65 82.5588 26
    endloop
  endfacet
  facet normal 0 0 -1
    outer loop
      vertex -4.30885 81.9 26
      vertex -3.78923 81.6 26
      vertex -3.85865 81.4592 26
    endloop
  endfacet
  facet normal 0 0 -1
    outer loop
      vertex -4.41298 81.6888 26
      vertex -3.85865 81.4592 26
      vertex -3.90911 81.3106 26
    endloop
  endfacet
  facet normal 0 0 -1
    outer loop
      vertex -4.48867 81.4659 26
      vertex -3.90911 81.3106 26
      vertex -3.93973 81.1566 26
    endloop
  endfacet
  facet normal 0 0 -1
    outer loop
      vertex -3.59853 81.8485 26
      vertex -4.02279 82.2728 26
      vertex -3.84577 82.428 26
    endloop
  endfacet
  facet normal 0 0 -1
    outer loop
      vertex -4.5346 81.2349 26
      vertex -3.93973 81.1566 26
      vertex -3.95 81 26
    endloop
  endfacet
  facet normal -0 0 -1
    outer loop
      vertex -3.85865 80.5408 26
      vertex -4.41298 80.3112 26
      vertex -3.90911 80.6894 26
    endloop
  endfacet
  facet normal 0 0 -1
    outer loop
      vertex -4.48867 80.5341 26
      vertex -3.90911 80.6894 26
      vertex -4.41298 80.3112 26
    endloop
  endfacet
  facet normal 0 0 -1
    outer loop
      vertex -3.70202 81.7305 26
      vertex -4.17804 82.0958 26
      vertex -4.02279 82.2728 26
    endloop
  endfacet
  facet normal -0 0 -1
    outer loop
      vertex -3.90911 80.6894 26
      vertex -4.48867 80.5341 26
      vertex -3.93973 80.8434 26
    endloop
  endfacet
  facet normal 0 0 -1
    outer loop
      vertex -3.78923 81.6 26
      vertex -4.30885 81.9 26
      vertex -4.17804 82.0958 26
    endloop
  endfacet
  facet normal 0 0 -1
    outer loop
      vertex -4.5346 80.7651 26
      vertex -3.93973 80.8434 26
      vertex -4.48867 80.5341 26
    endloop
  endfacet
  facet normal 0 0 -1
    outer loop
      vertex -3.85865 81.4592 26
      vertex -4.41298 81.6888 26
      vertex -4.30885 81.9 26
    endloop
  endfacet
  facet normal -0 0 -1
    outer loop
      vertex -3.93973 80.8434 26
      vertex -4.5346 80.7651 26
      vertex -3.95 81 26
    endloop
  endfacet
  facet normal 0 0 -1
    outer loop
      vertex -3.90911 81.3106 26
      vertex -4.48867 81.4659 26
      vertex -4.41298 81.6888 26
    endloop
  endfacet
  facet normal 0 0 -1
    outer loop
      vertex -4.55 81 26
      vertex -3.95 81 26
      vertex -4.5346 80.7651 26
    endloop
  endfacet
  facet normal 0 0 -1
    outer loop
      vertex -3.93973 81.1566 26
      vertex -4.5346 81.2349 26
      vertex -4.48867 81.4659 26
    endloop
  endfacet
  facet normal 0 0 -1
    outer loop
      vertex -3.95 81 26
      vertex -4.55 81 26
      vertex -4.5346 81.2349 26
    endloop
  endfacet
  facet normal -0.831508 0.555513 0
    outer loop
      vertex -4.30885 81.9 26
      vertex -4.17804 82.0958 29.6
      vertex -4.17804 82.0958 26
    endloop
  endfacet
  facet normal -0.831508 0.555513 0
    outer loop
      vertex -4.17804 82.0958 29.6
      vertex -4.30885 81.9 26
      vertex -4.30885 81.9 29.6
    endloop
  endfacet
  facet normal -0.321498 0.94691 0
    outer loop
      vertex -3.21587 82.7387 26
      vertex -3.43883 82.663 29.6
      vertex -3.21587 82.7387 29.6
    endloop
  endfacet
  facet normal -0.321498 0.94691 0
    outer loop
      vertex -3.43883 82.663 29.6
      vertex -3.21587 82.7387 26
      vertex -3.43883 82.663 26
    endloop
  endfacet
  facet normal -0.751787 0.659406 0
    outer loop
      vertex -4.17804 82.0958 26
      vertex -4.02279 82.2728 29.6
      vertex -4.02279 82.2728 26
    endloop
  endfacet
  facet normal -0.751787 0.659406 0
    outer loop
      vertex -4.02279 82.2728 29.6
      vertex -4.17804 82.0958 26
      vertex -4.17804 82.0958 29.6
    endloop
  endfacet
  facet normal 0.946897 -0.321537 0
    outer loop
      vertex -1.08702 80.3112 29.6
      vertex -1.01133 80.5341 26
      vertex -1.01133 80.5341 29.6
    endloop
  endfacet
  facet normal 0.946897 -0.321537 0
    outer loop
      vertex -1.01133 80.5341 26
      vertex -1.08702 80.3112 29.6
      vertex -1.08702 80.3112 26
    endloop
  endfacet
  facet normal 0.442502 -0.896767 0
    outer loop
      vertex -2.06117 79.337 26
      vertex -1.85 79.4412 29.6
      vertex -2.06117 79.337 29.6
    endloop
  endfacet
  facet normal 0.442502 -0.896767 0
    outer loop
      vertex -1.85 79.4412 29.6
      vertex -2.06117 79.337 26
      vertex -1.85 79.4412 26
    endloop
  endfacet
  facet normal -0.0654055 -0.997859 0
    outer loop
      vertex -2.98495 79.2154 26
      vertex -2.75 79.2 29.6
      vertex -2.98495 79.2154 29.6
    endloop
  endfacet
  facet normal -0.0654055 -0.997859 -0
    outer loop
      vertex -2.75 79.2 29.6
      vertex -2.98495 79.2154 26
      vertex -2.75 79.2 26
    endloop
  endfacet
  facet normal -0.555543 -0.831488 0
    outer loop
      vertex -3.84577 79.572 26
      vertex -3.65 79.4412 29.6
      vertex -3.84577 79.572 29.6
    endloop
  endfacet
  facet normal -0.555543 -0.831488 -0
    outer loop
      vertex -3.65 79.4412 29.6
      vertex -3.84577 79.572 26
      vertex -3.65 79.4412 26
    endloop
  endfacet
  facet normal -0.659244 -0.751929 0
    outer loop
      vertex -4.02279 79.7272 26
      vertex -3.84577 79.572 29.6
      vertex -4.02279 79.7272 29.6
    endloop
  endfacet
  facet normal -0.659244 -0.751929 -0
    outer loop
      vertex -3.84577 79.572 29.6
      vertex -4.02279 79.7272 26
      vertex -3.84577 79.572 26
    endloop
  endfacet
  facet normal 0.9808 0.195018 0
    outer loop
      vertex -0.965399 81.2349 29.6
      vertex -1.01133 81.4659 26
      vertex -1.01133 81.4659 29.6
    endloop
  endfacet
  facet normal 0.9808 0.195018 0
    outer loop
      vertex -1.01133 81.4659 26
      vertex -0.965399 81.2349 29.6
      vertex -0.965399 81.2349 26
    endloop
  endfacet
  facet normal 0.946897 0.321537 0
    outer loop
      vertex -1.01133 81.4659 29.6
      vertex -1.08702 81.6888 26
      vertex -1.08702 81.6888 29.6
    endloop
  endfacet
  facet normal 0.946897 0.321537 0
    outer loop
      vertex -1.08702 81.6888 26
      vertex -1.01133 81.4659 29.6
      vertex -1.01133 81.4659 26
    endloop
  endfacet
  facet normal 0.751787 0.659406 0
    outer loop
      vertex -1.32196 82.0958 29.6
      vertex -1.47721 82.2728 26
      vertex -1.47721 82.2728 29.6
    endloop
  endfacet
  facet normal 0.751787 0.659406 0
    outer loop
      vertex -1.47721 82.2728 26
      vertex -1.32196 82.0958 29.6
      vertex -1.32196 82.0958 26
    endloop
  endfacet
  facet normal -0.0654055 0.997859 0
    outer loop
      vertex -2.75 82.8 26
      vertex -2.98495 82.7846 29.6
      vertex -2.75 82.8 29.6
    endloop
  endfacet
  facet normal -0.0654055 0.997859 0
    outer loop
      vertex -2.98495 82.7846 29.6
      vertex -2.75 82.8 26
      vertex -2.98495 82.7846 26
    endloop
  endfacet
  facet normal 0.442502 0.896767 -0
    outer loop
      vertex -1.85 82.5588 26
      vertex -2.06117 82.663 29.6
      vertex -1.85 82.5588 29.6
    endloop
  endfacet
  facet normal 0.442502 0.896767 0
    outer loop
      vertex -2.06117 82.663 29.6
      vertex -1.85 82.5588 26
      vertex -2.06117 82.663 26
    endloop
  endfacet
  facet normal -0.997858 -0.0654194 0
    outer loop
      vertex -4.5346 80.7651 26
      vertex -4.55 81 29.6
      vertex -4.55 81 26
    endloop
  endfacet
  facet normal -0.997858 -0.0654194 0
    outer loop
      vertex -4.55 81 29.6
      vertex -4.5346 80.7651 26
      vertex -4.5346 80.7651 29.6
    endloop
  endfacet
  facet normal -0.89691 0.442212 0
    outer loop
      vertex -4.41298 81.6888 26
      vertex -4.30885 81.9 29.6
      vertex -4.30885 81.9 26
    endloop
  endfacet
  facet normal -0.89691 0.442212 0
    outer loop
      vertex -4.30885 81.9 29.6
      vertex -4.41298 81.6888 26
      vertex -4.41298 81.6888 29.6
    endloop
  endfacet
  facet normal -0.194956 0.980812 0
    outer loop
      vertex -2.98495 82.7846 26
      vertex -3.21587 82.7387 29.6
      vertex -2.98495 82.7846 29.6
    endloop
  endfacet
  facet normal -0.194956 0.980812 0
    outer loop
      vertex -3.21587 82.7387 29.6
      vertex -2.98495 82.7846 26
      vertex -3.21587 82.7387 26
    endloop
  endfacet
  facet normal -0.659244 0.751929 0
    outer loop
      vertex -3.84577 82.428 26
      vertex -4.02279 82.2728 29.6
      vertex -3.84577 82.428 29.6
    endloop
  endfacet
  facet normal -0.659244 0.751929 0
    outer loop
      vertex -4.02279 82.2728 29.6
      vertex -3.84577 82.428 26
      vertex -4.02279 82.2728 26
    endloop
  endfacet
  facet normal -0.555543 0.831488 0
    outer loop
      vertex -3.65 82.5588 26
      vertex -3.84577 82.428 29.6
      vertex -3.65 82.5588 29.6
    endloop
  endfacet
  facet normal -0.555543 0.831488 0
    outer loop
      vertex -3.84577 82.428 29.6
      vertex -3.65 82.5588 26
      vertex -3.84577 82.428 26
    endloop
  endfacet
  facet normal 0.997858 0.0654151 0
    outer loop
      vertex -0.95 81 29.6
      vertex -0.965399 81.2349 26
      vertex -0.965399 81.2349 29.6
    endloop
  endfacet
  facet normal 0.997858 0.0654151 0
    outer loop
      vertex -0.965399 81.2349 26
      vertex -0.95 81 29.6
      vertex -0.95 81 26
    endloop
  endfacet
  facet normal 0.194956 -0.980812 0
    outer loop
      vertex -2.51505 79.2154 26
      vertex -2.28413 79.2613 29.6
      vertex -2.51505 79.2154 29.6
    endloop
  endfacet
  facet normal 0.194956 -0.980812 0
    outer loop
      vertex -2.28413 79.2613 29.6
      vertex -2.51505 79.2154 26
      vertex -2.28413 79.2613 26
    endloop
  endfacet
  facet normal 0.831508 -0.555513 0
    outer loop
      vertex -1.32196 79.9042 29.6
      vertex -1.19115 80.1 26
      vertex -1.19115 80.1 29.6
    endloop
  endfacet
  facet normal 0.831508 -0.555513 0
    outer loop
      vertex -1.19115 80.1 26
      vertex -1.32196 79.9042 29.6
      vertex -1.32196 79.9042 26
    endloop
  endfacet
  facet normal 0.89691 -0.442212 0
    outer loop
      vertex -1.19115 80.1 29.6
      vertex -1.08702 80.3112 26
      vertex -1.08702 80.3112 29.6
    endloop
  endfacet
  facet normal 0.89691 -0.442212 0
    outer loop
      vertex -1.08702 80.3112 26
      vertex -1.19115 80.1 29.6
      vertex -1.19115 80.1 26
    endloop
  endfacet
  facet normal 0.321498 -0.94691 0
    outer loop
      vertex -2.28413 79.2613 26
      vertex -2.06117 79.337 29.6
      vertex -2.28413 79.2613 29.6
    endloop
  endfacet
  facet normal 0.321498 -0.94691 0
    outer loop
      vertex -2.06117 79.337 29.6
      vertex -2.28413 79.2613 26
      vertex -2.06117 79.337 26
    endloop
  endfacet
  facet normal 0.555543 -0.831488 0
    outer loop
      vertex -1.85 79.4412 26
      vertex -1.65423 79.572 29.6
      vertex -1.85 79.4412 29.6
    endloop
  endfacet
  facet normal 0.555543 -0.831488 0
    outer loop
      vertex -1.65423 79.572 29.6
      vertex -1.85 79.4412 26
      vertex -1.65423 79.572 26
    endloop
  endfacet
  facet normal 0.0654055 -0.997859 0
    outer loop
      vertex -2.75 79.2 26
      vertex -2.51505 79.2154 29.6
      vertex -2.75 79.2 29.6
    endloop
  endfacet
  facet normal 0.0654055 -0.997859 0
    outer loop
      vertex -2.51505 79.2154 29.6
      vertex -2.75 79.2 26
      vertex -2.51505 79.2154 26
    endloop
  endfacet
  facet normal -0.442502 -0.896767 0
    outer loop
      vertex -3.65 79.4412 26
      vertex -3.43883 79.337 29.6
      vertex -3.65 79.4412 29.6
    endloop
  endfacet
  facet normal -0.442502 -0.896767 -0
    outer loop
      vertex -3.43883 79.337 29.6
      vertex -3.65 79.4412 26
      vertex -3.43883 79.337 26
    endloop
  endfacet
  facet normal -0.89691 -0.442212 0
    outer loop
      vertex -4.30885 80.1 26
      vertex -4.41298 80.3112 29.6
      vertex -4.41298 80.3112 26
    endloop
  endfacet
  facet normal -0.89691 -0.442212 0
    outer loop
      vertex -4.41298 80.3112 29.6
      vertex -4.30885 80.1 26
      vertex -4.30885 80.1 29.6
    endloop
  endfacet
  facet normal -0.980801 -0.195014 0
    outer loop
      vertex -4.48867 80.5341 26
      vertex -4.5346 80.7651 29.6
      vertex -4.5346 80.7651 26
    endloop
  endfacet
  facet normal -0.980801 -0.195014 0
    outer loop
      vertex -4.5346 80.7651 29.6
      vertex -4.48867 80.5341 26
      vertex -4.48867 80.5341 29.6
    endloop
  endfacet
  facet normal -0.831508 -0.555513 0
    outer loop
      vertex -4.17804 79.9042 26
      vertex -4.30885 80.1 29.6
      vertex -4.30885 80.1 26
    endloop
  endfacet
  facet normal -0.831508 -0.555513 0
    outer loop
      vertex -4.30885 80.1 29.6
      vertex -4.17804 79.9042 26
      vertex -4.17804 79.9042 29.6
    endloop
  endfacet
  facet normal 0.0654055 0.997859 -0
    outer loop
      vertex -2.51505 82.7846 26
      vertex -2.75 82.8 29.6
      vertex -2.51505 82.7846 29.6
    endloop
  endfacet
  facet normal 0.0654055 0.997859 0
    outer loop
      vertex -2.75 82.8 29.6
      vertex -2.51505 82.7846 26
      vertex -2.75 82.8 26
    endloop
  endfacet
  facet normal -0.997858 0.0654194 0
    outer loop
      vertex -4.55 81 26
      vertex -4.5346 81.2349 29.6
      vertex -4.5346 81.2349 26
    endloop
  endfacet
  facet normal -0.997858 0.0654194 0
    outer loop
      vertex -4.5346 81.2349 29.6
      vertex -4.55 81 26
      vertex -4.55 81 29.6
    endloop
  endfacet
  facet normal 0.659244 -0.751929 0
    outer loop
      vertex -1.65423 79.572 26
      vertex -1.47721 79.7272 29.6
      vertex -1.65423 79.572 29.6
    endloop
  endfacet
  facet normal 0.659244 -0.751929 0
    outer loop
      vertex -1.47721 79.7272 29.6
      vertex -1.65423 79.572 26
      vertex -1.47721 79.7272 26
    endloop
  endfacet
  facet normal -0.321498 -0.94691 0
    outer loop
      vertex -3.43883 79.337 26
      vertex -3.21587 79.2613 29.6
      vertex -3.43883 79.337 29.6
    endloop
  endfacet
  facet normal -0.321498 -0.94691 -0
    outer loop
      vertex -3.21587 79.2613 29.6
      vertex -3.43883 79.337 26
      vertex -3.21587 79.2613 26
    endloop
  endfacet
  facet normal -0.946897 -0.321537 0
    outer loop
      vertex -4.41298 80.3112 26
      vertex -4.48867 80.5341 29.6
      vertex -4.48867 80.5341 26
    endloop
  endfacet
  facet normal -0.946897 -0.321537 0
    outer loop
      vertex -4.48867 80.5341 29.6
      vertex -4.41298 80.3112 26
      vertex -4.41298 80.3112 29.6
    endloop
  endfacet
  facet normal -0.751787 -0.659406 0
    outer loop
      vertex -4.02279 79.7272 26
      vertex -4.17804 79.9042 29.6
      vertex -4.17804 79.9042 26
    endloop
  endfacet
  facet normal -0.751787 -0.659406 0
    outer loop
      vertex -4.17804 79.9042 29.6
      vertex -4.02279 79.7272 26
      vertex -4.02279 79.7272 29.6
    endloop
  endfacet
  facet normal 0.555617 0.831438 -0
    outer loop
      vertex 53.7719 82.9834 29.6
      vertex 53.5 83.1651 30.6
      vertex 53.7719 82.9834 30.6
    endloop
  endfacet
  facet normal 0.555617 0.831438 0
    outer loop
      vertex 53.5 83.1651 30.6
      vertex 53.7719 82.9834 29.6
      vertex 53.5 83.1651 29.6
    endloop
  endfacet
  facet normal -0.195116 -0.98078 0
    outer loop
      vertex 51.603 78.5852 29.6
      vertex 51.9237 78.5214 30.6
      vertex 51.603 78.5852 30.6
    endloop
  endfacet
  facet normal -0.195116 -0.98078 -0
    outer loop
      vertex 51.9237 78.5214 30.6
      vertex 51.603 78.5852 29.6
      vertex 51.9237 78.5214 29.6
    endloop
  endfacet
  facet normal -0.442191 0.896921 0
    outer loop
      vertex 51.2933 83.3097 29.6
      vertex 51 83.1651 30.6
      vertex 51.2933 83.3097 30.6
    endloop
  endfacet
  facet normal -0.442191 0.896921 0
    outer loop
      vertex 51 83.1651 30.6
      vertex 51.2933 83.3097 29.6
      vertex 51 83.1651 29.6
    endloop
  endfacet
  facet normal 0.896996 0.442039 0
    outer loop
      vertex 54.5383 82 30.6
      vertex 54.4151 82.25 29.6
      vertex 54.4151 82.25 30.6
    endloop
  endfacet
  facet normal 0.896996 0.442039 0
    outer loop
      vertex 54.4151 82.25 29.6
      vertex 54.5383 82 30.6
      vertex 54.5383 82 29.6
    endloop
  endfacet
  facet normal 0.831438 0.555617 0
    outer loop
      vertex 54.4151 82.25 30.6
      vertex 54.2334 82.5219 29.6
      vertex 54.2334 82.5219 30.6
    endloop
  endfacet
  facet normal 0.831438 0.555617 0
    outer loop
      vertex 54.2334 82.5219 29.6
      vertex 54.4151 82.25 30.6
      vertex 54.4151 82.25 29.6
    endloop
  endfacet
  facet normal 0.659262 0.751913 -0
    outer loop
      vertex 54.0178 82.7678 29.6
      vertex 53.7719 82.9834 30.6
      vertex 54.0178 82.7678 30.6
    endloop
  endfacet
  facet normal 0.659262 0.751913 0
    outer loop
      vertex 53.7719 82.9834 30.6
      vertex 54.0178 82.7678 29.6
      vertex 53.7719 82.9834 29.6
    endloop
  endfacet
  facet normal 0.32136 0.946957 -0
    outer loop
      vertex 53.2067 83.3097 29.6
      vertex 52.897 83.4148 30.6
      vertex 53.2067 83.3097 30.6
    endloop
  endfacet
  facet normal 0.32136 0.946957 0
    outer loop
      vertex 52.897 83.4148 30.6
      vertex 53.2067 83.3097 29.6
      vertex 52.897 83.4148 29.6
    endloop
  endfacet
  facet normal -0.0654432 0.997856 0
    outer loop
      vertex 52.25 83.5 29.6
      vertex 51.9237 83.4786 30.6
      vertex 52.25 83.5 30.6
    endloop
  endfacet
  facet normal -0.0654432 0.997856 0
    outer loop
      vertex 51.9237 83.4786 30.6
      vertex 52.25 83.5 29.6
      vertex 51.9237 83.4786 29.6
    endloop
  endfacet
  facet normal -0.831438 0.555617 0
    outer loop
      vertex 50.0849 82.25 29.6
      vertex 50.2666 82.5219 30.6
      vertex 50.2666 82.5219 29.6
    endloop
  endfacet
  facet normal -0.831438 0.555617 0
    outer loop
      vertex 50.2666 82.5219 30.6
      vertex 50.0849 82.25 29.6
      vertex 50.0849 82.25 30.6
    endloop
  endfacet
  facet normal -0.32136 0.946957 0
    outer loop
      vertex 51.603 83.4148 29.6
      vertex 51.2933 83.3097 30.6
      vertex 51.603 83.4148 30.6
    endloop
  endfacet
  facet normal -0.32136 0.946957 0
    outer loop
      vertex 51.2933 83.3097 30.6
      vertex 51.603 83.4148 29.6
      vertex 51.2933 83.3097 29.6
    endloop
  endfacet
  facet normal -0.751913 0.659262 0
    outer loop
      vertex 50.2666 82.5219 29.6
      vertex 50.4822 82.7678 30.6
      vertex 50.4822 82.7678 29.6
    endloop
  endfacet
  facet normal -0.751913 0.659262 0
    outer loop
      vertex 50.4822 82.7678 30.6
      vertex 50.2666 82.5219 29.6
      vertex 50.2666 82.5219 30.6
    endloop
  endfacet
  facet normal 0.195116 -0.98078 0
    outer loop
      vertex 52.5763 78.5214 29.6
      vertex 52.897 78.5852 30.6
      vertex 52.5763 78.5214 30.6
    endloop
  endfacet
  facet normal 0.195116 -0.98078 0
    outer loop
      vertex 52.897 78.5852 30.6
      vertex 52.5763 78.5214 29.6
      vertex 52.897 78.5852 29.6
    endloop
  endfacet
  facet normal 0.831438 -0.555617 0
    outer loop
      vertex 54.2334 79.4781 30.6
      vertex 54.4151 79.75 29.6
      vertex 54.4151 79.75 30.6
    endloop
  endfacet
  facet normal 0.831438 -0.555617 0
    outer loop
      vertex 54.4151 79.75 29.6
      vertex 54.2334 79.4781 30.6
      vertex 54.2334 79.4781 29.6
    endloop
  endfacet
  facet normal -0.0654432 -0.997856 0
    outer loop
      vertex 51.9237 78.5214 29.6
      vertex 52.25 78.5 30.6
      vertex 51.9237 78.5214 30.6
    endloop
  endfacet
  facet normal -0.0654432 -0.997856 -0
    outer loop
      vertex 52.25 78.5 30.6
      vertex 51.9237 78.5214 29.6
      vertex 52.25 78.5 29.6
    endloop
  endfacet
  facet normal -0.555617 -0.831438 0
    outer loop
      vertex 50.7281 79.0166 29.6
      vertex 51 78.8349 30.6
      vertex 50.7281 79.0166 30.6
    endloop
  endfacet
  facet normal -0.555617 -0.831438 -0
    outer loop
      vertex 51 78.8349 30.6
      vertex 50.7281 79.0166 29.6
      vertex 51 78.8349 29.6
    endloop
  endfacet
  facet normal 0.751913 0.659262 0
    outer loop
      vertex 54.2334 82.5219 30.6
      vertex 54.0178 82.7678 29.6
      vertex 54.0178 82.7678 30.6
    endloop
  endfacet
  facet normal 0.751913 0.659262 0
    outer loop
      vertex 54.0178 82.7678 29.6
      vertex 54.2334 82.5219 30.6
      vertex 54.2334 82.5219 29.6
    endloop
  endfacet
  facet normal 0.442191 0.896921 -0
    outer loop
      vertex 53.5 83.1651 29.6
      vertex 53.2067 83.3097 30.6
      vertex 53.5 83.1651 30.6
    endloop
  endfacet
  facet normal 0.442191 0.896921 0
    outer loop
      vertex 53.2067 83.3097 30.6
      vertex 53.5 83.1651 29.6
      vertex 53.2067 83.3097 29.6
    endloop
  endfacet
  facet normal 0.195116 0.98078 -0
    outer loop
      vertex 52.897 83.4148 29.6
      vertex 52.5763 83.4786 30.6
      vertex 52.897 83.4148 30.6
    endloop
  endfacet
  facet normal 0.195116 0.98078 0
    outer loop
      vertex 52.5763 83.4786 30.6
      vertex 52.897 83.4148 29.6
      vertex 52.5763 83.4786 29.6
    endloop
  endfacet
  facet normal 0.0654432 0.997856 -0
    outer loop
      vertex 52.5763 83.4786 29.6
      vertex 52.25 83.5 30.6
      vertex 52.5763 83.4786 30.6
    endloop
  endfacet
  facet normal 0.0654432 0.997856 0
    outer loop
      vertex 52.25 83.5 30.6
      vertex 52.5763 83.4786 29.6
      vertex 52.25 83.5 29.6
    endloop
  endfacet
  facet normal -0.896996 0.442039 0
    outer loop
      vertex 49.9617 82 29.6
      vertex 50.0849 82.25 30.6
      vertex 50.0849 82.25 29.6
    endloop
  endfacet
  facet normal -0.896996 0.442039 0
    outer loop
      vertex 50.0849 82.25 30.6
      vertex 49.9617 82 29.6
      vertex 49.9617 82 30.6
    endloop
  endfacet
  facet normal -0.195116 0.98078 0
    outer loop
      vertex 51.9237 83.4786 29.6
      vertex 51.603 83.4148 30.6
      vertex 51.9237 83.4786 30.6
    endloop
  endfacet
  facet normal -0.195116 0.98078 0
    outer loop
      vertex 51.603 83.4148 30.6
      vertex 51.9237 83.4786 29.6
      vertex 51.603 83.4148 29.6
    endloop
  endfacet
  facet normal -0.659262 0.751913 0
    outer loop
      vertex 50.7281 82.9834 29.6
      vertex 50.4822 82.7678 30.6
      vertex 50.7281 82.9834 30.6
    endloop
  endfacet
  facet normal -0.659262 0.751913 0
    outer loop
      vertex 50.4822 82.7678 30.6
      vertex 50.7281 82.9834 29.6
      vertex 50.4822 82.7678 29.6
    endloop
  endfacet
  facet normal -0.555617 0.831438 0
    outer loop
      vertex 51 83.1651 29.6
      vertex 50.7281 82.9834 30.6
      vertex 51 83.1651 30.6
    endloop
  endfacet
  facet normal -0.555617 0.831438 0
    outer loop
      vertex 50.7281 82.9834 30.6
      vertex 51 83.1651 29.6
      vertex 50.7281 82.9834 29.6
    endloop
  endfacet
  facet normal 0.32136 -0.946957 0
    outer loop
      vertex 52.897 78.5852 29.6
      vertex 53.2067 78.6903 30.6
      vertex 52.897 78.5852 30.6
    endloop
  endfacet
  facet normal 0.32136 -0.946957 0
    outer loop
      vertex 53.2067 78.6903 30.6
      vertex 52.897 78.5852 29.6
      vertex 53.2067 78.6903 29.6
    endloop
  endfacet
  facet normal 0.751913 -0.659262 0
    outer loop
      vertex 54.0178 79.2322 30.6
      vertex 54.2334 79.4781 29.6
      vertex 54.2334 79.4781 30.6
    endloop
  endfacet
  facet normal 0.751913 -0.659262 0
    outer loop
      vertex 54.2334 79.4781 29.6
      vertex 54.0178 79.2322 30.6
      vertex 54.0178 79.2322 29.6
    endloop
  endfacet
  facet normal 0.555617 -0.831438 0
    outer loop
      vertex 53.5 78.8349 29.6
      vertex 53.7719 79.0166 30.6
      vertex 53.5 78.8349 30.6
    endloop
  endfacet
  facet normal 0.555617 -0.831438 0
    outer loop
      vertex 53.7719 79.0166 30.6
      vertex 53.5 78.8349 29.6
      vertex 53.7719 79.0166 29.6
    endloop
  endfacet
  facet normal 0.0654432 -0.997856 0
    outer loop
      vertex 52.25 78.5 29.6
      vertex 52.5763 78.5214 30.6
      vertex 52.25 78.5 30.6
    endloop
  endfacet
  facet normal 0.0654432 -0.997856 0
    outer loop
      vertex 52.5763 78.5214 30.6
      vertex 52.25 78.5 29.6
      vertex 52.5763 78.5214 29.6
    endloop
  endfacet
  facet normal -0.32136 -0.946957 0
    outer loop
      vertex 51.2933 78.6903 29.6
      vertex 51.603 78.5852 30.6
      vertex 51.2933 78.6903 30.6
    endloop
  endfacet
  facet normal -0.32136 -0.946957 -0
    outer loop
      vertex 51.603 78.5852 30.6
      vertex 51.2933 78.6903 29.6
      vertex 51.603 78.5852 29.6
    endloop
  endfacet
  facet normal -0.896996 -0.442039 0
    outer loop
      vertex 50.0849 79.75 29.6
      vertex 49.9617 80 30.6
      vertex 49.9617 80 29.6
    endloop
  endfacet
  facet normal -0.896996 -0.442039 0
    outer loop
      vertex 49.9617 80 30.6
      vertex 50.0849 79.75 29.6
      vertex 50.0849 79.75 30.6
    endloop
  endfacet
  facet normal -0.659262 -0.751913 0
    outer loop
      vertex 50.4822 79.2322 29.6
      vertex 50.7281 79.0166 30.6
      vertex 50.4822 79.2322 30.6
    endloop
  endfacet
  facet normal -0.659262 -0.751913 -0
    outer loop
      vertex 50.7281 79.0166 30.6
      vertex 50.4822 79.2322 29.6
      vertex 50.7281 79.0166 29.6
    endloop
  endfacet
  facet normal -0.831438 -0.555617 0
    outer loop
      vertex 50.2666 79.4781 29.6
      vertex 50.0849 79.75 30.6
      vertex 50.0849 79.75 29.6
    endloop
  endfacet
  facet normal -0.831438 -0.555617 0
    outer loop
      vertex 50.0849 79.75 30.6
      vertex 50.2666 79.4781 29.6
      vertex 50.2666 79.4781 30.6
    endloop
  endfacet
  facet normal 0.442191 -0.896921 0
    outer loop
      vertex 53.2067 78.6903 29.6
      vertex 53.5 78.8349 30.6
      vertex 53.2067 78.6903 30.6
    endloop
  endfacet
  facet normal 0.442191 -0.896921 0
    outer loop
      vertex 53.5 78.8349 30.6
      vertex 53.2067 78.6903 29.6
      vertex 53.5 78.8349 29.6
    endloop
  endfacet
  facet normal 0.659262 -0.751913 0
    outer loop
      vertex 53.7719 79.0166 29.6
      vertex 54.0178 79.2322 30.6
      vertex 53.7719 79.0166 30.6
    endloop
  endfacet
  facet normal 0.659262 -0.751913 0
    outer loop
      vertex 54.0178 79.2322 30.6
      vertex 53.7719 79.0166 29.6
      vertex 54.0178 79.2322 29.6
    endloop
  endfacet
  facet normal 0.896996 -0.442039 0
    outer loop
      vertex 54.4151 79.75 30.6
      vertex 54.5383 80 29.6
      vertex 54.5383 80 30.6
    endloop
  endfacet
  facet normal 0.896996 -0.442039 0
    outer loop
      vertex 54.5383 80 29.6
      vertex 54.4151 79.75 30.6
      vertex 54.4151 79.75 29.6
    endloop
  endfacet
  facet normal -0.442191 -0.896921 0
    outer loop
      vertex 51 78.8349 29.6
      vertex 51.2933 78.6903 30.6
      vertex 51 78.8349 30.6
    endloop
  endfacet
  facet normal -0.442191 -0.896921 -0
    outer loop
      vertex 51.2933 78.6903 30.6
      vertex 51 78.8349 29.6
      vertex 51.2933 78.6903 29.6
    endloop
  endfacet
  facet normal -0.751913 -0.659262 0
    outer loop
      vertex 50.4822 79.2322 29.6
      vertex 50.2666 79.4781 30.6
      vertex 50.2666 79.4781 29.6
    endloop
  endfacet
  facet normal -0.751913 -0.659262 0
    outer loop
      vertex 50.2666 79.4781 30.6
      vertex 50.4822 79.2322 29.6
      vertex 50.4822 79.2322 30.6
    endloop
  endfacet
  facet normal 0.555484 0.831527 -0
    outer loop
      vertex 53.3458 82.428 26
      vertex 53.15 82.5588 29.6
      vertex 53.3458 82.428 29.6
    endloop
  endfacet
  facet normal 0.555484 0.831527 0
    outer loop
      vertex 53.15 82.5588 29.6
      vertex 53.3458 82.428 26
      vertex 53.15 82.5588 26
    endloop
  endfacet
  facet normal -0.980825 0.194891 0
    outer loop
      vertex 50.4654 81.2349 26
      vertex 50.5113 81.4659 29.6
      vertex 50.5113 81.4659 26
    endloop
  endfacet
  facet normal -0.980825 0.194891 0
    outer loop
      vertex 50.5113 81.4659 29.6
      vertex 50.4654 81.2349 26
      vertex 50.4654 81.2349 29.6
    endloop
  endfacet
  facet normal 0.980825 -0.194891 0
    outer loop
      vertex 53.9887 80.5341 29.6
      vertex 54.0346 80.7651 26
      vertex 54.0346 80.7651 29.6
    endloop
  endfacet
  facet normal 0.980825 -0.194891 0
    outer loop
      vertex 54.0346 80.7651 26
      vertex 53.9887 80.5341 29.6
      vertex 53.9887 80.5341 26
    endloop
  endfacet
  facet normal -0.194891 -0.980825 0
    outer loop
      vertex 51.7841 79.2613 26
      vertex 52.0151 79.2154 29.6
      vertex 51.7841 79.2613 29.6
    endloop
  endfacet
  facet normal -0.194891 -0.980825 -0
    outer loop
      vertex 52.0151 79.2154 29.6
      vertex 51.7841 79.2613 26
      vertex 52.0151 79.2154 26
    endloop
  endfacet
  facet normal -0.442452 0.896792 0
    outer loop
      vertex 51.5612 82.663 26
      vertex 51.35 82.5588 29.6
      vertex 51.5612 82.663 29.6
    endloop
  endfacet
  facet normal -0.442452 0.896792 0
    outer loop
      vertex 51.35 82.5588 29.6
      vertex 51.5612 82.663 26
      vertex 51.35 82.5588 26
    endloop
  endfacet
  facet normal -0.946884 0.321575 0
    outer loop
      vertex 50.5113 81.4659 26
      vertex 50.587 81.6888 29.6
      vertex 50.587 81.6888 26
    endloop
  endfacet
  facet normal -0.946884 0.321575 0
    outer loop
      vertex 50.587 81.6888 29.6
      vertex 50.5113 81.4659 26
      vertex 50.5113 81.4659 29.6
    endloop
  endfacet
  facet normal 0.997858 -0.0654194 0
    outer loop
      vertex 54.0346 80.7651 29.6
      vertex 54.05 81 26
      vertex 54.05 81 29.6
    endloop
  endfacet
  facet normal 0.997858 -0.0654194 0
    outer loop
      vertex 54.05 81 26
      vertex 54.0346 80.7651 29.6
      vertex 54.0346 80.7651 26
    endloop
  endfacet
  facet normal -0.321575 -0.946884 0
    outer loop
      vertex 51.5612 79.337 26
      vertex 51.7841 79.2613 29.6
      vertex 51.5612 79.337 29.6
    endloop
  endfacet
  facet normal -0.321575 -0.946884 -0
    outer loop
      vertex 51.7841 79.2613 29.6
      vertex 51.5612 79.337 26
      vertex 51.7841 79.2613 26
    endloop
  endfacet
  facet normal 0.896792 0.442452 0
    outer loop
      vertex 53.913 81.6888 29.6
      vertex 53.8088 81.9 26
      vertex 53.8088 81.9 29.6
    endloop
  endfacet
  facet normal 0.896792 0.442452 0
    outer loop
      vertex 53.8088 81.9 26
      vertex 53.913 81.6888 29.6
      vertex 53.913 81.6888 26
    endloop
  endfacet
  facet normal 0.831527 0.555484 0
    outer loop
      vertex 53.8088 81.9 29.6
      vertex 53.678 82.0958 26
      vertex 53.678 82.0958 29.6
    endloop
  endfacet
  facet normal 0.831527 0.555484 0
    outer loop
      vertex 53.678 82.0958 26
      vertex 53.8088 81.9 29.6
      vertex 53.8088 81.9 26
    endloop
  endfacet
  facet normal 0.659286 0.751892 -0
    outer loop
      vertex 53.5228 82.2728 26
      vertex 53.3458 82.428 29.6
      vertex 53.5228 82.2728 29.6
    endloop
  endfacet
  facet normal 0.659286 0.751892 0
    outer loop
      vertex 53.3458 82.428 29.6
      vertex 53.5228 82.2728 26
      vertex 53.3458 82.428 26
    endloop
  endfacet
  facet normal 0.321575 0.946884 -0
    outer loop
      vertex 52.9388 82.663 26
      vertex 52.7159 82.7387 29.6
      vertex 52.9388 82.663 29.6
    endloop
  endfacet
  facet normal 0.321575 0.946884 0
    outer loop
      vertex 52.7159 82.7387 29.6
      vertex 52.9388 82.663 26
      vertex 52.7159 82.7387 26
    endloop
  endfacet
  facet normal 0.194891 0.980825 -0
    outer loop
      vertex 52.7159 82.7387 26
      vertex 52.4849 82.7846 29.6
      vertex 52.7159 82.7387 29.6
    endloop
  endfacet
  facet normal 0.194891 0.980825 0
    outer loop
      vertex 52.4849 82.7846 29.6
      vertex 52.7159 82.7387 26
      vertex 52.4849 82.7846 26
    endloop
  endfacet
  facet normal 0 0 -1
    outer loop
      vertex 53.45 81 26
      vertex 54.05 81 26
      vertex 54.0346 80.7651 26
    endloop
  endfacet
  facet normal 0 0 -1
    outer loop
      vertex 53.4397 80.8434 26
      vertex 54.0346 80.7651 26
      vertex 53.9887 80.5341 26
    endloop
  endfacet
  facet normal 0 0 -1
    outer loop
      vertex 54.05 81 26
      vertex 53.45 81 26
      vertex 54.0346 81.2349 26
    endloop
  endfacet
  facet normal 0 0 -1
    outer loop
      vertex 53.4091 80.6894 26
      vertex 53.9887 80.5341 26
      vertex 53.913 80.3112 26
    endloop
  endfacet
  facet normal 0 0 -1
    outer loop
      vertex 53.4397 81.1566 26
      vertex 54.0346 81.2349 26
      vertex 53.45 81 26
    endloop
  endfacet
  facet normal 0 0 -1
    outer loop
      vertex 53.3587 80.5408 26
      vertex 53.913 80.3112 26
      vertex 53.8088 80.1 26
    endloop
  endfacet
  facet normal -0 0 -1
    outer loop
      vertex 54.0346 81.2349 26
      vertex 53.4397 81.1566 26
      vertex 53.9887 81.4659 26
    endloop
  endfacet
  facet normal 0 0 -1
    outer loop
      vertex 53.2892 80.4 26
      vertex 53.8088 80.1 26
      vertex 53.678 79.9042 26
    endloop
  endfacet
  facet normal 0 0 -1
    outer loop
      vertex 53.4091 81.3106 26
      vertex 53.9887 81.4659 26
      vertex 53.4397 81.1566 26
    endloop
  endfacet
  facet normal 0 0 -1
    outer loop
      vertex 53.202 80.2695 26
      vertex 53.678 79.9042 26
      vertex 53.5228 79.7272 26
    endloop
  endfacet
  facet normal -0 0 -1
    outer loop
      vertex 53.9887 81.4659 26
      vertex 53.4091 81.3106 26
      vertex 53.913 81.6888 26
    endloop
  endfacet
  facet normal 0 0 -1
    outer loop
      vertex 53.3587 81.4592 26
      vertex 53.913 81.6888 26
      vertex 53.4091 81.3106 26
    endloop
  endfacet
  facet normal 0 0 -1
    outer loop
      vertex 54.0346 80.7651 26
      vertex 53.4397 80.8434 26
      vertex 53.45 81 26
    endloop
  endfacet
  facet normal 0 0 -1
    outer loop
      vertex 53.9887 80.5341 26
      vertex 53.4091 80.6894 26
      vertex 53.4397 80.8434 26
    endloop
  endfacet
  facet normal 0 0 -1
    outer loop
      vertex 53.913 80.3112 26
      vertex 53.3587 80.5408 26
      vertex 53.4091 80.6894 26
    endloop
  endfacet
  facet normal 0 0 -1
    outer loop
      vertex 53.0985 80.1515 26
      vertex 53.5228 79.7272 26
      vertex 53.3458 79.572 26
    endloop
  endfacet
  facet normal 0 0 -1
    outer loop
      vertex 53.8088 80.1 26
      vertex 53.2892 80.4 26
      vertex 53.3587 80.5408 26
    endloop
  endfacet
  facet normal 0 0 -1
    outer loop
      vertex 53.678 79.9042 26
      vertex 53.202 80.2695 26
      vertex 53.2892 80.4 26
    endloop
  endfacet
  facet normal 0 0 -1
    outer loop
      vertex 52.9805 80.048 26
      vertex 53.3458 79.572 26
      vertex 53.15 79.4412 26
    endloop
  endfacet
  facet normal 0 0 -1
    outer loop
      vertex 53.5228 79.7272 26
      vertex 53.0985 80.1515 26
      vertex 53.202 80.2695 26
    endloop
  endfacet
  facet normal 0 0 -1
    outer loop
      vertex 53.3458 79.572 26
      vertex 52.9805 80.048 26
      vertex 53.0985 80.1515 26
    endloop
  endfacet
  facet normal 0 0 -1
    outer loop
      vertex 52.85 79.9608 26
      vertex 53.15 79.4412 26
      vertex 52.9388 79.337 26
    endloop
  endfacet
  facet normal 0 0 -1
    outer loop
      vertex 53.15 79.4412 26
      vertex 52.85 79.9608 26
      vertex 52.9805 80.048 26
    endloop
  endfacet
  facet normal 0 0 -1
    outer loop
      vertex 52.7092 79.8913 26
      vertex 52.9388 79.337 26
      vertex 52.7159 79.2613 26
    endloop
  endfacet
  facet normal 0 0 -1
    outer loop
      vertex 52.9388 79.337 26
      vertex 52.7092 79.8913 26
      vertex 52.85 79.9608 26
    endloop
  endfacet
  facet normal 0 0 -1
    outer loop
      vertex 52.7159 79.2613 26
      vertex 52.5606 79.8409 26
      vertex 52.7092 79.8913 26
    endloop
  endfacet
  facet normal 0 0 -1
    outer loop
      vertex 52.4849 79.2154 26
      vertex 52.5606 79.8409 26
      vertex 52.7159 79.2613 26
    endloop
  endfacet
  facet normal 0 0 -1
    outer loop
      vertex 52.4849 79.2154 26
      vertex 52.4066 79.8103 26
      vertex 52.5606 79.8409 26
    endloop
  endfacet
  facet normal 0 0 -1
    outer loop
      vertex 52.25 79.2 26
      vertex 52.4066 79.8103 26
      vertex 52.4849 79.2154 26
    endloop
  endfacet
  facet normal 0 0 -1
    outer loop
      vertex 52.25 79.2 26
      vertex 52.25 79.8 26
      vertex 52.4066 79.8103 26
    endloop
  endfacet
  facet normal 0 0 -1
    outer loop
      vertex 52.25 79.2 26
      vertex 52.0934 79.8103 26
      vertex 52.25 79.8 26
    endloop
  endfacet
  facet normal 0 0 -1
    outer loop
      vertex 52.0151 79.2154 26
      vertex 52.0934 79.8103 26
      vertex 52.25 79.2 26
    endloop
  endfacet
  facet normal 0 0 -1
    outer loop
      vertex 52.0151 79.2154 26
      vertex 51.9394 79.8409 26
      vertex 52.0934 79.8103 26
    endloop
  endfacet
  facet normal 0 0 -1
    outer loop
      vertex 51.7841 79.2613 26
      vertex 51.9394 79.8409 26
      vertex 52.0151 79.2154 26
    endloop
  endfacet
  facet normal -0 0 -1
    outer loop
      vertex 51.9394 79.8409 26
      vertex 51.7841 79.2613 26
      vertex 51.7908 79.8913 26
    endloop
  endfacet
  facet normal 0 0 -1
    outer loop
      vertex 51.5612 79.337 26
      vertex 51.7908 79.8913 26
      vertex 51.7841 79.2613 26
    endloop
  endfacet
  facet normal -0 0 -1
    outer loop
      vertex 51.7908 79.8913 26
      vertex 51.5612 79.337 26
      vertex 51.65 79.9608 26
    endloop
  endfacet
  facet normal 0 0 -1
    outer loop
      vertex 51.35 79.4412 26
      vertex 51.65 79.9608 26
      vertex 51.5612 79.337 26
    endloop
  endfacet
  facet normal -0 0 -1
    outer loop
      vertex 51.65 79.9608 26
      vertex 51.35 79.4412 26
      vertex 51.5195 80.048 26
    endloop
  endfacet
  facet normal 0 0 -1
    outer loop
      vertex 51.1542 79.572 26
      vertex 51.5195 80.048 26
      vertex 51.35 79.4412 26
    endloop
  endfacet
  facet normal -0 0 -1
    outer loop
      vertex 51.5195 80.048 26
      vertex 51.1542 79.572 26
      vertex 51.4015 80.1515 26
    endloop
  endfacet
  facet normal 0 0 -1
    outer loop
      vertex 50.9772 79.7272 26
      vertex 51.4015 80.1515 26
      vertex 51.1542 79.572 26
    endloop
  endfacet
  facet normal -0 0 -1
    outer loop
      vertex 51.4015 80.1515 26
      vertex 50.9772 79.7272 26
      vertex 51.298 80.2695 26
    endloop
  endfacet
  facet normal 0 0 -1
    outer loop
      vertex 50.822 79.9042 26
      vertex 51.298 80.2695 26
      vertex 50.9772 79.7272 26
    endloop
  endfacet
  facet normal -0 0 -1
    outer loop
      vertex 51.298 80.2695 26
      vertex 50.822 79.9042 26
      vertex 51.2108 80.4 26
    endloop
  endfacet
  facet normal 0 0 -1
    outer loop
      vertex 50.6912 80.1 26
      vertex 51.2108 80.4 26
      vertex 50.822 79.9042 26
    endloop
  endfacet
  facet normal 0 0 -1
    outer loop
      vertex 50.587 80.3112 26
      vertex 51.1413 80.5408 26
      vertex 50.6912 80.1 26
    endloop
  endfacet
  facet normal -0 0 -1
    outer loop
      vertex 51.2108 80.4 26
      vertex 50.6912 80.1 26
      vertex 51.1413 80.5408 26
    endloop
  endfacet
  facet normal -0 0 -1
    outer loop
      vertex 53.913 81.6888 26
      vertex 53.3587 81.4592 26
      vertex 53.8088 81.9 26
    endloop
  endfacet
  facet normal 0 0 -1
    outer loop
      vertex 53.2892 81.6 26
      vertex 53.8088 81.9 26
      vertex 53.3587 81.4592 26
    endloop
  endfacet
  facet normal -0 0 -1
    outer loop
      vertex 53.8088 81.9 26
      vertex 53.2892 81.6 26
      vertex 53.678 82.0958 26
    endloop
  endfacet
  facet normal 0 0 -1
    outer loop
      vertex 53.202 81.7305 26
      vertex 53.678 82.0958 26
      vertex 53.2892 81.6 26
    endloop
  endfacet
  facet normal -0 0 -1
    outer loop
      vertex 53.678 82.0958 26
      vertex 53.202 81.7305 26
      vertex 53.5228 82.2728 26
    endloop
  endfacet
  facet normal 0 0 -1
    outer loop
      vertex 53.0985 81.8485 26
      vertex 53.5228 82.2728 26
      vertex 53.202 81.7305 26
    endloop
  endfacet
  facet normal -0 0 -1
    outer loop
      vertex 53.5228 82.2728 26
      vertex 53.0985 81.8485 26
      vertex 53.3458 82.428 26
    endloop
  endfacet
  facet normal 0 0 -1
    outer loop
      vertex 52.9805 81.952 26
      vertex 53.3458 82.428 26
      vertex 53.0985 81.8485 26
    endloop
  endfacet
  facet normal -0 0 -1
    outer loop
      vertex 53.3458 82.428 26
      vertex 52.9805 81.952 26
      vertex 53.15 82.5588 26
    endloop
  endfacet
  facet normal 0 0 -1
    outer loop
      vertex 52.85 82.0392 26
      vertex 53.15 82.5588 26
      vertex 52.9805 81.952 26
    endloop
  endfacet
  facet normal -0 0 -1
    outer loop
      vertex 53.15 82.5588 26
      vertex 52.85 82.0392 26
      vertex 52.9388 82.663 26
    endloop
  endfacet
  facet normal 0 0 -1
    outer loop
      vertex 52.7092 82.1087 26
      vertex 52.9388 82.663 26
      vertex 52.85 82.0392 26
    endloop
  endfacet
  facet normal -0 0 -1
    outer loop
      vertex 52.9388 82.663 26
      vertex 52.7092 82.1087 26
      vertex 52.7159 82.7387 26
    endloop
  endfacet
  facet normal 0 0 -1
    outer loop
      vertex 52.5606 82.1591 26
      vertex 52.7159 82.7387 26
      vertex 52.7092 82.1087 26
    endloop
  endfacet
  facet normal 0 0 -1
    outer loop
      vertex 52.5606 82.1591 26
      vertex 52.4849 82.7846 26
      vertex 52.7159 82.7387 26
    endloop
  endfacet
  facet normal 0 0 -1
    outer loop
      vertex 52.4066 82.1897 26
      vertex 52.4849 82.7846 26
      vertex 52.5606 82.1591 26
    endloop
  endfacet
  facet normal 0 0 -1
    outer loop
      vertex 52.25 82.2 26
      vertex 52.4849 82.7846 26
      vertex 52.4066 82.1897 26
    endloop
  endfacet
  facet normal 0 0 -1
    outer loop
      vertex 52.25 82.2 26
      vertex 52.25 82.8 26
      vertex 52.4849 82.7846 26
    endloop
  endfacet
  facet normal 0 0 -1
    outer loop
      vertex 52.0934 82.1897 26
      vertex 52.25 82.8 26
      vertex 52.25 82.2 26
    endloop
  endfacet
  facet normal 0 0 -1
    outer loop
      vertex 52.0934 82.1897 26
      vertex 52.0151 82.7846 26
      vertex 52.25 82.8 26
    endloop
  endfacet
  facet normal 0 0 -1
    outer loop
      vertex 51.9394 82.1591 26
      vertex 52.0151 82.7846 26
      vertex 52.0934 82.1897 26
    endloop
  endfacet
  facet normal 0 0 -1
    outer loop
      vertex 51.7841 82.7387 26
      vertex 51.9394 82.1591 26
      vertex 51.7908 82.1087 26
    endloop
  endfacet
  facet normal 0 0 -1
    outer loop
      vertex 51.9394 82.1591 26
      vertex 51.7841 82.7387 26
      vertex 52.0151 82.7846 26
    endloop
  endfacet
  facet normal 0 0 -1
    outer loop
      vertex 51.5612 82.663 26
      vertex 51.7908 82.1087 26
      vertex 51.65 82.0392 26
    endloop
  endfacet
  facet normal 0 0 -1
    outer loop
      vertex 51.7908 82.1087 26
      vertex 51.5612 82.663 26
      vertex 51.7841 82.7387 26
    endloop
  endfacet
  facet normal 0 0 -1
    outer loop
      vertex 51.35 82.5588 26
      vertex 51.65 82.0392 26
      vertex 51.5195 81.952 26
    endloop
  endfacet
  facet normal 0 0 -1
    outer loop
      vertex 51.1542 82.428 26
      vertex 51.5195 81.952 26
      vertex 51.4015 81.8485 26
    endloop
  endfacet
  facet normal 0 0 -1
    outer loop
      vertex 51.65 82.0392 26
      vertex 51.35 82.5588 26
      vertex 51.5612 82.663 26
    endloop
  endfacet
  facet normal 0 0 -1
    outer loop
      vertex 50.9772 82.2728 26
      vertex 51.4015 81.8485 26
      vertex 51.298 81.7305 26
    endloop
  endfacet
  facet normal 0 0 -1
    outer loop
      vertex 50.822 82.0958 26
      vertex 51.298 81.7305 26
      vertex 51.2108 81.6 26
    endloop
  endfacet
  facet normal 0 0 -1
    outer loop
      vertex 51.5195 81.952 26
      vertex 51.1542 82.428 26
      vertex 51.35 82.5588 26
    endloop
  endfacet
  facet normal 0 0 -1
    outer loop
      vertex 50.6912 81.9 26
      vertex 51.2108 81.6 26
      vertex 51.1413 81.4592 26
    endloop
  endfacet
  facet normal 0 0 -1
    outer loop
      vertex 50.587 81.6888 26
      vertex 51.1413 81.4592 26
      vertex 51.0909 81.3106 26
    endloop
  endfacet
  facet normal 0 0 -1
    outer loop
      vertex 50.5113 81.4659 26
      vertex 51.0909 81.3106 26
      vertex 51.0603 81.1566 26
    endloop
  endfacet
  facet normal 0 0 -1
    outer loop
      vertex 51.4015 81.8485 26
      vertex 50.9772 82.2728 26
      vertex 51.1542 82.428 26
    endloop
  endfacet
  facet normal 0 0 -1
    outer loop
      vertex 50.4654 81.2349 26
      vertex 51.0603 81.1566 26
      vertex 51.05 81 26
    endloop
  endfacet
  facet normal -0 0 -1
    outer loop
      vertex 51.1413 80.5408 26
      vertex 50.587 80.3112 26
      vertex 51.0909 80.6894 26
    endloop
  endfacet
  facet normal 0 0 -1
    outer loop
      vertex 50.5113 80.5341 26
      vertex 51.0909 80.6894 26
      vertex 50.587 80.3112 26
    endloop
  endfacet
  facet normal 0 0 -1
    outer loop
      vertex 51.298 81.7305 26
      vertex 50.822 82.0958 26
      vertex 50.9772 82.2728 26
    endloop
  endfacet
  facet normal -0 0 -1
    outer loop
      vertex 51.0909 80.6894 26
      vertex 50.5113 80.5341 26
      vertex 51.0603 80.8434 26
    endloop
  endfacet
  facet normal 0 0 -1
    outer loop
      vertex 51.2108 81.6 26
      vertex 50.6912 81.9 26
      vertex 50.822 82.0958 26
    endloop
  endfacet
  facet normal 0 0 -1
    outer loop
      vertex 50.4654 80.7651 26
      vertex 51.0603 80.8434 26
      vertex 50.5113 80.5341 26
    endloop
  endfacet
  facet normal 0 0 -1
    outer loop
      vertex 51.1413 81.4592 26
      vertex 50.587 81.6888 26
      vertex 50.6912 81.9 26
    endloop
  endfacet
  facet normal -0 0 -1
    outer loop
      vertex 51.0603 80.8434 26
      vertex 50.4654 80.7651 26
      vertex 51.05 81 26
    endloop
  endfacet
  facet normal 0 0 -1
    outer loop
      vertex 51.0909 81.3106 26
      vertex 50.5113 81.4659 26
      vertex 50.587 81.6888 26
    endloop
  endfacet
  facet normal 0 0 -1
    outer loop
      vertex 50.45 81 26
      vertex 51.05 81 26
      vertex 50.4654 80.7651 26
    endloop
  endfacet
  facet normal 0 0 -1
    outer loop
      vertex 51.0603 81.1566 26
      vertex 50.4654 81.2349 26
      vertex 50.5113 81.4659 26
    endloop
  endfacet
  facet normal 0 0 -1
    outer loop
      vertex 51.05 81 26
      vertex 50.45 81 26
      vertex 50.4654 81.2349 26
    endloop
  endfacet
  facet normal -0.831527 0.555484 0
    outer loop
      vertex 50.6912 81.9 26
      vertex 50.822 82.0958 29.6
      vertex 50.822 82.0958 26
    endloop
  endfacet
  facet normal -0.831527 0.555484 0
    outer loop
      vertex 50.822 82.0958 29.6
      vertex 50.6912 81.9 26
      vertex 50.6912 81.9 29.6
    endloop
  endfacet
  facet normal -0.321575 0.946884 0
    outer loop
      vertex 51.7841 82.7387 26
      vertex 51.5612 82.663 29.6
      vertex 51.7841 82.7387 29.6
    endloop
  endfacet
  facet normal -0.321575 0.946884 0
    outer loop
      vertex 51.5612 82.663 29.6
      vertex 51.7841 82.7387 26
      vertex 51.5612 82.663 26
    endloop
  endfacet
  facet normal -0.751892 0.659286 0
    outer loop
      vertex 50.822 82.0958 26
      vertex 50.9772 82.2728 29.6
      vertex 50.9772 82.2728 26
    endloop
  endfacet
  facet normal -0.751892 0.659286 0
    outer loop
      vertex 50.9772 82.2728 29.6
      vertex 50.822 82.0958 26
      vertex 50.822 82.0958 29.6
    endloop
  endfacet
  facet normal 0.946884 -0.321575 0
    outer loop
      vertex 53.913 80.3112 29.6
      vertex 53.9887 80.5341 26
      vertex 53.9887 80.5341 29.6
    endloop
  endfacet
  facet normal 0.946884 -0.321575 0
    outer loop
      vertex 53.9887 80.5341 26
      vertex 53.913 80.3112 29.6
      vertex 53.913 80.3112 26
    endloop
  endfacet
  facet normal 0.442452 -0.896792 0
    outer loop
      vertex 52.9388 79.337 26
      vertex 53.15 79.4412 29.6
      vertex 52.9388 79.337 29.6
    endloop
  endfacet
  facet normal 0.442452 -0.896792 0
    outer loop
      vertex 53.15 79.4412 29.6
      vertex 52.9388 79.337 26
      vertex 53.15 79.4412 26
    endloop
  endfacet
  facet normal -0.0654194 -0.997858 0
    outer loop
      vertex 52.0151 79.2154 26
      vertex 52.25 79.2 29.6
      vertex 52.0151 79.2154 29.6
    endloop
  endfacet
  facet normal -0.0654194 -0.997858 -0
    outer loop
      vertex 52.25 79.2 29.6
      vertex 52.0151 79.2154 26
      vertex 52.25 79.2 26
    endloop
  endfacet
  facet normal -0.555484 -0.831527 0
    outer loop
      vertex 51.1542 79.572 26
      vertex 51.35 79.4412 29.6
      vertex 51.1542 79.572 29.6
    endloop
  endfacet
  facet normal -0.555484 -0.831527 -0
    outer loop
      vertex 51.35 79.4412 29.6
      vertex 51.1542 79.572 26
      vertex 51.35 79.4412 26
    endloop
  endfacet
  facet normal 0.946884 0.321575 0
    outer loop
      vertex 53.9887 81.4659 29.6
      vertex 53.913 81.6888 26
      vertex 53.913 81.6888 29.6
    endloop
  endfacet
  facet normal 0.946884 0.321575 0
    outer loop
      vertex 53.913 81.6888 26
      vertex 53.9887 81.4659 29.6
      vertex 53.9887 81.4659 26
    endloop
  endfacet
  facet normal 0.751892 0.659286 0
    outer loop
      vertex 53.678 82.0958 29.6
      vertex 53.5228 82.2728 26
      vertex 53.5228 82.2728 29.6
    endloop
  endfacet
  facet normal 0.751892 0.659286 0
    outer loop
      vertex 53.5228 82.2728 26
      vertex 53.678 82.0958 29.6
      vertex 53.678 82.0958 26
    endloop
  endfacet
  facet normal -0.0654194 0.997858 0
    outer loop
      vertex 52.25 82.8 26
      vertex 52.0151 82.7846 29.6
      vertex 52.25 82.8 29.6
    endloop
  endfacet
  facet normal -0.0654194 0.997858 0
    outer loop
      vertex 52.0151 82.7846 29.6
      vertex 52.25 82.8 26
      vertex 52.0151 82.7846 26
    endloop
  endfacet
  facet normal 0.442452 0.896792 -0
    outer loop
      vertex 53.15 82.5588 26
      vertex 52.9388 82.663 29.6
      vertex 53.15 82.5588 29.6
    endloop
  endfacet
  facet normal 0.442452 0.896792 0
    outer loop
      vertex 52.9388 82.663 29.6
      vertex 53.15 82.5588 26
      vertex 52.9388 82.663 26
    endloop
  endfacet
  facet normal -0.997858 -0.0654194 0
    outer loop
      vertex 50.4654 80.7651 26
      vertex 50.45 81 29.6
      vertex 50.45 81 26
    endloop
  endfacet
  facet normal -0.997858 -0.0654194 0
    outer loop
      vertex 50.45 81 29.6
      vertex 50.4654 80.7651 26
      vertex 50.4654 80.7651 29.6
    endloop
  endfacet
  facet normal -0.896792 0.442452 0
    outer loop
      vertex 50.587 81.6888 26
      vertex 50.6912 81.9 29.6
      vertex 50.6912 81.9 26
    endloop
  endfacet
  facet normal -0.896792 0.442452 0
    outer loop
      vertex 50.6912 81.9 29.6
      vertex 50.587 81.6888 26
      vertex 50.587 81.6888 29.6
    endloop
  endfacet
  facet normal -0.194891 0.980825 0
    outer loop
      vertex 52.0151 82.7846 26
      vertex 51.7841 82.7387 29.6
      vertex 52.0151 82.7846 29.6
    endloop
  endfacet
  facet normal -0.194891 0.980825 0
    outer loop
      vertex 51.7841 82.7387 29.6
      vertex 52.0151 82.7846 26
      vertex 51.7841 82.7387 26
    endloop
  endfacet
  facet normal -0.659286 0.751892 0
    outer loop
      vertex 51.1542 82.428 26
      vertex 50.9772 82.2728 29.6
      vertex 51.1542 82.428 29.6
    endloop
  endfacet
  facet normal -0.659286 0.751892 0
    outer loop
      vertex 50.9772 82.2728 29.6
      vertex 51.1542 82.428 26
      vertex 50.9772 82.2728 26
    endloop
  endfacet
  facet normal -0.555484 0.831527 0
    outer loop
      vertex 51.35 82.5588 26
      vertex 51.1542 82.428 29.6
      vertex 51.35 82.5588 29.6
    endloop
  endfacet
  facet normal -0.555484 0.831527 0
    outer loop
      vertex 51.1542 82.428 29.6
      vertex 51.35 82.5588 26
      vertex 51.1542 82.428 26
    endloop
  endfacet
  facet normal 0.997858 0.0654194 0
    outer loop
      vertex 54.05 81 29.6
      vertex 54.0346 81.2349 26
      vertex 54.0346 81.2349 29.6
    endloop
  endfacet
  facet normal 0.997858 0.0654194 0
    outer loop
      vertex 54.0346 81.2349 26
      vertex 54.05 81 29.6
      vertex 54.05 81 26
    endloop
  endfacet
  facet normal 0.194891 -0.980825 0
    outer loop
      vertex 52.4849 79.2154 26
      vertex 52.7159 79.2613 29.6
      vertex 52.4849 79.2154 29.6
    endloop
  endfacet
  facet normal 0.194891 -0.980825 0
    outer loop
      vertex 52.7159 79.2613 29.6
      vertex 52.4849 79.2154 26
      vertex 52.7159 79.2613 26
    endloop
  endfacet
  facet normal 0.831527 -0.555484 0
    outer loop
      vertex 53.678 79.9042 29.6
      vertex 53.8088 80.1 26
      vertex 53.8088 80.1 29.6
    endloop
  endfacet
  facet normal 0.831527 -0.555484 0
    outer loop
      vertex 53.8088 80.1 26
      vertex 53.678 79.9042 29.6
      vertex 53.678 79.9042 26
    endloop
  endfacet
  facet normal 0.896792 -0.442452 0
    outer loop
      vertex 53.8088 80.1 29.6
      vertex 53.913 80.3112 26
      vertex 53.913 80.3112 29.6
    endloop
  endfacet
  facet normal 0.896792 -0.442452 0
    outer loop
      vertex 53.913 80.3112 26
      vertex 53.8088 80.1 29.6
      vertex 53.8088 80.1 26
    endloop
  endfacet
  facet normal 0.321575 -0.946884 0
    outer loop
      vertex 52.7159 79.2613 26
      vertex 52.9388 79.337 29.6
      vertex 52.7159 79.2613 29.6
    endloop
  endfacet
  facet normal 0.321575 -0.946884 0
    outer loop
      vertex 52.9388 79.337 29.6
      vertex 52.7159 79.2613 26
      vertex 52.9388 79.337 26
    endloop
  endfacet
  facet normal 0.751892 -0.659286 0
    outer loop
      vertex 53.5228 79.7272 29.6
      vertex 53.678 79.9042 26
      vertex 53.678 79.9042 29.6
    endloop
  endfacet
  facet normal 0.751892 -0.659286 0
    outer loop
      vertex 53.678 79.9042 26
      vertex 53.5228 79.7272 29.6
      vertex 53.5228 79.7272 26
    endloop
  endfacet
  facet normal 0.555484 -0.831527 0
    outer loop
      vertex 53.15 79.4412 26
      vertex 53.3458 79.572 29.6
      vertex 53.15 79.4412 29.6
    endloop
  endfacet
  facet normal 0.555484 -0.831527 0
    outer loop
      vertex 53.3458 79.572 29.6
      vertex 53.15 79.4412 26
      vertex 53.3458 79.572 26
    endloop
  endfacet
  facet normal 0.0654194 -0.997858 0
    outer loop
      vertex 52.25 79.2 26
      vertex 52.4849 79.2154 29.6
      vertex 52.25 79.2 29.6
    endloop
  endfacet
  facet normal 0.0654194 -0.997858 0
    outer loop
      vertex 52.4849 79.2154 29.6
      vertex 52.25 79.2 26
      vertex 52.4849 79.2154 26
    endloop
  endfacet
  facet normal -0.442452 -0.896792 0
    outer loop
      vertex 51.35 79.4412 26
      vertex 51.5612 79.337 29.6
      vertex 51.35 79.4412 29.6
    endloop
  endfacet
  facet normal -0.442452 -0.896792 -0
    outer loop
      vertex 51.5612 79.337 29.6
      vertex 51.35 79.4412 26
      vertex 51.5612 79.337 26
    endloop
  endfacet
  facet normal -0.896792 -0.442452 0
    outer loop
      vertex 50.6912 80.1 26
      vertex 50.587 80.3112 29.6
      vertex 50.587 80.3112 26
    endloop
  endfacet
  facet normal -0.896792 -0.442452 0
    outer loop
      vertex 50.587 80.3112 29.6
      vertex 50.6912 80.1 26
      vertex 50.6912 80.1 29.6
    endloop
  endfacet
  facet normal -0.980825 -0.194891 0
    outer loop
      vertex 50.5113 80.5341 26
      vertex 50.4654 80.7651 29.6
      vertex 50.4654 80.7651 26
    endloop
  endfacet
  facet normal -0.980825 -0.194891 0
    outer loop
      vertex 50.4654 80.7651 29.6
      vertex 50.5113 80.5341 26
      vertex 50.5113 80.5341 29.6
    endloop
  endfacet
  facet normal -0.659286 -0.751892 0
    outer loop
      vertex 50.9772 79.7272 26
      vertex 51.1542 79.572 29.6
      vertex 50.9772 79.7272 29.6
    endloop
  endfacet
  facet normal -0.659286 -0.751892 -0
    outer loop
      vertex 51.1542 79.572 29.6
      vertex 50.9772 79.7272 26
      vertex 51.1542 79.572 26
    endloop
  endfacet
  facet normal -0.831527 -0.555484 0
    outer loop
      vertex 50.822 79.9042 26
      vertex 50.6912 80.1 29.6
      vertex 50.6912 80.1 26
    endloop
  endfacet
  facet normal -0.831527 -0.555484 0
    outer loop
      vertex 50.6912 80.1 29.6
      vertex 50.822 79.9042 26
      vertex 50.822 79.9042 29.6
    endloop
  endfacet
  facet normal 0.980825 0.194891 0
    outer loop
      vertex 54.0346 81.2349 29.6
      vertex 53.9887 81.4659 26
      vertex 53.9887 81.4659 29.6
    endloop
  endfacet
  facet normal 0.980825 0.194891 0
    outer loop
      vertex 53.9887 81.4659 26
      vertex 54.0346 81.2349 29.6
      vertex 54.0346 81.2349 26
    endloop
  endfacet
  facet normal 0.0654194 0.997858 -0
    outer loop
      vertex 52.4849 82.7846 26
      vertex 52.25 82.8 29.6
      vertex 52.4849 82.7846 29.6
    endloop
  endfacet
  facet normal 0.0654194 0.997858 0
    outer loop
      vertex 52.25 82.8 29.6
      vertex 52.4849 82.7846 26
      vertex 52.25 82.8 26
    endloop
  endfacet
  facet normal -0.997858 0.0654194 0
    outer loop
      vertex 50.45 81 26
      vertex 50.4654 81.2349 29.6
      vertex 50.4654 81.2349 26
    endloop
  endfacet
  facet normal -0.997858 0.0654194 0
    outer loop
      vertex 50.4654 81.2349 29.6
      vertex 50.45 81 26
      vertex 50.45 81 29.6
    endloop
  endfacet
  facet normal 0.659286 -0.751892 0
    outer loop
      vertex 53.3458 79.572 26
      vertex 53.5228 79.7272 29.6
      vertex 53.3458 79.572 29.6
    endloop
  endfacet
  facet normal 0.659286 -0.751892 0
    outer loop
      vertex 53.5228 79.7272 29.6
      vertex 53.3458 79.572 26
      vertex 53.5228 79.7272 26
    endloop
  endfacet
  facet normal -0.946884 -0.321575 0
    outer loop
      vertex 50.587 80.3112 26
      vertex 50.5113 80.5341 29.6
      vertex 50.5113 80.5341 26
    endloop
  endfacet
  facet normal -0.946884 -0.321575 0
    outer loop
      vertex 50.5113 80.5341 29.6
      vertex 50.587 80.3112 26
      vertex 50.587 80.3112 29.6
    endloop
  endfacet
  facet normal -0.751892 -0.659286 0
    outer loop
      vertex 50.9772 79.7272 26
      vertex 50.822 79.9042 29.6
      vertex 50.822 79.9042 26
    endloop
  endfacet
  facet normal -0.751892 -0.659286 0
    outer loop
      vertex 50.822 79.9042 29.6
      vertex 50.9772 79.7272 26
      vertex 50.9772 79.7272 29.6
    endloop
  endfacet
  facet normal -1 0 0
    outer loop
      vertex -5.25 80 29.6
      vertex -5.25 82 30.6
      vertex -5.25 82 29.6
    endloop
  endfacet
  facet normal -1 -0 0
    outer loop
      vertex -5.25 82 30.6
      vertex -5.25 80 29.6
      vertex -5.25 80 30.6
    endloop
  endfacet
  facet normal 1 -0 0
    outer loop
      vertex 54.75 80 30.6
      vertex 54.75 82 29.6
      vertex 54.75 82 30.6
    endloop
  endfacet
  facet normal 1 0 0
    outer loop
      vertex 54.75 82 29.6
      vertex 54.75 80 30.6
      vertex 54.75 80 29.6
    endloop
  endfacet
  facet normal 0 1 0
    outer loop
      vertex 49.9617 82 30.6
      vertex 49.9617 82 29.6
      vertex 38.25 82 30.6
    endloop
  endfacet
  facet normal 0 1 0
    outer loop
      vertex 38.25 82 44
      vertex 33.25 82 41
      vertex 11.25 82 44
    endloop
  endfacet
  facet normal 0 1 -0
    outer loop
      vertex 38.25 82 30.6
      vertex 33.25 82 41
      vertex 38.25 82 44
    endloop
  endfacet
  facet normal 0 1 0
    outer loop
      vertex 38.25 82 29.6
      vertex 38.25 82 30.6
      vertex 49.9617 82 29.6
    endloop
  endfacet
  facet normal 0 1 0
    outer loop
      vertex 33.25 82 28
      vertex 38.25 82 30.6
      vertex 38.25 82 29.6
    endloop
  endfacet
  facet normal 0 1 0
    outer loop
      vertex 38.25 82 30.6
      vertex 33.25 82 28
      vertex 33.25 82 41
    endloop
  endfacet
  facet normal 0 1 0
    outer loop
      vertex 33.25 82 28
      vertex 36.25 82 22
      vertex 16.25 82 28
    endloop
  endfacet
  facet normal 0 1 0
    outer loop
      vertex 38.25 82 29.6
      vertex 36.25 82 22
      vertex 33.25 82 28
    endloop
  endfacet
  facet normal 0 1 -0
    outer loop
      vertex 38.25 82 21
      vertex 36.25 82 22
      vertex 38.25 82 29.6
    endloop
  endfacet
  facet normal 0 1 0
    outer loop
      vertex 36.25 82 22
      vertex 38.25 82 21
      vertex 36.25 82 21
    endloop
  endfacet
  facet normal 0 1 -0
    outer loop
      vertex 16.25 82 41
      vertex 11.25 82 44
      vertex 33.25 82 41
    endloop
  endfacet
  facet normal 0 1 0
    outer loop
      vertex 16.25 82 41
      vertex 11.25 82 30.6
      vertex 11.25 82 44
    endloop
  endfacet
  facet normal 0 1 0
    outer loop
      vertex 11.25 82 30.6
      vertex 11.25 82 29.6
      vertex -0.46165 82 30.6
    endloop
  endfacet
  facet normal 0 1 -0
    outer loop
      vertex 16.25 82 28
      vertex 11.25 82 30.6
      vertex 16.25 82 41
    endloop
  endfacet
  facet normal 0 1 0
    outer loop
      vertex 11.25 82 30.6
      vertex 16.25 82 28
      vertex 11.25 82 29.6
    endloop
  endfacet
  facet normal 0 1 0
    outer loop
      vertex 13.25 82 22
      vertex 16.25 82 28
      vertex 36.25 82 22
    endloop
  endfacet
  facet normal 0 1 -0
    outer loop
      vertex 13.25 82 22
      vertex 11.25 82 29.6
      vertex 16.25 82 28
    endloop
  endfacet
  facet normal 0 1 0
    outer loop
      vertex 11.25 82 21
      vertex 13.25 82 22
      vertex 13.25 82 21
    endloop
  endfacet
  facet normal 0 1 0
    outer loop
      vertex 13.25 82 22
      vertex 11.25 82 21
      vertex 11.25 82 29.6
    endloop
  endfacet
  facet normal 0 1 0
    outer loop
      vertex -0.46165 82 30.6
      vertex 11.25 82 29.6
      vertex -0.46165 82 29.6
    endloop
  endfacet
  facet normal 0 1 -0
    outer loop
      vertex 54.75 82 29.6
      vertex 54.5383 82 30.6
      vertex 54.75 82 30.6
    endloop
  endfacet
  facet normal 0 1 0
    outer loop
      vertex 54.5383 82 30.6
      vertex 54.75 82 29.6
      vertex 54.5383 82 29.6
    endloop
  endfacet
  facet normal 0 1 -0
    outer loop
      vertex -5.03835 82 29.6
      vertex -5.25 82 30.6
      vertex -5.03835 82 30.6
    endloop
  endfacet
  facet normal 0 1 0
    outer loop
      vertex -5.25 82 30.6
      vertex -5.03835 82 29.6
      vertex -5.25 82 29.6
    endloop
  endfacet
  facet normal 0 -1 0
    outer loop
      vertex 54.5383 80 29.6
      vertex 54.75 80 30.6
      vertex 54.5383 80 30.6
    endloop
  endfacet
  facet normal 0 -1 -0
    outer loop
      vertex 54.75 80 30.6
      vertex 54.5383 80 29.6
      vertex 54.75 80 29.6
    endloop
  endfacet
  facet normal 0 -1 0
    outer loop
      vertex -5.25 80 29.6
      vertex -5.03835 80 30.6
      vertex -5.25 80 30.6
    endloop
  endfacet
  facet normal 0 -1 -0
    outer loop
      vertex -5.03835 80 30.6
      vertex -5.25 80 29.6
      vertex -5.03835 80 29.6
    endloop
  endfacet
  facet normal 0 -1 0
    outer loop
      vertex -0.46165 80 30.6
      vertex -0.46165 80 29.6
      vertex 11.25 80 30.6
    endloop
  endfacet
  facet normal 0 -1 0
    outer loop
      vertex 11.25 80 44
      vertex 16.25 80 41
      vertex 38.25 80 44
    endloop
  endfacet
  facet normal 0 -1 0
    outer loop
      vertex 11.25 80 30.6
      vertex 16.25 80 41
      vertex 11.25 80 44
    endloop
  endfacet
  facet normal 0 -1 0
    outer loop
      vertex 11.25 80 29.6
      vertex 11.25 80 30.6
      vertex -0.46165 80 29.6
    endloop
  endfacet
  facet normal 0 -1 0
    outer loop
      vertex 16.25 80 28
      vertex 11.25 80 30.6
      vertex 11.25 80 29.6
    endloop
  endfacet
  facet normal 0 -1 0
    outer loop
      vertex 11.25 80 30.6
      vertex 16.25 80 28
      vertex 16.25 80 41
    endloop
  endfacet
  facet normal 0 -1 -0
    outer loop
      vertex 16.25 80 28
      vertex 11.25 80 21
      vertex 33.25 80 28
    endloop
  endfacet
  facet normal 0 -1 0
    outer loop
      vertex 11.25 80 21
      vertex 16.25 80 28
      vertex 11.25 80 29.6
    endloop
  endfacet
  facet normal 0 -1 0
    outer loop
      vertex 33.25 80 41
      vertex 38.25 80 44
      vertex 16.25 80 41
    endloop
  endfacet
  facet normal 0 -1 0
    outer loop
      vertex 33.25 80 41
      vertex 38.25 80 30.6
      vertex 38.25 80 44
    endloop
  endfacet
  facet normal 0 -1 0
    outer loop
      vertex 38.25 80 30.6
      vertex 38.25 80 29.6
      vertex 49.9617 80 30.6
    endloop
  endfacet
  facet normal 0 -1 0
    outer loop
      vertex 33.25 80 28
      vertex 38.25 80 30.6
      vertex 33.25 80 41
    endloop
  endfacet
  facet normal 0 -1 -0
    outer loop
      vertex 38.25 80 30.6
      vertex 33.25 80 28
      vertex 38.25 80 29.6
    endloop
  endfacet
  facet normal 0 -1 0
    outer loop
      vertex 33.25 80 28
      vertex 38.25 80 21
      vertex 38.25 80 29.6
    endloop
  endfacet
  facet normal 0 -1 0
    outer loop
      vertex 38.25 80 21
      vertex 33.25 80 28
      vertex 11.25 80 21
    endloop
  endfacet
  facet normal 0 -1 -0
    outer loop
      vertex 49.9617 80 30.6
      vertex 38.25 80 29.6
      vertex 49.9617 80 29.6
    endloop
  endfacet
  facet normal -1 0 0
    outer loop
      vertex 11.25 80 21
      vertex 11.25 82 29.6
      vertex 11.25 82 21
    endloop
  endfacet
  facet normal -1 -0 0
    outer loop
      vertex 11.25 82 29.6
      vertex 11.25 80 21
      vertex 11.25 80 29.6
    endloop
  endfacet
  facet normal -1 0 0
    outer loop
      vertex 11.25 80 30.6
      vertex 11.25 82 44
      vertex 11.25 82 30.6
    endloop
  endfacet
  facet normal -1 -0 0
    outer loop
      vertex 11.25 82 44
      vertex 11.25 80 30.6
      vertex 11.25 80 44
    endloop
  endfacet
  facet normal -0 0 1
    outer loop
      vertex 11.25 82 44
      vertex 38.25 80 44
      vertex 38.25 82 44
    endloop
  endfacet
  facet normal 0 0 1
    outer loop
      vertex 38.25 80 44
      vertex 11.25 82 44
      vertex 11.25 80 44
    endloop
  endfacet
  facet normal 1 -0 0
    outer loop
      vertex 38.25 80 44
      vertex 38.25 82 30.6
      vertex 38.25 82 44
    endloop
  endfacet
  facet normal 1 0 0
    outer loop
      vertex 38.25 82 30.6
      vertex 38.25 80 44
      vertex 38.25 80 30.6
    endloop
  endfacet
  facet normal 1 -0 0
    outer loop
      vertex 38.25 80 29.6
      vertex 38.25 82 21
      vertex 38.25 82 29.6
    endloop
  endfacet
  facet normal 1 0 0
    outer loop
      vertex 38.25 82 21
      vertex 38.25 80 29.6
      vertex 38.25 80 21
    endloop
  endfacet
  facet normal 0 0 -1
    outer loop
      vertex 38.25 80 21
      vertex 36.25 82 21
      vertex 38.25 82 21
    endloop
  endfacet
  facet normal 0 0 -1
    outer loop
      vertex 36.25 82 21
      vertex 13.25 82 21
      vertex 36.25 94 21
    endloop
  endfacet
  facet normal 0 0 -1
    outer loop
      vertex 38.25 80 21
      vertex 13.25 82 21
      vertex 36.25 82 21
    endloop
  endfacet
  facet normal 0 0 -1
    outer loop
      vertex 11.25 80 21
      vertex 13.25 82 21
      vertex 38.25 80 21
    endloop
  endfacet
  facet normal -0 0 -1
    outer loop
      vertex 13.25 82 21
      vertex 11.25 80 21
      vertex 11.25 82 21
    endloop
  endfacet
  facet normal -0 0 -1
    outer loop
      vertex 36.25 94 21
      vertex 13.25 82 21
      vertex 13.25 94 21
    endloop
  endfacet
  facet normal -1 0 0
    outer loop
      vertex 13.25 82 21
      vertex 13.25 94 22
      vertex 13.25 94 21
    endloop
  endfacet
  facet normal -1 -0 0
    outer loop
      vertex 13.25 94 22
      vertex 13.25 82 21
      vertex 13.25 82 22
    endloop
  endfacet
  facet normal -0 0 1
    outer loop
      vertex 13.25 94 22
      vertex 36.25 82 22
      vertex 36.25 94 22
    endloop
  endfacet
  facet normal 0 0 1
    outer loop
      vertex 36.25 82 22
      vertex 13.25 94 22
      vertex 13.25 82 22
    endloop
  endfacet
  facet normal 1 -0 0
    outer loop
      vertex 36.25 82 22
      vertex 36.25 94 21
      vertex 36.25 94 22
    endloop
  endfacet
  facet normal 1 0 0
    outer loop
      vertex 36.25 94 21
      vertex 36.25 82 22
      vertex 36.25 82 21
    endloop
  endfacet
  facet normal 0 1 -0
    outer loop
      vertex 36.25 94 21
      vertex 13.25 94 22
      vertex 36.25 94 22
    endloop
  endfacet
  facet normal 0 1 0
    outer loop
      vertex 13.25 94 22
      vertex 36.25 94 21
      vertex 13.25 94 21
    endloop
  endfacet
  facet normal -0.997856 -0.0654405 0
    outer loop
      vertex -1.55 81 26
      vertex -1.56027 81.1566 30.6
      vertex -1.56027 81.1566 26
    endloop
  endfacet
  facet normal -0.997856 -0.0654405 0
    outer loop
      vertex -1.56027 81.1566 30.6
      vertex -1.55 81 26
      vertex -1.55 81 30.6
    endloop
  endfacet
  facet normal 0.0656183 -0.997845 0
    outer loop
      vertex -2.90663 82.1897 26
      vertex -2.75 82.2 30.6
      vertex -2.90663 82.1897 30.6
    endloop
  endfacet
  facet normal 0.0656183 -0.997845 0
    outer loop
      vertex -2.75 82.2 30.6
      vertex -2.90663 82.1897 26
      vertex -2.75 82.2 26
    endloop
  endfacet
  facet normal -0.0656183 0.997845 0
    outer loop
      vertex -2.59337 79.8103 26
      vertex -2.75 79.8 30.6
      vertex -2.59337 79.8103 30.6
    endloop
  endfacet
  facet normal -0.0656183 0.997845 0
    outer loop
      vertex -2.75 79.8 30.6
      vertex -2.59337 79.8103 26
      vertex -2.75 79.8 26
    endloop
  endfacet
  facet normal -0.659343 -0.751842 0
    outer loop
      vertex -2.01949 81.952 26
      vertex -1.90147 81.8485 30.6
      vertex -2.01949 81.952 30.6
    endloop
  endfacet
  facet normal -0.659343 -0.751842 -0
    outer loop
      vertex -1.90147 81.8485 30.6
      vertex -2.01949 81.952 26
      vertex -1.90147 81.8485 26
    endloop
  endfacet
  facet normal 0.751818 -0.65937 0
    outer loop
      vertex -3.70202 81.7305 30.6
      vertex -3.59853 81.8485 26
      vertex -3.59853 81.8485 30.6
    endloop
  endfacet
  facet normal 0.751818 -0.65937 0
    outer loop
      vertex -3.59853 81.8485 26
      vertex -3.70202 81.7305 30.6
      vertex -3.70202 81.7305 26
    endloop
  endfacet
  facet normal 0.442673 -0.896683 0
    outer loop
      vertex -3.35 82.0392 26
      vertex -3.20922 82.1087 30.6
      vertex -3.35 82.0392 30.6
    endloop
  endfacet
  facet normal 0.442673 -0.896683 0
    outer loop
      vertex -3.20922 82.1087 30.6
      vertex -3.35 82.0392 26
      vertex -3.20922 82.1087 26
    endloop
  endfacet
  facet normal -0.896885 -0.442264 0
    outer loop
      vertex -1.64134 81.4592 26
      vertex -1.71077 81.6 30.6
      vertex -1.71077 81.6 26
    endloop
  endfacet
  facet normal -0.896885 -0.442264 0
    outer loop
      vertex -1.71077 81.6 30.6
      vertex -1.64134 81.4592 26
      vertex -1.64134 81.4592 30.6
    endloop
  endfacet
  facet normal -0.321117 -0.94704 0
    outer loop
      vertex -2.43942 82.1591 26
      vertex -2.29078 82.1087 30.6
      vertex -2.43942 82.1591 30.6
    endloop
  endfacet
  facet normal -0.321117 -0.94704 -0
    outer loop
      vertex -2.29078 82.1087 30.6
      vertex -2.43942 82.1591 26
      vertex -2.29078 82.1087 26
    endloop
  endfacet
  facet normal -0.194952 -0.980813 0
    outer loop
      vertex -2.59337 82.1897 26
      vertex -2.43942 82.1591 30.6
      vertex -2.59337 82.1897 30.6
    endloop
  endfacet
  facet normal -0.194952 -0.980813 -0
    outer loop
      vertex -2.43942 82.1591 30.6
      vertex -2.59337 82.1897 26
      vertex -2.43942 82.1591 26
    endloop
  endfacet
  facet normal -0.442673 -0.896683 0
    outer loop
      vertex -2.29078 82.1087 26
      vertex -2.15 82.0392 30.6
      vertex -2.29078 82.1087 30.6
    endloop
  endfacet
  facet normal -0.442673 -0.896683 -0
    outer loop
      vertex -2.15 82.0392 30.6
      vertex -2.29078 82.1087 26
      vertex -2.15 82.0392 26
    endloop
  endfacet
  facet normal 0.946897 -0.321537 0
    outer loop
      vertex -3.90911 81.3106 30.6
      vertex -3.85865 81.4592 26
      vertex -3.85865 81.4592 30.6
    endloop
  endfacet
  facet normal 0.946897 -0.321537 0
    outer loop
      vertex -3.85865 81.4592 26
      vertex -3.90911 81.3106 30.6
      vertex -3.90911 81.3106 26
    endloop
  endfacet
  facet normal 0.980801 -0.195014 0
    outer loop
      vertex -3.93973 81.1566 30.6
      vertex -3.90911 81.3106 26
      vertex -3.90911 81.3106 30.6
    endloop
  endfacet
  facet normal 0.980801 -0.195014 0
    outer loop
      vertex -3.90911 81.3106 26
      vertex -3.93973 81.1566 30.6
      vertex -3.93973 81.1566 26
    endloop
  endfacet
  facet normal 0.321117 -0.94704 0
    outer loop
      vertex -3.20922 82.1087 26
      vertex -3.06058 82.1591 30.6
      vertex -3.20922 82.1087 30.6
    endloop
  endfacet
  facet normal 0.321117 -0.94704 0
    outer loop
      vertex -3.06058 82.1591 30.6
      vertex -3.20922 82.1087 26
      vertex -3.06058 82.1591 26
    endloop
  endfacet
  facet normal 0.831432 0.555626 0
    outer loop
      vertex -3.70202 80.2695 30.6
      vertex -3.78923 80.4 26
      vertex -3.78923 80.4 30.6
    endloop
  endfacet
  facet normal 0.831432 0.555626 0
    outer loop
      vertex -3.78923 80.4 26
      vertex -3.70202 80.2695 30.6
      vertex -3.70202 80.2695 26
    endloop
  endfacet
  facet normal -0.194952 0.980813 0
    outer loop
      vertex -2.43942 79.8409 26
      vertex -2.59337 79.8103 30.6
      vertex -2.43942 79.8409 30.6
    endloop
  endfacet
  facet normal -0.194952 0.980813 0
    outer loop
      vertex -2.59337 79.8103 30.6
      vertex -2.43942 79.8409 26
      vertex -2.59337 79.8103 26
    endloop
  endfacet
  facet normal -0.442673 0.896683 0
    outer loop
      vertex -2.15 79.9608 26
      vertex -2.29078 79.8913 30.6
      vertex -2.15 79.9608 30.6
    endloop
  endfacet
  facet normal -0.442673 0.896683 0
    outer loop
      vertex -2.29078 79.8913 30.6
      vertex -2.15 79.9608 26
      vertex -2.29078 79.8913 26
    endloop
  endfacet
  facet normal -0.946916 -0.32148 0
    outer loop
      vertex -1.59089 81.3106 26
      vertex -1.64134 81.4592 30.6
      vertex -1.64134 81.4592 26
    endloop
  endfacet
  facet normal -0.946916 -0.32148 0
    outer loop
      vertex -1.64134 81.4592 30.6
      vertex -1.59089 81.3106 26
      vertex -1.59089 81.3106 30.6
    endloop
  endfacet
  facet normal -0.980801 -0.195014 0
    outer loop
      vertex -1.56027 81.1566 26
      vertex -1.59089 81.3106 30.6
      vertex -1.59089 81.3106 26
    endloop
  endfacet
  facet normal -0.980801 -0.195014 0
    outer loop
      vertex -1.59089 81.3106 30.6
      vertex -1.56027 81.1566 26
      vertex -1.56027 81.1566 30.6
    endloop
  endfacet
  facet normal -0.751818 -0.65937 0
    outer loop
      vertex -1.79798 81.7305 26
      vertex -1.90147 81.8485 30.6
      vertex -1.90147 81.8485 26
    endloop
  endfacet
  facet normal -0.751818 -0.65937 0
    outer loop
      vertex -1.90147 81.8485 30.6
      vertex -1.79798 81.7305 26
      vertex -1.79798 81.7305 30.6
    endloop
  endfacet
  facet normal -0.831432 -0.555626 0
    outer loop
      vertex -1.71077 81.6 26
      vertex -1.79798 81.7305 30.6
      vertex -1.79798 81.7305 26
    endloop
  endfacet
  facet normal -0.831432 -0.555626 0
    outer loop
      vertex -1.79798 81.7305 30.6
      vertex -1.71077 81.6 26
      vertex -1.71077 81.6 30.6
    endloop
  endfacet
  facet normal -0.0656183 -0.997845 0
    outer loop
      vertex -2.75 82.2 26
      vertex -2.59337 82.1897 30.6
      vertex -2.75 82.2 30.6
    endloop
  endfacet
  facet normal -0.0656183 -0.997845 -0
    outer loop
      vertex -2.59337 82.1897 30.6
      vertex -2.75 82.2 26
      vertex -2.59337 82.1897 26
    endloop
  endfacet
  facet normal -0.555553 -0.831481 0
    outer loop
      vertex -2.15 82.0392 26
      vertex -2.01949 81.952 30.6
      vertex -2.15 82.0392 30.6
    endloop
  endfacet
  facet normal -0.555553 -0.831481 -0
    outer loop
      vertex -2.01949 81.952 30.6
      vertex -2.15 82.0392 26
      vertex -2.01949 81.952 26
    endloop
  endfacet
  facet normal 0.89691 -0.442212 0
    outer loop
      vertex -3.85865 81.4592 30.6
      vertex -3.78923 81.6 26
      vertex -3.78923 81.6 30.6
    endloop
  endfacet
  facet normal 0.89691 -0.442212 0
    outer loop
      vertex -3.78923 81.6 26
      vertex -3.85865 81.4592 30.6
      vertex -3.85865 81.4592 26
    endloop
  endfacet
  facet normal 0.831432 -0.555626 0
    outer loop
      vertex -3.78923 81.6 30.6
      vertex -3.70202 81.7305 26
      vertex -3.70202 81.7305 30.6
    endloop
  endfacet
  facet normal 0.831432 -0.555626 0
    outer loop
      vertex -3.70202 81.7305 26
      vertex -3.78923 81.6 30.6
      vertex -3.78923 81.6 26
    endloop
  endfacet
  facet normal 0.997856 -0.0654405 0
    outer loop
      vertex -3.95 81 30.6
      vertex -3.93973 81.1566 26
      vertex -3.93973 81.1566 30.6
    endloop
  endfacet
  facet normal 0.997856 -0.0654405 0
    outer loop
      vertex -3.93973 81.1566 26
      vertex -3.95 81 30.6
      vertex -3.95 81 26
    endloop
  endfacet
  facet normal 0.555553 -0.831481 0
    outer loop
      vertex -3.48051 81.952 26
      vertex -3.35 82.0392 30.6
      vertex -3.48051 81.952 30.6
    endloop
  endfacet
  facet normal 0.555553 -0.831481 0
    outer loop
      vertex -3.35 82.0392 30.6
      vertex -3.48051 81.952 26
      vertex -3.35 82.0392 26
    endloop
  endfacet
  facet normal 0.659343 -0.751842 0
    outer loop
      vertex -3.59853 81.8485 26
      vertex -3.48051 81.952 30.6
      vertex -3.59853 81.8485 30.6
    endloop
  endfacet
  facet normal 0.659343 -0.751842 0
    outer loop
      vertex -3.48051 81.952 30.6
      vertex -3.59853 81.8485 26
      vertex -3.48051 81.952 26
    endloop
  endfacet
  facet normal 0.194952 -0.980813 0
    outer loop
      vertex -3.06058 82.1591 26
      vertex -2.90663 82.1897 30.6
      vertex -3.06058 82.1591 30.6
    endloop
  endfacet
  facet normal 0.194952 -0.980813 0
    outer loop
      vertex -2.90663 82.1897 30.6
      vertex -3.06058 82.1591 26
      vertex -2.90663 82.1897 26
    endloop
  endfacet
  facet normal -0.997856 0.0654405 0
    outer loop
      vertex -1.56027 80.8434 26
      vertex -1.55 81 30.6
      vertex -1.55 81 26
    endloop
  endfacet
  facet normal -0.997856 0.0654405 0
    outer loop
      vertex -1.55 81 30.6
      vertex -1.56027 80.8434 26
      vertex -1.56027 80.8434 30.6
    endloop
  endfacet
  facet normal -0.555553 0.831481 0
    outer loop
      vertex -2.01949 80.048 26
      vertex -2.15 79.9608 30.6
      vertex -2.01949 80.048 30.6
    endloop
  endfacet
  facet normal -0.555553 0.831481 0
    outer loop
      vertex -2.15 79.9608 30.6
      vertex -2.01949 80.048 26
      vertex -2.15 79.9608 26
    endloop
  endfacet
  facet normal -0.751818 0.65937 0
    outer loop
      vertex -1.90147 80.1515 26
      vertex -1.79798 80.2695 30.6
      vertex -1.79798 80.2695 26
    endloop
  endfacet
  facet normal -0.751818 0.65937 0
    outer loop
      vertex -1.79798 80.2695 30.6
      vertex -1.90147 80.1515 26
      vertex -1.90147 80.1515 30.6
    endloop
  endfacet
  facet normal -0.946916 0.32148 0
    outer loop
      vertex -1.64134 80.5408 26
      vertex -1.59089 80.6894 30.6
      vertex -1.59089 80.6894 26
    endloop
  endfacet
  facet normal -0.946916 0.32148 0
    outer loop
      vertex -1.59089 80.6894 30.6
      vertex -1.64134 80.5408 26
      vertex -1.64134 80.5408 30.6
    endloop
  endfacet
  facet normal -0.980801 0.195014 0
    outer loop
      vertex -1.59089 80.6894 26
      vertex -1.56027 80.8434 30.6
      vertex -1.56027 80.8434 26
    endloop
  endfacet
  facet normal -0.980801 0.195014 0
    outer loop
      vertex -1.56027 80.8434 30.6
      vertex -1.59089 80.6894 26
      vertex -1.59089 80.6894 30.6
    endloop
  endfacet
  facet normal 0.997856 0.0654405 0
    outer loop
      vertex -3.93973 80.8434 30.6
      vertex -3.95 81 26
      vertex -3.95 81 30.6
    endloop
  endfacet
  facet normal 0.997856 0.0654405 0
    outer loop
      vertex -3.95 81 26
      vertex -3.93973 80.8434 30.6
      vertex -3.93973 80.8434 26
    endloop
  endfacet
  facet normal -0.831432 0.555626 0
    outer loop
      vertex -1.79798 80.2695 26
      vertex -1.71077 80.4 30.6
      vertex -1.71077 80.4 26
    endloop
  endfacet
  facet normal -0.831432 0.555626 0
    outer loop
      vertex -1.71077 80.4 30.6
      vertex -1.79798 80.2695 26
      vertex -1.79798 80.2695 30.6
    endloop
  endfacet
  facet normal 0.659343 0.751842 -0
    outer loop
      vertex -3.48051 80.048 26
      vertex -3.59853 80.1515 30.6
      vertex -3.48051 80.048 30.6
    endloop
  endfacet
  facet normal 0.659343 0.751842 0
    outer loop
      vertex -3.59853 80.1515 30.6
      vertex -3.48051 80.048 26
      vertex -3.59853 80.1515 26
    endloop
  endfacet
  facet normal 0.89691 0.442212 0
    outer loop
      vertex -3.78923 80.4 30.6
      vertex -3.85865 80.5408 26
      vertex -3.85865 80.5408 30.6
    endloop
  endfacet
  facet normal 0.89691 0.442212 0
    outer loop
      vertex -3.85865 80.5408 26
      vertex -3.78923 80.4 30.6
      vertex -3.78923 80.4 26
    endloop
  endfacet
  facet normal -0.321117 0.94704 0
    outer loop
      vertex -2.29078 79.8913 26
      vertex -2.43942 79.8409 30.6
      vertex -2.29078 79.8913 30.6
    endloop
  endfacet
  facet normal -0.321117 0.94704 0
    outer loop
      vertex -2.43942 79.8409 30.6
      vertex -2.29078 79.8913 26
      vertex -2.43942 79.8409 26
    endloop
  endfacet
  facet normal -0.896885 0.442264 0
    outer loop
      vertex -1.71077 80.4 26
      vertex -1.64134 80.5408 30.6
      vertex -1.64134 80.5408 26
    endloop
  endfacet
  facet normal -0.896885 0.442264 0
    outer loop
      vertex -1.64134 80.5408 30.6
      vertex -1.71077 80.4 26
      vertex -1.71077 80.4 30.6
    endloop
  endfacet
  facet normal -0.659343 0.751842 0
    outer loop
      vertex -1.90147 80.1515 26
      vertex -2.01949 80.048 30.6
      vertex -1.90147 80.1515 30.6
    endloop
  endfacet
  facet normal -0.659343 0.751842 0
    outer loop
      vertex -2.01949 80.048 30.6
      vertex -1.90147 80.1515 26
      vertex -2.01949 80.048 26
    endloop
  endfacet
  facet normal 0.321117 0.94704 -0
    outer loop
      vertex -3.06058 79.8409 26
      vertex -3.20922 79.8913 30.6
      vertex -3.06058 79.8409 30.6
    endloop
  endfacet
  facet normal 0.321117 0.94704 0
    outer loop
      vertex -3.20922 79.8913 30.6
      vertex -3.06058 79.8409 26
      vertex -3.20922 79.8913 26
    endloop
  endfacet
  facet normal 0.194952 0.980813 -0
    outer loop
      vertex -2.90663 79.8103 26
      vertex -3.06058 79.8409 30.6
      vertex -2.90663 79.8103 30.6
    endloop
  endfacet
  facet normal 0.194952 0.980813 0
    outer loop
      vertex -3.06058 79.8409 30.6
      vertex -2.90663 79.8103 26
      vertex -3.06058 79.8409 26
    endloop
  endfacet
  facet normal 0.751818 0.65937 0
    outer loop
      vertex -3.59853 80.1515 30.6
      vertex -3.70202 80.2695 26
      vertex -3.70202 80.2695 30.6
    endloop
  endfacet
  facet normal 0.751818 0.65937 0
    outer loop
      vertex -3.70202 80.2695 26
      vertex -3.59853 80.1515 30.6
      vertex -3.59853 80.1515 26
    endloop
  endfacet
  facet normal 0.946897 0.321537 0
    outer loop
      vertex -3.85865 80.5408 30.6
      vertex -3.90911 80.6894 26
      vertex -3.90911 80.6894 30.6
    endloop
  endfacet
  facet normal 0.946897 0.321537 0
    outer loop
      vertex -3.90911 80.6894 26
      vertex -3.85865 80.5408 30.6
      vertex -3.85865 80.5408 26
    endloop
  endfacet
  facet normal 0.980801 0.195014 0
    outer loop
      vertex -3.90911 80.6894 30.6
      vertex -3.93973 80.8434 26
      vertex -3.93973 80.8434 30.6
    endloop
  endfacet
  facet normal 0.980801 0.195014 0
    outer loop
      vertex -3.93973 80.8434 26
      vertex -3.90911 80.6894 30.6
      vertex -3.90911 80.6894 26
    endloop
  endfacet
  facet normal 0.442673 0.896683 -0
    outer loop
      vertex -3.20922 79.8913 26
      vertex -3.35 79.9608 30.6
      vertex -3.20922 79.8913 30.6
    endloop
  endfacet
  facet normal 0.442673 0.896683 0
    outer loop
      vertex -3.35 79.9608 30.6
      vertex -3.20922 79.8913 26
      vertex -3.35 79.9608 26
    endloop
  endfacet
  facet normal 0.555553 0.831481 -0
    outer loop
      vertex -3.35 79.9608 26
      vertex -3.48051 80.048 30.6
      vertex -3.35 79.9608 30.6
    endloop
  endfacet
  facet normal 0.555553 0.831481 0
    outer loop
      vertex -3.48051 80.048 30.6
      vertex -3.35 79.9608 26
      vertex -3.48051 80.048 26
    endloop
  endfacet
  facet normal 0.0656183 0.997845 -0
    outer loop
      vertex -2.75 79.8 26
      vertex -2.90663 79.8103 30.6
      vertex -2.75 79.8 30.6
    endloop
  endfacet
  facet normal 0.0656183 0.997845 0
    outer loop
      vertex -2.90663 79.8103 30.6
      vertex -2.75 79.8 26
      vertex -2.90663 79.8103 26
    endloop
  endfacet
  facet normal -0.997844 -0.0656309 0
    outer loop
      vertex 53.45 81 26
      vertex 53.4397 81.1566 30.6
      vertex 53.4397 81.1566 26
    endloop
  endfacet
  facet normal -0.997844 -0.0656309 0
    outer loop
      vertex 53.4397 81.1566 30.6
      vertex 53.45 81 26
      vertex 53.45 81 30.6
    endloop
  endfacet
  facet normal 0.0656309 -0.997844 0
    outer loop
      vertex 52.0934 82.1897 26
      vertex 52.25 82.2 30.6
      vertex 52.0934 82.1897 30.6
    endloop
  endfacet
  facet normal 0.0656309 -0.997844 0
    outer loop
      vertex 52.25 82.2 30.6
      vertex 52.0934 82.1897 26
      vertex 52.25 82.2 26
    endloop
  endfacet
  facet normal -0.0656309 0.997844 0
    outer loop
      vertex 52.4066 79.8103 26
      vertex 52.25 79.8 30.6
      vertex 52.4066 79.8103 30.6
    endloop
  endfacet
  facet normal -0.0656309 0.997844 0
    outer loop
      vertex 52.25 79.8 30.6
      vertex 52.4066 79.8103 26
      vertex 52.25 79.8 26
    endloop
  endfacet
  facet normal -0.659406 -0.751787 0
    outer loop
      vertex 52.9805 81.952 26
      vertex 53.0985 81.8485 30.6
      vertex 52.9805 81.952 30.6
    endloop
  endfacet
  facet normal -0.659406 -0.751787 -0
    outer loop
      vertex 53.0985 81.8485 30.6
      vertex 52.9805 81.952 26
      vertex 53.0985 81.8485 26
    endloop
  endfacet
  facet normal 0.751787 -0.659406 0
    outer loop
      vertex 51.298 81.7305 30.6
      vertex 51.4015 81.8485 26
      vertex 51.4015 81.8485 30.6
    endloop
  endfacet
  facet normal 0.751787 -0.659406 0
    outer loop
      vertex 51.4015 81.8485 26
      vertex 51.298 81.7305 30.6
      vertex 51.298 81.7305 26
    endloop
  endfacet
  facet normal 0.442622 -0.896708 0
    outer loop
      vertex 51.65 82.0392 26
      vertex 51.7908 82.1087 30.6
      vertex 51.65 82.0392 30.6
    endloop
  endfacet
  facet normal 0.442622 -0.896708 0
    outer loop
      vertex 51.7908 82.1087 30.6
      vertex 51.65 82.0392 26
      vertex 51.7908 82.1087 26
    endloop
  endfacet
  facet normal -0.896708 -0.442622 0
    outer loop
      vertex 53.3587 81.4592 26
      vertex 53.2892 81.6 30.6
      vertex 53.2892 81.6 26
    endloop
  endfacet
  facet normal -0.896708 -0.442622 0
    outer loop
      vertex 53.2892 81.6 30.6
      vertex 53.3587 81.4592 26
      vertex 53.3587 81.4592 30.6
    endloop
  endfacet
  facet normal -0.321194 -0.947013 0
    outer loop
      vertex 52.5606 82.1591 26
      vertex 52.7092 82.1087 30.6
      vertex 52.5606 82.1591 30.6
    endloop
  endfacet
  facet normal -0.321194 -0.947013 -0
    outer loop
      vertex 52.7092 82.1087 30.6
      vertex 52.5606 82.1591 26
      vertex 52.7092 82.1087 26
    endloop
  endfacet
  facet normal -0.194891 -0.980825 0
    outer loop
      vertex 52.4066 82.1897 26
      vertex 52.5606 82.1591 30.6
      vertex 52.4066 82.1897 30.6
    endloop
  endfacet
  facet normal -0.194891 -0.980825 -0
    outer loop
      vertex 52.5606 82.1591 30.6
      vertex 52.4066 82.1897 26
      vertex 52.5606 82.1591 26
    endloop
  endfacet
  facet normal -0.442622 -0.896708 0
    outer loop
      vertex 52.7092 82.1087 26
      vertex 52.85 82.0392 30.6
      vertex 52.7092 82.1087 30.6
    endloop
  endfacet
  facet normal -0.442622 -0.896708 -0
    outer loop
      vertex 52.85 82.0392 30.6
      vertex 52.7092 82.1087 26
      vertex 52.85 82.0392 26
    endloop
  endfacet
  facet normal 0.947013 -0.321194 0
    outer loop
      vertex 51.0909 81.3106 30.6
      vertex 51.1413 81.4592 26
      vertex 51.1413 81.4592 30.6
    endloop
  endfacet
  facet normal 0.947013 -0.321194 0
    outer loop
      vertex 51.1413 81.4592 26
      vertex 51.0909 81.3106 30.6
      vertex 51.0909 81.3106 26
    endloop
  endfacet
  facet normal 0.980825 -0.194891 0
    outer loop
      vertex 51.0603 81.1566 30.6
      vertex 51.0909 81.3106 26
      vertex 51.0909 81.3106 30.6
    endloop
  endfacet
  facet normal 0.980825 -0.194891 0
    outer loop
      vertex 51.0909 81.3106 26
      vertex 51.0603 81.1566 30.6
      vertex 51.0603 81.1566 26
    endloop
  endfacet
  facet normal 0.321194 -0.947013 0
    outer loop
      vertex 51.7908 82.1087 26
      vertex 51.9394 82.1591 30.6
      vertex 51.7908 82.1087 30.6
    endloop
  endfacet
  facet normal 0.321194 -0.947013 0
    outer loop
      vertex 51.9394 82.1591 30.6
      vertex 51.7908 82.1087 26
      vertex 51.9394 82.1591 26
    endloop
  endfacet
  facet normal -0.194891 0.980825 0
    outer loop
      vertex 52.5606 79.8409 26
      vertex 52.4066 79.8103 30.6
      vertex 52.5606 79.8409 30.6
    endloop
  endfacet
  facet normal -0.194891 0.980825 0
    outer loop
      vertex 52.4066 79.8103 30.6
      vertex 52.5606 79.8409 26
      vertex 52.4066 79.8103 26
    endloop
  endfacet
  facet normal -0.947013 -0.321194 0
    outer loop
      vertex 53.4091 81.3106 26
      vertex 53.3587 81.4592 30.6
      vertex 53.3587 81.4592 26
    endloop
  endfacet
  facet normal -0.947013 -0.321194 0
    outer loop
      vertex 53.3587 81.4592 30.6
      vertex 53.4091 81.3106 26
      vertex 53.4091 81.3106 30.6
    endloop
  endfacet
  facet normal -0.980825 -0.194891 0
    outer loop
      vertex 53.4397 81.1566 26
      vertex 53.4091 81.3106 30.6
      vertex 53.4091 81.3106 26
    endloop
  endfacet
  facet normal -0.980825 -0.194891 0
    outer loop
      vertex 53.4091 81.3106 30.6
      vertex 53.4397 81.1566 26
      vertex 53.4397 81.1566 30.6
    endloop
  endfacet
  facet normal -0.751787 -0.659406 0
    outer loop
      vertex 53.202 81.7305 26
      vertex 53.0985 81.8485 30.6
      vertex 53.0985 81.8485 26
    endloop
  endfacet
  facet normal -0.751787 -0.659406 0
    outer loop
      vertex 53.0985 81.8485 30.6
      vertex 53.202 81.7305 26
      vertex 53.202 81.7305 30.6
    endloop
  endfacet
  facet normal -0.831462 -0.555582 0
    outer loop
      vertex 53.2892 81.6 26
      vertex 53.202 81.7305 30.6
      vertex 53.202 81.7305 26
    endloop
  endfacet
  facet normal -0.831462 -0.555582 0
    outer loop
      vertex 53.202 81.7305 30.6
      vertex 53.2892 81.6 26
      vertex 53.2892 81.6 30.6
    endloop
  endfacet
  facet normal -0.0656309 -0.997844 0
    outer loop
      vertex 52.25 82.2 26
      vertex 52.4066 82.1897 30.6
      vertex 52.25 82.2 30.6
    endloop
  endfacet
  facet normal -0.0656309 -0.997844 -0
    outer loop
      vertex 52.4066 82.1897 30.6
      vertex 52.25 82.2 26
      vertex 52.4066 82.1897 26
    endloop
  endfacet
  facet normal -0.555582 -0.831462 0
    outer loop
      vertex 52.85 82.0392 26
      vertex 52.9805 81.952 30.6
      vertex 52.85 82.0392 30.6
    endloop
  endfacet
  facet normal -0.555582 -0.831462 -0
    outer loop
      vertex 52.9805 81.952 30.6
      vertex 52.85 82.0392 26
      vertex 52.9805 81.952 26
    endloop
  endfacet
  facet normal 0.896708 -0.442622 0
    outer loop
      vertex 51.1413 81.4592 30.6
      vertex 51.2108 81.6 26
      vertex 51.2108 81.6 30.6
    endloop
  endfacet
  facet normal 0.896708 -0.442622 0
    outer loop
      vertex 51.2108 81.6 26
      vertex 51.1413 81.4592 30.6
      vertex 51.1413 81.4592 26
    endloop
  endfacet
  facet normal 0.831462 -0.555582 0
    outer loop
      vertex 51.2108 81.6 30.6
      vertex 51.298 81.7305 26
      vertex 51.298 81.7305 30.6
    endloop
  endfacet
  facet normal 0.831462 -0.555582 0
    outer loop
      vertex 51.298 81.7305 26
      vertex 51.2108 81.6 30.6
      vertex 51.2108 81.6 26
    endloop
  endfacet
  facet normal 0.997844 -0.0656309 0
    outer loop
      vertex 51.05 81 30.6
      vertex 51.0603 81.1566 26
      vertex 51.0603 81.1566 30.6
    endloop
  endfacet
  facet normal 0.997844 -0.0656309 0
    outer loop
      vertex 51.0603 81.1566 26
      vertex 51.05 81 30.6
      vertex 51.05 81 26
    endloop
  endfacet
  facet normal 0.555582 -0.831462 0
    outer loop
      vertex 51.5195 81.952 26
      vertex 51.65 82.0392 30.6
      vertex 51.5195 81.952 30.6
    endloop
  endfacet
  facet normal 0.555582 -0.831462 0
    outer loop
      vertex 51.65 82.0392 30.6
      vertex 51.5195 81.952 26
      vertex 51.65 82.0392 26
    endloop
  endfacet
  facet normal 0.659406 -0.751787 0
    outer loop
      vertex 51.4015 81.8485 26
      vertex 51.5195 81.952 30.6
      vertex 51.4015 81.8485 30.6
    endloop
  endfacet
  facet normal 0.659406 -0.751787 0
    outer loop
      vertex 51.5195 81.952 30.6
      vertex 51.4015 81.8485 26
      vertex 51.5195 81.952 26
    endloop
  endfacet
  facet normal 0.194891 -0.980825 0
    outer loop
      vertex 51.9394 82.1591 26
      vertex 52.0934 82.1897 30.6
      vertex 51.9394 82.1591 30.6
    endloop
  endfacet
  facet normal 0.194891 -0.980825 0
    outer loop
      vertex 52.0934 82.1897 30.6
      vertex 51.9394 82.1591 26
      vertex 52.0934 82.1897 26
    endloop
  endfacet
  facet normal -0.751787 0.659406 0
    outer loop
      vertex 53.0985 80.1515 26
      vertex 53.202 80.2695 30.6
      vertex 53.202 80.2695 26
    endloop
  endfacet
  facet normal -0.751787 0.659406 0
    outer loop
      vertex 53.202 80.2695 30.6
      vertex 53.0985 80.1515 26
      vertex 53.0985 80.1515 30.6
    endloop
  endfacet
  facet normal -0.947013 0.321194 0
    outer loop
      vertex 53.3587 80.5408 26
      vertex 53.4091 80.6894 30.6
      vertex 53.4091 80.6894 26
    endloop
  endfacet
  facet normal -0.947013 0.321194 0
    outer loop
      vertex 53.4091 80.6894 30.6
      vertex 53.3587 80.5408 26
      vertex 53.3587 80.5408 30.6
    endloop
  endfacet
  facet normal -0.980825 0.194891 0
    outer loop
      vertex 53.4091 80.6894 26
      vertex 53.4397 80.8434 30.6
      vertex 53.4397 80.8434 26
    endloop
  endfacet
  facet normal -0.980825 0.194891 0
    outer loop
      vertex 53.4397 80.8434 30.6
      vertex 53.4091 80.6894 26
      vertex 53.4091 80.6894 30.6
    endloop
  endfacet
  facet normal 0.997844 0.0656309 0
    outer loop
      vertex 51.0603 80.8434 30.6
      vertex 51.05 81 26
      vertex 51.05 81 30.6
    endloop
  endfacet
  facet normal 0.997844 0.0656309 0
    outer loop
      vertex 51.05 81 26
      vertex 51.0603 80.8434 30.6
      vertex 51.0603 80.8434 26
    endloop
  endfacet
  facet normal -0.831462 0.555582 0
    outer loop
      vertex 53.202 80.2695 26
      vertex 53.2892 80.4 30.6
      vertex 53.2892 80.4 26
    endloop
  endfacet
  facet normal -0.831462 0.555582 0
    outer loop
      vertex 53.2892 80.4 30.6
      vertex 53.202 80.2695 26
      vertex 53.202 80.2695 30.6
    endloop
  endfacet
  facet normal -0.997844 0.0656309 0
    outer loop
      vertex 53.4397 80.8434 26
      vertex 53.45 81 30.6
      vertex 53.45 81 26
    endloop
  endfacet
  facet normal -0.997844 0.0656309 0
    outer loop
      vertex 53.45 81 30.6
      vertex 53.4397 80.8434 26
      vertex 53.4397 80.8434 30.6
    endloop
  endfacet
  facet normal 0.659406 0.751787 -0
    outer loop
      vertex 51.5195 80.048 26
      vertex 51.4015 80.1515 30.6
      vertex 51.5195 80.048 30.6
    endloop
  endfacet
  facet normal 0.659406 0.751787 0
    outer loop
      vertex 51.4015 80.1515 30.6
      vertex 51.5195 80.048 26
      vertex 51.4015 80.1515 26
    endloop
  endfacet
  facet normal 0.896708 0.442622 0
    outer loop
      vertex 51.2108 80.4 30.6
      vertex 51.1413 80.5408 26
      vertex 51.1413 80.5408 30.6
    endloop
  endfacet
  facet normal 0.896708 0.442622 0
    outer loop
      vertex 51.1413 80.5408 26
      vertex 51.2108 80.4 30.6
      vertex 51.2108 80.4 26
    endloop
  endfacet
  facet normal 0.980825 0.194891 0
    outer loop
      vertex 51.0909 80.6894 30.6
      vertex 51.0603 80.8434 26
      vertex 51.0603 80.8434 30.6
    endloop
  endfacet
  facet normal 0.980825 0.194891 0
    outer loop
      vertex 51.0603 80.8434 26
      vertex 51.0909 80.6894 30.6
      vertex 51.0909 80.6894 26
    endloop
  endfacet
  facet normal -0.442622 0.896708 0
    outer loop
      vertex 52.85 79.9608 26
      vertex 52.7092 79.8913 30.6
      vertex 52.85 79.9608 30.6
    endloop
  endfacet
  facet normal -0.442622 0.896708 0
    outer loop
      vertex 52.7092 79.8913 30.6
      vertex 52.85 79.9608 26
      vertex 52.7092 79.8913 26
    endloop
  endfacet
  facet normal -0.321194 0.947013 0
    outer loop
      vertex 52.7092 79.8913 26
      vertex 52.5606 79.8409 30.6
      vertex 52.7092 79.8913 30.6
    endloop
  endfacet
  facet normal -0.321194 0.947013 0
    outer loop
      vertex 52.5606 79.8409 30.6
      vertex 52.7092 79.8913 26
      vertex 52.5606 79.8409 26
    endloop
  endfacet
  facet normal -0.896708 0.442622 0
    outer loop
      vertex 53.2892 80.4 26
      vertex 53.3587 80.5408 30.6
      vertex 53.3587 80.5408 26
    endloop
  endfacet
  facet normal -0.896708 0.442622 0
    outer loop
      vertex 53.3587 80.5408 30.6
      vertex 53.2892 80.4 26
      vertex 53.2892 80.4 30.6
    endloop
  endfacet
  facet normal -0.659406 0.751787 0
    outer loop
      vertex 53.0985 80.1515 26
      vertex 52.9805 80.048 30.6
      vertex 53.0985 80.1515 30.6
    endloop
  endfacet
  facet normal -0.659406 0.751787 0
    outer loop
      vertex 52.9805 80.048 30.6
      vertex 53.0985 80.1515 26
      vertex 52.9805 80.048 26
    endloop
  endfacet
  facet normal -0.555582 0.831462 0
    outer loop
      vertex 52.9805 80.048 26
      vertex 52.85 79.9608 30.6
      vertex 52.9805 80.048 30.6
    endloop
  endfacet
  facet normal -0.555582 0.831462 0
    outer loop
      vertex 52.85 79.9608 30.6
      vertex 52.9805 80.048 26
      vertex 52.85 79.9608 26
    endloop
  endfacet
  facet normal 0.321194 0.947013 -0
    outer loop
      vertex 51.9394 79.8409 26
      vertex 51.7908 79.8913 30.6
      vertex 51.9394 79.8409 30.6
    endloop
  endfacet
  facet normal 0.321194 0.947013 0
    outer loop
      vertex 51.7908 79.8913 30.6
      vertex 51.9394 79.8409 26
      vertex 51.7908 79.8913 26
    endloop
  endfacet
  facet normal 0.194891 0.980825 -0
    outer loop
      vertex 52.0934 79.8103 26
      vertex 51.9394 79.8409 30.6
      vertex 52.0934 79.8103 30.6
    endloop
  endfacet
  facet normal 0.194891 0.980825 0
    outer loop
      vertex 51.9394 79.8409 30.6
      vertex 52.0934 79.8103 26
      vertex 51.9394 79.8409 26
    endloop
  endfacet
  facet normal 0.751787 0.659406 0
    outer loop
      vertex 51.4015 80.1515 30.6
      vertex 51.298 80.2695 26
      vertex 51.298 80.2695 30.6
    endloop
  endfacet
  facet normal 0.751787 0.659406 0
    outer loop
      vertex 51.298 80.2695 26
      vertex 51.4015 80.1515 30.6
      vertex 51.4015 80.1515 26
    endloop
  endfacet
  facet normal 0.831462 0.555582 0
    outer loop
      vertex 51.298 80.2695 30.6
      vertex 51.2108 80.4 26
      vertex 51.2108 80.4 30.6
    endloop
  endfacet
  facet normal 0.831462 0.555582 0
    outer loop
      vertex 51.2108 80.4 26
      vertex 51.298 80.2695 30.6
      vertex 51.298 80.2695 26
    endloop
  endfacet
  facet normal 0.947013 0.321194 0
    outer loop
      vertex 51.1413 80.5408 30.6
      vertex 51.0909 80.6894 26
      vertex 51.0909 80.6894 30.6
    endloop
  endfacet
  facet normal 0.947013 0.321194 0
    outer loop
      vertex 51.0909 80.6894 26
      vertex 51.1413 80.5408 30.6
      vertex 51.1413 80.5408 26
    endloop
  endfacet
  facet normal 0.555582 0.831462 -0
    outer loop
      vertex 51.65 79.9608 26
      vertex 51.5195 80.048 30.6
      vertex 51.65 79.9608 30.6
    endloop
  endfacet
  facet normal 0.555582 0.831462 0
    outer loop
      vertex 51.5195 80.048 30.6
      vertex 51.65 79.9608 26
      vertex 51.5195 80.048 26
    endloop
  endfacet
  facet normal 0.442622 0.896708 -0
    outer loop
      vertex 51.7908 79.8913 26
      vertex 51.65 79.9608 30.6
      vertex 51.7908 79.8913 30.6
    endloop
  endfacet
  facet normal 0.442622 0.896708 0
    outer loop
      vertex 51.65 79.9608 30.6
      vertex 51.7908 79.8913 26
      vertex 51.65 79.9608 26
    endloop
  endfacet
  facet normal 0.0656309 0.997844 -0
    outer loop
      vertex 52.25 79.8 26
      vertex 52.0934 79.8103 30.6
      vertex 52.25 79.8 30.6
    endloop
  endfacet
  facet normal 0.0656309 0.997844 0
    outer loop
      vertex 52.0934 79.8103 30.6
      vertex 52.25 79.8 26
      vertex 52.0934 79.8103 26
    endloop
  endfacet
  facet normal 1 -0 0
    outer loop
      vertex 16.25 80 41
      vertex 16.25 82 28
      vertex 16.25 82 41
    endloop
  endfacet
  facet normal 1 0 0
    outer loop
      vertex 16.25 82 28
      vertex 16.25 80 41
      vertex 16.25 80 28
    endloop
  endfacet
  facet normal 0 0 -1
    outer loop
      vertex 16.25 80 41
      vertex 33.25 82 41
      vertex 33.25 80 41
    endloop
  endfacet
  facet normal -0 0 -1
    outer loop
      vertex 33.25 82 41
      vertex 16.25 80 41
      vertex 16.25 82 41
    endloop
  endfacet
  facet normal -1 0 0
    outer loop
      vertex 33.25 80 28
      vertex 33.25 82 41
      vertex 33.25 82 28
    endloop
  endfacet
  facet normal -1 -0 0
    outer loop
      vertex 33.25 82 41
      vertex 33.25 80 28
      vertex 33.25 80 41
    endloop
  endfacet
  facet normal -0 0 1
    outer loop
      vertex 16.25 82 28
      vertex 33.25 80 28
      vertex 33.25 82 28
    endloop
  endfacet
  facet normal 0 0 1
    outer loop
      vertex 33.25 80 28
      vertex 16.25 82 28
      vertex 16.25 80 28
    endloop
  endfacet
endsolid OpenSCAD_Model
