solid OpenSCAD_Model
  facet normal 0.997856 0.0654532 0
    outer loop
      vertex 2.25 49 27.3
      vertex 2.24144 49.1305 24
      vertex 2.24144 49.1305 27.3
    endloop
  endfacet
  facet normal 0.997856 0.0654532 0
    outer loop
      vertex 2.24144 49.1305 24
      vertex 2.25 49 27.3
      vertex 2.25 49 24
    endloop
  endfacet
  facet normal -0.997858 0.0654151 0
    outer loop
      vertex 0.25 49 24
      vertex 0.258555 49.1305 27.3
      vertex 0.258555 49.1305 24
    endloop
  endfacet
  facet normal -0.997858 0.0654151 0
    outer loop
      vertex 0.258555 49.1305 27.3
      vertex 0.25 49 24
      vertex 0.25 49 27.3
    endloop
  endfacet
  facet normal 0.0657427 0.997837 -0
    outer loop
      vertex 1.38053 49.9914 24
      vertex 1.25 50 27.3
      vertex 1.38053 49.9914 27.3
    endloop
  endfacet
  facet normal 0.0657427 0.997837 0
    outer loop
      vertex 1.25 50 27.3
      vertex 1.38053 49.9914 24
      vertex 1.25 50 24
    endloop
  endfacet
  facet normal 0.751714 0.659489 0
    outer loop
      vertex 2.04335 49.6088 27.3
      vertex 1.95711 49.7071 24
      vertex 1.95711 49.7071 27.3
    endloop
  endfacet
  facet normal 0.751714 0.659489 0
    outer loop
      vertex 1.95711 49.7071 24
      vertex 2.04335 49.6088 27.3
      vertex 2.04335 49.6088 24
    endloop
  endfacet
  facet normal -0.659574 0.751639 0
    outer loop
      vertex 0.641239 49.7934 24
      vertex 0.542893 49.7071 27.3
      vertex 0.641239 49.7934 27.3
    endloop
  endfacet
  facet normal -0.659574 0.751639 0
    outer loop
      vertex 0.542893 49.7071 27.3
      vertex 0.641239 49.7934 24
      vertex 0.542893 49.7071 24
    endloop
  endfacet
  facet normal -0.321123 0.947038 0
    outer loop
      vertex 0.991181 49.9659 24
      vertex 0.867317 49.9239 27.3
      vertex 0.991181 49.9659 27.3
    endloop
  endfacet
  facet normal -0.321123 0.947038 0
    outer loop
      vertex 0.867317 49.9239 27.3
      vertex 0.991181 49.9659 24
      vertex 0.867317 49.9239 24
    endloop
  endfacet
  facet normal 0.89683 0.442375 0
    outer loop
      vertex 2.17388 49.3827 27.3
      vertex 2.11602 49.5 24
      vertex 2.11602 49.5 27.3
    endloop
  endfacet
  facet normal 0.89683 0.442375 0
    outer loop
      vertex 2.11602 49.5 24
      vertex 2.17388 49.3827 27.3
      vertex 2.17388 49.3827 24
    endloop
  endfacet
  facet normal 0.980801 0.195013 0
    outer loop
      vertex 2.24144 49.1305 27.3
      vertex 2.21593 49.2588 24
      vertex 2.21593 49.2588 27.3
    endloop
  endfacet
  facet normal 0.980801 0.195013 0
    outer loop
      vertex 2.21593 49.2588 24
      vertex 2.24144 49.1305 27.3
      vertex 2.24144 49.1305 24
    endloop
  endfacet
  facet normal 0.831568 0.555423 0
    outer loop
      vertex 2.11602 49.5 27.3
      vertex 2.04335 49.6088 24
      vertex 2.04335 49.6088 27.3
    endloop
  endfacet
  facet normal 0.831568 0.555423 0
    outer loop
      vertex 2.04335 49.6088 24
      vertex 2.11602 49.5 27.3
      vertex 2.11602 49.5 24
    endloop
  endfacet
  facet normal 0.44256 0.896739 -0
    outer loop
      vertex 1.75 49.866 24
      vertex 1.63268 49.9239 27.3
      vertex 1.75 49.866 27.3
    endloop
  endfacet
  facet normal 0.44256 0.896739 0
    outer loop
      vertex 1.63268 49.9239 27.3
      vertex 1.75 49.866 24
      vertex 1.63268 49.9239 24
    endloop
  endfacet
  facet normal 0.321132 0.947034 -0
    outer loop
      vertex 1.63268 49.9239 24
      vertex 1.50882 49.9659 27.3
      vertex 1.63268 49.9239 27.3
    endloop
  endfacet
  facet normal 0.321132 0.947034 0
    outer loop
      vertex 1.50882 49.9659 27.3
      vertex 1.63268 49.9239 24
      vertex 1.50882 49.9659 24
    endloop
  endfacet
  facet normal 0.555194 0.831721 -0
    outer loop
      vertex 1.85876 49.7934 24
      vertex 1.75 49.866 27.3
      vertex 1.85876 49.7934 27.3
    endloop
  endfacet
  facet normal 0.555194 0.831721 0
    outer loop
      vertex 1.75 49.866 27.3
      vertex 1.85876 49.7934 24
      vertex 1.75 49.866 24
    endloop
  endfacet
  facet normal -0.896848 0.442338 0
    outer loop
      vertex 0.326121 49.3827 24
      vertex 0.383975 49.5 27.3
      vertex 0.383975 49.5 24
    endloop
  endfacet
  facet normal -0.896848 0.442338 0
    outer loop
      vertex 0.383975 49.5 27.3
      vertex 0.326121 49.3827 24
      vertex 0.326121 49.3827 27.3
    endloop
  endfacet
  facet normal -0.831561 0.555434 0
    outer loop
      vertex 0.383975 49.5 24
      vertex 0.456647 49.6088 27.3
      vertex 0.456647 49.6088 24
    endloop
  endfacet
  facet normal -0.831561 0.555434 0
    outer loop
      vertex 0.456647 49.6088 27.3
      vertex 0.383975 49.5 24
      vertex 0.383975 49.5 27.3
    endloop
  endfacet
  facet normal -0.946959 0.321355 0
    outer loop
      vertex 0.284075 49.2588 24
      vertex 0.326121 49.3827 27.3
      vertex 0.326121 49.3827 24
    endloop
  endfacet
  facet normal -0.946959 0.321355 0
    outer loop
      vertex 0.326121 49.3827 27.3
      vertex 0.284075 49.2588 24
      vertex 0.284075 49.2588 27.3
    endloop
  endfacet
  facet normal -0.442569 0.896734 0
    outer loop
      vertex 0.867317 49.9239 24
      vertex 0.75 49.866 27.3
      vertex 0.867317 49.9239 27.3
    endloop
  endfacet
  facet normal -0.442569 0.896734 0
    outer loop
      vertex 0.75 49.866 27.3
      vertex 0.867317 49.9239 24
      vertex 0.75 49.866 24
    endloop
  endfacet
  facet normal -0.194956 0.980812 0
    outer loop
      vertex 1.11947 49.9914 24
      vertex 0.991181 49.9659 27.3
      vertex 1.11947 49.9914 27.3
    endloop
  endfacet
  facet normal -0.194956 0.980812 0
    outer loop
      vertex 0.991181 49.9659 27.3
      vertex 1.11947 49.9914 24
      vertex 0.991181 49.9659 24
    endloop
  endfacet
  facet normal 0.659559 -0.751653 0
    outer loop
      vertex 1.85876 48.2066 24
      vertex 1.95711 48.2929 27.3
      vertex 1.85876 48.2066 27.3
    endloop
  endfacet
  facet normal 0.659559 -0.751653 0
    outer loop
      vertex 1.95711 48.2929 27.3
      vertex 1.85876 48.2066 24
      vertex 1.95711 48.2929 24
    endloop
  endfacet
  facet normal 0.44256 -0.896739 0
    outer loop
      vertex 1.63268 48.0761 24
      vertex 1.75 48.134 27.3
      vertex 1.63268 48.0761 27.3
    endloop
  endfacet
  facet normal 0.44256 -0.896739 0
    outer loop
      vertex 1.75 48.134 27.3
      vertex 1.63268 48.0761 24
      vertex 1.75 48.134 24
    endloop
  endfacet
  facet normal -0.321123 -0.947038 0
    outer loop
      vertex 0.867317 48.0761 24
      vertex 0.991181 48.0341 27.3
      vertex 0.867317 48.0761 27.3
    endloop
  endfacet
  facet normal -0.321123 -0.947038 -0
    outer loop
      vertex 0.991181 48.0341 27.3
      vertex 0.867317 48.0761 24
      vertex 0.991181 48.0341 24
    endloop
  endfacet
  facet normal -0.896848 -0.442338 0
    outer loop
      vertex 0.383975 48.5 24
      vertex 0.326121 48.6173 27.3
      vertex 0.326121 48.6173 24
    endloop
  endfacet
  facet normal -0.896848 -0.442338 0
    outer loop
      vertex 0.326121 48.6173 27.3
      vertex 0.383975 48.5 24
      vertex 0.383975 48.5 27.3
    endloop
  endfacet
  facet normal -0.831561 -0.555434 0
    outer loop
      vertex 0.456647 48.3912 24
      vertex 0.383975 48.5 27.3
      vertex 0.383975 48.5 24
    endloop
  endfacet
  facet normal -0.831561 -0.555434 0
    outer loop
      vertex 0.383975 48.5 27.3
      vertex 0.456647 48.3912 24
      vertex 0.456647 48.3912 27.3
    endloop
  endfacet
  facet normal 0 0 -1
    outer loop
      vertex 2.405 46.9995 22.4
      vertex 2.405 51.0005 22.4
      vertex 3.56 49 22.4
    endloop
  endfacet
  facet normal 0 0 -1
    outer loop
      vertex 0.0950003 46.9995 22.4
      vertex 2.405 51.0005 22.4
      vertex 2.405 46.9995 22.4
    endloop
  endfacet
  facet normal 0 0 -1
    outer loop
      vertex 0.0950003 46.9995 22.4
      vertex 0.0950003 51.0005 22.4
      vertex 2.405 51.0005 22.4
    endloop
  endfacet
  facet normal 0 -0 -1
    outer loop
      vertex 0.0950003 51.0005 22.4
      vertex 0.0950003 46.9995 22.4
      vertex -1.06 49 22.4
    endloop
  endfacet
  facet normal 0.94695 0.321382 0
    outer loop
      vertex 2.21593 49.2588 27.3
      vertex 2.17388 49.3827 24
      vertex 2.17388 49.3827 27.3
    endloop
  endfacet
  facet normal 0.94695 0.321382 0
    outer loop
      vertex 2.17388 49.3827 24
      vertex 2.21593 49.2588 27.3
      vertex 2.21593 49.2588 24
    endloop
  endfacet
  facet normal 0.194955 0.980812 -0
    outer loop
      vertex 1.50882 49.9659 24
      vertex 1.38053 49.9914 27.3
      vertex 1.50882 49.9659 27.3
    endloop
  endfacet
  facet normal 0.194955 0.980812 0
    outer loop
      vertex 1.38053 49.9914 27.3
      vertex 1.50882 49.9659 24
      vertex 1.38053 49.9914 24
    endloop
  endfacet
  facet normal 0.659559 0.751653 -0
    outer loop
      vertex 1.95711 49.7071 24
      vertex 1.85876 49.7934 27.3
      vertex 1.95711 49.7071 27.3
    endloop
  endfacet
  facet normal 0.659559 0.751653 0
    outer loop
      vertex 1.85876 49.7934 27.3
      vertex 1.95711 49.7071 24
      vertex 1.85876 49.7934 24
    endloop
  endfacet
  facet normal -0.980786 0.195087 0
    outer loop
      vertex 0.258555 49.1305 24
      vertex 0.284075 49.2588 27.3
      vertex 0.284075 49.2588 24
    endloop
  endfacet
  facet normal -0.980786 0.195087 0
    outer loop
      vertex 0.284075 49.2588 27.3
      vertex 0.258555 49.1305 24
      vertex 0.258555 49.1305 27.3
    endloop
  endfacet
  facet normal 0 0 -1
    outer loop
      vertex 2.25 49 27.3
      vertex 3.75 49 27.3
      vertex 3.72861 48.6737 27.3
    endloop
  endfacet
  facet normal 0 0 -1
    outer loop
      vertex 2.24144 48.8695 27.3
      vertex 3.72861 48.6737 27.3
      vertex 3.66481 48.353 27.3
    endloop
  endfacet
  facet normal 0 0 -1
    outer loop
      vertex 3.75 49 27.3
      vertex 2.25 49 27.3
      vertex 3.72861 49.3263 27.3
    endloop
  endfacet
  facet normal 0 0 -1
    outer loop
      vertex 2.21593 48.7412 27.3
      vertex 3.66481 48.353 27.3
      vertex 3.5597 48.0433 27.3
    endloop
  endfacet
  facet normal 0 0 -1
    outer loop
      vertex 2.24144 49.1305 27.3
      vertex 3.72861 49.3263 27.3
      vertex 2.25 49 27.3
    endloop
  endfacet
  facet normal 0 0 -1
    outer loop
      vertex 2.17388 48.6173 27.3
      vertex 3.5597 48.0433 27.3
      vertex 3.41506 47.75 27.3
    endloop
  endfacet
  facet normal -0 0 -1
    outer loop
      vertex 3.72861 49.3263 27.3
      vertex 2.24144 49.1305 27.3
      vertex 3.66481 49.647 27.3
    endloop
  endfacet
  facet normal 0 0 -1
    outer loop
      vertex 2.11602 48.5 27.3
      vertex 3.41506 47.75 27.3
      vertex 3.23338 47.4781 27.3
    endloop
  endfacet
  facet normal 0 0 -1
    outer loop
      vertex 2.21593 49.2588 27.3
      vertex 3.66481 49.647 27.3
      vertex 2.24144 49.1305 27.3
    endloop
  endfacet
  facet normal 0 0 -1
    outer loop
      vertex 2.04335 48.3912 27.3
      vertex 3.23338 47.4781 27.3
      vertex 3.01777 47.2322 27.3
    endloop
  endfacet
  facet normal -0 0 -1
    outer loop
      vertex 3.66481 49.647 27.3
      vertex 2.21593 49.2588 27.3
      vertex 3.5597 49.9567 27.3
    endloop
  endfacet
  facet normal 0 0 -1
    outer loop
      vertex 1.95711 48.2929 27.3
      vertex 3.01777 47.2322 27.3
      vertex 2.7719 47.0166 27.3
    endloop
  endfacet
  facet normal 0 0 -1
    outer loop
      vertex 2.17388 49.3827 27.3
      vertex 3.5597 49.9567 27.3
      vertex 2.21593 49.2588 27.3
    endloop
  endfacet
  facet normal 0 0 -1
    outer loop
      vertex 1.85876 48.2066 27.3
      vertex 2.7719 47.0166 27.3
      vertex 2.5 46.8349 27.3
    endloop
  endfacet
  facet normal -0 0 -1
    outer loop
      vertex 3.5597 49.9567 27.3
      vertex 2.17388 49.3827 27.3
      vertex 3.41506 50.25 27.3
    endloop
  endfacet
  facet normal 0 0 -1
    outer loop
      vertex 2.11602 49.5 27.3
      vertex 3.41506 50.25 27.3
      vertex 2.17388 49.3827 27.3
    endloop
  endfacet
  facet normal 0 0 -1
    outer loop
      vertex 3.72861 48.6737 27.3
      vertex 2.24144 48.8695 27.3
      vertex 2.25 49 27.3
    endloop
  endfacet
  facet normal 0 0 -1
    outer loop
      vertex 3.66481 48.353 27.3
      vertex 2.21593 48.7412 27.3
      vertex 2.24144 48.8695 27.3
    endloop
  endfacet
  facet normal 0 0 -1
    outer loop
      vertex 1.75 48.134 27.3
      vertex 2.5 46.8349 27.3
      vertex 2.20671 46.6903 27.3
    endloop
  endfacet
  facet normal 0 0 -1
    outer loop
      vertex 3.5597 48.0433 27.3
      vertex 2.17388 48.6173 27.3
      vertex 2.21593 48.7412 27.3
    endloop
  endfacet
  facet normal 0 0 -1
    outer loop
      vertex 3.41506 47.75 27.3
      vertex 2.11602 48.5 27.3
      vertex 2.17388 48.6173 27.3
    endloop
  endfacet
  facet normal 0 0 -1
    outer loop
      vertex 3.23338 47.4781 27.3
      vertex 2.04335 48.3912 27.3
      vertex 2.11602 48.5 27.3
    endloop
  endfacet
  facet normal 0 0 -1
    outer loop
      vertex 3.01777 47.2322 27.3
      vertex 1.95711 48.2929 27.3
      vertex 2.04335 48.3912 27.3
    endloop
  endfacet
  facet normal 0 0 -1
    outer loop
      vertex 1.63268 48.0761 27.3
      vertex 2.20671 46.6903 27.3
      vertex 1.89705 46.5852 27.3
    endloop
  endfacet
  facet normal 0 0 -1
    outer loop
      vertex 2.7719 47.0166 27.3
      vertex 1.85876 48.2066 27.3
      vertex 1.95711 48.2929 27.3
    endloop
  endfacet
  facet normal 0 0 -1
    outer loop
      vertex 2.5 46.8349 27.3
      vertex 1.75 48.134 27.3
      vertex 1.85876 48.2066 27.3
    endloop
  endfacet
  facet normal 0 0 -1
    outer loop
      vertex 2.20671 46.6903 27.3
      vertex 1.63268 48.0761 27.3
      vertex 1.75 48.134 27.3
    endloop
  endfacet
  facet normal 0 0 -1
    outer loop
      vertex 1.50882 48.0341 27.3
      vertex 1.89705 46.5852 27.3
      vertex 1.57631 46.5214 27.3
    endloop
  endfacet
  facet normal 0 0 -1
    outer loop
      vertex 1.89705 46.5852 27.3
      vertex 1.50882 48.0341 27.3
      vertex 1.63268 48.0761 27.3
    endloop
  endfacet
  facet normal 0 0 -1
    outer loop
      vertex 1.57631 46.5214 27.3
      vertex 1.38053 48.0086 27.3
      vertex 1.50882 48.0341 27.3
    endloop
  endfacet
  facet normal 0 0 -1
    outer loop
      vertex 1.25 46.5 27.3
      vertex 1.38053 48.0086 27.3
      vertex 1.57631 46.5214 27.3
    endloop
  endfacet
  facet normal 0 0 -1
    outer loop
      vertex 1.25 46.5 27.3
      vertex 1.25 48 27.3
      vertex 1.38053 48.0086 27.3
    endloop
  endfacet
  facet normal 0 0 -1
    outer loop
      vertex 1.25 46.5 27.3
      vertex 1.11947 48.0086 27.3
      vertex 1.25 48 27.3
    endloop
  endfacet
  facet normal 0 0 -1
    outer loop
      vertex 0.923685 46.5214 27.3
      vertex 1.11947 48.0086 27.3
      vertex 1.25 46.5 27.3
    endloop
  endfacet
  facet normal -0 0 -1
    outer loop
      vertex 1.11947 48.0086 27.3
      vertex 0.923685 46.5214 27.3
      vertex 0.991181 48.0341 27.3
    endloop
  endfacet
  facet normal 0 0 -1
    outer loop
      vertex 0.602953 46.5852 27.3
      vertex 0.991181 48.0341 27.3
      vertex 0.923685 46.5214 27.3
    endloop
  endfacet
  facet normal -0 0 -1
    outer loop
      vertex 0.991181 48.0341 27.3
      vertex 0.602953 46.5852 27.3
      vertex 0.867317 48.0761 27.3
    endloop
  endfacet
  facet normal 0 0 -1
    outer loop
      vertex 0.293292 46.6903 27.3
      vertex 0.867317 48.0761 27.3
      vertex 0.602953 46.5852 27.3
    endloop
  endfacet
  facet normal -0 0 -1
    outer loop
      vertex 0.867317 48.0761 27.3
      vertex 0.293292 46.6903 27.3
      vertex 0.75 48.134 27.3
    endloop
  endfacet
  facet normal 0 0 -1
    outer loop
      vertex 0 46.8349 27.3
      vertex 0.75 48.134 27.3
      vertex 0.293292 46.6903 27.3
    endloop
  endfacet
  facet normal -0 0 -1
    outer loop
      vertex 0.75 48.134 27.3
      vertex 0 46.8349 27.3
      vertex 0.641239 48.2066 27.3
    endloop
  endfacet
  facet normal 0 0 -1
    outer loop
      vertex -0.271903 47.0166 27.3
      vertex 0.641239 48.2066 27.3
      vertex 0 46.8349 27.3
    endloop
  endfacet
  facet normal -0 0 -1
    outer loop
      vertex 0.641239 48.2066 27.3
      vertex -0.271903 47.0166 27.3
      vertex 0.542893 48.2929 27.3
    endloop
  endfacet
  facet normal 0 0 -1
    outer loop
      vertex -0.517767 47.2322 27.3
      vertex 0.542893 48.2929 27.3
      vertex -0.271903 47.0166 27.3
    endloop
  endfacet
  facet normal -0 0 -1
    outer loop
      vertex 0.542893 48.2929 27.3
      vertex -0.517767 47.2322 27.3
      vertex 0.456647 48.3912 27.3
    endloop
  endfacet
  facet normal 0 0 -1
    outer loop
      vertex -0.733383 47.4781 27.3
      vertex 0.456647 48.3912 27.3
      vertex -0.517767 47.2322 27.3
    endloop
  endfacet
  facet normal -0 0 -1
    outer loop
      vertex 0.456647 48.3912 27.3
      vertex -0.733383 47.4781 27.3
      vertex 0.383975 48.5 27.3
    endloop
  endfacet
  facet normal 0 0 -1
    outer loop
      vertex -0.915063 47.75 27.3
      vertex 0.383975 48.5 27.3
      vertex -0.733383 47.4781 27.3
    endloop
  endfacet
  facet normal -0 0 -1
    outer loop
      vertex 3.41506 50.25 27.3
      vertex 2.11602 49.5 27.3
      vertex 3.23338 50.5219 27.3
    endloop
  endfacet
  facet normal 0 0 -1
    outer loop
      vertex 2.04335 49.6088 27.3
      vertex 3.23338 50.5219 27.3
      vertex 2.11602 49.5 27.3
    endloop
  endfacet
  facet normal -0 0 -1
    outer loop
      vertex 3.23338 50.5219 27.3
      vertex 2.04335 49.6088 27.3
      vertex 3.01777 50.7678 27.3
    endloop
  endfacet
  facet normal 0 0 -1
    outer loop
      vertex 1.95711 49.7071 27.3
      vertex 3.01777 50.7678 27.3
      vertex 2.04335 49.6088 27.3
    endloop
  endfacet
  facet normal -0 0 -1
    outer loop
      vertex 3.01777 50.7678 27.3
      vertex 1.95711 49.7071 27.3
      vertex 2.7719 50.9834 27.3
    endloop
  endfacet
  facet normal 0 0 -1
    outer loop
      vertex 1.85876 49.7934 27.3
      vertex 2.7719 50.9834 27.3
      vertex 1.95711 49.7071 27.3
    endloop
  endfacet
  facet normal -0 0 -1
    outer loop
      vertex 2.7719 50.9834 27.3
      vertex 1.85876 49.7934 27.3
      vertex 2.5 51.1651 27.3
    endloop
  endfacet
  facet normal 0 0 -1
    outer loop
      vertex 1.75 49.866 27.3
      vertex 2.5 51.1651 27.3
      vertex 1.85876 49.7934 27.3
    endloop
  endfacet
  facet normal -0 0 -1
    outer loop
      vertex 2.5 51.1651 27.3
      vertex 1.75 49.866 27.3
      vertex 2.20671 51.3097 27.3
    endloop
  endfacet
  facet normal 0 0 -1
    outer loop
      vertex 1.63268 49.9239 27.3
      vertex 2.20671 51.3097 27.3
      vertex 1.75 49.866 27.3
    endloop
  endfacet
  facet normal -0 0 -1
    outer loop
      vertex 2.20671 51.3097 27.3
      vertex 1.63268 49.9239 27.3
      vertex 1.89705 51.4148 27.3
    endloop
  endfacet
  facet normal 0 0 -1
    outer loop
      vertex 1.50882 49.9659 27.3
      vertex 1.89705 51.4148 27.3
      vertex 1.63268 49.9239 27.3
    endloop
  endfacet
  facet normal -0 0 -1
    outer loop
      vertex 1.89705 51.4148 27.3
      vertex 1.50882 49.9659 27.3
      vertex 1.57631 51.4786 27.3
    endloop
  endfacet
  facet normal 0 0 -1
    outer loop
      vertex 1.38053 49.9914 27.3
      vertex 1.57631 51.4786 27.3
      vertex 1.50882 49.9659 27.3
    endloop
  endfacet
  facet normal 0 0 -1
    outer loop
      vertex 1.25 50 27.3
      vertex 1.57631 51.4786 27.3
      vertex 1.38053 49.9914 27.3
    endloop
  endfacet
  facet normal 0 0 -1
    outer loop
      vertex 1.25 50 27.3
      vertex 1.25 51.5 27.3
      vertex 1.57631 51.4786 27.3
    endloop
  endfacet
  facet normal 0 0 -1
    outer loop
      vertex 1.11947 49.9914 27.3
      vertex 1.25 51.5 27.3
      vertex 1.25 50 27.3
    endloop
  endfacet
  facet normal 0 0 -1
    outer loop
      vertex 0.923685 51.4786 27.3
      vertex 1.11947 49.9914 27.3
      vertex 0.991181 49.9659 27.3
    endloop
  endfacet
  facet normal 0 0 -1
    outer loop
      vertex 1.11947 49.9914 27.3
      vertex 0.923685 51.4786 27.3
      vertex 1.25 51.5 27.3
    endloop
  endfacet
  facet normal 0 0 -1
    outer loop
      vertex 0.602953 51.4148 27.3
      vertex 0.991181 49.9659 27.3
      vertex 0.867317 49.9239 27.3
    endloop
  endfacet
  facet normal 0 0 -1
    outer loop
      vertex 0.293292 51.3097 27.3
      vertex 0.867317 49.9239 27.3
      vertex 0.75 49.866 27.3
    endloop
  endfacet
  facet normal 0 0 -1
    outer loop
      vertex 0 51.1651 27.3
      vertex 0.75 49.866 27.3
      vertex 0.641239 49.7934 27.3
    endloop
  endfacet
  facet normal 0 0 -1
    outer loop
      vertex 0.991181 49.9659 27.3
      vertex 0.602953 51.4148 27.3
      vertex 0.923685 51.4786 27.3
    endloop
  endfacet
  facet normal 0 0 -1
    outer loop
      vertex -0.271903 50.9834 27.3
      vertex 0.641239 49.7934 27.3
      vertex 0.542893 49.7071 27.3
    endloop
  endfacet
  facet normal 0 0 -1
    outer loop
      vertex -0.517767 50.7678 27.3
      vertex 0.542893 49.7071 27.3
      vertex 0.456647 49.6088 27.3
    endloop
  endfacet
  facet normal 0 0 -1
    outer loop
      vertex -0.733383 50.5219 27.3
      vertex 0.456647 49.6088 27.3
      vertex 0.383975 49.5 27.3
    endloop
  endfacet
  facet normal 0 0 -1
    outer loop
      vertex -0.915063 50.25 27.3
      vertex 0.383975 49.5 27.3
      vertex 0.326121 49.3827 27.3
    endloop
  endfacet
  facet normal 0 0 -1
    outer loop
      vertex 0.867317 49.9239 27.3
      vertex 0.293292 51.3097 27.3
      vertex 0.602953 51.4148 27.3
    endloop
  endfacet
  facet normal 0 0 -1
    outer loop
      vertex -1.0597 49.9567 27.3
      vertex 0.326121 49.3827 27.3
      vertex 0.284075 49.2588 27.3
    endloop
  endfacet
  facet normal 0 0 -1
    outer loop
      vertex -1.16481 49.647 27.3
      vertex 0.284075 49.2588 27.3
      vertex 0.258555 49.1305 27.3
    endloop
  endfacet
  facet normal 0 0 -1
    outer loop
      vertex -1.22861 49.3263 27.3
      vertex 0.258555 49.1305 27.3
      vertex 0.25 49 27.3
    endloop
  endfacet
  facet normal -0 0 -1
    outer loop
      vertex 0.383975 48.5 27.3
      vertex -0.915063 47.75 27.3
      vertex 0.326121 48.6173 27.3
    endloop
  endfacet
  facet normal 0 0 -1
    outer loop
      vertex 0.75 49.866 27.3
      vertex 0 51.1651 27.3
      vertex 0.293292 51.3097 27.3
    endloop
  endfacet
  facet normal 0 0 -1
    outer loop
      vertex -1.0597 48.0433 27.3
      vertex 0.326121 48.6173 27.3
      vertex -0.915063 47.75 27.3
    endloop
  endfacet
  facet normal 0 0 -1
    outer loop
      vertex 0.641239 49.7934 27.3
      vertex -0.271903 50.9834 27.3
      vertex 0 51.1651 27.3
    endloop
  endfacet
  facet normal -0 0 -1
    outer loop
      vertex 0.326121 48.6173 27.3
      vertex -1.0597 48.0433 27.3
      vertex 0.284075 48.7412 27.3
    endloop
  endfacet
  facet normal 0 0 -1
    outer loop
      vertex 0.542893 49.7071 27.3
      vertex -0.517767 50.7678 27.3
      vertex -0.271903 50.9834 27.3
    endloop
  endfacet
  facet normal 0 0 -1
    outer loop
      vertex -1.16481 48.353 27.3
      vertex 0.284075 48.7412 27.3
      vertex -1.0597 48.0433 27.3
    endloop
  endfacet
  facet normal 0 0 -1
    outer loop
      vertex 0.456647 49.6088 27.3
      vertex -0.733383 50.5219 27.3
      vertex -0.517767 50.7678 27.3
    endloop
  endfacet
  facet normal -0 0 -1
    outer loop
      vertex 0.284075 48.7412 27.3
      vertex -1.16481 48.353 27.3
      vertex 0.258555 48.8695 27.3
    endloop
  endfacet
  facet normal 0 0 -1
    outer loop
      vertex 0.383975 49.5 27.3
      vertex -0.915063 50.25 27.3
      vertex -0.733383 50.5219 27.3
    endloop
  endfacet
  facet normal 0 0 -1
    outer loop
      vertex -1.22861 48.6737 27.3
      vertex 0.258555 48.8695 27.3
      vertex -1.16481 48.353 27.3
    endloop
  endfacet
  facet normal 0 0 -1
    outer loop
      vertex 0.326121 49.3827 27.3
      vertex -1.0597 49.9567 27.3
      vertex -0.915063 50.25 27.3
    endloop
  endfacet
  facet normal -0 0 -1
    outer loop
      vertex 0.258555 48.8695 27.3
      vertex -1.22861 48.6737 27.3
      vertex 0.25 49 27.3
    endloop
  endfacet
  facet normal 0 0 -1
    outer loop
      vertex 0.284075 49.2588 27.3
      vertex -1.16481 49.647 27.3
      vertex -1.0597 49.9567 27.3
    endloop
  endfacet
  facet normal 0 0 -1
    outer loop
      vertex -1.25 49 27.3
      vertex 0.25 49 27.3
      vertex -1.22861 48.6737 27.3
    endloop
  endfacet
  facet normal 0 0 -1
    outer loop
      vertex 0.258555 49.1305 27.3
      vertex -1.22861 49.3263 27.3
      vertex -1.16481 49.647 27.3
    endloop
  endfacet
  facet normal 0 0 -1
    outer loop
      vertex 0.25 49 27.3
      vertex -1.25 49 27.3
      vertex -1.22861 49.3263 27.3
    endloop
  endfacet
  facet normal -0.0657427 0.997837 0
    outer loop
      vertex 1.25 50 24
      vertex 1.11947 49.9914 27.3
      vertex 1.25 50 27.3
    endloop
  endfacet
  facet normal -0.0657427 0.997837 0
    outer loop
      vertex 1.11947 49.9914 27.3
      vertex 1.25 50 24
      vertex 1.11947 49.9914 24
    endloop
  endfacet
  facet normal 0.0657427 -0.997837 0
    outer loop
      vertex 1.25 48 24
      vertex 1.38053 48.0086 27.3
      vertex 1.25 48 27.3
    endloop
  endfacet
  facet normal 0.0657427 -0.997837 0
    outer loop
      vertex 1.38053 48.0086 27.3
      vertex 1.25 48 24
      vertex 1.38053 48.0086 24
    endloop
  endfacet
  facet normal 0.321132 -0.947034 0
    outer loop
      vertex 1.50882 48.0341 24
      vertex 1.63268 48.0761 27.3
      vertex 1.50882 48.0341 27.3
    endloop
  endfacet
  facet normal 0.321132 -0.947034 0
    outer loop
      vertex 1.63268 48.0761 27.3
      vertex 1.50882 48.0341 24
      vertex 1.63268 48.0761 24
    endloop
  endfacet
  facet normal 0.555194 -0.831721 0
    outer loop
      vertex 1.75 48.134 24
      vertex 1.85876 48.2066 27.3
      vertex 1.75 48.134 27.3
    endloop
  endfacet
  facet normal 0.555194 -0.831721 0
    outer loop
      vertex 1.85876 48.2066 27.3
      vertex 1.75 48.134 24
      vertex 1.85876 48.2066 24
    endloop
  endfacet
  facet normal 0.831568 -0.555423 0
    outer loop
      vertex 2.04335 48.3912 27.3
      vertex 2.11602 48.5 24
      vertex 2.11602 48.5 27.3
    endloop
  endfacet
  facet normal 0.831568 -0.555423 0
    outer loop
      vertex 2.11602 48.5 24
      vertex 2.04335 48.3912 27.3
      vertex 2.04335 48.3912 24
    endloop
  endfacet
  facet normal 0.751714 -0.659489 0
    outer loop
      vertex 1.95711 48.2929 27.3
      vertex 2.04335 48.3912 24
      vertex 2.04335 48.3912 27.3
    endloop
  endfacet
  facet normal 0.751714 -0.659489 0
    outer loop
      vertex 2.04335 48.3912 24
      vertex 1.95711 48.2929 27.3
      vertex 1.95711 48.2929 24
    endloop
  endfacet
  facet normal -0.555191 -0.831723 0
    outer loop
      vertex 0.641239 48.2066 24
      vertex 0.75 48.134 27.3
      vertex 0.641239 48.2066 27.3
    endloop
  endfacet
  facet normal -0.555191 -0.831723 -0
    outer loop
      vertex 0.75 48.134 27.3
      vertex 0.641239 48.2066 24
      vertex 0.75 48.134 24
    endloop
  endfacet
  facet normal -0.659574 -0.751639 0
    outer loop
      vertex 0.542893 48.2929 24
      vertex 0.641239 48.2066 27.3
      vertex 0.542893 48.2929 27.3
    endloop
  endfacet
  facet normal -0.659574 -0.751639 -0
    outer loop
      vertex 0.641239 48.2066 27.3
      vertex 0.542893 48.2929 24
      vertex 0.641239 48.2066 24
    endloop
  endfacet
  facet normal -0.442569 -0.896734 0
    outer loop
      vertex 0.75 48.134 24
      vertex 0.867317 48.0761 27.3
      vertex 0.75 48.134 27.3
    endloop
  endfacet
  facet normal -0.442569 -0.896734 -0
    outer loop
      vertex 0.867317 48.0761 27.3
      vertex 0.75 48.134 24
      vertex 0.867317 48.0761 24
    endloop
  endfacet
  facet normal -0.194956 -0.980812 0
    outer loop
      vertex 0.991181 48.0341 24
      vertex 1.11947 48.0086 27.3
      vertex 0.991181 48.0341 27.3
    endloop
  endfacet
  facet normal -0.194956 -0.980812 -0
    outer loop
      vertex 1.11947 48.0086 27.3
      vertex 0.991181 48.0341 24
      vertex 1.11947 48.0086 24
    endloop
  endfacet
  facet normal -0.751691 -0.659515 0
    outer loop
      vertex 0.542893 48.2929 24
      vertex 0.456647 48.3912 27.3
      vertex 0.456647 48.3912 24
    endloop
  endfacet
  facet normal -0.751691 -0.659515 0
    outer loop
      vertex 0.456647 48.3912 27.3
      vertex 0.542893 48.2929 24
      vertex 0.542893 48.2929 27.3
    endloop
  endfacet
  facet normal -0.946959 -0.321355 0
    outer loop
      vertex 0.326121 48.6173 24
      vertex 0.284075 48.7412 27.3
      vertex 0.284075 48.7412 24
    endloop
  endfacet
  facet normal -0.946959 -0.321355 0
    outer loop
      vertex 0.284075 48.7412 27.3
      vertex 0.326121 48.6173 24
      vertex 0.326121 48.6173 27.3
    endloop
  endfacet
  facet normal -0.997858 -0.0654151 0
    outer loop
      vertex 0.258555 48.8695 24
      vertex 0.25 49 27.3
      vertex 0.25 49 24
    endloop
  endfacet
  facet normal -0.997858 -0.0654151 0
    outer loop
      vertex 0.25 49 27.3
      vertex 0.258555 48.8695 24
      vertex 0.258555 48.8695 27.3
    endloop
  endfacet
  facet normal -0.751691 0.659515 0
    outer loop
      vertex 0.456647 49.6088 24
      vertex 0.542893 49.7071 27.3
      vertex 0.542893 49.7071 24
    endloop
  endfacet
  facet normal -0.751691 0.659515 0
    outer loop
      vertex 0.542893 49.7071 27.3
      vertex 0.456647 49.6088 24
      vertex 0.456647 49.6088 27.3
    endloop
  endfacet
  facet normal -0.555191 0.831723 0
    outer loop
      vertex 0.75 49.866 24
      vertex 0.641239 49.7934 27.3
      vertex 0.75 49.866 27.3
    endloop
  endfacet
  facet normal -0.555191 0.831723 0
    outer loop
      vertex 0.641239 49.7934 27.3
      vertex 0.75 49.866 24
      vertex 0.641239 49.7934 24
    endloop
  endfacet
  facet normal 0.194955 -0.980812 0
    outer loop
      vertex 1.38053 48.0086 24
      vertex 1.50882 48.0341 27.3
      vertex 1.38053 48.0086 27.3
    endloop
  endfacet
  facet normal 0.194955 -0.980812 0
    outer loop
      vertex 1.50882 48.0341 27.3
      vertex 1.38053 48.0086 24
      vertex 1.50882 48.0341 24
    endloop
  endfacet
  facet normal 0.89683 -0.442375 0
    outer loop
      vertex 2.11602 48.5 27.3
      vertex 2.17388 48.6173 24
      vertex 2.17388 48.6173 27.3
    endloop
  endfacet
  facet normal 0.89683 -0.442375 0
    outer loop
      vertex 2.17388 48.6173 24
      vertex 2.11602 48.5 27.3
      vertex 2.11602 48.5 24
    endloop
  endfacet
  facet normal 0.94695 -0.321382 0
    outer loop
      vertex 2.17388 48.6173 27.3
      vertex 2.21593 48.7412 24
      vertex 2.21593 48.7412 27.3
    endloop
  endfacet
  facet normal 0.94695 -0.321382 0
    outer loop
      vertex 2.21593 48.7412 24
      vertex 2.17388 48.6173 27.3
      vertex 2.17388 48.6173 24
    endloop
  endfacet
  facet normal 0.980801 -0.195013 0
    outer loop
      vertex 2.21593 48.7412 27.3
      vertex 2.24144 48.8695 24
      vertex 2.24144 48.8695 27.3
    endloop
  endfacet
  facet normal 0.980801 -0.195013 0
    outer loop
      vertex 2.24144 48.8695 24
      vertex 2.21593 48.7412 27.3
      vertex 2.21593 48.7412 24
    endloop
  endfacet
  facet normal -0.0657427 -0.997837 0
    outer loop
      vertex 1.11947 48.0086 24
      vertex 1.25 48 27.3
      vertex 1.11947 48.0086 27.3
    endloop
  endfacet
  facet normal -0.0657427 -0.997837 -0
    outer loop
      vertex 1.25 48 27.3
      vertex 1.11947 48.0086 24
      vertex 1.25 48 24
    endloop
  endfacet
  facet normal -0.980786 -0.195087 0
    outer loop
      vertex 0.284075 48.7412 24
      vertex 0.258555 48.8695 27.3
      vertex 0.258555 48.8695 24
    endloop
  endfacet
  facet normal -0.980786 -0.195087 0
    outer loop
      vertex 0.258555 48.8695 27.3
      vertex 0.284075 48.7412 24
      vertex 0.284075 48.7412 27.3
    endloop
  endfacet
  facet normal 0.997856 -0.0654532 0
    outer loop
      vertex 2.24144 48.8695 27.3
      vertex 2.25 49 24
      vertex 2.25 49 27.3
    endloop
  endfacet
  facet normal 0.997856 -0.0654532 0
    outer loop
      vertex 2.25 49 24
      vertex 2.24144 48.8695 27.3
      vertex 2.24144 48.8695 24
    endloop
  endfacet
  facet normal 0.997858 0.0654128 0
    outer loop
      vertex 3.75 49 29.3
      vertex 3.72861 49.3263 27.3
      vertex 3.72861 49.3263 29.3
    endloop
  endfacet
  facet normal 0.997858 0.0654128 0
    outer loop
      vertex 3.72861 49.3263 27.3
      vertex 3.75 49 29.3
      vertex 3.75 49 27.3
    endloop
  endfacet
  facet normal -0.997858 0.0654128 0
    outer loop
      vertex -1.25 49 27.3
      vertex -1.22861 49.3263 29.3
      vertex -1.22861 49.3263 27.3
    endloop
  endfacet
  facet normal -0.997858 0.0654128 0
    outer loop
      vertex -1.22861 49.3263 29.3
      vertex -1.25 49 27.3
      vertex -1.25 49 29.3
    endloop
  endfacet
  facet normal 0.0654412 0.997856 -0
    outer loop
      vertex 1.57631 51.4786 27.3
      vertex 1.25 51.5 29.3
      vertex 1.57631 51.4786 29.3
    endloop
  endfacet
  facet normal 0.0654412 0.997856 0
    outer loop
      vertex 1.25 51.5 29.3
      vertex 1.57631 51.4786 27.3
      vertex 1.25 51.5 27.3
    endloop
  endfacet
  facet normal -0.751889 -0.65929 0
    outer loop
      vertex -0.517767 47.2322 27.3
      vertex -0.733383 47.4781 29.3
      vertex -0.733383 47.4781 27.3
    endloop
  endfacet
  facet normal -0.751889 -0.65929 0
    outer loop
      vertex -0.733383 47.4781 29.3
      vertex -0.517767 47.2322 27.3
      vertex -0.517767 47.2322 29.3
    endloop
  endfacet
  facet normal 0.751898 0.659279 0
    outer loop
      vertex 3.23338 50.5219 29.3
      vertex 3.01777 50.7678 27.3
      vertex 3.01777 50.7678 29.3
    endloop
  endfacet
  facet normal 0.751898 0.659279 0
    outer loop
      vertex 3.01777 50.7678 27.3
      vertex 3.23338 50.5219 29.3
      vertex 3.23338 50.5219 27.3
    endloop
  endfacet
  facet normal -0.659317 0.751865 0
    outer loop
      vertex -0.271903 50.9834 27.3
      vertex -0.517767 50.7678 29.3
      vertex -0.271903 50.9834 29.3
    endloop
  endfacet
  facet normal -0.659317 0.751865 0
    outer loop
      vertex -0.517767 50.7678 29.3
      vertex -0.271903 50.9834 27.3
      vertex -0.517767 50.7678 27.3
    endloop
  endfacet
  facet normal -0.321396 0.946945 0
    outer loop
      vertex 0.602953 51.4148 27.3
      vertex 0.293292 51.3097 29.3
      vertex 0.602953 51.4148 29.3
    endloop
  endfacet
  facet normal -0.321396 0.946945 0
    outer loop
      vertex 0.293292 51.3097 29.3
      vertex 0.602953 51.4148 27.3
      vertex 0.293292 51.3097 27.3
    endloop
  endfacet
  facet normal -0.946948 -0.321387 0
    outer loop
      vertex -1.0597 48.0433 27.3
      vertex -1.16481 48.353 29.3
      vertex -1.16481 48.353 27.3
    endloop
  endfacet
  facet normal -0.946948 -0.321387 0
    outer loop
      vertex -1.16481 48.353 29.3
      vertex -1.0597 48.0433 27.3
      vertex -1.0597 48.0433 29.3
    endloop
  endfacet
  facet normal 0.896872 0.44229 0
    outer loop
      vertex 3.5597 49.9567 29.3
      vertex 3.41506 50.25 27.3
      vertex 3.41506 50.25 29.3
    endloop
  endfacet
  facet normal 0.896872 0.44229 0
    outer loop
      vertex 3.41506 50.25 27.3
      vertex 3.5597 49.9567 29.3
      vertex 3.5597 49.9567 27.3
    endloop
  endfacet
  facet normal 0.98078 0.195116 0
    outer loop
      vertex 3.72861 49.3263 29.3
      vertex 3.66481 49.647 27.3
      vertex 3.66481 49.647 29.3
    endloop
  endfacet
  facet normal 0.98078 0.195116 0
    outer loop
      vertex 3.66481 49.647 27.3
      vertex 3.72861 49.3263 29.3
      vertex 3.72861 49.3263 27.3
    endloop
  endfacet
  facet normal 0.831466 0.555575 0
    outer loop
      vertex 3.41506 50.25 29.3
      vertex 3.23338 50.5219 27.3
      vertex 3.23338 50.5219 29.3
    endloop
  endfacet
  facet normal 0.831466 0.555575 0
    outer loop
      vertex 3.23338 50.5219 27.3
      vertex 3.41506 50.25 29.3
      vertex 3.41506 50.25 27.3
    endloop
  endfacet
  facet normal 0.442204 0.896915 -0
    outer loop
      vertex 2.5 51.1651 27.3
      vertex 2.20671 51.3097 29.3
      vertex 2.5 51.1651 29.3
    endloop
  endfacet
  facet normal 0.442204 0.896915 0
    outer loop
      vertex 2.20671 51.3097 29.3
      vertex 2.5 51.1651 27.3
      vertex 2.20671 51.3097 27.3
    endloop
  endfacet
  facet normal 0.555617 0.831438 -0
    outer loop
      vertex 2.7719 50.9834 27.3
      vertex 2.5 51.1651 29.3
      vertex 2.7719 50.9834 29.3
    endloop
  endfacet
  facet normal 0.555617 0.831438 0
    outer loop
      vertex 2.5 51.1651 29.3
      vertex 2.7719 50.9834 27.3
      vertex 2.5 51.1651 27.3
    endloop
  endfacet
  facet normal -0.896876 0.442282 0
    outer loop
      vertex -1.0597 49.9567 27.3
      vertex -0.915063 50.25 29.3
      vertex -0.915063 50.25 27.3
    endloop
  endfacet
  facet normal -0.896876 0.442282 0
    outer loop
      vertex -0.915063 50.25 29.3
      vertex -1.0597 49.9567 27.3
      vertex -1.0597 49.9567 29.3
    endloop
  endfacet
  facet normal 0 0 1
    outer loop
      vertex 3.72861 49.3263 29.3
      vertex 3.72861 48.6737 29.3
      vertex 3.75 49 29.3
    endloop
  endfacet
  facet normal 0 0 1
    outer loop
      vertex 3.66481 49.647 29.3
      vertex 3.72861 48.6737 29.3
      vertex 3.72861 49.3263 29.3
    endloop
  endfacet
  facet normal 0 0 1
    outer loop
      vertex 3.66481 49.647 29.3
      vertex 3.66481 48.353 29.3
      vertex 3.72861 48.6737 29.3
    endloop
  endfacet
  facet normal 0 0 1
    outer loop
      vertex 3.5597 49.9567 29.3
      vertex 3.66481 48.353 29.3
      vertex 3.66481 49.647 29.3
    endloop
  endfacet
  facet normal 0 0 1
    outer loop
      vertex 3.5597 49.9567 29.3
      vertex 3.5597 48.0433 29.3
      vertex 3.66481 48.353 29.3
    endloop
  endfacet
  facet normal 0 0 1
    outer loop
      vertex 3.41506 50.25 29.3
      vertex 3.5597 48.0433 29.3
      vertex 3.5597 49.9567 29.3
    endloop
  endfacet
  facet normal 0 0 1
    outer loop
      vertex 3.41506 50.25 29.3
      vertex 3.41506 47.75 29.3
      vertex 3.5597 48.0433 29.3
    endloop
  endfacet
  facet normal 0 0 1
    outer loop
      vertex 3.23338 50.5219 29.3
      vertex 3.41506 47.75 29.3
      vertex 3.41506 50.25 29.3
    endloop
  endfacet
  facet normal 0 0 1
    outer loop
      vertex 3.23338 50.5219 29.3
      vertex 3.23338 47.4781 29.3
      vertex 3.41506 47.75 29.3
    endloop
  endfacet
  facet normal 0 0 1
    outer loop
      vertex 3.01777 50.7678 29.3
      vertex 3.23338 47.4781 29.3
      vertex 3.23338 50.5219 29.3
    endloop
  endfacet
  facet normal 0 0 1
    outer loop
      vertex 3.01777 50.7678 29.3
      vertex 3.01777 47.2322 29.3
      vertex 3.23338 47.4781 29.3
    endloop
  endfacet
  facet normal 0 0 1
    outer loop
      vertex 2.7719 50.9834 29.3
      vertex 3.01777 47.2322 29.3
      vertex 3.01777 50.7678 29.3
    endloop
  endfacet
  facet normal 0 0 1
    outer loop
      vertex 2.7719 50.9834 29.3
      vertex 2.7719 47.0166 29.3
      vertex 3.01777 47.2322 29.3
    endloop
  endfacet
  facet normal 0 0 1
    outer loop
      vertex 2.5 51.1651 29.3
      vertex 2.7719 47.0166 29.3
      vertex 2.7719 50.9834 29.3
    endloop
  endfacet
  facet normal 0 0 1
    outer loop
      vertex 2.5 51.1651 29.3
      vertex 2.5 46.8349 29.3
      vertex 2.7719 47.0166 29.3
    endloop
  endfacet
  facet normal 0 0 1
    outer loop
      vertex 2.20671 51.3097 29.3
      vertex 2.5 46.8349 29.3
      vertex 2.5 51.1651 29.3
    endloop
  endfacet
  facet normal 0 0 1
    outer loop
      vertex 2.20671 51.3097 29.3
      vertex 2.20671 46.6903 29.3
      vertex 2.5 46.8349 29.3
    endloop
  endfacet
  facet normal 0 0 1
    outer loop
      vertex 1.89705 51.4148 29.3
      vertex 2.20671 46.6903 29.3
      vertex 2.20671 51.3097 29.3
    endloop
  endfacet
  facet normal 0 0 1
    outer loop
      vertex 1.89705 51.4148 29.3
      vertex 1.89705 46.5852 29.3
      vertex 2.20671 46.6903 29.3
    endloop
  endfacet
  facet normal 0 0 1
    outer loop
      vertex 1.57631 51.4786 29.3
      vertex 1.89705 46.5852 29.3
      vertex 1.89705 51.4148 29.3
    endloop
  endfacet
  facet normal 0 0 1
    outer loop
      vertex 1.57631 51.4786 29.3
      vertex 1.57631 46.5214 29.3
      vertex 1.89705 46.5852 29.3
    endloop
  endfacet
  facet normal 0 0 1
    outer loop
      vertex 1.25 51.5 29.3
      vertex 1.57631 46.5214 29.3
      vertex 1.57631 51.4786 29.3
    endloop
  endfacet
  facet normal 0 0 1
    outer loop
      vertex 1.25 51.5 29.3
      vertex 1.25 46.5 29.3
      vertex 1.57631 46.5214 29.3
    endloop
  endfacet
  facet normal -0 0 1
    outer loop
      vertex 0.923685 51.4786 29.3
      vertex 1.25 46.5 29.3
      vertex 1.25 51.5 29.3
    endloop
  endfacet
  facet normal 0 0 1
    outer loop
      vertex 0.923685 51.4786 29.3
      vertex 0.923685 46.5214 29.3
      vertex 1.25 46.5 29.3
    endloop
  endfacet
  facet normal -0 0 1
    outer loop
      vertex 0.602953 51.4148 29.3
      vertex 0.923685 46.5214 29.3
      vertex 0.923685 51.4786 29.3
    endloop
  endfacet
  facet normal 0 0 1
    outer loop
      vertex 0.602953 51.4148 29.3
      vertex 0.602953 46.5852 29.3
      vertex 0.923685 46.5214 29.3
    endloop
  endfacet
  facet normal -0 0 1
    outer loop
      vertex 0.293292 51.3097 29.3
      vertex 0.602953 46.5852 29.3
      vertex 0.602953 51.4148 29.3
    endloop
  endfacet
  facet normal 0 0 1
    outer loop
      vertex 0.293292 51.3097 29.3
      vertex 0.293292 46.6903 29.3
      vertex 0.602953 46.5852 29.3
    endloop
  endfacet
  facet normal -0 0 1
    outer loop
      vertex 0 51.1651 29.3
      vertex 0.293292 46.6903 29.3
      vertex 0.293292 51.3097 29.3
    endloop
  endfacet
  facet normal 0 0 1
    outer loop
      vertex 0 51.1651 29.3
      vertex 0 46.8349 29.3
      vertex 0.293292 46.6903 29.3
    endloop
  endfacet
  facet normal -0 0 1
    outer loop
      vertex -0.271903 50.9834 29.3
      vertex 0 46.8349 29.3
      vertex 0 51.1651 29.3
    endloop
  endfacet
  facet normal 0 0 1
    outer loop
      vertex -0.271903 50.9834 29.3
      vertex -0.271903 47.0166 29.3
      vertex 0 46.8349 29.3
    endloop
  endfacet
  facet normal -0 0 1
    outer loop
      vertex -0.517767 50.7678 29.3
      vertex -0.271903 47.0166 29.3
      vertex -0.271903 50.9834 29.3
    endloop
  endfacet
  facet normal 0 0 1
    outer loop
      vertex -0.517767 50.7678 29.3
      vertex -0.517767 47.2322 29.3
      vertex -0.271903 47.0166 29.3
    endloop
  endfacet
  facet normal -0 0 1
    outer loop
      vertex -0.733383 50.5219 29.3
      vertex -0.517767 47.2322 29.3
      vertex -0.517767 50.7678 29.3
    endloop
  endfacet
  facet normal 0 0 1
    outer loop
      vertex -0.733383 50.5219 29.3
      vertex -0.733383 47.4781 29.3
      vertex -0.517767 47.2322 29.3
    endloop
  endfacet
  facet normal -0 0 1
    outer loop
      vertex -0.915063 50.25 29.3
      vertex -0.733383 47.4781 29.3
      vertex -0.733383 50.5219 29.3
    endloop
  endfacet
  facet normal 0 0 1
    outer loop
      vertex -0.915063 50.25 29.3
      vertex -0.915063 47.75 29.3
      vertex -0.733383 47.4781 29.3
    endloop
  endfacet
  facet normal -0 0 1
    outer loop
      vertex -1.0597 49.9567 29.3
      vertex -0.915063 47.75 29.3
      vertex -0.915063 50.25 29.3
    endloop
  endfacet
  facet normal 0 0 1
    outer loop
      vertex -1.0597 49.9567 29.3
      vertex -1.0597 48.0433 29.3
      vertex -0.915063 47.75 29.3
    endloop
  endfacet
  facet normal -0 0 1
    outer loop
      vertex -1.16481 49.647 29.3
      vertex -1.0597 48.0433 29.3
      vertex -1.0597 49.9567 29.3
    endloop
  endfacet
  facet normal 0 0 1
    outer loop
      vertex -1.16481 49.647 29.3
      vertex -1.16481 48.353 29.3
      vertex -1.0597 48.0433 29.3
    endloop
  endfacet
  facet normal -0 0 1
    outer loop
      vertex -1.22861 49.3263 29.3
      vertex -1.16481 48.353 29.3
      vertex -1.16481 49.647 29.3
    endloop
  endfacet
  facet normal 0 0 1
    outer loop
      vertex -1.22861 49.3263 29.3
      vertex -1.22861 48.6737 29.3
      vertex -1.16481 48.353 29.3
    endloop
  endfacet
  facet normal 0 -0 1
    outer loop
      vertex -1.22861 48.6737 29.3
      vertex -1.22861 49.3263 29.3
      vertex -1.25 49 29.3
    endloop
  endfacet
  facet normal -0.442201 0.896916 0
    outer loop
      vertex 0.293292 51.3097 27.3
      vertex 0 51.1651 29.3
      vertex 0.293292 51.3097 29.3
    endloop
  endfacet
  facet normal -0.442201 0.896916 0
    outer loop
      vertex 0 51.1651 29.3
      vertex 0.293292 51.3097 27.3
      vertex 0 51.1651 27.3
    endloop
  endfacet
  facet normal -0.0654402 0.997856 0
    outer loop
      vertex 1.25 51.5 27.3
      vertex 0.923685 51.4786 29.3
      vertex 1.25 51.5 29.3
    endloop
  endfacet
  facet normal -0.0654402 0.997856 0
    outer loop
      vertex 0.923685 51.4786 29.3
      vertex 1.25 51.5 27.3
      vertex 0.923685 51.4786 27.3
    endloop
  endfacet
  facet normal 0.946948 -0.321387 0
    outer loop
      vertex 3.5597 48.0433 29.3
      vertex 3.66481 48.353 27.3
      vertex 3.66481 48.353 29.3
    endloop
  endfacet
  facet normal 0.946948 -0.321387 0
    outer loop
      vertex 3.66481 48.353 27.3
      vertex 3.5597 48.0433 29.3
      vertex 3.5597 48.0433 27.3
    endloop
  endfacet
  facet normal 0.0654412 -0.997856 0
    outer loop
      vertex 1.25 46.5 27.3
      vertex 1.57631 46.5214 29.3
      vertex 1.25 46.5 29.3
    endloop
  endfacet
  facet normal 0.0654412 -0.997856 0
    outer loop
      vertex 1.57631 46.5214 29.3
      vertex 1.25 46.5 27.3
      vertex 1.57631 46.5214 27.3
    endloop
  endfacet
  facet normal 0.442204 -0.896915 0
    outer loop
      vertex 2.20671 46.6903 27.3
      vertex 2.5 46.8349 29.3
      vertex 2.20671 46.6903 29.3
    endloop
  endfacet
  facet normal 0.442204 -0.896915 0
    outer loop
      vertex 2.5 46.8349 29.3
      vertex 2.20671 46.6903 27.3
      vertex 2.5 46.8349 27.3
    endloop
  endfacet
  facet normal -0.896876 -0.442282 0
    outer loop
      vertex -0.915063 47.75 27.3
      vertex -1.0597 48.0433 29.3
      vertex -1.0597 48.0433 27.3
    endloop
  endfacet
  facet normal -0.896876 -0.442282 0
    outer loop
      vertex -1.0597 48.0433 29.3
      vertex -0.915063 47.75 27.3
      vertex -0.915063 47.75 29.3
    endloop
  endfacet
  facet normal -0.997858 -0.0654128 0
    outer loop
      vertex -1.22861 48.6737 27.3
      vertex -1.25 49 29.3
      vertex -1.25 49 27.3
    endloop
  endfacet
  facet normal -0.997858 -0.0654128 0
    outer loop
      vertex -1.25 49 29.3
      vertex -1.22861 48.6737 27.3
      vertex -1.22861 48.6737 29.3
    endloop
  endfacet
  facet normal 0.946948 0.321387 0
    outer loop
      vertex 3.66481 49.647 29.3
      vertex 3.5597 49.9567 27.3
      vertex 3.5597 49.9567 29.3
    endloop
  endfacet
  facet normal 0.946948 0.321387 0
    outer loop
      vertex 3.5597 49.9567 27.3
      vertex 3.66481 49.647 29.3
      vertex 3.66481 49.647 27.3
    endloop
  endfacet
  facet normal 0.321397 0.946944 -0
    outer loop
      vertex 2.20671 51.3097 27.3
      vertex 1.89705 51.4148 29.3
      vertex 2.20671 51.3097 29.3
    endloop
  endfacet
  facet normal 0.321397 0.946944 0
    outer loop
      vertex 1.89705 51.4148 29.3
      vertex 2.20671 51.3097 27.3
      vertex 1.89705 51.4148 27.3
    endloop
  endfacet
  facet normal 0.195093 0.980785 -0
    outer loop
      vertex 1.89705 51.4148 27.3
      vertex 1.57631 51.4786 29.3
      vertex 1.89705 51.4148 29.3
    endloop
  endfacet
  facet normal 0.195093 0.980785 0
    outer loop
      vertex 1.57631 51.4786 29.3
      vertex 1.89705 51.4148 27.3
      vertex 1.57631 51.4786 27.3
    endloop
  endfacet
  facet normal 0.659307 0.751873 -0
    outer loop
      vertex 3.01777 50.7678 27.3
      vertex 2.7719 50.9834 29.3
      vertex 3.01777 50.7678 29.3
    endloop
  endfacet
  facet normal 0.659307 0.751873 0
    outer loop
      vertex 2.7719 50.9834 29.3
      vertex 3.01777 50.7678 27.3
      vertex 2.7719 50.9834 27.3
    endloop
  endfacet
  facet normal -0.831466 0.555575 0
    outer loop
      vertex -0.915063 50.25 27.3
      vertex -0.733383 50.5219 29.3
      vertex -0.733383 50.5219 27.3
    endloop
  endfacet
  facet normal -0.831466 0.555575 0
    outer loop
      vertex -0.733383 50.5219 29.3
      vertex -0.915063 50.25 27.3
      vertex -0.915063 50.25 29.3
    endloop
  endfacet
  facet normal -0.751889 0.65929 0
    outer loop
      vertex -0.733383 50.5219 27.3
      vertex -0.517767 50.7678 29.3
      vertex -0.517767 50.7678 27.3
    endloop
  endfacet
  facet normal -0.751889 0.65929 0
    outer loop
      vertex -0.517767 50.7678 29.3
      vertex -0.733383 50.5219 27.3
      vertex -0.733383 50.5219 29.3
    endloop
  endfacet
  facet normal -0.946948 0.321387 0
    outer loop
      vertex -1.16481 49.647 27.3
      vertex -1.0597 49.9567 29.3
      vertex -1.0597 49.9567 27.3
    endloop
  endfacet
  facet normal -0.946948 0.321387 0
    outer loop
      vertex -1.0597 49.9567 29.3
      vertex -1.16481 49.647 27.3
      vertex -1.16481 49.647 29.3
    endloop
  endfacet
  facet normal -0.98078 0.195116 0
    outer loop
      vertex -1.22861 49.3263 27.3
      vertex -1.16481 49.647 29.3
      vertex -1.16481 49.647 27.3
    endloop
  endfacet
  facet normal -0.98078 0.195116 0
    outer loop
      vertex -1.16481 49.647 29.3
      vertex -1.22861 49.3263 27.3
      vertex -1.22861 49.3263 29.3
    endloop
  endfacet
  facet normal -0.555613 0.831441 0
    outer loop
      vertex 0 51.1651 27.3
      vertex -0.271903 50.9834 29.3
      vertex 0 51.1651 29.3
    endloop
  endfacet
  facet normal -0.555613 0.831441 0
    outer loop
      vertex -0.271903 50.9834 29.3
      vertex 0 51.1651 27.3
      vertex -0.271903 50.9834 27.3
    endloop
  endfacet
  facet normal -0.195097 0.980784 0
    outer loop
      vertex 0.923685 51.4786 27.3
      vertex 0.602953 51.4148 29.3
      vertex 0.923685 51.4786 29.3
    endloop
  endfacet
  facet normal -0.195097 0.980784 0
    outer loop
      vertex 0.602953 51.4148 29.3
      vertex 0.923685 51.4786 27.3
      vertex 0.602953 51.4148 27.3
    endloop
  endfacet
  facet normal 0.997858 -0.0654128 0
    outer loop
      vertex 3.72861 48.6737 29.3
      vertex 3.75 49 27.3
      vertex 3.75 49 29.3
    endloop
  endfacet
  facet normal 0.997858 -0.0654128 0
    outer loop
      vertex 3.75 49 27.3
      vertex 3.72861 48.6737 29.3
      vertex 3.72861 48.6737 27.3
    endloop
  endfacet
  facet normal 0.195093 -0.980785 0
    outer loop
      vertex 1.57631 46.5214 27.3
      vertex 1.89705 46.5852 29.3
      vertex 1.57631 46.5214 29.3
    endloop
  endfacet
  facet normal 0.195093 -0.980785 0
    outer loop
      vertex 1.89705 46.5852 29.3
      vertex 1.57631 46.5214 27.3
      vertex 1.89705 46.5852 27.3
    endloop
  endfacet
  facet normal 0.555617 -0.831438 0
    outer loop
      vertex 2.5 46.8349 27.3
      vertex 2.7719 47.0166 29.3
      vertex 2.5 46.8349 29.3
    endloop
  endfacet
  facet normal 0.555617 -0.831438 0
    outer loop
      vertex 2.7719 47.0166 29.3
      vertex 2.5 46.8349 27.3
      vertex 2.7719 47.0166 27.3
    endloop
  endfacet
  facet normal 0.751898 -0.659279 0
    outer loop
      vertex 3.01777 47.2322 29.3
      vertex 3.23338 47.4781 27.3
      vertex 3.23338 47.4781 29.3
    endloop
  endfacet
  facet normal 0.751898 -0.659279 0
    outer loop
      vertex 3.23338 47.4781 27.3
      vertex 3.01777 47.2322 29.3
      vertex 3.01777 47.2322 27.3
    endloop
  endfacet
  facet normal -0.659317 -0.751865 0
    outer loop
      vertex -0.517767 47.2322 27.3
      vertex -0.271903 47.0166 29.3
      vertex -0.517767 47.2322 29.3
    endloop
  endfacet
  facet normal -0.659317 -0.751865 -0
    outer loop
      vertex -0.271903 47.0166 29.3
      vertex -0.517767 47.2322 27.3
      vertex -0.271903 47.0166 27.3
    endloop
  endfacet
  facet normal -0.442201 -0.896916 0
    outer loop
      vertex 0 46.8349 27.3
      vertex 0.293292 46.6903 29.3
      vertex 0 46.8349 29.3
    endloop
  endfacet
  facet normal -0.442201 -0.896916 -0
    outer loop
      vertex 0.293292 46.6903 29.3
      vertex 0 46.8349 27.3
      vertex 0.293292 46.6903 27.3
    endloop
  endfacet
  facet normal -0.321396 -0.946945 0
    outer loop
      vertex 0.293292 46.6903 27.3
      vertex 0.602953 46.5852 29.3
      vertex 0.293292 46.6903 29.3
    endloop
  endfacet
  facet normal -0.321396 -0.946945 -0
    outer loop
      vertex 0.602953 46.5852 29.3
      vertex 0.293292 46.6903 27.3
      vertex 0.602953 46.5852 27.3
    endloop
  endfacet
  facet normal -0.0654402 -0.997856 0
    outer loop
      vertex 0.923685 46.5214 27.3
      vertex 1.25 46.5 29.3
      vertex 0.923685 46.5214 29.3
    endloop
  endfacet
  facet normal -0.0654402 -0.997856 -0
    outer loop
      vertex 1.25 46.5 29.3
      vertex 0.923685 46.5214 27.3
      vertex 1.25 46.5 27.3
    endloop
  endfacet
  facet normal -0.831466 -0.555575 0
    outer loop
      vertex -0.733383 47.4781 27.3
      vertex -0.915063 47.75 29.3
      vertex -0.915063 47.75 27.3
    endloop
  endfacet
  facet normal -0.831466 -0.555575 0
    outer loop
      vertex -0.915063 47.75 29.3
      vertex -0.733383 47.4781 27.3
      vertex -0.733383 47.4781 29.3
    endloop
  endfacet
  facet normal -0.98078 -0.195116 0
    outer loop
      vertex -1.16481 48.353 27.3
      vertex -1.22861 48.6737 29.3
      vertex -1.22861 48.6737 27.3
    endloop
  endfacet
  facet normal -0.98078 -0.195116 0
    outer loop
      vertex -1.22861 48.6737 29.3
      vertex -1.16481 48.353 27.3
      vertex -1.16481 48.353 29.3
    endloop
  endfacet
  facet normal 0.321397 -0.946944 0
    outer loop
      vertex 1.89705 46.5852 27.3
      vertex 2.20671 46.6903 29.3
      vertex 1.89705 46.5852 29.3
    endloop
  endfacet
  facet normal 0.321397 -0.946944 0
    outer loop
      vertex 2.20671 46.6903 29.3
      vertex 1.89705 46.5852 27.3
      vertex 2.20671 46.6903 27.3
    endloop
  endfacet
  facet normal 0.659307 -0.751873 0
    outer loop
      vertex 2.7719 47.0166 27.3
      vertex 3.01777 47.2322 29.3
      vertex 2.7719 47.0166 29.3
    endloop
  endfacet
  facet normal 0.659307 -0.751873 0
    outer loop
      vertex 3.01777 47.2322 29.3
      vertex 2.7719 47.0166 27.3
      vertex 3.01777 47.2322 27.3
    endloop
  endfacet
  facet normal 0.896872 -0.44229 0
    outer loop
      vertex 3.41506 47.75 29.3
      vertex 3.5597 48.0433 27.3
      vertex 3.5597 48.0433 29.3
    endloop
  endfacet
  facet normal 0.896872 -0.44229 0
    outer loop
      vertex 3.5597 48.0433 27.3
      vertex 3.41506 47.75 29.3
      vertex 3.41506 47.75 27.3
    endloop
  endfacet
  facet normal 0.98078 -0.195116 0
    outer loop
      vertex 3.66481 48.353 29.3
      vertex 3.72861 48.6737 27.3
      vertex 3.72861 48.6737 29.3
    endloop
  endfacet
  facet normal 0.98078 -0.195116 0
    outer loop
      vertex 3.72861 48.6737 27.3
      vertex 3.66481 48.353 29.3
      vertex 3.66481 48.353 27.3
    endloop
  endfacet
  facet normal -0.555613 -0.831441 0
    outer loop
      vertex -0.271903 47.0166 27.3
      vertex 0 46.8349 29.3
      vertex -0.271903 47.0166 29.3
    endloop
  endfacet
  facet normal -0.555613 -0.831441 -0
    outer loop
      vertex 0 46.8349 29.3
      vertex -0.271903 47.0166 27.3
      vertex 0 46.8349 27.3
    endloop
  endfacet
  facet normal -0.195097 -0.980784 0
    outer loop
      vertex 0.602953 46.5852 27.3
      vertex 0.923685 46.5214 29.3
      vertex 0.602953 46.5852 29.3
    endloop
  endfacet
  facet normal -0.195097 -0.980784 -0
    outer loop
      vertex 0.923685 46.5214 29.3
      vertex 0.602953 46.5852 27.3
      vertex 0.923685 46.5214 27.3
    endloop
  endfacet
  facet normal 0.831466 -0.555575 0
    outer loop
      vertex 3.23338 47.4781 29.3
      vertex 3.41506 47.75 27.3
      vertex 3.41506 47.75 29.3
    endloop
  endfacet
  facet normal 0.831466 -0.555575 0
    outer loop
      vertex 3.41506 47.75 27.3
      vertex 3.23338 47.4781 29.3
      vertex 3.23338 47.4781 27.3
    endloop
  endfacet
  facet normal 0.866023 0.500004 0
    outer loop
      vertex 3.56 49 24
      vertex 2.405 51.0005 22.4
      vertex 2.405 51.0005 24
    endloop
  endfacet
  facet normal 0.866023 0.500004 0
    outer loop
      vertex 2.405 51.0005 22.4
      vertex 3.56 49 24
      vertex 3.56 49 22.4
    endloop
  endfacet
  facet normal -0.866023 0.500004 0
    outer loop
      vertex -1.06 49 22.4
      vertex 0.0950003 51.0005 24
      vertex 0.0950003 51.0005 22.4
    endloop
  endfacet
  facet normal -0.866023 0.500004 0
    outer loop
      vertex 0.0950003 51.0005 24
      vertex -1.06 49 22.4
      vertex -1.06 49 24
    endloop
  endfacet
  facet normal 0 1 -0
    outer loop
      vertex 2.405 51.0005 22.4
      vertex 0.0950003 51.0005 24
      vertex 2.405 51.0005 24
    endloop
  endfacet
  facet normal 0 1 0
    outer loop
      vertex 0.0950003 51.0005 24
      vertex 2.405 51.0005 22.4
      vertex 0.0950003 51.0005 22.4
    endloop
  endfacet
  facet normal -0.866023 -0.500004 0
    outer loop
      vertex 0.0950003 46.9995 22.4
      vertex -1.06 49 24
      vertex -1.06 49 22.4
    endloop
  endfacet
  facet normal -0.866023 -0.500004 0
    outer loop
      vertex -1.06 49 24
      vertex 0.0950003 46.9995 22.4
      vertex 0.0950003 46.9995 24
    endloop
  endfacet
  facet normal -0 0 1
    outer loop
      vertex 2.11602 49.5 24
      vertex 3.56 49 24
      vertex 2.405 51.0005 24
    endloop
  endfacet
  facet normal 0 0 1
    outer loop
      vertex 2.24144 48.8695 24
      vertex 3.56 49 24
      vertex 2.25 49 24
    endloop
  endfacet
  facet normal 0 0 1
    outer loop
      vertex 3.56 49 24
      vertex 2.24144 49.1305 24
      vertex 2.25 49 24
    endloop
  endfacet
  facet normal 0 0 1
    outer loop
      vertex 3.56 49 24
      vertex 2.21593 49.2588 24
      vertex 2.24144 49.1305 24
    endloop
  endfacet
  facet normal 0 0 1
    outer loop
      vertex 3.56 49 24
      vertex 2.17388 49.3827 24
      vertex 2.21593 49.2588 24
    endloop
  endfacet
  facet normal 0 0 1
    outer loop
      vertex 3.56 49 24
      vertex 2.11602 49.5 24
      vertex 2.17388 49.3827 24
    endloop
  endfacet
  facet normal 0 0 1
    outer loop
      vertex 2.405 51.0005 24
      vertex 2.04335 49.6088 24
      vertex 2.11602 49.5 24
    endloop
  endfacet
  facet normal 0 0 1
    outer loop
      vertex 2.405 51.0005 24
      vertex 1.95711 49.7071 24
      vertex 2.04335 49.6088 24
    endloop
  endfacet
  facet normal 0 0 1
    outer loop
      vertex 2.405 51.0005 24
      vertex 1.85876 49.7934 24
      vertex 1.95711 49.7071 24
    endloop
  endfacet
  facet normal 0 0 1
    outer loop
      vertex 2.405 51.0005 24
      vertex 1.75 49.866 24
      vertex 1.85876 49.7934 24
    endloop
  endfacet
  facet normal 0 0 1
    outer loop
      vertex 2.405 51.0005 24
      vertex 1.63268 49.9239 24
      vertex 1.75 49.866 24
    endloop
  endfacet
  facet normal 0 0 1
    outer loop
      vertex 2.405 51.0005 24
      vertex 1.50882 49.9659 24
      vertex 1.63268 49.9239 24
    endloop
  endfacet
  facet normal 0 0 1
    outer loop
      vertex 2.405 51.0005 24
      vertex 1.38053 49.9914 24
      vertex 1.50882 49.9659 24
    endloop
  endfacet
  facet normal 0 0 1
    outer loop
      vertex 2.405 51.0005 24
      vertex 1.25 50 24
      vertex 1.38053 49.9914 24
    endloop
  endfacet
  facet normal -0 0 1
    outer loop
      vertex 0.0950003 51.0005 24
      vertex 1.25 50 24
      vertex 2.405 51.0005 24
    endloop
  endfacet
  facet normal 0 0 1
    outer loop
      vertex 1.25 50 24
      vertex 0.0950003 51.0005 24
      vertex 1.11947 49.9914 24
    endloop
  endfacet
  facet normal 0 0 1
    outer loop
      vertex 1.11947 49.9914 24
      vertex 0.0950003 51.0005 24
      vertex 0.991181 49.9659 24
    endloop
  endfacet
  facet normal 0 0 1
    outer loop
      vertex 0.991181 49.9659 24
      vertex 0.0950003 51.0005 24
      vertex 0.867317 49.9239 24
    endloop
  endfacet
  facet normal 0 0 1
    outer loop
      vertex 0.867317 49.9239 24
      vertex 0.0950003 51.0005 24
      vertex 0.75 49.866 24
    endloop
  endfacet
  facet normal 0 0 1
    outer loop
      vertex 0.284075 49.2588 24
      vertex -1.06 49 24
      vertex 0.258555 49.1305 24
    endloop
  endfacet
  facet normal 0 0 1
    outer loop
      vertex 0.326121 49.3827 24
      vertex -1.06 49 24
      vertex 0.284075 49.2588 24
    endloop
  endfacet
  facet normal 0 0 1
    outer loop
      vertex 0.383975 49.5 24
      vertex -1.06 49 24
      vertex 0.326121 49.3827 24
    endloop
  endfacet
  facet normal 0 0 1
    outer loop
      vertex -1.06 49 24
      vertex 0.383975 49.5 24
      vertex 0.0950003 51.0005 24
    endloop
  endfacet
  facet normal 0 0 1
    outer loop
      vertex 0.456647 49.6088 24
      vertex 0.0950003 51.0005 24
      vertex 0.383975 49.5 24
    endloop
  endfacet
  facet normal 0 0 1
    outer loop
      vertex 0.542893 49.7071 24
      vertex 0.0950003 51.0005 24
      vertex 0.456647 49.6088 24
    endloop
  endfacet
  facet normal 0 0 1
    outer loop
      vertex 0.641239 49.7934 24
      vertex 0.0950003 51.0005 24
      vertex 0.542893 49.7071 24
    endloop
  endfacet
  facet normal 0 0 1
    outer loop
      vertex 0.75 49.866 24
      vertex 0.0950003 51.0005 24
      vertex 0.641239 49.7934 24
    endloop
  endfacet
  facet normal 0 0 1
    outer loop
      vertex 2.21593 48.7412 24
      vertex 3.56 49 24
      vertex 2.24144 48.8695 24
    endloop
  endfacet
  facet normal 0 0 1
    outer loop
      vertex 2.17388 48.6173 24
      vertex 3.56 49 24
      vertex 2.21593 48.7412 24
    endloop
  endfacet
  facet normal 0 0 1
    outer loop
      vertex 2.11602 48.5 24
      vertex 3.56 49 24
      vertex 2.17388 48.6173 24
    endloop
  endfacet
  facet normal 0 0 1
    outer loop
      vertex 3.56 49 24
      vertex 2.11602 48.5 24
      vertex 2.405 46.9995 24
    endloop
  endfacet
  facet normal -0 0 1
    outer loop
      vertex 2.04335 48.3912 24
      vertex 2.405 46.9995 24
      vertex 2.11602 48.5 24
    endloop
  endfacet
  facet normal -0 0 1
    outer loop
      vertex 1.95711 48.2929 24
      vertex 2.405 46.9995 24
      vertex 2.04335 48.3912 24
    endloop
  endfacet
  facet normal -0 0 1
    outer loop
      vertex 1.85876 48.2066 24
      vertex 2.405 46.9995 24
      vertex 1.95711 48.2929 24
    endloop
  endfacet
  facet normal -0 0 1
    outer loop
      vertex 1.75 48.134 24
      vertex 2.405 46.9995 24
      vertex 1.85876 48.2066 24
    endloop
  endfacet
  facet normal -0 0 1
    outer loop
      vertex 1.63268 48.0761 24
      vertex 2.405 46.9995 24
      vertex 1.75 48.134 24
    endloop
  endfacet
  facet normal -0 0 1
    outer loop
      vertex 1.50882 48.0341 24
      vertex 2.405 46.9995 24
      vertex 1.63268 48.0761 24
    endloop
  endfacet
  facet normal -0 0 1
    outer loop
      vertex 1.38053 48.0086 24
      vertex 2.405 46.9995 24
      vertex 1.50882 48.0341 24
    endloop
  endfacet
  facet normal -0 0 1
    outer loop
      vertex 1.25 48 24
      vertex 2.405 46.9995 24
      vertex 1.38053 48.0086 24
    endloop
  endfacet
  facet normal 0 0 1
    outer loop
      vertex 0.0950003 46.9995 24
      vertex 1.25 48 24
      vertex 1.11947 48.0086 24
    endloop
  endfacet
  facet normal 0 0 1
    outer loop
      vertex 0.0950003 46.9995 24
      vertex 1.11947 48.0086 24
      vertex 0.991181 48.0341 24
    endloop
  endfacet
  facet normal 0 0 1
    outer loop
      vertex 0.0950003 46.9995 24
      vertex 0.991181 48.0341 24
      vertex 0.867317 48.0761 24
    endloop
  endfacet
  facet normal 0 0 1
    outer loop
      vertex 0.0950003 46.9995 24
      vertex 0.867317 48.0761 24
      vertex 0.75 48.134 24
    endloop
  endfacet
  facet normal 0 0 1
    outer loop
      vertex 0.0950003 46.9995 24
      vertex 0.75 48.134 24
      vertex 0.641239 48.2066 24
    endloop
  endfacet
  facet normal 0 0 1
    outer loop
      vertex 0.258555 49.1305 24
      vertex -1.06 49 24
      vertex 0.25 49 24
    endloop
  endfacet
  facet normal 0 0 1
    outer loop
      vertex 1.25 48 24
      vertex 0.0950003 46.9995 24
      vertex 2.405 46.9995 24
    endloop
  endfacet
  facet normal 0 0 1
    outer loop
      vertex 0.542893 48.2929 24
      vertex 0.0950003 46.9995 24
      vertex 0.641239 48.2066 24
    endloop
  endfacet
  facet normal 0 0 1
    outer loop
      vertex 0.456647 48.3912 24
      vertex 0.0950003 46.9995 24
      vertex 0.542893 48.2929 24
    endloop
  endfacet
  facet normal 0 0 1
    outer loop
      vertex 0.383975 48.5 24
      vertex 0.0950003 46.9995 24
      vertex 0.456647 48.3912 24
    endloop
  endfacet
  facet normal 0 0 1
    outer loop
      vertex -1.06 49 24
      vertex 0.383975 48.5 24
      vertex 0.326121 48.6173 24
    endloop
  endfacet
  facet normal 0 0 1
    outer loop
      vertex -1.06 49 24
      vertex 0.326121 48.6173 24
      vertex 0.284075 48.7412 24
    endloop
  endfacet
  facet normal 0 0 1
    outer loop
      vertex -1.06 49 24
      vertex 0.284075 48.7412 24
      vertex 0.258555 48.8695 24
    endloop
  endfacet
  facet normal 0 0 1
    outer loop
      vertex 0.25 49 24
      vertex -1.06 49 24
      vertex 0.258555 48.8695 24
    endloop
  endfacet
  facet normal 0 0 1
    outer loop
      vertex 0.383975 48.5 24
      vertex -1.06 49 24
      vertex 0.0950003 46.9995 24
    endloop
  endfacet
  facet normal 0.866023 -0.500004 0
    outer loop
      vertex 2.405 46.9995 24
      vertex 3.56 49 22.4
      vertex 3.56 49 24
    endloop
  endfacet
  facet normal 0.866023 -0.500004 0
    outer loop
      vertex 3.56 49 22.4
      vertex 2.405 46.9995 24
      vertex 2.405 46.9995 22.4
    endloop
  endfacet
  facet normal 0 -1 0
    outer loop
      vertex 0.0950003 46.9995 22.4
      vertex 2.405 46.9995 24
      vertex 0.0950003 46.9995 24
    endloop
  endfacet
  facet normal 0 -1 -0
    outer loop
      vertex 2.405 46.9995 24
      vertex 0.0950003 46.9995 22.4
      vertex 2.405 46.9995 22.4
    endloop
  endfacet
  facet normal 0.997856 0.0654532 0
    outer loop
      vertex 2.25 69 27.3
      vertex 2.24144 69.1305 24
      vertex 2.24144 69.1305 27.3
    endloop
  endfacet
  facet normal 0.997856 0.0654532 0
    outer loop
      vertex 2.24144 69.1305 24
      vertex 2.25 69 27.3
      vertex 2.25 69 24
    endloop
  endfacet
  facet normal -0.997858 0.0654151 0
    outer loop
      vertex 0.25 69 24
      vertex 0.258555 69.1305 27.3
      vertex 0.258555 69.1305 24
    endloop
  endfacet
  facet normal -0.997858 0.0654151 0
    outer loop
      vertex 0.258555 69.1305 27.3
      vertex 0.25 69 24
      vertex 0.25 69 27.3
    endloop
  endfacet
  facet normal 0.0657427 0.997837 -0
    outer loop
      vertex 1.38053 69.9914 24
      vertex 1.25 70 27.3
      vertex 1.38053 69.9914 27.3
    endloop
  endfacet
  facet normal 0.0657427 0.997837 0
    outer loop
      vertex 1.25 70 27.3
      vertex 1.38053 69.9914 24
      vertex 1.25 70 24
    endloop
  endfacet
  facet normal 0.751714 0.659489 0
    outer loop
      vertex 2.04335 69.6088 27.3
      vertex 1.95711 69.7071 24
      vertex 1.95711 69.7071 27.3
    endloop
  endfacet
  facet normal 0.751714 0.659489 0
    outer loop
      vertex 1.95711 69.7071 24
      vertex 2.04335 69.6088 27.3
      vertex 2.04335 69.6088 24
    endloop
  endfacet
  facet normal -0.659574 0.751639 0
    outer loop
      vertex 0.641239 69.7934 24
      vertex 0.542893 69.7071 27.3
      vertex 0.641239 69.7934 27.3
    endloop
  endfacet
  facet normal -0.659574 0.751639 0
    outer loop
      vertex 0.542893 69.7071 27.3
      vertex 0.641239 69.7934 24
      vertex 0.542893 69.7071 24
    endloop
  endfacet
  facet normal -0.321123 0.947038 0
    outer loop
      vertex 0.991181 69.9659 24
      vertex 0.867317 69.9239 27.3
      vertex 0.991181 69.9659 27.3
    endloop
  endfacet
  facet normal -0.321123 0.947038 0
    outer loop
      vertex 0.867317 69.9239 27.3
      vertex 0.991181 69.9659 24
      vertex 0.867317 69.9239 24
    endloop
  endfacet
  facet normal 0.89683 0.442375 0
    outer loop
      vertex 2.17388 69.3827 27.3
      vertex 2.11602 69.5 24
      vertex 2.11602 69.5 27.3
    endloop
  endfacet
  facet normal 0.89683 0.442375 0
    outer loop
      vertex 2.11602 69.5 24
      vertex 2.17388 69.3827 27.3
      vertex 2.17388 69.3827 24
    endloop
  endfacet
  facet normal 0.980801 0.195013 0
    outer loop
      vertex 2.24144 69.1305 27.3
      vertex 2.21593 69.2588 24
      vertex 2.21593 69.2588 27.3
    endloop
  endfacet
  facet normal 0.980801 0.195013 0
    outer loop
      vertex 2.21593 69.2588 24
      vertex 2.24144 69.1305 27.3
      vertex 2.24144 69.1305 24
    endloop
  endfacet
  facet normal 0.831568 0.555423 0
    outer loop
      vertex 2.11602 69.5 27.3
      vertex 2.04335 69.6088 24
      vertex 2.04335 69.6088 27.3
    endloop
  endfacet
  facet normal 0.831568 0.555423 0
    outer loop
      vertex 2.04335 69.6088 24
      vertex 2.11602 69.5 27.3
      vertex 2.11602 69.5 24
    endloop
  endfacet
  facet normal 0.44256 0.896739 -0
    outer loop
      vertex 1.75 69.866 24
      vertex 1.63268 69.9239 27.3
      vertex 1.75 69.866 27.3
    endloop
  endfacet
  facet normal 0.44256 0.896739 0
    outer loop
      vertex 1.63268 69.9239 27.3
      vertex 1.75 69.866 24
      vertex 1.63268 69.9239 24
    endloop
  endfacet
  facet normal 0.321132 0.947034 -0
    outer loop
      vertex 1.63268 69.9239 24
      vertex 1.50882 69.9659 27.3
      vertex 1.63268 69.9239 27.3
    endloop
  endfacet
  facet normal 0.321132 0.947034 0
    outer loop
      vertex 1.50882 69.9659 27.3
      vertex 1.63268 69.9239 24
      vertex 1.50882 69.9659 24
    endloop
  endfacet
  facet normal 0.555194 0.831721 -0
    outer loop
      vertex 1.85876 69.7934 24
      vertex 1.75 69.866 27.3
      vertex 1.85876 69.7934 27.3
    endloop
  endfacet
  facet normal 0.555194 0.831721 0
    outer loop
      vertex 1.75 69.866 27.3
      vertex 1.85876 69.7934 24
      vertex 1.75 69.866 24
    endloop
  endfacet
  facet normal -0.896848 0.442338 0
    outer loop
      vertex 0.326121 69.3827 24
      vertex 0.383975 69.5 27.3
      vertex 0.383975 69.5 24
    endloop
  endfacet
  facet normal -0.896848 0.442338 0
    outer loop
      vertex 0.383975 69.5 27.3
      vertex 0.326121 69.3827 24
      vertex 0.326121 69.3827 27.3
    endloop
  endfacet
  facet normal -0.831561 0.555434 0
    outer loop
      vertex 0.383975 69.5 24
      vertex 0.456647 69.6088 27.3
      vertex 0.456647 69.6088 24
    endloop
  endfacet
  facet normal -0.831561 0.555434 0
    outer loop
      vertex 0.456647 69.6088 27.3
      vertex 0.383975 69.5 24
      vertex 0.383975 69.5 27.3
    endloop
  endfacet
  facet normal -0.946959 0.321355 0
    outer loop
      vertex 0.284075 69.2588 24
      vertex 0.326121 69.3827 27.3
      vertex 0.326121 69.3827 24
    endloop
  endfacet
  facet normal -0.946959 0.321355 0
    outer loop
      vertex 0.326121 69.3827 27.3
      vertex 0.284075 69.2588 24
      vertex 0.284075 69.2588 27.3
    endloop
  endfacet
  facet normal -0.442569 0.896734 0
    outer loop
      vertex 0.867317 69.9239 24
      vertex 0.75 69.866 27.3
      vertex 0.867317 69.9239 27.3
    endloop
  endfacet
  facet normal -0.442569 0.896734 0
    outer loop
      vertex 0.75 69.866 27.3
      vertex 0.867317 69.9239 24
      vertex 0.75 69.866 24
    endloop
  endfacet
  facet normal -0.194956 0.980812 0
    outer loop
      vertex 1.11947 69.9914 24
      vertex 0.991181 69.9659 27.3
      vertex 1.11947 69.9914 27.3
    endloop
  endfacet
  facet normal -0.194956 0.980812 0
    outer loop
      vertex 0.991181 69.9659 27.3
      vertex 1.11947 69.9914 24
      vertex 0.991181 69.9659 24
    endloop
  endfacet
  facet normal 0.659559 -0.751653 0
    outer loop
      vertex 1.85876 68.2066 24
      vertex 1.95711 68.2929 27.3
      vertex 1.85876 68.2066 27.3
    endloop
  endfacet
  facet normal 0.659559 -0.751653 0
    outer loop
      vertex 1.95711 68.2929 27.3
      vertex 1.85876 68.2066 24
      vertex 1.95711 68.2929 24
    endloop
  endfacet
  facet normal 0.44256 -0.896739 0
    outer loop
      vertex 1.63268 68.0761 24
      vertex 1.75 68.134 27.3
      vertex 1.63268 68.0761 27.3
    endloop
  endfacet
  facet normal 0.44256 -0.896739 0
    outer loop
      vertex 1.75 68.134 27.3
      vertex 1.63268 68.0761 24
      vertex 1.75 68.134 24
    endloop
  endfacet
  facet normal -0.321123 -0.947038 0
    outer loop
      vertex 0.867317 68.0761 24
      vertex 0.991181 68.0341 27.3
      vertex 0.867317 68.0761 27.3
    endloop
  endfacet
  facet normal -0.321123 -0.947038 -0
    outer loop
      vertex 0.991181 68.0341 27.3
      vertex 0.867317 68.0761 24
      vertex 0.991181 68.0341 24
    endloop
  endfacet
  facet normal -0.896848 -0.442338 0
    outer loop
      vertex 0.383975 68.5 24
      vertex 0.326121 68.6173 27.3
      vertex 0.326121 68.6173 24
    endloop
  endfacet
  facet normal -0.896848 -0.442338 0
    outer loop
      vertex 0.326121 68.6173 27.3
      vertex 0.383975 68.5 24
      vertex 0.383975 68.5 27.3
    endloop
  endfacet
  facet normal -0.831561 -0.555434 0
    outer loop
      vertex 0.456647 68.3912 24
      vertex 0.383975 68.5 27.3
      vertex 0.383975 68.5 24
    endloop
  endfacet
  facet normal -0.831561 -0.555434 0
    outer loop
      vertex 0.383975 68.5 27.3
      vertex 0.456647 68.3912 24
      vertex 0.456647 68.3912 27.3
    endloop
  endfacet
  facet normal 0 0 -1
    outer loop
      vertex 2.405 66.9995 22.4
      vertex 2.405 71.0005 22.4
      vertex 3.56 69 22.4
    endloop
  endfacet
  facet normal 0 0 -1
    outer loop
      vertex 0.0950003 66.9995 22.4
      vertex 2.405 71.0005 22.4
      vertex 2.405 66.9995 22.4
    endloop
  endfacet
  facet normal 0 0 -1
    outer loop
      vertex 0.0950003 66.9995 22.4
      vertex 0.0950003 71.0005 22.4
      vertex 2.405 71.0005 22.4
    endloop
  endfacet
  facet normal 0 -0 -1
    outer loop
      vertex 0.0950003 71.0005 22.4
      vertex 0.0950003 66.9995 22.4
      vertex -1.06 69 22.4
    endloop
  endfacet
  facet normal 0.94695 0.321382 0
    outer loop
      vertex 2.21593 69.2588 27.3
      vertex 2.17388 69.3827 24
      vertex 2.17388 69.3827 27.3
    endloop
  endfacet
  facet normal 0.94695 0.321382 0
    outer loop
      vertex 2.17388 69.3827 24
      vertex 2.21593 69.2588 27.3
      vertex 2.21593 69.2588 24
    endloop
  endfacet
  facet normal 0.194955 0.980812 -0
    outer loop
      vertex 1.50882 69.9659 24
      vertex 1.38053 69.9914 27.3
      vertex 1.50882 69.9659 27.3
    endloop
  endfacet
  facet normal 0.194955 0.980812 0
    outer loop
      vertex 1.38053 69.9914 27.3
      vertex 1.50882 69.9659 24
      vertex 1.38053 69.9914 24
    endloop
  endfacet
  facet normal 0.659559 0.751653 -0
    outer loop
      vertex 1.95711 69.7071 24
      vertex 1.85876 69.7934 27.3
      vertex 1.95711 69.7071 27.3
    endloop
  endfacet
  facet normal 0.659559 0.751653 0
    outer loop
      vertex 1.85876 69.7934 27.3
      vertex 1.95711 69.7071 24
      vertex 1.85876 69.7934 24
    endloop
  endfacet
  facet normal -0.980786 0.195087 0
    outer loop
      vertex 0.258555 69.1305 24
      vertex 0.284075 69.2588 27.3
      vertex 0.284075 69.2588 24
    endloop
  endfacet
  facet normal -0.980786 0.195087 0
    outer loop
      vertex 0.284075 69.2588 27.3
      vertex 0.258555 69.1305 24
      vertex 0.258555 69.1305 27.3
    endloop
  endfacet
  facet normal 0 0 -1
    outer loop
      vertex 2.25 69 27.3
      vertex 3.75 69 27.3
      vertex 3.72861 68.6737 27.3
    endloop
  endfacet
  facet normal 0 0 -1
    outer loop
      vertex 2.24144 68.8695 27.3
      vertex 3.72861 68.6737 27.3
      vertex 3.66481 68.353 27.3
    endloop
  endfacet
  facet normal 0 0 -1
    outer loop
      vertex 3.75 69 27.3
      vertex 2.25 69 27.3
      vertex 3.72861 69.3263 27.3
    endloop
  endfacet
  facet normal 0 0 -1
    outer loop
      vertex 2.21593 68.7412 27.3
      vertex 3.66481 68.353 27.3
      vertex 3.5597 68.0433 27.3
    endloop
  endfacet
  facet normal 0 0 -1
    outer loop
      vertex 2.24144 69.1305 27.3
      vertex 3.72861 69.3263 27.3
      vertex 2.25 69 27.3
    endloop
  endfacet
  facet normal 0 0 -1
    outer loop
      vertex 2.17388 68.6173 27.3
      vertex 3.5597 68.0433 27.3
      vertex 3.41506 67.75 27.3
    endloop
  endfacet
  facet normal -0 0 -1
    outer loop
      vertex 3.72861 69.3263 27.3
      vertex 2.24144 69.1305 27.3
      vertex 3.66481 69.647 27.3
    endloop
  endfacet
  facet normal 0 0 -1
    outer loop
      vertex 2.11602 68.5 27.3
      vertex 3.41506 67.75 27.3
      vertex 3.23338 67.4781 27.3
    endloop
  endfacet
  facet normal 0 0 -1
    outer loop
      vertex 2.21593 69.2588 27.3
      vertex 3.66481 69.647 27.3
      vertex 2.24144 69.1305 27.3
    endloop
  endfacet
  facet normal 0 0 -1
    outer loop
      vertex 2.04335 68.3912 27.3
      vertex 3.23338 67.4781 27.3
      vertex 3.01777 67.2322 27.3
    endloop
  endfacet
  facet normal -0 0 -1
    outer loop
      vertex 3.66481 69.647 27.3
      vertex 2.21593 69.2588 27.3
      vertex 3.5597 69.9567 27.3
    endloop
  endfacet
  facet normal 0 0 -1
    outer loop
      vertex 1.95711 68.2929 27.3
      vertex 3.01777 67.2322 27.3
      vertex 2.7719 67.0166 27.3
    endloop
  endfacet
  facet normal 0 0 -1
    outer loop
      vertex 2.17388 69.3827 27.3
      vertex 3.5597 69.9567 27.3
      vertex 2.21593 69.2588 27.3
    endloop
  endfacet
  facet normal 0 0 -1
    outer loop
      vertex 1.85876 68.2066 27.3
      vertex 2.7719 67.0166 27.3
      vertex 2.5 66.8349 27.3
    endloop
  endfacet
  facet normal -0 0 -1
    outer loop
      vertex 3.5597 69.9567 27.3
      vertex 2.17388 69.3827 27.3
      vertex 3.41506 70.25 27.3
    endloop
  endfacet
  facet normal 0 0 -1
    outer loop
      vertex 2.11602 69.5 27.3
      vertex 3.41506 70.25 27.3
      vertex 2.17388 69.3827 27.3
    endloop
  endfacet
  facet normal 0 0 -1
    outer loop
      vertex 3.72861 68.6737 27.3
      vertex 2.24144 68.8695 27.3
      vertex 2.25 69 27.3
    endloop
  endfacet
  facet normal 0 0 -1
    outer loop
      vertex 3.66481 68.353 27.3
      vertex 2.21593 68.7412 27.3
      vertex 2.24144 68.8695 27.3
    endloop
  endfacet
  facet normal 0 0 -1
    outer loop
      vertex 1.75 68.134 27.3
      vertex 2.5 66.8349 27.3
      vertex 2.20671 66.6903 27.3
    endloop
  endfacet
  facet normal 0 0 -1
    outer loop
      vertex 3.5597 68.0433 27.3
      vertex 2.17388 68.6173 27.3
      vertex 2.21593 68.7412 27.3
    endloop
  endfacet
  facet normal 0 0 -1
    outer loop
      vertex 3.41506 67.75 27.3
      vertex 2.11602 68.5 27.3
      vertex 2.17388 68.6173 27.3
    endloop
  endfacet
  facet normal 0 0 -1
    outer loop
      vertex 3.23338 67.4781 27.3
      vertex 2.04335 68.3912 27.3
      vertex 2.11602 68.5 27.3
    endloop
  endfacet
  facet normal 0 0 -1
    outer loop
      vertex 3.01777 67.2322 27.3
      vertex 1.95711 68.2929 27.3
      vertex 2.04335 68.3912 27.3
    endloop
  endfacet
  facet normal 0 0 -1
    outer loop
      vertex 1.63268 68.0761 27.3
      vertex 2.20671 66.6903 27.3
      vertex 1.89705 66.5852 27.3
    endloop
  endfacet
  facet normal 0 0 -1
    outer loop
      vertex 2.7719 67.0166 27.3
      vertex 1.85876 68.2066 27.3
      vertex 1.95711 68.2929 27.3
    endloop
  endfacet
  facet normal 0 0 -1
    outer loop
      vertex 2.5 66.8349 27.3
      vertex 1.75 68.134 27.3
      vertex 1.85876 68.2066 27.3
    endloop
  endfacet
  facet normal 0 0 -1
    outer loop
      vertex 2.20671 66.6903 27.3
      vertex 1.63268 68.0761 27.3
      vertex 1.75 68.134 27.3
    endloop
  endfacet
  facet normal 0 0 -1
    outer loop
      vertex 1.50882 68.0341 27.3
      vertex 1.89705 66.5852 27.3
      vertex 1.57631 66.5214 27.3
    endloop
  endfacet
  facet normal 0 0 -1
    outer loop
      vertex 1.89705 66.5852 27.3
      vertex 1.50882 68.0341 27.3
      vertex 1.63268 68.0761 27.3
    endloop
  endfacet
  facet normal 0 0 -1
    outer loop
      vertex 1.57631 66.5214 27.3
      vertex 1.38053 68.0086 27.3
      vertex 1.50882 68.0341 27.3
    endloop
  endfacet
  facet normal 0 0 -1
    outer loop
      vertex 1.25 66.5 27.3
      vertex 1.38053 68.0086 27.3
      vertex 1.57631 66.5214 27.3
    endloop
  endfacet
  facet normal 0 0 -1
    outer loop
      vertex 1.25 66.5 27.3
      vertex 1.25 68 27.3
      vertex 1.38053 68.0086 27.3
    endloop
  endfacet
  facet normal 0 0 -1
    outer loop
      vertex 1.25 66.5 27.3
      vertex 1.11947 68.0086 27.3
      vertex 1.25 68 27.3
    endloop
  endfacet
  facet normal 0 0 -1
    outer loop
      vertex 0.923685 66.5214 27.3
      vertex 1.11947 68.0086 27.3
      vertex 1.25 66.5 27.3
    endloop
  endfacet
  facet normal -0 0 -1
    outer loop
      vertex 1.11947 68.0086 27.3
      vertex 0.923685 66.5214 27.3
      vertex 0.991181 68.0341 27.3
    endloop
  endfacet
  facet normal 0 0 -1
    outer loop
      vertex 0.602953 66.5852 27.3
      vertex 0.991181 68.0341 27.3
      vertex 0.923685 66.5214 27.3
    endloop
  endfacet
  facet normal -0 0 -1
    outer loop
      vertex 0.991181 68.0341 27.3
      vertex 0.602953 66.5852 27.3
      vertex 0.867317 68.0761 27.3
    endloop
  endfacet
  facet normal 0 0 -1
    outer loop
      vertex 0.293292 66.6903 27.3
      vertex 0.867317 68.0761 27.3
      vertex 0.602953 66.5852 27.3
    endloop
  endfacet
  facet normal -0 0 -1
    outer loop
      vertex 0.867317 68.0761 27.3
      vertex 0.293292 66.6903 27.3
      vertex 0.75 68.134 27.3
    endloop
  endfacet
  facet normal 0 0 -1
    outer loop
      vertex 0 66.8349 27.3
      vertex 0.75 68.134 27.3
      vertex 0.293292 66.6903 27.3
    endloop
  endfacet
  facet normal -0 0 -1
    outer loop
      vertex 0.75 68.134 27.3
      vertex 0 66.8349 27.3
      vertex 0.641239 68.2066 27.3
    endloop
  endfacet
  facet normal 0 0 -1
    outer loop
      vertex -0.271903 67.0166 27.3
      vertex 0.641239 68.2066 27.3
      vertex 0 66.8349 27.3
    endloop
  endfacet
  facet normal -0 0 -1
    outer loop
      vertex 0.641239 68.2066 27.3
      vertex -0.271903 67.0166 27.3
      vertex 0.542893 68.2929 27.3
    endloop
  endfacet
  facet normal 0 0 -1
    outer loop
      vertex -0.517767 67.2322 27.3
      vertex 0.542893 68.2929 27.3
      vertex -0.271903 67.0166 27.3
    endloop
  endfacet
  facet normal -0 0 -1
    outer loop
      vertex 0.542893 68.2929 27.3
      vertex -0.517767 67.2322 27.3
      vertex 0.456647 68.3912 27.3
    endloop
  endfacet
  facet normal 0 0 -1
    outer loop
      vertex -0.733383 67.4781 27.3
      vertex 0.456647 68.3912 27.3
      vertex -0.517767 67.2322 27.3
    endloop
  endfacet
  facet normal -0 0 -1
    outer loop
      vertex 0.456647 68.3912 27.3
      vertex -0.733383 67.4781 27.3
      vertex 0.383975 68.5 27.3
    endloop
  endfacet
  facet normal 0 0 -1
    outer loop
      vertex -0.915063 67.75 27.3
      vertex 0.383975 68.5 27.3
      vertex -0.733383 67.4781 27.3
    endloop
  endfacet
  facet normal -0 0 -1
    outer loop
      vertex 3.41506 70.25 27.3
      vertex 2.11602 69.5 27.3
      vertex 3.23338 70.5219 27.3
    endloop
  endfacet
  facet normal 0 0 -1
    outer loop
      vertex 2.04335 69.6088 27.3
      vertex 3.23338 70.5219 27.3
      vertex 2.11602 69.5 27.3
    endloop
  endfacet
  facet normal -0 0 -1
    outer loop
      vertex 3.23338 70.5219 27.3
      vertex 2.04335 69.6088 27.3
      vertex 3.01777 70.7678 27.3
    endloop
  endfacet
  facet normal 0 0 -1
    outer loop
      vertex 1.95711 69.7071 27.3
      vertex 3.01777 70.7678 27.3
      vertex 2.04335 69.6088 27.3
    endloop
  endfacet
  facet normal -0 0 -1
    outer loop
      vertex 3.01777 70.7678 27.3
      vertex 1.95711 69.7071 27.3
      vertex 2.7719 70.9834 27.3
    endloop
  endfacet
  facet normal 0 0 -1
    outer loop
      vertex 1.85876 69.7934 27.3
      vertex 2.7719 70.9834 27.3
      vertex 1.95711 69.7071 27.3
    endloop
  endfacet
  facet normal -0 0 -1
    outer loop
      vertex 2.7719 70.9834 27.3
      vertex 1.85876 69.7934 27.3
      vertex 2.5 71.1651 27.3
    endloop
  endfacet
  facet normal 0 0 -1
    outer loop
      vertex 1.75 69.866 27.3
      vertex 2.5 71.1651 27.3
      vertex 1.85876 69.7934 27.3
    endloop
  endfacet
  facet normal -0 0 -1
    outer loop
      vertex 2.5 71.1651 27.3
      vertex 1.75 69.866 27.3
      vertex 2.20671 71.3097 27.3
    endloop
  endfacet
  facet normal 0 0 -1
    outer loop
      vertex 1.63268 69.9239 27.3
      vertex 2.20671 71.3097 27.3
      vertex 1.75 69.866 27.3
    endloop
  endfacet
  facet normal -0 0 -1
    outer loop
      vertex 2.20671 71.3097 27.3
      vertex 1.63268 69.9239 27.3
      vertex 1.89705 71.4148 27.3
    endloop
  endfacet
  facet normal 0 0 -1
    outer loop
      vertex 1.50882 69.9659 27.3
      vertex 1.89705 71.4148 27.3
      vertex 1.63268 69.9239 27.3
    endloop
  endfacet
  facet normal -0 0 -1
    outer loop
      vertex 1.89705 71.4148 27.3
      vertex 1.50882 69.9659 27.3
      vertex 1.57631 71.4786 27.3
    endloop
  endfacet
  facet normal 0 0 -1
    outer loop
      vertex 1.38053 69.9914 27.3
      vertex 1.57631 71.4786 27.3
      vertex 1.50882 69.9659 27.3
    endloop
  endfacet
  facet normal 0 0 -1
    outer loop
      vertex 1.25 70 27.3
      vertex 1.57631 71.4786 27.3
      vertex 1.38053 69.9914 27.3
    endloop
  endfacet
  facet normal 0 0 -1
    outer loop
      vertex 1.25 70 27.3
      vertex 1.25 71.5 27.3
      vertex 1.57631 71.4786 27.3
    endloop
  endfacet
  facet normal 0 0 -1
    outer loop
      vertex 1.11947 69.9914 27.3
      vertex 1.25 71.5 27.3
      vertex 1.25 70 27.3
    endloop
  endfacet
  facet normal 0 0 -1
    outer loop
      vertex 0.923685 71.4786 27.3
      vertex 1.11947 69.9914 27.3
      vertex 0.991181 69.9659 27.3
    endloop
  endfacet
  facet normal 0 0 -1
    outer loop
      vertex 1.11947 69.9914 27.3
      vertex 0.923685 71.4786 27.3
      vertex 1.25 71.5 27.3
    endloop
  endfacet
  facet normal 0 0 -1
    outer loop
      vertex 0.602953 71.4148 27.3
      vertex 0.991181 69.9659 27.3
      vertex 0.867317 69.9239 27.3
    endloop
  endfacet
  facet normal 0 0 -1
    outer loop
      vertex 0.293292 71.3097 27.3
      vertex 0.867317 69.9239 27.3
      vertex 0.75 69.866 27.3
    endloop
  endfacet
  facet normal 0 0 -1
    outer loop
      vertex 0 71.1651 27.3
      vertex 0.75 69.866 27.3
      vertex 0.641239 69.7934 27.3
    endloop
  endfacet
  facet normal 0 0 -1
    outer loop
      vertex 0.991181 69.9659 27.3
      vertex 0.602953 71.4148 27.3
      vertex 0.923685 71.4786 27.3
    endloop
  endfacet
  facet normal 0 0 -1
    outer loop
      vertex -0.271903 70.9834 27.3
      vertex 0.641239 69.7934 27.3
      vertex 0.542893 69.7071 27.3
    endloop
  endfacet
  facet normal 0 0 -1
    outer loop
      vertex -0.517767 70.7678 27.3
      vertex 0.542893 69.7071 27.3
      vertex 0.456647 69.6088 27.3
    endloop
  endfacet
  facet normal 0 0 -1
    outer loop
      vertex -0.733383 70.5219 27.3
      vertex 0.456647 69.6088 27.3
      vertex 0.383975 69.5 27.3
    endloop
  endfacet
  facet normal 0 0 -1
    outer loop
      vertex -0.915063 70.25 27.3
      vertex 0.383975 69.5 27.3
      vertex 0.326121 69.3827 27.3
    endloop
  endfacet
  facet normal 0 0 -1
    outer loop
      vertex 0.867317 69.9239 27.3
      vertex 0.293292 71.3097 27.3
      vertex 0.602953 71.4148 27.3
    endloop
  endfacet
  facet normal 0 0 -1
    outer loop
      vertex -1.0597 69.9567 27.3
      vertex 0.326121 69.3827 27.3
      vertex 0.284075 69.2588 27.3
    endloop
  endfacet
  facet normal 0 0 -1
    outer loop
      vertex -1.16481 69.647 27.3
      vertex 0.284075 69.2588 27.3
      vertex 0.258555 69.1305 27.3
    endloop
  endfacet
  facet normal 0 0 -1
    outer loop
      vertex -1.22861 69.3263 27.3
      vertex 0.258555 69.1305 27.3
      vertex 0.25 69 27.3
    endloop
  endfacet
  facet normal -0 0 -1
    outer loop
      vertex 0.383975 68.5 27.3
      vertex -0.915063 67.75 27.3
      vertex 0.326121 68.6173 27.3
    endloop
  endfacet
  facet normal 0 0 -1
    outer loop
      vertex 0.75 69.866 27.3
      vertex 0 71.1651 27.3
      vertex 0.293292 71.3097 27.3
    endloop
  endfacet
  facet normal 0 0 -1
    outer loop
      vertex -1.0597 68.0433 27.3
      vertex 0.326121 68.6173 27.3
      vertex -0.915063 67.75 27.3
    endloop
  endfacet
  facet normal 0 0 -1
    outer loop
      vertex 0.641239 69.7934 27.3
      vertex -0.271903 70.9834 27.3
      vertex 0 71.1651 27.3
    endloop
  endfacet
  facet normal -0 0 -1
    outer loop
      vertex 0.326121 68.6173 27.3
      vertex -1.0597 68.0433 27.3
      vertex 0.284075 68.7412 27.3
    endloop
  endfacet
  facet normal 0 0 -1
    outer loop
      vertex 0.542893 69.7071 27.3
      vertex -0.517767 70.7678 27.3
      vertex -0.271903 70.9834 27.3
    endloop
  endfacet
  facet normal 0 0 -1
    outer loop
      vertex -1.16481 68.353 27.3
      vertex 0.284075 68.7412 27.3
      vertex -1.0597 68.0433 27.3
    endloop
  endfacet
  facet normal 0 0 -1
    outer loop
      vertex 0.456647 69.6088 27.3
      vertex -0.733383 70.5219 27.3
      vertex -0.517767 70.7678 27.3
    endloop
  endfacet
  facet normal -0 0 -1
    outer loop
      vertex 0.284075 68.7412 27.3
      vertex -1.16481 68.353 27.3
      vertex 0.258555 68.8695 27.3
    endloop
  endfacet
  facet normal 0 0 -1
    outer loop
      vertex 0.383975 69.5 27.3
      vertex -0.915063 70.25 27.3
      vertex -0.733383 70.5219 27.3
    endloop
  endfacet
  facet normal 0 0 -1
    outer loop
      vertex -1.22861 68.6737 27.3
      vertex 0.258555 68.8695 27.3
      vertex -1.16481 68.353 27.3
    endloop
  endfacet
  facet normal 0 0 -1
    outer loop
      vertex 0.326121 69.3827 27.3
      vertex -1.0597 69.9567 27.3
      vertex -0.915063 70.25 27.3
    endloop
  endfacet
  facet normal -0 0 -1
    outer loop
      vertex 0.258555 68.8695 27.3
      vertex -1.22861 68.6737 27.3
      vertex 0.25 69 27.3
    endloop
  endfacet
  facet normal 0 0 -1
    outer loop
      vertex 0.284075 69.2588 27.3
      vertex -1.16481 69.647 27.3
      vertex -1.0597 69.9567 27.3
    endloop
  endfacet
  facet normal 0 0 -1
    outer loop
      vertex -1.25 69 27.3
      vertex 0.25 69 27.3
      vertex -1.22861 68.6737 27.3
    endloop
  endfacet
  facet normal 0 0 -1
    outer loop
      vertex 0.258555 69.1305 27.3
      vertex -1.22861 69.3263 27.3
      vertex -1.16481 69.647 27.3
    endloop
  endfacet
  facet normal 0 0 -1
    outer loop
      vertex 0.25 69 27.3
      vertex -1.25 69 27.3
      vertex -1.22861 69.3263 27.3
    endloop
  endfacet
  facet normal -0.0657427 0.997837 0
    outer loop
      vertex 1.25 70 24
      vertex 1.11947 69.9914 27.3
      vertex 1.25 70 27.3
    endloop
  endfacet
  facet normal -0.0657427 0.997837 0
    outer loop
      vertex 1.11947 69.9914 27.3
      vertex 1.25 70 24
      vertex 1.11947 69.9914 24
    endloop
  endfacet
  facet normal 0.0657427 -0.997837 0
    outer loop
      vertex 1.25 68 24
      vertex 1.38053 68.0086 27.3
      vertex 1.25 68 27.3
    endloop
  endfacet
  facet normal 0.0657427 -0.997837 0
    outer loop
      vertex 1.38053 68.0086 27.3
      vertex 1.25 68 24
      vertex 1.38053 68.0086 24
    endloop
  endfacet
  facet normal 0.321132 -0.947034 0
    outer loop
      vertex 1.50882 68.0341 24
      vertex 1.63268 68.0761 27.3
      vertex 1.50882 68.0341 27.3
    endloop
  endfacet
  facet normal 0.321132 -0.947034 0
    outer loop
      vertex 1.63268 68.0761 27.3
      vertex 1.50882 68.0341 24
      vertex 1.63268 68.0761 24
    endloop
  endfacet
  facet normal 0.555194 -0.831721 0
    outer loop
      vertex 1.75 68.134 24
      vertex 1.85876 68.2066 27.3
      vertex 1.75 68.134 27.3
    endloop
  endfacet
  facet normal 0.555194 -0.831721 0
    outer loop
      vertex 1.85876 68.2066 27.3
      vertex 1.75 68.134 24
      vertex 1.85876 68.2066 24
    endloop
  endfacet
  facet normal 0.831568 -0.555423 0
    outer loop
      vertex 2.04335 68.3912 27.3
      vertex 2.11602 68.5 24
      vertex 2.11602 68.5 27.3
    endloop
  endfacet
  facet normal 0.831568 -0.555423 0
    outer loop
      vertex 2.11602 68.5 24
      vertex 2.04335 68.3912 27.3
      vertex 2.04335 68.3912 24
    endloop
  endfacet
  facet normal 0.751714 -0.659489 0
    outer loop
      vertex 1.95711 68.2929 27.3
      vertex 2.04335 68.3912 24
      vertex 2.04335 68.3912 27.3
    endloop
  endfacet
  facet normal 0.751714 -0.659489 0
    outer loop
      vertex 2.04335 68.3912 24
      vertex 1.95711 68.2929 27.3
      vertex 1.95711 68.2929 24
    endloop
  endfacet
  facet normal -0.555191 -0.831723 0
    outer loop
      vertex 0.641239 68.2066 24
      vertex 0.75 68.134 27.3
      vertex 0.641239 68.2066 27.3
    endloop
  endfacet
  facet normal -0.555191 -0.831723 -0
    outer loop
      vertex 0.75 68.134 27.3
      vertex 0.641239 68.2066 24
      vertex 0.75 68.134 24
    endloop
  endfacet
  facet normal -0.659574 -0.751639 0
    outer loop
      vertex 0.542893 68.2929 24
      vertex 0.641239 68.2066 27.3
      vertex 0.542893 68.2929 27.3
    endloop
  endfacet
  facet normal -0.659574 -0.751639 -0
    outer loop
      vertex 0.641239 68.2066 27.3
      vertex 0.542893 68.2929 24
      vertex 0.641239 68.2066 24
    endloop
  endfacet
  facet normal -0.442569 -0.896734 0
    outer loop
      vertex 0.75 68.134 24
      vertex 0.867317 68.0761 27.3
      vertex 0.75 68.134 27.3
    endloop
  endfacet
  facet normal -0.442569 -0.896734 -0
    outer loop
      vertex 0.867317 68.0761 27.3
      vertex 0.75 68.134 24
      vertex 0.867317 68.0761 24
    endloop
  endfacet
  facet normal -0.194956 -0.980812 0
    outer loop
      vertex 0.991181 68.0341 24
      vertex 1.11947 68.0086 27.3
      vertex 0.991181 68.0341 27.3
    endloop
  endfacet
  facet normal -0.194956 -0.980812 -0
    outer loop
      vertex 1.11947 68.0086 27.3
      vertex 0.991181 68.0341 24
      vertex 1.11947 68.0086 24
    endloop
  endfacet
  facet normal -0.751691 -0.659515 0
    outer loop
      vertex 0.542893 68.2929 24
      vertex 0.456647 68.3912 27.3
      vertex 0.456647 68.3912 24
    endloop
  endfacet
  facet normal -0.751691 -0.659515 0
    outer loop
      vertex 0.456647 68.3912 27.3
      vertex 0.542893 68.2929 24
      vertex 0.542893 68.2929 27.3
    endloop
  endfacet
  facet normal -0.946959 -0.321355 0
    outer loop
      vertex 0.326121 68.6173 24
      vertex 0.284075 68.7412 27.3
      vertex 0.284075 68.7412 24
    endloop
  endfacet
  facet normal -0.946959 -0.321355 0
    outer loop
      vertex 0.284075 68.7412 27.3
      vertex 0.326121 68.6173 24
      vertex 0.326121 68.6173 27.3
    endloop
  endfacet
  facet normal -0.997858 -0.0654151 0
    outer loop
      vertex 0.258555 68.8695 24
      vertex 0.25 69 27.3
      vertex 0.25 69 24
    endloop
  endfacet
  facet normal -0.997858 -0.0654151 0
    outer loop
      vertex 0.25 69 27.3
      vertex 0.258555 68.8695 24
      vertex 0.258555 68.8695 27.3
    endloop
  endfacet
  facet normal -0.751691 0.659515 0
    outer loop
      vertex 0.456647 69.6088 24
      vertex 0.542893 69.7071 27.3
      vertex 0.542893 69.7071 24
    endloop
  endfacet
  facet normal -0.751691 0.659515 0
    outer loop
      vertex 0.542893 69.7071 27.3
      vertex 0.456647 69.6088 24
      vertex 0.456647 69.6088 27.3
    endloop
  endfacet
  facet normal -0.555191 0.831723 0
    outer loop
      vertex 0.75 69.866 24
      vertex 0.641239 69.7934 27.3
      vertex 0.75 69.866 27.3
    endloop
  endfacet
  facet normal -0.555191 0.831723 0
    outer loop
      vertex 0.641239 69.7934 27.3
      vertex 0.75 69.866 24
      vertex 0.641239 69.7934 24
    endloop
  endfacet
  facet normal 0.194955 -0.980812 0
    outer loop
      vertex 1.38053 68.0086 24
      vertex 1.50882 68.0341 27.3
      vertex 1.38053 68.0086 27.3
    endloop
  endfacet
  facet normal 0.194955 -0.980812 0
    outer loop
      vertex 1.50882 68.0341 27.3
      vertex 1.38053 68.0086 24
      vertex 1.50882 68.0341 24
    endloop
  endfacet
  facet normal 0.89683 -0.442375 0
    outer loop
      vertex 2.11602 68.5 27.3
      vertex 2.17388 68.6173 24
      vertex 2.17388 68.6173 27.3
    endloop
  endfacet
  facet normal 0.89683 -0.442375 0
    outer loop
      vertex 2.17388 68.6173 24
      vertex 2.11602 68.5 27.3
      vertex 2.11602 68.5 24
    endloop
  endfacet
  facet normal 0.94695 -0.321382 0
    outer loop
      vertex 2.17388 68.6173 27.3
      vertex 2.21593 68.7412 24
      vertex 2.21593 68.7412 27.3
    endloop
  endfacet
  facet normal 0.94695 -0.321382 0
    outer loop
      vertex 2.21593 68.7412 24
      vertex 2.17388 68.6173 27.3
      vertex 2.17388 68.6173 24
    endloop
  endfacet
  facet normal 0.980801 -0.195013 0
    outer loop
      vertex 2.21593 68.7412 27.3
      vertex 2.24144 68.8695 24
      vertex 2.24144 68.8695 27.3
    endloop
  endfacet
  facet normal 0.980801 -0.195013 0
    outer loop
      vertex 2.24144 68.8695 24
      vertex 2.21593 68.7412 27.3
      vertex 2.21593 68.7412 24
    endloop
  endfacet
  facet normal -0.0657427 -0.997837 0
    outer loop
      vertex 1.11947 68.0086 24
      vertex 1.25 68 27.3
      vertex 1.11947 68.0086 27.3
    endloop
  endfacet
  facet normal -0.0657427 -0.997837 -0
    outer loop
      vertex 1.25 68 27.3
      vertex 1.11947 68.0086 24
      vertex 1.25 68 24
    endloop
  endfacet
  facet normal -0.980786 -0.195087 0
    outer loop
      vertex 0.284075 68.7412 24
      vertex 0.258555 68.8695 27.3
      vertex 0.258555 68.8695 24
    endloop
  endfacet
  facet normal -0.980786 -0.195087 0
    outer loop
      vertex 0.258555 68.8695 27.3
      vertex 0.284075 68.7412 24
      vertex 0.284075 68.7412 27.3
    endloop
  endfacet
  facet normal 0.997856 -0.0654532 0
    outer loop
      vertex 2.24144 68.8695 27.3
      vertex 2.25 69 24
      vertex 2.25 69 27.3
    endloop
  endfacet
  facet normal 0.997856 -0.0654532 0
    outer loop
      vertex 2.25 69 24
      vertex 2.24144 68.8695 27.3
      vertex 2.24144 68.8695 24
    endloop
  endfacet
  facet normal 0.997858 0.0654128 0
    outer loop
      vertex 3.75 69 29.3
      vertex 3.72861 69.3263 27.3
      vertex 3.72861 69.3263 29.3
    endloop
  endfacet
  facet normal 0.997858 0.0654128 0
    outer loop
      vertex 3.72861 69.3263 27.3
      vertex 3.75 69 29.3
      vertex 3.75 69 27.3
    endloop
  endfacet
  facet normal -0.997858 0.0654128 0
    outer loop
      vertex -1.25 69 27.3
      vertex -1.22861 69.3263 29.3
      vertex -1.22861 69.3263 27.3
    endloop
  endfacet
  facet normal -0.997858 0.0654128 0
    outer loop
      vertex -1.22861 69.3263 29.3
      vertex -1.25 69 27.3
      vertex -1.25 69 29.3
    endloop
  endfacet
  facet normal 0.0654412 0.997856 -0
    outer loop
      vertex 1.57631 71.4786 27.3
      vertex 1.25 71.5 29.3
      vertex 1.57631 71.4786 29.3
    endloop
  endfacet
  facet normal 0.0654412 0.997856 0
    outer loop
      vertex 1.25 71.5 29.3
      vertex 1.57631 71.4786 27.3
      vertex 1.25 71.5 27.3
    endloop
  endfacet
  facet normal -0.751889 -0.65929 0
    outer loop
      vertex -0.517767 67.2322 27.3
      vertex -0.733383 67.4781 29.3
      vertex -0.733383 67.4781 27.3
    endloop
  endfacet
  facet normal -0.751889 -0.65929 0
    outer loop
      vertex -0.733383 67.4781 29.3
      vertex -0.517767 67.2322 27.3
      vertex -0.517767 67.2322 29.3
    endloop
  endfacet
  facet normal 0.751898 0.659279 0
    outer loop
      vertex 3.23338 70.5219 29.3
      vertex 3.01777 70.7678 27.3
      vertex 3.01777 70.7678 29.3
    endloop
  endfacet
  facet normal 0.751898 0.659279 0
    outer loop
      vertex 3.01777 70.7678 27.3
      vertex 3.23338 70.5219 29.3
      vertex 3.23338 70.5219 27.3
    endloop
  endfacet
  facet normal -0.659317 0.751865 0
    outer loop
      vertex -0.271903 70.9834 27.3
      vertex -0.517767 70.7678 29.3
      vertex -0.271903 70.9834 29.3
    endloop
  endfacet
  facet normal -0.659317 0.751865 0
    outer loop
      vertex -0.517767 70.7678 29.3
      vertex -0.271903 70.9834 27.3
      vertex -0.517767 70.7678 27.3
    endloop
  endfacet
  facet normal -0.321396 0.946945 0
    outer loop
      vertex 0.602953 71.4148 27.3
      vertex 0.293292 71.3097 29.3
      vertex 0.602953 71.4148 29.3
    endloop
  endfacet
  facet normal -0.321396 0.946945 0
    outer loop
      vertex 0.293292 71.3097 29.3
      vertex 0.602953 71.4148 27.3
      vertex 0.293292 71.3097 27.3
    endloop
  endfacet
  facet normal -0.946948 -0.321387 0
    outer loop
      vertex -1.0597 68.0433 27.3
      vertex -1.16481 68.353 29.3
      vertex -1.16481 68.353 27.3
    endloop
  endfacet
  facet normal -0.946948 -0.321387 0
    outer loop
      vertex -1.16481 68.353 29.3
      vertex -1.0597 68.0433 27.3
      vertex -1.0597 68.0433 29.3
    endloop
  endfacet
  facet normal 0.896872 0.44229 0
    outer loop
      vertex 3.5597 69.9567 29.3
      vertex 3.41506 70.25 27.3
      vertex 3.41506 70.25 29.3
    endloop
  endfacet
  facet normal 0.896872 0.44229 0
    outer loop
      vertex 3.41506 70.25 27.3
      vertex 3.5597 69.9567 29.3
      vertex 3.5597 69.9567 27.3
    endloop
  endfacet
  facet normal 0.98078 0.195116 0
    outer loop
      vertex 3.72861 69.3263 29.3
      vertex 3.66481 69.647 27.3
      vertex 3.66481 69.647 29.3
    endloop
  endfacet
  facet normal 0.98078 0.195116 0
    outer loop
      vertex 3.66481 69.647 27.3
      vertex 3.72861 69.3263 29.3
      vertex 3.72861 69.3263 27.3
    endloop
  endfacet
  facet normal 0.831466 0.555575 0
    outer loop
      vertex 3.41506 70.25 29.3
      vertex 3.23338 70.5219 27.3
      vertex 3.23338 70.5219 29.3
    endloop
  endfacet
  facet normal 0.831466 0.555575 0
    outer loop
      vertex 3.23338 70.5219 27.3
      vertex 3.41506 70.25 29.3
      vertex 3.41506 70.25 27.3
    endloop
  endfacet
  facet normal 0.442204 0.896915 -0
    outer loop
      vertex 2.5 71.1651 27.3
      vertex 2.20671 71.3097 29.3
      vertex 2.5 71.1651 29.3
    endloop
  endfacet
  facet normal 0.442204 0.896915 0
    outer loop
      vertex 2.20671 71.3097 29.3
      vertex 2.5 71.1651 27.3
      vertex 2.20671 71.3097 27.3
    endloop
  endfacet
  facet normal 0.555617 0.831438 -0
    outer loop
      vertex 2.7719 70.9834 27.3
      vertex 2.5 71.1651 29.3
      vertex 2.7719 70.9834 29.3
    endloop
  endfacet
  facet normal 0.555617 0.831438 0
    outer loop
      vertex 2.5 71.1651 29.3
      vertex 2.7719 70.9834 27.3
      vertex 2.5 71.1651 27.3
    endloop
  endfacet
  facet normal -0.896876 0.442282 0
    outer loop
      vertex -1.0597 69.9567 27.3
      vertex -0.915063 70.25 29.3
      vertex -0.915063 70.25 27.3
    endloop
  endfacet
  facet normal -0.896876 0.442282 0
    outer loop
      vertex -0.915063 70.25 29.3
      vertex -1.0597 69.9567 27.3
      vertex -1.0597 69.9567 29.3
    endloop
  endfacet
  facet normal 0 0 1
    outer loop
      vertex 3.72861 69.3263 29.3
      vertex 3.72861 68.6737 29.3
      vertex 3.75 69 29.3
    endloop
  endfacet
  facet normal 0 0 1
    outer loop
      vertex 3.66481 69.647 29.3
      vertex 3.72861 68.6737 29.3
      vertex 3.72861 69.3263 29.3
    endloop
  endfacet
  facet normal 0 0 1
    outer loop
      vertex 3.66481 69.647 29.3
      vertex 3.66481 68.353 29.3
      vertex 3.72861 68.6737 29.3
    endloop
  endfacet
  facet normal 0 0 1
    outer loop
      vertex 3.5597 69.9567 29.3
      vertex 3.66481 68.353 29.3
      vertex 3.66481 69.647 29.3
    endloop
  endfacet
  facet normal 0 0 1
    outer loop
      vertex 3.5597 69.9567 29.3
      vertex 3.5597 68.0433 29.3
      vertex 3.66481 68.353 29.3
    endloop
  endfacet
  facet normal 0 0 1
    outer loop
      vertex 3.41506 70.25 29.3
      vertex 3.5597 68.0433 29.3
      vertex 3.5597 69.9567 29.3
    endloop
  endfacet
  facet normal 0 0 1
    outer loop
      vertex 3.41506 70.25 29.3
      vertex 3.41506 67.75 29.3
      vertex 3.5597 68.0433 29.3
    endloop
  endfacet
  facet normal 0 0 1
    outer loop
      vertex 3.23338 70.5219 29.3
      vertex 3.41506 67.75 29.3
      vertex 3.41506 70.25 29.3
    endloop
  endfacet
  facet normal 0 0 1
    outer loop
      vertex 3.23338 70.5219 29.3
      vertex 3.23338 67.4781 29.3
      vertex 3.41506 67.75 29.3
    endloop
  endfacet
  facet normal 0 0 1
    outer loop
      vertex 3.01777 70.7678 29.3
      vertex 3.23338 67.4781 29.3
      vertex 3.23338 70.5219 29.3
    endloop
  endfacet
  facet normal 0 0 1
    outer loop
      vertex 3.01777 70.7678 29.3
      vertex 3.01777 67.2322 29.3
      vertex 3.23338 67.4781 29.3
    endloop
  endfacet
  facet normal 0 0 1
    outer loop
      vertex 2.7719 70.9834 29.3
      vertex 3.01777 67.2322 29.3
      vertex 3.01777 70.7678 29.3
    endloop
  endfacet
  facet normal 0 0 1
    outer loop
      vertex 2.7719 70.9834 29.3
      vertex 2.7719 67.0166 29.3
      vertex 3.01777 67.2322 29.3
    endloop
  endfacet
  facet normal 0 0 1
    outer loop
      vertex 2.5 71.1651 29.3
      vertex 2.7719 67.0166 29.3
      vertex 2.7719 70.9834 29.3
    endloop
  endfacet
  facet normal 0 0 1
    outer loop
      vertex 2.5 71.1651 29.3
      vertex 2.5 66.8349 29.3
      vertex 2.7719 67.0166 29.3
    endloop
  endfacet
  facet normal 0 0 1
    outer loop
      vertex 2.20671 71.3097 29.3
      vertex 2.5 66.8349 29.3
      vertex 2.5 71.1651 29.3
    endloop
  endfacet
  facet normal 0 0 1
    outer loop
      vertex 2.20671 71.3097 29.3
      vertex 2.20671 66.6903 29.3
      vertex 2.5 66.8349 29.3
    endloop
  endfacet
  facet normal 0 0 1
    outer loop
      vertex 1.89705 71.4148 29.3
      vertex 2.20671 66.6903 29.3
      vertex 2.20671 71.3097 29.3
    endloop
  endfacet
  facet normal 0 0 1
    outer loop
      vertex 1.89705 71.4148 29.3
      vertex 1.89705 66.5852 29.3
      vertex 2.20671 66.6903 29.3
    endloop
  endfacet
  facet normal 0 0 1
    outer loop
      vertex 1.57631 71.4786 29.3
      vertex 1.89705 66.5852 29.3
      vertex 1.89705 71.4148 29.3
    endloop
  endfacet
  facet normal 0 0 1
    outer loop
      vertex 1.57631 71.4786 29.3
      vertex 1.57631 66.5214 29.3
      vertex 1.89705 66.5852 29.3
    endloop
  endfacet
  facet normal 0 0 1
    outer loop
      vertex 1.25 71.5 29.3
      vertex 1.57631 66.5214 29.3
      vertex 1.57631 71.4786 29.3
    endloop
  endfacet
  facet normal 0 0 1
    outer loop
      vertex 1.25 71.5 29.3
      vertex 1.25 66.5 29.3
      vertex 1.57631 66.5214 29.3
    endloop
  endfacet
  facet normal -0 0 1
    outer loop
      vertex 0.923685 71.4786 29.3
      vertex 1.25 66.5 29.3
      vertex 1.25 71.5 29.3
    endloop
  endfacet
  facet normal 0 0 1
    outer loop
      vertex 0.923685 71.4786 29.3
      vertex 0.923685 66.5214 29.3
      vertex 1.25 66.5 29.3
    endloop
  endfacet
  facet normal -0 0 1
    outer loop
      vertex 0.602953 71.4148 29.3
      vertex 0.923685 66.5214 29.3
      vertex 0.923685 71.4786 29.3
    endloop
  endfacet
  facet normal 0 0 1
    outer loop
      vertex 0.602953 71.4148 29.3
      vertex 0.602953 66.5852 29.3
      vertex 0.923685 66.5214 29.3
    endloop
  endfacet
  facet normal -0 0 1
    outer loop
      vertex 0.293292 71.3097 29.3
      vertex 0.602953 66.5852 29.3
      vertex 0.602953 71.4148 29.3
    endloop
  endfacet
  facet normal 0 0 1
    outer loop
      vertex 0.293292 71.3097 29.3
      vertex 0.293292 66.6903 29.3
      vertex 0.602953 66.5852 29.3
    endloop
  endfacet
  facet normal -0 0 1
    outer loop
      vertex 0 71.1651 29.3
      vertex 0.293292 66.6903 29.3
      vertex 0.293292 71.3097 29.3
    endloop
  endfacet
  facet normal 0 0 1
    outer loop
      vertex 0 71.1651 29.3
      vertex 0 66.8349 29.3
      vertex 0.293292 66.6903 29.3
    endloop
  endfacet
  facet normal -0 0 1
    outer loop
      vertex -0.271903 70.9834 29.3
      vertex 0 66.8349 29.3
      vertex 0 71.1651 29.3
    endloop
  endfacet
  facet normal 0 0 1
    outer loop
      vertex -0.271903 70.9834 29.3
      vertex -0.271903 67.0166 29.3
      vertex 0 66.8349 29.3
    endloop
  endfacet
  facet normal -0 0 1
    outer loop
      vertex -0.517767 70.7678 29.3
      vertex -0.271903 67.0166 29.3
      vertex -0.271903 70.9834 29.3
    endloop
  endfacet
  facet normal 0 0 1
    outer loop
      vertex -0.517767 70.7678 29.3
      vertex -0.517767 67.2322 29.3
      vertex -0.271903 67.0166 29.3
    endloop
  endfacet
  facet normal -0 0 1
    outer loop
      vertex -0.733383 70.5219 29.3
      vertex -0.517767 67.2322 29.3
      vertex -0.517767 70.7678 29.3
    endloop
  endfacet
  facet normal 0 0 1
    outer loop
      vertex -0.733383 70.5219 29.3
      vertex -0.733383 67.4781 29.3
      vertex -0.517767 67.2322 29.3
    endloop
  endfacet
  facet normal -0 0 1
    outer loop
      vertex -0.915063 70.25 29.3
      vertex -0.733383 67.4781 29.3
      vertex -0.733383 70.5219 29.3
    endloop
  endfacet
  facet normal 0 0 1
    outer loop
      vertex -0.915063 70.25 29.3
      vertex -0.915063 67.75 29.3
      vertex -0.733383 67.4781 29.3
    endloop
  endfacet
  facet normal -0 0 1
    outer loop
      vertex -1.0597 69.9567 29.3
      vertex -0.915063 67.75 29.3
      vertex -0.915063 70.25 29.3
    endloop
  endfacet
  facet normal 0 0 1
    outer loop
      vertex -1.0597 69.9567 29.3
      vertex -1.0597 68.0433 29.3
      vertex -0.915063 67.75 29.3
    endloop
  endfacet
  facet normal -0 0 1
    outer loop
      vertex -1.16481 69.647 29.3
      vertex -1.0597 68.0433 29.3
      vertex -1.0597 69.9567 29.3
    endloop
  endfacet
  facet normal 0 0 1
    outer loop
      vertex -1.16481 69.647 29.3
      vertex -1.16481 68.353 29.3
      vertex -1.0597 68.0433 29.3
    endloop
  endfacet
  facet normal -0 0 1
    outer loop
      vertex -1.22861 69.3263 29.3
      vertex -1.16481 68.353 29.3
      vertex -1.16481 69.647 29.3
    endloop
  endfacet
  facet normal 0 0 1
    outer loop
      vertex -1.22861 69.3263 29.3
      vertex -1.22861 68.6737 29.3
      vertex -1.16481 68.353 29.3
    endloop
  endfacet
  facet normal 0 -0 1
    outer loop
      vertex -1.22861 68.6737 29.3
      vertex -1.22861 69.3263 29.3
      vertex -1.25 69 29.3
    endloop
  endfacet
  facet normal -0.442201 0.896916 0
    outer loop
      vertex 0.293292 71.3097 27.3
      vertex 0 71.1651 29.3
      vertex 0.293292 71.3097 29.3
    endloop
  endfacet
  facet normal -0.442201 0.896916 0
    outer loop
      vertex 0 71.1651 29.3
      vertex 0.293292 71.3097 27.3
      vertex 0 71.1651 27.3
    endloop
  endfacet
  facet normal -0.0654402 0.997856 0
    outer loop
      vertex 1.25 71.5 27.3
      vertex 0.923685 71.4786 29.3
      vertex 1.25 71.5 29.3
    endloop
  endfacet
  facet normal -0.0654402 0.997856 0
    outer loop
      vertex 0.923685 71.4786 29.3
      vertex 1.25 71.5 27.3
      vertex 0.923685 71.4786 27.3
    endloop
  endfacet
  facet normal 0.946948 -0.321387 0
    outer loop
      vertex 3.5597 68.0433 29.3
      vertex 3.66481 68.353 27.3
      vertex 3.66481 68.353 29.3
    endloop
  endfacet
  facet normal 0.946948 -0.321387 0
    outer loop
      vertex 3.66481 68.353 27.3
      vertex 3.5597 68.0433 29.3
      vertex 3.5597 68.0433 27.3
    endloop
  endfacet
  facet normal 0.0654412 -0.997856 0
    outer loop
      vertex 1.25 66.5 27.3
      vertex 1.57631 66.5214 29.3
      vertex 1.25 66.5 29.3
    endloop
  endfacet
  facet normal 0.0654412 -0.997856 0
    outer loop
      vertex 1.57631 66.5214 29.3
      vertex 1.25 66.5 27.3
      vertex 1.57631 66.5214 27.3
    endloop
  endfacet
  facet normal 0.442204 -0.896915 0
    outer loop
      vertex 2.20671 66.6903 27.3
      vertex 2.5 66.8349 29.3
      vertex 2.20671 66.6903 29.3
    endloop
  endfacet
  facet normal 0.442204 -0.896915 0
    outer loop
      vertex 2.5 66.8349 29.3
      vertex 2.20671 66.6903 27.3
      vertex 2.5 66.8349 27.3
    endloop
  endfacet
  facet normal -0.896876 -0.442282 0
    outer loop
      vertex -0.915063 67.75 27.3
      vertex -1.0597 68.0433 29.3
      vertex -1.0597 68.0433 27.3
    endloop
  endfacet
  facet normal -0.896876 -0.442282 0
    outer loop
      vertex -1.0597 68.0433 29.3
      vertex -0.915063 67.75 27.3
      vertex -0.915063 67.75 29.3
    endloop
  endfacet
  facet normal -0.997858 -0.0654128 0
    outer loop
      vertex -1.22861 68.6737 27.3
      vertex -1.25 69 29.3
      vertex -1.25 69 27.3
    endloop
  endfacet
  facet normal -0.997858 -0.0654128 0
    outer loop
      vertex -1.25 69 29.3
      vertex -1.22861 68.6737 27.3
      vertex -1.22861 68.6737 29.3
    endloop
  endfacet
  facet normal 0.946948 0.321387 0
    outer loop
      vertex 3.66481 69.647 29.3
      vertex 3.5597 69.9567 27.3
      vertex 3.5597 69.9567 29.3
    endloop
  endfacet
  facet normal 0.946948 0.321387 0
    outer loop
      vertex 3.5597 69.9567 27.3
      vertex 3.66481 69.647 29.3
      vertex 3.66481 69.647 27.3
    endloop
  endfacet
  facet normal 0.321397 0.946944 -0
    outer loop
      vertex 2.20671 71.3097 27.3
      vertex 1.89705 71.4148 29.3
      vertex 2.20671 71.3097 29.3
    endloop
  endfacet
  facet normal 0.321397 0.946944 0
    outer loop
      vertex 1.89705 71.4148 29.3
      vertex 2.20671 71.3097 27.3
      vertex 1.89705 71.4148 27.3
    endloop
  endfacet
  facet normal 0.195093 0.980785 -0
    outer loop
      vertex 1.89705 71.4148 27.3
      vertex 1.57631 71.4786 29.3
      vertex 1.89705 71.4148 29.3
    endloop
  endfacet
  facet normal 0.195093 0.980785 0
    outer loop
      vertex 1.57631 71.4786 29.3
      vertex 1.89705 71.4148 27.3
      vertex 1.57631 71.4786 27.3
    endloop
  endfacet
  facet normal 0.659307 0.751873 -0
    outer loop
      vertex 3.01777 70.7678 27.3
      vertex 2.7719 70.9834 29.3
      vertex 3.01777 70.7678 29.3
    endloop
  endfacet
  facet normal 0.659307 0.751873 0
    outer loop
      vertex 2.7719 70.9834 29.3
      vertex 3.01777 70.7678 27.3
      vertex 2.7719 70.9834 27.3
    endloop
  endfacet
  facet normal -0.831466 0.555575 0
    outer loop
      vertex -0.915063 70.25 27.3
      vertex -0.733383 70.5219 29.3
      vertex -0.733383 70.5219 27.3
    endloop
  endfacet
  facet normal -0.831466 0.555575 0
    outer loop
      vertex -0.733383 70.5219 29.3
      vertex -0.915063 70.25 27.3
      vertex -0.915063 70.25 29.3
    endloop
  endfacet
  facet normal -0.751889 0.65929 0
    outer loop
      vertex -0.733383 70.5219 27.3
      vertex -0.517767 70.7678 29.3
      vertex -0.517767 70.7678 27.3
    endloop
  endfacet
  facet normal -0.751889 0.65929 0
    outer loop
      vertex -0.517767 70.7678 29.3
      vertex -0.733383 70.5219 27.3
      vertex -0.733383 70.5219 29.3
    endloop
  endfacet
  facet normal -0.946948 0.321387 0
    outer loop
      vertex -1.16481 69.647 27.3
      vertex -1.0597 69.9567 29.3
      vertex -1.0597 69.9567 27.3
    endloop
  endfacet
  facet normal -0.946948 0.321387 0
    outer loop
      vertex -1.0597 69.9567 29.3
      vertex -1.16481 69.647 27.3
      vertex -1.16481 69.647 29.3
    endloop
  endfacet
  facet normal -0.98078 0.195116 0
    outer loop
      vertex -1.22861 69.3263 27.3
      vertex -1.16481 69.647 29.3
      vertex -1.16481 69.647 27.3
    endloop
  endfacet
  facet normal -0.98078 0.195116 0
    outer loop
      vertex -1.16481 69.647 29.3
      vertex -1.22861 69.3263 27.3
      vertex -1.22861 69.3263 29.3
    endloop
  endfacet
  facet normal -0.555613 0.831441 0
    outer loop
      vertex 0 71.1651 27.3
      vertex -0.271903 70.9834 29.3
      vertex 0 71.1651 29.3
    endloop
  endfacet
  facet normal -0.555613 0.831441 0
    outer loop
      vertex -0.271903 70.9834 29.3
      vertex 0 71.1651 27.3
      vertex -0.271903 70.9834 27.3
    endloop
  endfacet
  facet normal -0.195097 0.980784 0
    outer loop
      vertex 0.923685 71.4786 27.3
      vertex 0.602953 71.4148 29.3
      vertex 0.923685 71.4786 29.3
    endloop
  endfacet
  facet normal -0.195097 0.980784 0
    outer loop
      vertex 0.602953 71.4148 29.3
      vertex 0.923685 71.4786 27.3
      vertex 0.602953 71.4148 27.3
    endloop
  endfacet
  facet normal 0.997858 -0.0654128 0
    outer loop
      vertex 3.72861 68.6737 29.3
      vertex 3.75 69 27.3
      vertex 3.75 69 29.3
    endloop
  endfacet
  facet normal 0.997858 -0.0654128 0
    outer loop
      vertex 3.75 69 27.3
      vertex 3.72861 68.6737 29.3
      vertex 3.72861 68.6737 27.3
    endloop
  endfacet
  facet normal 0.195093 -0.980785 0
    outer loop
      vertex 1.57631 66.5214 27.3
      vertex 1.89705 66.5852 29.3
      vertex 1.57631 66.5214 29.3
    endloop
  endfacet
  facet normal 0.195093 -0.980785 0
    outer loop
      vertex 1.89705 66.5852 29.3
      vertex 1.57631 66.5214 27.3
      vertex 1.89705 66.5852 27.3
    endloop
  endfacet
  facet normal 0.555617 -0.831438 0
    outer loop
      vertex 2.5 66.8349 27.3
      vertex 2.7719 67.0166 29.3
      vertex 2.5 66.8349 29.3
    endloop
  endfacet
  facet normal 0.555617 -0.831438 0
    outer loop
      vertex 2.7719 67.0166 29.3
      vertex 2.5 66.8349 27.3
      vertex 2.7719 67.0166 27.3
    endloop
  endfacet
  facet normal 0.751898 -0.659279 0
    outer loop
      vertex 3.01777 67.2322 29.3
      vertex 3.23338 67.4781 27.3
      vertex 3.23338 67.4781 29.3
    endloop
  endfacet
  facet normal 0.751898 -0.659279 0
    outer loop
      vertex 3.23338 67.4781 27.3
      vertex 3.01777 67.2322 29.3
      vertex 3.01777 67.2322 27.3
    endloop
  endfacet
  facet normal -0.659317 -0.751865 0
    outer loop
      vertex -0.517767 67.2322 27.3
      vertex -0.271903 67.0166 29.3
      vertex -0.517767 67.2322 29.3
    endloop
  endfacet
  facet normal -0.659317 -0.751865 -0
    outer loop
      vertex -0.271903 67.0166 29.3
      vertex -0.517767 67.2322 27.3
      vertex -0.271903 67.0166 27.3
    endloop
  endfacet
  facet normal -0.442201 -0.896916 0
    outer loop
      vertex 0 66.8349 27.3
      vertex 0.293292 66.6903 29.3
      vertex 0 66.8349 29.3
    endloop
  endfacet
  facet normal -0.442201 -0.896916 -0
    outer loop
      vertex 0.293292 66.6903 29.3
      vertex 0 66.8349 27.3
      vertex 0.293292 66.6903 27.3
    endloop
  endfacet
  facet normal -0.321396 -0.946945 0
    outer loop
      vertex 0.293292 66.6903 27.3
      vertex 0.602953 66.5852 29.3
      vertex 0.293292 66.6903 29.3
    endloop
  endfacet
  facet normal -0.321396 -0.946945 -0
    outer loop
      vertex 0.602953 66.5852 29.3
      vertex 0.293292 66.6903 27.3
      vertex 0.602953 66.5852 27.3
    endloop
  endfacet
  facet normal -0.0654402 -0.997856 0
    outer loop
      vertex 0.923685 66.5214 27.3
      vertex 1.25 66.5 29.3
      vertex 0.923685 66.5214 29.3
    endloop
  endfacet
  facet normal -0.0654402 -0.997856 -0
    outer loop
      vertex 1.25 66.5 29.3
      vertex 0.923685 66.5214 27.3
      vertex 1.25 66.5 27.3
    endloop
  endfacet
  facet normal -0.831466 -0.555575 0
    outer loop
      vertex -0.733383 67.4781 27.3
      vertex -0.915063 67.75 29.3
      vertex -0.915063 67.75 27.3
    endloop
  endfacet
  facet normal -0.831466 -0.555575 0
    outer loop
      vertex -0.915063 67.75 29.3
      vertex -0.733383 67.4781 27.3
      vertex -0.733383 67.4781 29.3
    endloop
  endfacet
  facet normal -0.98078 -0.195116 0
    outer loop
      vertex -1.16481 68.353 27.3
      vertex -1.22861 68.6737 29.3
      vertex -1.22861 68.6737 27.3
    endloop
  endfacet
  facet normal -0.98078 -0.195116 0
    outer loop
      vertex -1.22861 68.6737 29.3
      vertex -1.16481 68.353 27.3
      vertex -1.16481 68.353 29.3
    endloop
  endfacet
  facet normal 0.321397 -0.946944 0
    outer loop
      vertex 1.89705 66.5852 27.3
      vertex 2.20671 66.6903 29.3
      vertex 1.89705 66.5852 29.3
    endloop
  endfacet
  facet normal 0.321397 -0.946944 0
    outer loop
      vertex 2.20671 66.6903 29.3
      vertex 1.89705 66.5852 27.3
      vertex 2.20671 66.6903 27.3
    endloop
  endfacet
  facet normal 0.659307 -0.751873 0
    outer loop
      vertex 2.7719 67.0166 27.3
      vertex 3.01777 67.2322 29.3
      vertex 2.7719 67.0166 29.3
    endloop
  endfacet
  facet normal 0.659307 -0.751873 0
    outer loop
      vertex 3.01777 67.2322 29.3
      vertex 2.7719 67.0166 27.3
      vertex 3.01777 67.2322 27.3
    endloop
  endfacet
  facet normal 0.896872 -0.44229 0
    outer loop
      vertex 3.41506 67.75 29.3
      vertex 3.5597 68.0433 27.3
      vertex 3.5597 68.0433 29.3
    endloop
  endfacet
  facet normal 0.896872 -0.44229 0
    outer loop
      vertex 3.5597 68.0433 27.3
      vertex 3.41506 67.75 29.3
      vertex 3.41506 67.75 27.3
    endloop
  endfacet
  facet normal 0.98078 -0.195116 0
    outer loop
      vertex 3.66481 68.353 29.3
      vertex 3.72861 68.6737 27.3
      vertex 3.72861 68.6737 29.3
    endloop
  endfacet
  facet normal 0.98078 -0.195116 0
    outer loop
      vertex 3.72861 68.6737 27.3
      vertex 3.66481 68.353 29.3
      vertex 3.66481 68.353 27.3
    endloop
  endfacet
  facet normal -0.555613 -0.831441 0
    outer loop
      vertex -0.271903 67.0166 27.3
      vertex 0 66.8349 29.3
      vertex -0.271903 67.0166 29.3
    endloop
  endfacet
  facet normal -0.555613 -0.831441 -0
    outer loop
      vertex 0 66.8349 29.3
      vertex -0.271903 67.0166 27.3
      vertex 0 66.8349 27.3
    endloop
  endfacet
  facet normal -0.195097 -0.980784 0
    outer loop
      vertex 0.602953 66.5852 27.3
      vertex 0.923685 66.5214 29.3
      vertex 0.602953 66.5852 29.3
    endloop
  endfacet
  facet normal -0.195097 -0.980784 -0
    outer loop
      vertex 0.923685 66.5214 29.3
      vertex 0.602953 66.5852 27.3
      vertex 0.923685 66.5214 27.3
    endloop
  endfacet
  facet normal 0.831466 -0.555575 0
    outer loop
      vertex 3.23338 67.4781 29.3
      vertex 3.41506 67.75 27.3
      vertex 3.41506 67.75 29.3
    endloop
  endfacet
  facet normal 0.831466 -0.555575 0
    outer loop
      vertex 3.41506 67.75 27.3
      vertex 3.23338 67.4781 29.3
      vertex 3.23338 67.4781 27.3
    endloop
  endfacet
  facet normal 0.866023 0.500004 0
    outer loop
      vertex 3.56 69 24
      vertex 2.405 71.0005 22.4
      vertex 2.405 71.0005 24
    endloop
  endfacet
  facet normal 0.866023 0.500004 0
    outer loop
      vertex 2.405 71.0005 22.4
      vertex 3.56 69 24
      vertex 3.56 69 22.4
    endloop
  endfacet
  facet normal -0.866023 0.500004 0
    outer loop
      vertex -1.06 69 22.4
      vertex 0.0950003 71.0005 24
      vertex 0.0950003 71.0005 22.4
    endloop
  endfacet
  facet normal -0.866023 0.500004 0
    outer loop
      vertex 0.0950003 71.0005 24
      vertex -1.06 69 22.4
      vertex -1.06 69 24
    endloop
  endfacet
  facet normal 0 1 -0
    outer loop
      vertex 2.405 71.0005 22.4
      vertex 0.0950003 71.0005 24
      vertex 2.405 71.0005 24
    endloop
  endfacet
  facet normal 0 1 0
    outer loop
      vertex 0.0950003 71.0005 24
      vertex 2.405 71.0005 22.4
      vertex 0.0950003 71.0005 22.4
    endloop
  endfacet
  facet normal -0.866023 -0.500004 0
    outer loop
      vertex 0.0950003 66.9995 22.4
      vertex -1.06 69 24
      vertex -1.06 69 22.4
    endloop
  endfacet
  facet normal -0.866023 -0.500004 0
    outer loop
      vertex -1.06 69 24
      vertex 0.0950003 66.9995 22.4
      vertex 0.0950003 66.9995 24
    endloop
  endfacet
  facet normal -0 0 1
    outer loop
      vertex 2.11602 69.5 24
      vertex 3.56 69 24
      vertex 2.405 71.0005 24
    endloop
  endfacet
  facet normal 0 0 1
    outer loop
      vertex 2.24144 68.8695 24
      vertex 3.56 69 24
      vertex 2.25 69 24
    endloop
  endfacet
  facet normal 0 0 1
    outer loop
      vertex 3.56 69 24
      vertex 2.24144 69.1305 24
      vertex 2.25 69 24
    endloop
  endfacet
  facet normal 0 0 1
    outer loop
      vertex 3.56 69 24
      vertex 2.21593 69.2588 24
      vertex 2.24144 69.1305 24
    endloop
  endfacet
  facet normal 0 0 1
    outer loop
      vertex 3.56 69 24
      vertex 2.17388 69.3827 24
      vertex 2.21593 69.2588 24
    endloop
  endfacet
  facet normal 0 0 1
    outer loop
      vertex 3.56 69 24
      vertex 2.11602 69.5 24
      vertex 2.17388 69.3827 24
    endloop
  endfacet
  facet normal 0 0 1
    outer loop
      vertex 2.405 71.0005 24
      vertex 2.04335 69.6088 24
      vertex 2.11602 69.5 24
    endloop
  endfacet
  facet normal 0 0 1
    outer loop
      vertex 2.405 71.0005 24
      vertex 1.95711 69.7071 24
      vertex 2.04335 69.6088 24
    endloop
  endfacet
  facet normal 0 0 1
    outer loop
      vertex 2.405 71.0005 24
      vertex 1.85876 69.7934 24
      vertex 1.95711 69.7071 24
    endloop
  endfacet
  facet normal 0 0 1
    outer loop
      vertex 2.405 71.0005 24
      vertex 1.75 69.866 24
      vertex 1.85876 69.7934 24
    endloop
  endfacet
  facet normal 0 0 1
    outer loop
      vertex 2.405 71.0005 24
      vertex 1.63268 69.9239 24
      vertex 1.75 69.866 24
    endloop
  endfacet
  facet normal 0 0 1
    outer loop
      vertex 2.405 71.0005 24
      vertex 1.50882 69.9659 24
      vertex 1.63268 69.9239 24
    endloop
  endfacet
  facet normal 0 0 1
    outer loop
      vertex 2.405 71.0005 24
      vertex 1.38053 69.9914 24
      vertex 1.50882 69.9659 24
    endloop
  endfacet
  facet normal 0 0 1
    outer loop
      vertex 2.405 71.0005 24
      vertex 1.25 70 24
      vertex 1.38053 69.9914 24
    endloop
  endfacet
  facet normal -0 0 1
    outer loop
      vertex 0.0950003 71.0005 24
      vertex 1.25 70 24
      vertex 2.405 71.0005 24
    endloop
  endfacet
  facet normal 0 0 1
    outer loop
      vertex 1.25 70 24
      vertex 0.0950003 71.0005 24
      vertex 1.11947 69.9914 24
    endloop
  endfacet
  facet normal 0 0 1
    outer loop
      vertex 1.11947 69.9914 24
      vertex 0.0950003 71.0005 24
      vertex 0.991181 69.9659 24
    endloop
  endfacet
  facet normal 0 0 1
    outer loop
      vertex 0.991181 69.9659 24
      vertex 0.0950003 71.0005 24
      vertex 0.867317 69.9239 24
    endloop
  endfacet
  facet normal 0 0 1
    outer loop
      vertex 0.867317 69.9239 24
      vertex 0.0950003 71.0005 24
      vertex 0.75 69.866 24
    endloop
  endfacet
  facet normal 0 0 1
    outer loop
      vertex 0.284075 69.2588 24
      vertex -1.06 69 24
      vertex 0.258555 69.1305 24
    endloop
  endfacet
  facet normal 0 0 1
    outer loop
      vertex 0.326121 69.3827 24
      vertex -1.06 69 24
      vertex 0.284075 69.2588 24
    endloop
  endfacet
  facet normal 0 0 1
    outer loop
      vertex 0.383975 69.5 24
      vertex -1.06 69 24
      vertex 0.326121 69.3827 24
    endloop
  endfacet
  facet normal 0 0 1
    outer loop
      vertex -1.06 69 24
      vertex 0.383975 69.5 24
      vertex 0.0950003 71.0005 24
    endloop
  endfacet
  facet normal 0 0 1
    outer loop
      vertex 0.456647 69.6088 24
      vertex 0.0950003 71.0005 24
      vertex 0.383975 69.5 24
    endloop
  endfacet
  facet normal 0 0 1
    outer loop
      vertex 0.542893 69.7071 24
      vertex 0.0950003 71.0005 24
      vertex 0.456647 69.6088 24
    endloop
  endfacet
  facet normal 0 0 1
    outer loop
      vertex 0.641239 69.7934 24
      vertex 0.0950003 71.0005 24
      vertex 0.542893 69.7071 24
    endloop
  endfacet
  facet normal 0 0 1
    outer loop
      vertex 0.75 69.866 24
      vertex 0.0950003 71.0005 24
      vertex 0.641239 69.7934 24
    endloop
  endfacet
  facet normal 0 0 1
    outer loop
      vertex 2.21593 68.7412 24
      vertex 3.56 69 24
      vertex 2.24144 68.8695 24
    endloop
  endfacet
  facet normal 0 0 1
    outer loop
      vertex 2.17388 68.6173 24
      vertex 3.56 69 24
      vertex 2.21593 68.7412 24
    endloop
  endfacet
  facet normal 0 0 1
    outer loop
      vertex 2.11602 68.5 24
      vertex 3.56 69 24
      vertex 2.17388 68.6173 24
    endloop
  endfacet
  facet normal 0 0 1
    outer loop
      vertex 3.56 69 24
      vertex 2.11602 68.5 24
      vertex 2.405 66.9995 24
    endloop
  endfacet
  facet normal -0 0 1
    outer loop
      vertex 2.04335 68.3912 24
      vertex 2.405 66.9995 24
      vertex 2.11602 68.5 24
    endloop
  endfacet
  facet normal -0 0 1
    outer loop
      vertex 1.95711 68.2929 24
      vertex 2.405 66.9995 24
      vertex 2.04335 68.3912 24
    endloop
  endfacet
  facet normal -0 0 1
    outer loop
      vertex 1.85876 68.2066 24
      vertex 2.405 66.9995 24
      vertex 1.95711 68.2929 24
    endloop
  endfacet
  facet normal -0 0 1
    outer loop
      vertex 1.75 68.134 24
      vertex 2.405 66.9995 24
      vertex 1.85876 68.2066 24
    endloop
  endfacet
  facet normal -0 0 1
    outer loop
      vertex 1.63268 68.0761 24
      vertex 2.405 66.9995 24
      vertex 1.75 68.134 24
    endloop
  endfacet
  facet normal -0 0 1
    outer loop
      vertex 1.50882 68.0341 24
      vertex 2.405 66.9995 24
      vertex 1.63268 68.0761 24
    endloop
  endfacet
  facet normal -0 0 1
    outer loop
      vertex 1.38053 68.0086 24
      vertex 2.405 66.9995 24
      vertex 1.50882 68.0341 24
    endloop
  endfacet
  facet normal -0 0 1
    outer loop
      vertex 1.25 68 24
      vertex 2.405 66.9995 24
      vertex 1.38053 68.0086 24
    endloop
  endfacet
  facet normal 0 0 1
    outer loop
      vertex 0.0950003 66.9995 24
      vertex 1.25 68 24
      vertex 1.11947 68.0086 24
    endloop
  endfacet
  facet normal 0 0 1
    outer loop
      vertex 0.0950003 66.9995 24
      vertex 1.11947 68.0086 24
      vertex 0.991181 68.0341 24
    endloop
  endfacet
  facet normal 0 0 1
    outer loop
      vertex 0.0950003 66.9995 24
      vertex 0.991181 68.0341 24
      vertex 0.867317 68.0761 24
    endloop
  endfacet
  facet normal 0 0 1
    outer loop
      vertex 0.0950003 66.9995 24
      vertex 0.867317 68.0761 24
      vertex 0.75 68.134 24
    endloop
  endfacet
  facet normal 0 0 1
    outer loop
      vertex 0.0950003 66.9995 24
      vertex 0.75 68.134 24
      vertex 0.641239 68.2066 24
    endloop
  endfacet
  facet normal 0 0 1
    outer loop
      vertex 0.258555 69.1305 24
      vertex -1.06 69 24
      vertex 0.25 69 24
    endloop
  endfacet
  facet normal 0 0 1
    outer loop
      vertex 1.25 68 24
      vertex 0.0950003 66.9995 24
      vertex 2.405 66.9995 24
    endloop
  endfacet
  facet normal 0 0 1
    outer loop
      vertex 0.542893 68.2929 24
      vertex 0.0950003 66.9995 24
      vertex 0.641239 68.2066 24
    endloop
  endfacet
  facet normal 0 0 1
    outer loop
      vertex 0.456647 68.3912 24
      vertex 0.0950003 66.9995 24
      vertex 0.542893 68.2929 24
    endloop
  endfacet
  facet normal 0 0 1
    outer loop
      vertex 0.383975 68.5 24
      vertex 0.0950003 66.9995 24
      vertex 0.456647 68.3912 24
    endloop
  endfacet
  facet normal 0 0 1
    outer loop
      vertex -1.06 69 24
      vertex 0.383975 68.5 24
      vertex 0.326121 68.6173 24
    endloop
  endfacet
  facet normal 0 0 1
    outer loop
      vertex -1.06 69 24
      vertex 0.326121 68.6173 24
      vertex 0.284075 68.7412 24
    endloop
  endfacet
  facet normal 0 0 1
    outer loop
      vertex -1.06 69 24
      vertex 0.284075 68.7412 24
      vertex 0.258555 68.8695 24
    endloop
  endfacet
  facet normal 0 0 1
    outer loop
      vertex 0.25 69 24
      vertex -1.06 69 24
      vertex 0.258555 68.8695 24
    endloop
  endfacet
  facet normal 0 0 1
    outer loop
      vertex 0.383975 68.5 24
      vertex -1.06 69 24
      vertex 0.0950003 66.9995 24
    endloop
  endfacet
  facet normal 0.866023 -0.500004 0
    outer loop
      vertex 2.405 66.9995 24
      vertex 3.56 69 22.4
      vertex 3.56 69 24
    endloop
  endfacet
  facet normal 0.866023 -0.500004 0
    outer loop
      vertex 3.56 69 22.4
      vertex 2.405 66.9995 24
      vertex 2.405 66.9995 22.4
    endloop
  endfacet
  facet normal 0 -1 0
    outer loop
      vertex 0.0950003 66.9995 22.4
      vertex 2.405 66.9995 24
      vertex 0.0950003 66.9995 24
    endloop
  endfacet
  facet normal 0 -1 -0
    outer loop
      vertex 2.405 66.9995 24
      vertex 0.0950003 66.9995 22.4
      vertex 2.405 66.9995 22.4
    endloop
  endfacet
  facet normal 0.997836 0.0657577 0
    outer loop
      vertex 49.25 49 27.3
      vertex 49.2414 49.1305 24
      vertex 49.2414 49.1305 27.3
    endloop
  endfacet
  facet normal 0.997836 0.0657577 0
    outer loop
      vertex 49.2414 49.1305 24
      vertex 49.25 49 27.3
      vertex 49.25 49 24
    endloop
  endfacet
  facet normal -0.997836 0.0657577 0
    outer loop
      vertex 47.25 49 24
      vertex 47.2586 49.1305 27.3
      vertex 47.2586 49.1305 24
    endloop
  endfacet
  facet normal -0.997836 0.0657577 0
    outer loop
      vertex 47.2586 49.1305 27.3
      vertex 47.25 49 24
      vertex 47.25 49 27.3
    endloop
  endfacet
  facet normal 0.0657577 0.997836 -0
    outer loop
      vertex 48.3805 49.9914 24
      vertex 48.25 50 27.3
      vertex 48.3805 49.9914 27.3
    endloop
  endfacet
  facet normal 0.0657577 0.997836 0
    outer loop
      vertex 48.25 50 27.3
      vertex 48.3805 49.9914 24
      vertex 48.25 50 24
    endloop
  endfacet
  facet normal 0.751486 0.659749 0
    outer loop
      vertex 49.0434 49.6088 27.3
      vertex 48.9571 49.7071 24
      vertex 48.9571 49.7071 27.3
    endloop
  endfacet
  facet normal 0.751486 0.659749 0
    outer loop
      vertex 48.9571 49.7071 24
      vertex 49.0434 49.6088 27.3
      vertex 49.0434 49.6088 24
    endloop
  endfacet
  facet normal -0.659749 0.751486 0
    outer loop
      vertex 47.6412 49.7934 24
      vertex 47.5429 49.7071 27.3
      vertex 47.6412 49.7934 27.3
    endloop
  endfacet
  facet normal -0.659749 0.751486 0
    outer loop
      vertex 47.5429 49.7071 27.3
      vertex 47.6412 49.7934 24
      vertex 47.5429 49.7071 24
    endloop
  endfacet
  facet normal -0.321039 0.947066 0
    outer loop
      vertex 47.9912 49.9659 24
      vertex 47.8673 49.9239 27.3
      vertex 47.9912 49.9659 27.3
    endloop
  endfacet
  facet normal -0.321039 0.947066 0
    outer loop
      vertex 47.8673 49.9239 27.3
      vertex 47.9912 49.9659 24
      vertex 47.8673 49.9239 24
    endloop
  endfacet
  facet normal 0.896709 0.442621 0
    outer loop
      vertex 49.1739 49.3827 27.3
      vertex 49.116 49.5 24
      vertex 49.116 49.5 27.3
    endloop
  endfacet
  facet normal 0.896709 0.442621 0
    outer loop
      vertex 49.116 49.5 24
      vertex 49.1739 49.3827 27.3
      vertex 49.1739 49.3827 24
    endloop
  endfacet
  facet normal 0.980815 0.19494 0
    outer loop
      vertex 49.2414 49.1305 27.3
      vertex 49.2159 49.2588 24
      vertex 49.2159 49.2588 27.3
    endloop
  endfacet
  facet normal 0.980815 0.19494 0
    outer loop
      vertex 49.2159 49.2588 24
      vertex 49.2414 49.1305 27.3
      vertex 49.2414 49.1305 24
    endloop
  endfacet
  facet normal 0.831815 0.555053 0
    outer loop
      vertex 49.116 49.5 27.3
      vertex 49.0434 49.6088 24
      vertex 49.0434 49.6088 27.3
    endloop
  endfacet
  facet normal 0.831815 0.555053 0
    outer loop
      vertex 49.0434 49.6088 24
      vertex 49.116 49.5 27.3
      vertex 49.116 49.5 24
    endloop
  endfacet
  facet normal 0.442621 0.896709 -0
    outer loop
      vertex 48.75 49.866 24
      vertex 48.6327 49.9239 27.3
      vertex 48.75 49.866 27.3
    endloop
  endfacet
  facet normal 0.442621 0.896709 0
    outer loop
      vertex 48.6327 49.9239 27.3
      vertex 48.75 49.866 24
      vertex 48.6327 49.9239 24
    endloop
  endfacet
  facet normal 0.321039 0.947066 -0
    outer loop
      vertex 48.6327 49.9239 24
      vertex 48.5088 49.9659 27.3
      vertex 48.6327 49.9239 27.3
    endloop
  endfacet
  facet normal 0.321039 0.947066 0
    outer loop
      vertex 48.5088 49.9659 27.3
      vertex 48.6327 49.9239 24
      vertex 48.5088 49.9659 24
    endloop
  endfacet
  facet normal 0.555053 0.831815 -0
    outer loop
      vertex 48.8588 49.7934 24
      vertex 48.75 49.866 27.3
      vertex 48.8588 49.7934 27.3
    endloop
  endfacet
  facet normal 0.555053 0.831815 0
    outer loop
      vertex 48.75 49.866 27.3
      vertex 48.8588 49.7934 24
      vertex 48.75 49.866 24
    endloop
  endfacet
  facet normal -0.896709 0.442621 0
    outer loop
      vertex 47.3261 49.3827 24
      vertex 47.384 49.5 27.3
      vertex 47.384 49.5 24
    endloop
  endfacet
  facet normal -0.896709 0.442621 0
    outer loop
      vertex 47.384 49.5 27.3
      vertex 47.3261 49.3827 24
      vertex 47.3261 49.3827 27.3
    endloop
  endfacet
  facet normal -0.831815 0.555053 0
    outer loop
      vertex 47.384 49.5 24
      vertex 47.4566 49.6088 27.3
      vertex 47.4566 49.6088 24
    endloop
  endfacet
  facet normal -0.831815 0.555053 0
    outer loop
      vertex 47.4566 49.6088 27.3
      vertex 47.384 49.5 24
      vertex 47.384 49.5 27.3
    endloop
  endfacet
  facet normal -0.947066 0.321039 0
    outer loop
      vertex 47.2841 49.2588 24
      vertex 47.3261 49.3827 27.3
      vertex 47.3261 49.3827 24
    endloop
  endfacet
  facet normal -0.947066 0.321039 0
    outer loop
      vertex 47.3261 49.3827 27.3
      vertex 47.2841 49.2588 24
      vertex 47.2841 49.2588 27.3
    endloop
  endfacet
  facet normal -0.442621 0.896709 0
    outer loop
      vertex 47.8673 49.9239 24
      vertex 47.75 49.866 27.3
      vertex 47.8673 49.9239 27.3
    endloop
  endfacet
  facet normal -0.442621 0.896709 0
    outer loop
      vertex 47.75 49.866 27.3
      vertex 47.8673 49.9239 24
      vertex 47.75 49.866 24
    endloop
  endfacet
  facet normal -0.19494 0.980815 0
    outer loop
      vertex 48.1195 49.9914 24
      vertex 47.9912 49.9659 27.3
      vertex 48.1195 49.9914 27.3
    endloop
  endfacet
  facet normal -0.19494 0.980815 0
    outer loop
      vertex 47.9912 49.9659 27.3
      vertex 48.1195 49.9914 24
      vertex 47.9912 49.9659 24
    endloop
  endfacet
  facet normal 0.659749 -0.751486 0
    outer loop
      vertex 48.8588 48.2066 24
      vertex 48.9571 48.2929 27.3
      vertex 48.8588 48.2066 27.3
    endloop
  endfacet
  facet normal 0.659749 -0.751486 0
    outer loop
      vertex 48.9571 48.2929 27.3
      vertex 48.8588 48.2066 24
      vertex 48.9571 48.2929 24
    endloop
  endfacet
  facet normal 0.442621 -0.896709 0
    outer loop
      vertex 48.6327 48.0761 24
      vertex 48.75 48.134 27.3
      vertex 48.6327 48.0761 27.3
    endloop
  endfacet
  facet normal 0.442621 -0.896709 0
    outer loop
      vertex 48.75 48.134 27.3
      vertex 48.6327 48.0761 24
      vertex 48.75 48.134 24
    endloop
  endfacet
  facet normal -0.321039 -0.947066 0
    outer loop
      vertex 47.8673 48.0761 24
      vertex 47.9912 48.0341 27.3
      vertex 47.8673 48.0761 27.3
    endloop
  endfacet
  facet normal -0.321039 -0.947066 -0
    outer loop
      vertex 47.9912 48.0341 27.3
      vertex 47.8673 48.0761 24
      vertex 47.9912 48.0341 24
    endloop
  endfacet
  facet normal -0.896709 -0.442621 0
    outer loop
      vertex 47.384 48.5 24
      vertex 47.3261 48.6173 27.3
      vertex 47.3261 48.6173 24
    endloop
  endfacet
  facet normal -0.896709 -0.442621 0
    outer loop
      vertex 47.3261 48.6173 27.3
      vertex 47.384 48.5 24
      vertex 47.384 48.5 27.3
    endloop
  endfacet
  facet normal -0.831815 -0.555053 0
    outer loop
      vertex 47.4566 48.3912 24
      vertex 47.384 48.5 27.3
      vertex 47.384 48.5 24
    endloop
  endfacet
  facet normal -0.831815 -0.555053 0
    outer loop
      vertex 47.384 48.5 27.3
      vertex 47.4566 48.3912 24
      vertex 47.4566 48.3912 27.3
    endloop
  endfacet
  facet normal 0 0 -1
    outer loop
      vertex 49.405 46.9995 22.4
      vertex 49.405 51.0005 22.4
      vertex 50.56 49 22.4
    endloop
  endfacet
  facet normal 0 0 -1
    outer loop
      vertex 47.095 46.9995 22.4
      vertex 49.405 51.0005 22.4
      vertex 49.405 46.9995 22.4
    endloop
  endfacet
  facet normal 0 0 -1
    outer loop
      vertex 47.095 46.9995 22.4
      vertex 47.095 51.0005 22.4
      vertex 49.405 51.0005 22.4
    endloop
  endfacet
  facet normal 0 -0 -1
    outer loop
      vertex 47.095 51.0005 22.4
      vertex 47.095 46.9995 22.4
      vertex 45.94 49 22.4
    endloop
  endfacet
  facet normal 0.947066 0.321039 0
    outer loop
      vertex 49.2159 49.2588 27.3
      vertex 49.1739 49.3827 24
      vertex 49.1739 49.3827 27.3
    endloop
  endfacet
  facet normal 0.947066 0.321039 0
    outer loop
      vertex 49.1739 49.3827 24
      vertex 49.2159 49.2588 27.3
      vertex 49.2159 49.2588 24
    endloop
  endfacet
  facet normal 0.19494 0.980815 -0
    outer loop
      vertex 48.5088 49.9659 24
      vertex 48.3805 49.9914 27.3
      vertex 48.5088 49.9659 27.3
    endloop
  endfacet
  facet normal 0.19494 0.980815 0
    outer loop
      vertex 48.3805 49.9914 27.3
      vertex 48.5088 49.9659 24
      vertex 48.3805 49.9914 24
    endloop
  endfacet
  facet normal 0.659749 0.751486 -0
    outer loop
      vertex 48.9571 49.7071 24
      vertex 48.8588 49.7934 27.3
      vertex 48.9571 49.7071 27.3
    endloop
  endfacet
  facet normal 0.659749 0.751486 0
    outer loop
      vertex 48.8588 49.7934 27.3
      vertex 48.9571 49.7071 24
      vertex 48.8588 49.7934 24
    endloop
  endfacet
  facet normal -0.980815 0.19494 0
    outer loop
      vertex 47.2586 49.1305 24
      vertex 47.2841 49.2588 27.3
      vertex 47.2841 49.2588 24
    endloop
  endfacet
  facet normal -0.980815 0.19494 0
    outer loop
      vertex 47.2841 49.2588 27.3
      vertex 47.2586 49.1305 24
      vertex 47.2586 49.1305 27.3
    endloop
  endfacet
  facet normal 0 0 -1
    outer loop
      vertex 49.25 49 27.3
      vertex 50.75 49 27.3
      vertex 50.7286 48.6737 27.3
    endloop
  endfacet
  facet normal 0 0 -1
    outer loop
      vertex 49.2414 48.8695 27.3
      vertex 50.7286 48.6737 27.3
      vertex 50.6648 48.353 27.3
    endloop
  endfacet
  facet normal 0 0 -1
    outer loop
      vertex 50.75 49 27.3
      vertex 49.25 49 27.3
      vertex 50.7286 49.3263 27.3
    endloop
  endfacet
  facet normal 0 0 -1
    outer loop
      vertex 49.2159 48.7412 27.3
      vertex 50.6648 48.353 27.3
      vertex 50.5597 48.0433 27.3
    endloop
  endfacet
  facet normal 0 0 -1
    outer loop
      vertex 49.2414 49.1305 27.3
      vertex 50.7286 49.3263 27.3
      vertex 49.25 49 27.3
    endloop
  endfacet
  facet normal 0 0 -1
    outer loop
      vertex 49.1739 48.6173 27.3
      vertex 50.5597 48.0433 27.3
      vertex 50.4151 47.75 27.3
    endloop
  endfacet
  facet normal -0 0 -1
    outer loop
      vertex 50.7286 49.3263 27.3
      vertex 49.2414 49.1305 27.3
      vertex 50.6648 49.647 27.3
    endloop
  endfacet
  facet normal 0 0 -1
    outer loop
      vertex 49.116 48.5 27.3
      vertex 50.4151 47.75 27.3
      vertex 50.2334 47.4781 27.3
    endloop
  endfacet
  facet normal 0 0 -1
    outer loop
      vertex 49.2159 49.2588 27.3
      vertex 50.6648 49.647 27.3
      vertex 49.2414 49.1305 27.3
    endloop
  endfacet
  facet normal 0 0 -1
    outer loop
      vertex 49.0434 48.3912 27.3
      vertex 50.2334 47.4781 27.3
      vertex 50.0178 47.2322 27.3
    endloop
  endfacet
  facet normal -0 0 -1
    outer loop
      vertex 50.6648 49.647 27.3
      vertex 49.2159 49.2588 27.3
      vertex 50.5597 49.9567 27.3
    endloop
  endfacet
  facet normal 0 0 -1
    outer loop
      vertex 48.9571 48.2929 27.3
      vertex 50.0178 47.2322 27.3
      vertex 49.7719 47.0166 27.3
    endloop
  endfacet
  facet normal 0 0 -1
    outer loop
      vertex 49.1739 49.3827 27.3
      vertex 50.5597 49.9567 27.3
      vertex 49.2159 49.2588 27.3
    endloop
  endfacet
  facet normal 0 0 -1
    outer loop
      vertex 48.8588 48.2066 27.3
      vertex 49.7719 47.0166 27.3
      vertex 49.5 46.8349 27.3
    endloop
  endfacet
  facet normal -0 0 -1
    outer loop
      vertex 50.5597 49.9567 27.3
      vertex 49.1739 49.3827 27.3
      vertex 50.4151 50.25 27.3
    endloop
  endfacet
  facet normal 0 0 -1
    outer loop
      vertex 49.116 49.5 27.3
      vertex 50.4151 50.25 27.3
      vertex 49.1739 49.3827 27.3
    endloop
  endfacet
  facet normal 0 0 -1
    outer loop
      vertex 50.7286 48.6737 27.3
      vertex 49.2414 48.8695 27.3
      vertex 49.25 49 27.3
    endloop
  endfacet
  facet normal 0 0 -1
    outer loop
      vertex 50.6648 48.353 27.3
      vertex 49.2159 48.7412 27.3
      vertex 49.2414 48.8695 27.3
    endloop
  endfacet
  facet normal 0 0 -1
    outer loop
      vertex 48.75 48.134 27.3
      vertex 49.5 46.8349 27.3
      vertex 49.2067 46.6903 27.3
    endloop
  endfacet
  facet normal 0 0 -1
    outer loop
      vertex 50.5597 48.0433 27.3
      vertex 49.1739 48.6173 27.3
      vertex 49.2159 48.7412 27.3
    endloop
  endfacet
  facet normal 0 0 -1
    outer loop
      vertex 50.4151 47.75 27.3
      vertex 49.116 48.5 27.3
      vertex 49.1739 48.6173 27.3
    endloop
  endfacet
  facet normal 0 0 -1
    outer loop
      vertex 50.2334 47.4781 27.3
      vertex 49.0434 48.3912 27.3
      vertex 49.116 48.5 27.3
    endloop
  endfacet
  facet normal 0 0 -1
    outer loop
      vertex 50.0178 47.2322 27.3
      vertex 48.9571 48.2929 27.3
      vertex 49.0434 48.3912 27.3
    endloop
  endfacet
  facet normal 0 0 -1
    outer loop
      vertex 48.6327 48.0761 27.3
      vertex 49.2067 46.6903 27.3
      vertex 48.897 46.5852 27.3
    endloop
  endfacet
  facet normal 0 0 -1
    outer loop
      vertex 49.7719 47.0166 27.3
      vertex 48.8588 48.2066 27.3
      vertex 48.9571 48.2929 27.3
    endloop
  endfacet
  facet normal 0 0 -1
    outer loop
      vertex 49.5 46.8349 27.3
      vertex 48.75 48.134 27.3
      vertex 48.8588 48.2066 27.3
    endloop
  endfacet
  facet normal 0 0 -1
    outer loop
      vertex 49.2067 46.6903 27.3
      vertex 48.6327 48.0761 27.3
      vertex 48.75 48.134 27.3
    endloop
  endfacet
  facet normal 0 0 -1
    outer loop
      vertex 48.5088 48.0341 27.3
      vertex 48.897 46.5852 27.3
      vertex 48.5763 46.5214 27.3
    endloop
  endfacet
  facet normal 0 0 -1
    outer loop
      vertex 48.897 46.5852 27.3
      vertex 48.5088 48.0341 27.3
      vertex 48.6327 48.0761 27.3
    endloop
  endfacet
  facet normal 0 0 -1
    outer loop
      vertex 48.5763 46.5214 27.3
      vertex 48.3805 48.0086 27.3
      vertex 48.5088 48.0341 27.3
    endloop
  endfacet
  facet normal 0 0 -1
    outer loop
      vertex 48.25 46.5 27.3
      vertex 48.3805 48.0086 27.3
      vertex 48.5763 46.5214 27.3
    endloop
  endfacet
  facet normal 0 0 -1
    outer loop
      vertex 48.25 46.5 27.3
      vertex 48.25 48 27.3
      vertex 48.3805 48.0086 27.3
    endloop
  endfacet
  facet normal 0 0 -1
    outer loop
      vertex 48.25 46.5 27.3
      vertex 48.1195 48.0086 27.3
      vertex 48.25 48 27.3
    endloop
  endfacet
  facet normal 0 0 -1
    outer loop
      vertex 47.9237 46.5214 27.3
      vertex 48.1195 48.0086 27.3
      vertex 48.25 46.5 27.3
    endloop
  endfacet
  facet normal -0 0 -1
    outer loop
      vertex 48.1195 48.0086 27.3
      vertex 47.9237 46.5214 27.3
      vertex 47.9912 48.0341 27.3
    endloop
  endfacet
  facet normal 0 0 -1
    outer loop
      vertex 47.603 46.5852 27.3
      vertex 47.9912 48.0341 27.3
      vertex 47.9237 46.5214 27.3
    endloop
  endfacet
  facet normal -0 0 -1
    outer loop
      vertex 47.9912 48.0341 27.3
      vertex 47.603 46.5852 27.3
      vertex 47.8673 48.0761 27.3
    endloop
  endfacet
  facet normal 0 0 -1
    outer loop
      vertex 47.2933 46.6903 27.3
      vertex 47.8673 48.0761 27.3
      vertex 47.603 46.5852 27.3
    endloop
  endfacet
  facet normal -0 0 -1
    outer loop
      vertex 47.8673 48.0761 27.3
      vertex 47.2933 46.6903 27.3
      vertex 47.75 48.134 27.3
    endloop
  endfacet
  facet normal 0 0 -1
    outer loop
      vertex 47 46.8349 27.3
      vertex 47.75 48.134 27.3
      vertex 47.2933 46.6903 27.3
    endloop
  endfacet
  facet normal -0 0 -1
    outer loop
      vertex 47.75 48.134 27.3
      vertex 47 46.8349 27.3
      vertex 47.6412 48.2066 27.3
    endloop
  endfacet
  facet normal 0 0 -1
    outer loop
      vertex 46.7281 47.0166 27.3
      vertex 47.6412 48.2066 27.3
      vertex 47 46.8349 27.3
    endloop
  endfacet
  facet normal -0 0 -1
    outer loop
      vertex 47.6412 48.2066 27.3
      vertex 46.7281 47.0166 27.3
      vertex 47.5429 48.2929 27.3
    endloop
  endfacet
  facet normal 0 0 -1
    outer loop
      vertex 46.4822 47.2322 27.3
      vertex 47.5429 48.2929 27.3
      vertex 46.7281 47.0166 27.3
    endloop
  endfacet
  facet normal -0 0 -1
    outer loop
      vertex 47.5429 48.2929 27.3
      vertex 46.4822 47.2322 27.3
      vertex 47.4566 48.3912 27.3
    endloop
  endfacet
  facet normal 0 0 -1
    outer loop
      vertex 46.2666 47.4781 27.3
      vertex 47.4566 48.3912 27.3
      vertex 46.4822 47.2322 27.3
    endloop
  endfacet
  facet normal -0 0 -1
    outer loop
      vertex 47.4566 48.3912 27.3
      vertex 46.2666 47.4781 27.3
      vertex 47.384 48.5 27.3
    endloop
  endfacet
  facet normal 0 0 -1
    outer loop
      vertex 46.0849 47.75 27.3
      vertex 47.384 48.5 27.3
      vertex 46.2666 47.4781 27.3
    endloop
  endfacet
  facet normal -0 0 -1
    outer loop
      vertex 50.4151 50.25 27.3
      vertex 49.116 49.5 27.3
      vertex 50.2334 50.5219 27.3
    endloop
  endfacet
  facet normal 0 0 -1
    outer loop
      vertex 49.0434 49.6088 27.3
      vertex 50.2334 50.5219 27.3
      vertex 49.116 49.5 27.3
    endloop
  endfacet
  facet normal -0 0 -1
    outer loop
      vertex 50.2334 50.5219 27.3
      vertex 49.0434 49.6088 27.3
      vertex 50.0178 50.7678 27.3
    endloop
  endfacet
  facet normal 0 0 -1
    outer loop
      vertex 48.9571 49.7071 27.3
      vertex 50.0178 50.7678 27.3
      vertex 49.0434 49.6088 27.3
    endloop
  endfacet
  facet normal -0 0 -1
    outer loop
      vertex 50.0178 50.7678 27.3
      vertex 48.9571 49.7071 27.3
      vertex 49.7719 50.9834 27.3
    endloop
  endfacet
  facet normal 0 0 -1
    outer loop
      vertex 48.8588 49.7934 27.3
      vertex 49.7719 50.9834 27.3
      vertex 48.9571 49.7071 27.3
    endloop
  endfacet
  facet normal -0 0 -1
    outer loop
      vertex 49.7719 50.9834 27.3
      vertex 48.8588 49.7934 27.3
      vertex 49.5 51.1651 27.3
    endloop
  endfacet
  facet normal 0 0 -1
    outer loop
      vertex 48.75 49.866 27.3
      vertex 49.5 51.1651 27.3
      vertex 48.8588 49.7934 27.3
    endloop
  endfacet
  facet normal -0 0 -1
    outer loop
      vertex 49.5 51.1651 27.3
      vertex 48.75 49.866 27.3
      vertex 49.2067 51.3097 27.3
    endloop
  endfacet
  facet normal 0 0 -1
    outer loop
      vertex 48.6327 49.9239 27.3
      vertex 49.2067 51.3097 27.3
      vertex 48.75 49.866 27.3
    endloop
  endfacet
  facet normal -0 0 -1
    outer loop
      vertex 49.2067 51.3097 27.3
      vertex 48.6327 49.9239 27.3
      vertex 48.897 51.4148 27.3
    endloop
  endfacet
  facet normal 0 0 -1
    outer loop
      vertex 48.5088 49.9659 27.3
      vertex 48.897 51.4148 27.3
      vertex 48.6327 49.9239 27.3
    endloop
  endfacet
  facet normal -0 0 -1
    outer loop
      vertex 48.897 51.4148 27.3
      vertex 48.5088 49.9659 27.3
      vertex 48.5763 51.4786 27.3
    endloop
  endfacet
  facet normal 0 0 -1
    outer loop
      vertex 48.3805 49.9914 27.3
      vertex 48.5763 51.4786 27.3
      vertex 48.5088 49.9659 27.3
    endloop
  endfacet
  facet normal 0 0 -1
    outer loop
      vertex 48.25 50 27.3
      vertex 48.5763 51.4786 27.3
      vertex 48.3805 49.9914 27.3
    endloop
  endfacet
  facet normal 0 0 -1
    outer loop
      vertex 48.25 50 27.3
      vertex 48.25 51.5 27.3
      vertex 48.5763 51.4786 27.3
    endloop
  endfacet
  facet normal 0 0 -1
    outer loop
      vertex 48.1195 49.9914 27.3
      vertex 48.25 51.5 27.3
      vertex 48.25 50 27.3
    endloop
  endfacet
  facet normal 0 0 -1
    outer loop
      vertex 47.9237 51.4786 27.3
      vertex 48.1195 49.9914 27.3
      vertex 47.9912 49.9659 27.3
    endloop
  endfacet
  facet normal 0 0 -1
    outer loop
      vertex 48.1195 49.9914 27.3
      vertex 47.9237 51.4786 27.3
      vertex 48.25 51.5 27.3
    endloop
  endfacet
  facet normal 0 0 -1
    outer loop
      vertex 47.603 51.4148 27.3
      vertex 47.9912 49.9659 27.3
      vertex 47.8673 49.9239 27.3
    endloop
  endfacet
  facet normal 0 0 -1
    outer loop
      vertex 47.2933 51.3097 27.3
      vertex 47.8673 49.9239 27.3
      vertex 47.75 49.866 27.3
    endloop
  endfacet
  facet normal 0 0 -1
    outer loop
      vertex 47 51.1651 27.3
      vertex 47.75 49.866 27.3
      vertex 47.6412 49.7934 27.3
    endloop
  endfacet
  facet normal 0 0 -1
    outer loop
      vertex 47.9912 49.9659 27.3
      vertex 47.603 51.4148 27.3
      vertex 47.9237 51.4786 27.3
    endloop
  endfacet
  facet normal 0 0 -1
    outer loop
      vertex 46.7281 50.9834 27.3
      vertex 47.6412 49.7934 27.3
      vertex 47.5429 49.7071 27.3
    endloop
  endfacet
  facet normal 0 0 -1
    outer loop
      vertex 46.4822 50.7678 27.3
      vertex 47.5429 49.7071 27.3
      vertex 47.4566 49.6088 27.3
    endloop
  endfacet
  facet normal 0 0 -1
    outer loop
      vertex 46.2666 50.5219 27.3
      vertex 47.4566 49.6088 27.3
      vertex 47.384 49.5 27.3
    endloop
  endfacet
  facet normal 0 0 -1
    outer loop
      vertex 46.0849 50.25 27.3
      vertex 47.384 49.5 27.3
      vertex 47.3261 49.3827 27.3
    endloop
  endfacet
  facet normal 0 0 -1
    outer loop
      vertex 47.8673 49.9239 27.3
      vertex 47.2933 51.3097 27.3
      vertex 47.603 51.4148 27.3
    endloop
  endfacet
  facet normal 0 0 -1
    outer loop
      vertex 45.9403 49.9567 27.3
      vertex 47.3261 49.3827 27.3
      vertex 47.2841 49.2588 27.3
    endloop
  endfacet
  facet normal 0 0 -1
    outer loop
      vertex 45.8352 49.647 27.3
      vertex 47.2841 49.2588 27.3
      vertex 47.2586 49.1305 27.3
    endloop
  endfacet
  facet normal 0 0 -1
    outer loop
      vertex 45.7714 49.3263 27.3
      vertex 47.2586 49.1305 27.3
      vertex 47.25 49 27.3
    endloop
  endfacet
  facet normal -0 0 -1
    outer loop
      vertex 47.384 48.5 27.3
      vertex 46.0849 47.75 27.3
      vertex 47.3261 48.6173 27.3
    endloop
  endfacet
  facet normal 0 0 -1
    outer loop
      vertex 47.75 49.866 27.3
      vertex 47 51.1651 27.3
      vertex 47.2933 51.3097 27.3
    endloop
  endfacet
  facet normal 0 0 -1
    outer loop
      vertex 45.9403 48.0433 27.3
      vertex 47.3261 48.6173 27.3
      vertex 46.0849 47.75 27.3
    endloop
  endfacet
  facet normal 0 0 -1
    outer loop
      vertex 47.6412 49.7934 27.3
      vertex 46.7281 50.9834 27.3
      vertex 47 51.1651 27.3
    endloop
  endfacet
  facet normal -0 0 -1
    outer loop
      vertex 47.3261 48.6173 27.3
      vertex 45.9403 48.0433 27.3
      vertex 47.2841 48.7412 27.3
    endloop
  endfacet
  facet normal 0 0 -1
    outer loop
      vertex 47.5429 49.7071 27.3
      vertex 46.4822 50.7678 27.3
      vertex 46.7281 50.9834 27.3
    endloop
  endfacet
  facet normal 0 0 -1
    outer loop
      vertex 45.8352 48.353 27.3
      vertex 47.2841 48.7412 27.3
      vertex 45.9403 48.0433 27.3
    endloop
  endfacet
  facet normal 0 0 -1
    outer loop
      vertex 47.4566 49.6088 27.3
      vertex 46.2666 50.5219 27.3
      vertex 46.4822 50.7678 27.3
    endloop
  endfacet
  facet normal -0 0 -1
    outer loop
      vertex 47.2841 48.7412 27.3
      vertex 45.8352 48.353 27.3
      vertex 47.2586 48.8695 27.3
    endloop
  endfacet
  facet normal 0 0 -1
    outer loop
      vertex 47.384 49.5 27.3
      vertex 46.0849 50.25 27.3
      vertex 46.2666 50.5219 27.3
    endloop
  endfacet
  facet normal 0 0 -1
    outer loop
      vertex 45.7714 48.6737 27.3
      vertex 47.2586 48.8695 27.3
      vertex 45.8352 48.353 27.3
    endloop
  endfacet
  facet normal 0 0 -1
    outer loop
      vertex 47.3261 49.3827 27.3
      vertex 45.9403 49.9567 27.3
      vertex 46.0849 50.25 27.3
    endloop
  endfacet
  facet normal -0 0 -1
    outer loop
      vertex 47.2586 48.8695 27.3
      vertex 45.7714 48.6737 27.3
      vertex 47.25 49 27.3
    endloop
  endfacet
  facet normal 0 0 -1
    outer loop
      vertex 47.2841 49.2588 27.3
      vertex 45.8352 49.647 27.3
      vertex 45.9403 49.9567 27.3
    endloop
  endfacet
  facet normal 0 0 -1
    outer loop
      vertex 45.75 49 27.3
      vertex 47.25 49 27.3
      vertex 45.7714 48.6737 27.3
    endloop
  endfacet
  facet normal 0 0 -1
    outer loop
      vertex 47.2586 49.1305 27.3
      vertex 45.7714 49.3263 27.3
      vertex 45.8352 49.647 27.3
    endloop
  endfacet
  facet normal 0 0 -1
    outer loop
      vertex 47.25 49 27.3
      vertex 45.75 49 27.3
      vertex 45.7714 49.3263 27.3
    endloop
  endfacet
  facet normal -0.0657577 0.997836 0
    outer loop
      vertex 48.25 50 24
      vertex 48.1195 49.9914 27.3
      vertex 48.25 50 27.3
    endloop
  endfacet
  facet normal -0.0657577 0.997836 0
    outer loop
      vertex 48.1195 49.9914 27.3
      vertex 48.25 50 24
      vertex 48.1195 49.9914 24
    endloop
  endfacet
  facet normal 0.0657577 -0.997836 0
    outer loop
      vertex 48.25 48 24
      vertex 48.3805 48.0086 27.3
      vertex 48.25 48 27.3
    endloop
  endfacet
  facet normal 0.0657577 -0.997836 0
    outer loop
      vertex 48.3805 48.0086 27.3
      vertex 48.25 48 24
      vertex 48.3805 48.0086 24
    endloop
  endfacet
  facet normal 0.321039 -0.947066 0
    outer loop
      vertex 48.5088 48.0341 24
      vertex 48.6327 48.0761 27.3
      vertex 48.5088 48.0341 27.3
    endloop
  endfacet
  facet normal 0.321039 -0.947066 0
    outer loop
      vertex 48.6327 48.0761 27.3
      vertex 48.5088 48.0341 24
      vertex 48.6327 48.0761 24
    endloop
  endfacet
  facet normal 0.555053 -0.831815 0
    outer loop
      vertex 48.75 48.134 24
      vertex 48.8588 48.2066 27.3
      vertex 48.75 48.134 27.3
    endloop
  endfacet
  facet normal 0.555053 -0.831815 0
    outer loop
      vertex 48.8588 48.2066 27.3
      vertex 48.75 48.134 24
      vertex 48.8588 48.2066 24
    endloop
  endfacet
  facet normal 0.831815 -0.555053 0
    outer loop
      vertex 49.0434 48.3912 27.3
      vertex 49.116 48.5 24
      vertex 49.116 48.5 27.3
    endloop
  endfacet
  facet normal 0.831815 -0.555053 0
    outer loop
      vertex 49.116 48.5 24
      vertex 49.0434 48.3912 27.3
      vertex 49.0434 48.3912 24
    endloop
  endfacet
  facet normal 0.751486 -0.659749 0
    outer loop
      vertex 48.9571 48.2929 27.3
      vertex 49.0434 48.3912 24
      vertex 49.0434 48.3912 27.3
    endloop
  endfacet
  facet normal 0.751486 -0.659749 0
    outer loop
      vertex 49.0434 48.3912 24
      vertex 48.9571 48.2929 27.3
      vertex 48.9571 48.2929 24
    endloop
  endfacet
  facet normal -0.555053 -0.831815 0
    outer loop
      vertex 47.6412 48.2066 24
      vertex 47.75 48.134 27.3
      vertex 47.6412 48.2066 27.3
    endloop
  endfacet
  facet normal -0.555053 -0.831815 -0
    outer loop
      vertex 47.75 48.134 27.3
      vertex 47.6412 48.2066 24
      vertex 47.75 48.134 24
    endloop
  endfacet
  facet normal -0.659749 -0.751486 0
    outer loop
      vertex 47.5429 48.2929 24
      vertex 47.6412 48.2066 27.3
      vertex 47.5429 48.2929 27.3
    endloop
  endfacet
  facet normal -0.659749 -0.751486 -0
    outer loop
      vertex 47.6412 48.2066 27.3
      vertex 47.5429 48.2929 24
      vertex 47.6412 48.2066 24
    endloop
  endfacet
  facet normal -0.442621 -0.896709 0
    outer loop
      vertex 47.75 48.134 24
      vertex 47.8673 48.0761 27.3
      vertex 47.75 48.134 27.3
    endloop
  endfacet
  facet normal -0.442621 -0.896709 -0
    outer loop
      vertex 47.8673 48.0761 27.3
      vertex 47.75 48.134 24
      vertex 47.8673 48.0761 24
    endloop
  endfacet
  facet normal -0.19494 -0.980815 0
    outer loop
      vertex 47.9912 48.0341 24
      vertex 48.1195 48.0086 27.3
      vertex 47.9912 48.0341 27.3
    endloop
  endfacet
  facet normal -0.19494 -0.980815 -0
    outer loop
      vertex 48.1195 48.0086 27.3
      vertex 47.9912 48.0341 24
      vertex 48.1195 48.0086 24
    endloop
  endfacet
  facet normal -0.751486 -0.659749 0
    outer loop
      vertex 47.5429 48.2929 24
      vertex 47.4566 48.3912 27.3
      vertex 47.4566 48.3912 24
    endloop
  endfacet
  facet normal -0.751486 -0.659749 0
    outer loop
      vertex 47.4566 48.3912 27.3
      vertex 47.5429 48.2929 24
      vertex 47.5429 48.2929 27.3
    endloop
  endfacet
  facet normal -0.947066 -0.321039 0
    outer loop
      vertex 47.3261 48.6173 24
      vertex 47.2841 48.7412 27.3
      vertex 47.2841 48.7412 24
    endloop
  endfacet
  facet normal -0.947066 -0.321039 0
    outer loop
      vertex 47.2841 48.7412 27.3
      vertex 47.3261 48.6173 24
      vertex 47.3261 48.6173 27.3
    endloop
  endfacet
  facet normal -0.997836 -0.0657577 0
    outer loop
      vertex 47.2586 48.8695 24
      vertex 47.25 49 27.3
      vertex 47.25 49 24
    endloop
  endfacet
  facet normal -0.997836 -0.0657577 0
    outer loop
      vertex 47.25 49 27.3
      vertex 47.2586 48.8695 24
      vertex 47.2586 48.8695 27.3
    endloop
  endfacet
  facet normal -0.751486 0.659749 0
    outer loop
      vertex 47.4566 49.6088 24
      vertex 47.5429 49.7071 27.3
      vertex 47.5429 49.7071 24
    endloop
  endfacet
  facet normal -0.751486 0.659749 0
    outer loop
      vertex 47.5429 49.7071 27.3
      vertex 47.4566 49.6088 24
      vertex 47.4566 49.6088 27.3
    endloop
  endfacet
  facet normal -0.555053 0.831815 0
    outer loop
      vertex 47.75 49.866 24
      vertex 47.6412 49.7934 27.3
      vertex 47.75 49.866 27.3
    endloop
  endfacet
  facet normal -0.555053 0.831815 0
    outer loop
      vertex 47.6412 49.7934 27.3
      vertex 47.75 49.866 24
      vertex 47.6412 49.7934 24
    endloop
  endfacet
  facet normal 0.19494 -0.980815 0
    outer loop
      vertex 48.3805 48.0086 24
      vertex 48.5088 48.0341 27.3
      vertex 48.3805 48.0086 27.3
    endloop
  endfacet
  facet normal 0.19494 -0.980815 0
    outer loop
      vertex 48.5088 48.0341 27.3
      vertex 48.3805 48.0086 24
      vertex 48.5088 48.0341 24
    endloop
  endfacet
  facet normal 0.896709 -0.442621 0
    outer loop
      vertex 49.116 48.5 27.3
      vertex 49.1739 48.6173 24
      vertex 49.1739 48.6173 27.3
    endloop
  endfacet
  facet normal 0.896709 -0.442621 0
    outer loop
      vertex 49.1739 48.6173 24
      vertex 49.116 48.5 27.3
      vertex 49.116 48.5 24
    endloop
  endfacet
  facet normal 0.947066 -0.321039 0
    outer loop
      vertex 49.1739 48.6173 27.3
      vertex 49.2159 48.7412 24
      vertex 49.2159 48.7412 27.3
    endloop
  endfacet
  facet normal 0.947066 -0.321039 0
    outer loop
      vertex 49.2159 48.7412 24
      vertex 49.1739 48.6173 27.3
      vertex 49.1739 48.6173 24
    endloop
  endfacet
  facet normal 0.980815 -0.19494 0
    outer loop
      vertex 49.2159 48.7412 27.3
      vertex 49.2414 48.8695 24
      vertex 49.2414 48.8695 27.3
    endloop
  endfacet
  facet normal 0.980815 -0.19494 0
    outer loop
      vertex 49.2414 48.8695 24
      vertex 49.2159 48.7412 27.3
      vertex 49.2159 48.7412 24
    endloop
  endfacet
  facet normal -0.0657577 -0.997836 0
    outer loop
      vertex 48.1195 48.0086 24
      vertex 48.25 48 27.3
      vertex 48.1195 48.0086 27.3
    endloop
  endfacet
  facet normal -0.0657577 -0.997836 -0
    outer loop
      vertex 48.25 48 27.3
      vertex 48.1195 48.0086 24
      vertex 48.25 48 24
    endloop
  endfacet
  facet normal -0.980815 -0.19494 0
    outer loop
      vertex 47.2841 48.7412 24
      vertex 47.2586 48.8695 27.3
      vertex 47.2586 48.8695 24
    endloop
  endfacet
  facet normal -0.980815 -0.19494 0
    outer loop
      vertex 47.2586 48.8695 27.3
      vertex 47.2841 48.7412 24
      vertex 47.2841 48.7412 27.3
    endloop
  endfacet
  facet normal 0.997836 -0.0657577 0
    outer loop
      vertex 49.2414 48.8695 27.3
      vertex 49.25 49 24
      vertex 49.25 49 27.3
    endloop
  endfacet
  facet normal 0.997836 -0.0657577 0
    outer loop
      vertex 49.25 49 24
      vertex 49.2414 48.8695 27.3
      vertex 49.2414 48.8695 24
    endloop
  endfacet
  facet normal 0.997856 0.0654432 0
    outer loop
      vertex 50.75 49 29.3
      vertex 50.7286 49.3263 27.3
      vertex 50.7286 49.3263 29.3
    endloop
  endfacet
  facet normal 0.997856 0.0654432 0
    outer loop
      vertex 50.7286 49.3263 27.3
      vertex 50.75 49 29.3
      vertex 50.75 49 27.3
    endloop
  endfacet
  facet normal -0.997856 0.0654432 0
    outer loop
      vertex 45.75 49 27.3
      vertex 45.7714 49.3263 29.3
      vertex 45.7714 49.3263 27.3
    endloop
  endfacet
  facet normal -0.997856 0.0654432 0
    outer loop
      vertex 45.7714 49.3263 29.3
      vertex 45.75 49 27.3
      vertex 45.75 49 29.3
    endloop
  endfacet
  facet normal 0.0654432 0.997856 -0
    outer loop
      vertex 48.5763 51.4786 27.3
      vertex 48.25 51.5 29.3
      vertex 48.5763 51.4786 29.3
    endloop
  endfacet
  facet normal 0.0654432 0.997856 0
    outer loop
      vertex 48.25 51.5 29.3
      vertex 48.5763 51.4786 27.3
      vertex 48.25 51.5 27.3
    endloop
  endfacet
  facet normal -0.751913 -0.659262 0
    outer loop
      vertex 46.4822 47.2322 27.3
      vertex 46.2666 47.4781 29.3
      vertex 46.2666 47.4781 27.3
    endloop
  endfacet
  facet normal -0.751913 -0.659262 0
    outer loop
      vertex 46.2666 47.4781 29.3
      vertex 46.4822 47.2322 27.3
      vertex 46.4822 47.2322 29.3
    endloop
  endfacet
  facet normal 0.751913 0.659262 0
    outer loop
      vertex 50.2334 50.5219 29.3
      vertex 50.0178 50.7678 27.3
      vertex 50.0178 50.7678 29.3
    endloop
  endfacet
  facet normal 0.751913 0.659262 0
    outer loop
      vertex 50.0178 50.7678 27.3
      vertex 50.2334 50.5219 29.3
      vertex 50.2334 50.5219 27.3
    endloop
  endfacet
  facet normal -0.659262 0.751913 0
    outer loop
      vertex 46.7281 50.9834 27.3
      vertex 46.4822 50.7678 29.3
      vertex 46.7281 50.9834 29.3
    endloop
  endfacet
  facet normal -0.659262 0.751913 0
    outer loop
      vertex 46.4822 50.7678 29.3
      vertex 46.7281 50.9834 27.3
      vertex 46.4822 50.7678 27.3
    endloop
  endfacet
  facet normal -0.32136 0.946957 0
    outer loop
      vertex 47.603 51.4148 27.3
      vertex 47.2933 51.3097 29.3
      vertex 47.603 51.4148 29.3
    endloop
  endfacet
  facet normal -0.32136 0.946957 0
    outer loop
      vertex 47.2933 51.3097 29.3
      vertex 47.603 51.4148 27.3
      vertex 47.2933 51.3097 27.3
    endloop
  endfacet
  facet normal -0.946957 -0.32136 0
    outer loop
      vertex 45.9403 48.0433 27.3
      vertex 45.8352 48.353 29.3
      vertex 45.8352 48.353 27.3
    endloop
  endfacet
  facet normal -0.946957 -0.32136 0
    outer loop
      vertex 45.8352 48.353 29.3
      vertex 45.9403 48.0433 27.3
      vertex 45.9403 48.0433 29.3
    endloop
  endfacet
  facet normal 0.896921 0.442191 0
    outer loop
      vertex 50.5597 49.9567 29.3
      vertex 50.4151 50.25 27.3
      vertex 50.4151 50.25 29.3
    endloop
  endfacet
  facet normal 0.896921 0.442191 0
    outer loop
      vertex 50.4151 50.25 27.3
      vertex 50.5597 49.9567 29.3
      vertex 50.5597 49.9567 27.3
    endloop
  endfacet
  facet normal 0.98078 0.195116 0
    outer loop
      vertex 50.7286 49.3263 29.3
      vertex 50.6648 49.647 27.3
      vertex 50.6648 49.647 29.3
    endloop
  endfacet
  facet normal 0.98078 0.195116 0
    outer loop
      vertex 50.6648 49.647 27.3
      vertex 50.7286 49.3263 29.3
      vertex 50.7286 49.3263 27.3
    endloop
  endfacet
  facet normal 0.831438 0.555617 0
    outer loop
      vertex 50.4151 50.25 29.3
      vertex 50.2334 50.5219 27.3
      vertex 50.2334 50.5219 29.3
    endloop
  endfacet
  facet normal 0.831438 0.555617 0
    outer loop
      vertex 50.2334 50.5219 27.3
      vertex 50.4151 50.25 29.3
      vertex 50.4151 50.25 27.3
    endloop
  endfacet
  facet normal 0.442191 0.896921 -0
    outer loop
      vertex 49.5 51.1651 27.3
      vertex 49.2067 51.3097 29.3
      vertex 49.5 51.1651 29.3
    endloop
  endfacet
  facet normal 0.442191 0.896921 0
    outer loop
      vertex 49.2067 51.3097 29.3
      vertex 49.5 51.1651 27.3
      vertex 49.2067 51.3097 27.3
    endloop
  endfacet
  facet normal 0.555617 0.831438 -0
    outer loop
      vertex 49.7719 50.9834 27.3
      vertex 49.5 51.1651 29.3
      vertex 49.7719 50.9834 29.3
    endloop
  endfacet
  facet normal 0.555617 0.831438 0
    outer loop
      vertex 49.5 51.1651 29.3
      vertex 49.7719 50.9834 27.3
      vertex 49.5 51.1651 27.3
    endloop
  endfacet
  facet normal -0.896921 0.442191 0
    outer loop
      vertex 45.9403 49.9567 27.3
      vertex 46.0849 50.25 29.3
      vertex 46.0849 50.25 27.3
    endloop
  endfacet
  facet normal -0.896921 0.442191 0
    outer loop
      vertex 46.0849 50.25 29.3
      vertex 45.9403 49.9567 27.3
      vertex 45.9403 49.9567 29.3
    endloop
  endfacet
  facet normal 0 0 1
    outer loop
      vertex 50.7286 49.3263 29.3
      vertex 50.7286 48.6737 29.3
      vertex 50.75 49 29.3
    endloop
  endfacet
  facet normal 0 0 1
    outer loop
      vertex 50.6648 49.647 29.3
      vertex 50.7286 48.6737 29.3
      vertex 50.7286 49.3263 29.3
    endloop
  endfacet
  facet normal 0 0 1
    outer loop
      vertex 50.6648 49.647 29.3
      vertex 50.6648 48.353 29.3
      vertex 50.7286 48.6737 29.3
    endloop
  endfacet
  facet normal 0 0 1
    outer loop
      vertex 50.5597 49.9567 29.3
      vertex 50.6648 48.353 29.3
      vertex 50.6648 49.647 29.3
    endloop
  endfacet
  facet normal 0 0 1
    outer loop
      vertex 50.5597 49.9567 29.3
      vertex 50.5597 48.0433 29.3
      vertex 50.6648 48.353 29.3
    endloop
  endfacet
  facet normal 0 0 1
    outer loop
      vertex 50.4151 50.25 29.3
      vertex 50.5597 48.0433 29.3
      vertex 50.5597 49.9567 29.3
    endloop
  endfacet
  facet normal 0 0 1
    outer loop
      vertex 50.4151 50.25 29.3
      vertex 50.4151 47.75 29.3
      vertex 50.5597 48.0433 29.3
    endloop
  endfacet
  facet normal 0 0 1
    outer loop
      vertex 50.2334 50.5219 29.3
      vertex 50.4151 47.75 29.3
      vertex 50.4151 50.25 29.3
    endloop
  endfacet
  facet normal 0 0 1
    outer loop
      vertex 50.2334 50.5219 29.3
      vertex 50.2334 47.4781 29.3
      vertex 50.4151 47.75 29.3
    endloop
  endfacet
  facet normal 0 0 1
    outer loop
      vertex 50.0178 50.7678 29.3
      vertex 50.2334 47.4781 29.3
      vertex 50.2334 50.5219 29.3
    endloop
  endfacet
  facet normal 0 0 1
    outer loop
      vertex 50.0178 50.7678 29.3
      vertex 50.0178 47.2322 29.3
      vertex 50.2334 47.4781 29.3
    endloop
  endfacet
  facet normal 0 0 1
    outer loop
      vertex 49.7719 50.9834 29.3
      vertex 50.0178 47.2322 29.3
      vertex 50.0178 50.7678 29.3
    endloop
  endfacet
  facet normal 0 0 1
    outer loop
      vertex 49.7719 50.9834 29.3
      vertex 49.7719 47.0166 29.3
      vertex 50.0178 47.2322 29.3
    endloop
  endfacet
  facet normal 0 0 1
    outer loop
      vertex 49.5 51.1651 29.3
      vertex 49.7719 47.0166 29.3
      vertex 49.7719 50.9834 29.3
    endloop
  endfacet
  facet normal 0 0 1
    outer loop
      vertex 49.5 51.1651 29.3
      vertex 49.5 46.8349 29.3
      vertex 49.7719 47.0166 29.3
    endloop
  endfacet
  facet normal 0 0 1
    outer loop
      vertex 49.2067 51.3097 29.3
      vertex 49.5 46.8349 29.3
      vertex 49.5 51.1651 29.3
    endloop
  endfacet
  facet normal 0 0 1
    outer loop
      vertex 49.2067 51.3097 29.3
      vertex 49.2067 46.6903 29.3
      vertex 49.5 46.8349 29.3
    endloop
  endfacet
  facet normal 0 0 1
    outer loop
      vertex 48.897 51.4148 29.3
      vertex 49.2067 46.6903 29.3
      vertex 49.2067 51.3097 29.3
    endloop
  endfacet
  facet normal 0 0 1
    outer loop
      vertex 48.897 51.4148 29.3
      vertex 48.897 46.5852 29.3
      vertex 49.2067 46.6903 29.3
    endloop
  endfacet
  facet normal 0 0 1
    outer loop
      vertex 48.5763 51.4786 29.3
      vertex 48.897 46.5852 29.3
      vertex 48.897 51.4148 29.3
    endloop
  endfacet
  facet normal 0 0 1
    outer loop
      vertex 48.5763 51.4786 29.3
      vertex 48.5763 46.5214 29.3
      vertex 48.897 46.5852 29.3
    endloop
  endfacet
  facet normal 0 0 1
    outer loop
      vertex 48.25 51.5 29.3
      vertex 48.5763 46.5214 29.3
      vertex 48.5763 51.4786 29.3
    endloop
  endfacet
  facet normal 0 0 1
    outer loop
      vertex 48.25 51.5 29.3
      vertex 48.25 46.5 29.3
      vertex 48.5763 46.5214 29.3
    endloop
  endfacet
  facet normal -0 0 1
    outer loop
      vertex 47.9237 51.4786 29.3
      vertex 48.25 46.5 29.3
      vertex 48.25 51.5 29.3
    endloop
  endfacet
  facet normal 0 0 1
    outer loop
      vertex 47.9237 51.4786 29.3
      vertex 47.9237 46.5214 29.3
      vertex 48.25 46.5 29.3
    endloop
  endfacet
  facet normal -0 0 1
    outer loop
      vertex 47.603 51.4148 29.3
      vertex 47.9237 46.5214 29.3
      vertex 47.9237 51.4786 29.3
    endloop
  endfacet
  facet normal 0 0 1
    outer loop
      vertex 47.603 51.4148 29.3
      vertex 47.603 46.5852 29.3
      vertex 47.9237 46.5214 29.3
    endloop
  endfacet
  facet normal -0 0 1
    outer loop
      vertex 47.2933 51.3097 29.3
      vertex 47.603 46.5852 29.3
      vertex 47.603 51.4148 29.3
    endloop
  endfacet
  facet normal 0 0 1
    outer loop
      vertex 47.2933 51.3097 29.3
      vertex 47.2933 46.6903 29.3
      vertex 47.603 46.5852 29.3
    endloop
  endfacet
  facet normal -0 0 1
    outer loop
      vertex 47 51.1651 29.3
      vertex 47.2933 46.6903 29.3
      vertex 47.2933 51.3097 29.3
    endloop
  endfacet
  facet normal 0 0 1
    outer loop
      vertex 47 51.1651 29.3
      vertex 47 46.8349 29.3
      vertex 47.2933 46.6903 29.3
    endloop
  endfacet
  facet normal -0 0 1
    outer loop
      vertex 46.7281 50.9834 29.3
      vertex 47 46.8349 29.3
      vertex 47 51.1651 29.3
    endloop
  endfacet
  facet normal 0 0 1
    outer loop
      vertex 46.7281 50.9834 29.3
      vertex 46.7281 47.0166 29.3
      vertex 47 46.8349 29.3
    endloop
  endfacet
  facet normal -0 0 1
    outer loop
      vertex 46.4822 50.7678 29.3
      vertex 46.7281 47.0166 29.3
      vertex 46.7281 50.9834 29.3
    endloop
  endfacet
  facet normal 0 0 1
    outer loop
      vertex 46.4822 50.7678 29.3
      vertex 46.4822 47.2322 29.3
      vertex 46.7281 47.0166 29.3
    endloop
  endfacet
  facet normal -0 0 1
    outer loop
      vertex 46.2666 50.5219 29.3
      vertex 46.4822 47.2322 29.3
      vertex 46.4822 50.7678 29.3
    endloop
  endfacet
  facet normal 0 0 1
    outer loop
      vertex 46.2666 50.5219 29.3
      vertex 46.2666 47.4781 29.3
      vertex 46.4822 47.2322 29.3
    endloop
  endfacet
  facet normal -0 0 1
    outer loop
      vertex 46.0849 50.25 29.3
      vertex 46.2666 47.4781 29.3
      vertex 46.2666 50.5219 29.3
    endloop
  endfacet
  facet normal 0 0 1
    outer loop
      vertex 46.0849 50.25 29.3
      vertex 46.0849 47.75 29.3
      vertex 46.2666 47.4781 29.3
    endloop
  endfacet
  facet normal -0 0 1
    outer loop
      vertex 45.9403 49.9567 29.3
      vertex 46.0849 47.75 29.3
      vertex 46.0849 50.25 29.3
    endloop
  endfacet
  facet normal 0 0 1
    outer loop
      vertex 45.9403 49.9567 29.3
      vertex 45.9403 48.0433 29.3
      vertex 46.0849 47.75 29.3
    endloop
  endfacet
  facet normal -0 0 1
    outer loop
      vertex 45.8352 49.647 29.3
      vertex 45.9403 48.0433 29.3
      vertex 45.9403 49.9567 29.3
    endloop
  endfacet
  facet normal 0 0 1
    outer loop
      vertex 45.8352 49.647 29.3
      vertex 45.8352 48.353 29.3
      vertex 45.9403 48.0433 29.3
    endloop
  endfacet
  facet normal -0 0 1
    outer loop
      vertex 45.7714 49.3263 29.3
      vertex 45.8352 48.353 29.3
      vertex 45.8352 49.647 29.3
    endloop
  endfacet
  facet normal 0 0 1
    outer loop
      vertex 45.7714 49.3263 29.3
      vertex 45.7714 48.6737 29.3
      vertex 45.8352 48.353 29.3
    endloop
  endfacet
  facet normal 0 -0 1
    outer loop
      vertex 45.7714 48.6737 29.3
      vertex 45.7714 49.3263 29.3
      vertex 45.75 49 29.3
    endloop
  endfacet
  facet normal -0.442191 0.896921 0
    outer loop
      vertex 47.2933 51.3097 27.3
      vertex 47 51.1651 29.3
      vertex 47.2933 51.3097 29.3
    endloop
  endfacet
  facet normal -0.442191 0.896921 0
    outer loop
      vertex 47 51.1651 29.3
      vertex 47.2933 51.3097 27.3
      vertex 47 51.1651 27.3
    endloop
  endfacet
  facet normal -0.0654432 0.997856 0
    outer loop
      vertex 48.25 51.5 27.3
      vertex 47.9237 51.4786 29.3
      vertex 48.25 51.5 29.3
    endloop
  endfacet
  facet normal -0.0654432 0.997856 0
    outer loop
      vertex 47.9237 51.4786 29.3
      vertex 48.25 51.5 27.3
      vertex 47.9237 51.4786 27.3
    endloop
  endfacet
  facet normal 0.946957 -0.32136 0
    outer loop
      vertex 50.5597 48.0433 29.3
      vertex 50.6648 48.353 27.3
      vertex 50.6648 48.353 29.3
    endloop
  endfacet
  facet normal 0.946957 -0.32136 0
    outer loop
      vertex 50.6648 48.353 27.3
      vertex 50.5597 48.0433 29.3
      vertex 50.5597 48.0433 27.3
    endloop
  endfacet
  facet normal 0.0654432 -0.997856 0
    outer loop
      vertex 48.25 46.5 27.3
      vertex 48.5763 46.5214 29.3
      vertex 48.25 46.5 29.3
    endloop
  endfacet
  facet normal 0.0654432 -0.997856 0
    outer loop
      vertex 48.5763 46.5214 29.3
      vertex 48.25 46.5 27.3
      vertex 48.5763 46.5214 27.3
    endloop
  endfacet
  facet normal 0.442191 -0.896921 0
    outer loop
      vertex 49.2067 46.6903 27.3
      vertex 49.5 46.8349 29.3
      vertex 49.2067 46.6903 29.3
    endloop
  endfacet
  facet normal 0.442191 -0.896921 0
    outer loop
      vertex 49.5 46.8349 29.3
      vertex 49.2067 46.6903 27.3
      vertex 49.5 46.8349 27.3
    endloop
  endfacet
  facet normal -0.896921 -0.442191 0
    outer loop
      vertex 46.0849 47.75 27.3
      vertex 45.9403 48.0433 29.3
      vertex 45.9403 48.0433 27.3
    endloop
  endfacet
  facet normal -0.896921 -0.442191 0
    outer loop
      vertex 45.9403 48.0433 29.3
      vertex 46.0849 47.75 27.3
      vertex 46.0849 47.75 29.3
    endloop
  endfacet
  facet normal -0.997856 -0.0654432 0
    outer loop
      vertex 45.7714 48.6737 27.3
      vertex 45.75 49 29.3
      vertex 45.75 49 27.3
    endloop
  endfacet
  facet normal -0.997856 -0.0654432 0
    outer loop
      vertex 45.75 49 29.3
      vertex 45.7714 48.6737 27.3
      vertex 45.7714 48.6737 29.3
    endloop
  endfacet
  facet normal 0.946957 0.32136 0
    outer loop
      vertex 50.6648 49.647 29.3
      vertex 50.5597 49.9567 27.3
      vertex 50.5597 49.9567 29.3
    endloop
  endfacet
  facet normal 0.946957 0.32136 0
    outer loop
      vertex 50.5597 49.9567 27.3
      vertex 50.6648 49.647 29.3
      vertex 50.6648 49.647 27.3
    endloop
  endfacet
  facet normal 0.32136 0.946957 -0
    outer loop
      vertex 49.2067 51.3097 27.3
      vertex 48.897 51.4148 29.3
      vertex 49.2067 51.3097 29.3
    endloop
  endfacet
  facet normal 0.32136 0.946957 0
    outer loop
      vertex 48.897 51.4148 29.3
      vertex 49.2067 51.3097 27.3
      vertex 48.897 51.4148 27.3
    endloop
  endfacet
  facet normal 0.195116 0.98078 -0
    outer loop
      vertex 48.897 51.4148 27.3
      vertex 48.5763 51.4786 29.3
      vertex 48.897 51.4148 29.3
    endloop
  endfacet
  facet normal 0.195116 0.98078 0
    outer loop
      vertex 48.5763 51.4786 29.3
      vertex 48.897 51.4148 27.3
      vertex 48.5763 51.4786 27.3
    endloop
  endfacet
  facet normal 0.659262 0.751913 -0
    outer loop
      vertex 50.0178 50.7678 27.3
      vertex 49.7719 50.9834 29.3
      vertex 50.0178 50.7678 29.3
    endloop
  endfacet
  facet normal 0.659262 0.751913 0
    outer loop
      vertex 49.7719 50.9834 29.3
      vertex 50.0178 50.7678 27.3
      vertex 49.7719 50.9834 27.3
    endloop
  endfacet
  facet normal -0.831438 0.555617 0
    outer loop
      vertex 46.0849 50.25 27.3
      vertex 46.2666 50.5219 29.3
      vertex 46.2666 50.5219 27.3
    endloop
  endfacet
  facet normal -0.831438 0.555617 0
    outer loop
      vertex 46.2666 50.5219 29.3
      vertex 46.0849 50.25 27.3
      vertex 46.0849 50.25 29.3
    endloop
  endfacet
  facet normal -0.751913 0.659262 0
    outer loop
      vertex 46.2666 50.5219 27.3
      vertex 46.4822 50.7678 29.3
      vertex 46.4822 50.7678 27.3
    endloop
  endfacet
  facet normal -0.751913 0.659262 0
    outer loop
      vertex 46.4822 50.7678 29.3
      vertex 46.2666 50.5219 27.3
      vertex 46.2666 50.5219 29.3
    endloop
  endfacet
  facet normal -0.946957 0.32136 0
    outer loop
      vertex 45.8352 49.647 27.3
      vertex 45.9403 49.9567 29.3
      vertex 45.9403 49.9567 27.3
    endloop
  endfacet
  facet normal -0.946957 0.32136 0
    outer loop
      vertex 45.9403 49.9567 29.3
      vertex 45.8352 49.647 27.3
      vertex 45.8352 49.647 29.3
    endloop
  endfacet
  facet normal -0.98078 0.195116 0
    outer loop
      vertex 45.7714 49.3263 27.3
      vertex 45.8352 49.647 29.3
      vertex 45.8352 49.647 27.3
    endloop
  endfacet
  facet normal -0.98078 0.195116 0
    outer loop
      vertex 45.8352 49.647 29.3
      vertex 45.7714 49.3263 27.3
      vertex 45.7714 49.3263 29.3
    endloop
  endfacet
  facet normal -0.555617 0.831438 0
    outer loop
      vertex 47 51.1651 27.3
      vertex 46.7281 50.9834 29.3
      vertex 47 51.1651 29.3
    endloop
  endfacet
  facet normal -0.555617 0.831438 0
    outer loop
      vertex 46.7281 50.9834 29.3
      vertex 47 51.1651 27.3
      vertex 46.7281 50.9834 27.3
    endloop
  endfacet
  facet normal -0.195116 0.98078 0
    outer loop
      vertex 47.9237 51.4786 27.3
      vertex 47.603 51.4148 29.3
      vertex 47.9237 51.4786 29.3
    endloop
  endfacet
  facet normal -0.195116 0.98078 0
    outer loop
      vertex 47.603 51.4148 29.3
      vertex 47.9237 51.4786 27.3
      vertex 47.603 51.4148 27.3
    endloop
  endfacet
  facet normal 0.997856 -0.0654432 0
    outer loop
      vertex 50.7286 48.6737 29.3
      vertex 50.75 49 27.3
      vertex 50.75 49 29.3
    endloop
  endfacet
  facet normal 0.997856 -0.0654432 0
    outer loop
      vertex 50.75 49 27.3
      vertex 50.7286 48.6737 29.3
      vertex 50.7286 48.6737 27.3
    endloop
  endfacet
  facet normal 0.195116 -0.98078 0
    outer loop
      vertex 48.5763 46.5214 27.3
      vertex 48.897 46.5852 29.3
      vertex 48.5763 46.5214 29.3
    endloop
  endfacet
  facet normal 0.195116 -0.98078 0
    outer loop
      vertex 48.897 46.5852 29.3
      vertex 48.5763 46.5214 27.3
      vertex 48.897 46.5852 27.3
    endloop
  endfacet
  facet normal 0.555617 -0.831438 0
    outer loop
      vertex 49.5 46.8349 27.3
      vertex 49.7719 47.0166 29.3
      vertex 49.5 46.8349 29.3
    endloop
  endfacet
  facet normal 0.555617 -0.831438 0
    outer loop
      vertex 49.7719 47.0166 29.3
      vertex 49.5 46.8349 27.3
      vertex 49.7719 47.0166 27.3
    endloop
  endfacet
  facet normal 0.751913 -0.659262 0
    outer loop
      vertex 50.0178 47.2322 29.3
      vertex 50.2334 47.4781 27.3
      vertex 50.2334 47.4781 29.3
    endloop
  endfacet
  facet normal 0.751913 -0.659262 0
    outer loop
      vertex 50.2334 47.4781 27.3
      vertex 50.0178 47.2322 29.3
      vertex 50.0178 47.2322 27.3
    endloop
  endfacet
  facet normal -0.659262 -0.751913 0
    outer loop
      vertex 46.4822 47.2322 27.3
      vertex 46.7281 47.0166 29.3
      vertex 46.4822 47.2322 29.3
    endloop
  endfacet
  facet normal -0.659262 -0.751913 -0
    outer loop
      vertex 46.7281 47.0166 29.3
      vertex 46.4822 47.2322 27.3
      vertex 46.7281 47.0166 27.3
    endloop
  endfacet
  facet normal -0.442191 -0.896921 0
    outer loop
      vertex 47 46.8349 27.3
      vertex 47.2933 46.6903 29.3
      vertex 47 46.8349 29.3
    endloop
  endfacet
  facet normal -0.442191 -0.896921 -0
    outer loop
      vertex 47.2933 46.6903 29.3
      vertex 47 46.8349 27.3
      vertex 47.2933 46.6903 27.3
    endloop
  endfacet
  facet normal -0.32136 -0.946957 0
    outer loop
      vertex 47.2933 46.6903 27.3
      vertex 47.603 46.5852 29.3
      vertex 47.2933 46.6903 29.3
    endloop
  endfacet
  facet normal -0.32136 -0.946957 -0
    outer loop
      vertex 47.603 46.5852 29.3
      vertex 47.2933 46.6903 27.3
      vertex 47.603 46.5852 27.3
    endloop
  endfacet
  facet normal -0.0654432 -0.997856 0
    outer loop
      vertex 47.9237 46.5214 27.3
      vertex 48.25 46.5 29.3
      vertex 47.9237 46.5214 29.3
    endloop
  endfacet
  facet normal -0.0654432 -0.997856 -0
    outer loop
      vertex 48.25 46.5 29.3
      vertex 47.9237 46.5214 27.3
      vertex 48.25 46.5 27.3
    endloop
  endfacet
  facet normal -0.831438 -0.555617 0
    outer loop
      vertex 46.2666 47.4781 27.3
      vertex 46.0849 47.75 29.3
      vertex 46.0849 47.75 27.3
    endloop
  endfacet
  facet normal -0.831438 -0.555617 0
    outer loop
      vertex 46.0849 47.75 29.3
      vertex 46.2666 47.4781 27.3
      vertex 46.2666 47.4781 29.3
    endloop
  endfacet
  facet normal -0.98078 -0.195116 0
    outer loop
      vertex 45.8352 48.353 27.3
      vertex 45.7714 48.6737 29.3
      vertex 45.7714 48.6737 27.3
    endloop
  endfacet
  facet normal -0.98078 -0.195116 0
    outer loop
      vertex 45.7714 48.6737 29.3
      vertex 45.8352 48.353 27.3
      vertex 45.8352 48.353 29.3
    endloop
  endfacet
  facet normal 0.32136 -0.946957 0
    outer loop
      vertex 48.897 46.5852 27.3
      vertex 49.2067 46.6903 29.3
      vertex 48.897 46.5852 29.3
    endloop
  endfacet
  facet normal 0.32136 -0.946957 0
    outer loop
      vertex 49.2067 46.6903 29.3
      vertex 48.897 46.5852 27.3
      vertex 49.2067 46.6903 27.3
    endloop
  endfacet
  facet normal 0.659262 -0.751913 0
    outer loop
      vertex 49.7719 47.0166 27.3
      vertex 50.0178 47.2322 29.3
      vertex 49.7719 47.0166 29.3
    endloop
  endfacet
  facet normal 0.659262 -0.751913 0
    outer loop
      vertex 50.0178 47.2322 29.3
      vertex 49.7719 47.0166 27.3
      vertex 50.0178 47.2322 27.3
    endloop
  endfacet
  facet normal 0.896921 -0.442191 0
    outer loop
      vertex 50.4151 47.75 29.3
      vertex 50.5597 48.0433 27.3
      vertex 50.5597 48.0433 29.3
    endloop
  endfacet
  facet normal 0.896921 -0.442191 0
    outer loop
      vertex 50.5597 48.0433 27.3
      vertex 50.4151 47.75 29.3
      vertex 50.4151 47.75 27.3
    endloop
  endfacet
  facet normal 0.98078 -0.195116 0
    outer loop
      vertex 50.6648 48.353 29.3
      vertex 50.7286 48.6737 27.3
      vertex 50.7286 48.6737 29.3
    endloop
  endfacet
  facet normal 0.98078 -0.195116 0
    outer loop
      vertex 50.7286 48.6737 27.3
      vertex 50.6648 48.353 29.3
      vertex 50.6648 48.353 27.3
    endloop
  endfacet
  facet normal -0.555617 -0.831438 0
    outer loop
      vertex 46.7281 47.0166 27.3
      vertex 47 46.8349 29.3
      vertex 46.7281 47.0166 29.3
    endloop
  endfacet
  facet normal -0.555617 -0.831438 -0
    outer loop
      vertex 47 46.8349 29.3
      vertex 46.7281 47.0166 27.3
      vertex 47 46.8349 27.3
    endloop
  endfacet
  facet normal -0.195116 -0.98078 0
    outer loop
      vertex 47.603 46.5852 27.3
      vertex 47.9237 46.5214 29.3
      vertex 47.603 46.5852 29.3
    endloop
  endfacet
  facet normal -0.195116 -0.98078 -0
    outer loop
      vertex 47.9237 46.5214 29.3
      vertex 47.603 46.5852 27.3
      vertex 47.9237 46.5214 27.3
    endloop
  endfacet
  facet normal 0.831438 -0.555617 0
    outer loop
      vertex 50.2334 47.4781 29.3
      vertex 50.4151 47.75 27.3
      vertex 50.4151 47.75 29.3
    endloop
  endfacet
  facet normal 0.831438 -0.555617 0
    outer loop
      vertex 50.4151 47.75 27.3
      vertex 50.2334 47.4781 29.3
      vertex 50.2334 47.4781 27.3
    endloop
  endfacet
  facet normal 0.866023 0.500004 0
    outer loop
      vertex 50.56 49 24
      vertex 49.405 51.0005 22.4
      vertex 49.405 51.0005 24
    endloop
  endfacet
  facet normal 0.866023 0.500004 0
    outer loop
      vertex 49.405 51.0005 22.4
      vertex 50.56 49 24
      vertex 50.56 49 22.4
    endloop
  endfacet
  facet normal -0.866023 0.500004 0
    outer loop
      vertex 45.94 49 22.4
      vertex 47.095 51.0005 24
      vertex 47.095 51.0005 22.4
    endloop
  endfacet
  facet normal -0.866023 0.500004 0
    outer loop
      vertex 47.095 51.0005 24
      vertex 45.94 49 22.4
      vertex 45.94 49 24
    endloop
  endfacet
  facet normal 0 1 -0
    outer loop
      vertex 49.405 51.0005 22.4
      vertex 47.095 51.0005 24
      vertex 49.405 51.0005 24
    endloop
  endfacet
  facet normal 0 1 0
    outer loop
      vertex 47.095 51.0005 24
      vertex 49.405 51.0005 22.4
      vertex 47.095 51.0005 22.4
    endloop
  endfacet
  facet normal -0.866023 -0.500004 0
    outer loop
      vertex 47.095 46.9995 22.4
      vertex 45.94 49 24
      vertex 45.94 49 22.4
    endloop
  endfacet
  facet normal -0.866023 -0.500004 0
    outer loop
      vertex 45.94 49 24
      vertex 47.095 46.9995 22.4
      vertex 47.095 46.9995 24
    endloop
  endfacet
  facet normal -0 0 1
    outer loop
      vertex 49.116 49.5 24
      vertex 50.56 49 24
      vertex 49.405 51.0005 24
    endloop
  endfacet
  facet normal 0 0 1
    outer loop
      vertex 49.2414 48.8695 24
      vertex 50.56 49 24
      vertex 49.25 49 24
    endloop
  endfacet
  facet normal 0 0 1
    outer loop
      vertex 50.56 49 24
      vertex 49.2414 49.1305 24
      vertex 49.25 49 24
    endloop
  endfacet
  facet normal 0 0 1
    outer loop
      vertex 50.56 49 24
      vertex 49.2159 49.2588 24
      vertex 49.2414 49.1305 24
    endloop
  endfacet
  facet normal 0 0 1
    outer loop
      vertex 50.56 49 24
      vertex 49.1739 49.3827 24
      vertex 49.2159 49.2588 24
    endloop
  endfacet
  facet normal 0 0 1
    outer loop
      vertex 50.56 49 24
      vertex 49.116 49.5 24
      vertex 49.1739 49.3827 24
    endloop
  endfacet
  facet normal 0 0 1
    outer loop
      vertex 49.405 51.0005 24
      vertex 49.0434 49.6088 24
      vertex 49.116 49.5 24
    endloop
  endfacet
  facet normal 0 0 1
    outer loop
      vertex 49.405 51.0005 24
      vertex 48.9571 49.7071 24
      vertex 49.0434 49.6088 24
    endloop
  endfacet
  facet normal 0 0 1
    outer loop
      vertex 49.405 51.0005 24
      vertex 48.8588 49.7934 24
      vertex 48.9571 49.7071 24
    endloop
  endfacet
  facet normal 0 0 1
    outer loop
      vertex 49.405 51.0005 24
      vertex 48.75 49.866 24
      vertex 48.8588 49.7934 24
    endloop
  endfacet
  facet normal 0 0 1
    outer loop
      vertex 49.405 51.0005 24
      vertex 48.6327 49.9239 24
      vertex 48.75 49.866 24
    endloop
  endfacet
  facet normal 0 0 1
    outer loop
      vertex 49.405 51.0005 24
      vertex 48.5088 49.9659 24
      vertex 48.6327 49.9239 24
    endloop
  endfacet
  facet normal 0 0 1
    outer loop
      vertex 49.405 51.0005 24
      vertex 48.3805 49.9914 24
      vertex 48.5088 49.9659 24
    endloop
  endfacet
  facet normal 0 0 1
    outer loop
      vertex 49.405 51.0005 24
      vertex 48.25 50 24
      vertex 48.3805 49.9914 24
    endloop
  endfacet
  facet normal -0 0 1
    outer loop
      vertex 47.095 51.0005 24
      vertex 48.25 50 24
      vertex 49.405 51.0005 24
    endloop
  endfacet
  facet normal 0 0 1
    outer loop
      vertex 48.25 50 24
      vertex 47.095 51.0005 24
      vertex 48.1195 49.9914 24
    endloop
  endfacet
  facet normal 0 0 1
    outer loop
      vertex 48.1195 49.9914 24
      vertex 47.095 51.0005 24
      vertex 47.9912 49.9659 24
    endloop
  endfacet
  facet normal 0 0 1
    outer loop
      vertex 47.9912 49.9659 24
      vertex 47.095 51.0005 24
      vertex 47.8673 49.9239 24
    endloop
  endfacet
  facet normal 0 0 1
    outer loop
      vertex 47.8673 49.9239 24
      vertex 47.095 51.0005 24
      vertex 47.75 49.866 24
    endloop
  endfacet
  facet normal 0 0 1
    outer loop
      vertex 47.2841 49.2588 24
      vertex 45.94 49 24
      vertex 47.2586 49.1305 24
    endloop
  endfacet
  facet normal 0 0 1
    outer loop
      vertex 47.3261 49.3827 24
      vertex 45.94 49 24
      vertex 47.2841 49.2588 24
    endloop
  endfacet
  facet normal 0 0 1
    outer loop
      vertex 47.384 49.5 24
      vertex 45.94 49 24
      vertex 47.3261 49.3827 24
    endloop
  endfacet
  facet normal 0 0 1
    outer loop
      vertex 45.94 49 24
      vertex 47.384 49.5 24
      vertex 47.095 51.0005 24
    endloop
  endfacet
  facet normal 0 0 1
    outer loop
      vertex 47.4566 49.6088 24
      vertex 47.095 51.0005 24
      vertex 47.384 49.5 24
    endloop
  endfacet
  facet normal 0 0 1
    outer loop
      vertex 47.5429 49.7071 24
      vertex 47.095 51.0005 24
      vertex 47.4566 49.6088 24
    endloop
  endfacet
  facet normal 0 0 1
    outer loop
      vertex 47.6412 49.7934 24
      vertex 47.095 51.0005 24
      vertex 47.5429 49.7071 24
    endloop
  endfacet
  facet normal 0 0 1
    outer loop
      vertex 47.75 49.866 24
      vertex 47.095 51.0005 24
      vertex 47.6412 49.7934 24
    endloop
  endfacet
  facet normal 0 0 1
    outer loop
      vertex 49.2159 48.7412 24
      vertex 50.56 49 24
      vertex 49.2414 48.8695 24
    endloop
  endfacet
  facet normal 0 0 1
    outer loop
      vertex 49.1739 48.6173 24
      vertex 50.56 49 24
      vertex 49.2159 48.7412 24
    endloop
  endfacet
  facet normal 0 0 1
    outer loop
      vertex 49.116 48.5 24
      vertex 50.56 49 24
      vertex 49.1739 48.6173 24
    endloop
  endfacet
  facet normal 0 0 1
    outer loop
      vertex 50.56 49 24
      vertex 49.116 48.5 24
      vertex 49.405 46.9995 24
    endloop
  endfacet
  facet normal -0 0 1
    outer loop
      vertex 49.0434 48.3912 24
      vertex 49.405 46.9995 24
      vertex 49.116 48.5 24
    endloop
  endfacet
  facet normal -0 0 1
    outer loop
      vertex 48.9571 48.2929 24
      vertex 49.405 46.9995 24
      vertex 49.0434 48.3912 24
    endloop
  endfacet
  facet normal -0 0 1
    outer loop
      vertex 48.8588 48.2066 24
      vertex 49.405 46.9995 24
      vertex 48.9571 48.2929 24
    endloop
  endfacet
  facet normal -0 0 1
    outer loop
      vertex 48.75 48.134 24
      vertex 49.405 46.9995 24
      vertex 48.8588 48.2066 24
    endloop
  endfacet
  facet normal -0 0 1
    outer loop
      vertex 48.6327 48.0761 24
      vertex 49.405 46.9995 24
      vertex 48.75 48.134 24
    endloop
  endfacet
  facet normal -0 0 1
    outer loop
      vertex 48.5088 48.0341 24
      vertex 49.405 46.9995 24
      vertex 48.6327 48.0761 24
    endloop
  endfacet
  facet normal -0 0 1
    outer loop
      vertex 48.3805 48.0086 24
      vertex 49.405 46.9995 24
      vertex 48.5088 48.0341 24
    endloop
  endfacet
  facet normal -0 0 1
    outer loop
      vertex 48.25 48 24
      vertex 49.405 46.9995 24
      vertex 48.3805 48.0086 24
    endloop
  endfacet
  facet normal 0 0 1
    outer loop
      vertex 47.095 46.9995 24
      vertex 48.25 48 24
      vertex 48.1195 48.0086 24
    endloop
  endfacet
  facet normal 0 0 1
    outer loop
      vertex 47.095 46.9995 24
      vertex 48.1195 48.0086 24
      vertex 47.9912 48.0341 24
    endloop
  endfacet
  facet normal 0 0 1
    outer loop
      vertex 47.095 46.9995 24
      vertex 47.9912 48.0341 24
      vertex 47.8673 48.0761 24
    endloop
  endfacet
  facet normal 0 0 1
    outer loop
      vertex 47.095 46.9995 24
      vertex 47.8673 48.0761 24
      vertex 47.75 48.134 24
    endloop
  endfacet
  facet normal 0 0 1
    outer loop
      vertex 47.095 46.9995 24
      vertex 47.75 48.134 24
      vertex 47.6412 48.2066 24
    endloop
  endfacet
  facet normal 0 0 1
    outer loop
      vertex 47.2586 49.1305 24
      vertex 45.94 49 24
      vertex 47.25 49 24
    endloop
  endfacet
  facet normal 0 0 1
    outer loop
      vertex 48.25 48 24
      vertex 47.095 46.9995 24
      vertex 49.405 46.9995 24
    endloop
  endfacet
  facet normal 0 0 1
    outer loop
      vertex 47.5429 48.2929 24
      vertex 47.095 46.9995 24
      vertex 47.6412 48.2066 24
    endloop
  endfacet
  facet normal 0 0 1
    outer loop
      vertex 47.4566 48.3912 24
      vertex 47.095 46.9995 24
      vertex 47.5429 48.2929 24
    endloop
  endfacet
  facet normal 0 0 1
    outer loop
      vertex 47.384 48.5 24
      vertex 47.095 46.9995 24
      vertex 47.4566 48.3912 24
    endloop
  endfacet
  facet normal 0 0 1
    outer loop
      vertex 45.94 49 24
      vertex 47.384 48.5 24
      vertex 47.3261 48.6173 24
    endloop
  endfacet
  facet normal 0 0 1
    outer loop
      vertex 45.94 49 24
      vertex 47.3261 48.6173 24
      vertex 47.2841 48.7412 24
    endloop
  endfacet
  facet normal 0 0 1
    outer loop
      vertex 45.94 49 24
      vertex 47.2841 48.7412 24
      vertex 47.2586 48.8695 24
    endloop
  endfacet
  facet normal 0 0 1
    outer loop
      vertex 47.25 49 24
      vertex 45.94 49 24
      vertex 47.2586 48.8695 24
    endloop
  endfacet
  facet normal 0 0 1
    outer loop
      vertex 47.384 48.5 24
      vertex 45.94 49 24
      vertex 47.095 46.9995 24
    endloop
  endfacet
  facet normal 0.866023 -0.500004 0
    outer loop
      vertex 49.405 46.9995 24
      vertex 50.56 49 22.4
      vertex 50.56 49 24
    endloop
  endfacet
  facet normal 0.866023 -0.500004 0
    outer loop
      vertex 50.56 49 22.4
      vertex 49.405 46.9995 24
      vertex 49.405 46.9995 22.4
    endloop
  endfacet
  facet normal 0 -1 0
    outer loop
      vertex 47.095 46.9995 22.4
      vertex 49.405 46.9995 24
      vertex 47.095 46.9995 24
    endloop
  endfacet
  facet normal 0 -1 -0
    outer loop
      vertex 49.405 46.9995 24
      vertex 47.095 46.9995 22.4
      vertex 49.405 46.9995 22.4
    endloop
  endfacet
  facet normal 0.997836 0.0657577 0
    outer loop
      vertex 49.25 69 27.3
      vertex 49.2414 69.1305 24
      vertex 49.2414 69.1305 27.3
    endloop
  endfacet
  facet normal 0.997836 0.0657577 0
    outer loop
      vertex 49.2414 69.1305 24
      vertex 49.25 69 27.3
      vertex 49.25 69 24
    endloop
  endfacet
  facet normal -0.997836 0.0657577 0
    outer loop
      vertex 47.25 69 24
      vertex 47.2586 69.1305 27.3
      vertex 47.2586 69.1305 24
    endloop
  endfacet
  facet normal -0.997836 0.0657577 0
    outer loop
      vertex 47.2586 69.1305 27.3
      vertex 47.25 69 24
      vertex 47.25 69 27.3
    endloop
  endfacet
  facet normal 0.0657577 0.997836 -0
    outer loop
      vertex 48.3805 69.9914 24
      vertex 48.25 70 27.3
      vertex 48.3805 69.9914 27.3
    endloop
  endfacet
  facet normal 0.0657577 0.997836 0
    outer loop
      vertex 48.25 70 27.3
      vertex 48.3805 69.9914 24
      vertex 48.25 70 24
    endloop
  endfacet
  facet normal 0.751486 0.659749 0
    outer loop
      vertex 49.0434 69.6088 27.3
      vertex 48.9571 69.7071 24
      vertex 48.9571 69.7071 27.3
    endloop
  endfacet
  facet normal 0.751486 0.659749 0
    outer loop
      vertex 48.9571 69.7071 24
      vertex 49.0434 69.6088 27.3
      vertex 49.0434 69.6088 24
    endloop
  endfacet
  facet normal -0.659749 0.751486 0
    outer loop
      vertex 47.6412 69.7934 24
      vertex 47.5429 69.7071 27.3
      vertex 47.6412 69.7934 27.3
    endloop
  endfacet
  facet normal -0.659749 0.751486 0
    outer loop
      vertex 47.5429 69.7071 27.3
      vertex 47.6412 69.7934 24
      vertex 47.5429 69.7071 24
    endloop
  endfacet
  facet normal -0.321039 0.947066 0
    outer loop
      vertex 47.9912 69.9659 24
      vertex 47.8673 69.9239 27.3
      vertex 47.9912 69.9659 27.3
    endloop
  endfacet
  facet normal -0.321039 0.947066 0
    outer loop
      vertex 47.8673 69.9239 27.3
      vertex 47.9912 69.9659 24
      vertex 47.8673 69.9239 24
    endloop
  endfacet
  facet normal 0.896709 0.442621 0
    outer loop
      vertex 49.1739 69.3827 27.3
      vertex 49.116 69.5 24
      vertex 49.116 69.5 27.3
    endloop
  endfacet
  facet normal 0.896709 0.442621 0
    outer loop
      vertex 49.116 69.5 24
      vertex 49.1739 69.3827 27.3
      vertex 49.1739 69.3827 24
    endloop
  endfacet
  facet normal 0.980815 0.19494 0
    outer loop
      vertex 49.2414 69.1305 27.3
      vertex 49.2159 69.2588 24
      vertex 49.2159 69.2588 27.3
    endloop
  endfacet
  facet normal 0.980815 0.19494 0
    outer loop
      vertex 49.2159 69.2588 24
      vertex 49.2414 69.1305 27.3
      vertex 49.2414 69.1305 24
    endloop
  endfacet
  facet normal 0.831815 0.555053 0
    outer loop
      vertex 49.116 69.5 27.3
      vertex 49.0434 69.6088 24
      vertex 49.0434 69.6088 27.3
    endloop
  endfacet
  facet normal 0.831815 0.555053 0
    outer loop
      vertex 49.0434 69.6088 24
      vertex 49.116 69.5 27.3
      vertex 49.116 69.5 24
    endloop
  endfacet
  facet normal 0.442621 0.896709 -0
    outer loop
      vertex 48.75 69.866 24
      vertex 48.6327 69.9239 27.3
      vertex 48.75 69.866 27.3
    endloop
  endfacet
  facet normal 0.442621 0.896709 0
    outer loop
      vertex 48.6327 69.9239 27.3
      vertex 48.75 69.866 24
      vertex 48.6327 69.9239 24
    endloop
  endfacet
  facet normal 0.321039 0.947066 -0
    outer loop
      vertex 48.6327 69.9239 24
      vertex 48.5088 69.9659 27.3
      vertex 48.6327 69.9239 27.3
    endloop
  endfacet
  facet normal 0.321039 0.947066 0
    outer loop
      vertex 48.5088 69.9659 27.3
      vertex 48.6327 69.9239 24
      vertex 48.5088 69.9659 24
    endloop
  endfacet
  facet normal 0.555053 0.831815 -0
    outer loop
      vertex 48.8588 69.7934 24
      vertex 48.75 69.866 27.3
      vertex 48.8588 69.7934 27.3
    endloop
  endfacet
  facet normal 0.555053 0.831815 0
    outer loop
      vertex 48.75 69.866 27.3
      vertex 48.8588 69.7934 24
      vertex 48.75 69.866 24
    endloop
  endfacet
  facet normal -0.896709 0.442621 0
    outer loop
      vertex 47.3261 69.3827 24
      vertex 47.384 69.5 27.3
      vertex 47.384 69.5 24
    endloop
  endfacet
  facet normal -0.896709 0.442621 0
    outer loop
      vertex 47.384 69.5 27.3
      vertex 47.3261 69.3827 24
      vertex 47.3261 69.3827 27.3
    endloop
  endfacet
  facet normal -0.831815 0.555053 0
    outer loop
      vertex 47.384 69.5 24
      vertex 47.4566 69.6088 27.3
      vertex 47.4566 69.6088 24
    endloop
  endfacet
  facet normal -0.831815 0.555053 0
    outer loop
      vertex 47.4566 69.6088 27.3
      vertex 47.384 69.5 24
      vertex 47.384 69.5 27.3
    endloop
  endfacet
  facet normal -0.947066 0.321039 0
    outer loop
      vertex 47.2841 69.2588 24
      vertex 47.3261 69.3827 27.3
      vertex 47.3261 69.3827 24
    endloop
  endfacet
  facet normal -0.947066 0.321039 0
    outer loop
      vertex 47.3261 69.3827 27.3
      vertex 47.2841 69.2588 24
      vertex 47.2841 69.2588 27.3
    endloop
  endfacet
  facet normal -0.442621 0.896709 0
    outer loop
      vertex 47.8673 69.9239 24
      vertex 47.75 69.866 27.3
      vertex 47.8673 69.9239 27.3
    endloop
  endfacet
  facet normal -0.442621 0.896709 0
    outer loop
      vertex 47.75 69.866 27.3
      vertex 47.8673 69.9239 24
      vertex 47.75 69.866 24
    endloop
  endfacet
  facet normal -0.19494 0.980815 0
    outer loop
      vertex 48.1195 69.9914 24
      vertex 47.9912 69.9659 27.3
      vertex 48.1195 69.9914 27.3
    endloop
  endfacet
  facet normal -0.19494 0.980815 0
    outer loop
      vertex 47.9912 69.9659 27.3
      vertex 48.1195 69.9914 24
      vertex 47.9912 69.9659 24
    endloop
  endfacet
  facet normal 0.659749 -0.751486 0
    outer loop
      vertex 48.8588 68.2066 24
      vertex 48.9571 68.2929 27.3
      vertex 48.8588 68.2066 27.3
    endloop
  endfacet
  facet normal 0.659749 -0.751486 0
    outer loop
      vertex 48.9571 68.2929 27.3
      vertex 48.8588 68.2066 24
      vertex 48.9571 68.2929 24
    endloop
  endfacet
  facet normal 0.442621 -0.896709 0
    outer loop
      vertex 48.6327 68.0761 24
      vertex 48.75 68.134 27.3
      vertex 48.6327 68.0761 27.3
    endloop
  endfacet
  facet normal 0.442621 -0.896709 0
    outer loop
      vertex 48.75 68.134 27.3
      vertex 48.6327 68.0761 24
      vertex 48.75 68.134 24
    endloop
  endfacet
  facet normal -0.321039 -0.947066 0
    outer loop
      vertex 47.8673 68.0761 24
      vertex 47.9912 68.0341 27.3
      vertex 47.8673 68.0761 27.3
    endloop
  endfacet
  facet normal -0.321039 -0.947066 -0
    outer loop
      vertex 47.9912 68.0341 27.3
      vertex 47.8673 68.0761 24
      vertex 47.9912 68.0341 24
    endloop
  endfacet
  facet normal -0.896709 -0.442621 0
    outer loop
      vertex 47.384 68.5 24
      vertex 47.3261 68.6173 27.3
      vertex 47.3261 68.6173 24
    endloop
  endfacet
  facet normal -0.896709 -0.442621 0
    outer loop
      vertex 47.3261 68.6173 27.3
      vertex 47.384 68.5 24
      vertex 47.384 68.5 27.3
    endloop
  endfacet
  facet normal -0.831815 -0.555053 0
    outer loop
      vertex 47.4566 68.3912 24
      vertex 47.384 68.5 27.3
      vertex 47.384 68.5 24
    endloop
  endfacet
  facet normal -0.831815 -0.555053 0
    outer loop
      vertex 47.384 68.5 27.3
      vertex 47.4566 68.3912 24
      vertex 47.4566 68.3912 27.3
    endloop
  endfacet
  facet normal 0 0 -1
    outer loop
      vertex 49.405 66.9995 22.4
      vertex 49.405 71.0005 22.4
      vertex 50.56 69 22.4
    endloop
  endfacet
  facet normal 0 0 -1
    outer loop
      vertex 47.095 66.9995 22.4
      vertex 49.405 71.0005 22.4
      vertex 49.405 66.9995 22.4
    endloop
  endfacet
  facet normal 0 0 -1
    outer loop
      vertex 47.095 66.9995 22.4
      vertex 47.095 71.0005 22.4
      vertex 49.405 71.0005 22.4
    endloop
  endfacet
  facet normal 0 -0 -1
    outer loop
      vertex 47.095 71.0005 22.4
      vertex 47.095 66.9995 22.4
      vertex 45.94 69 22.4
    endloop
  endfacet
  facet normal 0.947066 0.321039 0
    outer loop
      vertex 49.2159 69.2588 27.3
      vertex 49.1739 69.3827 24
      vertex 49.1739 69.3827 27.3
    endloop
  endfacet
  facet normal 0.947066 0.321039 0
    outer loop
      vertex 49.1739 69.3827 24
      vertex 49.2159 69.2588 27.3
      vertex 49.2159 69.2588 24
    endloop
  endfacet
  facet normal 0.19494 0.980815 -0
    outer loop
      vertex 48.5088 69.9659 24
      vertex 48.3805 69.9914 27.3
      vertex 48.5088 69.9659 27.3
    endloop
  endfacet
  facet normal 0.19494 0.980815 0
    outer loop
      vertex 48.3805 69.9914 27.3
      vertex 48.5088 69.9659 24
      vertex 48.3805 69.9914 24
    endloop
  endfacet
  facet normal 0.659749 0.751486 -0
    outer loop
      vertex 48.9571 69.7071 24
      vertex 48.8588 69.7934 27.3
      vertex 48.9571 69.7071 27.3
    endloop
  endfacet
  facet normal 0.659749 0.751486 0
    outer loop
      vertex 48.8588 69.7934 27.3
      vertex 48.9571 69.7071 24
      vertex 48.8588 69.7934 24
    endloop
  endfacet
  facet normal -0.980815 0.19494 0
    outer loop
      vertex 47.2586 69.1305 24
      vertex 47.2841 69.2588 27.3
      vertex 47.2841 69.2588 24
    endloop
  endfacet
  facet normal -0.980815 0.19494 0
    outer loop
      vertex 47.2841 69.2588 27.3
      vertex 47.2586 69.1305 24
      vertex 47.2586 69.1305 27.3
    endloop
  endfacet
  facet normal 0 0 -1
    outer loop
      vertex 49.25 69 27.3
      vertex 50.75 69 27.3
      vertex 50.7286 68.6737 27.3
    endloop
  endfacet
  facet normal 0 0 -1
    outer loop
      vertex 49.2414 68.8695 27.3
      vertex 50.7286 68.6737 27.3
      vertex 50.6648 68.353 27.3
    endloop
  endfacet
  facet normal 0 0 -1
    outer loop
      vertex 50.75 69 27.3
      vertex 49.25 69 27.3
      vertex 50.7286 69.3263 27.3
    endloop
  endfacet
  facet normal 0 0 -1
    outer loop
      vertex 49.2159 68.7412 27.3
      vertex 50.6648 68.353 27.3
      vertex 50.5597 68.0433 27.3
    endloop
  endfacet
  facet normal 0 0 -1
    outer loop
      vertex 49.2414 69.1305 27.3
      vertex 50.7286 69.3263 27.3
      vertex 49.25 69 27.3
    endloop
  endfacet
  facet normal 0 0 -1
    outer loop
      vertex 49.1739 68.6173 27.3
      vertex 50.5597 68.0433 27.3
      vertex 50.4151 67.75 27.3
    endloop
  endfacet
  facet normal -0 0 -1
    outer loop
      vertex 50.7286 69.3263 27.3
      vertex 49.2414 69.1305 27.3
      vertex 50.6648 69.647 27.3
    endloop
  endfacet
  facet normal 0 0 -1
    outer loop
      vertex 49.116 68.5 27.3
      vertex 50.4151 67.75 27.3
      vertex 50.2334 67.4781 27.3
    endloop
  endfacet
  facet normal 0 0 -1
    outer loop
      vertex 49.2159 69.2588 27.3
      vertex 50.6648 69.647 27.3
      vertex 49.2414 69.1305 27.3
    endloop
  endfacet
  facet normal 0 0 -1
    outer loop
      vertex 49.0434 68.3912 27.3
      vertex 50.2334 67.4781 27.3
      vertex 50.0178 67.2322 27.3
    endloop
  endfacet
  facet normal -0 0 -1
    outer loop
      vertex 50.6648 69.647 27.3
      vertex 49.2159 69.2588 27.3
      vertex 50.5597 69.9567 27.3
    endloop
  endfacet
  facet normal 0 0 -1
    outer loop
      vertex 48.9571 68.2929 27.3
      vertex 50.0178 67.2322 27.3
      vertex 49.7719 67.0166 27.3
    endloop
  endfacet
  facet normal 0 0 -1
    outer loop
      vertex 49.1739 69.3827 27.3
      vertex 50.5597 69.9567 27.3
      vertex 49.2159 69.2588 27.3
    endloop
  endfacet
  facet normal 0 0 -1
    outer loop
      vertex 48.8588 68.2066 27.3
      vertex 49.7719 67.0166 27.3
      vertex 49.5 66.8349 27.3
    endloop
  endfacet
  facet normal -0 0 -1
    outer loop
      vertex 50.5597 69.9567 27.3
      vertex 49.1739 69.3827 27.3
      vertex 50.4151 70.25 27.3
    endloop
  endfacet
  facet normal 0 0 -1
    outer loop
      vertex 49.116 69.5 27.3
      vertex 50.4151 70.25 27.3
      vertex 49.1739 69.3827 27.3
    endloop
  endfacet
  facet normal 0 0 -1
    outer loop
      vertex 50.7286 68.6737 27.3
      vertex 49.2414 68.8695 27.3
      vertex 49.25 69 27.3
    endloop
  endfacet
  facet normal 0 0 -1
    outer loop
      vertex 50.6648 68.353 27.3
      vertex 49.2159 68.7412 27.3
      vertex 49.2414 68.8695 27.3
    endloop
  endfacet
  facet normal 0 0 -1
    outer loop
      vertex 48.75 68.134 27.3
      vertex 49.5 66.8349 27.3
      vertex 49.2067 66.6903 27.3
    endloop
  endfacet
  facet normal 0 0 -1
    outer loop
      vertex 50.5597 68.0433 27.3
      vertex 49.1739 68.6173 27.3
      vertex 49.2159 68.7412 27.3
    endloop
  endfacet
  facet normal 0 0 -1
    outer loop
      vertex 50.4151 67.75 27.3
      vertex 49.116 68.5 27.3
      vertex 49.1739 68.6173 27.3
    endloop
  endfacet
  facet normal 0 0 -1
    outer loop
      vertex 50.2334 67.4781 27.3
      vertex 49.0434 68.3912 27.3
      vertex 49.116 68.5 27.3
    endloop
  endfacet
  facet normal 0 0 -1
    outer loop
      vertex 50.0178 67.2322 27.3
      vertex 48.9571 68.2929 27.3
      vertex 49.0434 68.3912 27.3
    endloop
  endfacet
  facet normal 0 0 -1
    outer loop
      vertex 48.6327 68.0761 27.3
      vertex 49.2067 66.6903 27.3
      vertex 48.897 66.5852 27.3
    endloop
  endfacet
  facet normal 0 0 -1
    outer loop
      vertex 49.7719 67.0166 27.3
      vertex 48.8588 68.2066 27.3
      vertex 48.9571 68.2929 27.3
    endloop
  endfacet
  facet normal 0 0 -1
    outer loop
      vertex 49.5 66.8349 27.3
      vertex 48.75 68.134 27.3
      vertex 48.8588 68.2066 27.3
    endloop
  endfacet
  facet normal 0 0 -1
    outer loop
      vertex 49.2067 66.6903 27.3
      vertex 48.6327 68.0761 27.3
      vertex 48.75 68.134 27.3
    endloop
  endfacet
  facet normal 0 0 -1
    outer loop
      vertex 48.5088 68.0341 27.3
      vertex 48.897 66.5852 27.3
      vertex 48.5763 66.5214 27.3
    endloop
  endfacet
  facet normal 0 0 -1
    outer loop
      vertex 48.897 66.5852 27.3
      vertex 48.5088 68.0341 27.3
      vertex 48.6327 68.0761 27.3
    endloop
  endfacet
  facet normal 0 0 -1
    outer loop
      vertex 48.5763 66.5214 27.3
      vertex 48.3805 68.0086 27.3
      vertex 48.5088 68.0341 27.3
    endloop
  endfacet
  facet normal 0 0 -1
    outer loop
      vertex 48.25 66.5 27.3
      vertex 48.3805 68.0086 27.3
      vertex 48.5763 66.5214 27.3
    endloop
  endfacet
  facet normal 0 0 -1
    outer loop
      vertex 48.25 66.5 27.3
      vertex 48.25 68 27.3
      vertex 48.3805 68.0086 27.3
    endloop
  endfacet
  facet normal 0 0 -1
    outer loop
      vertex 48.25 66.5 27.3
      vertex 48.1195 68.0086 27.3
      vertex 48.25 68 27.3
    endloop
  endfacet
  facet normal 0 0 -1
    outer loop
      vertex 47.9237 66.5214 27.3
      vertex 48.1195 68.0086 27.3
      vertex 48.25 66.5 27.3
    endloop
  endfacet
  facet normal -0 0 -1
    outer loop
      vertex 48.1195 68.0086 27.3
      vertex 47.9237 66.5214 27.3
      vertex 47.9912 68.0341 27.3
    endloop
  endfacet
  facet normal 0 0 -1
    outer loop
      vertex 47.603 66.5852 27.3
      vertex 47.9912 68.0341 27.3
      vertex 47.9237 66.5214 27.3
    endloop
  endfacet
  facet normal -0 0 -1
    outer loop
      vertex 47.9912 68.0341 27.3
      vertex 47.603 66.5852 27.3
      vertex 47.8673 68.0761 27.3
    endloop
  endfacet
  facet normal 0 0 -1
    outer loop
      vertex 47.2933 66.6903 27.3
      vertex 47.8673 68.0761 27.3
      vertex 47.603 66.5852 27.3
    endloop
  endfacet
  facet normal -0 0 -1
    outer loop
      vertex 47.8673 68.0761 27.3
      vertex 47.2933 66.6903 27.3
      vertex 47.75 68.134 27.3
    endloop
  endfacet
  facet normal 0 0 -1
    outer loop
      vertex 47 66.8349 27.3
      vertex 47.75 68.134 27.3
      vertex 47.2933 66.6903 27.3
    endloop
  endfacet
  facet normal -0 0 -1
    outer loop
      vertex 47.75 68.134 27.3
      vertex 47 66.8349 27.3
      vertex 47.6412 68.2066 27.3
    endloop
  endfacet
  facet normal 0 0 -1
    outer loop
      vertex 46.7281 67.0166 27.3
      vertex 47.6412 68.2066 27.3
      vertex 47 66.8349 27.3
    endloop
  endfacet
  facet normal -0 0 -1
    outer loop
      vertex 47.6412 68.2066 27.3
      vertex 46.7281 67.0166 27.3
      vertex 47.5429 68.2929 27.3
    endloop
  endfacet
  facet normal 0 0 -1
    outer loop
      vertex 46.4822 67.2322 27.3
      vertex 47.5429 68.2929 27.3
      vertex 46.7281 67.0166 27.3
    endloop
  endfacet
  facet normal -0 0 -1
    outer loop
      vertex 47.5429 68.2929 27.3
      vertex 46.4822 67.2322 27.3
      vertex 47.4566 68.3912 27.3
    endloop
  endfacet
  facet normal 0 0 -1
    outer loop
      vertex 46.2666 67.4781 27.3
      vertex 47.4566 68.3912 27.3
      vertex 46.4822 67.2322 27.3
    endloop
  endfacet
  facet normal -0 0 -1
    outer loop
      vertex 47.4566 68.3912 27.3
      vertex 46.2666 67.4781 27.3
      vertex 47.384 68.5 27.3
    endloop
  endfacet
  facet normal 0 0 -1
    outer loop
      vertex 46.0849 67.75 27.3
      vertex 47.384 68.5 27.3
      vertex 46.2666 67.4781 27.3
    endloop
  endfacet
  facet normal -0 0 -1
    outer loop
      vertex 50.4151 70.25 27.3
      vertex 49.116 69.5 27.3
      vertex 50.2334 70.5219 27.3
    endloop
  endfacet
  facet normal 0 0 -1
    outer loop
      vertex 49.0434 69.6088 27.3
      vertex 50.2334 70.5219 27.3
      vertex 49.116 69.5 27.3
    endloop
  endfacet
  facet normal -0 0 -1
    outer loop
      vertex 50.2334 70.5219 27.3
      vertex 49.0434 69.6088 27.3
      vertex 50.0178 70.7678 27.3
    endloop
  endfacet
  facet normal 0 0 -1
    outer loop
      vertex 48.9571 69.7071 27.3
      vertex 50.0178 70.7678 27.3
      vertex 49.0434 69.6088 27.3
    endloop
  endfacet
  facet normal -0 0 -1
    outer loop
      vertex 50.0178 70.7678 27.3
      vertex 48.9571 69.7071 27.3
      vertex 49.7719 70.9834 27.3
    endloop
  endfacet
  facet normal 0 0 -1
    outer loop
      vertex 48.8588 69.7934 27.3
      vertex 49.7719 70.9834 27.3
      vertex 48.9571 69.7071 27.3
    endloop
  endfacet
  facet normal -0 0 -1
    outer loop
      vertex 49.7719 70.9834 27.3
      vertex 48.8588 69.7934 27.3
      vertex 49.5 71.1651 27.3
    endloop
  endfacet
  facet normal 0 0 -1
    outer loop
      vertex 48.75 69.866 27.3
      vertex 49.5 71.1651 27.3
      vertex 48.8588 69.7934 27.3
    endloop
  endfacet
  facet normal -0 0 -1
    outer loop
      vertex 49.5 71.1651 27.3
      vertex 48.75 69.866 27.3
      vertex 49.2067 71.3097 27.3
    endloop
  endfacet
  facet normal 0 0 -1
    outer loop
      vertex 48.6327 69.9239 27.3
      vertex 49.2067 71.3097 27.3
      vertex 48.75 69.866 27.3
    endloop
  endfacet
  facet normal -0 0 -1
    outer loop
      vertex 49.2067 71.3097 27.3
      vertex 48.6327 69.9239 27.3
      vertex 48.897 71.4148 27.3
    endloop
  endfacet
  facet normal 0 0 -1
    outer loop
      vertex 48.5088 69.9659 27.3
      vertex 48.897 71.4148 27.3
      vertex 48.6327 69.9239 27.3
    endloop
  endfacet
  facet normal -0 0 -1
    outer loop
      vertex 48.897 71.4148 27.3
      vertex 48.5088 69.9659 27.3
      vertex 48.5763 71.4786 27.3
    endloop
  endfacet
  facet normal 0 0 -1
    outer loop
      vertex 48.3805 69.9914 27.3
      vertex 48.5763 71.4786 27.3
      vertex 48.5088 69.9659 27.3
    endloop
  endfacet
  facet normal 0 0 -1
    outer loop
      vertex 48.25 70 27.3
      vertex 48.5763 71.4786 27.3
      vertex 48.3805 69.9914 27.3
    endloop
  endfacet
  facet normal 0 0 -1
    outer loop
      vertex 48.25 70 27.3
      vertex 48.25 71.5 27.3
      vertex 48.5763 71.4786 27.3
    endloop
  endfacet
  facet normal 0 0 -1
    outer loop
      vertex 48.1195 69.9914 27.3
      vertex 48.25 71.5 27.3
      vertex 48.25 70 27.3
    endloop
  endfacet
  facet normal 0 0 -1
    outer loop
      vertex 47.9237 71.4786 27.3
      vertex 48.1195 69.9914 27.3
      vertex 47.9912 69.9659 27.3
    endloop
  endfacet
  facet normal 0 0 -1
    outer loop
      vertex 48.1195 69.9914 27.3
      vertex 47.9237 71.4786 27.3
      vertex 48.25 71.5 27.3
    endloop
  endfacet
  facet normal 0 0 -1
    outer loop
      vertex 47.603 71.4148 27.3
      vertex 47.9912 69.9659 27.3
      vertex 47.8673 69.9239 27.3
    endloop
  endfacet
  facet normal 0 0 -1
    outer loop
      vertex 47.2933 71.3097 27.3
      vertex 47.8673 69.9239 27.3
      vertex 47.75 69.866 27.3
    endloop
  endfacet
  facet normal 0 0 -1
    outer loop
      vertex 47 71.1651 27.3
      vertex 47.75 69.866 27.3
      vertex 47.6412 69.7934 27.3
    endloop
  endfacet
  facet normal 0 0 -1
    outer loop
      vertex 47.9912 69.9659 27.3
      vertex 47.603 71.4148 27.3
      vertex 47.9237 71.4786 27.3
    endloop
  endfacet
  facet normal 0 0 -1
    outer loop
      vertex 46.7281 70.9834 27.3
      vertex 47.6412 69.7934 27.3
      vertex 47.5429 69.7071 27.3
    endloop
  endfacet
  facet normal 0 0 -1
    outer loop
      vertex 46.4822 70.7678 27.3
      vertex 47.5429 69.7071 27.3
      vertex 47.4566 69.6088 27.3
    endloop
  endfacet
  facet normal 0 0 -1
    outer loop
      vertex 46.2666 70.5219 27.3
      vertex 47.4566 69.6088 27.3
      vertex 47.384 69.5 27.3
    endloop
  endfacet
  facet normal 0 0 -1
    outer loop
      vertex 46.0849 70.25 27.3
      vertex 47.384 69.5 27.3
      vertex 47.3261 69.3827 27.3
    endloop
  endfacet
  facet normal 0 0 -1
    outer loop
      vertex 47.8673 69.9239 27.3
      vertex 47.2933 71.3097 27.3
      vertex 47.603 71.4148 27.3
    endloop
  endfacet
  facet normal 0 0 -1
    outer loop
      vertex 45.9403 69.9567 27.3
      vertex 47.3261 69.3827 27.3
      vertex 47.2841 69.2588 27.3
    endloop
  endfacet
  facet normal 0 0 -1
    outer loop
      vertex 45.8352 69.647 27.3
      vertex 47.2841 69.2588 27.3
      vertex 47.2586 69.1305 27.3
    endloop
  endfacet
  facet normal 0 0 -1
    outer loop
      vertex 45.7714 69.3263 27.3
      vertex 47.2586 69.1305 27.3
      vertex 47.25 69 27.3
    endloop
  endfacet
  facet normal -0 0 -1
    outer loop
      vertex 47.384 68.5 27.3
      vertex 46.0849 67.75 27.3
      vertex 47.3261 68.6173 27.3
    endloop
  endfacet
  facet normal 0 0 -1
    outer loop
      vertex 47.75 69.866 27.3
      vertex 47 71.1651 27.3
      vertex 47.2933 71.3097 27.3
    endloop
  endfacet
  facet normal 0 0 -1
    outer loop
      vertex 45.9403 68.0433 27.3
      vertex 47.3261 68.6173 27.3
      vertex 46.0849 67.75 27.3
    endloop
  endfacet
  facet normal 0 0 -1
    outer loop
      vertex 47.6412 69.7934 27.3
      vertex 46.7281 70.9834 27.3
      vertex 47 71.1651 27.3
    endloop
  endfacet
  facet normal -0 0 -1
    outer loop
      vertex 47.3261 68.6173 27.3
      vertex 45.9403 68.0433 27.3
      vertex 47.2841 68.7412 27.3
    endloop
  endfacet
  facet normal 0 0 -1
    outer loop
      vertex 47.5429 69.7071 27.3
      vertex 46.4822 70.7678 27.3
      vertex 46.7281 70.9834 27.3
    endloop
  endfacet
  facet normal 0 0 -1
    outer loop
      vertex 45.8352 68.353 27.3
      vertex 47.2841 68.7412 27.3
      vertex 45.9403 68.0433 27.3
    endloop
  endfacet
  facet normal 0 0 -1
    outer loop
      vertex 47.4566 69.6088 27.3
      vertex 46.2666 70.5219 27.3
      vertex 46.4822 70.7678 27.3
    endloop
  endfacet
  facet normal -0 0 -1
    outer loop
      vertex 47.2841 68.7412 27.3
      vertex 45.8352 68.353 27.3
      vertex 47.2586 68.8695 27.3
    endloop
  endfacet
  facet normal 0 0 -1
    outer loop
      vertex 47.384 69.5 27.3
      vertex 46.0849 70.25 27.3
      vertex 46.2666 70.5219 27.3
    endloop
  endfacet
  facet normal 0 0 -1
    outer loop
      vertex 45.7714 68.6737 27.3
      vertex 47.2586 68.8695 27.3
      vertex 45.8352 68.353 27.3
    endloop
  endfacet
  facet normal 0 0 -1
    outer loop
      vertex 47.3261 69.3827 27.3
      vertex 45.9403 69.9567 27.3
      vertex 46.0849 70.25 27.3
    endloop
  endfacet
  facet normal -0 0 -1
    outer loop
      vertex 47.2586 68.8695 27.3
      vertex 45.7714 68.6737 27.3
      vertex 47.25 69 27.3
    endloop
  endfacet
  facet normal 0 0 -1
    outer loop
      vertex 47.2841 69.2588 27.3
      vertex 45.8352 69.647 27.3
      vertex 45.9403 69.9567 27.3
    endloop
  endfacet
  facet normal 0 0 -1
    outer loop
      vertex 45.75 69 27.3
      vertex 47.25 69 27.3
      vertex 45.7714 68.6737 27.3
    endloop
  endfacet
  facet normal 0 0 -1
    outer loop
      vertex 47.2586 69.1305 27.3
      vertex 45.7714 69.3263 27.3
      vertex 45.8352 69.647 27.3
    endloop
  endfacet
  facet normal 0 0 -1
    outer loop
      vertex 47.25 69 27.3
      vertex 45.75 69 27.3
      vertex 45.7714 69.3263 27.3
    endloop
  endfacet
  facet normal -0.0657577 0.997836 0
    outer loop
      vertex 48.25 70 24
      vertex 48.1195 69.9914 27.3
      vertex 48.25 70 27.3
    endloop
  endfacet
  facet normal -0.0657577 0.997836 0
    outer loop
      vertex 48.1195 69.9914 27.3
      vertex 48.25 70 24
      vertex 48.1195 69.9914 24
    endloop
  endfacet
  facet normal 0.0657577 -0.997836 0
    outer loop
      vertex 48.25 68 24
      vertex 48.3805 68.0086 27.3
      vertex 48.25 68 27.3
    endloop
  endfacet
  facet normal 0.0657577 -0.997836 0
    outer loop
      vertex 48.3805 68.0086 27.3
      vertex 48.25 68 24
      vertex 48.3805 68.0086 24
    endloop
  endfacet
  facet normal 0.321039 -0.947066 0
    outer loop
      vertex 48.5088 68.0341 24
      vertex 48.6327 68.0761 27.3
      vertex 48.5088 68.0341 27.3
    endloop
  endfacet
  facet normal 0.321039 -0.947066 0
    outer loop
      vertex 48.6327 68.0761 27.3
      vertex 48.5088 68.0341 24
      vertex 48.6327 68.0761 24
    endloop
  endfacet
  facet normal 0.555053 -0.831815 0
    outer loop
      vertex 48.75 68.134 24
      vertex 48.8588 68.2066 27.3
      vertex 48.75 68.134 27.3
    endloop
  endfacet
  facet normal 0.555053 -0.831815 0
    outer loop
      vertex 48.8588 68.2066 27.3
      vertex 48.75 68.134 24
      vertex 48.8588 68.2066 24
    endloop
  endfacet
  facet normal 0.831815 -0.555053 0
    outer loop
      vertex 49.0434 68.3912 27.3
      vertex 49.116 68.5 24
      vertex 49.116 68.5 27.3
    endloop
  endfacet
  facet normal 0.831815 -0.555053 0
    outer loop
      vertex 49.116 68.5 24
      vertex 49.0434 68.3912 27.3
      vertex 49.0434 68.3912 24
    endloop
  endfacet
  facet normal 0.751486 -0.659749 0
    outer loop
      vertex 48.9571 68.2929 27.3
      vertex 49.0434 68.3912 24
      vertex 49.0434 68.3912 27.3
    endloop
  endfacet
  facet normal 0.751486 -0.659749 0
    outer loop
      vertex 49.0434 68.3912 24
      vertex 48.9571 68.2929 27.3
      vertex 48.9571 68.2929 24
    endloop
  endfacet
  facet normal -0.555053 -0.831815 0
    outer loop
      vertex 47.6412 68.2066 24
      vertex 47.75 68.134 27.3
      vertex 47.6412 68.2066 27.3
    endloop
  endfacet
  facet normal -0.555053 -0.831815 -0
    outer loop
      vertex 47.75 68.134 27.3
      vertex 47.6412 68.2066 24
      vertex 47.75 68.134 24
    endloop
  endfacet
  facet normal -0.659749 -0.751486 0
    outer loop
      vertex 47.5429 68.2929 24
      vertex 47.6412 68.2066 27.3
      vertex 47.5429 68.2929 27.3
    endloop
  endfacet
  facet normal -0.659749 -0.751486 -0
    outer loop
      vertex 47.6412 68.2066 27.3
      vertex 47.5429 68.2929 24
      vertex 47.6412 68.2066 24
    endloop
  endfacet
  facet normal -0.442621 -0.896709 0
    outer loop
      vertex 47.75 68.134 24
      vertex 47.8673 68.0761 27.3
      vertex 47.75 68.134 27.3
    endloop
  endfacet
  facet normal -0.442621 -0.896709 -0
    outer loop
      vertex 47.8673 68.0761 27.3
      vertex 47.75 68.134 24
      vertex 47.8673 68.0761 24
    endloop
  endfacet
  facet normal -0.19494 -0.980815 0
    outer loop
      vertex 47.9912 68.0341 24
      vertex 48.1195 68.0086 27.3
      vertex 47.9912 68.0341 27.3
    endloop
  endfacet
  facet normal -0.19494 -0.980815 -0
    outer loop
      vertex 48.1195 68.0086 27.3
      vertex 47.9912 68.0341 24
      vertex 48.1195 68.0086 24
    endloop
  endfacet
  facet normal -0.751486 -0.659749 0
    outer loop
      vertex 47.5429 68.2929 24
      vertex 47.4566 68.3912 27.3
      vertex 47.4566 68.3912 24
    endloop
  endfacet
  facet normal -0.751486 -0.659749 0
    outer loop
      vertex 47.4566 68.3912 27.3
      vertex 47.5429 68.2929 24
      vertex 47.5429 68.2929 27.3
    endloop
  endfacet
  facet normal -0.947066 -0.321039 0
    outer loop
      vertex 47.3261 68.6173 24
      vertex 47.2841 68.7412 27.3
      vertex 47.2841 68.7412 24
    endloop
  endfacet
  facet normal -0.947066 -0.321039 0
    outer loop
      vertex 47.2841 68.7412 27.3
      vertex 47.3261 68.6173 24
      vertex 47.3261 68.6173 27.3
    endloop
  endfacet
  facet normal -0.997836 -0.0657577 0
    outer loop
      vertex 47.2586 68.8695 24
      vertex 47.25 69 27.3
      vertex 47.25 69 24
    endloop
  endfacet
  facet normal -0.997836 -0.0657577 0
    outer loop
      vertex 47.25 69 27.3
      vertex 47.2586 68.8695 24
      vertex 47.2586 68.8695 27.3
    endloop
  endfacet
  facet normal -0.751486 0.659749 0
    outer loop
      vertex 47.4566 69.6088 24
      vertex 47.5429 69.7071 27.3
      vertex 47.5429 69.7071 24
    endloop
  endfacet
  facet normal -0.751486 0.659749 0
    outer loop
      vertex 47.5429 69.7071 27.3
      vertex 47.4566 69.6088 24
      vertex 47.4566 69.6088 27.3
    endloop
  endfacet
  facet normal -0.555053 0.831815 0
    outer loop
      vertex 47.75 69.866 24
      vertex 47.6412 69.7934 27.3
      vertex 47.75 69.866 27.3
    endloop
  endfacet
  facet normal -0.555053 0.831815 0
    outer loop
      vertex 47.6412 69.7934 27.3
      vertex 47.75 69.866 24
      vertex 47.6412 69.7934 24
    endloop
  endfacet
  facet normal 0.19494 -0.980815 0
    outer loop
      vertex 48.3805 68.0086 24
      vertex 48.5088 68.0341 27.3
      vertex 48.3805 68.0086 27.3
    endloop
  endfacet
  facet normal 0.19494 -0.980815 0
    outer loop
      vertex 48.5088 68.0341 27.3
      vertex 48.3805 68.0086 24
      vertex 48.5088 68.0341 24
    endloop
  endfacet
  facet normal 0.896709 -0.442621 0
    outer loop
      vertex 49.116 68.5 27.3
      vertex 49.1739 68.6173 24
      vertex 49.1739 68.6173 27.3
    endloop
  endfacet
  facet normal 0.896709 -0.442621 0
    outer loop
      vertex 49.1739 68.6173 24
      vertex 49.116 68.5 27.3
      vertex 49.116 68.5 24
    endloop
  endfacet
  facet normal 0.947066 -0.321039 0
    outer loop
      vertex 49.1739 68.6173 27.3
      vertex 49.2159 68.7412 24
      vertex 49.2159 68.7412 27.3
    endloop
  endfacet
  facet normal 0.947066 -0.321039 0
    outer loop
      vertex 49.2159 68.7412 24
      vertex 49.1739 68.6173 27.3
      vertex 49.1739 68.6173 24
    endloop
  endfacet
  facet normal 0.980815 -0.19494 0
    outer loop
      vertex 49.2159 68.7412 27.3
      vertex 49.2414 68.8695 24
      vertex 49.2414 68.8695 27.3
    endloop
  endfacet
  facet normal 0.980815 -0.19494 0
    outer loop
      vertex 49.2414 68.8695 24
      vertex 49.2159 68.7412 27.3
      vertex 49.2159 68.7412 24
    endloop
  endfacet
  facet normal -0.0657577 -0.997836 0
    outer loop
      vertex 48.1195 68.0086 24
      vertex 48.25 68 27.3
      vertex 48.1195 68.0086 27.3
    endloop
  endfacet
  facet normal -0.0657577 -0.997836 -0
    outer loop
      vertex 48.25 68 27.3
      vertex 48.1195 68.0086 24
      vertex 48.25 68 24
    endloop
  endfacet
  facet normal -0.980815 -0.19494 0
    outer loop
      vertex 47.2841 68.7412 24
      vertex 47.2586 68.8695 27.3
      vertex 47.2586 68.8695 24
    endloop
  endfacet
  facet normal -0.980815 -0.19494 0
    outer loop
      vertex 47.2586 68.8695 27.3
      vertex 47.2841 68.7412 24
      vertex 47.2841 68.7412 27.3
    endloop
  endfacet
  facet normal 0.997836 -0.0657577 0
    outer loop
      vertex 49.2414 68.8695 27.3
      vertex 49.25 69 24
      vertex 49.25 69 27.3
    endloop
  endfacet
  facet normal 0.997836 -0.0657577 0
    outer loop
      vertex 49.25 69 24
      vertex 49.2414 68.8695 27.3
      vertex 49.2414 68.8695 24
    endloop
  endfacet
  facet normal 0.997856 0.0654432 0
    outer loop
      vertex 50.75 69 29.3
      vertex 50.7286 69.3263 27.3
      vertex 50.7286 69.3263 29.3
    endloop
  endfacet
  facet normal 0.997856 0.0654432 0
    outer loop
      vertex 50.7286 69.3263 27.3
      vertex 50.75 69 29.3
      vertex 50.75 69 27.3
    endloop
  endfacet
  facet normal -0.997856 0.0654432 0
    outer loop
      vertex 45.75 69 27.3
      vertex 45.7714 69.3263 29.3
      vertex 45.7714 69.3263 27.3
    endloop
  endfacet
  facet normal -0.997856 0.0654432 0
    outer loop
      vertex 45.7714 69.3263 29.3
      vertex 45.75 69 27.3
      vertex 45.75 69 29.3
    endloop
  endfacet
  facet normal 0.0654432 0.997856 -0
    outer loop
      vertex 48.5763 71.4786 27.3
      vertex 48.25 71.5 29.3
      vertex 48.5763 71.4786 29.3
    endloop
  endfacet
  facet normal 0.0654432 0.997856 0
    outer loop
      vertex 48.25 71.5 29.3
      vertex 48.5763 71.4786 27.3
      vertex 48.25 71.5 27.3
    endloop
  endfacet
  facet normal -0.751913 -0.659262 0
    outer loop
      vertex 46.4822 67.2322 27.3
      vertex 46.2666 67.4781 29.3
      vertex 46.2666 67.4781 27.3
    endloop
  endfacet
  facet normal -0.751913 -0.659262 0
    outer loop
      vertex 46.2666 67.4781 29.3
      vertex 46.4822 67.2322 27.3
      vertex 46.4822 67.2322 29.3
    endloop
  endfacet
  facet normal 0.751913 0.659262 0
    outer loop
      vertex 50.2334 70.5219 29.3
      vertex 50.0178 70.7678 27.3
      vertex 50.0178 70.7678 29.3
    endloop
  endfacet
  facet normal 0.751913 0.659262 0
    outer loop
      vertex 50.0178 70.7678 27.3
      vertex 50.2334 70.5219 29.3
      vertex 50.2334 70.5219 27.3
    endloop
  endfacet
  facet normal -0.659262 0.751913 0
    outer loop
      vertex 46.7281 70.9834 27.3
      vertex 46.4822 70.7678 29.3
      vertex 46.7281 70.9834 29.3
    endloop
  endfacet
  facet normal -0.659262 0.751913 0
    outer loop
      vertex 46.4822 70.7678 29.3
      vertex 46.7281 70.9834 27.3
      vertex 46.4822 70.7678 27.3
    endloop
  endfacet
  facet normal -0.32136 0.946957 0
    outer loop
      vertex 47.603 71.4148 27.3
      vertex 47.2933 71.3097 29.3
      vertex 47.603 71.4148 29.3
    endloop
  endfacet
  facet normal -0.32136 0.946957 0
    outer loop
      vertex 47.2933 71.3097 29.3
      vertex 47.603 71.4148 27.3
      vertex 47.2933 71.3097 27.3
    endloop
  endfacet
  facet normal -0.946957 -0.32136 0
    outer loop
      vertex 45.9403 68.0433 27.3
      vertex 45.8352 68.353 29.3
      vertex 45.8352 68.353 27.3
    endloop
  endfacet
  facet normal -0.946957 -0.32136 0
    outer loop
      vertex 45.8352 68.353 29.3
      vertex 45.9403 68.0433 27.3
      vertex 45.9403 68.0433 29.3
    endloop
  endfacet
  facet normal 0.896921 0.442191 0
    outer loop
      vertex 50.5597 69.9567 29.3
      vertex 50.4151 70.25 27.3
      vertex 50.4151 70.25 29.3
    endloop
  endfacet
  facet normal 0.896921 0.442191 0
    outer loop
      vertex 50.4151 70.25 27.3
      vertex 50.5597 69.9567 29.3
      vertex 50.5597 69.9567 27.3
    endloop
  endfacet
  facet normal 0.98078 0.195116 0
    outer loop
      vertex 50.7286 69.3263 29.3
      vertex 50.6648 69.647 27.3
      vertex 50.6648 69.647 29.3
    endloop
  endfacet
  facet normal 0.98078 0.195116 0
    outer loop
      vertex 50.6648 69.647 27.3
      vertex 50.7286 69.3263 29.3
      vertex 50.7286 69.3263 27.3
    endloop
  endfacet
  facet normal 0.831438 0.555617 0
    outer loop
      vertex 50.4151 70.25 29.3
      vertex 50.2334 70.5219 27.3
      vertex 50.2334 70.5219 29.3
    endloop
  endfacet
  facet normal 0.831438 0.555617 0
    outer loop
      vertex 50.2334 70.5219 27.3
      vertex 50.4151 70.25 29.3
      vertex 50.4151 70.25 27.3
    endloop
  endfacet
  facet normal 0.442191 0.896921 -0
    outer loop
      vertex 49.5 71.1651 27.3
      vertex 49.2067 71.3097 29.3
      vertex 49.5 71.1651 29.3
    endloop
  endfacet
  facet normal 0.442191 0.896921 0
    outer loop
      vertex 49.2067 71.3097 29.3
      vertex 49.5 71.1651 27.3
      vertex 49.2067 71.3097 27.3
    endloop
  endfacet
  facet normal 0.555617 0.831438 -0
    outer loop
      vertex 49.7719 70.9834 27.3
      vertex 49.5 71.1651 29.3
      vertex 49.7719 70.9834 29.3
    endloop
  endfacet
  facet normal 0.555617 0.831438 0
    outer loop
      vertex 49.5 71.1651 29.3
      vertex 49.7719 70.9834 27.3
      vertex 49.5 71.1651 27.3
    endloop
  endfacet
  facet normal -0.896921 0.442191 0
    outer loop
      vertex 45.9403 69.9567 27.3
      vertex 46.0849 70.25 29.3
      vertex 46.0849 70.25 27.3
    endloop
  endfacet
  facet normal -0.896921 0.442191 0
    outer loop
      vertex 46.0849 70.25 29.3
      vertex 45.9403 69.9567 27.3
      vertex 45.9403 69.9567 29.3
    endloop
  endfacet
  facet normal 0 0 1
    outer loop
      vertex 50.7286 69.3263 29.3
      vertex 50.7286 68.6737 29.3
      vertex 50.75 69 29.3
    endloop
  endfacet
  facet normal 0 0 1
    outer loop
      vertex 50.6648 69.647 29.3
      vertex 50.7286 68.6737 29.3
      vertex 50.7286 69.3263 29.3
    endloop
  endfacet
  facet normal 0 0 1
    outer loop
      vertex 50.6648 69.647 29.3
      vertex 50.6648 68.353 29.3
      vertex 50.7286 68.6737 29.3
    endloop
  endfacet
  facet normal 0 0 1
    outer loop
      vertex 50.5597 69.9567 29.3
      vertex 50.6648 68.353 29.3
      vertex 50.6648 69.647 29.3
    endloop
  endfacet
  facet normal 0 0 1
    outer loop
      vertex 50.5597 69.9567 29.3
      vertex 50.5597 68.0433 29.3
      vertex 50.6648 68.353 29.3
    endloop
  endfacet
  facet normal 0 0 1
    outer loop
      vertex 50.4151 70.25 29.3
      vertex 50.5597 68.0433 29.3
      vertex 50.5597 69.9567 29.3
    endloop
  endfacet
  facet normal 0 0 1
    outer loop
      vertex 50.4151 70.25 29.3
      vertex 50.4151 67.75 29.3
      vertex 50.5597 68.0433 29.3
    endloop
  endfacet
  facet normal 0 0 1
    outer loop
      vertex 50.2334 70.5219 29.3
      vertex 50.4151 67.75 29.3
      vertex 50.4151 70.25 29.3
    endloop
  endfacet
  facet normal 0 0 1
    outer loop
      vertex 50.2334 70.5219 29.3
      vertex 50.2334 67.4781 29.3
      vertex 50.4151 67.75 29.3
    endloop
  endfacet
  facet normal 0 0 1
    outer loop
      vertex 50.0178 70.7678 29.3
      vertex 50.2334 67.4781 29.3
      vertex 50.2334 70.5219 29.3
    endloop
  endfacet
  facet normal 0 0 1
    outer loop
      vertex 50.0178 70.7678 29.3
      vertex 50.0178 67.2322 29.3
      vertex 50.2334 67.4781 29.3
    endloop
  endfacet
  facet normal 0 0 1
    outer loop
      vertex 49.7719 70.9834 29.3
      vertex 50.0178 67.2322 29.3
      vertex 50.0178 70.7678 29.3
    endloop
  endfacet
  facet normal 0 0 1
    outer loop
      vertex 49.7719 70.9834 29.3
      vertex 49.7719 67.0166 29.3
      vertex 50.0178 67.2322 29.3
    endloop
  endfacet
  facet normal 0 0 1
    outer loop
      vertex 49.5 71.1651 29.3
      vertex 49.7719 67.0166 29.3
      vertex 49.7719 70.9834 29.3
    endloop
  endfacet
  facet normal 0 0 1
    outer loop
      vertex 49.5 71.1651 29.3
      vertex 49.5 66.8349 29.3
      vertex 49.7719 67.0166 29.3
    endloop
  endfacet
  facet normal 0 0 1
    outer loop
      vertex 49.2067 71.3097 29.3
      vertex 49.5 66.8349 29.3
      vertex 49.5 71.1651 29.3
    endloop
  endfacet
  facet normal 0 0 1
    outer loop
      vertex 49.2067 71.3097 29.3
      vertex 49.2067 66.6903 29.3
      vertex 49.5 66.8349 29.3
    endloop
  endfacet
  facet normal 0 0 1
    outer loop
      vertex 48.897 71.4148 29.3
      vertex 49.2067 66.6903 29.3
      vertex 49.2067 71.3097 29.3
    endloop
  endfacet
  facet normal 0 0 1
    outer loop
      vertex 48.897 71.4148 29.3
      vertex 48.897 66.5852 29.3
      vertex 49.2067 66.6903 29.3
    endloop
  endfacet
  facet normal 0 0 1
    outer loop
      vertex 48.5763 71.4786 29.3
      vertex 48.897 66.5852 29.3
      vertex 48.897 71.4148 29.3
    endloop
  endfacet
  facet normal 0 0 1
    outer loop
      vertex 48.5763 71.4786 29.3
      vertex 48.5763 66.5214 29.3
      vertex 48.897 66.5852 29.3
    endloop
  endfacet
  facet normal 0 0 1
    outer loop
      vertex 48.25 71.5 29.3
      vertex 48.5763 66.5214 29.3
      vertex 48.5763 71.4786 29.3
    endloop
  endfacet
  facet normal 0 0 1
    outer loop
      vertex 48.25 71.5 29.3
      vertex 48.25 66.5 29.3
      vertex 48.5763 66.5214 29.3
    endloop
  endfacet
  facet normal -0 0 1
    outer loop
      vertex 47.9237 71.4786 29.3
      vertex 48.25 66.5 29.3
      vertex 48.25 71.5 29.3
    endloop
  endfacet
  facet normal 0 0 1
    outer loop
      vertex 47.9237 71.4786 29.3
      vertex 47.9237 66.5214 29.3
      vertex 48.25 66.5 29.3
    endloop
  endfacet
  facet normal -0 0 1
    outer loop
      vertex 47.603 71.4148 29.3
      vertex 47.9237 66.5214 29.3
      vertex 47.9237 71.4786 29.3
    endloop
  endfacet
  facet normal 0 0 1
    outer loop
      vertex 47.603 71.4148 29.3
      vertex 47.603 66.5852 29.3
      vertex 47.9237 66.5214 29.3
    endloop
  endfacet
  facet normal -0 0 1
    outer loop
      vertex 47.2933 71.3097 29.3
      vertex 47.603 66.5852 29.3
      vertex 47.603 71.4148 29.3
    endloop
  endfacet
  facet normal 0 0 1
    outer loop
      vertex 47.2933 71.3097 29.3
      vertex 47.2933 66.6903 29.3
      vertex 47.603 66.5852 29.3
    endloop
  endfacet
  facet normal -0 0 1
    outer loop
      vertex 47 71.1651 29.3
      vertex 47.2933 66.6903 29.3
      vertex 47.2933 71.3097 29.3
    endloop
  endfacet
  facet normal 0 0 1
    outer loop
      vertex 47 71.1651 29.3
      vertex 47 66.8349 29.3
      vertex 47.2933 66.6903 29.3
    endloop
  endfacet
  facet normal -0 0 1
    outer loop
      vertex 46.7281 70.9834 29.3
      vertex 47 66.8349 29.3
      vertex 47 71.1651 29.3
    endloop
  endfacet
  facet normal 0 0 1
    outer loop
      vertex 46.7281 70.9834 29.3
      vertex 46.7281 67.0166 29.3
      vertex 47 66.8349 29.3
    endloop
  endfacet
  facet normal -0 0 1
    outer loop
      vertex 46.4822 70.7678 29.3
      vertex 46.7281 67.0166 29.3
      vertex 46.7281 70.9834 29.3
    endloop
  endfacet
  facet normal 0 0 1
    outer loop
      vertex 46.4822 70.7678 29.3
      vertex 46.4822 67.2322 29.3
      vertex 46.7281 67.0166 29.3
    endloop
  endfacet
  facet normal -0 0 1
    outer loop
      vertex 46.2666 70.5219 29.3
      vertex 46.4822 67.2322 29.3
      vertex 46.4822 70.7678 29.3
    endloop
  endfacet
  facet normal 0 0 1
    outer loop
      vertex 46.2666 70.5219 29.3
      vertex 46.2666 67.4781 29.3
      vertex 46.4822 67.2322 29.3
    endloop
  endfacet
  facet normal -0 0 1
    outer loop
      vertex 46.0849 70.25 29.3
      vertex 46.2666 67.4781 29.3
      vertex 46.2666 70.5219 29.3
    endloop
  endfacet
  facet normal 0 0 1
    outer loop
      vertex 46.0849 70.25 29.3
      vertex 46.0849 67.75 29.3
      vertex 46.2666 67.4781 29.3
    endloop
  endfacet
  facet normal -0 0 1
    outer loop
      vertex 45.9403 69.9567 29.3
      vertex 46.0849 67.75 29.3
      vertex 46.0849 70.25 29.3
    endloop
  endfacet
  facet normal 0 0 1
    outer loop
      vertex 45.9403 69.9567 29.3
      vertex 45.9403 68.0433 29.3
      vertex 46.0849 67.75 29.3
    endloop
  endfacet
  facet normal -0 0 1
    outer loop
      vertex 45.8352 69.647 29.3
      vertex 45.9403 68.0433 29.3
      vertex 45.9403 69.9567 29.3
    endloop
  endfacet
  facet normal 0 0 1
    outer loop
      vertex 45.8352 69.647 29.3
      vertex 45.8352 68.353 29.3
      vertex 45.9403 68.0433 29.3
    endloop
  endfacet
  facet normal -0 0 1
    outer loop
      vertex 45.7714 69.3263 29.3
      vertex 45.8352 68.353 29.3
      vertex 45.8352 69.647 29.3
    endloop
  endfacet
  facet normal 0 0 1
    outer loop
      vertex 45.7714 69.3263 29.3
      vertex 45.7714 68.6737 29.3
      vertex 45.8352 68.353 29.3
    endloop
  endfacet
  facet normal 0 -0 1
    outer loop
      vertex 45.7714 68.6737 29.3
      vertex 45.7714 69.3263 29.3
      vertex 45.75 69 29.3
    endloop
  endfacet
  facet normal -0.442191 0.896921 0
    outer loop
      vertex 47.2933 71.3097 27.3
      vertex 47 71.1651 29.3
      vertex 47.2933 71.3097 29.3
    endloop
  endfacet
  facet normal -0.442191 0.896921 0
    outer loop
      vertex 47 71.1651 29.3
      vertex 47.2933 71.3097 27.3
      vertex 47 71.1651 27.3
    endloop
  endfacet
  facet normal -0.0654432 0.997856 0
    outer loop
      vertex 48.25 71.5 27.3
      vertex 47.9237 71.4786 29.3
      vertex 48.25 71.5 29.3
    endloop
  endfacet
  facet normal -0.0654432 0.997856 0
    outer loop
      vertex 47.9237 71.4786 29.3
      vertex 48.25 71.5 27.3
      vertex 47.9237 71.4786 27.3
    endloop
  endfacet
  facet normal 0.946957 -0.32136 0
    outer loop
      vertex 50.5597 68.0433 29.3
      vertex 50.6648 68.353 27.3
      vertex 50.6648 68.353 29.3
    endloop
  endfacet
  facet normal 0.946957 -0.32136 0
    outer loop
      vertex 50.6648 68.353 27.3
      vertex 50.5597 68.0433 29.3
      vertex 50.5597 68.0433 27.3
    endloop
  endfacet
  facet normal 0.0654432 -0.997856 0
    outer loop
      vertex 48.25 66.5 27.3
      vertex 48.5763 66.5214 29.3
      vertex 48.25 66.5 29.3
    endloop
  endfacet
  facet normal 0.0654432 -0.997856 0
    outer loop
      vertex 48.5763 66.5214 29.3
      vertex 48.25 66.5 27.3
      vertex 48.5763 66.5214 27.3
    endloop
  endfacet
  facet normal 0.442191 -0.896921 0
    outer loop
      vertex 49.2067 66.6903 27.3
      vertex 49.5 66.8349 29.3
      vertex 49.2067 66.6903 29.3
    endloop
  endfacet
  facet normal 0.442191 -0.896921 0
    outer loop
      vertex 49.5 66.8349 29.3
      vertex 49.2067 66.6903 27.3
      vertex 49.5 66.8349 27.3
    endloop
  endfacet
  facet normal -0.896921 -0.442191 0
    outer loop
      vertex 46.0849 67.75 27.3
      vertex 45.9403 68.0433 29.3
      vertex 45.9403 68.0433 27.3
    endloop
  endfacet
  facet normal -0.896921 -0.442191 0
    outer loop
      vertex 45.9403 68.0433 29.3
      vertex 46.0849 67.75 27.3
      vertex 46.0849 67.75 29.3
    endloop
  endfacet
  facet normal -0.997856 -0.0654432 0
    outer loop
      vertex 45.7714 68.6737 27.3
      vertex 45.75 69 29.3
      vertex 45.75 69 27.3
    endloop
  endfacet
  facet normal -0.997856 -0.0654432 0
    outer loop
      vertex 45.75 69 29.3
      vertex 45.7714 68.6737 27.3
      vertex 45.7714 68.6737 29.3
    endloop
  endfacet
  facet normal 0.946957 0.32136 0
    outer loop
      vertex 50.6648 69.647 29.3
      vertex 50.5597 69.9567 27.3
      vertex 50.5597 69.9567 29.3
    endloop
  endfacet
  facet normal 0.946957 0.32136 0
    outer loop
      vertex 50.5597 69.9567 27.3
      vertex 50.6648 69.647 29.3
      vertex 50.6648 69.647 27.3
    endloop
  endfacet
  facet normal 0.32136 0.946957 -0
    outer loop
      vertex 49.2067 71.3097 27.3
      vertex 48.897 71.4148 29.3
      vertex 49.2067 71.3097 29.3
    endloop
  endfacet
  facet normal 0.32136 0.946957 0
    outer loop
      vertex 48.897 71.4148 29.3
      vertex 49.2067 71.3097 27.3
      vertex 48.897 71.4148 27.3
    endloop
  endfacet
  facet normal 0.195116 0.98078 -0
    outer loop
      vertex 48.897 71.4148 27.3
      vertex 48.5763 71.4786 29.3
      vertex 48.897 71.4148 29.3
    endloop
  endfacet
  facet normal 0.195116 0.98078 0
    outer loop
      vertex 48.5763 71.4786 29.3
      vertex 48.897 71.4148 27.3
      vertex 48.5763 71.4786 27.3
    endloop
  endfacet
  facet normal 0.659262 0.751913 -0
    outer loop
      vertex 50.0178 70.7678 27.3
      vertex 49.7719 70.9834 29.3
      vertex 50.0178 70.7678 29.3
    endloop
  endfacet
  facet normal 0.659262 0.751913 0
    outer loop
      vertex 49.7719 70.9834 29.3
      vertex 50.0178 70.7678 27.3
      vertex 49.7719 70.9834 27.3
    endloop
  endfacet
  facet normal -0.831438 0.555617 0
    outer loop
      vertex 46.0849 70.25 27.3
      vertex 46.2666 70.5219 29.3
      vertex 46.2666 70.5219 27.3
    endloop
  endfacet
  facet normal -0.831438 0.555617 0
    outer loop
      vertex 46.2666 70.5219 29.3
      vertex 46.0849 70.25 27.3
      vertex 46.0849 70.25 29.3
    endloop
  endfacet
  facet normal -0.751913 0.659262 0
    outer loop
      vertex 46.2666 70.5219 27.3
      vertex 46.4822 70.7678 29.3
      vertex 46.4822 70.7678 27.3
    endloop
  endfacet
  facet normal -0.751913 0.659262 0
    outer loop
      vertex 46.4822 70.7678 29.3
      vertex 46.2666 70.5219 27.3
      vertex 46.2666 70.5219 29.3
    endloop
  endfacet
  facet normal -0.946957 0.32136 0
    outer loop
      vertex 45.8352 69.647 27.3
      vertex 45.9403 69.9567 29.3
      vertex 45.9403 69.9567 27.3
    endloop
  endfacet
  facet normal -0.946957 0.32136 0
    outer loop
      vertex 45.9403 69.9567 29.3
      vertex 45.8352 69.647 27.3
      vertex 45.8352 69.647 29.3
    endloop
  endfacet
  facet normal -0.98078 0.195116 0
    outer loop
      vertex 45.7714 69.3263 27.3
      vertex 45.8352 69.647 29.3
      vertex 45.8352 69.647 27.3
    endloop
  endfacet
  facet normal -0.98078 0.195116 0
    outer loop
      vertex 45.8352 69.647 29.3
      vertex 45.7714 69.3263 27.3
      vertex 45.7714 69.3263 29.3
    endloop
  endfacet
  facet normal -0.555617 0.831438 0
    outer loop
      vertex 47 71.1651 27.3
      vertex 46.7281 70.9834 29.3
      vertex 47 71.1651 29.3
    endloop
  endfacet
  facet normal -0.555617 0.831438 0
    outer loop
      vertex 46.7281 70.9834 29.3
      vertex 47 71.1651 27.3
      vertex 46.7281 70.9834 27.3
    endloop
  endfacet
  facet normal -0.195116 0.98078 0
    outer loop
      vertex 47.9237 71.4786 27.3
      vertex 47.603 71.4148 29.3
      vertex 47.9237 71.4786 29.3
    endloop
  endfacet
  facet normal -0.195116 0.98078 0
    outer loop
      vertex 47.603 71.4148 29.3
      vertex 47.9237 71.4786 27.3
      vertex 47.603 71.4148 27.3
    endloop
  endfacet
  facet normal 0.997856 -0.0654432 0
    outer loop
      vertex 50.7286 68.6737 29.3
      vertex 50.75 69 27.3
      vertex 50.75 69 29.3
    endloop
  endfacet
  facet normal 0.997856 -0.0654432 0
    outer loop
      vertex 50.75 69 27.3
      vertex 50.7286 68.6737 29.3
      vertex 50.7286 68.6737 27.3
    endloop
  endfacet
  facet normal 0.195116 -0.98078 0
    outer loop
      vertex 48.5763 66.5214 27.3
      vertex 48.897 66.5852 29.3
      vertex 48.5763 66.5214 29.3
    endloop
  endfacet
  facet normal 0.195116 -0.98078 0
    outer loop
      vertex 48.897 66.5852 29.3
      vertex 48.5763 66.5214 27.3
      vertex 48.897 66.5852 27.3
    endloop
  endfacet
  facet normal 0.555617 -0.831438 0
    outer loop
      vertex 49.5 66.8349 27.3
      vertex 49.7719 67.0166 29.3
      vertex 49.5 66.8349 29.3
    endloop
  endfacet
  facet normal 0.555617 -0.831438 0
    outer loop
      vertex 49.7719 67.0166 29.3
      vertex 49.5 66.8349 27.3
      vertex 49.7719 67.0166 27.3
    endloop
  endfacet
  facet normal 0.751913 -0.659262 0
    outer loop
      vertex 50.0178 67.2322 29.3
      vertex 50.2334 67.4781 27.3
      vertex 50.2334 67.4781 29.3
    endloop
  endfacet
  facet normal 0.751913 -0.659262 0
    outer loop
      vertex 50.2334 67.4781 27.3
      vertex 50.0178 67.2322 29.3
      vertex 50.0178 67.2322 27.3
    endloop
  endfacet
  facet normal -0.659262 -0.751913 0
    outer loop
      vertex 46.4822 67.2322 27.3
      vertex 46.7281 67.0166 29.3
      vertex 46.4822 67.2322 29.3
    endloop
  endfacet
  facet normal -0.659262 -0.751913 -0
    outer loop
      vertex 46.7281 67.0166 29.3
      vertex 46.4822 67.2322 27.3
      vertex 46.7281 67.0166 27.3
    endloop
  endfacet
  facet normal -0.442191 -0.896921 0
    outer loop
      vertex 47 66.8349 27.3
      vertex 47.2933 66.6903 29.3
      vertex 47 66.8349 29.3
    endloop
  endfacet
  facet normal -0.442191 -0.896921 -0
    outer loop
      vertex 47.2933 66.6903 29.3
      vertex 47 66.8349 27.3
      vertex 47.2933 66.6903 27.3
    endloop
  endfacet
  facet normal -0.32136 -0.946957 0
    outer loop
      vertex 47.2933 66.6903 27.3
      vertex 47.603 66.5852 29.3
      vertex 47.2933 66.6903 29.3
    endloop
  endfacet
  facet normal -0.32136 -0.946957 -0
    outer loop
      vertex 47.603 66.5852 29.3
      vertex 47.2933 66.6903 27.3
      vertex 47.603 66.5852 27.3
    endloop
  endfacet
  facet normal -0.0654432 -0.997856 0
    outer loop
      vertex 47.9237 66.5214 27.3
      vertex 48.25 66.5 29.3
      vertex 47.9237 66.5214 29.3
    endloop
  endfacet
  facet normal -0.0654432 -0.997856 -0
    outer loop
      vertex 48.25 66.5 29.3
      vertex 47.9237 66.5214 27.3
      vertex 48.25 66.5 27.3
    endloop
  endfacet
  facet normal -0.831438 -0.555617 0
    outer loop
      vertex 46.2666 67.4781 27.3
      vertex 46.0849 67.75 29.3
      vertex 46.0849 67.75 27.3
    endloop
  endfacet
  facet normal -0.831438 -0.555617 0
    outer loop
      vertex 46.0849 67.75 29.3
      vertex 46.2666 67.4781 27.3
      vertex 46.2666 67.4781 29.3
    endloop
  endfacet
  facet normal -0.98078 -0.195116 0
    outer loop
      vertex 45.8352 68.353 27.3
      vertex 45.7714 68.6737 29.3
      vertex 45.7714 68.6737 27.3
    endloop
  endfacet
  facet normal -0.98078 -0.195116 0
    outer loop
      vertex 45.7714 68.6737 29.3
      vertex 45.8352 68.353 27.3
      vertex 45.8352 68.353 29.3
    endloop
  endfacet
  facet normal 0.32136 -0.946957 0
    outer loop
      vertex 48.897 66.5852 27.3
      vertex 49.2067 66.6903 29.3
      vertex 48.897 66.5852 29.3
    endloop
  endfacet
  facet normal 0.32136 -0.946957 0
    outer loop
      vertex 49.2067 66.6903 29.3
      vertex 48.897 66.5852 27.3
      vertex 49.2067 66.6903 27.3
    endloop
  endfacet
  facet normal 0.659262 -0.751913 0
    outer loop
      vertex 49.7719 67.0166 27.3
      vertex 50.0178 67.2322 29.3
      vertex 49.7719 67.0166 29.3
    endloop
  endfacet
  facet normal 0.659262 -0.751913 0
    outer loop
      vertex 50.0178 67.2322 29.3
      vertex 49.7719 67.0166 27.3
      vertex 50.0178 67.2322 27.3
    endloop
  endfacet
  facet normal 0.896921 -0.442191 0
    outer loop
      vertex 50.4151 67.75 29.3
      vertex 50.5597 68.0433 27.3
      vertex 50.5597 68.0433 29.3
    endloop
  endfacet
  facet normal 0.896921 -0.442191 0
    outer loop
      vertex 50.5597 68.0433 27.3
      vertex 50.4151 67.75 29.3
      vertex 50.4151 67.75 27.3
    endloop
  endfacet
  facet normal 0.98078 -0.195116 0
    outer loop
      vertex 50.6648 68.353 29.3
      vertex 50.7286 68.6737 27.3
      vertex 50.7286 68.6737 29.3
    endloop
  endfacet
  facet normal 0.98078 -0.195116 0
    outer loop
      vertex 50.7286 68.6737 27.3
      vertex 50.6648 68.353 29.3
      vertex 50.6648 68.353 27.3
    endloop
  endfacet
  facet normal -0.555617 -0.831438 0
    outer loop
      vertex 46.7281 67.0166 27.3
      vertex 47 66.8349 29.3
      vertex 46.7281 67.0166 29.3
    endloop
  endfacet
  facet normal -0.555617 -0.831438 -0
    outer loop
      vertex 47 66.8349 29.3
      vertex 46.7281 67.0166 27.3
      vertex 47 66.8349 27.3
    endloop
  endfacet
  facet normal -0.195116 -0.98078 0
    outer loop
      vertex 47.603 66.5852 27.3
      vertex 47.9237 66.5214 29.3
      vertex 47.603 66.5852 29.3
    endloop
  endfacet
  facet normal -0.195116 -0.98078 -0
    outer loop
      vertex 47.9237 66.5214 29.3
      vertex 47.603 66.5852 27.3
      vertex 47.9237 66.5214 27.3
    endloop
  endfacet
  facet normal 0.831438 -0.555617 0
    outer loop
      vertex 50.2334 67.4781 29.3
      vertex 50.4151 67.75 27.3
      vertex 50.4151 67.75 29.3
    endloop
  endfacet
  facet normal 0.831438 -0.555617 0
    outer loop
      vertex 50.4151 67.75 27.3
      vertex 50.2334 67.4781 29.3
      vertex 50.2334 67.4781 27.3
    endloop
  endfacet
  facet normal 0.866023 0.500004 0
    outer loop
      vertex 50.56 69 24
      vertex 49.405 71.0005 22.4
      vertex 49.405 71.0005 24
    endloop
  endfacet
  facet normal 0.866023 0.500004 0
    outer loop
      vertex 49.405 71.0005 22.4
      vertex 50.56 69 24
      vertex 50.56 69 22.4
    endloop
  endfacet
  facet normal -0.866023 0.500004 0
    outer loop
      vertex 45.94 69 22.4
      vertex 47.095 71.0005 24
      vertex 47.095 71.0005 22.4
    endloop
  endfacet
  facet normal -0.866023 0.500004 0
    outer loop
      vertex 47.095 71.0005 24
      vertex 45.94 69 22.4
      vertex 45.94 69 24
    endloop
  endfacet
  facet normal 0 1 -0
    outer loop
      vertex 49.405 71.0005 22.4
      vertex 47.095 71.0005 24
      vertex 49.405 71.0005 24
    endloop
  endfacet
  facet normal 0 1 0
    outer loop
      vertex 47.095 71.0005 24
      vertex 49.405 71.0005 22.4
      vertex 47.095 71.0005 22.4
    endloop
  endfacet
  facet normal -0.866023 -0.500004 0
    outer loop
      vertex 47.095 66.9995 22.4
      vertex 45.94 69 24
      vertex 45.94 69 22.4
    endloop
  endfacet
  facet normal -0.866023 -0.500004 0
    outer loop
      vertex 45.94 69 24
      vertex 47.095 66.9995 22.4
      vertex 47.095 66.9995 24
    endloop
  endfacet
  facet normal -0 0 1
    outer loop
      vertex 49.116 69.5 24
      vertex 50.56 69 24
      vertex 49.405 71.0005 24
    endloop
  endfacet
  facet normal 0 0 1
    outer loop
      vertex 49.2414 68.8695 24
      vertex 50.56 69 24
      vertex 49.25 69 24
    endloop
  endfacet
  facet normal 0 0 1
    outer loop
      vertex 50.56 69 24
      vertex 49.2414 69.1305 24
      vertex 49.25 69 24
    endloop
  endfacet
  facet normal 0 0 1
    outer loop
      vertex 50.56 69 24
      vertex 49.2159 69.2588 24
      vertex 49.2414 69.1305 24
    endloop
  endfacet
  facet normal 0 0 1
    outer loop
      vertex 50.56 69 24
      vertex 49.1739 69.3827 24
      vertex 49.2159 69.2588 24
    endloop
  endfacet
  facet normal 0 0 1
    outer loop
      vertex 50.56 69 24
      vertex 49.116 69.5 24
      vertex 49.1739 69.3827 24
    endloop
  endfacet
  facet normal 0 0 1
    outer loop
      vertex 49.405 71.0005 24
      vertex 49.0434 69.6088 24
      vertex 49.116 69.5 24
    endloop
  endfacet
  facet normal 0 0 1
    outer loop
      vertex 49.405 71.0005 24
      vertex 48.9571 69.7071 24
      vertex 49.0434 69.6088 24
    endloop
  endfacet
  facet normal 0 0 1
    outer loop
      vertex 49.405 71.0005 24
      vertex 48.8588 69.7934 24
      vertex 48.9571 69.7071 24
    endloop
  endfacet
  facet normal 0 0 1
    outer loop
      vertex 49.405 71.0005 24
      vertex 48.75 69.866 24
      vertex 48.8588 69.7934 24
    endloop
  endfacet
  facet normal 0 0 1
    outer loop
      vertex 49.405 71.0005 24
      vertex 48.6327 69.9239 24
      vertex 48.75 69.866 24
    endloop
  endfacet
  facet normal 0 0 1
    outer loop
      vertex 49.405 71.0005 24
      vertex 48.5088 69.9659 24
      vertex 48.6327 69.9239 24
    endloop
  endfacet
  facet normal 0 0 1
    outer loop
      vertex 49.405 71.0005 24
      vertex 48.3805 69.9914 24
      vertex 48.5088 69.9659 24
    endloop
  endfacet
  facet normal 0 0 1
    outer loop
      vertex 49.405 71.0005 24
      vertex 48.25 70 24
      vertex 48.3805 69.9914 24
    endloop
  endfacet
  facet normal -0 0 1
    outer loop
      vertex 47.095 71.0005 24
      vertex 48.25 70 24
      vertex 49.405 71.0005 24
    endloop
  endfacet
  facet normal 0 0 1
    outer loop
      vertex 48.25 70 24
      vertex 47.095 71.0005 24
      vertex 48.1195 69.9914 24
    endloop
  endfacet
  facet normal 0 0 1
    outer loop
      vertex 48.1195 69.9914 24
      vertex 47.095 71.0005 24
      vertex 47.9912 69.9659 24
    endloop
  endfacet
  facet normal 0 0 1
    outer loop
      vertex 47.9912 69.9659 24
      vertex 47.095 71.0005 24
      vertex 47.8673 69.9239 24
    endloop
  endfacet
  facet normal 0 0 1
    outer loop
      vertex 47.8673 69.9239 24
      vertex 47.095 71.0005 24
      vertex 47.75 69.866 24
    endloop
  endfacet
  facet normal 0 0 1
    outer loop
      vertex 47.2841 69.2588 24
      vertex 45.94 69 24
      vertex 47.2586 69.1305 24
    endloop
  endfacet
  facet normal 0 0 1
    outer loop
      vertex 47.3261 69.3827 24
      vertex 45.94 69 24
      vertex 47.2841 69.2588 24
    endloop
  endfacet
  facet normal 0 0 1
    outer loop
      vertex 47.384 69.5 24
      vertex 45.94 69 24
      vertex 47.3261 69.3827 24
    endloop
  endfacet
  facet normal 0 0 1
    outer loop
      vertex 45.94 69 24
      vertex 47.384 69.5 24
      vertex 47.095 71.0005 24
    endloop
  endfacet
  facet normal 0 0 1
    outer loop
      vertex 47.4566 69.6088 24
      vertex 47.095 71.0005 24
      vertex 47.384 69.5 24
    endloop
  endfacet
  facet normal 0 0 1
    outer loop
      vertex 47.5429 69.7071 24
      vertex 47.095 71.0005 24
      vertex 47.4566 69.6088 24
    endloop
  endfacet
  facet normal 0 0 1
    outer loop
      vertex 47.6412 69.7934 24
      vertex 47.095 71.0005 24
      vertex 47.5429 69.7071 24
    endloop
  endfacet
  facet normal 0 0 1
    outer loop
      vertex 47.75 69.866 24
      vertex 47.095 71.0005 24
      vertex 47.6412 69.7934 24
    endloop
  endfacet
  facet normal 0 0 1
    outer loop
      vertex 49.2159 68.7412 24
      vertex 50.56 69 24
      vertex 49.2414 68.8695 24
    endloop
  endfacet
  facet normal 0 0 1
    outer loop
      vertex 49.1739 68.6173 24
      vertex 50.56 69 24
      vertex 49.2159 68.7412 24
    endloop
  endfacet
  facet normal 0 0 1
    outer loop
      vertex 49.116 68.5 24
      vertex 50.56 69 24
      vertex 49.1739 68.6173 24
    endloop
  endfacet
  facet normal 0 0 1
    outer loop
      vertex 50.56 69 24
      vertex 49.116 68.5 24
      vertex 49.405 66.9995 24
    endloop
  endfacet
  facet normal -0 0 1
    outer loop
      vertex 49.0434 68.3912 24
      vertex 49.405 66.9995 24
      vertex 49.116 68.5 24
    endloop
  endfacet
  facet normal -0 0 1
    outer loop
      vertex 48.9571 68.2929 24
      vertex 49.405 66.9995 24
      vertex 49.0434 68.3912 24
    endloop
  endfacet
  facet normal -0 0 1
    outer loop
      vertex 48.8588 68.2066 24
      vertex 49.405 66.9995 24
      vertex 48.9571 68.2929 24
    endloop
  endfacet
  facet normal -0 0 1
    outer loop
      vertex 48.75 68.134 24
      vertex 49.405 66.9995 24
      vertex 48.8588 68.2066 24
    endloop
  endfacet
  facet normal -0 0 1
    outer loop
      vertex 48.6327 68.0761 24
      vertex 49.405 66.9995 24
      vertex 48.75 68.134 24
    endloop
  endfacet
  facet normal -0 0 1
    outer loop
      vertex 48.5088 68.0341 24
      vertex 49.405 66.9995 24
      vertex 48.6327 68.0761 24
    endloop
  endfacet
  facet normal -0 0 1
    outer loop
      vertex 48.3805 68.0086 24
      vertex 49.405 66.9995 24
      vertex 48.5088 68.0341 24
    endloop
  endfacet
  facet normal -0 0 1
    outer loop
      vertex 48.25 68 24
      vertex 49.405 66.9995 24
      vertex 48.3805 68.0086 24
    endloop
  endfacet
  facet normal 0 0 1
    outer loop
      vertex 47.095 66.9995 24
      vertex 48.25 68 24
      vertex 48.1195 68.0086 24
    endloop
  endfacet
  facet normal 0 0 1
    outer loop
      vertex 47.095 66.9995 24
      vertex 48.1195 68.0086 24
      vertex 47.9912 68.0341 24
    endloop
  endfacet
  facet normal 0 0 1
    outer loop
      vertex 47.095 66.9995 24
      vertex 47.9912 68.0341 24
      vertex 47.8673 68.0761 24
    endloop
  endfacet
  facet normal 0 0 1
    outer loop
      vertex 47.095 66.9995 24
      vertex 47.8673 68.0761 24
      vertex 47.75 68.134 24
    endloop
  endfacet
  facet normal 0 0 1
    outer loop
      vertex 47.095 66.9995 24
      vertex 47.75 68.134 24
      vertex 47.6412 68.2066 24
    endloop
  endfacet
  facet normal 0 0 1
    outer loop
      vertex 47.2586 69.1305 24
      vertex 45.94 69 24
      vertex 47.25 69 24
    endloop
  endfacet
  facet normal 0 0 1
    outer loop
      vertex 48.25 68 24
      vertex 47.095 66.9995 24
      vertex 49.405 66.9995 24
    endloop
  endfacet
  facet normal 0 0 1
    outer loop
      vertex 47.5429 68.2929 24
      vertex 47.095 66.9995 24
      vertex 47.6412 68.2066 24
    endloop
  endfacet
  facet normal 0 0 1
    outer loop
      vertex 47.4566 68.3912 24
      vertex 47.095 66.9995 24
      vertex 47.5429 68.2929 24
    endloop
  endfacet
  facet normal 0 0 1
    outer loop
      vertex 47.384 68.5 24
      vertex 47.095 66.9995 24
      vertex 47.4566 68.3912 24
    endloop
  endfacet
  facet normal 0 0 1
    outer loop
      vertex 45.94 69 24
      vertex 47.384 68.5 24
      vertex 47.3261 68.6173 24
    endloop
  endfacet
  facet normal 0 0 1
    outer loop
      vertex 45.94 69 24
      vertex 47.3261 68.6173 24
      vertex 47.2841 68.7412 24
    endloop
  endfacet
  facet normal 0 0 1
    outer loop
      vertex 45.94 69 24
      vertex 47.2841 68.7412 24
      vertex 47.2586 68.8695 24
    endloop
  endfacet
  facet normal 0 0 1
    outer loop
      vertex 47.25 69 24
      vertex 45.94 69 24
      vertex 47.2586 68.8695 24
    endloop
  endfacet
  facet normal 0 0 1
    outer loop
      vertex 47.384 68.5 24
      vertex 45.94 69 24
      vertex 47.095 66.9995 24
    endloop
  endfacet
  facet normal 0.866023 -0.500004 0
    outer loop
      vertex 49.405 66.9995 24
      vertex 50.56 69 22.4
      vertex 50.56 69 24
    endloop
  endfacet
  facet normal 0.866023 -0.500004 0
    outer loop
      vertex 50.56 69 22.4
      vertex 49.405 66.9995 24
      vertex 49.405 66.9995 22.4
    endloop
  endfacet
  facet normal 0 -1 0
    outer loop
      vertex 47.095 66.9995 22.4
      vertex 49.405 66.9995 24
      vertex 47.095 66.9995 24
    endloop
  endfacet
  facet normal 0 -1 -0
    outer loop
      vertex 49.405 66.9995 24
      vertex 47.095 66.9995 22.4
      vertex 49.405 66.9995 22.4
    endloop
  endfacet
endsolid OpenSCAD_Model
