solid OpenSCAD_Model
  facet normal 0.997856 0.0654532 0
    outer loop
      vertex -1.75 78 30.6
      vertex -1.75856 78.1305 24
      vertex -1.75856 78.1305 30.6
    endloop
  endfacet
  facet normal 0.997856 0.0654532 0
    outer loop
      vertex -1.75856 78.1305 24
      vertex -1.75 78 30.6
      vertex -1.75 78 24
    endloop
  endfacet
  facet normal -0.997856 0.0654532 0
    outer loop
      vertex -3.75 78 24
      vertex -3.74144 78.1305 30.6
      vertex -3.74144 78.1305 24
    endloop
  endfacet
  facet normal -0.997856 0.0654532 0
    outer loop
      vertex -3.74144 78.1305 30.6
      vertex -3.75 78 24
      vertex -3.75 78 30.6
    endloop
  endfacet
  facet normal 0.0657427 0.997837 -0
    outer loop
      vertex -2.61947 78.9914 24
      vertex -2.75 79 30.6
      vertex -2.61947 78.9914 30.6
    endloop
  endfacet
  facet normal 0.0657427 0.997837 0
    outer loop
      vertex -2.75 79 30.6
      vertex -2.61947 78.9914 24
      vertex -2.75 79 24
    endloop
  endfacet
  facet normal 0.751714 0.659489 0
    outer loop
      vertex -1.95665 78.6088 30.6
      vertex -2.04289 78.7071 24
      vertex -2.04289 78.7071 30.6
    endloop
  endfacet
  facet normal 0.751714 0.659489 0
    outer loop
      vertex -2.04289 78.7071 24
      vertex -1.95665 78.6088 30.6
      vertex -1.95665 78.6088 24
    endloop
  endfacet
  facet normal -0.659559 0.751653 0
    outer loop
      vertex -3.35876 78.7934 24
      vertex -3.45711 78.7071 30.6
      vertex -3.35876 78.7934 30.6
    endloop
  endfacet
  facet normal -0.659559 0.751653 0
    outer loop
      vertex -3.45711 78.7071 30.6
      vertex -3.35876 78.7934 24
      vertex -3.45711 78.7071 24
    endloop
  endfacet
  facet normal -0.321132 0.947034 0
    outer loop
      vertex -3.00882 78.9659 24
      vertex -3.13268 78.9239 30.6
      vertex -3.00882 78.9659 30.6
    endloop
  endfacet
  facet normal -0.321132 0.947034 0
    outer loop
      vertex -3.13268 78.9239 30.6
      vertex -3.00882 78.9659 24
      vertex -3.13268 78.9239 24
    endloop
  endfacet
  facet normal 0.89683 0.442375 0
    outer loop
      vertex -1.82612 78.3827 30.6
      vertex -1.88398 78.5 24
      vertex -1.88398 78.5 30.6
    endloop
  endfacet
  facet normal 0.89683 0.442375 0
    outer loop
      vertex -1.88398 78.5 24
      vertex -1.82612 78.3827 30.6
      vertex -1.82612 78.3827 24
    endloop
  endfacet
  facet normal 0.980801 0.195013 0
    outer loop
      vertex -1.75856 78.1305 30.6
      vertex -1.78407 78.2588 24
      vertex -1.78407 78.2588 30.6
    endloop
  endfacet
  facet normal 0.980801 0.195013 0
    outer loop
      vertex -1.78407 78.2588 24
      vertex -1.75856 78.1305 30.6
      vertex -1.75856 78.1305 24
    endloop
  endfacet
  facet normal 0.831568 0.555423 0
    outer loop
      vertex -1.88398 78.5 30.6
      vertex -1.95665 78.6088 24
      vertex -1.95665 78.6088 30.6
    endloop
  endfacet
  facet normal 0.831568 0.555423 0
    outer loop
      vertex -1.95665 78.6088 24
      vertex -1.88398 78.5 30.6
      vertex -1.88398 78.5 24
    endloop
  endfacet
  facet normal 0.44256 0.896739 -0
    outer loop
      vertex -2.25 78.866 24
      vertex -2.36732 78.9239 30.6
      vertex -2.25 78.866 30.6
    endloop
  endfacet
  facet normal 0.44256 0.896739 0
    outer loop
      vertex -2.36732 78.9239 30.6
      vertex -2.25 78.866 24
      vertex -2.36732 78.9239 24
    endloop
  endfacet
  facet normal 0.321132 0.947034 -0
    outer loop
      vertex -2.36732 78.9239 24
      vertex -2.49118 78.9659 30.6
      vertex -2.36732 78.9239 30.6
    endloop
  endfacet
  facet normal 0.321132 0.947034 0
    outer loop
      vertex -2.49118 78.9659 30.6
      vertex -2.36732 78.9239 24
      vertex -2.49118 78.9659 24
    endloop
  endfacet
  facet normal 0.555194 0.831721 -0
    outer loop
      vertex -2.14124 78.7934 24
      vertex -2.25 78.866 30.6
      vertex -2.14124 78.7934 30.6
    endloop
  endfacet
  facet normal 0.555194 0.831721 0
    outer loop
      vertex -2.25 78.866 30.6
      vertex -2.14124 78.7934 24
      vertex -2.25 78.866 24
    endloop
  endfacet
  facet normal -0.89683 0.442375 0
    outer loop
      vertex -3.67388 78.3827 24
      vertex -3.61602 78.5 30.6
      vertex -3.61602 78.5 24
    endloop
  endfacet
  facet normal -0.89683 0.442375 0
    outer loop
      vertex -3.61602 78.5 30.6
      vertex -3.67388 78.3827 24
      vertex -3.67388 78.3827 30.6
    endloop
  endfacet
  facet normal -0.94695 0.321382 0
    outer loop
      vertex -3.71593 78.2588 24
      vertex -3.67388 78.3827 30.6
      vertex -3.67388 78.3827 24
    endloop
  endfacet
  facet normal -0.94695 0.321382 0
    outer loop
      vertex -3.67388 78.3827 30.6
      vertex -3.71593 78.2588 24
      vertex -3.71593 78.2588 30.6
    endloop
  endfacet
  facet normal -0.44256 0.896739 0
    outer loop
      vertex -3.13268 78.9239 24
      vertex -3.25 78.866 30.6
      vertex -3.13268 78.9239 30.6
    endloop
  endfacet
  facet normal -0.44256 0.896739 0
    outer loop
      vertex -3.25 78.866 30.6
      vertex -3.13268 78.9239 24
      vertex -3.25 78.866 24
    endloop
  endfacet
  facet normal -0.194955 0.980812 0
    outer loop
      vertex -2.88053 78.9914 24
      vertex -3.00882 78.9659 30.6
      vertex -2.88053 78.9914 30.6
    endloop
  endfacet
  facet normal -0.194955 0.980812 0
    outer loop
      vertex -3.00882 78.9659 30.6
      vertex -2.88053 78.9914 24
      vertex -3.00882 78.9659 24
    endloop
  endfacet
  facet normal 0.44256 -0.896739 0
    outer loop
      vertex -2.36732 77.0761 24
      vertex -2.25 77.134 30.6
      vertex -2.36732 77.0761 30.6
    endloop
  endfacet
  facet normal 0.44256 -0.896739 0
    outer loop
      vertex -2.25 77.134 30.6
      vertex -2.36732 77.0761 24
      vertex -2.25 77.134 24
    endloop
  endfacet
  facet normal -0.321132 -0.947034 0
    outer loop
      vertex -3.13268 77.0761 24
      vertex -3.00882 77.0341 30.6
      vertex -3.13268 77.0761 30.6
    endloop
  endfacet
  facet normal -0.321132 -0.947034 -0
    outer loop
      vertex -3.00882 77.0341 30.6
      vertex -3.13268 77.0761 24
      vertex -3.00882 77.0341 24
    endloop
  endfacet
  facet normal -0.89683 -0.442375 0
    outer loop
      vertex -3.61602 77.5 24
      vertex -3.67388 77.6173 30.6
      vertex -3.67388 77.6173 24
    endloop
  endfacet
  facet normal -0.89683 -0.442375 0
    outer loop
      vertex -3.67388 77.6173 30.6
      vertex -3.61602 77.5 24
      vertex -3.61602 77.5 30.6
    endloop
  endfacet
  facet normal 0 0 -1
    outer loop
      vertex -1.595 75.9995 22.4
      vertex -1.595 80.0005 22.4
      vertex -0.440001 78 22.4
    endloop
  endfacet
  facet normal 0 0 -1
    outer loop
      vertex -3.905 75.9995 22.4
      vertex -1.595 80.0005 22.4
      vertex -1.595 75.9995 22.4
    endloop
  endfacet
  facet normal 0 0 -1
    outer loop
      vertex -3.905 75.9995 22.4
      vertex -3.905 80.0005 22.4
      vertex -1.595 80.0005 22.4
    endloop
  endfacet
  facet normal 0 -0 -1
    outer loop
      vertex -3.905 80.0005 22.4
      vertex -3.905 75.9995 22.4
      vertex -5.06 78 22.4
    endloop
  endfacet
  facet normal 0.94695 0.321382 0
    outer loop
      vertex -1.78407 78.2588 30.6
      vertex -1.82612 78.3827 24
      vertex -1.82612 78.3827 30.6
    endloop
  endfacet
  facet normal 0.94695 0.321382 0
    outer loop
      vertex -1.82612 78.3827 24
      vertex -1.78407 78.2588 30.6
      vertex -1.78407 78.2588 24
    endloop
  endfacet
  facet normal 0.194955 0.980812 -0
    outer loop
      vertex -2.49118 78.9659 24
      vertex -2.61947 78.9914 30.6
      vertex -2.49118 78.9659 30.6
    endloop
  endfacet
  facet normal 0.194955 0.980812 0
    outer loop
      vertex -2.61947 78.9914 30.6
      vertex -2.49118 78.9659 24
      vertex -2.61947 78.9914 24
    endloop
  endfacet
  facet normal 0.659559 0.751653 -0
    outer loop
      vertex -2.04289 78.7071 24
      vertex -2.14124 78.7934 30.6
      vertex -2.04289 78.7071 30.6
    endloop
  endfacet
  facet normal 0.659559 0.751653 0
    outer loop
      vertex -2.14124 78.7934 30.6
      vertex -2.04289 78.7071 24
      vertex -2.14124 78.7934 24
    endloop
  endfacet
  facet normal -0.831568 0.555423 0
    outer loop
      vertex -3.61602 78.5 24
      vertex -3.54335 78.6088 30.6
      vertex -3.54335 78.6088 24
    endloop
  endfacet
  facet normal -0.831568 0.555423 0
    outer loop
      vertex -3.54335 78.6088 30.6
      vertex -3.61602 78.5 24
      vertex -3.61602 78.5 30.6
    endloop
  endfacet
  facet normal -0.751714 0.659489 0
    outer loop
      vertex -3.54335 78.6088 24
      vertex -3.45711 78.7071 30.6
      vertex -3.45711 78.7071 24
    endloop
  endfacet
  facet normal -0.751714 0.659489 0
    outer loop
      vertex -3.45711 78.7071 30.6
      vertex -3.54335 78.6088 24
      vertex -3.54335 78.6088 30.6
    endloop
  endfacet
  facet normal -0.980801 0.195013 0
    outer loop
      vertex -3.74144 78.1305 24
      vertex -3.71593 78.2588 30.6
      vertex -3.71593 78.2588 24
    endloop
  endfacet
  facet normal -0.980801 0.195013 0
    outer loop
      vertex -3.71593 78.2588 30.6
      vertex -3.74144 78.1305 24
      vertex -3.74144 78.1305 30.6
    endloop
  endfacet
  facet normal 0 0 -1
    outer loop
      vertex -1.75 78 30.6
      vertex -0.25 78 30.6
      vertex -0.271388 77.6737 30.6
    endloop
  endfacet
  facet normal 0 0 -1
    outer loop
      vertex -1.75856 77.8695 30.6
      vertex -0.271388 77.6737 30.6
      vertex -0.335186 77.353 30.6
    endloop
  endfacet
  facet normal 0 0 -1
    outer loop
      vertex -0.25 78 30.6
      vertex -1.75 78 30.6
      vertex -0.271388 78.3263 30.6
    endloop
  endfacet
  facet normal 0 0 -1
    outer loop
      vertex -1.78407 77.7412 30.6
      vertex -0.335186 77.353 30.6
      vertex -0.440302 77.0433 30.6
    endloop
  endfacet
  facet normal 0 0 -1
    outer loop
      vertex -1.75856 78.1305 30.6
      vertex -0.271388 78.3263 30.6
      vertex -1.75 78 30.6
    endloop
  endfacet
  facet normal 0 0 -1
    outer loop
      vertex -1.82612 77.6173 30.6
      vertex -0.440302 77.0433 30.6
      vertex -0.584937 76.75 30.6
    endloop
  endfacet
  facet normal -0 0 -1
    outer loop
      vertex -0.271388 78.3263 30.6
      vertex -1.75856 78.1305 30.6
      vertex -0.335186 78.647 30.6
    endloop
  endfacet
  facet normal 0 0 -1
    outer loop
      vertex -1.88398 77.5 30.6
      vertex -0.584937 76.75 30.6
      vertex -0.766617 76.4781 30.6
    endloop
  endfacet
  facet normal 0 0 -1
    outer loop
      vertex -1.78407 78.2588 30.6
      vertex -0.335186 78.647 30.6
      vertex -1.75856 78.1305 30.6
    endloop
  endfacet
  facet normal 0 0 -1
    outer loop
      vertex -1.95665 77.3912 30.6
      vertex -0.766617 76.4781 30.6
      vertex -0.982233 76.2322 30.6
    endloop
  endfacet
  facet normal -0 0 -1
    outer loop
      vertex -0.335186 78.647 30.6
      vertex -1.78407 78.2588 30.6
      vertex -0.440302 78.9567 30.6
    endloop
  endfacet
  facet normal 0 0 -1
    outer loop
      vertex -2.04289 77.2929 30.6
      vertex -0.982233 76.2322 30.6
      vertex -1.2281 76.0166 30.6
    endloop
  endfacet
  facet normal 0 0 -1
    outer loop
      vertex -1.82612 78.3827 30.6
      vertex -0.440302 78.9567 30.6
      vertex -1.78407 78.2588 30.6
    endloop
  endfacet
  facet normal 0 0 -1
    outer loop
      vertex -2.14124 77.2066 30.6
      vertex -1.2281 76.0166 30.6
      vertex -1.5 75.8349 30.6
    endloop
  endfacet
  facet normal -0 0 -1
    outer loop
      vertex -0.440302 78.9567 30.6
      vertex -1.82612 78.3827 30.6
      vertex -0.584937 79.25 30.6
    endloop
  endfacet
  facet normal 0 0 -1
    outer loop
      vertex -1.88398 78.5 30.6
      vertex -0.584937 79.25 30.6
      vertex -1.82612 78.3827 30.6
    endloop
  endfacet
  facet normal 0 0 -1
    outer loop
      vertex -0.271388 77.6737 30.6
      vertex -1.75856 77.8695 30.6
      vertex -1.75 78 30.6
    endloop
  endfacet
  facet normal 0 0 -1
    outer loop
      vertex -0.335186 77.353 30.6
      vertex -1.78407 77.7412 30.6
      vertex -1.75856 77.8695 30.6
    endloop
  endfacet
  facet normal 0 0 -1
    outer loop
      vertex -2.25 77.134 30.6
      vertex -1.5 75.8349 30.6
      vertex -1.79329 75.6903 30.6
    endloop
  endfacet
  facet normal 0 0 -1
    outer loop
      vertex -0.440302 77.0433 30.6
      vertex -1.82612 77.6173 30.6
      vertex -1.78407 77.7412 30.6
    endloop
  endfacet
  facet normal 0 0 -1
    outer loop
      vertex -0.584937 76.75 30.6
      vertex -1.88398 77.5 30.6
      vertex -1.82612 77.6173 30.6
    endloop
  endfacet
  facet normal 0 0 -1
    outer loop
      vertex -0.766617 76.4781 30.6
      vertex -1.95665 77.3912 30.6
      vertex -1.88398 77.5 30.6
    endloop
  endfacet
  facet normal 0 0 -1
    outer loop
      vertex -0.982233 76.2322 30.6
      vertex -2.04289 77.2929 30.6
      vertex -1.95665 77.3912 30.6
    endloop
  endfacet
  facet normal 0 0 -1
    outer loop
      vertex -2.36732 77.0761 30.6
      vertex -1.79329 75.6903 30.6
      vertex -2.10295 75.5852 30.6
    endloop
  endfacet
  facet normal 0 0 -1
    outer loop
      vertex -1.2281 76.0166 30.6
      vertex -2.14124 77.2066 30.6
      vertex -2.04289 77.2929 30.6
    endloop
  endfacet
  facet normal 0 0 -1
    outer loop
      vertex -1.5 75.8349 30.6
      vertex -2.25 77.134 30.6
      vertex -2.14124 77.2066 30.6
    endloop
  endfacet
  facet normal 0 0 -1
    outer loop
      vertex -1.79329 75.6903 30.6
      vertex -2.36732 77.0761 30.6
      vertex -2.25 77.134 30.6
    endloop
  endfacet
  facet normal 0 0 -1
    outer loop
      vertex -2.49118 77.0341 30.6
      vertex -2.10295 75.5852 30.6
      vertex -2.42369 75.5214 30.6
    endloop
  endfacet
  facet normal 0 0 -1
    outer loop
      vertex -2.10295 75.5852 30.6
      vertex -2.49118 77.0341 30.6
      vertex -2.36732 77.0761 30.6
    endloop
  endfacet
  facet normal 0 0 -1
    outer loop
      vertex -2.42369 75.5214 30.6
      vertex -2.61947 77.0086 30.6
      vertex -2.49118 77.0341 30.6
    endloop
  endfacet
  facet normal 0 0 -1
    outer loop
      vertex -2.75 75.5 30.6
      vertex -2.61947 77.0086 30.6
      vertex -2.42369 75.5214 30.6
    endloop
  endfacet
  facet normal 0 0 -1
    outer loop
      vertex -2.75 75.5 30.6
      vertex -2.75 77 30.6
      vertex -2.61947 77.0086 30.6
    endloop
  endfacet
  facet normal 0 0 -1
    outer loop
      vertex -2.75 75.5 30.6
      vertex -2.88053 77.0086 30.6
      vertex -2.75 77 30.6
    endloop
  endfacet
  facet normal 0 0 -1
    outer loop
      vertex -3.07631 75.5214 30.6
      vertex -2.88053 77.0086 30.6
      vertex -2.75 75.5 30.6
    endloop
  endfacet
  facet normal -0 0 -1
    outer loop
      vertex -2.88053 77.0086 30.6
      vertex -3.07631 75.5214 30.6
      vertex -3.00882 77.0341 30.6
    endloop
  endfacet
  facet normal 0 0 -1
    outer loop
      vertex -3.39705 75.5852 30.6
      vertex -3.00882 77.0341 30.6
      vertex -3.07631 75.5214 30.6
    endloop
  endfacet
  facet normal -0 0 -1
    outer loop
      vertex -3.00882 77.0341 30.6
      vertex -3.39705 75.5852 30.6
      vertex -3.13268 77.0761 30.6
    endloop
  endfacet
  facet normal 0 0 -1
    outer loop
      vertex -3.70671 75.6903 30.6
      vertex -3.13268 77.0761 30.6
      vertex -3.39705 75.5852 30.6
    endloop
  endfacet
  facet normal -0 0 -1
    outer loop
      vertex -3.13268 77.0761 30.6
      vertex -3.70671 75.6903 30.6
      vertex -3.25 77.134 30.6
    endloop
  endfacet
  facet normal 0 0 -1
    outer loop
      vertex -4 75.8349 30.6
      vertex -3.25 77.134 30.6
      vertex -3.70671 75.6903 30.6
    endloop
  endfacet
  facet normal -0 0 -1
    outer loop
      vertex -3.25 77.134 30.6
      vertex -4 75.8349 30.6
      vertex -3.35876 77.2066 30.6
    endloop
  endfacet
  facet normal 0 0 -1
    outer loop
      vertex -4.2719 76.0166 30.6
      vertex -3.35876 77.2066 30.6
      vertex -4 75.8349 30.6
    endloop
  endfacet
  facet normal -0 0 -1
    outer loop
      vertex -3.35876 77.2066 30.6
      vertex -4.2719 76.0166 30.6
      vertex -3.45711 77.2929 30.6
    endloop
  endfacet
  facet normal 0 0 -1
    outer loop
      vertex -4.51777 76.2322 30.6
      vertex -3.45711 77.2929 30.6
      vertex -4.2719 76.0166 30.6
    endloop
  endfacet
  facet normal -0 0 -1
    outer loop
      vertex -3.45711 77.2929 30.6
      vertex -4.51777 76.2322 30.6
      vertex -3.54335 77.3912 30.6
    endloop
  endfacet
  facet normal 0 0 -1
    outer loop
      vertex -4.73338 76.4781 30.6
      vertex -3.54335 77.3912 30.6
      vertex -4.51777 76.2322 30.6
    endloop
  endfacet
  facet normal -0 0 -1
    outer loop
      vertex -3.54335 77.3912 30.6
      vertex -4.73338 76.4781 30.6
      vertex -3.61602 77.5 30.6
    endloop
  endfacet
  facet normal 0 0 -1
    outer loop
      vertex -4.91506 76.75 30.6
      vertex -3.61602 77.5 30.6
      vertex -4.73338 76.4781 30.6
    endloop
  endfacet
  facet normal -0 0 -1
    outer loop
      vertex -0.584937 79.25 30.6
      vertex -1.88398 78.5 30.6
      vertex -0.766617 79.5219 30.6
    endloop
  endfacet
  facet normal 0 0 -1
    outer loop
      vertex -1.95665 78.6088 30.6
      vertex -0.766617 79.5219 30.6
      vertex -1.88398 78.5 30.6
    endloop
  endfacet
  facet normal -0 0 -1
    outer loop
      vertex -0.766617 79.5219 30.6
      vertex -1.95665 78.6088 30.6
      vertex -0.982233 79.7678 30.6
    endloop
  endfacet
  facet normal 0 0 -1
    outer loop
      vertex -2.04289 78.7071 30.6
      vertex -0.982233 79.7678 30.6
      vertex -1.95665 78.6088 30.6
    endloop
  endfacet
  facet normal -0 0 -1
    outer loop
      vertex -0.982233 79.7678 30.6
      vertex -2.04289 78.7071 30.6
      vertex -1.2281 79.9834 30.6
    endloop
  endfacet
  facet normal 0 0 -1
    outer loop
      vertex -2.14124 78.7934 30.6
      vertex -1.2281 79.9834 30.6
      vertex -2.04289 78.7071 30.6
    endloop
  endfacet
  facet normal -0 0 -1
    outer loop
      vertex -1.2281 79.9834 30.6
      vertex -2.14124 78.7934 30.6
      vertex -1.5 80.1651 30.6
    endloop
  endfacet
  facet normal 0 0 -1
    outer loop
      vertex -2.25 78.866 30.6
      vertex -1.5 80.1651 30.6
      vertex -2.14124 78.7934 30.6
    endloop
  endfacet
  facet normal -0 0 -1
    outer loop
      vertex -1.5 80.1651 30.6
      vertex -2.25 78.866 30.6
      vertex -1.79329 80.3097 30.6
    endloop
  endfacet
  facet normal 0 0 -1
    outer loop
      vertex -2.36732 78.9239 30.6
      vertex -1.79329 80.3097 30.6
      vertex -2.25 78.866 30.6
    endloop
  endfacet
  facet normal -0 0 -1
    outer loop
      vertex -1.79329 80.3097 30.6
      vertex -2.36732 78.9239 30.6
      vertex -2.10295 80.4148 30.6
    endloop
  endfacet
  facet normal 0 0 -1
    outer loop
      vertex -2.49118 78.9659 30.6
      vertex -2.10295 80.4148 30.6
      vertex -2.36732 78.9239 30.6
    endloop
  endfacet
  facet normal -0 0 -1
    outer loop
      vertex -2.10295 80.4148 30.6
      vertex -2.49118 78.9659 30.6
      vertex -2.42369 80.4786 30.6
    endloop
  endfacet
  facet normal 0 0 -1
    outer loop
      vertex -2.61947 78.9914 30.6
      vertex -2.42369 80.4786 30.6
      vertex -2.49118 78.9659 30.6
    endloop
  endfacet
  facet normal 0 0 -1
    outer loop
      vertex -2.75 79 30.6
      vertex -2.42369 80.4786 30.6
      vertex -2.61947 78.9914 30.6
    endloop
  endfacet
  facet normal 0 0 -1
    outer loop
      vertex -2.75 79 30.6
      vertex -2.75 80.5 30.6
      vertex -2.42369 80.4786 30.6
    endloop
  endfacet
  facet normal 0 0 -1
    outer loop
      vertex -2.88053 78.9914 30.6
      vertex -2.75 80.5 30.6
      vertex -2.75 79 30.6
    endloop
  endfacet
  facet normal 0 0 -1
    outer loop
      vertex -3.07631 80.4786 30.6
      vertex -2.88053 78.9914 30.6
      vertex -3.00882 78.9659 30.6
    endloop
  endfacet
  facet normal 0 0 -1
    outer loop
      vertex -2.88053 78.9914 30.6
      vertex -3.07631 80.4786 30.6
      vertex -2.75 80.5 30.6
    endloop
  endfacet
  facet normal 0 0 -1
    outer loop
      vertex -3.39705 80.4148 30.6
      vertex -3.00882 78.9659 30.6
      vertex -3.13268 78.9239 30.6
    endloop
  endfacet
  facet normal 0 0 -1
    outer loop
      vertex -3.70671 80.3097 30.6
      vertex -3.13268 78.9239 30.6
      vertex -3.25 78.866 30.6
    endloop
  endfacet
  facet normal 0 0 -1
    outer loop
      vertex -4 80.1651 30.6
      vertex -3.25 78.866 30.6
      vertex -3.35876 78.7934 30.6
    endloop
  endfacet
  facet normal 0 0 -1
    outer loop
      vertex -3.00882 78.9659 30.6
      vertex -3.39705 80.4148 30.6
      vertex -3.07631 80.4786 30.6
    endloop
  endfacet
  facet normal 0 0 -1
    outer loop
      vertex -4.2719 79.9834 30.6
      vertex -3.35876 78.7934 30.6
      vertex -3.45711 78.7071 30.6
    endloop
  endfacet
  facet normal 0 0 -1
    outer loop
      vertex -4.51777 79.7678 30.6
      vertex -3.45711 78.7071 30.6
      vertex -3.54335 78.6088 30.6
    endloop
  endfacet
  facet normal 0 0 -1
    outer loop
      vertex -4.73338 79.5219 30.6
      vertex -3.54335 78.6088 30.6
      vertex -3.61602 78.5 30.6
    endloop
  endfacet
  facet normal 0 0 -1
    outer loop
      vertex -4.91506 79.25 30.6
      vertex -3.61602 78.5 30.6
      vertex -3.67388 78.3827 30.6
    endloop
  endfacet
  facet normal 0 0 -1
    outer loop
      vertex -3.13268 78.9239 30.6
      vertex -3.70671 80.3097 30.6
      vertex -3.39705 80.4148 30.6
    endloop
  endfacet
  facet normal 0 0 -1
    outer loop
      vertex -5.0597 78.9567 30.6
      vertex -3.67388 78.3827 30.6
      vertex -3.71593 78.2588 30.6
    endloop
  endfacet
  facet normal 0 0 -1
    outer loop
      vertex -5.16481 78.647 30.6
      vertex -3.71593 78.2588 30.6
      vertex -3.74144 78.1305 30.6
    endloop
  endfacet
  facet normal 0 0 -1
    outer loop
      vertex -5.22861 78.3263 30.6
      vertex -3.74144 78.1305 30.6
      vertex -3.75 78 30.6
    endloop
  endfacet
  facet normal -0 0 -1
    outer loop
      vertex -3.61602 77.5 30.6
      vertex -4.91506 76.75 30.6
      vertex -3.67388 77.6173 30.6
    endloop
  endfacet
  facet normal 0 0 -1
    outer loop
      vertex -3.25 78.866 30.6
      vertex -4 80.1651 30.6
      vertex -3.70671 80.3097 30.6
    endloop
  endfacet
  facet normal 0 0 -1
    outer loop
      vertex -5.0597 77.0433 30.6
      vertex -3.67388 77.6173 30.6
      vertex -4.91506 76.75 30.6
    endloop
  endfacet
  facet normal 0 0 -1
    outer loop
      vertex -3.35876 78.7934 30.6
      vertex -4.2719 79.9834 30.6
      vertex -4 80.1651 30.6
    endloop
  endfacet
  facet normal -0 0 -1
    outer loop
      vertex -3.67388 77.6173 30.6
      vertex -5.0597 77.0433 30.6
      vertex -3.71593 77.7412 30.6
    endloop
  endfacet
  facet normal 0 0 -1
    outer loop
      vertex -3.45711 78.7071 30.6
      vertex -4.51777 79.7678 30.6
      vertex -4.2719 79.9834 30.6
    endloop
  endfacet
  facet normal 0 0 -1
    outer loop
      vertex -5.16481 77.353 30.6
      vertex -3.71593 77.7412 30.6
      vertex -5.0597 77.0433 30.6
    endloop
  endfacet
  facet normal 0 0 -1
    outer loop
      vertex -3.54335 78.6088 30.6
      vertex -4.73338 79.5219 30.6
      vertex -4.51777 79.7678 30.6
    endloop
  endfacet
  facet normal -0 0 -1
    outer loop
      vertex -3.71593 77.7412 30.6
      vertex -5.16481 77.353 30.6
      vertex -3.74144 77.8695 30.6
    endloop
  endfacet
  facet normal 0 0 -1
    outer loop
      vertex -3.61602 78.5 30.6
      vertex -4.91506 79.25 30.6
      vertex -4.73338 79.5219 30.6
    endloop
  endfacet
  facet normal 0 0 -1
    outer loop
      vertex -5.22861 77.6737 30.6
      vertex -3.74144 77.8695 30.6
      vertex -5.16481 77.353 30.6
    endloop
  endfacet
  facet normal 0 0 -1
    outer loop
      vertex -3.67388 78.3827 30.6
      vertex -5.0597 78.9567 30.6
      vertex -4.91506 79.25 30.6
    endloop
  endfacet
  facet normal -0 0 -1
    outer loop
      vertex -3.74144 77.8695 30.6
      vertex -5.22861 77.6737 30.6
      vertex -3.75 78 30.6
    endloop
  endfacet
  facet normal 0 0 -1
    outer loop
      vertex -3.71593 78.2588 30.6
      vertex -5.16481 78.647 30.6
      vertex -5.0597 78.9567 30.6
    endloop
  endfacet
  facet normal 0 0 -1
    outer loop
      vertex -5.25 78 30.6
      vertex -3.75 78 30.6
      vertex -5.22861 77.6737 30.6
    endloop
  endfacet
  facet normal 0 0 -1
    outer loop
      vertex -3.74144 78.1305 30.6
      vertex -5.22861 78.3263 30.6
      vertex -5.16481 78.647 30.6
    endloop
  endfacet
  facet normal 0 0 -1
    outer loop
      vertex -3.75 78 30.6
      vertex -5.25 78 30.6
      vertex -5.22861 78.3263 30.6
    endloop
  endfacet
  facet normal -0.555194 0.831721 0
    outer loop
      vertex -3.25 78.866 24
      vertex -3.35876 78.7934 30.6
      vertex -3.25 78.866 30.6
    endloop
  endfacet
  facet normal -0.555194 0.831721 0
    outer loop
      vertex -3.35876 78.7934 30.6
      vertex -3.25 78.866 24
      vertex -3.35876 78.7934 24
    endloop
  endfacet
  facet normal -0.0657427 0.997837 0
    outer loop
      vertex -2.75 79 24
      vertex -2.88053 78.9914 30.6
      vertex -2.75 79 30.6
    endloop
  endfacet
  facet normal -0.0657427 0.997837 0
    outer loop
      vertex -2.88053 78.9914 30.6
      vertex -2.75 79 24
      vertex -2.88053 78.9914 24
    endloop
  endfacet
  facet normal 0.0657427 -0.997837 0
    outer loop
      vertex -2.75 77 24
      vertex -2.61947 77.0086 30.6
      vertex -2.75 77 30.6
    endloop
  endfacet
  facet normal 0.0657427 -0.997837 0
    outer loop
      vertex -2.61947 77.0086 30.6
      vertex -2.75 77 24
      vertex -2.61947 77.0086 24
    endloop
  endfacet
  facet normal 0.321132 -0.947034 0
    outer loop
      vertex -2.49118 77.0341 24
      vertex -2.36732 77.0761 30.6
      vertex -2.49118 77.0341 30.6
    endloop
  endfacet
  facet normal 0.321132 -0.947034 0
    outer loop
      vertex -2.36732 77.0761 30.6
      vertex -2.49118 77.0341 24
      vertex -2.36732 77.0761 24
    endloop
  endfacet
  facet normal 0.555194 -0.831721 0
    outer loop
      vertex -2.25 77.134 24
      vertex -2.14124 77.2066 30.6
      vertex -2.25 77.134 30.6
    endloop
  endfacet
  facet normal 0.555194 -0.831721 0
    outer loop
      vertex -2.14124 77.2066 30.6
      vertex -2.25 77.134 24
      vertex -2.14124 77.2066 24
    endloop
  endfacet
  facet normal 0.94695 -0.321382 0
    outer loop
      vertex -1.82612 77.6173 30.6
      vertex -1.78407 77.7412 24
      vertex -1.78407 77.7412 30.6
    endloop
  endfacet
  facet normal 0.94695 -0.321382 0
    outer loop
      vertex -1.78407 77.7412 24
      vertex -1.82612 77.6173 30.6
      vertex -1.82612 77.6173 24
    endloop
  endfacet
  facet normal 0.751714 -0.659489 0
    outer loop
      vertex -2.04289 77.2929 30.6
      vertex -1.95665 77.3912 24
      vertex -1.95665 77.3912 30.6
    endloop
  endfacet
  facet normal 0.751714 -0.659489 0
    outer loop
      vertex -1.95665 77.3912 24
      vertex -2.04289 77.2929 30.6
      vertex -2.04289 77.2929 24
    endloop
  endfacet
  facet normal -0.659559 -0.751653 0
    outer loop
      vertex -3.45711 77.2929 24
      vertex -3.35876 77.2066 30.6
      vertex -3.45711 77.2929 30.6
    endloop
  endfacet
  facet normal -0.659559 -0.751653 -0
    outer loop
      vertex -3.35876 77.2066 30.6
      vertex -3.45711 77.2929 24
      vertex -3.35876 77.2066 24
    endloop
  endfacet
  facet normal -0.44256 -0.896739 0
    outer loop
      vertex -3.25 77.134 24
      vertex -3.13268 77.0761 30.6
      vertex -3.25 77.134 30.6
    endloop
  endfacet
  facet normal -0.44256 -0.896739 -0
    outer loop
      vertex -3.13268 77.0761 30.6
      vertex -3.25 77.134 24
      vertex -3.13268 77.0761 24
    endloop
  endfacet
  facet normal -0.194955 -0.980812 0
    outer loop
      vertex -3.00882 77.0341 24
      vertex -2.88053 77.0086 30.6
      vertex -3.00882 77.0341 30.6
    endloop
  endfacet
  facet normal -0.194955 -0.980812 -0
    outer loop
      vertex -2.88053 77.0086 30.6
      vertex -3.00882 77.0341 24
      vertex -2.88053 77.0086 24
    endloop
  endfacet
  facet normal -0.831568 -0.555423 0
    outer loop
      vertex -3.54335 77.3912 24
      vertex -3.61602 77.5 30.6
      vertex -3.61602 77.5 24
    endloop
  endfacet
  facet normal -0.831568 -0.555423 0
    outer loop
      vertex -3.61602 77.5 30.6
      vertex -3.54335 77.3912 24
      vertex -3.54335 77.3912 30.6
    endloop
  endfacet
  facet normal -0.94695 -0.321382 0
    outer loop
      vertex -3.67388 77.6173 24
      vertex -3.71593 77.7412 30.6
      vertex -3.71593 77.7412 24
    endloop
  endfacet
  facet normal -0.94695 -0.321382 0
    outer loop
      vertex -3.71593 77.7412 30.6
      vertex -3.67388 77.6173 24
      vertex -3.67388 77.6173 30.6
    endloop
  endfacet
  facet normal -0.997856 -0.0654532 0
    outer loop
      vertex -3.74144 77.8695 24
      vertex -3.75 78 30.6
      vertex -3.75 78 24
    endloop
  endfacet
  facet normal -0.997856 -0.0654532 0
    outer loop
      vertex -3.75 78 30.6
      vertex -3.74144 77.8695 24
      vertex -3.74144 77.8695 30.6
    endloop
  endfacet
  facet normal 0.194955 -0.980812 0
    outer loop
      vertex -2.61947 77.0086 24
      vertex -2.49118 77.0341 30.6
      vertex -2.61947 77.0086 30.6
    endloop
  endfacet
  facet normal 0.194955 -0.980812 0
    outer loop
      vertex -2.49118 77.0341 30.6
      vertex -2.61947 77.0086 24
      vertex -2.49118 77.0341 24
    endloop
  endfacet
  facet normal 0.659559 -0.751653 0
    outer loop
      vertex -2.14124 77.2066 24
      vertex -2.04289 77.2929 30.6
      vertex -2.14124 77.2066 30.6
    endloop
  endfacet
  facet normal 0.659559 -0.751653 0
    outer loop
      vertex -2.04289 77.2929 30.6
      vertex -2.14124 77.2066 24
      vertex -2.04289 77.2929 24
    endloop
  endfacet
  facet normal 0.89683 -0.442375 0
    outer loop
      vertex -1.88398 77.5 30.6
      vertex -1.82612 77.6173 24
      vertex -1.82612 77.6173 30.6
    endloop
  endfacet
  facet normal 0.89683 -0.442375 0
    outer loop
      vertex -1.82612 77.6173 24
      vertex -1.88398 77.5 30.6
      vertex -1.88398 77.5 24
    endloop
  endfacet
  facet normal 0.980801 -0.195013 0
    outer loop
      vertex -1.78407 77.7412 30.6
      vertex -1.75856 77.8695 24
      vertex -1.75856 77.8695 30.6
    endloop
  endfacet
  facet normal 0.980801 -0.195013 0
    outer loop
      vertex -1.75856 77.8695 24
      vertex -1.78407 77.7412 30.6
      vertex -1.78407 77.7412 24
    endloop
  endfacet
  facet normal -0.555194 -0.831721 0
    outer loop
      vertex -3.35876 77.2066 24
      vertex -3.25 77.134 30.6
      vertex -3.35876 77.2066 30.6
    endloop
  endfacet
  facet normal -0.555194 -0.831721 -0
    outer loop
      vertex -3.25 77.134 30.6
      vertex -3.35876 77.2066 24
      vertex -3.25 77.134 24
    endloop
  endfacet
  facet normal -0.0657427 -0.997837 0
    outer loop
      vertex -2.88053 77.0086 24
      vertex -2.75 77 30.6
      vertex -2.88053 77.0086 30.6
    endloop
  endfacet
  facet normal -0.0657427 -0.997837 -0
    outer loop
      vertex -2.75 77 30.6
      vertex -2.88053 77.0086 24
      vertex -2.75 77 24
    endloop
  endfacet
  facet normal -0.751714 -0.659489 0
    outer loop
      vertex -3.45711 77.2929 24
      vertex -3.54335 77.3912 30.6
      vertex -3.54335 77.3912 24
    endloop
  endfacet
  facet normal -0.751714 -0.659489 0
    outer loop
      vertex -3.54335 77.3912 30.6
      vertex -3.45711 77.2929 24
      vertex -3.45711 77.2929 30.6
    endloop
  endfacet
  facet normal -0.980801 -0.195013 0
    outer loop
      vertex -3.71593 77.7412 24
      vertex -3.74144 77.8695 30.6
      vertex -3.74144 77.8695 24
    endloop
  endfacet
  facet normal -0.980801 -0.195013 0
    outer loop
      vertex -3.74144 77.8695 30.6
      vertex -3.71593 77.7412 24
      vertex -3.71593 77.7412 30.6
    endloop
  endfacet
  facet normal 0.831568 -0.555423 0
    outer loop
      vertex -1.95665 77.3912 30.6
      vertex -1.88398 77.5 24
      vertex -1.88398 77.5 30.6
    endloop
  endfacet
  facet normal 0.831568 -0.555423 0
    outer loop
      vertex -1.88398 77.5 24
      vertex -1.95665 77.3912 30.6
      vertex -1.95665 77.3912 24
    endloop
  endfacet
  facet normal 0.997856 -0.0654532 0
    outer loop
      vertex -1.75856 77.8695 30.6
      vertex -1.75 78 24
      vertex -1.75 78 30.6
    endloop
  endfacet
  facet normal 0.997856 -0.0654532 0
    outer loop
      vertex -1.75 78 24
      vertex -1.75856 77.8695 30.6
      vertex -1.75856 77.8695 24
    endloop
  endfacet
  facet normal 0.997859 0.0654067 0
    outer loop
      vertex -0.25 78 32.6
      vertex -0.271388 78.3263 30.6
      vertex -0.271388 78.3263 32.6
    endloop
  endfacet
  facet normal 0.997859 0.0654067 0
    outer loop
      vertex -0.271388 78.3263 30.6
      vertex -0.25 78 32.6
      vertex -0.25 78 30.6
    endloop
  endfacet
  facet normal -0.997858 0.0654128 0
    outer loop
      vertex -5.25 78 30.6
      vertex -5.22861 78.3263 32.6
      vertex -5.22861 78.3263 30.6
    endloop
  endfacet
  facet normal -0.997858 0.0654128 0
    outer loop
      vertex -5.22861 78.3263 32.6
      vertex -5.25 78 30.6
      vertex -5.25 78 32.6
    endloop
  endfacet
  facet normal 0.0654412 0.997856 -0
    outer loop
      vertex -2.42369 80.4786 30.6
      vertex -2.75 80.5 32.6
      vertex -2.42369 80.4786 32.6
    endloop
  endfacet
  facet normal 0.0654412 0.997856 0
    outer loop
      vertex -2.75 80.5 32.6
      vertex -2.42369 80.4786 30.6
      vertex -2.75 80.5 30.6
    endloop
  endfacet
  facet normal 0.751889 0.65929 0
    outer loop
      vertex -0.766617 79.5219 32.6
      vertex -0.982233 79.7678 30.6
      vertex -0.982233 79.7678 32.6
    endloop
  endfacet
  facet normal 0.751889 0.65929 0
    outer loop
      vertex -0.982233 79.7678 30.6
      vertex -0.766617 79.5219 32.6
      vertex -0.766617 79.5219 30.6
    endloop
  endfacet
  facet normal -0.659307 0.751873 0
    outer loop
      vertex -4.2719 79.9834 30.6
      vertex -4.51777 79.7678 32.6
      vertex -4.2719 79.9834 32.6
    endloop
  endfacet
  facet normal -0.659307 0.751873 0
    outer loop
      vertex -4.51777 79.7678 32.6
      vertex -4.2719 79.9834 30.6
      vertex -4.51777 79.7678 30.6
    endloop
  endfacet
  facet normal -0.321397 0.946944 0
    outer loop
      vertex -3.39705 80.4148 30.6
      vertex -3.70671 80.3097 32.6
      vertex -3.39705 80.4148 32.6
    endloop
  endfacet
  facet normal -0.321397 0.946944 0
    outer loop
      vertex -3.70671 80.3097 32.6
      vertex -3.39705 80.4148 30.6
      vertex -3.70671 80.3097 30.6
    endloop
  endfacet
  facet normal -0.98078 -0.195116 0
    outer loop
      vertex -5.16481 77.353 30.6
      vertex -5.22861 77.6737 32.6
      vertex -5.22861 77.6737 30.6
    endloop
  endfacet
  facet normal -0.98078 -0.195116 0
    outer loop
      vertex -5.22861 77.6737 32.6
      vertex -5.16481 77.353 30.6
      vertex -5.16481 77.353 32.6
    endloop
  endfacet
  facet normal 0.896878 0.442277 0
    outer loop
      vertex -0.440302 78.9567 32.6
      vertex -0.584937 79.25 30.6
      vertex -0.584937 79.25 32.6
    endloop
  endfacet
  facet normal 0.896878 0.442277 0
    outer loop
      vertex -0.584937 79.25 30.6
      vertex -0.440302 78.9567 32.6
      vertex -0.440302 78.9567 30.6
    endloop
  endfacet
  facet normal 0.980781 0.19511 0
    outer loop
      vertex -0.271388 78.3263 32.6
      vertex -0.335186 78.647 30.6
      vertex -0.335186 78.647 32.6
    endloop
  endfacet
  facet normal 0.980781 0.19511 0
    outer loop
      vertex -0.335186 78.647 30.6
      vertex -0.271388 78.3263 32.6
      vertex -0.271388 78.3263 30.6
    endloop
  endfacet
  facet normal 0.831466 0.555575 0
    outer loop
      vertex -0.584937 79.25 32.6
      vertex -0.766617 79.5219 30.6
      vertex -0.766617 79.5219 32.6
    endloop
  endfacet
  facet normal 0.831466 0.555575 0
    outer loop
      vertex -0.766617 79.5219 30.6
      vertex -0.584937 79.25 32.6
      vertex -0.584937 79.25 30.6
    endloop
  endfacet
  facet normal 0.442204 0.896915 -0
    outer loop
      vertex -1.5 80.1651 30.6
      vertex -1.79329 80.3097 32.6
      vertex -1.5 80.1651 32.6
    endloop
  endfacet
  facet normal 0.442204 0.896915 0
    outer loop
      vertex -1.79329 80.3097 32.6
      vertex -1.5 80.1651 30.6
      vertex -1.79329 80.3097 30.6
    endloop
  endfacet
  facet normal 0.555617 0.831438 -0
    outer loop
      vertex -1.2281 79.9834 30.6
      vertex -1.5 80.1651 32.6
      vertex -1.2281 79.9834 32.6
    endloop
  endfacet
  facet normal 0.555617 0.831438 0
    outer loop
      vertex -1.5 80.1651 32.6
      vertex -1.2281 79.9834 30.6
      vertex -1.5 80.1651 30.6
    endloop
  endfacet
  facet normal -0.896872 0.44229 0
    outer loop
      vertex -5.0597 78.9567 30.6
      vertex -4.91506 79.25 32.6
      vertex -4.91506 79.25 30.6
    endloop
  endfacet
  facet normal -0.896872 0.44229 0
    outer loop
      vertex -4.91506 79.25 32.6
      vertex -5.0597 78.9567 30.6
      vertex -5.0597 78.9567 32.6
    endloop
  endfacet
  facet normal -0.831466 0.555575 0
    outer loop
      vertex -4.91506 79.25 30.6
      vertex -4.73338 79.5219 32.6
      vertex -4.73338 79.5219 30.6
    endloop
  endfacet
  facet normal -0.831466 0.555575 0
    outer loop
      vertex -4.73338 79.5219 32.6
      vertex -4.91506 79.25 30.6
      vertex -4.91506 79.25 32.6
    endloop
  endfacet
  facet normal 0 0 1
    outer loop
      vertex -0.271388 78.3263 32.6
      vertex -0.271388 77.6737 32.6
      vertex -0.25 78 32.6
    endloop
  endfacet
  facet normal 0 0 1
    outer loop
      vertex -0.335186 78.647 32.6
      vertex -0.271388 77.6737 32.6
      vertex -0.271388 78.3263 32.6
    endloop
  endfacet
  facet normal 0 0 1
    outer loop
      vertex -0.335186 78.647 32.6
      vertex -0.335186 77.353 32.6
      vertex -0.271388 77.6737 32.6
    endloop
  endfacet
  facet normal 0 0 1
    outer loop
      vertex -0.440302 78.9567 32.6
      vertex -0.335186 77.353 32.6
      vertex -0.335186 78.647 32.6
    endloop
  endfacet
  facet normal 0 0 1
    outer loop
      vertex -0.440302 78.9567 32.6
      vertex -0.440302 77.0433 32.6
      vertex -0.335186 77.353 32.6
    endloop
  endfacet
  facet normal 0 0 1
    outer loop
      vertex -0.584937 79.25 32.6
      vertex -0.440302 77.0433 32.6
      vertex -0.440302 78.9567 32.6
    endloop
  endfacet
  facet normal 0 0 1
    outer loop
      vertex -0.584937 79.25 32.6
      vertex -0.584937 76.75 32.6
      vertex -0.440302 77.0433 32.6
    endloop
  endfacet
  facet normal 0 0 1
    outer loop
      vertex -0.766617 79.5219 32.6
      vertex -0.584937 76.75 32.6
      vertex -0.584937 79.25 32.6
    endloop
  endfacet
  facet normal 0 0 1
    outer loop
      vertex -0.766617 79.5219 32.6
      vertex -0.766617 76.4781 32.6
      vertex -0.584937 76.75 32.6
    endloop
  endfacet
  facet normal 0 0 1
    outer loop
      vertex -0.982233 79.7678 32.6
      vertex -0.766617 76.4781 32.6
      vertex -0.766617 79.5219 32.6
    endloop
  endfacet
  facet normal 0 0 1
    outer loop
      vertex -0.982233 79.7678 32.6
      vertex -0.982233 76.2322 32.6
      vertex -0.766617 76.4781 32.6
    endloop
  endfacet
  facet normal 0 0 1
    outer loop
      vertex -1.2281 79.9834 32.6
      vertex -0.982233 76.2322 32.6
      vertex -0.982233 79.7678 32.6
    endloop
  endfacet
  facet normal 0 0 1
    outer loop
      vertex -1.2281 79.9834 32.6
      vertex -1.2281 76.0166 32.6
      vertex -0.982233 76.2322 32.6
    endloop
  endfacet
  facet normal 0 0 1
    outer loop
      vertex -1.5 80.1651 32.6
      vertex -1.2281 76.0166 32.6
      vertex -1.2281 79.9834 32.6
    endloop
  endfacet
  facet normal 0 0 1
    outer loop
      vertex -1.5 80.1651 32.6
      vertex -1.5 75.8349 32.6
      vertex -1.2281 76.0166 32.6
    endloop
  endfacet
  facet normal 0 0 1
    outer loop
      vertex -1.79329 80.3097 32.6
      vertex -1.5 75.8349 32.6
      vertex -1.5 80.1651 32.6
    endloop
  endfacet
  facet normal 0 0 1
    outer loop
      vertex -1.79329 80.3097 32.6
      vertex -1.79329 75.6903 32.6
      vertex -1.5 75.8349 32.6
    endloop
  endfacet
  facet normal 0 0 1
    outer loop
      vertex -2.10295 80.4148 32.6
      vertex -1.79329 75.6903 32.6
      vertex -1.79329 80.3097 32.6
    endloop
  endfacet
  facet normal 0 0 1
    outer loop
      vertex -2.10295 80.4148 32.6
      vertex -2.10295 75.5852 32.6
      vertex -1.79329 75.6903 32.6
    endloop
  endfacet
  facet normal 0 0 1
    outer loop
      vertex -2.42369 80.4786 32.6
      vertex -2.10295 75.5852 32.6
      vertex -2.10295 80.4148 32.6
    endloop
  endfacet
  facet normal 0 0 1
    outer loop
      vertex -2.42369 80.4786 32.6
      vertex -2.42369 75.5214 32.6
      vertex -2.10295 75.5852 32.6
    endloop
  endfacet
  facet normal 0 0 1
    outer loop
      vertex -2.75 80.5 32.6
      vertex -2.42369 75.5214 32.6
      vertex -2.42369 80.4786 32.6
    endloop
  endfacet
  facet normal 0 0 1
    outer loop
      vertex -2.75 80.5 32.6
      vertex -2.75 75.5 32.6
      vertex -2.42369 75.5214 32.6
    endloop
  endfacet
  facet normal -0 0 1
    outer loop
      vertex -3.07631 80.4786 32.6
      vertex -2.75 75.5 32.6
      vertex -2.75 80.5 32.6
    endloop
  endfacet
  facet normal 0 0 1
    outer loop
      vertex -3.07631 80.4786 32.6
      vertex -3.07631 75.5214 32.6
      vertex -2.75 75.5 32.6
    endloop
  endfacet
  facet normal -0 0 1
    outer loop
      vertex -3.39705 80.4148 32.6
      vertex -3.07631 75.5214 32.6
      vertex -3.07631 80.4786 32.6
    endloop
  endfacet
  facet normal 0 0 1
    outer loop
      vertex -3.39705 80.4148 32.6
      vertex -3.39705 75.5852 32.6
      vertex -3.07631 75.5214 32.6
    endloop
  endfacet
  facet normal -0 0 1
    outer loop
      vertex -3.70671 80.3097 32.6
      vertex -3.39705 75.5852 32.6
      vertex -3.39705 80.4148 32.6
    endloop
  endfacet
  facet normal 0 0 1
    outer loop
      vertex -3.70671 80.3097 32.6
      vertex -3.70671 75.6903 32.6
      vertex -3.39705 75.5852 32.6
    endloop
  endfacet
  facet normal -0 0 1
    outer loop
      vertex -4 80.1651 32.6
      vertex -3.70671 75.6903 32.6
      vertex -3.70671 80.3097 32.6
    endloop
  endfacet
  facet normal 0 0 1
    outer loop
      vertex -4 80.1651 32.6
      vertex -4 75.8349 32.6
      vertex -3.70671 75.6903 32.6
    endloop
  endfacet
  facet normal -0 0 1
    outer loop
      vertex -4.2719 79.9834 32.6
      vertex -4 75.8349 32.6
      vertex -4 80.1651 32.6
    endloop
  endfacet
  facet normal 0 0 1
    outer loop
      vertex -4.2719 79.9834 32.6
      vertex -4.2719 76.0166 32.6
      vertex -4 75.8349 32.6
    endloop
  endfacet
  facet normal -0 0 1
    outer loop
      vertex -4.51777 79.7678 32.6
      vertex -4.2719 76.0166 32.6
      vertex -4.2719 79.9834 32.6
    endloop
  endfacet
  facet normal 0 0 1
    outer loop
      vertex -4.51777 79.7678 32.6
      vertex -4.51777 76.2322 32.6
      vertex -4.2719 76.0166 32.6
    endloop
  endfacet
  facet normal -0 0 1
    outer loop
      vertex -4.73338 79.5219 32.6
      vertex -4.51777 76.2322 32.6
      vertex -4.51777 79.7678 32.6
    endloop
  endfacet
  facet normal 0 0 1
    outer loop
      vertex -4.73338 79.5219 32.6
      vertex -4.73338 76.4781 32.6
      vertex -4.51777 76.2322 32.6
    endloop
  endfacet
  facet normal -0 0 1
    outer loop
      vertex -4.91506 79.25 32.6
      vertex -4.73338 76.4781 32.6
      vertex -4.73338 79.5219 32.6
    endloop
  endfacet
  facet normal 0 0 1
    outer loop
      vertex -4.91506 79.25 32.6
      vertex -4.91506 76.75 32.6
      vertex -4.73338 76.4781 32.6
    endloop
  endfacet
  facet normal -0 0 1
    outer loop
      vertex -5.0597 78.9567 32.6
      vertex -4.91506 76.75 32.6
      vertex -4.91506 79.25 32.6
    endloop
  endfacet
  facet normal 0 0 1
    outer loop
      vertex -5.0597 78.9567 32.6
      vertex -5.0597 77.0433 32.6
      vertex -4.91506 76.75 32.6
    endloop
  endfacet
  facet normal -0 0 1
    outer loop
      vertex -5.16481 78.647 32.6
      vertex -5.0597 77.0433 32.6
      vertex -5.0597 78.9567 32.6
    endloop
  endfacet
  facet normal 0 0 1
    outer loop
      vertex -5.16481 78.647 32.6
      vertex -5.16481 77.353 32.6
      vertex -5.0597 77.0433 32.6
    endloop
  endfacet
  facet normal -0 0 1
    outer loop
      vertex -5.22861 78.3263 32.6
      vertex -5.16481 77.353 32.6
      vertex -5.16481 78.647 32.6
    endloop
  endfacet
  facet normal 0 0 1
    outer loop
      vertex -5.22861 78.3263 32.6
      vertex -5.22861 77.6737 32.6
      vertex -5.16481 77.353 32.6
    endloop
  endfacet
  facet normal 0 -0 1
    outer loop
      vertex -5.22861 77.6737 32.6
      vertex -5.22861 78.3263 32.6
      vertex -5.25 78 32.6
    endloop
  endfacet
  facet normal -0.442204 0.896915 0
    outer loop
      vertex -3.70671 80.3097 30.6
      vertex -4 80.1651 32.6
      vertex -3.70671 80.3097 32.6
    endloop
  endfacet
  facet normal -0.442204 0.896915 0
    outer loop
      vertex -4 80.1651 32.6
      vertex -3.70671 80.3097 30.6
      vertex -4 80.1651 30.6
    endloop
  endfacet
  facet normal -0.0654412 0.997856 0
    outer loop
      vertex -2.75 80.5 30.6
      vertex -3.07631 80.4786 32.6
      vertex -2.75 80.5 32.6
    endloop
  endfacet
  facet normal -0.0654412 0.997856 0
    outer loop
      vertex -3.07631 80.4786 32.6
      vertex -2.75 80.5 30.6
      vertex -3.07631 80.4786 30.6
    endloop
  endfacet
  facet normal 0.195093 -0.980785 0
    outer loop
      vertex -2.42369 75.5214 30.6
      vertex -2.10295 75.5852 32.6
      vertex -2.42369 75.5214 32.6
    endloop
  endfacet
  facet normal 0.195093 -0.980785 0
    outer loop
      vertex -2.10295 75.5852 32.6
      vertex -2.42369 75.5214 30.6
      vertex -2.10295 75.5852 30.6
    endloop
  endfacet
  facet normal 0.0654412 -0.997856 0
    outer loop
      vertex -2.75 75.5 30.6
      vertex -2.42369 75.5214 32.6
      vertex -2.75 75.5 32.6
    endloop
  endfacet
  facet normal 0.0654412 -0.997856 0
    outer loop
      vertex -2.42369 75.5214 32.6
      vertex -2.75 75.5 30.6
      vertex -2.42369 75.5214 30.6
    endloop
  endfacet
  facet normal 0.659312 -0.751869 0
    outer loop
      vertex -1.2281 76.0166 30.6
      vertex -0.982233 76.2322 32.6
      vertex -1.2281 76.0166 32.6
    endloop
  endfacet
  facet normal 0.659312 -0.751869 0
    outer loop
      vertex -0.982233 76.2322 32.6
      vertex -1.2281 76.0166 30.6
      vertex -0.982233 76.2322 30.6
    endloop
  endfacet
  facet normal 0.442204 -0.896915 0
    outer loop
      vertex -1.79329 75.6903 30.6
      vertex -1.5 75.8349 32.6
      vertex -1.79329 75.6903 32.6
    endloop
  endfacet
  facet normal 0.442204 -0.896915 0
    outer loop
      vertex -1.5 75.8349 32.6
      vertex -1.79329 75.6903 30.6
      vertex -1.5 75.8349 30.6
    endloop
  endfacet
  facet normal -0.321397 -0.946944 0
    outer loop
      vertex -3.70671 75.6903 30.6
      vertex -3.39705 75.5852 32.6
      vertex -3.70671 75.6903 32.6
    endloop
  endfacet
  facet normal -0.321397 -0.946944 -0
    outer loop
      vertex -3.39705 75.5852 32.6
      vertex -3.70671 75.6903 30.6
      vertex -3.39705 75.5852 30.6
    endloop
  endfacet
  facet normal -0.896872 -0.44229 0
    outer loop
      vertex -4.91506 76.75 30.6
      vertex -5.0597 77.0433 32.6
      vertex -5.0597 77.0433 30.6
    endloop
  endfacet
  facet normal -0.896872 -0.44229 0
    outer loop
      vertex -5.0597 77.0433 32.6
      vertex -4.91506 76.75 30.6
      vertex -4.91506 76.75 32.6
    endloop
  endfacet
  facet normal -0.831466 -0.555575 0
    outer loop
      vertex -4.73338 76.4781 30.6
      vertex -4.91506 76.75 32.6
      vertex -4.91506 76.75 30.6
    endloop
  endfacet
  facet normal -0.831466 -0.555575 0
    outer loop
      vertex -4.91506 76.75 32.6
      vertex -4.73338 76.4781 30.6
      vertex -4.73338 76.4781 32.6
    endloop
  endfacet
  facet normal -0.997858 -0.0654128 0
    outer loop
      vertex -5.22861 77.6737 30.6
      vertex -5.25 78 32.6
      vertex -5.25 78 30.6
    endloop
  endfacet
  facet normal -0.997858 -0.0654128 0
    outer loop
      vertex -5.25 78 32.6
      vertex -5.22861 77.6737 30.6
      vertex -5.22861 77.6737 32.6
    endloop
  endfacet
  facet normal 0.946942 0.321404 0
    outer loop
      vertex -0.335186 78.647 32.6
      vertex -0.440302 78.9567 30.6
      vertex -0.440302 78.9567 32.6
    endloop
  endfacet
  facet normal 0.946942 0.321404 0
    outer loop
      vertex -0.440302 78.9567 30.6
      vertex -0.335186 78.647 32.6
      vertex -0.335186 78.647 30.6
    endloop
  endfacet
  facet normal 0.321397 0.946944 -0
    outer loop
      vertex -1.79329 80.3097 30.6
      vertex -2.10295 80.4148 32.6
      vertex -1.79329 80.3097 32.6
    endloop
  endfacet
  facet normal 0.321397 0.946944 0
    outer loop
      vertex -2.10295 80.4148 32.6
      vertex -1.79329 80.3097 30.6
      vertex -2.10295 80.4148 30.6
    endloop
  endfacet
  facet normal 0.195093 0.980785 -0
    outer loop
      vertex -2.10295 80.4148 30.6
      vertex -2.42369 80.4786 32.6
      vertex -2.10295 80.4148 32.6
    endloop
  endfacet
  facet normal 0.195093 0.980785 0
    outer loop
      vertex -2.42369 80.4786 32.6
      vertex -2.10295 80.4148 30.6
      vertex -2.42369 80.4786 30.6
    endloop
  endfacet
  facet normal 0.659312 0.751869 -0
    outer loop
      vertex -0.982233 79.7678 30.6
      vertex -1.2281 79.9834 32.6
      vertex -0.982233 79.7678 32.6
    endloop
  endfacet
  facet normal 0.659312 0.751869 0
    outer loop
      vertex -1.2281 79.9834 32.6
      vertex -0.982233 79.7678 30.6
      vertex -1.2281 79.9834 30.6
    endloop
  endfacet
  facet normal -0.751898 0.659279 0
    outer loop
      vertex -4.73338 79.5219 30.6
      vertex -4.51777 79.7678 32.6
      vertex -4.51777 79.7678 30.6
    endloop
  endfacet
  facet normal -0.751898 0.659279 0
    outer loop
      vertex -4.51777 79.7678 32.6
      vertex -4.73338 79.5219 30.6
      vertex -4.73338 79.5219 32.6
    endloop
  endfacet
  facet normal -0.946948 0.321387 0
    outer loop
      vertex -5.16481 78.647 30.6
      vertex -5.0597 78.9567 32.6
      vertex -5.0597 78.9567 30.6
    endloop
  endfacet
  facet normal -0.946948 0.321387 0
    outer loop
      vertex -5.0597 78.9567 32.6
      vertex -5.16481 78.647 30.6
      vertex -5.16481 78.647 32.6
    endloop
  endfacet
  facet normal -0.98078 0.195116 0
    outer loop
      vertex -5.22861 78.3263 30.6
      vertex -5.16481 78.647 32.6
      vertex -5.16481 78.647 30.6
    endloop
  endfacet
  facet normal -0.98078 0.195116 0
    outer loop
      vertex -5.16481 78.647 32.6
      vertex -5.22861 78.3263 30.6
      vertex -5.22861 78.3263 32.6
    endloop
  endfacet
  facet normal -0.555617 0.831438 0
    outer loop
      vertex -4 80.1651 30.6
      vertex -4.2719 79.9834 32.6
      vertex -4 80.1651 32.6
    endloop
  endfacet
  facet normal -0.555617 0.831438 0
    outer loop
      vertex -4.2719 79.9834 32.6
      vertex -4 80.1651 30.6
      vertex -4.2719 79.9834 30.6
    endloop
  endfacet
  facet normal -0.195093 0.980785 0
    outer loop
      vertex -3.07631 80.4786 30.6
      vertex -3.39705 80.4148 32.6
      vertex -3.07631 80.4786 32.6
    endloop
  endfacet
  facet normal -0.195093 0.980785 0
    outer loop
      vertex -3.39705 80.4148 32.6
      vertex -3.07631 80.4786 30.6
      vertex -3.39705 80.4148 30.6
    endloop
  endfacet
  facet normal 0.555617 -0.831438 0
    outer loop
      vertex -1.5 75.8349 30.6
      vertex -1.2281 76.0166 32.6
      vertex -1.5 75.8349 32.6
    endloop
  endfacet
  facet normal 0.555617 -0.831438 0
    outer loop
      vertex -1.2281 76.0166 32.6
      vertex -1.5 75.8349 30.6
      vertex -1.2281 76.0166 30.6
    endloop
  endfacet
  facet normal 0.831466 -0.555575 0
    outer loop
      vertex -0.766617 76.4781 32.6
      vertex -0.584937 76.75 30.6
      vertex -0.584937 76.75 32.6
    endloop
  endfacet
  facet normal 0.831466 -0.555575 0
    outer loop
      vertex -0.584937 76.75 30.6
      vertex -0.766617 76.4781 32.6
      vertex -0.766617 76.4781 30.6
    endloop
  endfacet
  facet normal 0.751889 -0.65929 0
    outer loop
      vertex -0.982233 76.2322 32.6
      vertex -0.766617 76.4781 30.6
      vertex -0.766617 76.4781 32.6
    endloop
  endfacet
  facet normal 0.751889 -0.65929 0
    outer loop
      vertex -0.766617 76.4781 30.6
      vertex -0.982233 76.2322 32.6
      vertex -0.982233 76.2322 30.6
    endloop
  endfacet
  facet normal -0.555617 -0.831438 0
    outer loop
      vertex -4.2719 76.0166 30.6
      vertex -4 75.8349 32.6
      vertex -4.2719 76.0166 32.6
    endloop
  endfacet
  facet normal -0.555617 -0.831438 -0
    outer loop
      vertex -4 75.8349 32.6
      vertex -4.2719 76.0166 30.6
      vertex -4 75.8349 30.6
    endloop
  endfacet
  facet normal -0.659307 -0.751873 0
    outer loop
      vertex -4.51777 76.2322 30.6
      vertex -4.2719 76.0166 32.6
      vertex -4.51777 76.2322 32.6
    endloop
  endfacet
  facet normal -0.659307 -0.751873 -0
    outer loop
      vertex -4.2719 76.0166 32.6
      vertex -4.51777 76.2322 30.6
      vertex -4.2719 76.0166 30.6
    endloop
  endfacet
  facet normal -0.442204 -0.896915 0
    outer loop
      vertex -4 75.8349 30.6
      vertex -3.70671 75.6903 32.6
      vertex -4 75.8349 32.6
    endloop
  endfacet
  facet normal -0.442204 -0.896915 -0
    outer loop
      vertex -3.70671 75.6903 32.6
      vertex -4 75.8349 30.6
      vertex -3.70671 75.6903 30.6
    endloop
  endfacet
  facet normal -0.0654412 -0.997856 0
    outer loop
      vertex -3.07631 75.5214 30.6
      vertex -2.75 75.5 32.6
      vertex -3.07631 75.5214 32.6
    endloop
  endfacet
  facet normal -0.0654412 -0.997856 -0
    outer loop
      vertex -2.75 75.5 32.6
      vertex -3.07631 75.5214 30.6
      vertex -2.75 75.5 30.6
    endloop
  endfacet
  facet normal -0.751898 -0.659279 0
    outer loop
      vertex -4.51777 76.2322 30.6
      vertex -4.73338 76.4781 32.6
      vertex -4.73338 76.4781 30.6
    endloop
  endfacet
  facet normal -0.751898 -0.659279 0
    outer loop
      vertex -4.73338 76.4781 32.6
      vertex -4.51777 76.2322 30.6
      vertex -4.51777 76.2322 32.6
    endloop
  endfacet
  facet normal -0.946948 -0.321387 0
    outer loop
      vertex -5.0597 77.0433 30.6
      vertex -5.16481 77.353 32.6
      vertex -5.16481 77.353 30.6
    endloop
  endfacet
  facet normal -0.946948 -0.321387 0
    outer loop
      vertex -5.16481 77.353 32.6
      vertex -5.0597 77.0433 30.6
      vertex -5.0597 77.0433 32.6
    endloop
  endfacet
  facet normal 0.321397 -0.946944 0
    outer loop
      vertex -2.10295 75.5852 30.6
      vertex -1.79329 75.6903 32.6
      vertex -2.10295 75.5852 32.6
    endloop
  endfacet
  facet normal 0.321397 -0.946944 0
    outer loop
      vertex -1.79329 75.6903 32.6
      vertex -2.10295 75.5852 30.6
      vertex -1.79329 75.6903 30.6
    endloop
  endfacet
  facet normal 0.896878 -0.442277 0
    outer loop
      vertex -0.584937 76.75 32.6
      vertex -0.440302 77.0433 30.6
      vertex -0.440302 77.0433 32.6
    endloop
  endfacet
  facet normal 0.896878 -0.442277 0
    outer loop
      vertex -0.440302 77.0433 30.6
      vertex -0.584937 76.75 32.6
      vertex -0.584937 76.75 30.6
    endloop
  endfacet
  facet normal 0.946942 -0.321404 0
    outer loop
      vertex -0.440302 77.0433 32.6
      vertex -0.335186 77.353 30.6
      vertex -0.335186 77.353 32.6
    endloop
  endfacet
  facet normal 0.946942 -0.321404 0
    outer loop
      vertex -0.335186 77.353 30.6
      vertex -0.440302 77.0433 32.6
      vertex -0.440302 77.0433 30.6
    endloop
  endfacet
  facet normal 0.980781 -0.19511 0
    outer loop
      vertex -0.335186 77.353 32.6
      vertex -0.271388 77.6737 30.6
      vertex -0.271388 77.6737 32.6
    endloop
  endfacet
  facet normal 0.980781 -0.19511 0
    outer loop
      vertex -0.271388 77.6737 30.6
      vertex -0.335186 77.353 32.6
      vertex -0.335186 77.353 30.6
    endloop
  endfacet
  facet normal -0.195093 -0.980785 0
    outer loop
      vertex -3.39705 75.5852 30.6
      vertex -3.07631 75.5214 32.6
      vertex -3.39705 75.5852 32.6
    endloop
  endfacet
  facet normal -0.195093 -0.980785 -0
    outer loop
      vertex -3.07631 75.5214 32.6
      vertex -3.39705 75.5852 30.6
      vertex -3.07631 75.5214 30.6
    endloop
  endfacet
  facet normal 0.997859 -0.0654067 0
    outer loop
      vertex -0.271388 77.6737 32.6
      vertex -0.25 78 30.6
      vertex -0.25 78 32.6
    endloop
  endfacet
  facet normal 0.997859 -0.0654067 0
    outer loop
      vertex -0.25 78 30.6
      vertex -0.271388 77.6737 32.6
      vertex -0.271388 77.6737 30.6
    endloop
  endfacet
  facet normal 0.866024 0.500003 0
    outer loop
      vertex -0.440001 78 24
      vertex -1.595 80.0005 22.4
      vertex -1.595 80.0005 24
    endloop
  endfacet
  facet normal 0.866024 0.500003 0
    outer loop
      vertex -1.595 80.0005 22.4
      vertex -0.440001 78 24
      vertex -0.440001 78 22.4
    endloop
  endfacet
  facet normal -0.866023 0.500004 0
    outer loop
      vertex -5.06 78 22.4
      vertex -3.905 80.0005 24
      vertex -3.905 80.0005 22.4
    endloop
  endfacet
  facet normal -0.866023 0.500004 0
    outer loop
      vertex -3.905 80.0005 24
      vertex -5.06 78 22.4
      vertex -5.06 78 24
    endloop
  endfacet
  facet normal 0 1 -0
    outer loop
      vertex -1.595 80.0005 22.4
      vertex -3.905 80.0005 24
      vertex -1.595 80.0005 24
    endloop
  endfacet
  facet normal 0 1 0
    outer loop
      vertex -3.905 80.0005 24
      vertex -1.595 80.0005 22.4
      vertex -3.905 80.0005 22.4
    endloop
  endfacet
  facet normal -0 0 1
    outer loop
      vertex -1.88398 78.5 24
      vertex -0.440001 78 24
      vertex -1.595 80.0005 24
    endloop
  endfacet
  facet normal 0 0 1
    outer loop
      vertex -1.75856 77.8695 24
      vertex -0.440001 78 24
      vertex -1.75 78 24
    endloop
  endfacet
  facet normal 0 0 1
    outer loop
      vertex -0.440001 78 24
      vertex -1.75856 78.1305 24
      vertex -1.75 78 24
    endloop
  endfacet
  facet normal 0 0 1
    outer loop
      vertex -0.440001 78 24
      vertex -1.78407 78.2588 24
      vertex -1.75856 78.1305 24
    endloop
  endfacet
  facet normal 0 0 1
    outer loop
      vertex -0.440001 78 24
      vertex -1.82612 78.3827 24
      vertex -1.78407 78.2588 24
    endloop
  endfacet
  facet normal 0 0 1
    outer loop
      vertex -0.440001 78 24
      vertex -1.88398 78.5 24
      vertex -1.82612 78.3827 24
    endloop
  endfacet
  facet normal 0 0 1
    outer loop
      vertex -1.595 80.0005 24
      vertex -1.95665 78.6088 24
      vertex -1.88398 78.5 24
    endloop
  endfacet
  facet normal 0 0 1
    outer loop
      vertex -1.595 80.0005 24
      vertex -2.04289 78.7071 24
      vertex -1.95665 78.6088 24
    endloop
  endfacet
  facet normal 0 0 1
    outer loop
      vertex -1.595 80.0005 24
      vertex -2.14124 78.7934 24
      vertex -2.04289 78.7071 24
    endloop
  endfacet
  facet normal 0 0 1
    outer loop
      vertex -1.595 80.0005 24
      vertex -2.25 78.866 24
      vertex -2.14124 78.7934 24
    endloop
  endfacet
  facet normal 0 0 1
    outer loop
      vertex -1.595 80.0005 24
      vertex -2.36732 78.9239 24
      vertex -2.25 78.866 24
    endloop
  endfacet
  facet normal 0 0 1
    outer loop
      vertex -1.595 80.0005 24
      vertex -2.49118 78.9659 24
      vertex -2.36732 78.9239 24
    endloop
  endfacet
  facet normal 0 0 1
    outer loop
      vertex -1.595 80.0005 24
      vertex -2.61947 78.9914 24
      vertex -2.49118 78.9659 24
    endloop
  endfacet
  facet normal 0 0 1
    outer loop
      vertex -1.595 80.0005 24
      vertex -2.75 79 24
      vertex -2.61947 78.9914 24
    endloop
  endfacet
  facet normal -0 0 1
    outer loop
      vertex -3.905 80.0005 24
      vertex -2.75 79 24
      vertex -1.595 80.0005 24
    endloop
  endfacet
  facet normal 0 0 1
    outer loop
      vertex -2.75 79 24
      vertex -3.905 80.0005 24
      vertex -2.88053 78.9914 24
    endloop
  endfacet
  facet normal 0 0 1
    outer loop
      vertex -2.88053 78.9914 24
      vertex -3.905 80.0005 24
      vertex -3.00882 78.9659 24
    endloop
  endfacet
  facet normal 0 0 1
    outer loop
      vertex -3.00882 78.9659 24
      vertex -3.905 80.0005 24
      vertex -3.13268 78.9239 24
    endloop
  endfacet
  facet normal 0 0 1
    outer loop
      vertex -3.13268 78.9239 24
      vertex -3.905 80.0005 24
      vertex -3.25 78.866 24
    endloop
  endfacet
  facet normal 0 0 1
    outer loop
      vertex -3.71593 78.2588 24
      vertex -5.06 78 24
      vertex -3.74144 78.1305 24
    endloop
  endfacet
  facet normal 0 0 1
    outer loop
      vertex -3.67388 78.3827 24
      vertex -5.06 78 24
      vertex -3.71593 78.2588 24
    endloop
  endfacet
  facet normal 0 0 1
    outer loop
      vertex -3.61602 78.5 24
      vertex -5.06 78 24
      vertex -3.67388 78.3827 24
    endloop
  endfacet
  facet normal 0 0 1
    outer loop
      vertex -5.06 78 24
      vertex -3.61602 78.5 24
      vertex -3.905 80.0005 24
    endloop
  endfacet
  facet normal 0 0 1
    outer loop
      vertex -3.54335 78.6088 24
      vertex -3.905 80.0005 24
      vertex -3.61602 78.5 24
    endloop
  endfacet
  facet normal 0 0 1
    outer loop
      vertex -3.45711 78.7071 24
      vertex -3.905 80.0005 24
      vertex -3.54335 78.6088 24
    endloop
  endfacet
  facet normal 0 0 1
    outer loop
      vertex -3.35876 78.7934 24
      vertex -3.905 80.0005 24
      vertex -3.45711 78.7071 24
    endloop
  endfacet
  facet normal 0 0 1
    outer loop
      vertex -3.25 78.866 24
      vertex -3.905 80.0005 24
      vertex -3.35876 78.7934 24
    endloop
  endfacet
  facet normal 0 0 1
    outer loop
      vertex -1.78407 77.7412 24
      vertex -0.440001 78 24
      vertex -1.75856 77.8695 24
    endloop
  endfacet
  facet normal 0 0 1
    outer loop
      vertex -1.82612 77.6173 24
      vertex -0.440001 78 24
      vertex -1.78407 77.7412 24
    endloop
  endfacet
  facet normal 0 0 1
    outer loop
      vertex -1.88398 77.5 24
      vertex -0.440001 78 24
      vertex -1.82612 77.6173 24
    endloop
  endfacet
  facet normal 0 0 1
    outer loop
      vertex -0.440001 78 24
      vertex -1.88398 77.5 24
      vertex -1.595 75.9995 24
    endloop
  endfacet
  facet normal -0 0 1
    outer loop
      vertex -1.95665 77.3912 24
      vertex -1.595 75.9995 24
      vertex -1.88398 77.5 24
    endloop
  endfacet
  facet normal -0 0 1
    outer loop
      vertex -2.04289 77.2929 24
      vertex -1.595 75.9995 24
      vertex -1.95665 77.3912 24
    endloop
  endfacet
  facet normal -0 0 1
    outer loop
      vertex -2.14124 77.2066 24
      vertex -1.595 75.9995 24
      vertex -2.04289 77.2929 24
    endloop
  endfacet
  facet normal -0 0 1
    outer loop
      vertex -2.25 77.134 24
      vertex -1.595 75.9995 24
      vertex -2.14124 77.2066 24
    endloop
  endfacet
  facet normal -0 0 1
    outer loop
      vertex -2.36732 77.0761 24
      vertex -1.595 75.9995 24
      vertex -2.25 77.134 24
    endloop
  endfacet
  facet normal -0 0 1
    outer loop
      vertex -2.49118 77.0341 24
      vertex -1.595 75.9995 24
      vertex -2.36732 77.0761 24
    endloop
  endfacet
  facet normal -0 0 1
    outer loop
      vertex -2.61947 77.0086 24
      vertex -1.595 75.9995 24
      vertex -2.49118 77.0341 24
    endloop
  endfacet
  facet normal -0 0 1
    outer loop
      vertex -2.75 77 24
      vertex -1.595 75.9995 24
      vertex -2.61947 77.0086 24
    endloop
  endfacet
  facet normal 0 0 1
    outer loop
      vertex -3.905 75.9995 24
      vertex -2.75 77 24
      vertex -2.88053 77.0086 24
    endloop
  endfacet
  facet normal 0 0 1
    outer loop
      vertex -3.905 75.9995 24
      vertex -2.88053 77.0086 24
      vertex -3.00882 77.0341 24
    endloop
  endfacet
  facet normal 0 0 1
    outer loop
      vertex -3.905 75.9995 24
      vertex -3.00882 77.0341 24
      vertex -3.13268 77.0761 24
    endloop
  endfacet
  facet normal 0 0 1
    outer loop
      vertex -3.905 75.9995 24
      vertex -3.13268 77.0761 24
      vertex -3.25 77.134 24
    endloop
  endfacet
  facet normal 0 0 1
    outer loop
      vertex -3.905 75.9995 24
      vertex -3.25 77.134 24
      vertex -3.35876 77.2066 24
    endloop
  endfacet
  facet normal 0 0 1
    outer loop
      vertex -3.74144 78.1305 24
      vertex -5.06 78 24
      vertex -3.75 78 24
    endloop
  endfacet
  facet normal 0 0 1
    outer loop
      vertex -2.75 77 24
      vertex -3.905 75.9995 24
      vertex -1.595 75.9995 24
    endloop
  endfacet
  facet normal 0 0 1
    outer loop
      vertex -3.45711 77.2929 24
      vertex -3.905 75.9995 24
      vertex -3.35876 77.2066 24
    endloop
  endfacet
  facet normal 0 0 1
    outer loop
      vertex -3.54335 77.3912 24
      vertex -3.905 75.9995 24
      vertex -3.45711 77.2929 24
    endloop
  endfacet
  facet normal 0 0 1
    outer loop
      vertex -3.61602 77.5 24
      vertex -3.905 75.9995 24
      vertex -3.54335 77.3912 24
    endloop
  endfacet
  facet normal 0 0 1
    outer loop
      vertex -5.06 78 24
      vertex -3.61602 77.5 24
      vertex -3.67388 77.6173 24
    endloop
  endfacet
  facet normal 0 0 1
    outer loop
      vertex -5.06 78 24
      vertex -3.67388 77.6173 24
      vertex -3.71593 77.7412 24
    endloop
  endfacet
  facet normal 0 0 1
    outer loop
      vertex -5.06 78 24
      vertex -3.71593 77.7412 24
      vertex -3.74144 77.8695 24
    endloop
  endfacet
  facet normal 0 0 1
    outer loop
      vertex -3.75 78 24
      vertex -5.06 78 24
      vertex -3.74144 77.8695 24
    endloop
  endfacet
  facet normal 0 0 1
    outer loop
      vertex -3.61602 77.5 24
      vertex -5.06 78 24
      vertex -3.905 75.9995 24
    endloop
  endfacet
  facet normal 0.866024 -0.500003 0
    outer loop
      vertex -1.595 75.9995 24
      vertex -0.440001 78 22.4
      vertex -0.440001 78 24
    endloop
  endfacet
  facet normal 0.866024 -0.500003 0
    outer loop
      vertex -0.440001 78 22.4
      vertex -1.595 75.9995 24
      vertex -1.595 75.9995 22.4
    endloop
  endfacet
  facet normal 0 -1 0
    outer loop
      vertex -3.905 75.9995 22.4
      vertex -1.595 75.9995 24
      vertex -3.905 75.9995 24
    endloop
  endfacet
  facet normal 0 -1 -0
    outer loop
      vertex -1.595 75.9995 24
      vertex -3.905 75.9995 22.4
      vertex -1.595 75.9995 22.4
    endloop
  endfacet
  facet normal -0.866023 -0.500004 0
    outer loop
      vertex -3.905 75.9995 22.4
      vertex -5.06 78 24
      vertex -5.06 78 22.4
    endloop
  endfacet
  facet normal -0.866023 -0.500004 0
    outer loop
      vertex -5.06 78 24
      vertex -3.905 75.9995 22.4
      vertex -3.905 75.9995 24
    endloop
  endfacet
  facet normal 0.997836 0.0657577 0
    outer loop
      vertex 53.25 78 30.6
      vertex 53.2414 78.1305 24
      vertex 53.2414 78.1305 30.6
    endloop
  endfacet
  facet normal 0.997836 0.0657577 0
    outer loop
      vertex 53.2414 78.1305 24
      vertex 53.25 78 30.6
      vertex 53.25 78 24
    endloop
  endfacet
  facet normal -0.997836 0.0657577 0
    outer loop
      vertex 51.25 78 24
      vertex 51.2586 78.1305 30.6
      vertex 51.2586 78.1305 24
    endloop
  endfacet
  facet normal -0.997836 0.0657577 0
    outer loop
      vertex 51.2586 78.1305 30.6
      vertex 51.25 78 24
      vertex 51.25 78 30.6
    endloop
  endfacet
  facet normal 0.0657577 0.997836 -0
    outer loop
      vertex 52.3805 78.9914 24
      vertex 52.25 79 30.6
      vertex 52.3805 78.9914 30.6
    endloop
  endfacet
  facet normal 0.0657577 0.997836 0
    outer loop
      vertex 52.25 79 30.6
      vertex 52.3805 78.9914 24
      vertex 52.25 79 24
    endloop
  endfacet
  facet normal 0.751486 0.659749 0
    outer loop
      vertex 53.0434 78.6088 30.6
      vertex 52.9571 78.7071 24
      vertex 52.9571 78.7071 30.6
    endloop
  endfacet
  facet normal 0.751486 0.659749 0
    outer loop
      vertex 52.9571 78.7071 24
      vertex 53.0434 78.6088 30.6
      vertex 53.0434 78.6088 24
    endloop
  endfacet
  facet normal -0.659749 0.751486 0
    outer loop
      vertex 51.6412 78.7934 24
      vertex 51.5429 78.7071 30.6
      vertex 51.6412 78.7934 30.6
    endloop
  endfacet
  facet normal -0.659749 0.751486 0
    outer loop
      vertex 51.5429 78.7071 30.6
      vertex 51.6412 78.7934 24
      vertex 51.5429 78.7071 24
    endloop
  endfacet
  facet normal -0.321039 0.947066 0
    outer loop
      vertex 51.9912 78.9659 24
      vertex 51.8673 78.9239 30.6
      vertex 51.9912 78.9659 30.6
    endloop
  endfacet
  facet normal -0.321039 0.947066 0
    outer loop
      vertex 51.8673 78.9239 30.6
      vertex 51.9912 78.9659 24
      vertex 51.8673 78.9239 24
    endloop
  endfacet
  facet normal 0.896709 0.442621 0
    outer loop
      vertex 53.1739 78.3827 30.6
      vertex 53.116 78.5 24
      vertex 53.116 78.5 30.6
    endloop
  endfacet
  facet normal 0.896709 0.442621 0
    outer loop
      vertex 53.116 78.5 24
      vertex 53.1739 78.3827 30.6
      vertex 53.1739 78.3827 24
    endloop
  endfacet
  facet normal 0.980815 0.19494 0
    outer loop
      vertex 53.2414 78.1305 30.6
      vertex 53.2159 78.2588 24
      vertex 53.2159 78.2588 30.6
    endloop
  endfacet
  facet normal 0.980815 0.19494 0
    outer loop
      vertex 53.2159 78.2588 24
      vertex 53.2414 78.1305 30.6
      vertex 53.2414 78.1305 24
    endloop
  endfacet
  facet normal 0.831815 0.555053 0
    outer loop
      vertex 53.116 78.5 30.6
      vertex 53.0434 78.6088 24
      vertex 53.0434 78.6088 30.6
    endloop
  endfacet
  facet normal 0.831815 0.555053 0
    outer loop
      vertex 53.0434 78.6088 24
      vertex 53.116 78.5 30.6
      vertex 53.116 78.5 24
    endloop
  endfacet
  facet normal 0.442621 0.896709 -0
    outer loop
      vertex 52.75 78.866 24
      vertex 52.6327 78.9239 30.6
      vertex 52.75 78.866 30.6
    endloop
  endfacet
  facet normal 0.442621 0.896709 0
    outer loop
      vertex 52.6327 78.9239 30.6
      vertex 52.75 78.866 24
      vertex 52.6327 78.9239 24
    endloop
  endfacet
  facet normal 0.321039 0.947066 -0
    outer loop
      vertex 52.6327 78.9239 24
      vertex 52.5088 78.9659 30.6
      vertex 52.6327 78.9239 30.6
    endloop
  endfacet
  facet normal 0.321039 0.947066 0
    outer loop
      vertex 52.5088 78.9659 30.6
      vertex 52.6327 78.9239 24
      vertex 52.5088 78.9659 24
    endloop
  endfacet
  facet normal 0.555053 0.831815 -0
    outer loop
      vertex 52.8588 78.7934 24
      vertex 52.75 78.866 30.6
      vertex 52.8588 78.7934 30.6
    endloop
  endfacet
  facet normal 0.555053 0.831815 0
    outer loop
      vertex 52.75 78.866 30.6
      vertex 52.8588 78.7934 24
      vertex 52.75 78.866 24
    endloop
  endfacet
  facet normal -0.896709 0.442621 0
    outer loop
      vertex 51.3261 78.3827 24
      vertex 51.384 78.5 30.6
      vertex 51.384 78.5 24
    endloop
  endfacet
  facet normal -0.896709 0.442621 0
    outer loop
      vertex 51.384 78.5 30.6
      vertex 51.3261 78.3827 24
      vertex 51.3261 78.3827 30.6
    endloop
  endfacet
  facet normal -0.947066 0.321039 0
    outer loop
      vertex 51.2841 78.2588 24
      vertex 51.3261 78.3827 30.6
      vertex 51.3261 78.3827 24
    endloop
  endfacet
  facet normal -0.947066 0.321039 0
    outer loop
      vertex 51.3261 78.3827 30.6
      vertex 51.2841 78.2588 24
      vertex 51.2841 78.2588 30.6
    endloop
  endfacet
  facet normal -0.442621 0.896709 0
    outer loop
      vertex 51.8673 78.9239 24
      vertex 51.75 78.866 30.6
      vertex 51.8673 78.9239 30.6
    endloop
  endfacet
  facet normal -0.442621 0.896709 0
    outer loop
      vertex 51.75 78.866 30.6
      vertex 51.8673 78.9239 24
      vertex 51.75 78.866 24
    endloop
  endfacet
  facet normal -0.19494 0.980815 0
    outer loop
      vertex 52.1195 78.9914 24
      vertex 51.9912 78.9659 30.6
      vertex 52.1195 78.9914 30.6
    endloop
  endfacet
  facet normal -0.19494 0.980815 0
    outer loop
      vertex 51.9912 78.9659 30.6
      vertex 52.1195 78.9914 24
      vertex 51.9912 78.9659 24
    endloop
  endfacet
  facet normal 0.442621 -0.896709 0
    outer loop
      vertex 52.6327 77.0761 24
      vertex 52.75 77.134 30.6
      vertex 52.6327 77.0761 30.6
    endloop
  endfacet
  facet normal 0.442621 -0.896709 0
    outer loop
      vertex 52.75 77.134 30.6
      vertex 52.6327 77.0761 24
      vertex 52.75 77.134 24
    endloop
  endfacet
  facet normal -0.321039 -0.947066 0
    outer loop
      vertex 51.8673 77.0761 24
      vertex 51.9912 77.0341 30.6
      vertex 51.8673 77.0761 30.6
    endloop
  endfacet
  facet normal -0.321039 -0.947066 -0
    outer loop
      vertex 51.9912 77.0341 30.6
      vertex 51.8673 77.0761 24
      vertex 51.9912 77.0341 24
    endloop
  endfacet
  facet normal -0.896709 -0.442621 0
    outer loop
      vertex 51.384 77.5 24
      vertex 51.3261 77.6173 30.6
      vertex 51.3261 77.6173 24
    endloop
  endfacet
  facet normal -0.896709 -0.442621 0
    outer loop
      vertex 51.3261 77.6173 30.6
      vertex 51.384 77.5 24
      vertex 51.384 77.5 30.6
    endloop
  endfacet
  facet normal 0 0 -1
    outer loop
      vertex 53.405 75.9995 22.4
      vertex 53.405 80.0005 22.4
      vertex 54.56 78 22.4
    endloop
  endfacet
  facet normal 0 0 -1
    outer loop
      vertex 51.095 75.9995 22.4
      vertex 53.405 80.0005 22.4
      vertex 53.405 75.9995 22.4
    endloop
  endfacet
  facet normal 0 0 -1
    outer loop
      vertex 51.095 75.9995 22.4
      vertex 51.095 80.0005 22.4
      vertex 53.405 80.0005 22.4
    endloop
  endfacet
  facet normal 0 -0 -1
    outer loop
      vertex 51.095 80.0005 22.4
      vertex 51.095 75.9995 22.4
      vertex 49.94 78 22.4
    endloop
  endfacet
  facet normal 0.947066 0.321039 0
    outer loop
      vertex 53.2159 78.2588 30.6
      vertex 53.1739 78.3827 24
      vertex 53.1739 78.3827 30.6
    endloop
  endfacet
  facet normal 0.947066 0.321039 0
    outer loop
      vertex 53.1739 78.3827 24
      vertex 53.2159 78.2588 30.6
      vertex 53.2159 78.2588 24
    endloop
  endfacet
  facet normal 0.19494 0.980815 -0
    outer loop
      vertex 52.5088 78.9659 24
      vertex 52.3805 78.9914 30.6
      vertex 52.5088 78.9659 30.6
    endloop
  endfacet
  facet normal 0.19494 0.980815 0
    outer loop
      vertex 52.3805 78.9914 30.6
      vertex 52.5088 78.9659 24
      vertex 52.3805 78.9914 24
    endloop
  endfacet
  facet normal 0.659749 0.751486 -0
    outer loop
      vertex 52.9571 78.7071 24
      vertex 52.8588 78.7934 30.6
      vertex 52.9571 78.7071 30.6
    endloop
  endfacet
  facet normal 0.659749 0.751486 0
    outer loop
      vertex 52.8588 78.7934 30.6
      vertex 52.9571 78.7071 24
      vertex 52.8588 78.7934 24
    endloop
  endfacet
  facet normal -0.831815 0.555053 0
    outer loop
      vertex 51.384 78.5 24
      vertex 51.4566 78.6088 30.6
      vertex 51.4566 78.6088 24
    endloop
  endfacet
  facet normal -0.831815 0.555053 0
    outer loop
      vertex 51.4566 78.6088 30.6
      vertex 51.384 78.5 24
      vertex 51.384 78.5 30.6
    endloop
  endfacet
  facet normal -0.751486 0.659749 0
    outer loop
      vertex 51.4566 78.6088 24
      vertex 51.5429 78.7071 30.6
      vertex 51.5429 78.7071 24
    endloop
  endfacet
  facet normal -0.751486 0.659749 0
    outer loop
      vertex 51.5429 78.7071 30.6
      vertex 51.4566 78.6088 24
      vertex 51.4566 78.6088 30.6
    endloop
  endfacet
  facet normal -0.980815 0.19494 0
    outer loop
      vertex 51.2586 78.1305 24
      vertex 51.2841 78.2588 30.6
      vertex 51.2841 78.2588 24
    endloop
  endfacet
  facet normal -0.980815 0.19494 0
    outer loop
      vertex 51.2841 78.2588 30.6
      vertex 51.2586 78.1305 24
      vertex 51.2586 78.1305 30.6
    endloop
  endfacet
  facet normal 0 0 -1
    outer loop
      vertex 53.25 78 30.6
      vertex 54.75 78 30.6
      vertex 54.7286 77.6737 30.6
    endloop
  endfacet
  facet normal 0 0 -1
    outer loop
      vertex 53.2414 77.8695 30.6
      vertex 54.7286 77.6737 30.6
      vertex 54.6648 77.353 30.6
    endloop
  endfacet
  facet normal 0 0 -1
    outer loop
      vertex 54.75 78 30.6
      vertex 53.25 78 30.6
      vertex 54.7286 78.3263 30.6
    endloop
  endfacet
  facet normal 0 0 -1
    outer loop
      vertex 53.2159 77.7412 30.6
      vertex 54.6648 77.353 30.6
      vertex 54.5597 77.0433 30.6
    endloop
  endfacet
  facet normal 0 0 -1
    outer loop
      vertex 53.2414 78.1305 30.6
      vertex 54.7286 78.3263 30.6
      vertex 53.25 78 30.6
    endloop
  endfacet
  facet normal 0 0 -1
    outer loop
      vertex 53.1739 77.6173 30.6
      vertex 54.5597 77.0433 30.6
      vertex 54.4151 76.75 30.6
    endloop
  endfacet
  facet normal -0 0 -1
    outer loop
      vertex 54.7286 78.3263 30.6
      vertex 53.2414 78.1305 30.6
      vertex 54.6648 78.647 30.6
    endloop
  endfacet
  facet normal 0 0 -1
    outer loop
      vertex 53.116 77.5 30.6
      vertex 54.4151 76.75 30.6
      vertex 54.2334 76.4781 30.6
    endloop
  endfacet
  facet normal 0 0 -1
    outer loop
      vertex 53.2159 78.2588 30.6
      vertex 54.6648 78.647 30.6
      vertex 53.2414 78.1305 30.6
    endloop
  endfacet
  facet normal 0 0 -1
    outer loop
      vertex 53.0434 77.3912 30.6
      vertex 54.2334 76.4781 30.6
      vertex 54.0178 76.2322 30.6
    endloop
  endfacet
  facet normal -0 0 -1
    outer loop
      vertex 54.6648 78.647 30.6
      vertex 53.2159 78.2588 30.6
      vertex 54.5597 78.9567 30.6
    endloop
  endfacet
  facet normal 0 0 -1
    outer loop
      vertex 52.9571 77.2929 30.6
      vertex 54.0178 76.2322 30.6
      vertex 53.7719 76.0166 30.6
    endloop
  endfacet
  facet normal 0 0 -1
    outer loop
      vertex 53.1739 78.3827 30.6
      vertex 54.5597 78.9567 30.6
      vertex 53.2159 78.2588 30.6
    endloop
  endfacet
  facet normal 0 0 -1
    outer loop
      vertex 52.8588 77.2066 30.6
      vertex 53.7719 76.0166 30.6
      vertex 53.5 75.8349 30.6
    endloop
  endfacet
  facet normal -0 0 -1
    outer loop
      vertex 54.5597 78.9567 30.6
      vertex 53.1739 78.3827 30.6
      vertex 54.4151 79.25 30.6
    endloop
  endfacet
  facet normal 0 0 -1
    outer loop
      vertex 53.116 78.5 30.6
      vertex 54.4151 79.25 30.6
      vertex 53.1739 78.3827 30.6
    endloop
  endfacet
  facet normal 0 0 -1
    outer loop
      vertex 54.7286 77.6737 30.6
      vertex 53.2414 77.8695 30.6
      vertex 53.25 78 30.6
    endloop
  endfacet
  facet normal 0 0 -1
    outer loop
      vertex 54.6648 77.353 30.6
      vertex 53.2159 77.7412 30.6
      vertex 53.2414 77.8695 30.6
    endloop
  endfacet
  facet normal 0 0 -1
    outer loop
      vertex 52.75 77.134 30.6
      vertex 53.5 75.8349 30.6
      vertex 53.2067 75.6903 30.6
    endloop
  endfacet
  facet normal 0 0 -1
    outer loop
      vertex 54.5597 77.0433 30.6
      vertex 53.1739 77.6173 30.6
      vertex 53.2159 77.7412 30.6
    endloop
  endfacet
  facet normal 0 0 -1
    outer loop
      vertex 54.4151 76.75 30.6
      vertex 53.116 77.5 30.6
      vertex 53.1739 77.6173 30.6
    endloop
  endfacet
  facet normal 0 0 -1
    outer loop
      vertex 54.2334 76.4781 30.6
      vertex 53.0434 77.3912 30.6
      vertex 53.116 77.5 30.6
    endloop
  endfacet
  facet normal 0 0 -1
    outer loop
      vertex 54.0178 76.2322 30.6
      vertex 52.9571 77.2929 30.6
      vertex 53.0434 77.3912 30.6
    endloop
  endfacet
  facet normal 0 0 -1
    outer loop
      vertex 52.6327 77.0761 30.6
      vertex 53.2067 75.6903 30.6
      vertex 52.897 75.5852 30.6
    endloop
  endfacet
  facet normal 0 0 -1
    outer loop
      vertex 53.7719 76.0166 30.6
      vertex 52.8588 77.2066 30.6
      vertex 52.9571 77.2929 30.6
    endloop
  endfacet
  facet normal 0 0 -1
    outer loop
      vertex 53.5 75.8349 30.6
      vertex 52.75 77.134 30.6
      vertex 52.8588 77.2066 30.6
    endloop
  endfacet
  facet normal 0 0 -1
    outer loop
      vertex 53.2067 75.6903 30.6
      vertex 52.6327 77.0761 30.6
      vertex 52.75 77.134 30.6
    endloop
  endfacet
  facet normal 0 0 -1
    outer loop
      vertex 52.5088 77.0341 30.6
      vertex 52.897 75.5852 30.6
      vertex 52.5763 75.5214 30.6
    endloop
  endfacet
  facet normal 0 0 -1
    outer loop
      vertex 52.897 75.5852 30.6
      vertex 52.5088 77.0341 30.6
      vertex 52.6327 77.0761 30.6
    endloop
  endfacet
  facet normal 0 0 -1
    outer loop
      vertex 52.5763 75.5214 30.6
      vertex 52.3805 77.0086 30.6
      vertex 52.5088 77.0341 30.6
    endloop
  endfacet
  facet normal 0 0 -1
    outer loop
      vertex 52.25 75.5 30.6
      vertex 52.3805 77.0086 30.6
      vertex 52.5763 75.5214 30.6
    endloop
  endfacet
  facet normal 0 0 -1
    outer loop
      vertex 52.25 75.5 30.6
      vertex 52.25 77 30.6
      vertex 52.3805 77.0086 30.6
    endloop
  endfacet
  facet normal 0 0 -1
    outer loop
      vertex 52.25 75.5 30.6
      vertex 52.1195 77.0086 30.6
      vertex 52.25 77 30.6
    endloop
  endfacet
  facet normal 0 0 -1
    outer loop
      vertex 51.9237 75.5214 30.6
      vertex 52.1195 77.0086 30.6
      vertex 52.25 75.5 30.6
    endloop
  endfacet
  facet normal -0 0 -1
    outer loop
      vertex 52.1195 77.0086 30.6
      vertex 51.9237 75.5214 30.6
      vertex 51.9912 77.0341 30.6
    endloop
  endfacet
  facet normal 0 0 -1
    outer loop
      vertex 51.603 75.5852 30.6
      vertex 51.9912 77.0341 30.6
      vertex 51.9237 75.5214 30.6
    endloop
  endfacet
  facet normal -0 0 -1
    outer loop
      vertex 51.9912 77.0341 30.6
      vertex 51.603 75.5852 30.6
      vertex 51.8673 77.0761 30.6
    endloop
  endfacet
  facet normal 0 0 -1
    outer loop
      vertex 51.2933 75.6903 30.6
      vertex 51.8673 77.0761 30.6
      vertex 51.603 75.5852 30.6
    endloop
  endfacet
  facet normal -0 0 -1
    outer loop
      vertex 51.8673 77.0761 30.6
      vertex 51.2933 75.6903 30.6
      vertex 51.75 77.134 30.6
    endloop
  endfacet
  facet normal 0 0 -1
    outer loop
      vertex 51 75.8349 30.6
      vertex 51.75 77.134 30.6
      vertex 51.2933 75.6903 30.6
    endloop
  endfacet
  facet normal -0 0 -1
    outer loop
      vertex 51.75 77.134 30.6
      vertex 51 75.8349 30.6
      vertex 51.6412 77.2066 30.6
    endloop
  endfacet
  facet normal 0 0 -1
    outer loop
      vertex 50.7281 76.0166 30.6
      vertex 51.6412 77.2066 30.6
      vertex 51 75.8349 30.6
    endloop
  endfacet
  facet normal -0 0 -1
    outer loop
      vertex 51.6412 77.2066 30.6
      vertex 50.7281 76.0166 30.6
      vertex 51.5429 77.2929 30.6
    endloop
  endfacet
  facet normal 0 0 -1
    outer loop
      vertex 50.4822 76.2322 30.6
      vertex 51.5429 77.2929 30.6
      vertex 50.7281 76.0166 30.6
    endloop
  endfacet
  facet normal -0 0 -1
    outer loop
      vertex 51.5429 77.2929 30.6
      vertex 50.4822 76.2322 30.6
      vertex 51.4566 77.3912 30.6
    endloop
  endfacet
  facet normal 0 0 -1
    outer loop
      vertex 50.2666 76.4781 30.6
      vertex 51.4566 77.3912 30.6
      vertex 50.4822 76.2322 30.6
    endloop
  endfacet
  facet normal -0 0 -1
    outer loop
      vertex 51.4566 77.3912 30.6
      vertex 50.2666 76.4781 30.6
      vertex 51.384 77.5 30.6
    endloop
  endfacet
  facet normal 0 0 -1
    outer loop
      vertex 50.0849 76.75 30.6
      vertex 51.384 77.5 30.6
      vertex 50.2666 76.4781 30.6
    endloop
  endfacet
  facet normal -0 0 -1
    outer loop
      vertex 54.4151 79.25 30.6
      vertex 53.116 78.5 30.6
      vertex 54.2334 79.5219 30.6
    endloop
  endfacet
  facet normal 0 0 -1
    outer loop
      vertex 53.0434 78.6088 30.6
      vertex 54.2334 79.5219 30.6
      vertex 53.116 78.5 30.6
    endloop
  endfacet
  facet normal -0 0 -1
    outer loop
      vertex 54.2334 79.5219 30.6
      vertex 53.0434 78.6088 30.6
      vertex 54.0178 79.7678 30.6
    endloop
  endfacet
  facet normal 0 0 -1
    outer loop
      vertex 52.9571 78.7071 30.6
      vertex 54.0178 79.7678 30.6
      vertex 53.0434 78.6088 30.6
    endloop
  endfacet
  facet normal -0 0 -1
    outer loop
      vertex 54.0178 79.7678 30.6
      vertex 52.9571 78.7071 30.6
      vertex 53.7719 79.9834 30.6
    endloop
  endfacet
  facet normal 0 0 -1
    outer loop
      vertex 52.8588 78.7934 30.6
      vertex 53.7719 79.9834 30.6
      vertex 52.9571 78.7071 30.6
    endloop
  endfacet
  facet normal -0 0 -1
    outer loop
      vertex 53.7719 79.9834 30.6
      vertex 52.8588 78.7934 30.6
      vertex 53.5 80.1651 30.6
    endloop
  endfacet
  facet normal 0 0 -1
    outer loop
      vertex 52.75 78.866 30.6
      vertex 53.5 80.1651 30.6
      vertex 52.8588 78.7934 30.6
    endloop
  endfacet
  facet normal -0 0 -1
    outer loop
      vertex 53.5 80.1651 30.6
      vertex 52.75 78.866 30.6
      vertex 53.2067 80.3097 30.6
    endloop
  endfacet
  facet normal 0 0 -1
    outer loop
      vertex 52.6327 78.9239 30.6
      vertex 53.2067 80.3097 30.6
      vertex 52.75 78.866 30.6
    endloop
  endfacet
  facet normal -0 0 -1
    outer loop
      vertex 53.2067 80.3097 30.6
      vertex 52.6327 78.9239 30.6
      vertex 52.897 80.4148 30.6
    endloop
  endfacet
  facet normal 0 0 -1
    outer loop
      vertex 52.5088 78.9659 30.6
      vertex 52.897 80.4148 30.6
      vertex 52.6327 78.9239 30.6
    endloop
  endfacet
  facet normal -0 0 -1
    outer loop
      vertex 52.897 80.4148 30.6
      vertex 52.5088 78.9659 30.6
      vertex 52.5763 80.4786 30.6
    endloop
  endfacet
  facet normal 0 0 -1
    outer loop
      vertex 52.3805 78.9914 30.6
      vertex 52.5763 80.4786 30.6
      vertex 52.5088 78.9659 30.6
    endloop
  endfacet
  facet normal 0 0 -1
    outer loop
      vertex 52.25 79 30.6
      vertex 52.5763 80.4786 30.6
      vertex 52.3805 78.9914 30.6
    endloop
  endfacet
  facet normal 0 0 -1
    outer loop
      vertex 52.25 79 30.6
      vertex 52.25 80.5 30.6
      vertex 52.5763 80.4786 30.6
    endloop
  endfacet
  facet normal 0 0 -1
    outer loop
      vertex 52.1195 78.9914 30.6
      vertex 52.25 80.5 30.6
      vertex 52.25 79 30.6
    endloop
  endfacet
  facet normal 0 0 -1
    outer loop
      vertex 51.9237 80.4786 30.6
      vertex 52.1195 78.9914 30.6
      vertex 51.9912 78.9659 30.6
    endloop
  endfacet
  facet normal 0 0 -1
    outer loop
      vertex 52.1195 78.9914 30.6
      vertex 51.9237 80.4786 30.6
      vertex 52.25 80.5 30.6
    endloop
  endfacet
  facet normal 0 0 -1
    outer loop
      vertex 51.603 80.4148 30.6
      vertex 51.9912 78.9659 30.6
      vertex 51.8673 78.9239 30.6
    endloop
  endfacet
  facet normal 0 0 -1
    outer loop
      vertex 51.2933 80.3097 30.6
      vertex 51.8673 78.9239 30.6
      vertex 51.75 78.866 30.6
    endloop
  endfacet
  facet normal 0 0 -1
    outer loop
      vertex 51 80.1651 30.6
      vertex 51.75 78.866 30.6
      vertex 51.6412 78.7934 30.6
    endloop
  endfacet
  facet normal 0 0 -1
    outer loop
      vertex 51.9912 78.9659 30.6
      vertex 51.603 80.4148 30.6
      vertex 51.9237 80.4786 30.6
    endloop
  endfacet
  facet normal 0 0 -1
    outer loop
      vertex 50.7281 79.9834 30.6
      vertex 51.6412 78.7934 30.6
      vertex 51.5429 78.7071 30.6
    endloop
  endfacet
  facet normal 0 0 -1
    outer loop
      vertex 50.4822 79.7678 30.6
      vertex 51.5429 78.7071 30.6
      vertex 51.4566 78.6088 30.6
    endloop
  endfacet
  facet normal 0 0 -1
    outer loop
      vertex 50.2666 79.5219 30.6
      vertex 51.4566 78.6088 30.6
      vertex 51.384 78.5 30.6
    endloop
  endfacet
  facet normal 0 0 -1
    outer loop
      vertex 50.0849 79.25 30.6
      vertex 51.384 78.5 30.6
      vertex 51.3261 78.3827 30.6
    endloop
  endfacet
  facet normal 0 0 -1
    outer loop
      vertex 51.8673 78.9239 30.6
      vertex 51.2933 80.3097 30.6
      vertex 51.603 80.4148 30.6
    endloop
  endfacet
  facet normal 0 0 -1
    outer loop
      vertex 49.9403 78.9567 30.6
      vertex 51.3261 78.3827 30.6
      vertex 51.2841 78.2588 30.6
    endloop
  endfacet
  facet normal 0 0 -1
    outer loop
      vertex 49.8352 78.647 30.6
      vertex 51.2841 78.2588 30.6
      vertex 51.2586 78.1305 30.6
    endloop
  endfacet
  facet normal 0 0 -1
    outer loop
      vertex 49.7714 78.3263 30.6
      vertex 51.2586 78.1305 30.6
      vertex 51.25 78 30.6
    endloop
  endfacet
  facet normal -0 0 -1
    outer loop
      vertex 51.384 77.5 30.6
      vertex 50.0849 76.75 30.6
      vertex 51.3261 77.6173 30.6
    endloop
  endfacet
  facet normal 0 0 -1
    outer loop
      vertex 51.75 78.866 30.6
      vertex 51 80.1651 30.6
      vertex 51.2933 80.3097 30.6
    endloop
  endfacet
  facet normal 0 0 -1
    outer loop
      vertex 49.9403 77.0433 30.6
      vertex 51.3261 77.6173 30.6
      vertex 50.0849 76.75 30.6
    endloop
  endfacet
  facet normal 0 0 -1
    outer loop
      vertex 51.6412 78.7934 30.6
      vertex 50.7281 79.9834 30.6
      vertex 51 80.1651 30.6
    endloop
  endfacet
  facet normal -0 0 -1
    outer loop
      vertex 51.3261 77.6173 30.6
      vertex 49.9403 77.0433 30.6
      vertex 51.2841 77.7412 30.6
    endloop
  endfacet
  facet normal 0 0 -1
    outer loop
      vertex 51.5429 78.7071 30.6
      vertex 50.4822 79.7678 30.6
      vertex 50.7281 79.9834 30.6
    endloop
  endfacet
  facet normal 0 0 -1
    outer loop
      vertex 49.8352 77.353 30.6
      vertex 51.2841 77.7412 30.6
      vertex 49.9403 77.0433 30.6
    endloop
  endfacet
  facet normal 0 0 -1
    outer loop
      vertex 51.4566 78.6088 30.6
      vertex 50.2666 79.5219 30.6
      vertex 50.4822 79.7678 30.6
    endloop
  endfacet
  facet normal -0 0 -1
    outer loop
      vertex 51.2841 77.7412 30.6
      vertex 49.8352 77.353 30.6
      vertex 51.2586 77.8695 30.6
    endloop
  endfacet
  facet normal 0 0 -1
    outer loop
      vertex 51.384 78.5 30.6
      vertex 50.0849 79.25 30.6
      vertex 50.2666 79.5219 30.6
    endloop
  endfacet
  facet normal 0 0 -1
    outer loop
      vertex 49.7714 77.6737 30.6
      vertex 51.2586 77.8695 30.6
      vertex 49.8352 77.353 30.6
    endloop
  endfacet
  facet normal 0 0 -1
    outer loop
      vertex 51.3261 78.3827 30.6
      vertex 49.9403 78.9567 30.6
      vertex 50.0849 79.25 30.6
    endloop
  endfacet
  facet normal -0 0 -1
    outer loop
      vertex 51.2586 77.8695 30.6
      vertex 49.7714 77.6737 30.6
      vertex 51.25 78 30.6
    endloop
  endfacet
  facet normal 0 0 -1
    outer loop
      vertex 51.2841 78.2588 30.6
      vertex 49.8352 78.647 30.6
      vertex 49.9403 78.9567 30.6
    endloop
  endfacet
  facet normal 0 0 -1
    outer loop
      vertex 49.75 78 30.6
      vertex 51.25 78 30.6
      vertex 49.7714 77.6737 30.6
    endloop
  endfacet
  facet normal 0 0 -1
    outer loop
      vertex 51.2586 78.1305 30.6
      vertex 49.7714 78.3263 30.6
      vertex 49.8352 78.647 30.6
    endloop
  endfacet
  facet normal 0 0 -1
    outer loop
      vertex 51.25 78 30.6
      vertex 49.75 78 30.6
      vertex 49.7714 78.3263 30.6
    endloop
  endfacet
  facet normal -0.555053 0.831815 0
    outer loop
      vertex 51.75 78.866 24
      vertex 51.6412 78.7934 30.6
      vertex 51.75 78.866 30.6
    endloop
  endfacet
  facet normal -0.555053 0.831815 0
    outer loop
      vertex 51.6412 78.7934 30.6
      vertex 51.75 78.866 24
      vertex 51.6412 78.7934 24
    endloop
  endfacet
  facet normal -0.0657577 0.997836 0
    outer loop
      vertex 52.25 79 24
      vertex 52.1195 78.9914 30.6
      vertex 52.25 79 30.6
    endloop
  endfacet
  facet normal -0.0657577 0.997836 0
    outer loop
      vertex 52.1195 78.9914 30.6
      vertex 52.25 79 24
      vertex 52.1195 78.9914 24
    endloop
  endfacet
  facet normal 0.0657577 -0.997836 0
    outer loop
      vertex 52.25 77 24
      vertex 52.3805 77.0086 30.6
      vertex 52.25 77 30.6
    endloop
  endfacet
  facet normal 0.0657577 -0.997836 0
    outer loop
      vertex 52.3805 77.0086 30.6
      vertex 52.25 77 24
      vertex 52.3805 77.0086 24
    endloop
  endfacet
  facet normal 0.321039 -0.947066 0
    outer loop
      vertex 52.5088 77.0341 24
      vertex 52.6327 77.0761 30.6
      vertex 52.5088 77.0341 30.6
    endloop
  endfacet
  facet normal 0.321039 -0.947066 0
    outer loop
      vertex 52.6327 77.0761 30.6
      vertex 52.5088 77.0341 24
      vertex 52.6327 77.0761 24
    endloop
  endfacet
  facet normal 0.555053 -0.831815 0
    outer loop
      vertex 52.75 77.134 24
      vertex 52.8588 77.2066 30.6
      vertex 52.75 77.134 30.6
    endloop
  endfacet
  facet normal 0.555053 -0.831815 0
    outer loop
      vertex 52.8588 77.2066 30.6
      vertex 52.75 77.134 24
      vertex 52.8588 77.2066 24
    endloop
  endfacet
  facet normal 0.947066 -0.321039 0
    outer loop
      vertex 53.1739 77.6173 30.6
      vertex 53.2159 77.7412 24
      vertex 53.2159 77.7412 30.6
    endloop
  endfacet
  facet normal 0.947066 -0.321039 0
    outer loop
      vertex 53.2159 77.7412 24
      vertex 53.1739 77.6173 30.6
      vertex 53.1739 77.6173 24
    endloop
  endfacet
  facet normal 0.751486 -0.659749 0
    outer loop
      vertex 52.9571 77.2929 30.6
      vertex 53.0434 77.3912 24
      vertex 53.0434 77.3912 30.6
    endloop
  endfacet
  facet normal 0.751486 -0.659749 0
    outer loop
      vertex 53.0434 77.3912 24
      vertex 52.9571 77.2929 30.6
      vertex 52.9571 77.2929 24
    endloop
  endfacet
  facet normal -0.659749 -0.751486 0
    outer loop
      vertex 51.5429 77.2929 24
      vertex 51.6412 77.2066 30.6
      vertex 51.5429 77.2929 30.6
    endloop
  endfacet
  facet normal -0.659749 -0.751486 -0
    outer loop
      vertex 51.6412 77.2066 30.6
      vertex 51.5429 77.2929 24
      vertex 51.6412 77.2066 24
    endloop
  endfacet
  facet normal -0.442621 -0.896709 0
    outer loop
      vertex 51.75 77.134 24
      vertex 51.8673 77.0761 30.6
      vertex 51.75 77.134 30.6
    endloop
  endfacet
  facet normal -0.442621 -0.896709 -0
    outer loop
      vertex 51.8673 77.0761 30.6
      vertex 51.75 77.134 24
      vertex 51.8673 77.0761 24
    endloop
  endfacet
  facet normal -0.19494 -0.980815 0
    outer loop
      vertex 51.9912 77.0341 24
      vertex 52.1195 77.0086 30.6
      vertex 51.9912 77.0341 30.6
    endloop
  endfacet
  facet normal -0.19494 -0.980815 -0
    outer loop
      vertex 52.1195 77.0086 30.6
      vertex 51.9912 77.0341 24
      vertex 52.1195 77.0086 24
    endloop
  endfacet
  facet normal -0.831815 -0.555053 0
    outer loop
      vertex 51.4566 77.3912 24
      vertex 51.384 77.5 30.6
      vertex 51.384 77.5 24
    endloop
  endfacet
  facet normal -0.831815 -0.555053 0
    outer loop
      vertex 51.384 77.5 30.6
      vertex 51.4566 77.3912 24
      vertex 51.4566 77.3912 30.6
    endloop
  endfacet
  facet normal -0.947066 -0.321039 0
    outer loop
      vertex 51.3261 77.6173 24
      vertex 51.2841 77.7412 30.6
      vertex 51.2841 77.7412 24
    endloop
  endfacet
  facet normal -0.947066 -0.321039 0
    outer loop
      vertex 51.2841 77.7412 30.6
      vertex 51.3261 77.6173 24
      vertex 51.3261 77.6173 30.6
    endloop
  endfacet
  facet normal -0.997836 -0.0657577 0
    outer loop
      vertex 51.2586 77.8695 24
      vertex 51.25 78 30.6
      vertex 51.25 78 24
    endloop
  endfacet
  facet normal -0.997836 -0.0657577 0
    outer loop
      vertex 51.25 78 30.6
      vertex 51.2586 77.8695 24
      vertex 51.2586 77.8695 30.6
    endloop
  endfacet
  facet normal 0.19494 -0.980815 0
    outer loop
      vertex 52.3805 77.0086 24
      vertex 52.5088 77.0341 30.6
      vertex 52.3805 77.0086 30.6
    endloop
  endfacet
  facet normal 0.19494 -0.980815 0
    outer loop
      vertex 52.5088 77.0341 30.6
      vertex 52.3805 77.0086 24
      vertex 52.5088 77.0341 24
    endloop
  endfacet
  facet normal 0.659749 -0.751486 0
    outer loop
      vertex 52.8588 77.2066 24
      vertex 52.9571 77.2929 30.6
      vertex 52.8588 77.2066 30.6
    endloop
  endfacet
  facet normal 0.659749 -0.751486 0
    outer loop
      vertex 52.9571 77.2929 30.6
      vertex 52.8588 77.2066 24
      vertex 52.9571 77.2929 24
    endloop
  endfacet
  facet normal 0.896709 -0.442621 0
    outer loop
      vertex 53.116 77.5 30.6
      vertex 53.1739 77.6173 24
      vertex 53.1739 77.6173 30.6
    endloop
  endfacet
  facet normal 0.896709 -0.442621 0
    outer loop
      vertex 53.1739 77.6173 24
      vertex 53.116 77.5 30.6
      vertex 53.116 77.5 24
    endloop
  endfacet
  facet normal 0.980815 -0.19494 0
    outer loop
      vertex 53.2159 77.7412 30.6
      vertex 53.2414 77.8695 24
      vertex 53.2414 77.8695 30.6
    endloop
  endfacet
  facet normal 0.980815 -0.19494 0
    outer loop
      vertex 53.2414 77.8695 24
      vertex 53.2159 77.7412 30.6
      vertex 53.2159 77.7412 24
    endloop
  endfacet
  facet normal -0.555053 -0.831815 0
    outer loop
      vertex 51.6412 77.2066 24
      vertex 51.75 77.134 30.6
      vertex 51.6412 77.2066 30.6
    endloop
  endfacet
  facet normal -0.555053 -0.831815 -0
    outer loop
      vertex 51.75 77.134 30.6
      vertex 51.6412 77.2066 24
      vertex 51.75 77.134 24
    endloop
  endfacet
  facet normal -0.0657577 -0.997836 0
    outer loop
      vertex 52.1195 77.0086 24
      vertex 52.25 77 30.6
      vertex 52.1195 77.0086 30.6
    endloop
  endfacet
  facet normal -0.0657577 -0.997836 -0
    outer loop
      vertex 52.25 77 30.6
      vertex 52.1195 77.0086 24
      vertex 52.25 77 24
    endloop
  endfacet
  facet normal -0.751486 -0.659749 0
    outer loop
      vertex 51.5429 77.2929 24
      vertex 51.4566 77.3912 30.6
      vertex 51.4566 77.3912 24
    endloop
  endfacet
  facet normal -0.751486 -0.659749 0
    outer loop
      vertex 51.4566 77.3912 30.6
      vertex 51.5429 77.2929 24
      vertex 51.5429 77.2929 30.6
    endloop
  endfacet
  facet normal -0.980815 -0.19494 0
    outer loop
      vertex 51.2841 77.7412 24
      vertex 51.2586 77.8695 30.6
      vertex 51.2586 77.8695 24
    endloop
  endfacet
  facet normal -0.980815 -0.19494 0
    outer loop
      vertex 51.2586 77.8695 30.6
      vertex 51.2841 77.7412 24
      vertex 51.2841 77.7412 30.6
    endloop
  endfacet
  facet normal 0.831815 -0.555053 0
    outer loop
      vertex 53.0434 77.3912 30.6
      vertex 53.116 77.5 24
      vertex 53.116 77.5 30.6
    endloop
  endfacet
  facet normal 0.831815 -0.555053 0
    outer loop
      vertex 53.116 77.5 24
      vertex 53.0434 77.3912 30.6
      vertex 53.0434 77.3912 24
    endloop
  endfacet
  facet normal 0.997836 -0.0657577 0
    outer loop
      vertex 53.2414 77.8695 30.6
      vertex 53.25 78 24
      vertex 53.25 78 30.6
    endloop
  endfacet
  facet normal 0.997836 -0.0657577 0
    outer loop
      vertex 53.25 78 24
      vertex 53.2414 77.8695 30.6
      vertex 53.2414 77.8695 24
    endloop
  endfacet
  facet normal 0.997856 0.0654432 0
    outer loop
      vertex 54.75 78 32.6
      vertex 54.7286 78.3263 30.6
      vertex 54.7286 78.3263 32.6
    endloop
  endfacet
  facet normal 0.997856 0.0654432 0
    outer loop
      vertex 54.7286 78.3263 30.6
      vertex 54.75 78 32.6
      vertex 54.75 78 30.6
    endloop
  endfacet
  facet normal -0.997856 0.0654432 0
    outer loop
      vertex 49.75 78 30.6
      vertex 49.7714 78.3263 32.6
      vertex 49.7714 78.3263 30.6
    endloop
  endfacet
  facet normal -0.997856 0.0654432 0
    outer loop
      vertex 49.7714 78.3263 32.6
      vertex 49.75 78 30.6
      vertex 49.75 78 32.6
    endloop
  endfacet
  facet normal 0.0654432 0.997856 -0
    outer loop
      vertex 52.5763 80.4786 30.6
      vertex 52.25 80.5 32.6
      vertex 52.5763 80.4786 32.6
    endloop
  endfacet
  facet normal 0.0654432 0.997856 0
    outer loop
      vertex 52.25 80.5 32.6
      vertex 52.5763 80.4786 30.6
      vertex 52.25 80.5 30.6
    endloop
  endfacet
  facet normal 0.751913 0.659262 0
    outer loop
      vertex 54.2334 79.5219 32.6
      vertex 54.0178 79.7678 30.6
      vertex 54.0178 79.7678 32.6
    endloop
  endfacet
  facet normal 0.751913 0.659262 0
    outer loop
      vertex 54.0178 79.7678 30.6
      vertex 54.2334 79.5219 32.6
      vertex 54.2334 79.5219 30.6
    endloop
  endfacet
  facet normal -0.659262 0.751913 0
    outer loop
      vertex 50.7281 79.9834 30.6
      vertex 50.4822 79.7678 32.6
      vertex 50.7281 79.9834 32.6
    endloop
  endfacet
  facet normal -0.659262 0.751913 0
    outer loop
      vertex 50.4822 79.7678 32.6
      vertex 50.7281 79.9834 30.6
      vertex 50.4822 79.7678 30.6
    endloop
  endfacet
  facet normal -0.32136 0.946957 0
    outer loop
      vertex 51.603 80.4148 30.6
      vertex 51.2933 80.3097 32.6
      vertex 51.603 80.4148 32.6
    endloop
  endfacet
  facet normal -0.32136 0.946957 0
    outer loop
      vertex 51.2933 80.3097 32.6
      vertex 51.603 80.4148 30.6
      vertex 51.2933 80.3097 30.6
    endloop
  endfacet
  facet normal -0.98078 -0.195116 0
    outer loop
      vertex 49.8352 77.353 30.6
      vertex 49.7714 77.6737 32.6
      vertex 49.7714 77.6737 30.6
    endloop
  endfacet
  facet normal -0.98078 -0.195116 0
    outer loop
      vertex 49.7714 77.6737 32.6
      vertex 49.8352 77.353 30.6
      vertex 49.8352 77.353 32.6
    endloop
  endfacet
  facet normal 0.896921 0.442191 0
    outer loop
      vertex 54.5597 78.9567 32.6
      vertex 54.4151 79.25 30.6
      vertex 54.4151 79.25 32.6
    endloop
  endfacet
  facet normal 0.896921 0.442191 0
    outer loop
      vertex 54.4151 79.25 30.6
      vertex 54.5597 78.9567 32.6
      vertex 54.5597 78.9567 30.6
    endloop
  endfacet
  facet normal 0.98078 0.195116 0
    outer loop
      vertex 54.7286 78.3263 32.6
      vertex 54.6648 78.647 30.6
      vertex 54.6648 78.647 32.6
    endloop
  endfacet
  facet normal 0.98078 0.195116 0
    outer loop
      vertex 54.6648 78.647 30.6
      vertex 54.7286 78.3263 32.6
      vertex 54.7286 78.3263 30.6
    endloop
  endfacet
  facet normal 0.831438 0.555617 0
    outer loop
      vertex 54.4151 79.25 32.6
      vertex 54.2334 79.5219 30.6
      vertex 54.2334 79.5219 32.6
    endloop
  endfacet
  facet normal 0.831438 0.555617 0
    outer loop
      vertex 54.2334 79.5219 30.6
      vertex 54.4151 79.25 32.6
      vertex 54.4151 79.25 30.6
    endloop
  endfacet
  facet normal 0.442191 0.896921 -0
    outer loop
      vertex 53.5 80.1651 30.6
      vertex 53.2067 80.3097 32.6
      vertex 53.5 80.1651 32.6
    endloop
  endfacet
  facet normal 0.442191 0.896921 0
    outer loop
      vertex 53.2067 80.3097 32.6
      vertex 53.5 80.1651 30.6
      vertex 53.2067 80.3097 30.6
    endloop
  endfacet
  facet normal 0.555617 0.831438 -0
    outer loop
      vertex 53.7719 79.9834 30.6
      vertex 53.5 80.1651 32.6
      vertex 53.7719 79.9834 32.6
    endloop
  endfacet
  facet normal 0.555617 0.831438 0
    outer loop
      vertex 53.5 80.1651 32.6
      vertex 53.7719 79.9834 30.6
      vertex 53.5 80.1651 30.6
    endloop
  endfacet
  facet normal -0.896921 0.442191 0
    outer loop
      vertex 49.9403 78.9567 30.6
      vertex 50.0849 79.25 32.6
      vertex 50.0849 79.25 30.6
    endloop
  endfacet
  facet normal -0.896921 0.442191 0
    outer loop
      vertex 50.0849 79.25 32.6
      vertex 49.9403 78.9567 30.6
      vertex 49.9403 78.9567 32.6
    endloop
  endfacet
  facet normal -0.831438 0.555617 0
    outer loop
      vertex 50.0849 79.25 30.6
      vertex 50.2666 79.5219 32.6
      vertex 50.2666 79.5219 30.6
    endloop
  endfacet
  facet normal -0.831438 0.555617 0
    outer loop
      vertex 50.2666 79.5219 32.6
      vertex 50.0849 79.25 30.6
      vertex 50.0849 79.25 32.6
    endloop
  endfacet
  facet normal 0 0 1
    outer loop
      vertex 54.7286 78.3263 32.6
      vertex 54.7286 77.6737 32.6
      vertex 54.75 78 32.6
    endloop
  endfacet
  facet normal 0 0 1
    outer loop
      vertex 54.6648 78.647 32.6
      vertex 54.7286 77.6737 32.6
      vertex 54.7286 78.3263 32.6
    endloop
  endfacet
  facet normal 0 0 1
    outer loop
      vertex 54.6648 78.647 32.6
      vertex 54.6648 77.353 32.6
      vertex 54.7286 77.6737 32.6
    endloop
  endfacet
  facet normal 0 0 1
    outer loop
      vertex 54.5597 78.9567 32.6
      vertex 54.6648 77.353 32.6
      vertex 54.6648 78.647 32.6
    endloop
  endfacet
  facet normal 0 0 1
    outer loop
      vertex 54.5597 78.9567 32.6
      vertex 54.5597 77.0433 32.6
      vertex 54.6648 77.353 32.6
    endloop
  endfacet
  facet normal 0 0 1
    outer loop
      vertex 54.4151 79.25 32.6
      vertex 54.5597 77.0433 32.6
      vertex 54.5597 78.9567 32.6
    endloop
  endfacet
  facet normal 0 0 1
    outer loop
      vertex 54.4151 79.25 32.6
      vertex 54.4151 76.75 32.6
      vertex 54.5597 77.0433 32.6
    endloop
  endfacet
  facet normal 0 0 1
    outer loop
      vertex 54.2334 79.5219 32.6
      vertex 54.4151 76.75 32.6
      vertex 54.4151 79.25 32.6
    endloop
  endfacet
  facet normal 0 0 1
    outer loop
      vertex 54.2334 79.5219 32.6
      vertex 54.2334 76.4781 32.6
      vertex 54.4151 76.75 32.6
    endloop
  endfacet
  facet normal 0 0 1
    outer loop
      vertex 54.0178 79.7678 32.6
      vertex 54.2334 76.4781 32.6
      vertex 54.2334 79.5219 32.6
    endloop
  endfacet
  facet normal 0 0 1
    outer loop
      vertex 54.0178 79.7678 32.6
      vertex 54.0178 76.2322 32.6
      vertex 54.2334 76.4781 32.6
    endloop
  endfacet
  facet normal 0 0 1
    outer loop
      vertex 53.7719 79.9834 32.6
      vertex 54.0178 76.2322 32.6
      vertex 54.0178 79.7678 32.6
    endloop
  endfacet
  facet normal 0 0 1
    outer loop
      vertex 53.7719 79.9834 32.6
      vertex 53.7719 76.0166 32.6
      vertex 54.0178 76.2322 32.6
    endloop
  endfacet
  facet normal 0 0 1
    outer loop
      vertex 53.5 80.1651 32.6
      vertex 53.7719 76.0166 32.6
      vertex 53.7719 79.9834 32.6
    endloop
  endfacet
  facet normal 0 0 1
    outer loop
      vertex 53.5 80.1651 32.6
      vertex 53.5 75.8349 32.6
      vertex 53.7719 76.0166 32.6
    endloop
  endfacet
  facet normal 0 0 1
    outer loop
      vertex 53.2067 80.3097 32.6
      vertex 53.5 75.8349 32.6
      vertex 53.5 80.1651 32.6
    endloop
  endfacet
  facet normal 0 0 1
    outer loop
      vertex 53.2067 80.3097 32.6
      vertex 53.2067 75.6903 32.6
      vertex 53.5 75.8349 32.6
    endloop
  endfacet
  facet normal 0 0 1
    outer loop
      vertex 52.897 80.4148 32.6
      vertex 53.2067 75.6903 32.6
      vertex 53.2067 80.3097 32.6
    endloop
  endfacet
  facet normal 0 0 1
    outer loop
      vertex 52.897 80.4148 32.6
      vertex 52.897 75.5852 32.6
      vertex 53.2067 75.6903 32.6
    endloop
  endfacet
  facet normal 0 0 1
    outer loop
      vertex 52.5763 80.4786 32.6
      vertex 52.897 75.5852 32.6
      vertex 52.897 80.4148 32.6
    endloop
  endfacet
  facet normal 0 0 1
    outer loop
      vertex 52.5763 80.4786 32.6
      vertex 52.5763 75.5214 32.6
      vertex 52.897 75.5852 32.6
    endloop
  endfacet
  facet normal 0 0 1
    outer loop
      vertex 52.25 80.5 32.6
      vertex 52.5763 75.5214 32.6
      vertex 52.5763 80.4786 32.6
    endloop
  endfacet
  facet normal 0 0 1
    outer loop
      vertex 52.25 80.5 32.6
      vertex 52.25 75.5 32.6
      vertex 52.5763 75.5214 32.6
    endloop
  endfacet
  facet normal -0 0 1
    outer loop
      vertex 51.9237 80.4786 32.6
      vertex 52.25 75.5 32.6
      vertex 52.25 80.5 32.6
    endloop
  endfacet
  facet normal 0 0 1
    outer loop
      vertex 51.9237 80.4786 32.6
      vertex 51.9237 75.5214 32.6
      vertex 52.25 75.5 32.6
    endloop
  endfacet
  facet normal -0 0 1
    outer loop
      vertex 51.603 80.4148 32.6
      vertex 51.9237 75.5214 32.6
      vertex 51.9237 80.4786 32.6
    endloop
  endfacet
  facet normal 0 0 1
    outer loop
      vertex 51.603 80.4148 32.6
      vertex 51.603 75.5852 32.6
      vertex 51.9237 75.5214 32.6
    endloop
  endfacet
  facet normal -0 0 1
    outer loop
      vertex 51.2933 80.3097 32.6
      vertex 51.603 75.5852 32.6
      vertex 51.603 80.4148 32.6
    endloop
  endfacet
  facet normal 0 0 1
    outer loop
      vertex 51.2933 80.3097 32.6
      vertex 51.2933 75.6903 32.6
      vertex 51.603 75.5852 32.6
    endloop
  endfacet
  facet normal -0 0 1
    outer loop
      vertex 51 80.1651 32.6
      vertex 51.2933 75.6903 32.6
      vertex 51.2933 80.3097 32.6
    endloop
  endfacet
  facet normal 0 0 1
    outer loop
      vertex 51 80.1651 32.6
      vertex 51 75.8349 32.6
      vertex 51.2933 75.6903 32.6
    endloop
  endfacet
  facet normal -0 0 1
    outer loop
      vertex 50.7281 79.9834 32.6
      vertex 51 75.8349 32.6
      vertex 51 80.1651 32.6
    endloop
  endfacet
  facet normal 0 0 1
    outer loop
      vertex 50.7281 79.9834 32.6
      vertex 50.7281 76.0166 32.6
      vertex 51 75.8349 32.6
    endloop
  endfacet
  facet normal -0 0 1
    outer loop
      vertex 50.4822 79.7678 32.6
      vertex 50.7281 76.0166 32.6
      vertex 50.7281 79.9834 32.6
    endloop
  endfacet
  facet normal 0 0 1
    outer loop
      vertex 50.4822 79.7678 32.6
      vertex 50.4822 76.2322 32.6
      vertex 50.7281 76.0166 32.6
    endloop
  endfacet
  facet normal -0 0 1
    outer loop
      vertex 50.2666 79.5219 32.6
      vertex 50.4822 76.2322 32.6
      vertex 50.4822 79.7678 32.6
    endloop
  endfacet
  facet normal 0 0 1
    outer loop
      vertex 50.2666 79.5219 32.6
      vertex 50.2666 76.4781 32.6
      vertex 50.4822 76.2322 32.6
    endloop
  endfacet
  facet normal -0 0 1
    outer loop
      vertex 50.0849 79.25 32.6
      vertex 50.2666 76.4781 32.6
      vertex 50.2666 79.5219 32.6
    endloop
  endfacet
  facet normal 0 0 1
    outer loop
      vertex 50.0849 79.25 32.6
      vertex 50.0849 76.75 32.6
      vertex 50.2666 76.4781 32.6
    endloop
  endfacet
  facet normal -0 0 1
    outer loop
      vertex 49.9403 78.9567 32.6
      vertex 50.0849 76.75 32.6
      vertex 50.0849 79.25 32.6
    endloop
  endfacet
  facet normal 0 0 1
    outer loop
      vertex 49.9403 78.9567 32.6
      vertex 49.9403 77.0433 32.6
      vertex 50.0849 76.75 32.6
    endloop
  endfacet
  facet normal -0 0 1
    outer loop
      vertex 49.8352 78.647 32.6
      vertex 49.9403 77.0433 32.6
      vertex 49.9403 78.9567 32.6
    endloop
  endfacet
  facet normal 0 0 1
    outer loop
      vertex 49.8352 78.647 32.6
      vertex 49.8352 77.353 32.6
      vertex 49.9403 77.0433 32.6
    endloop
  endfacet
  facet normal -0 0 1
    outer loop
      vertex 49.7714 78.3263 32.6
      vertex 49.8352 77.353 32.6
      vertex 49.8352 78.647 32.6
    endloop
  endfacet
  facet normal 0 0 1
    outer loop
      vertex 49.7714 78.3263 32.6
      vertex 49.7714 77.6737 32.6
      vertex 49.8352 77.353 32.6
    endloop
  endfacet
  facet normal 0 -0 1
    outer loop
      vertex 49.7714 77.6737 32.6
      vertex 49.7714 78.3263 32.6
      vertex 49.75 78 32.6
    endloop
  endfacet
  facet normal -0.442191 0.896921 0
    outer loop
      vertex 51.2933 80.3097 30.6
      vertex 51 80.1651 32.6
      vertex 51.2933 80.3097 32.6
    endloop
  endfacet
  facet normal -0.442191 0.896921 0
    outer loop
      vertex 51 80.1651 32.6
      vertex 51.2933 80.3097 30.6
      vertex 51 80.1651 30.6
    endloop
  endfacet
  facet normal -0.0654432 0.997856 0
    outer loop
      vertex 52.25 80.5 30.6
      vertex 51.9237 80.4786 32.6
      vertex 52.25 80.5 32.6
    endloop
  endfacet
  facet normal -0.0654432 0.997856 0
    outer loop
      vertex 51.9237 80.4786 32.6
      vertex 52.25 80.5 30.6
      vertex 51.9237 80.4786 30.6
    endloop
  endfacet
  facet normal 0.195116 -0.98078 0
    outer loop
      vertex 52.5763 75.5214 30.6
      vertex 52.897 75.5852 32.6
      vertex 52.5763 75.5214 32.6
    endloop
  endfacet
  facet normal 0.195116 -0.98078 0
    outer loop
      vertex 52.897 75.5852 32.6
      vertex 52.5763 75.5214 30.6
      vertex 52.897 75.5852 30.6
    endloop
  endfacet
  facet normal 0.0654432 -0.997856 0
    outer loop
      vertex 52.25 75.5 30.6
      vertex 52.5763 75.5214 32.6
      vertex 52.25 75.5 32.6
    endloop
  endfacet
  facet normal 0.0654432 -0.997856 0
    outer loop
      vertex 52.5763 75.5214 32.6
      vertex 52.25 75.5 30.6
      vertex 52.5763 75.5214 30.6
    endloop
  endfacet
  facet normal 0.659262 -0.751913 0
    outer loop
      vertex 53.7719 76.0166 30.6
      vertex 54.0178 76.2322 32.6
      vertex 53.7719 76.0166 32.6
    endloop
  endfacet
  facet normal 0.659262 -0.751913 0
    outer loop
      vertex 54.0178 76.2322 32.6
      vertex 53.7719 76.0166 30.6
      vertex 54.0178 76.2322 30.6
    endloop
  endfacet
  facet normal 0.442191 -0.896921 0
    outer loop
      vertex 53.2067 75.6903 30.6
      vertex 53.5 75.8349 32.6
      vertex 53.2067 75.6903 32.6
    endloop
  endfacet
  facet normal 0.442191 -0.896921 0
    outer loop
      vertex 53.5 75.8349 32.6
      vertex 53.2067 75.6903 30.6
      vertex 53.5 75.8349 30.6
    endloop
  endfacet
  facet normal -0.32136 -0.946957 0
    outer loop
      vertex 51.2933 75.6903 30.6
      vertex 51.603 75.5852 32.6
      vertex 51.2933 75.6903 32.6
    endloop
  endfacet
  facet normal -0.32136 -0.946957 -0
    outer loop
      vertex 51.603 75.5852 32.6
      vertex 51.2933 75.6903 30.6
      vertex 51.603 75.5852 30.6
    endloop
  endfacet
  facet normal -0.896921 -0.442191 0
    outer loop
      vertex 50.0849 76.75 30.6
      vertex 49.9403 77.0433 32.6
      vertex 49.9403 77.0433 30.6
    endloop
  endfacet
  facet normal -0.896921 -0.442191 0
    outer loop
      vertex 49.9403 77.0433 32.6
      vertex 50.0849 76.75 30.6
      vertex 50.0849 76.75 32.6
    endloop
  endfacet
  facet normal -0.831438 -0.555617 0
    outer loop
      vertex 50.2666 76.4781 30.6
      vertex 50.0849 76.75 32.6
      vertex 50.0849 76.75 30.6
    endloop
  endfacet
  facet normal -0.831438 -0.555617 0
    outer loop
      vertex 50.0849 76.75 32.6
      vertex 50.2666 76.4781 30.6
      vertex 50.2666 76.4781 32.6
    endloop
  endfacet
  facet normal -0.997856 -0.0654432 0
    outer loop
      vertex 49.7714 77.6737 30.6
      vertex 49.75 78 32.6
      vertex 49.75 78 30.6
    endloop
  endfacet
  facet normal -0.997856 -0.0654432 0
    outer loop
      vertex 49.75 78 32.6
      vertex 49.7714 77.6737 30.6
      vertex 49.7714 77.6737 32.6
    endloop
  endfacet
  facet normal 0.946957 0.32136 0
    outer loop
      vertex 54.6648 78.647 32.6
      vertex 54.5597 78.9567 30.6
      vertex 54.5597 78.9567 32.6
    endloop
  endfacet
  facet normal 0.946957 0.32136 0
    outer loop
      vertex 54.5597 78.9567 30.6
      vertex 54.6648 78.647 32.6
      vertex 54.6648 78.647 30.6
    endloop
  endfacet
  facet normal 0.32136 0.946957 -0
    outer loop
      vertex 53.2067 80.3097 30.6
      vertex 52.897 80.4148 32.6
      vertex 53.2067 80.3097 32.6
    endloop
  endfacet
  facet normal 0.32136 0.946957 0
    outer loop
      vertex 52.897 80.4148 32.6
      vertex 53.2067 80.3097 30.6
      vertex 52.897 80.4148 30.6
    endloop
  endfacet
  facet normal 0.195116 0.98078 -0
    outer loop
      vertex 52.897 80.4148 30.6
      vertex 52.5763 80.4786 32.6
      vertex 52.897 80.4148 32.6
    endloop
  endfacet
  facet normal 0.195116 0.98078 0
    outer loop
      vertex 52.5763 80.4786 32.6
      vertex 52.897 80.4148 30.6
      vertex 52.5763 80.4786 30.6
    endloop
  endfacet
  facet normal 0.659262 0.751913 -0
    outer loop
      vertex 54.0178 79.7678 30.6
      vertex 53.7719 79.9834 32.6
      vertex 54.0178 79.7678 32.6
    endloop
  endfacet
  facet normal 0.659262 0.751913 0
    outer loop
      vertex 53.7719 79.9834 32.6
      vertex 54.0178 79.7678 30.6
      vertex 53.7719 79.9834 30.6
    endloop
  endfacet
  facet normal -0.751913 0.659262 0
    outer loop
      vertex 50.2666 79.5219 30.6
      vertex 50.4822 79.7678 32.6
      vertex 50.4822 79.7678 30.6
    endloop
  endfacet
  facet normal -0.751913 0.659262 0
    outer loop
      vertex 50.4822 79.7678 32.6
      vertex 50.2666 79.5219 30.6
      vertex 50.2666 79.5219 32.6
    endloop
  endfacet
  facet normal -0.946957 0.32136 0
    outer loop
      vertex 49.8352 78.647 30.6
      vertex 49.9403 78.9567 32.6
      vertex 49.9403 78.9567 30.6
    endloop
  endfacet
  facet normal -0.946957 0.32136 0
    outer loop
      vertex 49.9403 78.9567 32.6
      vertex 49.8352 78.647 30.6
      vertex 49.8352 78.647 32.6
    endloop
  endfacet
  facet normal -0.98078 0.195116 0
    outer loop
      vertex 49.7714 78.3263 30.6
      vertex 49.8352 78.647 32.6
      vertex 49.8352 78.647 30.6
    endloop
  endfacet
  facet normal -0.98078 0.195116 0
    outer loop
      vertex 49.8352 78.647 32.6
      vertex 49.7714 78.3263 30.6
      vertex 49.7714 78.3263 32.6
    endloop
  endfacet
  facet normal -0.555617 0.831438 0
    outer loop
      vertex 51 80.1651 30.6
      vertex 50.7281 79.9834 32.6
      vertex 51 80.1651 32.6
    endloop
  endfacet
  facet normal -0.555617 0.831438 0
    outer loop
      vertex 50.7281 79.9834 32.6
      vertex 51 80.1651 30.6
      vertex 50.7281 79.9834 30.6
    endloop
  endfacet
  facet normal -0.195116 0.98078 0
    outer loop
      vertex 51.9237 80.4786 30.6
      vertex 51.603 80.4148 32.6
      vertex 51.9237 80.4786 32.6
    endloop
  endfacet
  facet normal -0.195116 0.98078 0
    outer loop
      vertex 51.603 80.4148 32.6
      vertex 51.9237 80.4786 30.6
      vertex 51.603 80.4148 30.6
    endloop
  endfacet
  facet normal 0.555617 -0.831438 0
    outer loop
      vertex 53.5 75.8349 30.6
      vertex 53.7719 76.0166 32.6
      vertex 53.5 75.8349 32.6
    endloop
  endfacet
  facet normal 0.555617 -0.831438 0
    outer loop
      vertex 53.7719 76.0166 32.6
      vertex 53.5 75.8349 30.6
      vertex 53.7719 76.0166 30.6
    endloop
  endfacet
  facet normal 0.831438 -0.555617 0
    outer loop
      vertex 54.2334 76.4781 32.6
      vertex 54.4151 76.75 30.6
      vertex 54.4151 76.75 32.6
    endloop
  endfacet
  facet normal 0.831438 -0.555617 0
    outer loop
      vertex 54.4151 76.75 30.6
      vertex 54.2334 76.4781 32.6
      vertex 54.2334 76.4781 30.6
    endloop
  endfacet
  facet normal 0.751913 -0.659262 0
    outer loop
      vertex 54.0178 76.2322 32.6
      vertex 54.2334 76.4781 30.6
      vertex 54.2334 76.4781 32.6
    endloop
  endfacet
  facet normal 0.751913 -0.659262 0
    outer loop
      vertex 54.2334 76.4781 30.6
      vertex 54.0178 76.2322 32.6
      vertex 54.0178 76.2322 30.6
    endloop
  endfacet
  facet normal -0.555617 -0.831438 0
    outer loop
      vertex 50.7281 76.0166 30.6
      vertex 51 75.8349 32.6
      vertex 50.7281 76.0166 32.6
    endloop
  endfacet
  facet normal -0.555617 -0.831438 -0
    outer loop
      vertex 51 75.8349 32.6
      vertex 50.7281 76.0166 30.6
      vertex 51 75.8349 30.6
    endloop
  endfacet
  facet normal -0.659262 -0.751913 0
    outer loop
      vertex 50.4822 76.2322 30.6
      vertex 50.7281 76.0166 32.6
      vertex 50.4822 76.2322 32.6
    endloop
  endfacet
  facet normal -0.659262 -0.751913 -0
    outer loop
      vertex 50.7281 76.0166 32.6
      vertex 50.4822 76.2322 30.6
      vertex 50.7281 76.0166 30.6
    endloop
  endfacet
  facet normal -0.442191 -0.896921 0
    outer loop
      vertex 51 75.8349 30.6
      vertex 51.2933 75.6903 32.6
      vertex 51 75.8349 32.6
    endloop
  endfacet
  facet normal -0.442191 -0.896921 -0
    outer loop
      vertex 51.2933 75.6903 32.6
      vertex 51 75.8349 30.6
      vertex 51.2933 75.6903 30.6
    endloop
  endfacet
  facet normal -0.0654432 -0.997856 0
    outer loop
      vertex 51.9237 75.5214 30.6
      vertex 52.25 75.5 32.6
      vertex 51.9237 75.5214 32.6
    endloop
  endfacet
  facet normal -0.0654432 -0.997856 -0
    outer loop
      vertex 52.25 75.5 32.6
      vertex 51.9237 75.5214 30.6
      vertex 52.25 75.5 30.6
    endloop
  endfacet
  facet normal -0.751913 -0.659262 0
    outer loop
      vertex 50.4822 76.2322 30.6
      vertex 50.2666 76.4781 32.6
      vertex 50.2666 76.4781 30.6
    endloop
  endfacet
  facet normal -0.751913 -0.659262 0
    outer loop
      vertex 50.2666 76.4781 32.6
      vertex 50.4822 76.2322 30.6
      vertex 50.4822 76.2322 32.6
    endloop
  endfacet
  facet normal -0.946957 -0.32136 0
    outer loop
      vertex 49.9403 77.0433 30.6
      vertex 49.8352 77.353 32.6
      vertex 49.8352 77.353 30.6
    endloop
  endfacet
  facet normal -0.946957 -0.32136 0
    outer loop
      vertex 49.8352 77.353 32.6
      vertex 49.9403 77.0433 30.6
      vertex 49.9403 77.0433 32.6
    endloop
  endfacet
  facet normal 0.32136 -0.946957 0
    outer loop
      vertex 52.897 75.5852 30.6
      vertex 53.2067 75.6903 32.6
      vertex 52.897 75.5852 32.6
    endloop
  endfacet
  facet normal 0.32136 -0.946957 0
    outer loop
      vertex 53.2067 75.6903 32.6
      vertex 52.897 75.5852 30.6
      vertex 53.2067 75.6903 30.6
    endloop
  endfacet
  facet normal 0.896921 -0.442191 0
    outer loop
      vertex 54.4151 76.75 32.6
      vertex 54.5597 77.0433 30.6
      vertex 54.5597 77.0433 32.6
    endloop
  endfacet
  facet normal 0.896921 -0.442191 0
    outer loop
      vertex 54.5597 77.0433 30.6
      vertex 54.4151 76.75 32.6
      vertex 54.4151 76.75 30.6
    endloop
  endfacet
  facet normal 0.946957 -0.32136 0
    outer loop
      vertex 54.5597 77.0433 32.6
      vertex 54.6648 77.353 30.6
      vertex 54.6648 77.353 32.6
    endloop
  endfacet
  facet normal 0.946957 -0.32136 0
    outer loop
      vertex 54.6648 77.353 30.6
      vertex 54.5597 77.0433 32.6
      vertex 54.5597 77.0433 30.6
    endloop
  endfacet
  facet normal 0.98078 -0.195116 0
    outer loop
      vertex 54.6648 77.353 32.6
      vertex 54.7286 77.6737 30.6
      vertex 54.7286 77.6737 32.6
    endloop
  endfacet
  facet normal 0.98078 -0.195116 0
    outer loop
      vertex 54.7286 77.6737 30.6
      vertex 54.6648 77.353 32.6
      vertex 54.6648 77.353 30.6
    endloop
  endfacet
  facet normal -0.195116 -0.98078 0
    outer loop
      vertex 51.603 75.5852 30.6
      vertex 51.9237 75.5214 32.6
      vertex 51.603 75.5852 32.6
    endloop
  endfacet
  facet normal -0.195116 -0.98078 -0
    outer loop
      vertex 51.9237 75.5214 32.6
      vertex 51.603 75.5852 30.6
      vertex 51.9237 75.5214 30.6
    endloop
  endfacet
  facet normal 0.997856 -0.0654432 0
    outer loop
      vertex 54.7286 77.6737 32.6
      vertex 54.75 78 30.6
      vertex 54.75 78 32.6
    endloop
  endfacet
  facet normal 0.997856 -0.0654432 0
    outer loop
      vertex 54.75 78 30.6
      vertex 54.7286 77.6737 32.6
      vertex 54.7286 77.6737 30.6
    endloop
  endfacet
  facet normal 0.866023 0.500004 0
    outer loop
      vertex 54.56 78 24
      vertex 53.405 80.0005 22.4
      vertex 53.405 80.0005 24
    endloop
  endfacet
  facet normal 0.866023 0.500004 0
    outer loop
      vertex 53.405 80.0005 22.4
      vertex 54.56 78 24
      vertex 54.56 78 22.4
    endloop
  endfacet
  facet normal -0.866023 0.500004 0
    outer loop
      vertex 49.94 78 22.4
      vertex 51.095 80.0005 24
      vertex 51.095 80.0005 22.4
    endloop
  endfacet
  facet normal -0.866023 0.500004 0
    outer loop
      vertex 51.095 80.0005 24
      vertex 49.94 78 22.4
      vertex 49.94 78 24
    endloop
  endfacet
  facet normal 0 1 -0
    outer loop
      vertex 53.405 80.0005 22.4
      vertex 51.095 80.0005 24
      vertex 53.405 80.0005 24
    endloop
  endfacet
  facet normal 0 1 0
    outer loop
      vertex 51.095 80.0005 24
      vertex 53.405 80.0005 22.4
      vertex 51.095 80.0005 22.4
    endloop
  endfacet
  facet normal -0 0 1
    outer loop
      vertex 53.116 78.5 24
      vertex 54.56 78 24
      vertex 53.405 80.0005 24
    endloop
  endfacet
  facet normal 0 0 1
    outer loop
      vertex 53.2414 77.8695 24
      vertex 54.56 78 24
      vertex 53.25 78 24
    endloop
  endfacet
  facet normal 0 0 1
    outer loop
      vertex 54.56 78 24
      vertex 53.2414 78.1305 24
      vertex 53.25 78 24
    endloop
  endfacet
  facet normal 0 0 1
    outer loop
      vertex 54.56 78 24
      vertex 53.2159 78.2588 24
      vertex 53.2414 78.1305 24
    endloop
  endfacet
  facet normal 0 0 1
    outer loop
      vertex 54.56 78 24
      vertex 53.1739 78.3827 24
      vertex 53.2159 78.2588 24
    endloop
  endfacet
  facet normal 0 0 1
    outer loop
      vertex 54.56 78 24
      vertex 53.116 78.5 24
      vertex 53.1739 78.3827 24
    endloop
  endfacet
  facet normal 0 0 1
    outer loop
      vertex 53.405 80.0005 24
      vertex 53.0434 78.6088 24
      vertex 53.116 78.5 24
    endloop
  endfacet
  facet normal 0 0 1
    outer loop
      vertex 53.405 80.0005 24
      vertex 52.9571 78.7071 24
      vertex 53.0434 78.6088 24
    endloop
  endfacet
  facet normal 0 0 1
    outer loop
      vertex 53.405 80.0005 24
      vertex 52.8588 78.7934 24
      vertex 52.9571 78.7071 24
    endloop
  endfacet
  facet normal 0 0 1
    outer loop
      vertex 53.405 80.0005 24
      vertex 52.75 78.866 24
      vertex 52.8588 78.7934 24
    endloop
  endfacet
  facet normal 0 0 1
    outer loop
      vertex 53.405 80.0005 24
      vertex 52.6327 78.9239 24
      vertex 52.75 78.866 24
    endloop
  endfacet
  facet normal 0 0 1
    outer loop
      vertex 53.405 80.0005 24
      vertex 52.5088 78.9659 24
      vertex 52.6327 78.9239 24
    endloop
  endfacet
  facet normal 0 0 1
    outer loop
      vertex 53.405 80.0005 24
      vertex 52.3805 78.9914 24
      vertex 52.5088 78.9659 24
    endloop
  endfacet
  facet normal 0 0 1
    outer loop
      vertex 53.405 80.0005 24
      vertex 52.25 79 24
      vertex 52.3805 78.9914 24
    endloop
  endfacet
  facet normal -0 0 1
    outer loop
      vertex 51.095 80.0005 24
      vertex 52.25 79 24
      vertex 53.405 80.0005 24
    endloop
  endfacet
  facet normal 0 0 1
    outer loop
      vertex 52.25 79 24
      vertex 51.095 80.0005 24
      vertex 52.1195 78.9914 24
    endloop
  endfacet
  facet normal 0 0 1
    outer loop
      vertex 52.1195 78.9914 24
      vertex 51.095 80.0005 24
      vertex 51.9912 78.9659 24
    endloop
  endfacet
  facet normal 0 0 1
    outer loop
      vertex 51.9912 78.9659 24
      vertex 51.095 80.0005 24
      vertex 51.8673 78.9239 24
    endloop
  endfacet
  facet normal 0 0 1
    outer loop
      vertex 51.8673 78.9239 24
      vertex 51.095 80.0005 24
      vertex 51.75 78.866 24
    endloop
  endfacet
  facet normal 0 0 1
    outer loop
      vertex 51.2841 78.2588 24
      vertex 49.94 78 24
      vertex 51.2586 78.1305 24
    endloop
  endfacet
  facet normal 0 0 1
    outer loop
      vertex 51.3261 78.3827 24
      vertex 49.94 78 24
      vertex 51.2841 78.2588 24
    endloop
  endfacet
  facet normal 0 0 1
    outer loop
      vertex 51.384 78.5 24
      vertex 49.94 78 24
      vertex 51.3261 78.3827 24
    endloop
  endfacet
  facet normal 0 0 1
    outer loop
      vertex 49.94 78 24
      vertex 51.384 78.5 24
      vertex 51.095 80.0005 24
    endloop
  endfacet
  facet normal 0 0 1
    outer loop
      vertex 51.4566 78.6088 24
      vertex 51.095 80.0005 24
      vertex 51.384 78.5 24
    endloop
  endfacet
  facet normal 0 0 1
    outer loop
      vertex 51.5429 78.7071 24
      vertex 51.095 80.0005 24
      vertex 51.4566 78.6088 24
    endloop
  endfacet
  facet normal 0 0 1
    outer loop
      vertex 51.6412 78.7934 24
      vertex 51.095 80.0005 24
      vertex 51.5429 78.7071 24
    endloop
  endfacet
  facet normal 0 0 1
    outer loop
      vertex 51.75 78.866 24
      vertex 51.095 80.0005 24
      vertex 51.6412 78.7934 24
    endloop
  endfacet
  facet normal 0 0 1
    outer loop
      vertex 53.2159 77.7412 24
      vertex 54.56 78 24
      vertex 53.2414 77.8695 24
    endloop
  endfacet
  facet normal 0 0 1
    outer loop
      vertex 53.1739 77.6173 24
      vertex 54.56 78 24
      vertex 53.2159 77.7412 24
    endloop
  endfacet
  facet normal 0 0 1
    outer loop
      vertex 53.116 77.5 24
      vertex 54.56 78 24
      vertex 53.1739 77.6173 24
    endloop
  endfacet
  facet normal 0 0 1
    outer loop
      vertex 54.56 78 24
      vertex 53.116 77.5 24
      vertex 53.405 75.9995 24
    endloop
  endfacet
  facet normal -0 0 1
    outer loop
      vertex 53.0434 77.3912 24
      vertex 53.405 75.9995 24
      vertex 53.116 77.5 24
    endloop
  endfacet
  facet normal -0 0 1
    outer loop
      vertex 52.9571 77.2929 24
      vertex 53.405 75.9995 24
      vertex 53.0434 77.3912 24
    endloop
  endfacet
  facet normal -0 0 1
    outer loop
      vertex 52.8588 77.2066 24
      vertex 53.405 75.9995 24
      vertex 52.9571 77.2929 24
    endloop
  endfacet
  facet normal -0 0 1
    outer loop
      vertex 52.75 77.134 24
      vertex 53.405 75.9995 24
      vertex 52.8588 77.2066 24
    endloop
  endfacet
  facet normal -0 0 1
    outer loop
      vertex 52.6327 77.0761 24
      vertex 53.405 75.9995 24
      vertex 52.75 77.134 24
    endloop
  endfacet
  facet normal -0 0 1
    outer loop
      vertex 52.5088 77.0341 24
      vertex 53.405 75.9995 24
      vertex 52.6327 77.0761 24
    endloop
  endfacet
  facet normal -0 0 1
    outer loop
      vertex 52.3805 77.0086 24
      vertex 53.405 75.9995 24
      vertex 52.5088 77.0341 24
    endloop
  endfacet
  facet normal -0 0 1
    outer loop
      vertex 52.25 77 24
      vertex 53.405 75.9995 24
      vertex 52.3805 77.0086 24
    endloop
  endfacet
  facet normal 0 0 1
    outer loop
      vertex 51.095 75.9995 24
      vertex 52.25 77 24
      vertex 52.1195 77.0086 24
    endloop
  endfacet
  facet normal 0 0 1
    outer loop
      vertex 51.095 75.9995 24
      vertex 52.1195 77.0086 24
      vertex 51.9912 77.0341 24
    endloop
  endfacet
  facet normal 0 0 1
    outer loop
      vertex 51.095 75.9995 24
      vertex 51.9912 77.0341 24
      vertex 51.8673 77.0761 24
    endloop
  endfacet
  facet normal 0 0 1
    outer loop
      vertex 51.095 75.9995 24
      vertex 51.8673 77.0761 24
      vertex 51.75 77.134 24
    endloop
  endfacet
  facet normal 0 0 1
    outer loop
      vertex 51.095 75.9995 24
      vertex 51.75 77.134 24
      vertex 51.6412 77.2066 24
    endloop
  endfacet
  facet normal 0 0 1
    outer loop
      vertex 51.2586 78.1305 24
      vertex 49.94 78 24
      vertex 51.25 78 24
    endloop
  endfacet
  facet normal 0 0 1
    outer loop
      vertex 52.25 77 24
      vertex 51.095 75.9995 24
      vertex 53.405 75.9995 24
    endloop
  endfacet
  facet normal 0 0 1
    outer loop
      vertex 51.5429 77.2929 24
      vertex 51.095 75.9995 24
      vertex 51.6412 77.2066 24
    endloop
  endfacet
  facet normal 0 0 1
    outer loop
      vertex 51.4566 77.3912 24
      vertex 51.095 75.9995 24
      vertex 51.5429 77.2929 24
    endloop
  endfacet
  facet normal 0 0 1
    outer loop
      vertex 51.384 77.5 24
      vertex 51.095 75.9995 24
      vertex 51.4566 77.3912 24
    endloop
  endfacet
  facet normal 0 0 1
    outer loop
      vertex 49.94 78 24
      vertex 51.384 77.5 24
      vertex 51.3261 77.6173 24
    endloop
  endfacet
  facet normal 0 0 1
    outer loop
      vertex 49.94 78 24
      vertex 51.3261 77.6173 24
      vertex 51.2841 77.7412 24
    endloop
  endfacet
  facet normal 0 0 1
    outer loop
      vertex 49.94 78 24
      vertex 51.2841 77.7412 24
      vertex 51.2586 77.8695 24
    endloop
  endfacet
  facet normal 0 0 1
    outer loop
      vertex 51.25 78 24
      vertex 49.94 78 24
      vertex 51.2586 77.8695 24
    endloop
  endfacet
  facet normal 0 0 1
    outer loop
      vertex 51.384 77.5 24
      vertex 49.94 78 24
      vertex 51.095 75.9995 24
    endloop
  endfacet
  facet normal 0.866023 -0.500004 0
    outer loop
      vertex 53.405 75.9995 24
      vertex 54.56 78 22.4
      vertex 54.56 78 24
    endloop
  endfacet
  facet normal 0.866023 -0.500004 0
    outer loop
      vertex 54.56 78 22.4
      vertex 53.405 75.9995 24
      vertex 53.405 75.9995 22.4
    endloop
  endfacet
  facet normal 0 -1 0
    outer loop
      vertex 51.095 75.9995 22.4
      vertex 53.405 75.9995 24
      vertex 51.095 75.9995 24
    endloop
  endfacet
  facet normal 0 -1 -0
    outer loop
      vertex 53.405 75.9995 24
      vertex 51.095 75.9995 22.4
      vertex 53.405 75.9995 22.4
    endloop
  endfacet
  facet normal -0.866023 -0.500004 0
    outer loop
      vertex 51.095 75.9995 22.4
      vertex 49.94 78 24
      vertex 49.94 78 22.4
    endloop
  endfacet
  facet normal -0.866023 -0.500004 0
    outer loop
      vertex 49.94 78 24
      vertex 51.095 75.9995 22.4
      vertex 51.095 75.9995 24
    endloop
  endfacet
endsolid OpenSCAD_Model
