solid OpenSCAD_Model
  facet normal -0.997844 -0.0656309 0
    outer loop
      vertex 56.45 51 22.15
      vertex 56.4397 51.1566 23.15
      vertex 56.4397 51.1566 22.15
    endloop
  endfacet
  facet normal -0.997844 -0.0656309 0
    outer loop
      vertex 56.4397 51.1566 23.15
      vertex 56.45 51 22.15
      vertex 56.45 51 23.15
    endloop
  endfacet
  facet normal 0.0656309 -0.997844 0
    outer loop
      vertex 55.0934 52.1897 22.15
      vertex 55.25 52.2 23.15
      vertex 55.0934 52.1897 23.15
    endloop
  endfacet
  facet normal 0.0656309 -0.997844 0
    outer loop
      vertex 55.25 52.2 23.15
      vertex 55.0934 52.1897 22.15
      vertex 55.25 52.2 22.15
    endloop
  endfacet
  facet normal -0.0656309 0.997844 0
    outer loop
      vertex 55.4066 49.8103 22.15
      vertex 55.25 49.8 23.15
      vertex 55.4066 49.8103 23.15
    endloop
  endfacet
  facet normal -0.0656309 0.997844 0
    outer loop
      vertex 55.25 49.8 23.15
      vertex 55.4066 49.8103 22.15
      vertex 55.25 49.8 22.15
    endloop
  endfacet
  facet normal -0.659406 -0.751787 0
    outer loop
      vertex 55.9805 51.952 22.15
      vertex 56.0985 51.8485 23.15
      vertex 55.9805 51.952 23.15
    endloop
  endfacet
  facet normal -0.659406 -0.751787 -0
    outer loop
      vertex 56.0985 51.8485 23.15
      vertex 55.9805 51.952 22.15
      vertex 56.0985 51.8485 22.15
    endloop
  endfacet
  facet normal 0.751787 -0.659406 0
    outer loop
      vertex 54.298 51.7305 23.15
      vertex 54.4015 51.8485 22.15
      vertex 54.4015 51.8485 23.15
    endloop
  endfacet
  facet normal 0.751787 -0.659406 0
    outer loop
      vertex 54.4015 51.8485 22.15
      vertex 54.298 51.7305 23.15
      vertex 54.298 51.7305 22.15
    endloop
  endfacet
  facet normal 0.442622 -0.896708 0
    outer loop
      vertex 54.65 52.0392 22.15
      vertex 54.7908 52.1087 23.15
      vertex 54.65 52.0392 23.15
    endloop
  endfacet
  facet normal 0.442622 -0.896708 0
    outer loop
      vertex 54.7908 52.1087 23.15
      vertex 54.65 52.0392 22.15
      vertex 54.7908 52.1087 22.15
    endloop
  endfacet
  facet normal -0.896708 -0.442622 0
    outer loop
      vertex 56.3587 51.4592 22.15
      vertex 56.2892 51.6 23.15
      vertex 56.2892 51.6 22.15
    endloop
  endfacet
  facet normal -0.896708 -0.442622 0
    outer loop
      vertex 56.2892 51.6 23.15
      vertex 56.3587 51.4592 22.15
      vertex 56.3587 51.4592 23.15
    endloop
  endfacet
  facet normal -0.321194 -0.947013 0
    outer loop
      vertex 55.5606 52.1591 22.15
      vertex 55.7092 52.1087 23.15
      vertex 55.5606 52.1591 23.15
    endloop
  endfacet
  facet normal -0.321194 -0.947013 -0
    outer loop
      vertex 55.7092 52.1087 23.15
      vertex 55.5606 52.1591 22.15
      vertex 55.7092 52.1087 22.15
    endloop
  endfacet
  facet normal -0.194891 -0.980825 0
    outer loop
      vertex 55.4066 52.1897 22.15
      vertex 55.5606 52.1591 23.15
      vertex 55.4066 52.1897 23.15
    endloop
  endfacet
  facet normal -0.194891 -0.980825 -0
    outer loop
      vertex 55.5606 52.1591 23.15
      vertex 55.4066 52.1897 22.15
      vertex 55.5606 52.1591 22.15
    endloop
  endfacet
  facet normal -0.442622 -0.896708 0
    outer loop
      vertex 55.7092 52.1087 22.15
      vertex 55.85 52.0392 23.15
      vertex 55.7092 52.1087 23.15
    endloop
  endfacet
  facet normal -0.442622 -0.896708 -0
    outer loop
      vertex 55.85 52.0392 23.15
      vertex 55.7092 52.1087 22.15
      vertex 55.85 52.0392 22.15
    endloop
  endfacet
  facet normal 0.947013 -0.321194 0
    outer loop
      vertex 54.0909 51.3106 23.15
      vertex 54.1413 51.4592 22.15
      vertex 54.1413 51.4592 23.15
    endloop
  endfacet
  facet normal 0.947013 -0.321194 0
    outer loop
      vertex 54.1413 51.4592 22.15
      vertex 54.0909 51.3106 23.15
      vertex 54.0909 51.3106 22.15
    endloop
  endfacet
  facet normal 0.980825 -0.194891 0
    outer loop
      vertex 54.0603 51.1566 23.15
      vertex 54.0909 51.3106 22.15
      vertex 54.0909 51.3106 23.15
    endloop
  endfacet
  facet normal 0.980825 -0.194891 0
    outer loop
      vertex 54.0909 51.3106 22.15
      vertex 54.0603 51.1566 23.15
      vertex 54.0603 51.1566 22.15
    endloop
  endfacet
  facet normal 0.321194 -0.947013 0
    outer loop
      vertex 54.7908 52.1087 22.15
      vertex 54.9394 52.1591 23.15
      vertex 54.7908 52.1087 23.15
    endloop
  endfacet
  facet normal 0.321194 -0.947013 0
    outer loop
      vertex 54.9394 52.1591 23.15
      vertex 54.7908 52.1087 22.15
      vertex 54.9394 52.1591 22.15
    endloop
  endfacet
  facet normal 0.831462 0.555582 0
    outer loop
      vertex 54.298 50.2695 23.15
      vertex 54.2108 50.4 22.15
      vertex 54.2108 50.4 23.15
    endloop
  endfacet
  facet normal 0.831462 0.555582 0
    outer loop
      vertex 54.2108 50.4 22.15
      vertex 54.298 50.2695 23.15
      vertex 54.298 50.2695 22.15
    endloop
  endfacet
  facet normal -0.194891 0.980825 0
    outer loop
      vertex 55.5606 49.8409 22.15
      vertex 55.4066 49.8103 23.15
      vertex 55.5606 49.8409 23.15
    endloop
  endfacet
  facet normal -0.194891 0.980825 0
    outer loop
      vertex 55.4066 49.8103 23.15
      vertex 55.5606 49.8409 22.15
      vertex 55.4066 49.8103 22.15
    endloop
  endfacet
  facet normal -0.442622 0.896708 0
    outer loop
      vertex 55.85 49.9608 22.15
      vertex 55.7092 49.8913 23.15
      vertex 55.85 49.9608 23.15
    endloop
  endfacet
  facet normal -0.442622 0.896708 0
    outer loop
      vertex 55.7092 49.8913 23.15
      vertex 55.85 49.9608 22.15
      vertex 55.7092 49.8913 22.15
    endloop
  endfacet
  facet normal -0.947013 -0.321194 0
    outer loop
      vertex 56.4091 51.3106 22.15
      vertex 56.3587 51.4592 23.15
      vertex 56.3587 51.4592 22.15
    endloop
  endfacet
  facet normal -0.947013 -0.321194 0
    outer loop
      vertex 56.3587 51.4592 23.15
      vertex 56.4091 51.3106 22.15
      vertex 56.4091 51.3106 23.15
    endloop
  endfacet
  facet normal -0.980825 -0.194891 0
    outer loop
      vertex 56.4397 51.1566 22.15
      vertex 56.4091 51.3106 23.15
      vertex 56.4091 51.3106 22.15
    endloop
  endfacet
  facet normal -0.980825 -0.194891 0
    outer loop
      vertex 56.4091 51.3106 23.15
      vertex 56.4397 51.1566 22.15
      vertex 56.4397 51.1566 23.15
    endloop
  endfacet
  facet normal -0.751787 -0.659406 0
    outer loop
      vertex 56.202 51.7305 22.15
      vertex 56.0985 51.8485 23.15
      vertex 56.0985 51.8485 22.15
    endloop
  endfacet
  facet normal -0.751787 -0.659406 0
    outer loop
      vertex 56.0985 51.8485 23.15
      vertex 56.202 51.7305 22.15
      vertex 56.202 51.7305 23.15
    endloop
  endfacet
  facet normal -0.831462 -0.555582 0
    outer loop
      vertex 56.2892 51.6 22.15
      vertex 56.202 51.7305 23.15
      vertex 56.202 51.7305 22.15
    endloop
  endfacet
  facet normal -0.831462 -0.555582 0
    outer loop
      vertex 56.202 51.7305 23.15
      vertex 56.2892 51.6 22.15
      vertex 56.2892 51.6 23.15
    endloop
  endfacet
  facet normal -0.0656309 -0.997844 0
    outer loop
      vertex 55.25 52.2 22.15
      vertex 55.4066 52.1897 23.15
      vertex 55.25 52.2 23.15
    endloop
  endfacet
  facet normal -0.0656309 -0.997844 -0
    outer loop
      vertex 55.4066 52.1897 23.15
      vertex 55.25 52.2 22.15
      vertex 55.4066 52.1897 22.15
    endloop
  endfacet
  facet normal -0.555582 -0.831462 0
    outer loop
      vertex 55.85 52.0392 22.15
      vertex 55.9805 51.952 23.15
      vertex 55.85 52.0392 23.15
    endloop
  endfacet
  facet normal -0.555582 -0.831462 -0
    outer loop
      vertex 55.9805 51.952 23.15
      vertex 55.85 52.0392 22.15
      vertex 55.9805 51.952 22.15
    endloop
  endfacet
  facet normal 0.896708 -0.442622 0
    outer loop
      vertex 54.1413 51.4592 23.15
      vertex 54.2108 51.6 22.15
      vertex 54.2108 51.6 23.15
    endloop
  endfacet
  facet normal 0.896708 -0.442622 0
    outer loop
      vertex 54.2108 51.6 22.15
      vertex 54.1413 51.4592 23.15
      vertex 54.1413 51.4592 22.15
    endloop
  endfacet
  facet normal 0.831462 -0.555582 0
    outer loop
      vertex 54.2108 51.6 23.15
      vertex 54.298 51.7305 22.15
      vertex 54.298 51.7305 23.15
    endloop
  endfacet
  facet normal 0.831462 -0.555582 0
    outer loop
      vertex 54.298 51.7305 22.15
      vertex 54.2108 51.6 23.15
      vertex 54.2108 51.6 22.15
    endloop
  endfacet
  facet normal 0.997844 -0.0656309 0
    outer loop
      vertex 54.05 51 23.15
      vertex 54.0603 51.1566 22.15
      vertex 54.0603 51.1566 23.15
    endloop
  endfacet
  facet normal 0.997844 -0.0656309 0
    outer loop
      vertex 54.0603 51.1566 22.15
      vertex 54.05 51 23.15
      vertex 54.05 51 22.15
    endloop
  endfacet
  facet normal 0.555582 -0.831462 0
    outer loop
      vertex 54.5195 51.952 22.15
      vertex 54.65 52.0392 23.15
      vertex 54.5195 51.952 23.15
    endloop
  endfacet
  facet normal 0.555582 -0.831462 0
    outer loop
      vertex 54.65 52.0392 23.15
      vertex 54.5195 51.952 22.15
      vertex 54.65 52.0392 22.15
    endloop
  endfacet
  facet normal 0.659406 -0.751787 0
    outer loop
      vertex 54.4015 51.8485 22.15
      vertex 54.5195 51.952 23.15
      vertex 54.4015 51.8485 23.15
    endloop
  endfacet
  facet normal 0.659406 -0.751787 0
    outer loop
      vertex 54.5195 51.952 23.15
      vertex 54.4015 51.8485 22.15
      vertex 54.5195 51.952 22.15
    endloop
  endfacet
  facet normal 0.194891 -0.980825 0
    outer loop
      vertex 54.9394 52.1591 22.15
      vertex 55.0934 52.1897 23.15
      vertex 54.9394 52.1591 23.15
    endloop
  endfacet
  facet normal 0.194891 -0.980825 0
    outer loop
      vertex 55.0934 52.1897 23.15
      vertex 54.9394 52.1591 22.15
      vertex 55.0934 52.1897 22.15
    endloop
  endfacet
  facet normal -0.997844 0.0656309 0
    outer loop
      vertex 56.4397 50.8434 22.15
      vertex 56.45 51 23.15
      vertex 56.45 51 22.15
    endloop
  endfacet
  facet normal -0.997844 0.0656309 0
    outer loop
      vertex 56.45 51 23.15
      vertex 56.4397 50.8434 22.15
      vertex 56.4397 50.8434 23.15
    endloop
  endfacet
  facet normal -0.555582 0.831462 0
    outer loop
      vertex 55.9805 50.048 22.15
      vertex 55.85 49.9608 23.15
      vertex 55.9805 50.048 23.15
    endloop
  endfacet
  facet normal -0.555582 0.831462 0
    outer loop
      vertex 55.85 49.9608 23.15
      vertex 55.9805 50.048 22.15
      vertex 55.85 49.9608 22.15
    endloop
  endfacet
  facet normal -0.751787 0.659406 0
    outer loop
      vertex 56.0985 50.1515 22.15
      vertex 56.202 50.2695 23.15
      vertex 56.202 50.2695 22.15
    endloop
  endfacet
  facet normal -0.751787 0.659406 0
    outer loop
      vertex 56.202 50.2695 23.15
      vertex 56.0985 50.1515 22.15
      vertex 56.0985 50.1515 23.15
    endloop
  endfacet
  facet normal -0.947013 0.321194 0
    outer loop
      vertex 56.3587 50.5408 22.15
      vertex 56.4091 50.6894 23.15
      vertex 56.4091 50.6894 22.15
    endloop
  endfacet
  facet normal -0.947013 0.321194 0
    outer loop
      vertex 56.4091 50.6894 23.15
      vertex 56.3587 50.5408 22.15
      vertex 56.3587 50.5408 23.15
    endloop
  endfacet
  facet normal -0.980825 0.194891 0
    outer loop
      vertex 56.4091 50.6894 22.15
      vertex 56.4397 50.8434 23.15
      vertex 56.4397 50.8434 22.15
    endloop
  endfacet
  facet normal -0.980825 0.194891 0
    outer loop
      vertex 56.4397 50.8434 23.15
      vertex 56.4091 50.6894 22.15
      vertex 56.4091 50.6894 23.15
    endloop
  endfacet
  facet normal 0.997844 0.0656309 0
    outer loop
      vertex 54.0603 50.8434 23.15
      vertex 54.05 51 22.15
      vertex 54.05 51 23.15
    endloop
  endfacet
  facet normal 0.997844 0.0656309 0
    outer loop
      vertex 54.05 51 22.15
      vertex 54.0603 50.8434 23.15
      vertex 54.0603 50.8434 22.15
    endloop
  endfacet
  facet normal -0.831462 0.555582 0
    outer loop
      vertex 56.202 50.2695 22.15
      vertex 56.2892 50.4 23.15
      vertex 56.2892 50.4 22.15
    endloop
  endfacet
  facet normal -0.831462 0.555582 0
    outer loop
      vertex 56.2892 50.4 23.15
      vertex 56.202 50.2695 22.15
      vertex 56.202 50.2695 23.15
    endloop
  endfacet
  facet normal 0.659406 0.751787 -0
    outer loop
      vertex 54.5195 50.048 22.15
      vertex 54.4015 50.1515 23.15
      vertex 54.5195 50.048 23.15
    endloop
  endfacet
  facet normal 0.659406 0.751787 0
    outer loop
      vertex 54.4015 50.1515 23.15
      vertex 54.5195 50.048 22.15
      vertex 54.4015 50.1515 22.15
    endloop
  endfacet
  facet normal 0.896708 0.442622 0
    outer loop
      vertex 54.2108 50.4 23.15
      vertex 54.1413 50.5408 22.15
      vertex 54.1413 50.5408 23.15
    endloop
  endfacet
  facet normal 0.896708 0.442622 0
    outer loop
      vertex 54.1413 50.5408 22.15
      vertex 54.2108 50.4 23.15
      vertex 54.2108 50.4 22.15
    endloop
  endfacet
  facet normal -0.321194 0.947013 0
    outer loop
      vertex 55.7092 49.8913 22.15
      vertex 55.5606 49.8409 23.15
      vertex 55.7092 49.8913 23.15
    endloop
  endfacet
  facet normal -0.321194 0.947013 0
    outer loop
      vertex 55.5606 49.8409 23.15
      vertex 55.7092 49.8913 22.15
      vertex 55.5606 49.8409 22.15
    endloop
  endfacet
  facet normal -0.896708 0.442622 0
    outer loop
      vertex 56.2892 50.4 22.15
      vertex 56.3587 50.5408 23.15
      vertex 56.3587 50.5408 22.15
    endloop
  endfacet
  facet normal -0.896708 0.442622 0
    outer loop
      vertex 56.3587 50.5408 23.15
      vertex 56.2892 50.4 22.15
      vertex 56.2892 50.4 23.15
    endloop
  endfacet
  facet normal -0.659406 0.751787 0
    outer loop
      vertex 56.0985 50.1515 22.15
      vertex 55.9805 50.048 23.15
      vertex 56.0985 50.1515 23.15
    endloop
  endfacet
  facet normal -0.659406 0.751787 0
    outer loop
      vertex 55.9805 50.048 23.15
      vertex 56.0985 50.1515 22.15
      vertex 55.9805 50.048 22.15
    endloop
  endfacet
  facet normal 0.0656309 0.997844 -0
    outer loop
      vertex 55.25 49.8 22.15
      vertex 55.0934 49.8103 23.15
      vertex 55.25 49.8 23.15
    endloop
  endfacet
  facet normal 0.0656309 0.997844 0
    outer loop
      vertex 55.0934 49.8103 23.15
      vertex 55.25 49.8 22.15
      vertex 55.0934 49.8103 22.15
    endloop
  endfacet
  facet normal 0.321194 0.947013 -0
    outer loop
      vertex 54.9394 49.8409 22.15
      vertex 54.7908 49.8913 23.15
      vertex 54.9394 49.8409 23.15
    endloop
  endfacet
  facet normal 0.321194 0.947013 0
    outer loop
      vertex 54.7908 49.8913 23.15
      vertex 54.9394 49.8409 22.15
      vertex 54.7908 49.8913 22.15
    endloop
  endfacet
  facet normal 0.194891 0.980825 -0
    outer loop
      vertex 55.0934 49.8103 22.15
      vertex 54.9394 49.8409 23.15
      vertex 55.0934 49.8103 23.15
    endloop
  endfacet
  facet normal 0.194891 0.980825 0
    outer loop
      vertex 54.9394 49.8409 23.15
      vertex 55.0934 49.8103 22.15
      vertex 54.9394 49.8409 22.15
    endloop
  endfacet
  facet normal 0.751787 0.659406 0
    outer loop
      vertex 54.4015 50.1515 23.15
      vertex 54.298 50.2695 22.15
      vertex 54.298 50.2695 23.15
    endloop
  endfacet
  facet normal 0.751787 0.659406 0
    outer loop
      vertex 54.298 50.2695 22.15
      vertex 54.4015 50.1515 23.15
      vertex 54.4015 50.1515 22.15
    endloop
  endfacet
  facet normal 0.947013 0.321194 0
    outer loop
      vertex 54.1413 50.5408 23.15
      vertex 54.0909 50.6894 22.15
      vertex 54.0909 50.6894 23.15
    endloop
  endfacet
  facet normal 0.947013 0.321194 0
    outer loop
      vertex 54.0909 50.6894 22.15
      vertex 54.1413 50.5408 23.15
      vertex 54.1413 50.5408 22.15
    endloop
  endfacet
  facet normal 0.980825 0.194891 0
    outer loop
      vertex 54.0909 50.6894 23.15
      vertex 54.0603 50.8434 22.15
      vertex 54.0603 50.8434 23.15
    endloop
  endfacet
  facet normal 0.980825 0.194891 0
    outer loop
      vertex 54.0603 50.8434 22.15
      vertex 54.0909 50.6894 23.15
      vertex 54.0909 50.6894 22.15
    endloop
  endfacet
  facet normal 0.442622 0.896708 -0
    outer loop
      vertex 54.7908 49.8913 22.15
      vertex 54.65 49.9608 23.15
      vertex 54.7908 49.8913 23.15
    endloop
  endfacet
  facet normal 0.442622 0.896708 0
    outer loop
      vertex 54.65 49.9608 23.15
      vertex 54.7908 49.8913 22.15
      vertex 54.65 49.9608 22.15
    endloop
  endfacet
  facet normal 0.555582 0.831462 -0
    outer loop
      vertex 54.65 49.9608 22.15
      vertex 54.5195 50.048 23.15
      vertex 54.65 49.9608 23.15
    endloop
  endfacet
  facet normal 0.555582 0.831462 0
    outer loop
      vertex 54.5195 50.048 23.15
      vertex 54.65 49.9608 22.15
      vertex 54.5195 50.048 22.15
    endloop
  endfacet
  facet normal -0.896708 -0.442622 0
    outer loop
      vertex 56.3587 67.4592 22.15
      vertex 56.2892 67.6 23.15
      vertex 56.2892 67.6 22.15
    endloop
  endfacet
  facet normal -0.896708 -0.442622 0
    outer loop
      vertex 56.2892 67.6 23.15
      vertex 56.3587 67.4592 22.15
      vertex 56.3587 67.4592 23.15
    endloop
  endfacet
  facet normal -0.831462 -0.555582 0
    outer loop
      vertex 56.2892 67.6 22.15
      vertex 56.202 67.7305 23.15
      vertex 56.202 67.7305 22.15
    endloop
  endfacet
  facet normal -0.831462 -0.555582 0
    outer loop
      vertex 56.202 67.7305 23.15
      vertex 56.2892 67.6 22.15
      vertex 56.2892 67.6 23.15
    endloop
  endfacet
  facet normal -0.194891 -0.980825 0
    outer loop
      vertex 55.4066 68.1897 22.15
      vertex 55.5606 68.1591 23.15
      vertex 55.4066 68.1897 23.15
    endloop
  endfacet
  facet normal -0.194891 -0.980825 -0
    outer loop
      vertex 55.5606 68.1591 23.15
      vertex 55.4066 68.1897 22.15
      vertex 55.5606 68.1591 22.15
    endloop
  endfacet
  facet normal -0.321194 -0.947013 0
    outer loop
      vertex 55.5606 68.1591 22.15
      vertex 55.7092 68.1087 23.15
      vertex 55.5606 68.1591 23.15
    endloop
  endfacet
  facet normal -0.321194 -0.947013 -0
    outer loop
      vertex 55.7092 68.1087 23.15
      vertex 55.5606 68.1591 22.15
      vertex 55.7092 68.1087 22.15
    endloop
  endfacet
  facet normal 0.442622 -0.896708 0
    outer loop
      vertex 54.65 68.0392 22.15
      vertex 54.7908 68.1087 23.15
      vertex 54.65 68.0392 23.15
    endloop
  endfacet
  facet normal 0.442622 -0.896708 0
    outer loop
      vertex 54.7908 68.1087 23.15
      vertex 54.65 68.0392 22.15
      vertex 54.7908 68.1087 22.15
    endloop
  endfacet
  facet normal 0.947013 -0.321194 0
    outer loop
      vertex 54.0909 67.3106 23.15
      vertex 54.1413 67.4592 22.15
      vertex 54.1413 67.4592 23.15
    endloop
  endfacet
  facet normal 0.947013 -0.321194 0
    outer loop
      vertex 54.1413 67.4592 22.15
      vertex 54.0909 67.3106 23.15
      vertex 54.0909 67.3106 22.15
    endloop
  endfacet
  facet normal -0.980825 0.194891 0
    outer loop
      vertex 56.4091 66.6894 22.15
      vertex 56.4397 66.8434 23.15
      vertex 56.4397 66.8434 22.15
    endloop
  endfacet
  facet normal -0.980825 0.194891 0
    outer loop
      vertex 56.4397 66.8434 23.15
      vertex 56.4091 66.6894 22.15
      vertex 56.4091 66.6894 23.15
    endloop
  endfacet
  facet normal -0.659406 -0.751787 0
    outer loop
      vertex 55.9805 67.952 22.15
      vertex 56.0985 67.8485 23.15
      vertex 55.9805 67.952 23.15
    endloop
  endfacet
  facet normal -0.659406 -0.751787 -0
    outer loop
      vertex 56.0985 67.8485 23.15
      vertex 55.9805 67.952 22.15
      vertex 56.0985 67.8485 22.15
    endloop
  endfacet
  facet normal -0.442622 -0.896708 0
    outer loop
      vertex 55.7092 68.1087 22.15
      vertex 55.85 68.0392 23.15
      vertex 55.7092 68.1087 23.15
    endloop
  endfacet
  facet normal -0.442622 -0.896708 -0
    outer loop
      vertex 55.85 68.0392 23.15
      vertex 55.7092 68.1087 22.15
      vertex 55.85 68.0392 22.15
    endloop
  endfacet
  facet normal 0.997844 -0.0656309 0
    outer loop
      vertex 54.05 67 23.15
      vertex 54.0603 67.1566 22.15
      vertex 54.0603 67.1566 23.15
    endloop
  endfacet
  facet normal 0.997844 -0.0656309 0
    outer loop
      vertex 54.0603 67.1566 22.15
      vertex 54.05 67 23.15
      vertex 54.05 67 22.15
    endloop
  endfacet
  facet normal 0.831462 -0.555582 0
    outer loop
      vertex 54.2108 67.6 23.15
      vertex 54.298 67.7305 22.15
      vertex 54.298 67.7305 23.15
    endloop
  endfacet
  facet normal 0.831462 -0.555582 0
    outer loop
      vertex 54.298 67.7305 22.15
      vertex 54.2108 67.6 23.15
      vertex 54.2108 67.6 22.15
    endloop
  endfacet
  facet normal 0.321194 -0.947013 0
    outer loop
      vertex 54.7908 68.1087 22.15
      vertex 54.9394 68.1591 23.15
      vertex 54.7908 68.1087 23.15
    endloop
  endfacet
  facet normal 0.321194 -0.947013 0
    outer loop
      vertex 54.9394 68.1591 23.15
      vertex 54.7908 68.1087 22.15
      vertex 54.9394 68.1591 22.15
    endloop
  endfacet
  facet normal 0.751787 -0.659406 0
    outer loop
      vertex 54.298 67.7305 23.15
      vertex 54.4015 67.8485 22.15
      vertex 54.4015 67.8485 23.15
    endloop
  endfacet
  facet normal 0.751787 -0.659406 0
    outer loop
      vertex 54.4015 67.8485 22.15
      vertex 54.298 67.7305 23.15
      vertex 54.298 67.7305 22.15
    endloop
  endfacet
  facet normal -0.997844 0.0656309 0
    outer loop
      vertex 56.4397 66.8434 22.15
      vertex 56.45 67 23.15
      vertex 56.45 67 22.15
    endloop
  endfacet
  facet normal -0.997844 0.0656309 0
    outer loop
      vertex 56.45 67 23.15
      vertex 56.4397 66.8434 22.15
      vertex 56.4397 66.8434 23.15
    endloop
  endfacet
  facet normal -0.947013 0.321194 0
    outer loop
      vertex 56.3587 66.5408 22.15
      vertex 56.4091 66.6894 23.15
      vertex 56.4091 66.6894 22.15
    endloop
  endfacet
  facet normal -0.947013 0.321194 0
    outer loop
      vertex 56.4091 66.6894 23.15
      vertex 56.3587 66.5408 22.15
      vertex 56.3587 66.5408 23.15
    endloop
  endfacet
  facet normal -0.947013 -0.321194 0
    outer loop
      vertex 56.4091 67.3106 22.15
      vertex 56.3587 67.4592 23.15
      vertex 56.3587 67.4592 22.15
    endloop
  endfacet
  facet normal -0.947013 -0.321194 0
    outer loop
      vertex 56.3587 67.4592 23.15
      vertex 56.4091 67.3106 22.15
      vertex 56.4091 67.3106 23.15
    endloop
  endfacet
  facet normal -0.751787 -0.659406 0
    outer loop
      vertex 56.202 67.7305 22.15
      vertex 56.0985 67.8485 23.15
      vertex 56.0985 67.8485 22.15
    endloop
  endfacet
  facet normal -0.751787 -0.659406 0
    outer loop
      vertex 56.0985 67.8485 23.15
      vertex 56.202 67.7305 22.15
      vertex 56.202 67.7305 23.15
    endloop
  endfacet
  facet normal 0.0656309 -0.997844 0
    outer loop
      vertex 55.0934 68.1897 22.15
      vertex 55.25 68.2 23.15
      vertex 55.0934 68.1897 23.15
    endloop
  endfacet
  facet normal 0.0656309 -0.997844 0
    outer loop
      vertex 55.25 68.2 23.15
      vertex 55.0934 68.1897 22.15
      vertex 55.25 68.2 22.15
    endloop
  endfacet
  facet normal -0.555582 -0.831462 0
    outer loop
      vertex 55.85 68.0392 22.15
      vertex 55.9805 67.952 23.15
      vertex 55.85 68.0392 23.15
    endloop
  endfacet
  facet normal -0.555582 -0.831462 -0
    outer loop
      vertex 55.9805 67.952 23.15
      vertex 55.85 68.0392 22.15
      vertex 55.9805 67.952 22.15
    endloop
  endfacet
  facet normal 0.997844 0.0656309 0
    outer loop
      vertex 54.0603 66.8434 23.15
      vertex 54.05 67 22.15
      vertex 54.05 67 23.15
    endloop
  endfacet
  facet normal 0.997844 0.0656309 0
    outer loop
      vertex 54.05 67 22.15
      vertex 54.0603 66.8434 23.15
      vertex 54.0603 66.8434 22.15
    endloop
  endfacet
  facet normal 0.980825 -0.194891 0
    outer loop
      vertex 54.0603 67.1566 23.15
      vertex 54.0909 67.3106 22.15
      vertex 54.0909 67.3106 23.15
    endloop
  endfacet
  facet normal 0.980825 -0.194891 0
    outer loop
      vertex 54.0909 67.3106 22.15
      vertex 54.0603 67.1566 23.15
      vertex 54.0603 67.1566 22.15
    endloop
  endfacet
  facet normal 0.896708 -0.442622 0
    outer loop
      vertex 54.1413 67.4592 23.15
      vertex 54.2108 67.6 22.15
      vertex 54.2108 67.6 23.15
    endloop
  endfacet
  facet normal 0.896708 -0.442622 0
    outer loop
      vertex 54.2108 67.6 22.15
      vertex 54.1413 67.4592 23.15
      vertex 54.1413 67.4592 22.15
    endloop
  endfacet
  facet normal 0.194891 -0.980825 0
    outer loop
      vertex 54.9394 68.1591 22.15
      vertex 55.0934 68.1897 23.15
      vertex 54.9394 68.1591 23.15
    endloop
  endfacet
  facet normal 0.194891 -0.980825 0
    outer loop
      vertex 55.0934 68.1897 23.15
      vertex 54.9394 68.1591 22.15
      vertex 55.0934 68.1897 22.15
    endloop
  endfacet
  facet normal 0.659406 -0.751787 0
    outer loop
      vertex 54.4015 67.8485 22.15
      vertex 54.5195 67.952 23.15
      vertex 54.4015 67.8485 23.15
    endloop
  endfacet
  facet normal 0.659406 -0.751787 0
    outer loop
      vertex 54.5195 67.952 23.15
      vertex 54.4015 67.8485 22.15
      vertex 54.5195 67.952 22.15
    endloop
  endfacet
  facet normal 0.555582 -0.831462 0
    outer loop
      vertex 54.5195 67.952 22.15
      vertex 54.65 68.0392 23.15
      vertex 54.5195 67.952 23.15
    endloop
  endfacet
  facet normal 0.555582 -0.831462 0
    outer loop
      vertex 54.65 68.0392 23.15
      vertex 54.5195 67.952 22.15
      vertex 54.65 68.0392 22.15
    endloop
  endfacet
  facet normal -0.997844 -0.0656309 0
    outer loop
      vertex 56.45 67 22.15
      vertex 56.4397 67.1566 23.15
      vertex 56.4397 67.1566 22.15
    endloop
  endfacet
  facet normal -0.997844 -0.0656309 0
    outer loop
      vertex 56.4397 67.1566 23.15
      vertex 56.45 67 22.15
      vertex 56.45 67 23.15
    endloop
  endfacet
  facet normal 0.831462 0.555582 0
    outer loop
      vertex 54.298 66.2695 23.15
      vertex 54.2108 66.4 22.15
      vertex 54.2108 66.4 23.15
    endloop
  endfacet
  facet normal 0.831462 0.555582 0
    outer loop
      vertex 54.2108 66.4 22.15
      vertex 54.298 66.2695 23.15
      vertex 54.298 66.2695 22.15
    endloop
  endfacet
  facet normal -0.194891 0.980825 0
    outer loop
      vertex 55.5606 65.8409 22.15
      vertex 55.4066 65.8103 23.15
      vertex 55.5606 65.8409 23.15
    endloop
  endfacet
  facet normal -0.194891 0.980825 0
    outer loop
      vertex 55.4066 65.8103 23.15
      vertex 55.5606 65.8409 22.15
      vertex 55.4066 65.8103 22.15
    endloop
  endfacet
  facet normal -0.442622 0.896708 0
    outer loop
      vertex 55.85 65.9608 22.15
      vertex 55.7092 65.8913 23.15
      vertex 55.85 65.9608 23.15
    endloop
  endfacet
  facet normal -0.442622 0.896708 0
    outer loop
      vertex 55.7092 65.8913 23.15
      vertex 55.85 65.9608 22.15
      vertex 55.7092 65.8913 22.15
    endloop
  endfacet
  facet normal -0.980825 -0.194891 0
    outer loop
      vertex 56.4397 67.1566 22.15
      vertex 56.4091 67.3106 23.15
      vertex 56.4091 67.3106 22.15
    endloop
  endfacet
  facet normal -0.980825 -0.194891 0
    outer loop
      vertex 56.4091 67.3106 23.15
      vertex 56.4397 67.1566 22.15
      vertex 56.4397 67.1566 23.15
    endloop
  endfacet
  facet normal -0.0656309 -0.997844 0
    outer loop
      vertex 55.25 68.2 22.15
      vertex 55.4066 68.1897 23.15
      vertex 55.25 68.2 23.15
    endloop
  endfacet
  facet normal -0.0656309 -0.997844 -0
    outer loop
      vertex 55.4066 68.1897 23.15
      vertex 55.25 68.2 22.15
      vertex 55.4066 68.1897 22.15
    endloop
  endfacet
  facet normal -0.751787 0.659406 0
    outer loop
      vertex 56.0985 66.1515 22.15
      vertex 56.202 66.2695 23.15
      vertex 56.202 66.2695 22.15
    endloop
  endfacet
  facet normal -0.751787 0.659406 0
    outer loop
      vertex 56.202 66.2695 23.15
      vertex 56.0985 66.1515 22.15
      vertex 56.0985 66.1515 23.15
    endloop
  endfacet
  facet normal -0.896708 0.442622 0
    outer loop
      vertex 56.2892 66.4 22.15
      vertex 56.3587 66.5408 23.15
      vertex 56.3587 66.5408 22.15
    endloop
  endfacet
  facet normal -0.896708 0.442622 0
    outer loop
      vertex 56.3587 66.5408 23.15
      vertex 56.2892 66.4 22.15
      vertex 56.2892 66.4 23.15
    endloop
  endfacet
  facet normal 0.980825 0.194891 0
    outer loop
      vertex 54.0909 66.6894 23.15
      vertex 54.0603 66.8434 22.15
      vertex 54.0603 66.8434 23.15
    endloop
  endfacet
  facet normal 0.980825 0.194891 0
    outer loop
      vertex 54.0603 66.8434 22.15
      vertex 54.0909 66.6894 23.15
      vertex 54.0909 66.6894 22.15
    endloop
  endfacet
  facet normal 0.896708 0.442622 0
    outer loop
      vertex 54.2108 66.4 23.15
      vertex 54.1413 66.5408 22.15
      vertex 54.1413 66.5408 23.15
    endloop
  endfacet
  facet normal 0.896708 0.442622 0
    outer loop
      vertex 54.1413 66.5408 22.15
      vertex 54.2108 66.4 23.15
      vertex 54.2108 66.4 22.15
    endloop
  endfacet
  facet normal -0.321194 0.947013 0
    outer loop
      vertex 55.7092 65.8913 22.15
      vertex 55.5606 65.8409 23.15
      vertex 55.7092 65.8913 23.15
    endloop
  endfacet
  facet normal -0.321194 0.947013 0
    outer loop
      vertex 55.5606 65.8409 23.15
      vertex 55.7092 65.8913 22.15
      vertex 55.5606 65.8409 22.15
    endloop
  endfacet
  facet normal -0.659406 0.751787 0
    outer loop
      vertex 56.0985 66.1515 22.15
      vertex 55.9805 66.048 23.15
      vertex 56.0985 66.1515 23.15
    endloop
  endfacet
  facet normal -0.659406 0.751787 0
    outer loop
      vertex 55.9805 66.048 23.15
      vertex 56.0985 66.1515 22.15
      vertex 55.9805 66.048 22.15
    endloop
  endfacet
  facet normal -0.555582 0.831462 0
    outer loop
      vertex 55.9805 66.048 22.15
      vertex 55.85 65.9608 23.15
      vertex 55.9805 66.048 23.15
    endloop
  endfacet
  facet normal -0.555582 0.831462 0
    outer loop
      vertex 55.85 65.9608 23.15
      vertex 55.9805 66.048 22.15
      vertex 55.85 65.9608 22.15
    endloop
  endfacet
  facet normal -0.831462 0.555582 0
    outer loop
      vertex 56.202 66.2695 22.15
      vertex 56.2892 66.4 23.15
      vertex 56.2892 66.4 22.15
    endloop
  endfacet
  facet normal -0.831462 0.555582 0
    outer loop
      vertex 56.2892 66.4 23.15
      vertex 56.202 66.2695 22.15
      vertex 56.202 66.2695 23.15
    endloop
  endfacet
  facet normal 0.321194 0.947013 -0
    outer loop
      vertex 54.9394 65.8409 22.15
      vertex 54.7908 65.8913 23.15
      vertex 54.9394 65.8409 23.15
    endloop
  endfacet
  facet normal 0.321194 0.947013 0
    outer loop
      vertex 54.7908 65.8913 23.15
      vertex 54.9394 65.8409 22.15
      vertex 54.7908 65.8913 22.15
    endloop
  endfacet
  facet normal -0.0656309 0.997844 0
    outer loop
      vertex 55.4066 65.8103 22.15
      vertex 55.25 65.8 23.15
      vertex 55.4066 65.8103 23.15
    endloop
  endfacet
  facet normal -0.0656309 0.997844 0
    outer loop
      vertex 55.25 65.8 23.15
      vertex 55.4066 65.8103 22.15
      vertex 55.25 65.8 22.15
    endloop
  endfacet
  facet normal 0.0656309 0.997844 -0
    outer loop
      vertex 55.25 65.8 22.15
      vertex 55.0934 65.8103 23.15
      vertex 55.25 65.8 23.15
    endloop
  endfacet
  facet normal 0.0656309 0.997844 0
    outer loop
      vertex 55.0934 65.8103 23.15
      vertex 55.25 65.8 22.15
      vertex 55.0934 65.8103 22.15
    endloop
  endfacet
  facet normal 0.194891 0.980825 -0
    outer loop
      vertex 55.0934 65.8103 22.15
      vertex 54.9394 65.8409 23.15
      vertex 55.0934 65.8103 23.15
    endloop
  endfacet
  facet normal 0.194891 0.980825 0
    outer loop
      vertex 54.9394 65.8409 23.15
      vertex 55.0934 65.8103 22.15
      vertex 54.9394 65.8409 22.15
    endloop
  endfacet
  facet normal 0.751787 0.659406 0
    outer loop
      vertex 54.4015 66.1515 23.15
      vertex 54.298 66.2695 22.15
      vertex 54.298 66.2695 23.15
    endloop
  endfacet
  facet normal 0.751787 0.659406 0
    outer loop
      vertex 54.298 66.2695 22.15
      vertex 54.4015 66.1515 23.15
      vertex 54.4015 66.1515 22.15
    endloop
  endfacet
  facet normal 0.659406 0.751787 -0
    outer loop
      vertex 54.5195 66.048 22.15
      vertex 54.4015 66.1515 23.15
      vertex 54.5195 66.048 23.15
    endloop
  endfacet
  facet normal 0.659406 0.751787 0
    outer loop
      vertex 54.4015 66.1515 23.15
      vertex 54.5195 66.048 22.15
      vertex 54.4015 66.1515 22.15
    endloop
  endfacet
  facet normal 0.947013 0.321194 0
    outer loop
      vertex 54.1413 66.5408 23.15
      vertex 54.0909 66.6894 22.15
      vertex 54.0909 66.6894 23.15
    endloop
  endfacet
  facet normal 0.947013 0.321194 0
    outer loop
      vertex 54.0909 66.6894 22.15
      vertex 54.1413 66.5408 23.15
      vertex 54.1413 66.5408 22.15
    endloop
  endfacet
  facet normal 0.442622 0.896708 -0
    outer loop
      vertex 54.7908 65.8913 22.15
      vertex 54.65 65.9608 23.15
      vertex 54.7908 65.8913 23.15
    endloop
  endfacet
  facet normal 0.442622 0.896708 0
    outer loop
      vertex 54.65 65.9608 23.15
      vertex 54.7908 65.8913 22.15
      vertex 54.65 65.9608 22.15
    endloop
  endfacet
  facet normal 0.555582 0.831462 -0
    outer loop
      vertex 54.65 65.9608 22.15
      vertex 54.5195 66.048 23.15
      vertex 54.65 65.9608 23.15
    endloop
  endfacet
  facet normal 0.555582 0.831462 0
    outer loop
      vertex 54.5195 66.048 23.15
      vertex 54.65 65.9608 22.15
      vertex 54.5195 66.048 22.15
    endloop
  endfacet
  facet normal -0.882105 0.471052 0
    outer loop
      vertex 57.1576 70.3778 22.15
      vertex 57.1945 70.4469 23.15
      vertex 57.1945 70.4469 22.15
    endloop
  endfacet
  facet normal -0.882105 0.471052 0
    outer loop
      vertex 57.1945 70.4469 23.15
      vertex 57.1576 70.3778 22.15
      vertex 57.1576 70.3778 23.15
    endloop
  endfacet
  facet normal 0.0982404 -0.995163 0
    outer loop
      vertex 56.747 70.9923 22.15
      vertex 56.825 71 23.15
      vertex 56.747 70.9923 23.15
    endloop
  endfacet
  facet normal 0.0982404 -0.995163 0
    outer loop
      vertex 56.825 71 23.15
      vertex 56.747 70.9923 22.15
      vertex 56.825 71 22.15
    endloop
  endfacet
  facet normal -0.995163 -0.0982404 0
    outer loop
      vertex 57.225 70.6 22.15
      vertex 57.2173 70.678 23.15
      vertex 57.2173 70.678 22.15
    endloop
  endfacet
  facet normal -0.995163 -0.0982404 0
    outer loop
      vertex 57.2173 70.678 23.15
      vertex 57.225 70.6 22.15
      vertex 57.225 70.6 23.15
    endloop
  endfacet
  facet normal 0.772592 0.634903 0
    outer loop
      vertex 56.5422 70.3172 23.15
      vertex 56.4924 70.3778 22.15
      vertex 56.4924 70.3778 23.15
    endloop
  endfacet
  facet normal 0.772592 0.634903 0
    outer loop
      vertex 56.4924 70.3778 22.15
      vertex 56.5422 70.3172 23.15
      vertex 56.5422 70.3172 22.15
    endloop
  endfacet
  facet normal -0.0982404 0.995163 0
    outer loop
      vertex 56.903 70.2077 22.15
      vertex 56.825 70.2 23.15
      vertex 56.903 70.2077 23.15
    endloop
  endfacet
  facet normal -0.0982404 0.995163 0
    outer loop
      vertex 56.825 70.2 23.15
      vertex 56.903 70.2077 22.15
      vertex 56.825 70.2 22.15
    endloop
  endfacet
  facet normal -0.289335 -0.957228 0
    outer loop
      vertex 56.903 70.9923 22.15
      vertex 56.9781 70.9696 23.15
      vertex 56.903 70.9923 23.15
    endloop
  endfacet
  facet normal -0.289335 -0.957228 -0
    outer loop
      vertex 56.9781 70.9696 23.15
      vertex 56.903 70.9923 22.15
      vertex 56.9781 70.9696 22.15
    endloop
  endfacet
  facet normal -0.472044 -0.881575 0
    outer loop
      vertex 56.9781 70.9696 22.15
      vertex 57.0472 70.9326 23.15
      vertex 56.9781 70.9696 23.15
    endloop
  endfacet
  facet normal -0.472044 -0.881575 -0
    outer loop
      vertex 57.0472 70.9326 23.15
      vertex 56.9781 70.9696 22.15
      vertex 57.0472 70.9326 22.15
    endloop
  endfacet
  facet normal -0.995163 0.0982404 0
    outer loop
      vertex 57.2173 70.522 22.15
      vertex 57.225 70.6 23.15
      vertex 57.225 70.6 22.15
    endloop
  endfacet
  facet normal -0.995163 0.0982404 0
    outer loop
      vertex 57.225 70.6 23.15
      vertex 57.2173 70.522 22.15
      vertex 57.2173 70.522 23.15
    endloop
  endfacet
  facet normal -0.956874 0.290502 0
    outer loop
      vertex 57.1945 70.4469 22.15
      vertex 57.2173 70.522 23.15
      vertex 57.2173 70.522 22.15
    endloop
  endfacet
  facet normal -0.956874 0.290502 0
    outer loop
      vertex 57.2173 70.522 23.15
      vertex 57.1945 70.4469 22.15
      vertex 57.1945 70.4469 23.15
    endloop
  endfacet
  facet normal 0.957228 -0.289335 0
    outer loop
      vertex 56.4327 70.678 23.15
      vertex 56.4554 70.7531 22.15
      vertex 56.4554 70.7531 23.15
    endloop
  endfacet
  facet normal 0.957228 -0.289335 0
    outer loop
      vertex 56.4554 70.7531 22.15
      vertex 56.4327 70.678 23.15
      vertex 56.4327 70.678 22.15
    endloop
  endfacet
  facet normal -0.289335 0.957228 0
    outer loop
      vertex 56.9781 70.2304 22.15
      vertex 56.903 70.2077 23.15
      vertex 56.9781 70.2304 23.15
    endloop
  endfacet
  facet normal -0.289335 0.957228 0
    outer loop
      vertex 56.903 70.2077 23.15
      vertex 56.9781 70.2304 22.15
      vertex 56.903 70.2077 22.15
    endloop
  endfacet
  facet normal -0.634903 0.772592 0
    outer loop
      vertex 57.1078 70.3172 22.15
      vertex 57.0472 70.2674 23.15
      vertex 57.1078 70.3172 23.15
    endloop
  endfacet
  facet normal -0.634903 0.772592 0
    outer loop
      vertex 57.0472 70.2674 23.15
      vertex 57.1078 70.3172 22.15
      vertex 57.0472 70.2674 22.15
    endloop
  endfacet
  facet normal 0.0982404 0.995163 -0
    outer loop
      vertex 56.825 70.2 22.15
      vertex 56.747 70.2077 23.15
      vertex 56.825 70.2 23.15
    endloop
  endfacet
  facet normal 0.0982404 0.995163 0
    outer loop
      vertex 56.747 70.2077 23.15
      vertex 56.825 70.2 22.15
      vertex 56.747 70.2077 22.15
    endloop
  endfacet
  facet normal 0.472044 0.881575 -0
    outer loop
      vertex 56.6719 70.2304 22.15
      vertex 56.6028 70.2674 23.15
      vertex 56.6719 70.2304 23.15
    endloop
  endfacet
  facet normal 0.472044 0.881575 0
    outer loop
      vertex 56.6028 70.2674 23.15
      vertex 56.6719 70.2304 22.15
      vertex 56.6028 70.2674 22.15
    endloop
  endfacet
  facet normal 0.957228 0.289335 0
    outer loop
      vertex 56.4554 70.4469 23.15
      vertex 56.4327 70.522 22.15
      vertex 56.4327 70.522 23.15
    endloop
  endfacet
  facet normal 0.957228 0.289335 0
    outer loop
      vertex 56.4327 70.522 22.15
      vertex 56.4554 70.4469 23.15
      vertex 56.4554 70.4469 22.15
    endloop
  endfacet
  facet normal 0.881575 0.472044 0
    outer loop
      vertex 56.4924 70.3778 23.15
      vertex 56.4554 70.4469 22.15
      vertex 56.4554 70.4469 23.15
    endloop
  endfacet
  facet normal 0.881575 0.472044 0
    outer loop
      vertex 56.4554 70.4469 22.15
      vertex 56.4924 70.3778 23.15
      vertex 56.4924 70.3778 22.15
    endloop
  endfacet
  facet normal -0.0982404 -0.995163 0
    outer loop
      vertex 56.825 71 22.15
      vertex 56.903 70.9923 23.15
      vertex 56.825 71 23.15
    endloop
  endfacet
  facet normal -0.0982404 -0.995163 -0
    outer loop
      vertex 56.903 70.9923 23.15
      vertex 56.825 71 22.15
      vertex 56.903 70.9923 22.15
    endloop
  endfacet
  facet normal 0.772592 -0.634903 0
    outer loop
      vertex 56.4924 70.8222 23.15
      vertex 56.5422 70.8828 22.15
      vertex 56.5422 70.8828 23.15
    endloop
  endfacet
  facet normal 0.772592 -0.634903 0
    outer loop
      vertex 56.5422 70.8828 22.15
      vertex 56.4924 70.8222 23.15
      vertex 56.4924 70.8222 22.15
    endloop
  endfacet
  facet normal 0.634903 -0.772592 0
    outer loop
      vertex 56.5422 70.8828 22.15
      vertex 56.6028 70.9326 23.15
      vertex 56.5422 70.8828 23.15
    endloop
  endfacet
  facet normal 0.634903 -0.772592 0
    outer loop
      vertex 56.6028 70.9326 23.15
      vertex 56.5422 70.8828 22.15
      vertex 56.6028 70.9326 22.15
    endloop
  endfacet
  facet normal 0.472044 -0.881575 0
    outer loop
      vertex 56.6028 70.9326 22.15
      vertex 56.6719 70.9696 23.15
      vertex 56.6028 70.9326 23.15
    endloop
  endfacet
  facet normal 0.472044 -0.881575 0
    outer loop
      vertex 56.6719 70.9696 23.15
      vertex 56.6028 70.9326 22.15
      vertex 56.6719 70.9696 22.15
    endloop
  endfacet
  facet normal 0.289335 -0.957228 0
    outer loop
      vertex 56.6719 70.9696 22.15
      vertex 56.747 70.9923 23.15
      vertex 56.6719 70.9696 23.15
    endloop
  endfacet
  facet normal 0.289335 -0.957228 0
    outer loop
      vertex 56.747 70.9923 23.15
      vertex 56.6719 70.9696 22.15
      vertex 56.747 70.9923 22.15
    endloop
  endfacet
  facet normal -0.634903 -0.772592 0
    outer loop
      vertex 57.0472 70.9326 22.15
      vertex 57.1078 70.8828 23.15
      vertex 57.0472 70.9326 23.15
    endloop
  endfacet
  facet normal -0.634903 -0.772592 -0
    outer loop
      vertex 57.1078 70.8828 23.15
      vertex 57.0472 70.9326 22.15
      vertex 57.1078 70.8828 22.15
    endloop
  endfacet
  facet normal -0.772592 -0.634903 0
    outer loop
      vertex 57.1576 70.8222 22.15
      vertex 57.1078 70.8828 23.15
      vertex 57.1078 70.8828 22.15
    endloop
  endfacet
  facet normal -0.772592 -0.634903 0
    outer loop
      vertex 57.1078 70.8828 23.15
      vertex 57.1576 70.8222 22.15
      vertex 57.1576 70.8222 23.15
    endloop
  endfacet
  facet normal -0.882105 -0.471052 0
    outer loop
      vertex 57.1945 70.7531 22.15
      vertex 57.1576 70.8222 23.15
      vertex 57.1576 70.8222 22.15
    endloop
  endfacet
  facet normal -0.882105 -0.471052 0
    outer loop
      vertex 57.1576 70.8222 23.15
      vertex 57.1945 70.7531 22.15
      vertex 57.1945 70.7531 23.15
    endloop
  endfacet
  facet normal -0.956874 -0.290502 0
    outer loop
      vertex 57.2173 70.678 22.15
      vertex 57.1945 70.7531 23.15
      vertex 57.1945 70.7531 22.15
    endloop
  endfacet
  facet normal -0.956874 -0.290502 0
    outer loop
      vertex 57.1945 70.7531 23.15
      vertex 57.2173 70.678 22.15
      vertex 57.2173 70.678 23.15
    endloop
  endfacet
  facet normal -0.472044 0.881575 0
    outer loop
      vertex 57.0472 70.2674 22.15
      vertex 56.9781 70.2304 23.15
      vertex 57.0472 70.2674 23.15
    endloop
  endfacet
  facet normal -0.472044 0.881575 0
    outer loop
      vertex 56.9781 70.2304 23.15
      vertex 57.0472 70.2674 22.15
      vertex 56.9781 70.2304 22.15
    endloop
  endfacet
  facet normal -0.772592 0.634903 0
    outer loop
      vertex 57.1078 70.3172 22.15
      vertex 57.1576 70.3778 23.15
      vertex 57.1576 70.3778 22.15
    endloop
  endfacet
  facet normal -0.772592 0.634903 0
    outer loop
      vertex 57.1576 70.3778 23.15
      vertex 57.1078 70.3172 22.15
      vertex 57.1078 70.3172 23.15
    endloop
  endfacet
  facet normal 0.289335 0.957228 -0
    outer loop
      vertex 56.747 70.2077 22.15
      vertex 56.6719 70.2304 23.15
      vertex 56.747 70.2077 23.15
    endloop
  endfacet
  facet normal 0.289335 0.957228 0
    outer loop
      vertex 56.6719 70.2304 23.15
      vertex 56.747 70.2077 22.15
      vertex 56.6719 70.2304 22.15
    endloop
  endfacet
  facet normal 0.881575 -0.472044 0
    outer loop
      vertex 56.4554 70.7531 23.15
      vertex 56.4924 70.8222 22.15
      vertex 56.4924 70.8222 23.15
    endloop
  endfacet
  facet normal 0.881575 -0.472044 0
    outer loop
      vertex 56.4924 70.8222 22.15
      vertex 56.4554 70.7531 23.15
      vertex 56.4554 70.7531 22.15
    endloop
  endfacet
  facet normal 0.634903 0.772592 -0
    outer loop
      vertex 56.6028 70.2674 22.15
      vertex 56.5422 70.3172 23.15
      vertex 56.6028 70.2674 23.15
    endloop
  endfacet
  facet normal 0.634903 0.772592 0
    outer loop
      vertex 56.5422 70.3172 23.15
      vertex 56.6028 70.2674 22.15
      vertex 56.5422 70.3172 22.15
    endloop
  endfacet
  facet normal 0.995163 0.0982404 0
    outer loop
      vertex 56.4327 70.522 23.15
      vertex 56.425 70.6 22.15
      vertex 56.425 70.6 23.15
    endloop
  endfacet
  facet normal 0.995163 0.0982404 0
    outer loop
      vertex 56.425 70.6 22.15
      vertex 56.4327 70.522 23.15
      vertex 56.4327 70.522 22.15
    endloop
  endfacet
  facet normal 0.995163 -0.0982404 0
    outer loop
      vertex 56.425 70.6 23.15
      vertex 56.4327 70.678 22.15
      vertex 56.4327 70.678 23.15
    endloop
  endfacet
  facet normal 0.995163 -0.0982404 0
    outer loop
      vertex 56.4327 70.678 22.15
      vertex 56.425 70.6 23.15
      vertex 56.425 70.6 22.15
    endloop
  endfacet
  facet normal -0.881575 -0.472044 0
    outer loop
      vertex 54.9946 70.7531 22.15
      vertex 54.9576 70.8222 23.15
      vertex 54.9576 70.8222 22.15
    endloop
  endfacet
  facet normal -0.881575 -0.472044 0
    outer loop
      vertex 54.9576 70.8222 23.15
      vertex 54.9946 70.7531 22.15
      vertex 54.9946 70.7531 23.15
    endloop
  endfacet
  facet normal -0.472044 -0.881575 0
    outer loop
      vertex 54.7781 70.9696 22.15
      vertex 54.8472 70.9326 23.15
      vertex 54.7781 70.9696 23.15
    endloop
  endfacet
  facet normal -0.472044 -0.881575 -0
    outer loop
      vertex 54.8472 70.9326 23.15
      vertex 54.7781 70.9696 22.15
      vertex 54.8472 70.9326 22.15
    endloop
  endfacet
  facet normal -0.772592 -0.634903 0
    outer loop
      vertex 54.9576 70.8222 22.15
      vertex 54.9078 70.8828 23.15
      vertex 54.9078 70.8828 22.15
    endloop
  endfacet
  facet normal -0.772592 -0.634903 0
    outer loop
      vertex 54.9078 70.8828 23.15
      vertex 54.9576 70.8222 22.15
      vertex 54.9576 70.8222 23.15
    endloop
  endfacet
  facet normal 0.634903 0.772592 -0
    outer loop
      vertex 54.4028 70.2674 22.15
      vertex 54.3422 70.3172 23.15
      vertex 54.4028 70.2674 23.15
    endloop
  endfacet
  facet normal 0.634903 0.772592 0
    outer loop
      vertex 54.3422 70.3172 23.15
      vertex 54.4028 70.2674 22.15
      vertex 54.3422 70.3172 22.15
    endloop
  endfacet
  facet normal -0.957228 -0.289335 0
    outer loop
      vertex 55.0173 70.678 22.15
      vertex 54.9946 70.7531 23.15
      vertex 54.9946 70.7531 22.15
    endloop
  endfacet
  facet normal -0.957228 -0.289335 0
    outer loop
      vertex 54.9946 70.7531 23.15
      vertex 55.0173 70.678 22.15
      vertex 55.0173 70.678 23.15
    endloop
  endfacet
  facet normal -0.634903 -0.772592 0
    outer loop
      vertex 54.8472 70.9326 22.15
      vertex 54.9078 70.8828 23.15
      vertex 54.8472 70.9326 23.15
    endloop
  endfacet
  facet normal -0.634903 -0.772592 -0
    outer loop
      vertex 54.9078 70.8828 23.15
      vertex 54.8472 70.9326 22.15
      vertex 54.9078 70.8828 22.15
    endloop
  endfacet
  facet normal -0.634903 0.772592 0
    outer loop
      vertex 54.9078 70.3172 22.15
      vertex 54.8472 70.2674 23.15
      vertex 54.9078 70.3172 23.15
    endloop
  endfacet
  facet normal -0.634903 0.772592 0
    outer loop
      vertex 54.8472 70.2674 23.15
      vertex 54.9078 70.3172 22.15
      vertex 54.8472 70.2674 22.15
    endloop
  endfacet
  facet normal -0.995163 0.0982404 0
    outer loop
      vertex 55.0173 70.522 22.15
      vertex 55.025 70.6 23.15
      vertex 55.025 70.6 22.15
    endloop
  endfacet
  facet normal -0.995163 0.0982404 0
    outer loop
      vertex 55.025 70.6 23.15
      vertex 55.0173 70.522 22.15
      vertex 55.0173 70.522 23.15
    endloop
  endfacet
  facet normal 0.0982404 0.995163 -0
    outer loop
      vertex 54.625 70.2 22.15
      vertex 54.547 70.2077 23.15
      vertex 54.625 70.2 23.15
    endloop
  endfacet
  facet normal 0.0982404 0.995163 0
    outer loop
      vertex 54.547 70.2077 23.15
      vertex 54.625 70.2 22.15
      vertex 54.547 70.2077 22.15
    endloop
  endfacet
  facet normal -0.472044 0.881575 0
    outer loop
      vertex 54.8472 70.2674 22.15
      vertex 54.7781 70.2304 23.15
      vertex 54.8472 70.2674 23.15
    endloop
  endfacet
  facet normal -0.472044 0.881575 0
    outer loop
      vertex 54.7781 70.2304 23.15
      vertex 54.8472 70.2674 22.15
      vertex 54.7781 70.2304 22.15
    endloop
  endfacet
  facet normal -0.881575 0.472044 0
    outer loop
      vertex 54.9576 70.3778 22.15
      vertex 54.9946 70.4469 23.15
      vertex 54.9946 70.4469 22.15
    endloop
  endfacet
  facet normal -0.881575 0.472044 0
    outer loop
      vertex 54.9946 70.4469 23.15
      vertex 54.9576 70.3778 22.15
      vertex 54.9576 70.3778 23.15
    endloop
  endfacet
  facet normal -0.957228 0.289335 0
    outer loop
      vertex 54.9946 70.4469 22.15
      vertex 55.0173 70.522 23.15
      vertex 55.0173 70.522 22.15
    endloop
  endfacet
  facet normal -0.957228 0.289335 0
    outer loop
      vertex 55.0173 70.522 23.15
      vertex 54.9946 70.4469 22.15
      vertex 54.9946 70.4469 23.15
    endloop
  endfacet
  facet normal -0.289335 0.957228 0
    outer loop
      vertex 54.7781 70.2304 22.15
      vertex 54.703 70.2077 23.15
      vertex 54.7781 70.2304 23.15
    endloop
  endfacet
  facet normal -0.289335 0.957228 0
    outer loop
      vertex 54.703 70.2077 23.15
      vertex 54.7781 70.2304 22.15
      vertex 54.703 70.2077 22.15
    endloop
  endfacet
  facet normal 0.289335 0.957228 -0
    outer loop
      vertex 54.547 70.2077 22.15
      vertex 54.4719 70.2304 23.15
      vertex 54.547 70.2077 23.15
    endloop
  endfacet
  facet normal 0.289335 0.957228 0
    outer loop
      vertex 54.4719 70.2304 23.15
      vertex 54.547 70.2077 22.15
      vertex 54.4719 70.2304 22.15
    endloop
  endfacet
  facet normal 0.472044 0.881575 -0
    outer loop
      vertex 54.4719 70.2304 22.15
      vertex 54.4028 70.2674 23.15
      vertex 54.4719 70.2304 23.15
    endloop
  endfacet
  facet normal 0.472044 0.881575 0
    outer loop
      vertex 54.4028 70.2674 23.15
      vertex 54.4719 70.2304 22.15
      vertex 54.4028 70.2674 22.15
    endloop
  endfacet
  facet normal 0.881575 -0.472044 0
    outer loop
      vertex 54.2554 70.7531 23.15
      vertex 54.2924 70.8222 22.15
      vertex 54.2924 70.8222 23.15
    endloop
  endfacet
  facet normal 0.881575 -0.472044 0
    outer loop
      vertex 54.2924 70.8222 22.15
      vertex 54.2554 70.7531 23.15
      vertex 54.2554 70.7531 22.15
    endloop
  endfacet
  facet normal 0.881575 0.472044 0
    outer loop
      vertex 54.2924 70.3778 23.15
      vertex 54.2554 70.4469 22.15
      vertex 54.2554 70.4469 23.15
    endloop
  endfacet
  facet normal 0.881575 0.472044 0
    outer loop
      vertex 54.2554 70.4469 22.15
      vertex 54.2924 70.3778 23.15
      vertex 54.2924 70.3778 22.15
    endloop
  endfacet
  facet normal 0.634903 -0.772592 0
    outer loop
      vertex 54.3422 70.8828 22.15
      vertex 54.4028 70.9326 23.15
      vertex 54.3422 70.8828 23.15
    endloop
  endfacet
  facet normal 0.634903 -0.772592 0
    outer loop
      vertex 54.4028 70.9326 23.15
      vertex 54.3422 70.8828 22.15
      vertex 54.4028 70.9326 22.15
    endloop
  endfacet
  facet normal 0.472044 -0.881575 0
    outer loop
      vertex 54.4028 70.9326 22.15
      vertex 54.4719 70.9696 23.15
      vertex 54.4028 70.9326 23.15
    endloop
  endfacet
  facet normal 0.472044 -0.881575 0
    outer loop
      vertex 54.4719 70.9696 23.15
      vertex 54.4028 70.9326 22.15
      vertex 54.4719 70.9696 22.15
    endloop
  endfacet
  facet normal 0.0982404 -0.995163 0
    outer loop
      vertex 54.547 70.9923 22.15
      vertex 54.625 71 23.15
      vertex 54.547 70.9923 23.15
    endloop
  endfacet
  facet normal 0.0982404 -0.995163 0
    outer loop
      vertex 54.625 71 23.15
      vertex 54.547 70.9923 22.15
      vertex 54.625 71 22.15
    endloop
  endfacet
  facet normal -0.995163 -0.0982404 0
    outer loop
      vertex 55.025 70.6 22.15
      vertex 55.0173 70.678 23.15
      vertex 55.0173 70.678 22.15
    endloop
  endfacet
  facet normal -0.995163 -0.0982404 0
    outer loop
      vertex 55.0173 70.678 23.15
      vertex 55.025 70.6 22.15
      vertex 55.025 70.6 23.15
    endloop
  endfacet
  facet normal -0.772592 0.634903 0
    outer loop
      vertex 54.9078 70.3172 22.15
      vertex 54.9576 70.3778 23.15
      vertex 54.9576 70.3778 22.15
    endloop
  endfacet
  facet normal -0.772592 0.634903 0
    outer loop
      vertex 54.9576 70.3778 23.15
      vertex 54.9078 70.3172 22.15
      vertex 54.9078 70.3172 23.15
    endloop
  endfacet
  facet normal -0.0982404 0.995163 0
    outer loop
      vertex 54.703 70.2077 22.15
      vertex 54.625 70.2 23.15
      vertex 54.703 70.2077 23.15
    endloop
  endfacet
  facet normal -0.0982404 0.995163 0
    outer loop
      vertex 54.625 70.2 23.15
      vertex 54.703 70.2077 22.15
      vertex 54.625 70.2 22.15
    endloop
  endfacet
  facet normal 0.772592 -0.634903 0
    outer loop
      vertex 54.2924 70.8222 23.15
      vertex 54.3422 70.8828 22.15
      vertex 54.3422 70.8828 23.15
    endloop
  endfacet
  facet normal 0.772592 -0.634903 0
    outer loop
      vertex 54.3422 70.8828 22.15
      vertex 54.2924 70.8222 23.15
      vertex 54.2924 70.8222 22.15
    endloop
  endfacet
  facet normal -0.0982404 -0.995163 0
    outer loop
      vertex 54.625 71 22.15
      vertex 54.703 70.9923 23.15
      vertex 54.625 71 23.15
    endloop
  endfacet
  facet normal -0.0982404 -0.995163 -0
    outer loop
      vertex 54.703 70.9923 23.15
      vertex 54.625 71 22.15
      vertex 54.703 70.9923 22.15
    endloop
  endfacet
  facet normal -0.289335 -0.957228 0
    outer loop
      vertex 54.703 70.9923 22.15
      vertex 54.7781 70.9696 23.15
      vertex 54.703 70.9923 23.15
    endloop
  endfacet
  facet normal -0.289335 -0.957228 -0
    outer loop
      vertex 54.7781 70.9696 23.15
      vertex 54.703 70.9923 22.15
      vertex 54.7781 70.9696 22.15
    endloop
  endfacet
  facet normal 0.957228 0.289335 0
    outer loop
      vertex 54.2554 70.4469 23.15
      vertex 54.2327 70.522 22.15
      vertex 54.2327 70.522 23.15
    endloop
  endfacet
  facet normal 0.957228 0.289335 0
    outer loop
      vertex 54.2327 70.522 22.15
      vertex 54.2554 70.4469 23.15
      vertex 54.2554 70.4469 22.15
    endloop
  endfacet
  facet normal 0.772592 0.634903 0
    outer loop
      vertex 54.3422 70.3172 23.15
      vertex 54.2924 70.3778 22.15
      vertex 54.2924 70.3778 23.15
    endloop
  endfacet
  facet normal 0.772592 0.634903 0
    outer loop
      vertex 54.2924 70.3778 22.15
      vertex 54.3422 70.3172 23.15
      vertex 54.3422 70.3172 22.15
    endloop
  endfacet
  facet normal 0.289335 -0.957228 0
    outer loop
      vertex 54.4719 70.9696 22.15
      vertex 54.547 70.9923 23.15
      vertex 54.4719 70.9696 23.15
    endloop
  endfacet
  facet normal 0.289335 -0.957228 0
    outer loop
      vertex 54.547 70.9923 23.15
      vertex 54.4719 70.9696 22.15
      vertex 54.547 70.9923 22.15
    endloop
  endfacet
  facet normal 0.957228 -0.289335 0
    outer loop
      vertex 54.2327 70.678 23.15
      vertex 54.2554 70.7531 22.15
      vertex 54.2554 70.7531 23.15
    endloop
  endfacet
  facet normal 0.957228 -0.289335 0
    outer loop
      vertex 54.2554 70.7531 22.15
      vertex 54.2327 70.678 23.15
      vertex 54.2327 70.678 22.15
    endloop
  endfacet
  facet normal 0.995163 0.0982404 0
    outer loop
      vertex 54.2327 70.522 23.15
      vertex 54.225 70.6 22.15
      vertex 54.225 70.6 23.15
    endloop
  endfacet
  facet normal 0.995163 0.0982404 0
    outer loop
      vertex 54.225 70.6 22.15
      vertex 54.2327 70.522 23.15
      vertex 54.2327 70.522 22.15
    endloop
  endfacet
  facet normal 0.995163 -0.0982404 0
    outer loop
      vertex 54.225 70.6 23.15
      vertex 54.2327 70.678 22.15
      vertex 54.2327 70.678 23.15
    endloop
  endfacet
  facet normal 0.995163 -0.0982404 0
    outer loop
      vertex 54.2327 70.678 22.15
      vertex 54.225 70.6 23.15
      vertex 54.225 70.6 22.15
    endloop
  endfacet
  facet normal -0.957228 0.289335 0
    outer loop
      vertex 52.7946 70.4469 22.15
      vertex 52.8173 70.522 23.15
      vertex 52.8173 70.522 22.15
    endloop
  endfacet
  facet normal -0.957228 0.289335 0
    outer loop
      vertex 52.8173 70.522 23.15
      vertex 52.7946 70.4469 22.15
      vertex 52.7946 70.4469 23.15
    endloop
  endfacet
  facet normal -0.881575 -0.472044 0
    outer loop
      vertex 52.7946 70.7531 22.15
      vertex 52.7576 70.8222 23.15
      vertex 52.7576 70.8222 22.15
    endloop
  endfacet
  facet normal -0.881575 -0.472044 0
    outer loop
      vertex 52.7576 70.8222 23.15
      vertex 52.7946 70.7531 22.15
      vertex 52.7946 70.7531 23.15
    endloop
  endfacet
  facet normal -0.772592 0.634903 0
    outer loop
      vertex 52.7078 70.3172 22.15
      vertex 52.7576 70.3778 23.15
      vertex 52.7576 70.3778 22.15
    endloop
  endfacet
  facet normal -0.772592 0.634903 0
    outer loop
      vertex 52.7576 70.3778 23.15
      vertex 52.7078 70.3172 22.15
      vertex 52.7078 70.3172 23.15
    endloop
  endfacet
  facet normal -0.881575 0.472044 0
    outer loop
      vertex 52.7576 70.3778 22.15
      vertex 52.7946 70.4469 23.15
      vertex 52.7946 70.4469 22.15
    endloop
  endfacet
  facet normal -0.881575 0.472044 0
    outer loop
      vertex 52.7946 70.4469 23.15
      vertex 52.7576 70.3778 22.15
      vertex 52.7576 70.3778 23.15
    endloop
  endfacet
  facet normal -0.995163 0.0982404 0
    outer loop
      vertex 52.8173 70.522 22.15
      vertex 52.825 70.6 23.15
      vertex 52.825 70.6 22.15
    endloop
  endfacet
  facet normal -0.995163 0.0982404 0
    outer loop
      vertex 52.825 70.6 23.15
      vertex 52.8173 70.522 22.15
      vertex 52.8173 70.522 23.15
    endloop
  endfacet
  facet normal -0.289335 0.957228 0
    outer loop
      vertex 52.5781 70.2304 22.15
      vertex 52.503 70.2077 23.15
      vertex 52.5781 70.2304 23.15
    endloop
  endfacet
  facet normal -0.289335 0.957228 0
    outer loop
      vertex 52.503 70.2077 23.15
      vertex 52.5781 70.2304 22.15
      vertex 52.503 70.2077 22.15
    endloop
  endfacet
  facet normal -0.995163 -0.0982404 0
    outer loop
      vertex 52.825 70.6 22.15
      vertex 52.8173 70.678 23.15
      vertex 52.8173 70.678 22.15
    endloop
  endfacet
  facet normal -0.995163 -0.0982404 0
    outer loop
      vertex 52.8173 70.678 23.15
      vertex 52.825 70.6 22.15
      vertex 52.825 70.6 23.15
    endloop
  endfacet
  facet normal -0.957228 -0.289335 0
    outer loop
      vertex 52.8173 70.678 22.15
      vertex 52.7946 70.7531 23.15
      vertex 52.7946 70.7531 22.15
    endloop
  endfacet
  facet normal -0.957228 -0.289335 0
    outer loop
      vertex 52.7946 70.7531 23.15
      vertex 52.8173 70.678 22.15
      vertex 52.8173 70.678 23.15
    endloop
  endfacet
  facet normal -0.634903 -0.772592 0
    outer loop
      vertex 52.6472 70.9326 22.15
      vertex 52.7078 70.8828 23.15
      vertex 52.6472 70.9326 23.15
    endloop
  endfacet
  facet normal -0.634903 -0.772592 -0
    outer loop
      vertex 52.7078 70.8828 23.15
      vertex 52.6472 70.9326 22.15
      vertex 52.7078 70.8828 22.15
    endloop
  endfacet
  facet normal -0.289335 -0.957228 0
    outer loop
      vertex 52.503 70.9923 22.15
      vertex 52.5781 70.9696 23.15
      vertex 52.503 70.9923 23.15
    endloop
  endfacet
  facet normal -0.289335 -0.957228 -0
    outer loop
      vertex 52.5781 70.9696 23.15
      vertex 52.503 70.9923 22.15
      vertex 52.5781 70.9696 22.15
    endloop
  endfacet
  facet normal 0.881575 -0.472044 0
    outer loop
      vertex 52.0554 70.7531 23.15
      vertex 52.0924 70.8222 22.15
      vertex 52.0924 70.8222 23.15
    endloop
  endfacet
  facet normal 0.881575 -0.472044 0
    outer loop
      vertex 52.0924 70.8222 22.15
      vertex 52.0554 70.7531 23.15
      vertex 52.0554 70.7531 22.15
    endloop
  endfacet
  facet normal 0.995163 -0.0982404 0
    outer loop
      vertex 52.025 70.6 23.15
      vertex 52.0327 70.678 22.15
      vertex 52.0327 70.678 23.15
    endloop
  endfacet
  facet normal 0.995163 -0.0982404 0
    outer loop
      vertex 52.0327 70.678 22.15
      vertex 52.025 70.6 23.15
      vertex 52.025 70.6 22.15
    endloop
  endfacet
  facet normal -0.634903 0.772592 0
    outer loop
      vertex 52.7078 70.3172 22.15
      vertex 52.6472 70.2674 23.15
      vertex 52.7078 70.3172 23.15
    endloop
  endfacet
  facet normal -0.634903 0.772592 0
    outer loop
      vertex 52.6472 70.2674 23.15
      vertex 52.7078 70.3172 22.15
      vertex 52.6472 70.2674 22.15
    endloop
  endfacet
  facet normal -0.0982404 -0.995163 0
    outer loop
      vertex 52.425 71 22.15
      vertex 52.503 70.9923 23.15
      vertex 52.425 71 23.15
    endloop
  endfacet
  facet normal -0.0982404 -0.995163 -0
    outer loop
      vertex 52.503 70.9923 23.15
      vertex 52.425 71 22.15
      vertex 52.503 70.9923 22.15
    endloop
  endfacet
  facet normal -0.772592 -0.634903 0
    outer loop
      vertex 52.7576 70.8222 22.15
      vertex 52.7078 70.8828 23.15
      vertex 52.7078 70.8828 22.15
    endloop
  endfacet
  facet normal -0.772592 -0.634903 0
    outer loop
      vertex 52.7078 70.8828 23.15
      vertex 52.7576 70.8222 22.15
      vertex 52.7576 70.8222 23.15
    endloop
  endfacet
  facet normal 0.957228 -0.289335 0
    outer loop
      vertex 52.0327 70.678 23.15
      vertex 52.0554 70.7531 22.15
      vertex 52.0554 70.7531 23.15
    endloop
  endfacet
  facet normal 0.957228 -0.289335 0
    outer loop
      vertex 52.0554 70.7531 22.15
      vertex 52.0327 70.678 23.15
      vertex 52.0327 70.678 22.15
    endloop
  endfacet
  facet normal 0.995163 0.0982404 0
    outer loop
      vertex 52.0327 70.522 23.15
      vertex 52.025 70.6 22.15
      vertex 52.025 70.6 23.15
    endloop
  endfacet
  facet normal 0.995163 0.0982404 0
    outer loop
      vertex 52.025 70.6 22.15
      vertex 52.0327 70.522 23.15
      vertex 52.0327 70.522 22.15
    endloop
  endfacet
  facet normal 0.772592 0.634903 0
    outer loop
      vertex 52.1422 70.3172 23.15
      vertex 52.0924 70.3778 22.15
      vertex 52.0924 70.3778 23.15
    endloop
  endfacet
  facet normal 0.772592 0.634903 0
    outer loop
      vertex 52.0924 70.3778 22.15
      vertex 52.1422 70.3172 23.15
      vertex 52.1422 70.3172 22.15
    endloop
  endfacet
  facet normal 0.0982404 0.995163 -0
    outer loop
      vertex 52.425 70.2 22.15
      vertex 52.347 70.2077 23.15
      vertex 52.425 70.2 23.15
    endloop
  endfacet
  facet normal 0.0982404 0.995163 0
    outer loop
      vertex 52.347 70.2077 23.15
      vertex 52.425 70.2 22.15
      vertex 52.347 70.2077 22.15
    endloop
  endfacet
  facet normal -0.472044 0.881575 0
    outer loop
      vertex 52.6472 70.2674 22.15
      vertex 52.5781 70.2304 23.15
      vertex 52.6472 70.2674 23.15
    endloop
  endfacet
  facet normal -0.472044 0.881575 0
    outer loop
      vertex 52.5781 70.2304 23.15
      vertex 52.6472 70.2674 22.15
      vertex 52.5781 70.2304 22.15
    endloop
  endfacet
  facet normal -0.472044 -0.881575 0
    outer loop
      vertex 52.5781 70.9696 22.15
      vertex 52.6472 70.9326 23.15
      vertex 52.5781 70.9696 23.15
    endloop
  endfacet
  facet normal -0.472044 -0.881575 -0
    outer loop
      vertex 52.6472 70.9326 23.15
      vertex 52.5781 70.9696 22.15
      vertex 52.6472 70.9326 22.15
    endloop
  endfacet
  facet normal 0.0982404 -0.995163 0
    outer loop
      vertex 52.347 70.9923 22.15
      vertex 52.425 71 23.15
      vertex 52.347 70.9923 23.15
    endloop
  endfacet
  facet normal 0.0982404 -0.995163 0
    outer loop
      vertex 52.425 71 23.15
      vertex 52.347 70.9923 22.15
      vertex 52.425 71 22.15
    endloop
  endfacet
  facet normal 0.289335 -0.957228 0
    outer loop
      vertex 52.2719 70.9696 22.15
      vertex 52.347 70.9923 23.15
      vertex 52.2719 70.9696 23.15
    endloop
  endfacet
  facet normal 0.289335 -0.957228 0
    outer loop
      vertex 52.347 70.9923 23.15
      vertex 52.2719 70.9696 22.15
      vertex 52.347 70.9923 22.15
    endloop
  endfacet
  facet normal 0.772592 -0.634903 0
    outer loop
      vertex 52.0924 70.8222 23.15
      vertex 52.1422 70.8828 22.15
      vertex 52.1422 70.8828 23.15
    endloop
  endfacet
  facet normal 0.772592 -0.634903 0
    outer loop
      vertex 52.1422 70.8828 22.15
      vertex 52.0924 70.8222 23.15
      vertex 52.0924 70.8222 22.15
    endloop
  endfacet
  facet normal 0.634903 -0.772592 0
    outer loop
      vertex 52.1422 70.8828 22.15
      vertex 52.2028 70.9326 23.15
      vertex 52.1422 70.8828 23.15
    endloop
  endfacet
  facet normal 0.634903 -0.772592 0
    outer loop
      vertex 52.2028 70.9326 23.15
      vertex 52.1422 70.8828 22.15
      vertex 52.2028 70.9326 22.15
    endloop
  endfacet
  facet normal 0.472044 -0.881575 0
    outer loop
      vertex 52.2028 70.9326 22.15
      vertex 52.2719 70.9696 23.15
      vertex 52.2028 70.9326 23.15
    endloop
  endfacet
  facet normal 0.472044 -0.881575 0
    outer loop
      vertex 52.2719 70.9696 23.15
      vertex 52.2028 70.9326 22.15
      vertex 52.2719 70.9696 22.15
    endloop
  endfacet
  facet normal 0.881575 0.472044 0
    outer loop
      vertex 52.0924 70.3778 23.15
      vertex 52.0554 70.4469 22.15
      vertex 52.0554 70.4469 23.15
    endloop
  endfacet
  facet normal 0.881575 0.472044 0
    outer loop
      vertex 52.0554 70.4469 22.15
      vertex 52.0924 70.3778 23.15
      vertex 52.0924 70.3778 22.15
    endloop
  endfacet
  facet normal 0.634903 0.772592 -0
    outer loop
      vertex 52.2028 70.2674 22.15
      vertex 52.1422 70.3172 23.15
      vertex 52.2028 70.2674 23.15
    endloop
  endfacet
  facet normal 0.634903 0.772592 0
    outer loop
      vertex 52.1422 70.3172 23.15
      vertex 52.2028 70.2674 22.15
      vertex 52.1422 70.3172 22.15
    endloop
  endfacet
  facet normal 0.472044 0.881575 -0
    outer loop
      vertex 52.2719 70.2304 22.15
      vertex 52.2028 70.2674 23.15
      vertex 52.2719 70.2304 23.15
    endloop
  endfacet
  facet normal 0.472044 0.881575 0
    outer loop
      vertex 52.2028 70.2674 23.15
      vertex 52.2719 70.2304 22.15
      vertex 52.2028 70.2674 22.15
    endloop
  endfacet
  facet normal 0.289335 0.957228 -0
    outer loop
      vertex 52.347 70.2077 22.15
      vertex 52.2719 70.2304 23.15
      vertex 52.347 70.2077 23.15
    endloop
  endfacet
  facet normal 0.289335 0.957228 0
    outer loop
      vertex 52.2719 70.2304 23.15
      vertex 52.347 70.2077 22.15
      vertex 52.2719 70.2304 22.15
    endloop
  endfacet
  facet normal -0.0982404 0.995163 0
    outer loop
      vertex 52.503 70.2077 22.15
      vertex 52.425 70.2 23.15
      vertex 52.503 70.2077 23.15
    endloop
  endfacet
  facet normal -0.0982404 0.995163 0
    outer loop
      vertex 52.425 70.2 23.15
      vertex 52.503 70.2077 22.15
      vertex 52.425 70.2 22.15
    endloop
  endfacet
  facet normal 0.957228 0.289335 0
    outer loop
      vertex 52.0554 70.4469 23.15
      vertex 52.0327 70.522 22.15
      vertex 52.0327 70.522 23.15
    endloop
  endfacet
  facet normal 0.957228 0.289335 0
    outer loop
      vertex 52.0327 70.522 22.15
      vertex 52.0554 70.4469 23.15
      vertex 52.0554 70.4469 22.15
    endloop
  endfacet
  facet normal -0.995163 -0.0982404 0
    outer loop
      vertex 57.225 47.4 22.15
      vertex 57.2173 47.478 23.15
      vertex 57.2173 47.478 22.15
    endloop
  endfacet
  facet normal -0.995163 -0.0982404 0
    outer loop
      vertex 57.2173 47.478 23.15
      vertex 57.225 47.4 22.15
      vertex 57.225 47.4 23.15
    endloop
  endfacet
  facet normal -0.956874 -0.290502 0
    outer loop
      vertex 57.2173 47.478 22.15
      vertex 57.1945 47.5531 23.15
      vertex 57.1945 47.5531 22.15
    endloop
  endfacet
  facet normal -0.956874 -0.290502 0
    outer loop
      vertex 57.1945 47.5531 23.15
      vertex 57.2173 47.478 22.15
      vertex 57.2173 47.478 23.15
    endloop
  endfacet
  facet normal -0.772592 0.634903 0
    outer loop
      vertex 57.1078 47.1172 22.15
      vertex 57.1576 47.1778 23.15
      vertex 57.1576 47.1778 22.15
    endloop
  endfacet
  facet normal -0.772592 0.634903 0
    outer loop
      vertex 57.1576 47.1778 23.15
      vertex 57.1078 47.1172 22.15
      vertex 57.1078 47.1172 23.15
    endloop
  endfacet
  facet normal 0.472044 0.881575 -0
    outer loop
      vertex 56.6719 47.0304 22.15
      vertex 56.6028 47.0674 23.15
      vertex 56.6719 47.0304 23.15
    endloop
  endfacet
  facet normal 0.472044 0.881575 0
    outer loop
      vertex 56.6028 47.0674 23.15
      vertex 56.6719 47.0304 22.15
      vertex 56.6028 47.0674 22.15
    endloop
  endfacet
  facet normal -0.634903 -0.772592 0
    outer loop
      vertex 57.0472 47.7326 22.15
      vertex 57.1078 47.6828 23.15
      vertex 57.0472 47.7326 23.15
    endloop
  endfacet
  facet normal -0.634903 -0.772592 -0
    outer loop
      vertex 57.1078 47.6828 23.15
      vertex 57.0472 47.7326 22.15
      vertex 57.1078 47.6828 22.15
    endloop
  endfacet
  facet normal -0.472044 -0.881575 0
    outer loop
      vertex 56.9781 47.7696 22.15
      vertex 57.0472 47.7326 23.15
      vertex 56.9781 47.7696 23.15
    endloop
  endfacet
  facet normal -0.472044 -0.881575 -0
    outer loop
      vertex 57.0472 47.7326 23.15
      vertex 56.9781 47.7696 22.15
      vertex 57.0472 47.7326 22.15
    endloop
  endfacet
  facet normal 0.995163 0.0982404 0
    outer loop
      vertex 56.4327 47.322 23.15
      vertex 56.425 47.4 22.15
      vertex 56.425 47.4 23.15
    endloop
  endfacet
  facet normal 0.995163 0.0982404 0
    outer loop
      vertex 56.425 47.4 22.15
      vertex 56.4327 47.322 23.15
      vertex 56.4327 47.322 22.15
    endloop
  endfacet
  facet normal 0.995163 -0.0982404 0
    outer loop
      vertex 56.425 47.4 23.15
      vertex 56.4327 47.478 22.15
      vertex 56.4327 47.478 23.15
    endloop
  endfacet
  facet normal 0.995163 -0.0982404 0
    outer loop
      vertex 56.4327 47.478 22.15
      vertex 56.425 47.4 23.15
      vertex 56.425 47.4 22.15
    endloop
  endfacet
  facet normal -0.289335 -0.957228 0
    outer loop
      vertex 56.903 47.7923 22.15
      vertex 56.9781 47.7696 23.15
      vertex 56.903 47.7923 23.15
    endloop
  endfacet
  facet normal -0.289335 -0.957228 -0
    outer loop
      vertex 56.9781 47.7696 23.15
      vertex 56.903 47.7923 22.15
      vertex 56.9781 47.7696 22.15
    endloop
  endfacet
  facet normal -0.772592 -0.634903 0
    outer loop
      vertex 57.1576 47.6222 22.15
      vertex 57.1078 47.6828 23.15
      vertex 57.1078 47.6828 22.15
    endloop
  endfacet
  facet normal -0.772592 -0.634903 0
    outer loop
      vertex 57.1078 47.6828 23.15
      vertex 57.1576 47.6222 22.15
      vertex 57.1576 47.6222 23.15
    endloop
  endfacet
  facet normal 0.0982404 0.995163 -0
    outer loop
      vertex 56.825 47 22.15
      vertex 56.747 47.0077 23.15
      vertex 56.825 47 23.15
    endloop
  endfacet
  facet normal 0.0982404 0.995163 0
    outer loop
      vertex 56.747 47.0077 23.15
      vertex 56.825 47 22.15
      vertex 56.747 47.0077 22.15
    endloop
  endfacet
  facet normal 0.289335 -0.957228 0
    outer loop
      vertex 56.6719 47.7696 22.15
      vertex 56.747 47.7923 23.15
      vertex 56.6719 47.7696 23.15
    endloop
  endfacet
  facet normal 0.289335 -0.957228 0
    outer loop
      vertex 56.747 47.7923 23.15
      vertex 56.6719 47.7696 22.15
      vertex 56.747 47.7923 22.15
    endloop
  endfacet
  facet normal 0.881575 -0.472044 0
    outer loop
      vertex 56.4554 47.5531 23.15
      vertex 56.4924 47.6222 22.15
      vertex 56.4924 47.6222 23.15
    endloop
  endfacet
  facet normal 0.881575 -0.472044 0
    outer loop
      vertex 56.4924 47.6222 22.15
      vertex 56.4554 47.5531 23.15
      vertex 56.4554 47.5531 22.15
    endloop
  endfacet
  facet normal 0.957228 -0.289335 0
    outer loop
      vertex 56.4327 47.478 23.15
      vertex 56.4554 47.5531 22.15
      vertex 56.4554 47.5531 23.15
    endloop
  endfacet
  facet normal 0.957228 -0.289335 0
    outer loop
      vertex 56.4554 47.5531 22.15
      vertex 56.4327 47.478 23.15
      vertex 56.4327 47.478 22.15
    endloop
  endfacet
  facet normal -0.0982404 -0.995163 0
    outer loop
      vertex 56.825 47.8 22.15
      vertex 56.903 47.7923 23.15
      vertex 56.825 47.8 23.15
    endloop
  endfacet
  facet normal -0.0982404 -0.995163 -0
    outer loop
      vertex 56.903 47.7923 23.15
      vertex 56.825 47.8 22.15
      vertex 56.903 47.7923 22.15
    endloop
  endfacet
  facet normal -0.882105 -0.471052 0
    outer loop
      vertex 57.1945 47.5531 22.15
      vertex 57.1576 47.6222 23.15
      vertex 57.1576 47.6222 22.15
    endloop
  endfacet
  facet normal -0.882105 -0.471052 0
    outer loop
      vertex 57.1576 47.6222 23.15
      vertex 57.1945 47.5531 22.15
      vertex 57.1945 47.5531 23.15
    endloop
  endfacet
  facet normal 0.957228 0.289335 0
    outer loop
      vertex 56.4554 47.2469 23.15
      vertex 56.4327 47.322 22.15
      vertex 56.4327 47.322 23.15
    endloop
  endfacet
  facet normal 0.957228 0.289335 0
    outer loop
      vertex 56.4327 47.322 22.15
      vertex 56.4554 47.2469 23.15
      vertex 56.4554 47.2469 22.15
    endloop
  endfacet
  facet normal 0.772592 0.634903 0
    outer loop
      vertex 56.5422 47.1172 23.15
      vertex 56.4924 47.1778 22.15
      vertex 56.4924 47.1778 23.15
    endloop
  endfacet
  facet normal 0.772592 0.634903 0
    outer loop
      vertex 56.4924 47.1778 22.15
      vertex 56.5422 47.1172 23.15
      vertex 56.5422 47.1172 22.15
    endloop
  endfacet
  facet normal -0.956874 0.290502 0
    outer loop
      vertex 57.1945 47.2469 22.15
      vertex 57.2173 47.322 23.15
      vertex 57.2173 47.322 22.15
    endloop
  endfacet
  facet normal -0.956874 0.290502 0
    outer loop
      vertex 57.2173 47.322 23.15
      vertex 57.1945 47.2469 22.15
      vertex 57.1945 47.2469 23.15
    endloop
  endfacet
  facet normal -0.882105 0.471052 0
    outer loop
      vertex 57.1576 47.1778 22.15
      vertex 57.1945 47.2469 23.15
      vertex 57.1945 47.2469 22.15
    endloop
  endfacet
  facet normal -0.882105 0.471052 0
    outer loop
      vertex 57.1945 47.2469 23.15
      vertex 57.1576 47.1778 22.15
      vertex 57.1576 47.1778 23.15
    endloop
  endfacet
  facet normal -0.995163 0.0982404 0
    outer loop
      vertex 57.2173 47.322 22.15
      vertex 57.225 47.4 23.15
      vertex 57.225 47.4 22.15
    endloop
  endfacet
  facet normal -0.995163 0.0982404 0
    outer loop
      vertex 57.225 47.4 23.15
      vertex 57.2173 47.322 22.15
      vertex 57.2173 47.322 23.15
    endloop
  endfacet
  facet normal -0.289335 0.957228 0
    outer loop
      vertex 56.9781 47.0304 22.15
      vertex 56.903 47.0077 23.15
      vertex 56.9781 47.0304 23.15
    endloop
  endfacet
  facet normal -0.289335 0.957228 0
    outer loop
      vertex 56.903 47.0077 23.15
      vertex 56.9781 47.0304 22.15
      vertex 56.903 47.0077 22.15
    endloop
  endfacet
  facet normal -0.634903 0.772592 0
    outer loop
      vertex 57.1078 47.1172 22.15
      vertex 57.0472 47.0674 23.15
      vertex 57.1078 47.1172 23.15
    endloop
  endfacet
  facet normal -0.634903 0.772592 0
    outer loop
      vertex 57.0472 47.0674 23.15
      vertex 57.1078 47.1172 22.15
      vertex 57.0472 47.0674 22.15
    endloop
  endfacet
  facet normal 0.772592 -0.634903 0
    outer loop
      vertex 56.4924 47.6222 23.15
      vertex 56.5422 47.6828 22.15
      vertex 56.5422 47.6828 23.15
    endloop
  endfacet
  facet normal 0.772592 -0.634903 0
    outer loop
      vertex 56.5422 47.6828 22.15
      vertex 56.4924 47.6222 23.15
      vertex 56.4924 47.6222 22.15
    endloop
  endfacet
  facet normal 0.634903 -0.772592 0
    outer loop
      vertex 56.5422 47.6828 22.15
      vertex 56.6028 47.7326 23.15
      vertex 56.5422 47.6828 23.15
    endloop
  endfacet
  facet normal 0.634903 -0.772592 0
    outer loop
      vertex 56.6028 47.7326 23.15
      vertex 56.5422 47.6828 22.15
      vertex 56.6028 47.7326 22.15
    endloop
  endfacet
  facet normal 0.472044 -0.881575 0
    outer loop
      vertex 56.6028 47.7326 22.15
      vertex 56.6719 47.7696 23.15
      vertex 56.6028 47.7326 23.15
    endloop
  endfacet
  facet normal 0.472044 -0.881575 0
    outer loop
      vertex 56.6719 47.7696 23.15
      vertex 56.6028 47.7326 22.15
      vertex 56.6719 47.7696 22.15
    endloop
  endfacet
  facet normal 0.0982404 -0.995163 0
    outer loop
      vertex 56.747 47.7923 22.15
      vertex 56.825 47.8 23.15
      vertex 56.747 47.7923 23.15
    endloop
  endfacet
  facet normal 0.0982404 -0.995163 0
    outer loop
      vertex 56.825 47.8 23.15
      vertex 56.747 47.7923 22.15
      vertex 56.825 47.8 22.15
    endloop
  endfacet
  facet normal 0.289335 0.957228 -0
    outer loop
      vertex 56.747 47.0077 22.15
      vertex 56.6719 47.0304 23.15
      vertex 56.747 47.0077 23.15
    endloop
  endfacet
  facet normal 0.289335 0.957228 0
    outer loop
      vertex 56.6719 47.0304 23.15
      vertex 56.747 47.0077 22.15
      vertex 56.6719 47.0304 22.15
    endloop
  endfacet
  facet normal -0.0982404 0.995163 0
    outer loop
      vertex 56.903 47.0077 22.15
      vertex 56.825 47 23.15
      vertex 56.903 47.0077 23.15
    endloop
  endfacet
  facet normal -0.0982404 0.995163 0
    outer loop
      vertex 56.825 47 23.15
      vertex 56.903 47.0077 22.15
      vertex 56.825 47 22.15
    endloop
  endfacet
  facet normal 0.881575 0.472044 0
    outer loop
      vertex 56.4924 47.1778 23.15
      vertex 56.4554 47.2469 22.15
      vertex 56.4554 47.2469 23.15
    endloop
  endfacet
  facet normal 0.881575 0.472044 0
    outer loop
      vertex 56.4554 47.2469 22.15
      vertex 56.4924 47.1778 23.15
      vertex 56.4924 47.1778 22.15
    endloop
  endfacet
  facet normal 0.634903 0.772592 -0
    outer loop
      vertex 56.6028 47.0674 22.15
      vertex 56.5422 47.1172 23.15
      vertex 56.6028 47.0674 23.15
    endloop
  endfacet
  facet normal 0.634903 0.772592 0
    outer loop
      vertex 56.5422 47.1172 23.15
      vertex 56.6028 47.0674 22.15
      vertex 56.5422 47.1172 22.15
    endloop
  endfacet
  facet normal -0.472044 0.881575 0
    outer loop
      vertex 57.0472 47.0674 22.15
      vertex 56.9781 47.0304 23.15
      vertex 57.0472 47.0674 23.15
    endloop
  endfacet
  facet normal -0.472044 0.881575 0
    outer loop
      vertex 56.9781 47.0304 23.15
      vertex 57.0472 47.0674 22.15
      vertex 56.9781 47.0304 22.15
    endloop
  endfacet
  facet normal 0.472044 -0.881575 0
    outer loop
      vertex 54.4028 47.7326 22.15
      vertex 54.4719 47.7696 23.15
      vertex 54.4028 47.7326 23.15
    endloop
  endfacet
  facet normal 0.472044 -0.881575 0
    outer loop
      vertex 54.4719 47.7696 23.15
      vertex 54.4028 47.7326 22.15
      vertex 54.4719 47.7696 22.15
    endloop
  endfacet
  facet normal 0.289335 -0.957228 0
    outer loop
      vertex 54.4719 47.7696 22.15
      vertex 54.547 47.7923 23.15
      vertex 54.4719 47.7696 23.15
    endloop
  endfacet
  facet normal 0.289335 -0.957228 0
    outer loop
      vertex 54.547 47.7923 23.15
      vertex 54.4719 47.7696 22.15
      vertex 54.547 47.7923 22.15
    endloop
  endfacet
  facet normal -0.957228 -0.289335 0
    outer loop
      vertex 55.0173 47.478 22.15
      vertex 54.9946 47.5531 23.15
      vertex 54.9946 47.5531 22.15
    endloop
  endfacet
  facet normal -0.957228 -0.289335 0
    outer loop
      vertex 54.9946 47.5531 23.15
      vertex 55.0173 47.478 22.15
      vertex 55.0173 47.478 23.15
    endloop
  endfacet
  facet normal -0.289335 0.957228 0
    outer loop
      vertex 54.7781 47.0304 22.15
      vertex 54.703 47.0077 23.15
      vertex 54.7781 47.0304 23.15
    endloop
  endfacet
  facet normal -0.289335 0.957228 0
    outer loop
      vertex 54.703 47.0077 23.15
      vertex 54.7781 47.0304 22.15
      vertex 54.703 47.0077 22.15
    endloop
  endfacet
  facet normal -0.881575 -0.472044 0
    outer loop
      vertex 54.9946 47.5531 22.15
      vertex 54.9576 47.6222 23.15
      vertex 54.9576 47.6222 22.15
    endloop
  endfacet
  facet normal -0.881575 -0.472044 0
    outer loop
      vertex 54.9576 47.6222 23.15
      vertex 54.9946 47.5531 22.15
      vertex 54.9946 47.5531 23.15
    endloop
  endfacet
  facet normal -0.472044 -0.881575 0
    outer loop
      vertex 54.7781 47.7696 22.15
      vertex 54.8472 47.7326 23.15
      vertex 54.7781 47.7696 23.15
    endloop
  endfacet
  facet normal -0.472044 -0.881575 -0
    outer loop
      vertex 54.8472 47.7326 23.15
      vertex 54.7781 47.7696 22.15
      vertex 54.8472 47.7326 22.15
    endloop
  endfacet
  facet normal 0.957228 -0.289335 0
    outer loop
      vertex 54.2327 47.478 23.15
      vertex 54.2554 47.5531 22.15
      vertex 54.2554 47.5531 23.15
    endloop
  endfacet
  facet normal 0.957228 -0.289335 0
    outer loop
      vertex 54.2554 47.5531 22.15
      vertex 54.2327 47.478 23.15
      vertex 54.2327 47.478 22.15
    endloop
  endfacet
  facet normal -0.634903 -0.772592 0
    outer loop
      vertex 54.8472 47.7326 22.15
      vertex 54.9078 47.6828 23.15
      vertex 54.8472 47.7326 23.15
    endloop
  endfacet
  facet normal -0.634903 -0.772592 -0
    outer loop
      vertex 54.9078 47.6828 23.15
      vertex 54.8472 47.7326 22.15
      vertex 54.9078 47.6828 22.15
    endloop
  endfacet
  facet normal -0.289335 -0.957228 0
    outer loop
      vertex 54.703 47.7923 22.15
      vertex 54.7781 47.7696 23.15
      vertex 54.703 47.7923 23.15
    endloop
  endfacet
  facet normal -0.289335 -0.957228 -0
    outer loop
      vertex 54.7781 47.7696 23.15
      vertex 54.703 47.7923 22.15
      vertex 54.7781 47.7696 22.15
    endloop
  endfacet
  facet normal -0.957228 0.289335 0
    outer loop
      vertex 54.9946 47.2469 22.15
      vertex 55.0173 47.322 23.15
      vertex 55.0173 47.322 22.15
    endloop
  endfacet
  facet normal -0.957228 0.289335 0
    outer loop
      vertex 55.0173 47.322 23.15
      vertex 54.9946 47.2469 22.15
      vertex 54.9946 47.2469 23.15
    endloop
  endfacet
  facet normal 0.634903 -0.772592 0
    outer loop
      vertex 54.3422 47.6828 22.15
      vertex 54.4028 47.7326 23.15
      vertex 54.3422 47.6828 23.15
    endloop
  endfacet
  facet normal 0.634903 -0.772592 0
    outer loop
      vertex 54.4028 47.7326 23.15
      vertex 54.3422 47.6828 22.15
      vertex 54.4028 47.7326 22.15
    endloop
  endfacet
  facet normal 0.995163 -0.0982404 0
    outer loop
      vertex 54.225 47.4 23.15
      vertex 54.2327 47.478 22.15
      vertex 54.2327 47.478 23.15
    endloop
  endfacet
  facet normal 0.995163 -0.0982404 0
    outer loop
      vertex 54.2327 47.478 22.15
      vertex 54.225 47.4 23.15
      vertex 54.225 47.4 22.15
    endloop
  endfacet
  facet normal 0.957228 0.289335 0
    outer loop
      vertex 54.2554 47.2469 23.15
      vertex 54.2327 47.322 22.15
      vertex 54.2327 47.322 23.15
    endloop
  endfacet
  facet normal 0.957228 0.289335 0
    outer loop
      vertex 54.2327 47.322 22.15
      vertex 54.2554 47.2469 23.15
      vertex 54.2554 47.2469 22.15
    endloop
  endfacet
  facet normal 0.772592 0.634903 0
    outer loop
      vertex 54.3422 47.1172 23.15
      vertex 54.2924 47.1778 22.15
      vertex 54.2924 47.1778 23.15
    endloop
  endfacet
  facet normal 0.772592 0.634903 0
    outer loop
      vertex 54.2924 47.1778 22.15
      vertex 54.3422 47.1172 23.15
      vertex 54.3422 47.1172 22.15
    endloop
  endfacet
  facet normal -0.634903 0.772592 0
    outer loop
      vertex 54.9078 47.1172 22.15
      vertex 54.8472 47.0674 23.15
      vertex 54.9078 47.1172 23.15
    endloop
  endfacet
  facet normal -0.634903 0.772592 0
    outer loop
      vertex 54.8472 47.0674 23.15
      vertex 54.9078 47.1172 22.15
      vertex 54.8472 47.0674 22.15
    endloop
  endfacet
  facet normal -0.772592 0.634903 0
    outer loop
      vertex 54.9078 47.1172 22.15
      vertex 54.9576 47.1778 23.15
      vertex 54.9576 47.1778 22.15
    endloop
  endfacet
  facet normal -0.772592 0.634903 0
    outer loop
      vertex 54.9576 47.1778 23.15
      vertex 54.9078 47.1172 22.15
      vertex 54.9078 47.1172 23.15
    endloop
  endfacet
  facet normal -0.995163 0.0982404 0
    outer loop
      vertex 55.0173 47.322 22.15
      vertex 55.025 47.4 23.15
      vertex 55.025 47.4 22.15
    endloop
  endfacet
  facet normal -0.995163 0.0982404 0
    outer loop
      vertex 55.025 47.4 23.15
      vertex 55.0173 47.322 22.15
      vertex 55.0173 47.322 23.15
    endloop
  endfacet
  facet normal -0.772592 -0.634903 0
    outer loop
      vertex 54.9576 47.6222 22.15
      vertex 54.9078 47.6828 23.15
      vertex 54.9078 47.6828 22.15
    endloop
  endfacet
  facet normal -0.772592 -0.634903 0
    outer loop
      vertex 54.9078 47.6828 23.15
      vertex 54.9576 47.6222 22.15
      vertex 54.9576 47.6222 23.15
    endloop
  endfacet
  facet normal 0.0982404 -0.995163 0
    outer loop
      vertex 54.547 47.7923 22.15
      vertex 54.625 47.8 23.15
      vertex 54.547 47.7923 23.15
    endloop
  endfacet
  facet normal 0.0982404 -0.995163 0
    outer loop
      vertex 54.625 47.8 23.15
      vertex 54.547 47.7923 22.15
      vertex 54.625 47.8 22.15
    endloop
  endfacet
  facet normal -0.0982404 -0.995163 0
    outer loop
      vertex 54.625 47.8 22.15
      vertex 54.703 47.7923 23.15
      vertex 54.625 47.8 23.15
    endloop
  endfacet
  facet normal -0.0982404 -0.995163 -0
    outer loop
      vertex 54.703 47.7923 23.15
      vertex 54.625 47.8 22.15
      vertex 54.703 47.7923 22.15
    endloop
  endfacet
  facet normal -0.881575 0.472044 0
    outer loop
      vertex 54.9576 47.1778 22.15
      vertex 54.9946 47.2469 23.15
      vertex 54.9946 47.2469 22.15
    endloop
  endfacet
  facet normal -0.881575 0.472044 0
    outer loop
      vertex 54.9946 47.2469 23.15
      vertex 54.9576 47.1778 22.15
      vertex 54.9576 47.1778 23.15
    endloop
  endfacet
  facet normal 0.881575 -0.472044 0
    outer loop
      vertex 54.2554 47.5531 23.15
      vertex 54.2924 47.6222 22.15
      vertex 54.2924 47.6222 23.15
    endloop
  endfacet
  facet normal 0.881575 -0.472044 0
    outer loop
      vertex 54.2924 47.6222 22.15
      vertex 54.2554 47.5531 23.15
      vertex 54.2554 47.5531 22.15
    endloop
  endfacet
  facet normal 0.995163 0.0982404 0
    outer loop
      vertex 54.2327 47.322 23.15
      vertex 54.225 47.4 22.15
      vertex 54.225 47.4 23.15
    endloop
  endfacet
  facet normal 0.995163 0.0982404 0
    outer loop
      vertex 54.225 47.4 22.15
      vertex 54.2327 47.322 23.15
      vertex 54.2327 47.322 22.15
    endloop
  endfacet
  facet normal 0.881575 0.472044 0
    outer loop
      vertex 54.2924 47.1778 23.15
      vertex 54.2554 47.2469 22.15
      vertex 54.2554 47.2469 23.15
    endloop
  endfacet
  facet normal 0.881575 0.472044 0
    outer loop
      vertex 54.2554 47.2469 22.15
      vertex 54.2924 47.1778 23.15
      vertex 54.2924 47.1778 22.15
    endloop
  endfacet
  facet normal -0.995163 -0.0982404 0
    outer loop
      vertex 55.025 47.4 22.15
      vertex 55.0173 47.478 23.15
      vertex 55.0173 47.478 22.15
    endloop
  endfacet
  facet normal -0.995163 -0.0982404 0
    outer loop
      vertex 55.0173 47.478 23.15
      vertex 55.025 47.4 22.15
      vertex 55.025 47.4 23.15
    endloop
  endfacet
  facet normal 0.772592 -0.634903 0
    outer loop
      vertex 54.2924 47.6222 23.15
      vertex 54.3422 47.6828 22.15
      vertex 54.3422 47.6828 23.15
    endloop
  endfacet
  facet normal 0.772592 -0.634903 0
    outer loop
      vertex 54.3422 47.6828 22.15
      vertex 54.2924 47.6222 23.15
      vertex 54.2924 47.6222 22.15
    endloop
  endfacet
  facet normal 0.472044 0.881575 -0
    outer loop
      vertex 54.4719 47.0304 22.15
      vertex 54.4028 47.0674 23.15
      vertex 54.4719 47.0304 23.15
    endloop
  endfacet
  facet normal 0.472044 0.881575 0
    outer loop
      vertex 54.4028 47.0674 23.15
      vertex 54.4719 47.0304 22.15
      vertex 54.4028 47.0674 22.15
    endloop
  endfacet
  facet normal 0.634903 0.772592 -0
    outer loop
      vertex 54.4028 47.0674 22.15
      vertex 54.3422 47.1172 23.15
      vertex 54.4028 47.0674 23.15
    endloop
  endfacet
  facet normal 0.634903 0.772592 0
    outer loop
      vertex 54.3422 47.1172 23.15
      vertex 54.4028 47.0674 22.15
      vertex 54.3422 47.1172 22.15
    endloop
  endfacet
  facet normal -0.0982404 0.995163 0
    outer loop
      vertex 54.703 47.0077 22.15
      vertex 54.625 47 23.15
      vertex 54.703 47.0077 23.15
    endloop
  endfacet
  facet normal -0.0982404 0.995163 0
    outer loop
      vertex 54.625 47 23.15
      vertex 54.703 47.0077 22.15
      vertex 54.625 47 22.15
    endloop
  endfacet
  facet normal 0.0982404 0.995163 -0
    outer loop
      vertex 54.625 47 22.15
      vertex 54.547 47.0077 23.15
      vertex 54.625 47 23.15
    endloop
  endfacet
  facet normal 0.0982404 0.995163 0
    outer loop
      vertex 54.547 47.0077 23.15
      vertex 54.625 47 22.15
      vertex 54.547 47.0077 22.15
    endloop
  endfacet
  facet normal -0.472044 0.881575 0
    outer loop
      vertex 54.8472 47.0674 22.15
      vertex 54.7781 47.0304 23.15
      vertex 54.8472 47.0674 23.15
    endloop
  endfacet
  facet normal -0.472044 0.881575 0
    outer loop
      vertex 54.7781 47.0304 23.15
      vertex 54.8472 47.0674 22.15
      vertex 54.7781 47.0304 22.15
    endloop
  endfacet
  facet normal 0.289335 0.957228 -0
    outer loop
      vertex 54.547 47.0077 22.15
      vertex 54.4719 47.0304 23.15
      vertex 54.547 47.0077 23.15
    endloop
  endfacet
  facet normal 0.289335 0.957228 0
    outer loop
      vertex 54.4719 47.0304 23.15
      vertex 54.547 47.0077 22.15
      vertex 54.4719 47.0304 22.15
    endloop
  endfacet
  facet normal 0.0982404 0.995163 -0
    outer loop
      vertex 52.425 47 22.15
      vertex 52.347 47.0077 23.15
      vertex 52.425 47 23.15
    endloop
  endfacet
  facet normal 0.0982404 0.995163 0
    outer loop
      vertex 52.347 47.0077 23.15
      vertex 52.425 47 22.15
      vertex 52.347 47.0077 22.15
    endloop
  endfacet
  facet normal -0.289335 0.957228 0
    outer loop
      vertex 52.5781 47.0304 22.15
      vertex 52.503 47.0077 23.15
      vertex 52.5781 47.0304 23.15
    endloop
  endfacet
  facet normal -0.289335 0.957228 0
    outer loop
      vertex 52.503 47.0077 23.15
      vertex 52.5781 47.0304 22.15
      vertex 52.503 47.0077 22.15
    endloop
  endfacet
  facet normal 0.881575 -0.472044 0
    outer loop
      vertex 52.0554 47.5531 23.15
      vertex 52.0924 47.6222 22.15
      vertex 52.0924 47.6222 23.15
    endloop
  endfacet
  facet normal 0.881575 -0.472044 0
    outer loop
      vertex 52.0924 47.6222 22.15
      vertex 52.0554 47.5531 23.15
      vertex 52.0554 47.5531 22.15
    endloop
  endfacet
  facet normal -0.634903 0.772592 0
    outer loop
      vertex 52.7078 47.1172 22.15
      vertex 52.6472 47.0674 23.15
      vertex 52.7078 47.1172 23.15
    endloop
  endfacet
  facet normal -0.634903 0.772592 0
    outer loop
      vertex 52.6472 47.0674 23.15
      vertex 52.7078 47.1172 22.15
      vertex 52.6472 47.0674 22.15
    endloop
  endfacet
  facet normal 0.634903 0.772592 -0
    outer loop
      vertex 52.2028 47.0674 22.15
      vertex 52.1422 47.1172 23.15
      vertex 52.2028 47.0674 23.15
    endloop
  endfacet
  facet normal 0.634903 0.772592 0
    outer loop
      vertex 52.1422 47.1172 23.15
      vertex 52.2028 47.0674 22.15
      vertex 52.1422 47.1172 22.15
    endloop
  endfacet
  facet normal 0.957228 -0.289335 0
    outer loop
      vertex 52.0327 47.478 23.15
      vertex 52.0554 47.5531 22.15
      vertex 52.0554 47.5531 23.15
    endloop
  endfacet
  facet normal 0.957228 -0.289335 0
    outer loop
      vertex 52.0554 47.5531 22.15
      vertex 52.0327 47.478 23.15
      vertex 52.0327 47.478 22.15
    endloop
  endfacet
  facet normal -0.0982404 -0.995163 0
    outer loop
      vertex 52.425 47.8 22.15
      vertex 52.503 47.7923 23.15
      vertex 52.425 47.8 23.15
    endloop
  endfacet
  facet normal -0.0982404 -0.995163 -0
    outer loop
      vertex 52.503 47.7923 23.15
      vertex 52.425 47.8 22.15
      vertex 52.503 47.7923 22.15
    endloop
  endfacet
  facet normal 0.0982404 -0.995163 0
    outer loop
      vertex 52.347 47.7923 22.15
      vertex 52.425 47.8 23.15
      vertex 52.347 47.7923 23.15
    endloop
  endfacet
  facet normal 0.0982404 -0.995163 0
    outer loop
      vertex 52.425 47.8 23.15
      vertex 52.347 47.7923 22.15
      vertex 52.425 47.8 22.15
    endloop
  endfacet
  facet normal -0.881575 0.472044 0
    outer loop
      vertex 52.7576 47.1778 22.15
      vertex 52.7946 47.2469 23.15
      vertex 52.7946 47.2469 22.15
    endloop
  endfacet
  facet normal -0.881575 0.472044 0
    outer loop
      vertex 52.7946 47.2469 23.15
      vertex 52.7576 47.1778 22.15
      vertex 52.7576 47.1778 23.15
    endloop
  endfacet
  facet normal -0.957228 0.289335 0
    outer loop
      vertex 52.7946 47.2469 22.15
      vertex 52.8173 47.322 23.15
      vertex 52.8173 47.322 22.15
    endloop
  endfacet
  facet normal -0.957228 0.289335 0
    outer loop
      vertex 52.8173 47.322 23.15
      vertex 52.7946 47.2469 22.15
      vertex 52.7946 47.2469 23.15
    endloop
  endfacet
  facet normal -0.995163 0.0982404 0
    outer loop
      vertex 52.8173 47.322 22.15
      vertex 52.825 47.4 23.15
      vertex 52.825 47.4 22.15
    endloop
  endfacet
  facet normal -0.995163 0.0982404 0
    outer loop
      vertex 52.825 47.4 23.15
      vertex 52.8173 47.322 22.15
      vertex 52.8173 47.322 23.15
    endloop
  endfacet
  facet normal 0.472044 0.881575 -0
    outer loop
      vertex 52.2719 47.0304 22.15
      vertex 52.2028 47.0674 23.15
      vertex 52.2719 47.0304 23.15
    endloop
  endfacet
  facet normal 0.472044 0.881575 0
    outer loop
      vertex 52.2028 47.0674 23.15
      vertex 52.2719 47.0304 22.15
      vertex 52.2028 47.0674 22.15
    endloop
  endfacet
  facet normal -0.0982404 0.995163 0
    outer loop
      vertex 52.503 47.0077 22.15
      vertex 52.425 47 23.15
      vertex 52.503 47.0077 23.15
    endloop
  endfacet
  facet normal -0.0982404 0.995163 0
    outer loop
      vertex 52.425 47 23.15
      vertex 52.503 47.0077 22.15
      vertex 52.425 47 22.15
    endloop
  endfacet
  facet normal -0.472044 0.881575 0
    outer loop
      vertex 52.6472 47.0674 22.15
      vertex 52.5781 47.0304 23.15
      vertex 52.6472 47.0674 23.15
    endloop
  endfacet
  facet normal -0.472044 0.881575 0
    outer loop
      vertex 52.5781 47.0304 23.15
      vertex 52.6472 47.0674 22.15
      vertex 52.5781 47.0304 22.15
    endloop
  endfacet
  facet normal 0.634903 -0.772592 0
    outer loop
      vertex 52.1422 47.6828 22.15
      vertex 52.2028 47.7326 23.15
      vertex 52.1422 47.6828 23.15
    endloop
  endfacet
  facet normal 0.634903 -0.772592 0
    outer loop
      vertex 52.2028 47.7326 23.15
      vertex 52.1422 47.6828 22.15
      vertex 52.2028 47.7326 22.15
    endloop
  endfacet
  facet normal 0.995163 -0.0982404 0
    outer loop
      vertex 52.025 47.4 23.15
      vertex 52.0327 47.478 22.15
      vertex 52.0327 47.478 23.15
    endloop
  endfacet
  facet normal 0.995163 -0.0982404 0
    outer loop
      vertex 52.0327 47.478 22.15
      vertex 52.025 47.4 23.15
      vertex 52.025 47.4 22.15
    endloop
  endfacet
  facet normal -0.772592 -0.634903 0
    outer loop
      vertex 52.7576 47.6222 22.15
      vertex 52.7078 47.6828 23.15
      vertex 52.7078 47.6828 22.15
    endloop
  endfacet
  facet normal -0.772592 -0.634903 0
    outer loop
      vertex 52.7078 47.6828 23.15
      vertex 52.7576 47.6222 22.15
      vertex 52.7576 47.6222 23.15
    endloop
  endfacet
  facet normal -0.634903 -0.772592 0
    outer loop
      vertex 52.6472 47.7326 22.15
      vertex 52.7078 47.6828 23.15
      vertex 52.6472 47.7326 23.15
    endloop
  endfacet
  facet normal -0.634903 -0.772592 -0
    outer loop
      vertex 52.7078 47.6828 23.15
      vertex 52.6472 47.7326 22.15
      vertex 52.7078 47.6828 22.15
    endloop
  endfacet
  facet normal -0.772592 0.634903 0
    outer loop
      vertex 52.7078 47.1172 22.15
      vertex 52.7576 47.1778 23.15
      vertex 52.7576 47.1778 22.15
    endloop
  endfacet
  facet normal -0.772592 0.634903 0
    outer loop
      vertex 52.7576 47.1778 23.15
      vertex 52.7078 47.1172 22.15
      vertex 52.7078 47.1172 23.15
    endloop
  endfacet
  facet normal 0.772592 0.634903 0
    outer loop
      vertex 52.1422 47.1172 23.15
      vertex 52.0924 47.1778 22.15
      vertex 52.0924 47.1778 23.15
    endloop
  endfacet
  facet normal 0.772592 0.634903 0
    outer loop
      vertex 52.0924 47.1778 22.15
      vertex 52.1422 47.1172 23.15
      vertex 52.1422 47.1172 22.15
    endloop
  endfacet
  facet normal 0.289335 0.957228 -0
    outer loop
      vertex 52.347 47.0077 22.15
      vertex 52.2719 47.0304 23.15
      vertex 52.347 47.0077 23.15
    endloop
  endfacet
  facet normal 0.289335 0.957228 0
    outer loop
      vertex 52.2719 47.0304 23.15
      vertex 52.347 47.0077 22.15
      vertex 52.2719 47.0304 22.15
    endloop
  endfacet
  facet normal 0.772592 -0.634903 0
    outer loop
      vertex 52.0924 47.6222 23.15
      vertex 52.1422 47.6828 22.15
      vertex 52.1422 47.6828 23.15
    endloop
  endfacet
  facet normal 0.772592 -0.634903 0
    outer loop
      vertex 52.1422 47.6828 22.15
      vertex 52.0924 47.6222 23.15
      vertex 52.0924 47.6222 22.15
    endloop
  endfacet
  facet normal 0.995163 0.0982404 0
    outer loop
      vertex 52.0327 47.322 23.15
      vertex 52.025 47.4 22.15
      vertex 52.025 47.4 23.15
    endloop
  endfacet
  facet normal 0.995163 0.0982404 0
    outer loop
      vertex 52.025 47.4 22.15
      vertex 52.0327 47.322 23.15
      vertex 52.0327 47.322 22.15
    endloop
  endfacet
  facet normal 0.957228 0.289335 0
    outer loop
      vertex 52.0554 47.2469 23.15
      vertex 52.0327 47.322 22.15
      vertex 52.0327 47.322 23.15
    endloop
  endfacet
  facet normal 0.957228 0.289335 0
    outer loop
      vertex 52.0327 47.322 22.15
      vertex 52.0554 47.2469 23.15
      vertex 52.0554 47.2469 22.15
    endloop
  endfacet
  facet normal 0.472044 -0.881575 0
    outer loop
      vertex 52.2028 47.7326 22.15
      vertex 52.2719 47.7696 23.15
      vertex 52.2028 47.7326 23.15
    endloop
  endfacet
  facet normal 0.472044 -0.881575 0
    outer loop
      vertex 52.2719 47.7696 23.15
      vertex 52.2028 47.7326 22.15
      vertex 52.2719 47.7696 22.15
    endloop
  endfacet
  facet normal 0.289335 -0.957228 0
    outer loop
      vertex 52.2719 47.7696 22.15
      vertex 52.347 47.7923 23.15
      vertex 52.2719 47.7696 23.15
    endloop
  endfacet
  facet normal 0.289335 -0.957228 0
    outer loop
      vertex 52.347 47.7923 23.15
      vertex 52.2719 47.7696 22.15
      vertex 52.347 47.7923 22.15
    endloop
  endfacet
  facet normal -0.995163 -0.0982404 0
    outer loop
      vertex 52.825 47.4 22.15
      vertex 52.8173 47.478 23.15
      vertex 52.8173 47.478 22.15
    endloop
  endfacet
  facet normal -0.995163 -0.0982404 0
    outer loop
      vertex 52.8173 47.478 23.15
      vertex 52.825 47.4 22.15
      vertex 52.825 47.4 23.15
    endloop
  endfacet
  facet normal -0.881575 -0.472044 0
    outer loop
      vertex 52.7946 47.5531 22.15
      vertex 52.7576 47.6222 23.15
      vertex 52.7576 47.6222 22.15
    endloop
  endfacet
  facet normal -0.881575 -0.472044 0
    outer loop
      vertex 52.7576 47.6222 23.15
      vertex 52.7946 47.5531 22.15
      vertex 52.7946 47.5531 23.15
    endloop
  endfacet
  facet normal -0.957228 -0.289335 0
    outer loop
      vertex 52.8173 47.478 22.15
      vertex 52.7946 47.5531 23.15
      vertex 52.7946 47.5531 22.15
    endloop
  endfacet
  facet normal -0.957228 -0.289335 0
    outer loop
      vertex 52.7946 47.5531 23.15
      vertex 52.8173 47.478 22.15
      vertex 52.8173 47.478 23.15
    endloop
  endfacet
  facet normal 0.881575 0.472044 0
    outer loop
      vertex 52.0924 47.1778 23.15
      vertex 52.0554 47.2469 22.15
      vertex 52.0554 47.2469 23.15
    endloop
  endfacet
  facet normal 0.881575 0.472044 0
    outer loop
      vertex 52.0554 47.2469 22.15
      vertex 52.0924 47.1778 23.15
      vertex 52.0924 47.1778 22.15
    endloop
  endfacet
  facet normal -0.289335 -0.957228 0
    outer loop
      vertex 52.503 47.7923 22.15
      vertex 52.5781 47.7696 23.15
      vertex 52.503 47.7923 23.15
    endloop
  endfacet
  facet normal -0.289335 -0.957228 -0
    outer loop
      vertex 52.5781 47.7696 23.15
      vertex 52.503 47.7923 22.15
      vertex 52.5781 47.7696 22.15
    endloop
  endfacet
  facet normal -0.472044 -0.881575 0
    outer loop
      vertex 52.5781 47.7696 22.15
      vertex 52.6472 47.7326 23.15
      vertex 52.5781 47.7696 23.15
    endloop
  endfacet
  facet normal -0.472044 -0.881575 -0
    outer loop
      vertex 52.6472 47.7326 23.15
      vertex 52.5781 47.7696 22.15
      vertex 52.6472 47.7326 22.15
    endloop
  endfacet
  facet normal 0.995252 0.0973275 0
    outer loop
      vertex 52.5012 56.0466 23.15
      vertex 52.495 56.11 22.15
      vertex 52.495 56.11 23.15
    endloop
  endfacet
  facet normal 0.995252 0.0973275 0
    outer loop
      vertex 52.495 56.11 22.15
      vertex 52.5012 56.0466 23.15
      vertex 52.5012 56.0466 22.15
    endloop
  endfacet
  facet normal -0.995252 -0.0973275 0
    outer loop
      vertex 53.145 56.11 22.15
      vertex 53.1388 56.1734 23.15
      vertex 53.1388 56.1734 22.15
    endloop
  endfacet
  facet normal -0.995252 -0.0973275 0
    outer loop
      vertex 53.1388 56.1734 23.15
      vertex 53.145 56.11 22.15
      vertex 53.145 56.11 23.15
    endloop
  endfacet
  facet normal -0.956958 -0.290225 0
    outer loop
      vertex 53.1388 56.1734 22.15
      vertex 53.1203 56.2344 23.15
      vertex 53.1203 56.2344 22.15
    endloop
  endfacet
  facet normal -0.956958 -0.290225 0
    outer loop
      vertex 53.1203 56.2344 23.15
      vertex 53.1388 56.1734 22.15
      vertex 53.1388 56.1734 23.15
    endloop
  endfacet
  facet normal -0.634605 -0.772836 0
    outer loop
      vertex 53.0006 56.3802 22.15
      vertex 53.0498 56.3398 23.15
      vertex 53.0006 56.3802 23.15
    endloop
  endfacet
  facet normal -0.634605 -0.772836 -0
    outer loop
      vertex 53.0498 56.3398 23.15
      vertex 53.0006 56.3802 22.15
      vertex 53.0498 56.3398 22.15
    endloop
  endfacet
  facet normal -0.995252 0.0973275 0
    outer loop
      vertex 53.1388 56.0466 22.15
      vertex 53.145 56.11 23.15
      vertex 53.145 56.11 22.15
    endloop
  endfacet
  facet normal -0.995252 0.0973275 0
    outer loop
      vertex 53.145 56.11 23.15
      vertex 53.1388 56.0466 22.15
      vertex 53.1388 56.0466 23.15
    endloop
  endfacet
  facet normal -0.290225 0.956958 0
    outer loop
      vertex 52.9444 55.8097 22.15
      vertex 52.8834 55.7912 23.15
      vertex 52.9444 55.8097 23.15
    endloop
  endfacet
  facet normal -0.290225 0.956958 0
    outer loop
      vertex 52.8834 55.7912 23.15
      vertex 52.9444 55.8097 22.15
      vertex 52.8834 55.7912 22.15
    endloop
  endfacet
  facet normal -0.0973275 -0.995252 0
    outer loop
      vertex 52.82 56.435 22.15
      vertex 52.8834 56.4288 23.15
      vertex 52.82 56.435 23.15
    endloop
  endfacet
  facet normal -0.0973275 -0.995252 -0
    outer loop
      vertex 52.8834 56.4288 23.15
      vertex 52.82 56.435 22.15
      vertex 52.8834 56.4288 22.15
    endloop
  endfacet
  facet normal -0.472134 -0.881527 0
    outer loop
      vertex 52.9444 56.4103 22.15
      vertex 53.0006 56.3802 23.15
      vertex 52.9444 56.4103 23.15
    endloop
  endfacet
  facet normal -0.472134 -0.881527 -0
    outer loop
      vertex 53.0006 56.3802 23.15
      vertex 52.9444 56.4103 22.15
      vertex 53.0006 56.3802 22.15
    endloop
  endfacet
  facet normal 0.634605 -0.772836 0
    outer loop
      vertex 52.5902 56.3398 22.15
      vertex 52.6394 56.3802 23.15
      vertex 52.5902 56.3398 23.15
    endloop
  endfacet
  facet normal 0.634605 -0.772836 0
    outer loop
      vertex 52.6394 56.3802 23.15
      vertex 52.5902 56.3398 22.15
      vertex 52.6394 56.3802 22.15
    endloop
  endfacet
  facet normal -0.772836 0.634605 0
    outer loop
      vertex 53.0498 55.8802 22.15
      vertex 53.0902 55.9294 23.15
      vertex 53.0902 55.9294 22.15
    endloop
  endfacet
  facet normal -0.772836 0.634605 0
    outer loop
      vertex 53.0902 55.9294 23.15
      vertex 53.0498 55.8802 22.15
      vertex 53.0498 55.8802 23.15
    endloop
  endfacet
  facet normal -0.290225 -0.956958 0
    outer loop
      vertex 52.8834 56.4288 22.15
      vertex 52.9444 56.4103 23.15
      vertex 52.8834 56.4288 23.15
    endloop
  endfacet
  facet normal -0.290225 -0.956958 -0
    outer loop
      vertex 52.9444 56.4103 23.15
      vertex 52.8834 56.4288 22.15
      vertex 52.9444 56.4103 22.15
    endloop
  endfacet
  facet normal 0.0973275 -0.995252 0
    outer loop
      vertex 52.7566 56.4288 22.15
      vertex 52.82 56.435 23.15
      vertex 52.7566 56.4288 23.15
    endloop
  endfacet
  facet normal 0.0973275 -0.995252 0
    outer loop
      vertex 52.82 56.435 23.15
      vertex 52.7566 56.4288 22.15
      vertex 52.82 56.435 22.15
    endloop
  endfacet
  facet normal -0.772836 -0.634605 0
    outer loop
      vertex 53.0902 56.2906 22.15
      vertex 53.0498 56.3398 23.15
      vertex 53.0498 56.3398 22.15
    endloop
  endfacet
  facet normal -0.772836 -0.634605 0
    outer loop
      vertex 53.0498 56.3398 23.15
      vertex 53.0902 56.2906 22.15
      vertex 53.0902 56.2906 23.15
    endloop
  endfacet
  facet normal -0.881527 -0.472134 0
    outer loop
      vertex 53.1203 56.2344 22.15
      vertex 53.0902 56.2906 23.15
      vertex 53.0902 56.2906 22.15
    endloop
  endfacet
  facet normal -0.881527 -0.472134 0
    outer loop
      vertex 53.0902 56.2906 23.15
      vertex 53.1203 56.2344 22.15
      vertex 53.1203 56.2344 23.15
    endloop
  endfacet
  facet normal 0.0973275 0.995252 -0
    outer loop
      vertex 52.82 55.785 22.15
      vertex 52.7566 55.7912 23.15
      vertex 52.82 55.785 23.15
    endloop
  endfacet
  facet normal 0.0973275 0.995252 0
    outer loop
      vertex 52.7566 55.7912 23.15
      vertex 52.82 55.785 22.15
      vertex 52.7566 55.7912 22.15
    endloop
  endfacet
  facet normal -0.956958 0.290225 0
    outer loop
      vertex 53.1203 55.9856 22.15
      vertex 53.1388 56.0466 23.15
      vertex 53.1388 56.0466 22.15
    endloop
  endfacet
  facet normal -0.956958 0.290225 0
    outer loop
      vertex 53.1388 56.0466 23.15
      vertex 53.1203 55.9856 22.15
      vertex 53.1203 55.9856 23.15
    endloop
  endfacet
  facet normal -0.881527 0.472134 0
    outer loop
      vertex 53.0902 55.9294 22.15
      vertex 53.1203 55.9856 23.15
      vertex 53.1203 55.9856 22.15
    endloop
  endfacet
  facet normal -0.881527 0.472134 0
    outer loop
      vertex 53.1203 55.9856 23.15
      vertex 53.0902 55.9294 22.15
      vertex 53.0902 55.9294 23.15
    endloop
  endfacet
  facet normal -0.634605 0.772836 0
    outer loop
      vertex 53.0498 55.8802 22.15
      vertex 53.0006 55.8398 23.15
      vertex 53.0498 55.8802 23.15
    endloop
  endfacet
  facet normal -0.634605 0.772836 0
    outer loop
      vertex 53.0006 55.8398 23.15
      vertex 53.0498 55.8802 22.15
      vertex 53.0006 55.8398 22.15
    endloop
  endfacet
  facet normal 0.995252 -0.0973275 0
    outer loop
      vertex 52.495 56.11 23.15
      vertex 52.5012 56.1734 22.15
      vertex 52.5012 56.1734 23.15
    endloop
  endfacet
  facet normal 0.995252 -0.0973275 0
    outer loop
      vertex 52.5012 56.1734 22.15
      vertex 52.495 56.11 23.15
      vertex 52.495 56.11 22.15
    endloop
  endfacet
  facet normal 0.881527 -0.472134 0
    outer loop
      vertex 52.5197 56.2344 23.15
      vertex 52.5498 56.2906 22.15
      vertex 52.5498 56.2906 23.15
    endloop
  endfacet
  facet normal 0.881527 -0.472134 0
    outer loop
      vertex 52.5498 56.2906 22.15
      vertex 52.5197 56.2344 23.15
      vertex 52.5197 56.2344 22.15
    endloop
  endfacet
  facet normal 0.772836 -0.634605 0
    outer loop
      vertex 52.5498 56.2906 23.15
      vertex 52.5902 56.3398 22.15
      vertex 52.5902 56.3398 23.15
    endloop
  endfacet
  facet normal 0.772836 -0.634605 0
    outer loop
      vertex 52.5902 56.3398 22.15
      vertex 52.5498 56.2906 23.15
      vertex 52.5498 56.2906 22.15
    endloop
  endfacet
  facet normal 0.472134 -0.881527 0
    outer loop
      vertex 52.6394 56.3802 22.15
      vertex 52.6956 56.4103 23.15
      vertex 52.6394 56.3802 23.15
    endloop
  endfacet
  facet normal 0.472134 -0.881527 0
    outer loop
      vertex 52.6956 56.4103 23.15
      vertex 52.6394 56.3802 22.15
      vertex 52.6956 56.4103 22.15
    endloop
  endfacet
  facet normal 0.290225 -0.956958 0
    outer loop
      vertex 52.6956 56.4103 22.15
      vertex 52.7566 56.4288 23.15
      vertex 52.6956 56.4103 23.15
    endloop
  endfacet
  facet normal 0.290225 -0.956958 0
    outer loop
      vertex 52.7566 56.4288 23.15
      vertex 52.6956 56.4103 22.15
      vertex 52.7566 56.4288 22.15
    endloop
  endfacet
  facet normal 0.634605 0.772836 -0
    outer loop
      vertex 52.6394 55.8398 22.15
      vertex 52.5902 55.8802 23.15
      vertex 52.6394 55.8398 23.15
    endloop
  endfacet
  facet normal 0.634605 0.772836 0
    outer loop
      vertex 52.5902 55.8802 23.15
      vertex 52.6394 55.8398 22.15
      vertex 52.5902 55.8802 22.15
    endloop
  endfacet
  facet normal 0.772836 0.634605 0
    outer loop
      vertex 52.5902 55.8802 23.15
      vertex 52.5498 55.9294 22.15
      vertex 52.5498 55.9294 23.15
    endloop
  endfacet
  facet normal 0.772836 0.634605 0
    outer loop
      vertex 52.5498 55.9294 22.15
      vertex 52.5902 55.8802 23.15
      vertex 52.5902 55.8802 22.15
    endloop
  endfacet
  facet normal 0.881527 0.472134 0
    outer loop
      vertex 52.5498 55.9294 23.15
      vertex 52.5197 55.9856 22.15
      vertex 52.5197 55.9856 23.15
    endloop
  endfacet
  facet normal 0.881527 0.472134 0
    outer loop
      vertex 52.5197 55.9856 22.15
      vertex 52.5498 55.9294 23.15
      vertex 52.5498 55.9294 22.15
    endloop
  endfacet
  facet normal 0.956958 0.290225 0
    outer loop
      vertex 52.5197 55.9856 23.15
      vertex 52.5012 56.0466 22.15
      vertex 52.5012 56.0466 23.15
    endloop
  endfacet
  facet normal 0.956958 0.290225 0
    outer loop
      vertex 52.5012 56.0466 22.15
      vertex 52.5197 55.9856 23.15
      vertex 52.5197 55.9856 22.15
    endloop
  endfacet
  facet normal -0.472134 0.881527 0
    outer loop
      vertex 53.0006 55.8398 22.15
      vertex 52.9444 55.8097 23.15
      vertex 53.0006 55.8398 23.15
    endloop
  endfacet
  facet normal -0.472134 0.881527 0
    outer loop
      vertex 52.9444 55.8097 23.15
      vertex 53.0006 55.8398 22.15
      vertex 52.9444 55.8097 22.15
    endloop
  endfacet
  facet normal 0.956958 -0.290225 0
    outer loop
      vertex 52.5012 56.1734 23.15
      vertex 52.5197 56.2344 22.15
      vertex 52.5197 56.2344 23.15
    endloop
  endfacet
  facet normal 0.956958 -0.290225 0
    outer loop
      vertex 52.5197 56.2344 22.15
      vertex 52.5012 56.1734 23.15
      vertex 52.5012 56.1734 22.15
    endloop
  endfacet
  facet normal -0.0973275 0.995252 0
    outer loop
      vertex 52.8834 55.7912 22.15
      vertex 52.82 55.785 23.15
      vertex 52.8834 55.7912 23.15
    endloop
  endfacet
  facet normal -0.0973275 0.995252 0
    outer loop
      vertex 52.82 55.785 23.15
      vertex 52.8834 55.7912 22.15
      vertex 52.82 55.785 22.15
    endloop
  endfacet
  facet normal 0.472134 0.881527 -0
    outer loop
      vertex 52.6956 55.8097 22.15
      vertex 52.6394 55.8398 23.15
      vertex 52.6956 55.8097 23.15
    endloop
  endfacet
  facet normal 0.472134 0.881527 0
    outer loop
      vertex 52.6394 55.8398 23.15
      vertex 52.6956 55.8097 22.15
      vertex 52.6394 55.8398 22.15
    endloop
  endfacet
  facet normal 0.290225 0.956958 -0
    outer loop
      vertex 52.7566 55.7912 22.15
      vertex 52.6956 55.8097 23.15
      vertex 52.7566 55.7912 23.15
    endloop
  endfacet
  facet normal 0.290225 0.956958 0
    outer loop
      vertex 52.6956 55.8097 23.15
      vertex 52.7566 55.7912 22.15
      vertex 52.6956 55.8097 22.15
    endloop
  endfacet
  facet normal -0.0973275 -0.995252 0
    outer loop
      vertex 52.82 62.215 22.15
      vertex 52.8834 62.2088 23.15
      vertex 52.82 62.215 23.15
    endloop
  endfacet
  facet normal -0.0973275 -0.995252 -0
    outer loop
      vertex 52.8834 62.2088 23.15
      vertex 52.82 62.215 22.15
      vertex 52.8834 62.2088 22.15
    endloop
  endfacet
  facet normal -0.290225 -0.956958 0
    outer loop
      vertex 52.8834 62.2088 22.15
      vertex 52.9444 62.1903 23.15
      vertex 52.8834 62.2088 23.15
    endloop
  endfacet
  facet normal -0.290225 -0.956958 -0
    outer loop
      vertex 52.9444 62.1903 23.15
      vertex 52.8834 62.2088 22.15
      vertex 52.9444 62.1903 22.15
    endloop
  endfacet
  facet normal -0.956958 -0.290225 0
    outer loop
      vertex 53.1388 61.9534 22.15
      vertex 53.1203 62.0144 23.15
      vertex 53.1203 62.0144 22.15
    endloop
  endfacet
  facet normal -0.956958 -0.290225 0
    outer loop
      vertex 53.1203 62.0144 23.15
      vertex 53.1388 61.9534 22.15
      vertex 53.1388 61.9534 23.15
    endloop
  endfacet
  facet normal 0.290225 -0.956958 0
    outer loop
      vertex 52.6956 62.1903 22.15
      vertex 52.7566 62.2088 23.15
      vertex 52.6956 62.1903 23.15
    endloop
  endfacet
  facet normal 0.290225 -0.956958 0
    outer loop
      vertex 52.7566 62.2088 23.15
      vertex 52.6956 62.1903 22.15
      vertex 52.7566 62.2088 22.15
    endloop
  endfacet
  facet normal 0.772836 0.634605 0
    outer loop
      vertex 52.5902 61.6602 23.15
      vertex 52.5498 61.7094 22.15
      vertex 52.5498 61.7094 23.15
    endloop
  endfacet
  facet normal 0.772836 0.634605 0
    outer loop
      vertex 52.5498 61.7094 22.15
      vertex 52.5902 61.6602 23.15
      vertex 52.5902 61.6602 22.15
    endloop
  endfacet
  facet normal -0.881527 -0.472134 0
    outer loop
      vertex 53.1203 62.0144 22.15
      vertex 53.0902 62.0706 23.15
      vertex 53.0902 62.0706 22.15
    endloop
  endfacet
  facet normal -0.881527 -0.472134 0
    outer loop
      vertex 53.0902 62.0706 23.15
      vertex 53.1203 62.0144 22.15
      vertex 53.1203 62.0144 23.15
    endloop
  endfacet
  facet normal -0.772836 -0.634605 0
    outer loop
      vertex 53.0902 62.0706 22.15
      vertex 53.0498 62.1198 23.15
      vertex 53.0498 62.1198 22.15
    endloop
  endfacet
  facet normal -0.772836 -0.634605 0
    outer loop
      vertex 53.0498 62.1198 23.15
      vertex 53.0902 62.0706 22.15
      vertex 53.0902 62.0706 23.15
    endloop
  endfacet
  facet normal -0.634605 -0.772836 0
    outer loop
      vertex 53.0006 62.1602 22.15
      vertex 53.0498 62.1198 23.15
      vertex 53.0006 62.1602 23.15
    endloop
  endfacet
  facet normal -0.634605 -0.772836 -0
    outer loop
      vertex 53.0498 62.1198 23.15
      vertex 53.0006 62.1602 22.15
      vertex 53.0498 62.1198 22.15
    endloop
  endfacet
  facet normal -0.472134 -0.881527 0
    outer loop
      vertex 52.9444 62.1903 22.15
      vertex 53.0006 62.1602 23.15
      vertex 52.9444 62.1903 23.15
    endloop
  endfacet
  facet normal -0.472134 -0.881527 -0
    outer loop
      vertex 53.0006 62.1602 23.15
      vertex 52.9444 62.1903 22.15
      vertex 53.0006 62.1602 22.15
    endloop
  endfacet
  facet normal 0.0973275 -0.995252 0
    outer loop
      vertex 52.7566 62.2088 22.15
      vertex 52.82 62.215 23.15
      vertex 52.7566 62.2088 23.15
    endloop
  endfacet
  facet normal 0.0973275 -0.995252 0
    outer loop
      vertex 52.82 62.215 23.15
      vertex 52.7566 62.2088 22.15
      vertex 52.82 62.215 22.15
    endloop
  endfacet
  facet normal 0.634605 0.772836 -0
    outer loop
      vertex 52.6394 61.6198 22.15
      vertex 52.5902 61.6602 23.15
      vertex 52.6394 61.6198 23.15
    endloop
  endfacet
  facet normal 0.634605 0.772836 0
    outer loop
      vertex 52.5902 61.6602 23.15
      vertex 52.6394 61.6198 22.15
      vertex 52.5902 61.6602 22.15
    endloop
  endfacet
  facet normal 0.995252 -0.0973275 0
    outer loop
      vertex 52.495 61.89 23.15
      vertex 52.5012 61.9534 22.15
      vertex 52.5012 61.9534 23.15
    endloop
  endfacet
  facet normal 0.995252 -0.0973275 0
    outer loop
      vertex 52.5012 61.9534 22.15
      vertex 52.495 61.89 23.15
      vertex 52.495 61.89 22.15
    endloop
  endfacet
  facet normal -0.995252 0.0973275 0
    outer loop
      vertex 53.1388 61.8266 22.15
      vertex 53.145 61.89 23.15
      vertex 53.145 61.89 22.15
    endloop
  endfacet
  facet normal -0.995252 0.0973275 0
    outer loop
      vertex 53.145 61.89 23.15
      vertex 53.1388 61.8266 22.15
      vertex 53.1388 61.8266 23.15
    endloop
  endfacet
  facet normal -0.995252 -0.0973275 0
    outer loop
      vertex 53.145 61.89 22.15
      vertex 53.1388 61.9534 23.15
      vertex 53.1388 61.9534 22.15
    endloop
  endfacet
  facet normal -0.995252 -0.0973275 0
    outer loop
      vertex 53.1388 61.9534 23.15
      vertex 53.145 61.89 22.15
      vertex 53.145 61.89 23.15
    endloop
  endfacet
  facet normal 0.472134 -0.881527 0
    outer loop
      vertex 52.6394 62.1602 22.15
      vertex 52.6956 62.1903 23.15
      vertex 52.6394 62.1602 23.15
    endloop
  endfacet
  facet normal 0.472134 -0.881527 0
    outer loop
      vertex 52.6956 62.1903 23.15
      vertex 52.6394 62.1602 22.15
      vertex 52.6956 62.1903 22.15
    endloop
  endfacet
  facet normal 0.956958 -0.290225 0
    outer loop
      vertex 52.5012 61.9534 23.15
      vertex 52.5197 62.0144 22.15
      vertex 52.5197 62.0144 23.15
    endloop
  endfacet
  facet normal 0.956958 -0.290225 0
    outer loop
      vertex 52.5197 62.0144 22.15
      vertex 52.5012 61.9534 23.15
      vertex 52.5012 61.9534 22.15
    endloop
  endfacet
  facet normal 0.634605 -0.772836 0
    outer loop
      vertex 52.5902 62.1198 22.15
      vertex 52.6394 62.1602 23.15
      vertex 52.5902 62.1198 23.15
    endloop
  endfacet
  facet normal 0.634605 -0.772836 0
    outer loop
      vertex 52.6394 62.1602 23.15
      vertex 52.5902 62.1198 22.15
      vertex 52.6394 62.1602 22.15
    endloop
  endfacet
  facet normal 0.472134 0.881527 -0
    outer loop
      vertex 52.6956 61.5897 22.15
      vertex 52.6394 61.6198 23.15
      vertex 52.6956 61.5897 23.15
    endloop
  endfacet
  facet normal 0.472134 0.881527 0
    outer loop
      vertex 52.6394 61.6198 23.15
      vertex 52.6956 61.5897 22.15
      vertex 52.6394 61.6198 22.15
    endloop
  endfacet
  facet normal 0.956958 0.290225 0
    outer loop
      vertex 52.5197 61.7656 23.15
      vertex 52.5012 61.8266 22.15
      vertex 52.5012 61.8266 23.15
    endloop
  endfacet
  facet normal 0.956958 0.290225 0
    outer loop
      vertex 52.5012 61.8266 22.15
      vertex 52.5197 61.7656 23.15
      vertex 52.5197 61.7656 22.15
    endloop
  endfacet
  facet normal -0.290225 0.956958 0
    outer loop
      vertex 52.9444 61.5897 22.15
      vertex 52.8834 61.5712 23.15
      vertex 52.9444 61.5897 23.15
    endloop
  endfacet
  facet normal -0.290225 0.956958 0
    outer loop
      vertex 52.8834 61.5712 23.15
      vertex 52.9444 61.5897 22.15
      vertex 52.8834 61.5712 22.15
    endloop
  endfacet
  facet normal -0.772836 0.634605 0
    outer loop
      vertex 53.0498 61.6602 22.15
      vertex 53.0902 61.7094 23.15
      vertex 53.0902 61.7094 22.15
    endloop
  endfacet
  facet normal -0.772836 0.634605 0
    outer loop
      vertex 53.0902 61.7094 23.15
      vertex 53.0498 61.6602 22.15
      vertex 53.0498 61.6602 23.15
    endloop
  endfacet
  facet normal 0.881527 -0.472134 0
    outer loop
      vertex 52.5197 62.0144 23.15
      vertex 52.5498 62.0706 22.15
      vertex 52.5498 62.0706 23.15
    endloop
  endfacet
  facet normal 0.881527 -0.472134 0
    outer loop
      vertex 52.5498 62.0706 22.15
      vertex 52.5197 62.0144 23.15
      vertex 52.5197 62.0144 22.15
    endloop
  endfacet
  facet normal 0.881527 0.472134 0
    outer loop
      vertex 52.5498 61.7094 23.15
      vertex 52.5197 61.7656 22.15
      vertex 52.5197 61.7656 23.15
    endloop
  endfacet
  facet normal 0.881527 0.472134 0
    outer loop
      vertex 52.5197 61.7656 22.15
      vertex 52.5498 61.7094 23.15
      vertex 52.5498 61.7094 22.15
    endloop
  endfacet
  facet normal 0.995252 0.0973275 0
    outer loop
      vertex 52.5012 61.8266 23.15
      vertex 52.495 61.89 22.15
      vertex 52.495 61.89 23.15
    endloop
  endfacet
  facet normal 0.995252 0.0973275 0
    outer loop
      vertex 52.495 61.89 22.15
      vertex 52.5012 61.8266 23.15
      vertex 52.5012 61.8266 22.15
    endloop
  endfacet
  facet normal -0.0973275 0.995252 0
    outer loop
      vertex 52.8834 61.5712 22.15
      vertex 52.82 61.565 23.15
      vertex 52.8834 61.5712 23.15
    endloop
  endfacet
  facet normal -0.0973275 0.995252 0
    outer loop
      vertex 52.82 61.565 23.15
      vertex 52.8834 61.5712 22.15
      vertex 52.82 61.565 22.15
    endloop
  endfacet
  facet normal 0.0973275 0.995252 -0
    outer loop
      vertex 52.82 61.565 22.15
      vertex 52.7566 61.5712 23.15
      vertex 52.82 61.565 23.15
    endloop
  endfacet
  facet normal 0.0973275 0.995252 0
    outer loop
      vertex 52.7566 61.5712 23.15
      vertex 52.82 61.565 22.15
      vertex 52.7566 61.5712 22.15
    endloop
  endfacet
  facet normal 0.290225 0.956958 -0
    outer loop
      vertex 52.7566 61.5712 22.15
      vertex 52.6956 61.5897 23.15
      vertex 52.7566 61.5712 23.15
    endloop
  endfacet
  facet normal 0.290225 0.956958 0
    outer loop
      vertex 52.6956 61.5897 23.15
      vertex 52.7566 61.5712 22.15
      vertex 52.6956 61.5897 22.15
    endloop
  endfacet
  facet normal -0.881527 0.472134 0
    outer loop
      vertex 53.0902 61.7094 22.15
      vertex 53.1203 61.7656 23.15
      vertex 53.1203 61.7656 22.15
    endloop
  endfacet
  facet normal -0.881527 0.472134 0
    outer loop
      vertex 53.1203 61.7656 23.15
      vertex 53.0902 61.7094 22.15
      vertex 53.0902 61.7094 23.15
    endloop
  endfacet
  facet normal 0.772836 -0.634605 0
    outer loop
      vertex 52.5498 62.0706 23.15
      vertex 52.5902 62.1198 22.15
      vertex 52.5902 62.1198 23.15
    endloop
  endfacet
  facet normal 0.772836 -0.634605 0
    outer loop
      vertex 52.5902 62.1198 22.15
      vertex 52.5498 62.0706 23.15
      vertex 52.5498 62.0706 22.15
    endloop
  endfacet
  facet normal -0.472134 0.881527 0
    outer loop
      vertex 53.0006 61.6198 22.15
      vertex 52.9444 61.5897 23.15
      vertex 53.0006 61.6198 23.15
    endloop
  endfacet
  facet normal -0.472134 0.881527 0
    outer loop
      vertex 52.9444 61.5897 23.15
      vertex 53.0006 61.6198 22.15
      vertex 52.9444 61.5897 22.15
    endloop
  endfacet
  facet normal -0.634605 0.772836 0
    outer loop
      vertex 53.0498 61.6602 22.15
      vertex 53.0006 61.6198 23.15
      vertex 53.0498 61.6602 23.15
    endloop
  endfacet
  facet normal -0.634605 0.772836 0
    outer loop
      vertex 53.0006 61.6198 23.15
      vertex 53.0498 61.6602 22.15
      vertex 53.0006 61.6198 22.15
    endloop
  endfacet
  facet normal -0.956958 0.290225 0
    outer loop
      vertex 53.1203 61.7656 22.15
      vertex 53.1388 61.8266 23.15
      vertex 53.1388 61.8266 22.15
    endloop
  endfacet
  facet normal -0.956958 0.290225 0
    outer loop
      vertex 53.1388 61.8266 23.15
      vertex 53.1203 61.7656 22.15
      vertex 53.1203 61.7656 23.15
    endloop
  endfacet
  facet normal -0.95731 -0.289063 0
    outer loop
      vertex 53.1642 54.7385 22.15
      vertex 53.1472 54.7948 23.15
      vertex 53.1472 54.7948 22.15
    endloop
  endfacet
  facet normal -0.95731 -0.289063 0
    outer loop
      vertex 53.1472 54.7948 23.15
      vertex 53.1642 54.7385 22.15
      vertex 53.1642 54.7385 23.15
    endloop
  endfacet
  facet normal -0.289063 -0.95731 0
    outer loop
      vertex 52.9285 54.9742 22.15
      vertex 52.9848 54.9572 23.15
      vertex 52.9285 54.9742 23.15
    endloop
  endfacet
  facet normal -0.289063 -0.95731 -0
    outer loop
      vertex 52.9848 54.9572 23.15
      vertex 52.9285 54.9742 22.15
      vertex 52.9848 54.9572 22.15
    endloop
  endfacet
  facet normal -0.881505 -0.472174 0
    outer loop
      vertex 53.1472 54.7948 22.15
      vertex 53.1194 54.8467 23.15
      vertex 53.1194 54.8467 22.15
    endloop
  endfacet
  facet normal -0.881505 -0.472174 0
    outer loop
      vertex 53.1194 54.8467 23.15
      vertex 53.1472 54.7948 22.15
      vertex 53.1472 54.7948 23.15
    endloop
  endfacet
  facet normal -0.634812 -0.772667 0
    outer loop
      vertex 53.0367 54.9294 22.15
      vertex 53.0821 54.8921 23.15
      vertex 53.0367 54.9294 23.15
    endloop
  endfacet
  facet normal -0.634812 -0.772667 -0
    outer loop
      vertex 53.0821 54.8921 23.15
      vertex 53.0367 54.9294 22.15
      vertex 53.0821 54.8921 22.15
    endloop
  endfacet
  facet normal 0 1 -0
    outer loop
      vertex 52.87 54.38 22.15
      vertex 51.77 54.38 23.15
      vertex 52.87 54.38 23.15
    endloop
  endfacet
  facet normal 0 1 0
    outer loop
      vertex 51.77 54.38 23.15
      vertex 52.87 54.38 22.15
      vertex 51.77 54.38 22.15
    endloop
  endfacet
  facet normal -0.772667 -0.634812 0
    outer loop
      vertex 53.1194 54.8467 22.15
      vertex 53.0821 54.8921 23.15
      vertex 53.0821 54.8921 22.15
    endloop
  endfacet
  facet normal -0.772667 -0.634812 0
    outer loop
      vertex 53.0821 54.8921 23.15
      vertex 53.1194 54.8467 22.15
      vertex 53.1194 54.8467 23.15
    endloop
  endfacet
  facet normal -0.472174 -0.881505 0
    outer loop
      vertex 52.9848 54.9572 22.15
      vertex 53.0367 54.9294 23.15
      vertex 52.9848 54.9572 23.15
    endloop
  endfacet
  facet normal -0.472174 -0.881505 -0
    outer loop
      vertex 53.0367 54.9294 23.15
      vertex 52.9848 54.9572 22.15
      vertex 53.0367 54.9294 22.15
    endloop
  endfacet
  facet normal 0.289063 -0.95731 0
    outer loop
      vertex 51.6552 54.9572 22.15
      vertex 51.7115 54.9742 23.15
      vertex 51.6552 54.9572 23.15
    endloop
  endfacet
  facet normal 0.289063 -0.95731 0
    outer loop
      vertex 51.7115 54.9742 23.15
      vertex 51.6552 54.9572 22.15
      vertex 51.7115 54.9742 22.15
    endloop
  endfacet
  facet normal -0.0986616 0.995121 0
    outer loop
      vertex 52.9285 54.3858 22.15
      vertex 52.87 54.38 23.15
      vertex 52.9285 54.3858 23.15
    endloop
  endfacet
  facet normal -0.0986616 0.995121 0
    outer loop
      vertex 52.87 54.38 23.15
      vertex 52.9285 54.3858 22.15
      vertex 52.87 54.38 22.15
    endloop
  endfacet
  facet normal 0 -1 0
    outer loop
      vertex 51.77 54.98 22.15
      vertex 52.87 54.98 23.15
      vertex 51.77 54.98 23.15
    endloop
  endfacet
  facet normal 0 -1 -0
    outer loop
      vertex 52.87 54.98 23.15
      vertex 51.77 54.98 22.15
      vertex 52.87 54.98 22.15
    endloop
  endfacet
  facet normal -0.0986616 -0.995121 0
    outer loop
      vertex 52.87 54.98 22.15
      vertex 52.9285 54.9742 23.15
      vertex 52.87 54.98 23.15
    endloop
  endfacet
  facet normal -0.0986616 -0.995121 -0
    outer loop
      vertex 52.9285 54.9742 23.15
      vertex 52.87 54.98 22.15
      vertex 52.9285 54.9742 22.15
    endloop
  endfacet
  facet normal 0.0986616 -0.995121 0
    outer loop
      vertex 51.7115 54.9742 22.15
      vertex 51.77 54.98 23.15
      vertex 51.7115 54.9742 23.15
    endloop
  endfacet
  facet normal 0.0986616 -0.995121 0
    outer loop
      vertex 51.77 54.98 23.15
      vertex 51.7115 54.9742 22.15
      vertex 51.77 54.98 22.15
    endloop
  endfacet
  facet normal 0.995121 0.0986616 0
    outer loop
      vertex 51.4758 54.6215 23.15
      vertex 51.47 54.68 22.15
      vertex 51.47 54.68 23.15
    endloop
  endfacet
  facet normal 0.995121 0.0986616 0
    outer loop
      vertex 51.47 54.68 22.15
      vertex 51.4758 54.6215 23.15
      vertex 51.4758 54.6215 22.15
    endloop
  endfacet
  facet normal 0.95731 0.289063 0
    outer loop
      vertex 51.4928 54.5652 23.15
      vertex 51.4758 54.6215 22.15
      vertex 51.4758 54.6215 23.15
    endloop
  endfacet
  facet normal 0.95731 0.289063 0
    outer loop
      vertex 51.4758 54.6215 22.15
      vertex 51.4928 54.5652 23.15
      vertex 51.4928 54.5652 22.15
    endloop
  endfacet
  facet normal 0.634812 0.772667 -0
    outer loop
      vertex 51.6033 54.4306 22.15
      vertex 51.5579 54.4679 23.15
      vertex 51.6033 54.4306 23.15
    endloop
  endfacet
  facet normal 0.634812 0.772667 0
    outer loop
      vertex 51.5579 54.4679 23.15
      vertex 51.6033 54.4306 22.15
      vertex 51.5579 54.4679 22.15
    endloop
  endfacet
  facet normal 0.289063 0.95731 -0
    outer loop
      vertex 51.7115 54.3858 22.15
      vertex 51.6552 54.4028 23.15
      vertex 51.7115 54.3858 23.15
    endloop
  endfacet
  facet normal 0.289063 0.95731 0
    outer loop
      vertex 51.6552 54.4028 23.15
      vertex 51.7115 54.3858 22.15
      vertex 51.6552 54.4028 22.15
    endloop
  endfacet
  facet normal 0.772667 -0.634812 0
    outer loop
      vertex 51.5206 54.8467 23.15
      vertex 51.5579 54.8921 22.15
      vertex 51.5579 54.8921 23.15
    endloop
  endfacet
  facet normal 0.772667 -0.634812 0
    outer loop
      vertex 51.5579 54.8921 22.15
      vertex 51.5206 54.8467 23.15
      vertex 51.5206 54.8467 22.15
    endloop
  endfacet
  facet normal 0.772667 0.634812 0
    outer loop
      vertex 51.5579 54.4679 23.15
      vertex 51.5206 54.5133 22.15
      vertex 51.5206 54.5133 23.15
    endloop
  endfacet
  facet normal 0.772667 0.634812 0
    outer loop
      vertex 51.5206 54.5133 22.15
      vertex 51.5579 54.4679 23.15
      vertex 51.5579 54.4679 22.15
    endloop
  endfacet
  facet normal -0.634812 0.772667 0
    outer loop
      vertex 53.0821 54.4679 22.15
      vertex 53.0367 54.4306 23.15
      vertex 53.0821 54.4679 23.15
    endloop
  endfacet
  facet normal -0.634812 0.772667 0
    outer loop
      vertex 53.0367 54.4306 23.15
      vertex 53.0821 54.4679 22.15
      vertex 53.0367 54.4306 22.15
    endloop
  endfacet
  facet normal 0.0986616 0.995121 -0
    outer loop
      vertex 51.77 54.38 22.15
      vertex 51.7115 54.3858 23.15
      vertex 51.77 54.38 23.15
    endloop
  endfacet
  facet normal 0.0986616 0.995121 0
    outer loop
      vertex 51.7115 54.3858 23.15
      vertex 51.77 54.38 22.15
      vertex 51.7115 54.3858 22.15
    endloop
  endfacet
  facet normal 0.995121 -0.0986616 0
    outer loop
      vertex 51.47 54.68 23.15
      vertex 51.4758 54.7385 22.15
      vertex 51.4758 54.7385 23.15
    endloop
  endfacet
  facet normal 0.995121 -0.0986616 0
    outer loop
      vertex 51.4758 54.7385 22.15
      vertex 51.47 54.68 23.15
      vertex 51.47 54.68 22.15
    endloop
  endfacet
  facet normal 0.95731 -0.289063 0
    outer loop
      vertex 51.4758 54.7385 23.15
      vertex 51.4928 54.7948 22.15
      vertex 51.4928 54.7948 23.15
    endloop
  endfacet
  facet normal 0.95731 -0.289063 0
    outer loop
      vertex 51.4928 54.7948 22.15
      vertex 51.4758 54.7385 23.15
      vertex 51.4758 54.7385 22.15
    endloop
  endfacet
  facet normal 0.881505 -0.472174 0
    outer loop
      vertex 51.4928 54.7948 23.15
      vertex 51.5206 54.8467 22.15
      vertex 51.5206 54.8467 23.15
    endloop
  endfacet
  facet normal 0.881505 -0.472174 0
    outer loop
      vertex 51.5206 54.8467 22.15
      vertex 51.4928 54.7948 23.15
      vertex 51.4928 54.7948 22.15
    endloop
  endfacet
  facet normal 0.634812 -0.772667 0
    outer loop
      vertex 51.5579 54.8921 22.15
      vertex 51.6033 54.9294 23.15
      vertex 51.5579 54.8921 23.15
    endloop
  endfacet
  facet normal 0.634812 -0.772667 0
    outer loop
      vertex 51.6033 54.9294 23.15
      vertex 51.5579 54.8921 22.15
      vertex 51.6033 54.9294 22.15
    endloop
  endfacet
  facet normal 0.472174 -0.881505 0
    outer loop
      vertex 51.6033 54.9294 22.15
      vertex 51.6552 54.9572 23.15
      vertex 51.6033 54.9294 23.15
    endloop
  endfacet
  facet normal 0.472174 -0.881505 0
    outer loop
      vertex 51.6552 54.9572 23.15
      vertex 51.6033 54.9294 22.15
      vertex 51.6552 54.9572 22.15
    endloop
  endfacet
  facet normal 0.472174 0.881505 -0
    outer loop
      vertex 51.6552 54.4028 22.15
      vertex 51.6033 54.4306 23.15
      vertex 51.6552 54.4028 23.15
    endloop
  endfacet
  facet normal 0.472174 0.881505 0
    outer loop
      vertex 51.6033 54.4306 23.15
      vertex 51.6552 54.4028 22.15
      vertex 51.6033 54.4306 22.15
    endloop
  endfacet
  facet normal -0.289063 0.95731 0
    outer loop
      vertex 52.9848 54.4028 22.15
      vertex 52.9285 54.3858 23.15
      vertex 52.9848 54.4028 23.15
    endloop
  endfacet
  facet normal -0.289063 0.95731 0
    outer loop
      vertex 52.9285 54.3858 23.15
      vertex 52.9848 54.4028 22.15
      vertex 52.9285 54.3858 22.15
    endloop
  endfacet
  facet normal -0.772667 0.634812 0
    outer loop
      vertex 53.0821 54.4679 22.15
      vertex 53.1194 54.5133 23.15
      vertex 53.1194 54.5133 22.15
    endloop
  endfacet
  facet normal -0.772667 0.634812 0
    outer loop
      vertex 53.1194 54.5133 23.15
      vertex 53.0821 54.4679 22.15
      vertex 53.0821 54.4679 23.15
    endloop
  endfacet
  facet normal -0.995121 0.0986616 0
    outer loop
      vertex 53.1642 54.6215 22.15
      vertex 53.17 54.68 23.15
      vertex 53.17 54.68 22.15
    endloop
  endfacet
  facet normal -0.995121 0.0986616 0
    outer loop
      vertex 53.17 54.68 23.15
      vertex 53.1642 54.6215 22.15
      vertex 53.1642 54.6215 23.15
    endloop
  endfacet
  facet normal 0.881505 0.472174 0
    outer loop
      vertex 51.5206 54.5133 23.15
      vertex 51.4928 54.5652 22.15
      vertex 51.4928 54.5652 23.15
    endloop
  endfacet
  facet normal 0.881505 0.472174 0
    outer loop
      vertex 51.4928 54.5652 22.15
      vertex 51.5206 54.5133 23.15
      vertex 51.5206 54.5133 22.15
    endloop
  endfacet
  facet normal -0.472174 0.881505 0
    outer loop
      vertex 53.0367 54.4306 22.15
      vertex 52.9848 54.4028 23.15
      vertex 53.0367 54.4306 23.15
    endloop
  endfacet
  facet normal -0.472174 0.881505 0
    outer loop
      vertex 52.9848 54.4028 23.15
      vertex 53.0367 54.4306 22.15
      vertex 52.9848 54.4028 22.15
    endloop
  endfacet
  facet normal -0.995121 -0.0986616 0
    outer loop
      vertex 53.17 54.68 22.15
      vertex 53.1642 54.7385 23.15
      vertex 53.1642 54.7385 22.15
    endloop
  endfacet
  facet normal -0.995121 -0.0986616 0
    outer loop
      vertex 53.1642 54.7385 23.15
      vertex 53.17 54.68 22.15
      vertex 53.17 54.68 23.15
    endloop
  endfacet
  facet normal -0.95731 0.289063 0
    outer loop
      vertex 53.1472 54.5652 22.15
      vertex 53.1642 54.6215 23.15
      vertex 53.1642 54.6215 22.15
    endloop
  endfacet
  facet normal -0.95731 0.289063 0
    outer loop
      vertex 53.1642 54.6215 23.15
      vertex 53.1472 54.5652 22.15
      vertex 53.1472 54.5652 23.15
    endloop
  endfacet
  facet normal -0.881505 0.472174 0
    outer loop
      vertex 53.1194 54.5133 22.15
      vertex 53.1472 54.5652 23.15
      vertex 53.1472 54.5652 22.15
    endloop
  endfacet
  facet normal -0.881505 0.472174 0
    outer loop
      vertex 53.1472 54.5652 23.15
      vertex 53.1194 54.5133 22.15
      vertex 53.1194 54.5133 23.15
    endloop
  endfacet
  facet normal 0.881505 -0.472174 0
    outer loop
      vertex 55.8228 54.7948 23.15
      vertex 55.8506 54.8467 22.15
      vertex 55.8506 54.8467 23.15
    endloop
  endfacet
  facet normal 0.881505 -0.472174 0
    outer loop
      vertex 55.8506 54.8467 22.15
      vertex 55.8228 54.7948 23.15
      vertex 55.8228 54.7948 22.15
    endloop
  endfacet
  facet normal 0.995121 0.0986616 0
    outer loop
      vertex 55.8058 54.6215 23.15
      vertex 55.8 54.68 22.15
      vertex 55.8 54.68 23.15
    endloop
  endfacet
  facet normal 0.995121 0.0986616 0
    outer loop
      vertex 55.8 54.68 22.15
      vertex 55.8058 54.6215 23.15
      vertex 55.8058 54.6215 22.15
    endloop
  endfacet
  facet normal 0.95731 -0.289063 0
    outer loop
      vertex 55.8058 54.7385 23.15
      vertex 55.8228 54.7948 22.15
      vertex 55.8228 54.7948 23.15
    endloop
  endfacet
  facet normal 0.95731 -0.289063 0
    outer loop
      vertex 55.8228 54.7948 22.15
      vertex 55.8058 54.7385 23.15
      vertex 55.8058 54.7385 22.15
    endloop
  endfacet
  facet normal 0.772667 0.634812 0
    outer loop
      vertex 55.8879 54.4679 23.15
      vertex 55.8506 54.5133 22.15
      vertex 55.8506 54.5133 23.15
    endloop
  endfacet
  facet normal 0.772667 0.634812 0
    outer loop
      vertex 55.8506 54.5133 22.15
      vertex 55.8879 54.4679 23.15
      vertex 55.8879 54.4679 22.15
    endloop
  endfacet
  facet normal 0.289063 0.95731 -0
    outer loop
      vertex 56.0415 54.3858 22.15
      vertex 55.9852 54.4028 23.15
      vertex 56.0415 54.3858 23.15
    endloop
  endfacet
  facet normal 0.289063 0.95731 0
    outer loop
      vertex 55.9852 54.4028 23.15
      vertex 56.0415 54.3858 22.15
      vertex 55.9852 54.4028 22.15
    endloop
  endfacet
  facet normal 0.634812 0.772667 -0
    outer loop
      vertex 55.9333 54.4306 22.15
      vertex 55.8879 54.4679 23.15
      vertex 55.9333 54.4306 23.15
    endloop
  endfacet
  facet normal 0.634812 0.772667 0
    outer loop
      vertex 55.8879 54.4679 23.15
      vertex 55.9333 54.4306 22.15
      vertex 55.8879 54.4679 22.15
    endloop
  endfacet
  facet normal -0.289063 -0.95731 0
    outer loop
      vertex 56.9585 54.9742 22.15
      vertex 57.0148 54.9572 23.15
      vertex 56.9585 54.9742 23.15
    endloop
  endfacet
  facet normal -0.289063 -0.95731 -0
    outer loop
      vertex 57.0148 54.9572 23.15
      vertex 56.9585 54.9742 22.15
      vertex 57.0148 54.9572 22.15
    endloop
  endfacet
  facet normal 0.995121 -0.0986616 0
    outer loop
      vertex 55.8 54.68 23.15
      vertex 55.8058 54.7385 22.15
      vertex 55.8058 54.7385 23.15
    endloop
  endfacet
  facet normal 0.995121 -0.0986616 0
    outer loop
      vertex 55.8058 54.7385 22.15
      vertex 55.8 54.68 23.15
      vertex 55.8 54.68 22.15
    endloop
  endfacet
  facet normal 0.472174 0.881505 -0
    outer loop
      vertex 55.9852 54.4028 22.15
      vertex 55.9333 54.4306 23.15
      vertex 55.9852 54.4028 23.15
    endloop
  endfacet
  facet normal 0.472174 0.881505 0
    outer loop
      vertex 55.9333 54.4306 23.15
      vertex 55.9852 54.4028 22.15
      vertex 55.9333 54.4306 22.15
    endloop
  endfacet
  facet normal 0.772667 -0.634812 0
    outer loop
      vertex 55.8506 54.8467 23.15
      vertex 55.8879 54.8921 22.15
      vertex 55.8879 54.8921 23.15
    endloop
  endfacet
  facet normal 0.772667 -0.634812 0
    outer loop
      vertex 55.8879 54.8921 22.15
      vertex 55.8506 54.8467 23.15
      vertex 55.8506 54.8467 22.15
    endloop
  endfacet
  facet normal 0.472174 -0.881505 0
    outer loop
      vertex 55.9333 54.9294 22.15
      vertex 55.9852 54.9572 23.15
      vertex 55.9333 54.9294 23.15
    endloop
  endfacet
  facet normal 0.472174 -0.881505 0
    outer loop
      vertex 55.9852 54.9572 23.15
      vertex 55.9333 54.9294 22.15
      vertex 55.9852 54.9572 22.15
    endloop
  endfacet
  facet normal 0.0986616 -0.995121 0
    outer loop
      vertex 56.0415 54.9742 22.15
      vertex 56.1 54.98 23.15
      vertex 56.0415 54.9742 23.15
    endloop
  endfacet
  facet normal 0.0986616 -0.995121 0
    outer loop
      vertex 56.1 54.98 23.15
      vertex 56.0415 54.9742 22.15
      vertex 56.1 54.98 22.15
    endloop
  endfacet
  facet normal 0 -1 0
    outer loop
      vertex 56.1 54.98 22.15
      vertex 56.9 54.98 23.15
      vertex 56.1 54.98 23.15
    endloop
  endfacet
  facet normal 0 -1 -0
    outer loop
      vertex 56.9 54.98 23.15
      vertex 56.1 54.98 22.15
      vertex 56.9 54.98 22.15
    endloop
  endfacet
  facet normal -0.0986616 -0.995121 0
    outer loop
      vertex 56.9 54.98 22.15
      vertex 56.9585 54.9742 23.15
      vertex 56.9 54.98 23.15
    endloop
  endfacet
  facet normal -0.0986616 -0.995121 -0
    outer loop
      vertex 56.9585 54.9742 23.15
      vertex 56.9 54.98 22.15
      vertex 56.9585 54.9742 22.15
    endloop
  endfacet
  facet normal 0 1 -0
    outer loop
      vertex 56.9 54.38 22.15
      vertex 56.1 54.38 23.15
      vertex 56.9 54.38 23.15
    endloop
  endfacet
  facet normal 0 1 0
    outer loop
      vertex 56.1 54.38 23.15
      vertex 56.9 54.38 22.15
      vertex 56.1 54.38 22.15
    endloop
  endfacet
  facet normal 0.0986616 0.995121 -0
    outer loop
      vertex 56.1 54.38 22.15
      vertex 56.0415 54.3858 23.15
      vertex 56.1 54.38 23.15
    endloop
  endfacet
  facet normal 0.0986616 0.995121 0
    outer loop
      vertex 56.0415 54.3858 23.15
      vertex 56.1 54.38 22.15
      vertex 56.0415 54.3858 22.15
    endloop
  endfacet
  facet normal -0.95731 -0.289063 0
    outer loop
      vertex 57.1942 54.7385 22.15
      vertex 57.1772 54.7948 23.15
      vertex 57.1772 54.7948 22.15
    endloop
  endfacet
  facet normal -0.95731 -0.289063 0
    outer loop
      vertex 57.1772 54.7948 23.15
      vertex 57.1942 54.7385 22.15
      vertex 57.1942 54.7385 23.15
    endloop
  endfacet
  facet normal -0.995121 -0.0986616 0
    outer loop
      vertex 57.2 54.68 22.15
      vertex 57.1942 54.7385 23.15
      vertex 57.1942 54.7385 22.15
    endloop
  endfacet
  facet normal -0.995121 -0.0986616 0
    outer loop
      vertex 57.1942 54.7385 23.15
      vertex 57.2 54.68 22.15
      vertex 57.2 54.68 23.15
    endloop
  endfacet
  facet normal -0.881505 -0.472174 0
    outer loop
      vertex 57.1772 54.7948 22.15
      vertex 57.1494 54.8467 23.15
      vertex 57.1494 54.8467 22.15
    endloop
  endfacet
  facet normal -0.881505 -0.472174 0
    outer loop
      vertex 57.1494 54.8467 23.15
      vertex 57.1772 54.7948 22.15
      vertex 57.1772 54.7948 23.15
    endloop
  endfacet
  facet normal -0.634812 -0.772667 0
    outer loop
      vertex 57.0667 54.9294 22.15
      vertex 57.1121 54.8921 23.15
      vertex 57.0667 54.9294 23.15
    endloop
  endfacet
  facet normal -0.634812 -0.772667 -0
    outer loop
      vertex 57.1121 54.8921 23.15
      vertex 57.0667 54.9294 22.15
      vertex 57.1121 54.8921 22.15
    endloop
  endfacet
  facet normal 0.881505 0.472174 0
    outer loop
      vertex 55.8506 54.5133 23.15
      vertex 55.8228 54.5652 22.15
      vertex 55.8228 54.5652 23.15
    endloop
  endfacet
  facet normal 0.881505 0.472174 0
    outer loop
      vertex 55.8228 54.5652 22.15
      vertex 55.8506 54.5133 23.15
      vertex 55.8506 54.5133 22.15
    endloop
  endfacet
  facet normal 0.95731 0.289063 0
    outer loop
      vertex 55.8228 54.5652 23.15
      vertex 55.8058 54.6215 22.15
      vertex 55.8058 54.6215 23.15
    endloop
  endfacet
  facet normal 0.95731 0.289063 0
    outer loop
      vertex 55.8058 54.6215 22.15
      vertex 55.8228 54.5652 23.15
      vertex 55.8228 54.5652 22.15
    endloop
  endfacet
  facet normal 0.289063 -0.95731 0
    outer loop
      vertex 55.9852 54.9572 22.15
      vertex 56.0415 54.9742 23.15
      vertex 55.9852 54.9572 23.15
    endloop
  endfacet
  facet normal 0.289063 -0.95731 0
    outer loop
      vertex 56.0415 54.9742 23.15
      vertex 55.9852 54.9572 22.15
      vertex 56.0415 54.9742 22.15
    endloop
  endfacet
  facet normal 0.634812 -0.772667 0
    outer loop
      vertex 55.8879 54.8921 22.15
      vertex 55.9333 54.9294 23.15
      vertex 55.8879 54.8921 23.15
    endloop
  endfacet
  facet normal 0.634812 -0.772667 0
    outer loop
      vertex 55.9333 54.9294 23.15
      vertex 55.8879 54.8921 22.15
      vertex 55.9333 54.9294 22.15
    endloop
  endfacet
  facet normal -0.0986616 0.995121 0
    outer loop
      vertex 56.9585 54.3858 22.15
      vertex 56.9 54.38 23.15
      vertex 56.9585 54.3858 23.15
    endloop
  endfacet
  facet normal -0.0986616 0.995121 0
    outer loop
      vertex 56.9 54.38 23.15
      vertex 56.9585 54.3858 22.15
      vertex 56.9 54.38 22.15
    endloop
  endfacet
  facet normal -0.472174 0.881505 0
    outer loop
      vertex 57.0667 54.4306 22.15
      vertex 57.0148 54.4028 23.15
      vertex 57.0667 54.4306 23.15
    endloop
  endfacet
  facet normal -0.472174 0.881505 0
    outer loop
      vertex 57.0148 54.4028 23.15
      vertex 57.0667 54.4306 22.15
      vertex 57.0148 54.4028 22.15
    endloop
  endfacet
  facet normal -0.289063 0.95731 0
    outer loop
      vertex 57.0148 54.4028 22.15
      vertex 56.9585 54.3858 23.15
      vertex 57.0148 54.4028 23.15
    endloop
  endfacet
  facet normal -0.289063 0.95731 0
    outer loop
      vertex 56.9585 54.3858 23.15
      vertex 57.0148 54.4028 22.15
      vertex 56.9585 54.3858 22.15
    endloop
  endfacet
  facet normal -0.634812 0.772667 0
    outer loop
      vertex 57.1121 54.4679 22.15
      vertex 57.0667 54.4306 23.15
      vertex 57.1121 54.4679 23.15
    endloop
  endfacet
  facet normal -0.634812 0.772667 0
    outer loop
      vertex 57.0667 54.4306 23.15
      vertex 57.1121 54.4679 22.15
      vertex 57.0667 54.4306 22.15
    endloop
  endfacet
  facet normal -0.772667 0.634812 0
    outer loop
      vertex 57.1121 54.4679 22.15
      vertex 57.1494 54.5133 23.15
      vertex 57.1494 54.5133 22.15
    endloop
  endfacet
  facet normal -0.772667 0.634812 0
    outer loop
      vertex 57.1494 54.5133 23.15
      vertex 57.1121 54.4679 22.15
      vertex 57.1121 54.4679 23.15
    endloop
  endfacet
  facet normal -0.881505 0.472174 0
    outer loop
      vertex 57.1494 54.5133 22.15
      vertex 57.1772 54.5652 23.15
      vertex 57.1772 54.5652 22.15
    endloop
  endfacet
  facet normal -0.881505 0.472174 0
    outer loop
      vertex 57.1772 54.5652 23.15
      vertex 57.1494 54.5133 22.15
      vertex 57.1494 54.5133 23.15
    endloop
  endfacet
  facet normal -0.772667 -0.634812 0
    outer loop
      vertex 57.1494 54.8467 22.15
      vertex 57.1121 54.8921 23.15
      vertex 57.1121 54.8921 22.15
    endloop
  endfacet
  facet normal -0.772667 -0.634812 0
    outer loop
      vertex 57.1121 54.8921 23.15
      vertex 57.1494 54.8467 22.15
      vertex 57.1494 54.8467 23.15
    endloop
  endfacet
  facet normal -0.472174 -0.881505 0
    outer loop
      vertex 57.0148 54.9572 22.15
      vertex 57.0667 54.9294 23.15
      vertex 57.0148 54.9572 23.15
    endloop
  endfacet
  facet normal -0.472174 -0.881505 -0
    outer loop
      vertex 57.0667 54.9294 23.15
      vertex 57.0148 54.9572 22.15
      vertex 57.0667 54.9294 22.15
    endloop
  endfacet
  facet normal -0.995121 0.0986616 0
    outer loop
      vertex 57.1942 54.6215 22.15
      vertex 57.2 54.68 23.15
      vertex 57.2 54.68 22.15
    endloop
  endfacet
  facet normal -0.995121 0.0986616 0
    outer loop
      vertex 57.2 54.68 23.15
      vertex 57.1942 54.6215 22.15
      vertex 57.1942 54.6215 23.15
    endloop
  endfacet
  facet normal -0.95731 0.289063 0
    outer loop
      vertex 57.1772 54.5652 22.15
      vertex 57.1942 54.6215 23.15
      vertex 57.1942 54.6215 22.15
    endloop
  endfacet
  facet normal -0.95731 0.289063 0
    outer loop
      vertex 57.1942 54.6215 23.15
      vertex 57.1772 54.5652 22.15
      vertex 57.1772 54.5652 23.15
    endloop
  endfacet
  facet normal -0.95731 -0.289063 0
    outer loop
      vertex 53.1642 63.3785 22.15
      vertex 53.1472 63.4348 23.15
      vertex 53.1472 63.4348 22.15
    endloop
  endfacet
  facet normal -0.95731 -0.289063 0
    outer loop
      vertex 53.1472 63.4348 23.15
      vertex 53.1642 63.3785 22.15
      vertex 53.1642 63.3785 23.15
    endloop
  endfacet
  facet normal 0.0986616 -0.995121 0
    outer loop
      vertex 51.7115 63.6142 22.15
      vertex 51.77 63.62 23.15
      vertex 51.7115 63.6142 23.15
    endloop
  endfacet
  facet normal 0.0986616 -0.995121 0
    outer loop
      vertex 51.77 63.62 23.15
      vertex 51.7115 63.6142 22.15
      vertex 51.77 63.62 22.15
    endloop
  endfacet
  facet normal -0.0986616 -0.995121 0
    outer loop
      vertex 52.87 63.62 22.15
      vertex 52.9285 63.6142 23.15
      vertex 52.87 63.62 23.15
    endloop
  endfacet
  facet normal -0.0986616 -0.995121 -0
    outer loop
      vertex 52.9285 63.6142 23.15
      vertex 52.87 63.62 22.15
      vertex 52.9285 63.6142 22.15
    endloop
  endfacet
  facet normal 0 -1 0
    outer loop
      vertex 51.77 63.62 22.15
      vertex 52.87 63.62 23.15
      vertex 51.77 63.62 23.15
    endloop
  endfacet
  facet normal 0 -1 -0
    outer loop
      vertex 52.87 63.62 23.15
      vertex 51.77 63.62 22.15
      vertex 52.87 63.62 22.15
    endloop
  endfacet
  facet normal 0.289063 -0.95731 0
    outer loop
      vertex 51.6552 63.5972 22.15
      vertex 51.7115 63.6142 23.15
      vertex 51.6552 63.5972 23.15
    endloop
  endfacet
  facet normal 0.289063 -0.95731 0
    outer loop
      vertex 51.7115 63.6142 23.15
      vertex 51.6552 63.5972 22.15
      vertex 51.7115 63.6142 22.15
    endloop
  endfacet
  facet normal 0.995121 -0.0986616 0
    outer loop
      vertex 51.47 63.32 23.15
      vertex 51.4758 63.3785 22.15
      vertex 51.4758 63.3785 23.15
    endloop
  endfacet
  facet normal 0.995121 -0.0986616 0
    outer loop
      vertex 51.4758 63.3785 22.15
      vertex 51.47 63.32 23.15
      vertex 51.47 63.32 22.15
    endloop
  endfacet
  facet normal 0.0986616 0.995121 -0
    outer loop
      vertex 51.77 63.02 22.15
      vertex 51.7115 63.0258 23.15
      vertex 51.77 63.02 23.15
    endloop
  endfacet
  facet normal 0.0986616 0.995121 0
    outer loop
      vertex 51.7115 63.0258 23.15
      vertex 51.77 63.02 22.15
      vertex 51.7115 63.0258 22.15
    endloop
  endfacet
  facet normal -0.289063 0.95731 0
    outer loop
      vertex 52.9848 63.0428 22.15
      vertex 52.9285 63.0258 23.15
      vertex 52.9848 63.0428 23.15
    endloop
  endfacet
  facet normal -0.289063 0.95731 0
    outer loop
      vertex 52.9285 63.0258 23.15
      vertex 52.9848 63.0428 22.15
      vertex 52.9285 63.0258 22.15
    endloop
  endfacet
  facet normal -0.995121 -0.0986616 0
    outer loop
      vertex 53.17 63.32 22.15
      vertex 53.1642 63.3785 23.15
      vertex 53.1642 63.3785 22.15
    endloop
  endfacet
  facet normal -0.995121 -0.0986616 0
    outer loop
      vertex 53.1642 63.3785 23.15
      vertex 53.17 63.32 22.15
      vertex 53.17 63.32 23.15
    endloop
  endfacet
  facet normal -0.95731 0.289063 0
    outer loop
      vertex 53.1472 63.2052 22.15
      vertex 53.1642 63.2615 23.15
      vertex 53.1642 63.2615 22.15
    endloop
  endfacet
  facet normal -0.95731 0.289063 0
    outer loop
      vertex 53.1642 63.2615 23.15
      vertex 53.1472 63.2052 22.15
      vertex 53.1472 63.2052 23.15
    endloop
  endfacet
  facet normal 0.472174 -0.881505 0
    outer loop
      vertex 51.6033 63.5694 22.15
      vertex 51.6552 63.5972 23.15
      vertex 51.6033 63.5694 23.15
    endloop
  endfacet
  facet normal 0.472174 -0.881505 0
    outer loop
      vertex 51.6552 63.5972 23.15
      vertex 51.6033 63.5694 22.15
      vertex 51.6552 63.5972 22.15
    endloop
  endfacet
  facet normal 0.772667 -0.634812 0
    outer loop
      vertex 51.5206 63.4867 23.15
      vertex 51.5579 63.5321 22.15
      vertex 51.5579 63.5321 23.15
    endloop
  endfacet
  facet normal 0.772667 -0.634812 0
    outer loop
      vertex 51.5579 63.5321 22.15
      vertex 51.5206 63.4867 23.15
      vertex 51.5206 63.4867 22.15
    endloop
  endfacet
  facet normal 0.634812 -0.772667 0
    outer loop
      vertex 51.5579 63.5321 22.15
      vertex 51.6033 63.5694 23.15
      vertex 51.5579 63.5321 23.15
    endloop
  endfacet
  facet normal 0.634812 -0.772667 0
    outer loop
      vertex 51.6033 63.5694 23.15
      vertex 51.5579 63.5321 22.15
      vertex 51.6033 63.5694 22.15
    endloop
  endfacet
  facet normal 0.95731 -0.289063 0
    outer loop
      vertex 51.4758 63.3785 23.15
      vertex 51.4928 63.4348 22.15
      vertex 51.4928 63.4348 23.15
    endloop
  endfacet
  facet normal 0.95731 -0.289063 0
    outer loop
      vertex 51.4928 63.4348 22.15
      vertex 51.4758 63.3785 23.15
      vertex 51.4758 63.3785 22.15
    endloop
  endfacet
  facet normal 0.995121 0.0986616 0
    outer loop
      vertex 51.4758 63.2615 23.15
      vertex 51.47 63.32 22.15
      vertex 51.47 63.32 23.15
    endloop
  endfacet
  facet normal 0.995121 0.0986616 0
    outer loop
      vertex 51.47 63.32 22.15
      vertex 51.4758 63.2615 23.15
      vertex 51.4758 63.2615 22.15
    endloop
  endfacet
  facet normal 0.634812 0.772667 -0
    outer loop
      vertex 51.6033 63.0706 22.15
      vertex 51.5579 63.1079 23.15
      vertex 51.6033 63.0706 23.15
    endloop
  endfacet
  facet normal 0.634812 0.772667 0
    outer loop
      vertex 51.5579 63.1079 23.15
      vertex 51.6033 63.0706 22.15
      vertex 51.5579 63.1079 22.15
    endloop
  endfacet
  facet normal 0.289063 0.95731 -0
    outer loop
      vertex 51.7115 63.0258 22.15
      vertex 51.6552 63.0428 23.15
      vertex 51.7115 63.0258 23.15
    endloop
  endfacet
  facet normal 0.289063 0.95731 0
    outer loop
      vertex 51.6552 63.0428 23.15
      vertex 51.7115 63.0258 22.15
      vertex 51.6552 63.0428 22.15
    endloop
  endfacet
  facet normal 0 1 -0
    outer loop
      vertex 52.87 63.02 22.15
      vertex 51.77 63.02 23.15
      vertex 52.87 63.02 23.15
    endloop
  endfacet
  facet normal 0 1 0
    outer loop
      vertex 51.77 63.02 23.15
      vertex 52.87 63.02 22.15
      vertex 51.77 63.02 22.15
    endloop
  endfacet
  facet normal -0.881505 -0.472174 0
    outer loop
      vertex 53.1472 63.4348 22.15
      vertex 53.1194 63.4867 23.15
      vertex 53.1194 63.4867 22.15
    endloop
  endfacet
  facet normal -0.881505 -0.472174 0
    outer loop
      vertex 53.1194 63.4867 23.15
      vertex 53.1472 63.4348 22.15
      vertex 53.1472 63.4348 23.15
    endloop
  endfacet
  facet normal -0.289063 -0.95731 0
    outer loop
      vertex 52.9285 63.6142 22.15
      vertex 52.9848 63.5972 23.15
      vertex 52.9285 63.6142 23.15
    endloop
  endfacet
  facet normal -0.289063 -0.95731 -0
    outer loop
      vertex 52.9848 63.5972 23.15
      vertex 52.9285 63.6142 22.15
      vertex 52.9848 63.5972 22.15
    endloop
  endfacet
  facet normal -0.472174 -0.881505 0
    outer loop
      vertex 52.9848 63.5972 22.15
      vertex 53.0367 63.5694 23.15
      vertex 52.9848 63.5972 23.15
    endloop
  endfacet
  facet normal -0.472174 -0.881505 -0
    outer loop
      vertex 53.0367 63.5694 23.15
      vertex 52.9848 63.5972 22.15
      vertex 53.0367 63.5694 22.15
    endloop
  endfacet
  facet normal -0.772667 0.634812 0
    outer loop
      vertex 53.0821 63.1079 22.15
      vertex 53.1194 63.1533 23.15
      vertex 53.1194 63.1533 22.15
    endloop
  endfacet
  facet normal -0.772667 0.634812 0
    outer loop
      vertex 53.1194 63.1533 23.15
      vertex 53.0821 63.1079 22.15
      vertex 53.0821 63.1079 23.15
    endloop
  endfacet
  facet normal -0.995121 0.0986616 0
    outer loop
      vertex 53.1642 63.2615 22.15
      vertex 53.17 63.32 23.15
      vertex 53.17 63.32 22.15
    endloop
  endfacet
  facet normal -0.995121 0.0986616 0
    outer loop
      vertex 53.17 63.32 23.15
      vertex 53.1642 63.2615 22.15
      vertex 53.1642 63.2615 23.15
    endloop
  endfacet
  facet normal 0.881505 -0.472174 0
    outer loop
      vertex 51.4928 63.4348 23.15
      vertex 51.5206 63.4867 22.15
      vertex 51.5206 63.4867 23.15
    endloop
  endfacet
  facet normal 0.881505 -0.472174 0
    outer loop
      vertex 51.5206 63.4867 22.15
      vertex 51.4928 63.4348 23.15
      vertex 51.4928 63.4348 22.15
    endloop
  endfacet
  facet normal 0.95731 0.289063 0
    outer loop
      vertex 51.4928 63.2052 23.15
      vertex 51.4758 63.2615 22.15
      vertex 51.4758 63.2615 23.15
    endloop
  endfacet
  facet normal 0.95731 0.289063 0
    outer loop
      vertex 51.4758 63.2615 22.15
      vertex 51.4928 63.2052 23.15
      vertex 51.4928 63.2052 22.15
    endloop
  endfacet
  facet normal -0.0986616 0.995121 0
    outer loop
      vertex 52.9285 63.0258 22.15
      vertex 52.87 63.02 23.15
      vertex 52.9285 63.0258 23.15
    endloop
  endfacet
  facet normal -0.0986616 0.995121 0
    outer loop
      vertex 52.87 63.02 23.15
      vertex 52.9285 63.0258 22.15
      vertex 52.87 63.02 22.15
    endloop
  endfacet
  facet normal -0.772667 -0.634812 0
    outer loop
      vertex 53.1194 63.4867 22.15
      vertex 53.0821 63.5321 23.15
      vertex 53.0821 63.5321 22.15
    endloop
  endfacet
  facet normal -0.772667 -0.634812 0
    outer loop
      vertex 53.0821 63.5321 23.15
      vertex 53.1194 63.4867 22.15
      vertex 53.1194 63.4867 23.15
    endloop
  endfacet
  facet normal -0.881505 0.472174 0
    outer loop
      vertex 53.1194 63.1533 22.15
      vertex 53.1472 63.2052 23.15
      vertex 53.1472 63.2052 22.15
    endloop
  endfacet
  facet normal -0.881505 0.472174 0
    outer loop
      vertex 53.1472 63.2052 23.15
      vertex 53.1194 63.1533 22.15
      vertex 53.1194 63.1533 23.15
    endloop
  endfacet
  facet normal -0.634812 0.772667 0
    outer loop
      vertex 53.0821 63.1079 22.15
      vertex 53.0367 63.0706 23.15
      vertex 53.0821 63.1079 23.15
    endloop
  endfacet
  facet normal -0.634812 0.772667 0
    outer loop
      vertex 53.0367 63.0706 23.15
      vertex 53.0821 63.1079 22.15
      vertex 53.0367 63.0706 22.15
    endloop
  endfacet
  facet normal 0.772667 0.634812 0
    outer loop
      vertex 51.5579 63.1079 23.15
      vertex 51.5206 63.1533 22.15
      vertex 51.5206 63.1533 23.15
    endloop
  endfacet
  facet normal 0.772667 0.634812 0
    outer loop
      vertex 51.5206 63.1533 22.15
      vertex 51.5579 63.1079 23.15
      vertex 51.5579 63.1079 22.15
    endloop
  endfacet
  facet normal 0.472174 0.881505 -0
    outer loop
      vertex 51.6552 63.0428 22.15
      vertex 51.6033 63.0706 23.15
      vertex 51.6552 63.0428 23.15
    endloop
  endfacet
  facet normal 0.472174 0.881505 0
    outer loop
      vertex 51.6033 63.0706 23.15
      vertex 51.6552 63.0428 22.15
      vertex 51.6033 63.0706 22.15
    endloop
  endfacet
  facet normal -0.634812 -0.772667 0
    outer loop
      vertex 53.0367 63.5694 22.15
      vertex 53.0821 63.5321 23.15
      vertex 53.0367 63.5694 23.15
    endloop
  endfacet
  facet normal -0.634812 -0.772667 -0
    outer loop
      vertex 53.0821 63.5321 23.15
      vertex 53.0367 63.5694 22.15
      vertex 53.0821 63.5321 22.15
    endloop
  endfacet
  facet normal -0.472174 0.881505 0
    outer loop
      vertex 53.0367 63.0706 22.15
      vertex 52.9848 63.0428 23.15
      vertex 53.0367 63.0706 23.15
    endloop
  endfacet
  facet normal -0.472174 0.881505 0
    outer loop
      vertex 52.9848 63.0428 23.15
      vertex 53.0367 63.0706 22.15
      vertex 52.9848 63.0428 22.15
    endloop
  endfacet
  facet normal 0.881505 0.472174 0
    outer loop
      vertex 51.5206 63.1533 23.15
      vertex 51.4928 63.2052 22.15
      vertex 51.4928 63.2052 23.15
    endloop
  endfacet
  facet normal 0.881505 0.472174 0
    outer loop
      vertex 51.4928 63.2052 22.15
      vertex 51.5206 63.1533 23.15
      vertex 51.5206 63.1533 22.15
    endloop
  endfacet
  facet normal -0.95731 -0.289063 0
    outer loop
      vertex 57.1942 63.3785 22.15
      vertex 57.1772 63.4348 23.15
      vertex 57.1772 63.4348 22.15
    endloop
  endfacet
  facet normal -0.95731 -0.289063 0
    outer loop
      vertex 57.1772 63.4348 23.15
      vertex 57.1942 63.3785 22.15
      vertex 57.1942 63.3785 23.15
    endloop
  endfacet
  facet normal 0.472174 -0.881505 0
    outer loop
      vertex 55.9333 63.5694 22.15
      vertex 55.9852 63.5972 23.15
      vertex 55.9333 63.5694 23.15
    endloop
  endfacet
  facet normal 0.472174 -0.881505 0
    outer loop
      vertex 55.9852 63.5972 23.15
      vertex 55.9333 63.5694 22.15
      vertex 55.9852 63.5972 22.15
    endloop
  endfacet
  facet normal 0.0986616 -0.995121 0
    outer loop
      vertex 56.0415 63.6142 22.15
      vertex 56.1 63.62 23.15
      vertex 56.0415 63.6142 23.15
    endloop
  endfacet
  facet normal 0.0986616 -0.995121 0
    outer loop
      vertex 56.1 63.62 23.15
      vertex 56.0415 63.6142 22.15
      vertex 56.1 63.62 22.15
    endloop
  endfacet
  facet normal -0.0986616 -0.995121 0
    outer loop
      vertex 56.9 63.62 22.15
      vertex 56.9585 63.6142 23.15
      vertex 56.9 63.62 23.15
    endloop
  endfacet
  facet normal -0.0986616 -0.995121 -0
    outer loop
      vertex 56.9585 63.6142 23.15
      vertex 56.9 63.62 22.15
      vertex 56.9585 63.6142 22.15
    endloop
  endfacet
  facet normal 0 -1 0
    outer loop
      vertex 56.1 63.62 22.15
      vertex 56.9 63.62 23.15
      vertex 56.1 63.62 23.15
    endloop
  endfacet
  facet normal 0 -1 -0
    outer loop
      vertex 56.9 63.62 23.15
      vertex 56.1 63.62 22.15
      vertex 56.9 63.62 22.15
    endloop
  endfacet
  facet normal 0.289063 -0.95731 0
    outer loop
      vertex 55.9852 63.5972 22.15
      vertex 56.0415 63.6142 23.15
      vertex 55.9852 63.5972 23.15
    endloop
  endfacet
  facet normal 0.289063 -0.95731 0
    outer loop
      vertex 56.0415 63.6142 23.15
      vertex 55.9852 63.5972 22.15
      vertex 56.0415 63.6142 22.15
    endloop
  endfacet
  facet normal 0.772667 -0.634812 0
    outer loop
      vertex 55.8506 63.4867 23.15
      vertex 55.8879 63.5321 22.15
      vertex 55.8879 63.5321 23.15
    endloop
  endfacet
  facet normal 0.772667 -0.634812 0
    outer loop
      vertex 55.8879 63.5321 22.15
      vertex 55.8506 63.4867 23.15
      vertex 55.8506 63.4867 22.15
    endloop
  endfacet
  facet normal 0.995121 -0.0986616 0
    outer loop
      vertex 55.8 63.32 23.15
      vertex 55.8058 63.3785 22.15
      vertex 55.8058 63.3785 23.15
    endloop
  endfacet
  facet normal 0.995121 -0.0986616 0
    outer loop
      vertex 55.8058 63.3785 22.15
      vertex 55.8 63.32 23.15
      vertex 55.8 63.32 22.15
    endloop
  endfacet
  facet normal -0.0986616 0.995121 0
    outer loop
      vertex 56.9585 63.0258 22.15
      vertex 56.9 63.02 23.15
      vertex 56.9585 63.0258 23.15
    endloop
  endfacet
  facet normal -0.0986616 0.995121 0
    outer loop
      vertex 56.9 63.02 23.15
      vertex 56.9585 63.0258 22.15
      vertex 56.9 63.02 22.15
    endloop
  endfacet
  facet normal -0.881505 -0.472174 0
    outer loop
      vertex 57.1772 63.4348 22.15
      vertex 57.1494 63.4867 23.15
      vertex 57.1494 63.4867 22.15
    endloop
  endfacet
  facet normal -0.881505 -0.472174 0
    outer loop
      vertex 57.1494 63.4867 23.15
      vertex 57.1772 63.4348 22.15
      vertex 57.1772 63.4348 23.15
    endloop
  endfacet
  facet normal -0.472174 -0.881505 0
    outer loop
      vertex 57.0148 63.5972 22.15
      vertex 57.0667 63.5694 23.15
      vertex 57.0148 63.5972 23.15
    endloop
  endfacet
  facet normal -0.472174 -0.881505 -0
    outer loop
      vertex 57.0667 63.5694 23.15
      vertex 57.0148 63.5972 22.15
      vertex 57.0667 63.5694 22.15
    endloop
  endfacet
  facet normal -0.772667 0.634812 0
    outer loop
      vertex 57.1121 63.1079 22.15
      vertex 57.1494 63.1533 23.15
      vertex 57.1494 63.1533 22.15
    endloop
  endfacet
  facet normal -0.772667 0.634812 0
    outer loop
      vertex 57.1494 63.1533 23.15
      vertex 57.1121 63.1079 22.15
      vertex 57.1121 63.1079 23.15
    endloop
  endfacet
  facet normal -0.634812 0.772667 0
    outer loop
      vertex 57.1121 63.1079 22.15
      vertex 57.0667 63.0706 23.15
      vertex 57.1121 63.1079 23.15
    endloop
  endfacet
  facet normal -0.634812 0.772667 0
    outer loop
      vertex 57.0667 63.0706 23.15
      vertex 57.1121 63.1079 22.15
      vertex 57.0667 63.0706 22.15
    endloop
  endfacet
  facet normal 0.634812 -0.772667 0
    outer loop
      vertex 55.8879 63.5321 22.15
      vertex 55.9333 63.5694 23.15
      vertex 55.8879 63.5321 23.15
    endloop
  endfacet
  facet normal 0.634812 -0.772667 0
    outer loop
      vertex 55.9333 63.5694 23.15
      vertex 55.8879 63.5321 22.15
      vertex 55.9333 63.5694 22.15
    endloop
  endfacet
  facet normal 0.95731 -0.289063 0
    outer loop
      vertex 55.8058 63.3785 23.15
      vertex 55.8228 63.4348 22.15
      vertex 55.8228 63.4348 23.15
    endloop
  endfacet
  facet normal 0.95731 -0.289063 0
    outer loop
      vertex 55.8228 63.4348 22.15
      vertex 55.8058 63.3785 23.15
      vertex 55.8058 63.3785 22.15
    endloop
  endfacet
  facet normal 0.995121 0.0986616 0
    outer loop
      vertex 55.8058 63.2615 23.15
      vertex 55.8 63.32 22.15
      vertex 55.8 63.32 23.15
    endloop
  endfacet
  facet normal 0.995121 0.0986616 0
    outer loop
      vertex 55.8 63.32 22.15
      vertex 55.8058 63.2615 23.15
      vertex 55.8058 63.2615 22.15
    endloop
  endfacet
  facet normal 0.881505 0.472174 0
    outer loop
      vertex 55.8506 63.1533 23.15
      vertex 55.8228 63.2052 22.15
      vertex 55.8228 63.2052 23.15
    endloop
  endfacet
  facet normal 0.881505 0.472174 0
    outer loop
      vertex 55.8228 63.2052 22.15
      vertex 55.8506 63.1533 23.15
      vertex 55.8506 63.1533 22.15
    endloop
  endfacet
  facet normal -0.289063 0.95731 0
    outer loop
      vertex 57.0148 63.0428 22.15
      vertex 56.9585 63.0258 23.15
      vertex 57.0148 63.0428 23.15
    endloop
  endfacet
  facet normal -0.289063 0.95731 0
    outer loop
      vertex 56.9585 63.0258 23.15
      vertex 57.0148 63.0428 22.15
      vertex 56.9585 63.0258 22.15
    endloop
  endfacet
  facet normal 0 1 -0
    outer loop
      vertex 56.9 63.02 22.15
      vertex 56.1 63.02 23.15
      vertex 56.9 63.02 23.15
    endloop
  endfacet
  facet normal 0 1 0
    outer loop
      vertex 56.1 63.02 23.15
      vertex 56.9 63.02 22.15
      vertex 56.1 63.02 22.15
    endloop
  endfacet
  facet normal 0.472174 0.881505 -0
    outer loop
      vertex 55.9852 63.0428 22.15
      vertex 55.9333 63.0706 23.15
      vertex 55.9852 63.0428 23.15
    endloop
  endfacet
  facet normal 0.472174 0.881505 0
    outer loop
      vertex 55.9333 63.0706 23.15
      vertex 55.9852 63.0428 22.15
      vertex 55.9333 63.0706 22.15
    endloop
  endfacet
  facet normal -0.772667 -0.634812 0
    outer loop
      vertex 57.1494 63.4867 22.15
      vertex 57.1121 63.5321 23.15
      vertex 57.1121 63.5321 22.15
    endloop
  endfacet
  facet normal -0.772667 -0.634812 0
    outer loop
      vertex 57.1121 63.5321 23.15
      vertex 57.1494 63.4867 22.15
      vertex 57.1494 63.4867 23.15
    endloop
  endfacet
  facet normal -0.634812 -0.772667 0
    outer loop
      vertex 57.0667 63.5694 22.15
      vertex 57.1121 63.5321 23.15
      vertex 57.0667 63.5694 23.15
    endloop
  endfacet
  facet normal -0.634812 -0.772667 -0
    outer loop
      vertex 57.1121 63.5321 23.15
      vertex 57.0667 63.5694 22.15
      vertex 57.1121 63.5321 22.15
    endloop
  endfacet
  facet normal -0.289063 -0.95731 0
    outer loop
      vertex 56.9585 63.6142 22.15
      vertex 57.0148 63.5972 23.15
      vertex 56.9585 63.6142 23.15
    endloop
  endfacet
  facet normal -0.289063 -0.95731 -0
    outer loop
      vertex 57.0148 63.5972 23.15
      vertex 56.9585 63.6142 22.15
      vertex 57.0148 63.5972 22.15
    endloop
  endfacet
  facet normal -0.881505 0.472174 0
    outer loop
      vertex 57.1494 63.1533 22.15
      vertex 57.1772 63.2052 23.15
      vertex 57.1772 63.2052 22.15
    endloop
  endfacet
  facet normal -0.881505 0.472174 0
    outer loop
      vertex 57.1772 63.2052 23.15
      vertex 57.1494 63.1533 22.15
      vertex 57.1494 63.1533 23.15
    endloop
  endfacet
  facet normal -0.472174 0.881505 0
    outer loop
      vertex 57.0667 63.0706 22.15
      vertex 57.0148 63.0428 23.15
      vertex 57.0667 63.0706 23.15
    endloop
  endfacet
  facet normal -0.472174 0.881505 0
    outer loop
      vertex 57.0148 63.0428 23.15
      vertex 57.0667 63.0706 22.15
      vertex 57.0148 63.0428 22.15
    endloop
  endfacet
  facet normal 0.881505 -0.472174 0
    outer loop
      vertex 55.8228 63.4348 23.15
      vertex 55.8506 63.4867 22.15
      vertex 55.8506 63.4867 23.15
    endloop
  endfacet
  facet normal 0.881505 -0.472174 0
    outer loop
      vertex 55.8506 63.4867 22.15
      vertex 55.8228 63.4348 23.15
      vertex 55.8228 63.4348 22.15
    endloop
  endfacet
  facet normal 0.95731 0.289063 0
    outer loop
      vertex 55.8228 63.2052 23.15
      vertex 55.8058 63.2615 22.15
      vertex 55.8058 63.2615 23.15
    endloop
  endfacet
  facet normal 0.95731 0.289063 0
    outer loop
      vertex 55.8058 63.2615 22.15
      vertex 55.8228 63.2052 23.15
      vertex 55.8228 63.2052 22.15
    endloop
  endfacet
  facet normal 0.634812 0.772667 -0
    outer loop
      vertex 55.9333 63.0706 22.15
      vertex 55.8879 63.1079 23.15
      vertex 55.9333 63.0706 23.15
    endloop
  endfacet
  facet normal 0.634812 0.772667 0
    outer loop
      vertex 55.8879 63.1079 23.15
      vertex 55.9333 63.0706 22.15
      vertex 55.8879 63.1079 22.15
    endloop
  endfacet
  facet normal 0.0986616 0.995121 -0
    outer loop
      vertex 56.1 63.02 22.15
      vertex 56.0415 63.0258 23.15
      vertex 56.1 63.02 23.15
    endloop
  endfacet
  facet normal 0.0986616 0.995121 0
    outer loop
      vertex 56.0415 63.0258 23.15
      vertex 56.1 63.02 22.15
      vertex 56.0415 63.0258 22.15
    endloop
  endfacet
  facet normal -0.995121 -0.0986616 0
    outer loop
      vertex 57.2 63.32 22.15
      vertex 57.1942 63.3785 23.15
      vertex 57.1942 63.3785 22.15
    endloop
  endfacet
  facet normal -0.995121 -0.0986616 0
    outer loop
      vertex 57.1942 63.3785 23.15
      vertex 57.2 63.32 22.15
      vertex 57.2 63.32 23.15
    endloop
  endfacet
  facet normal -0.95731 0.289063 0
    outer loop
      vertex 57.1772 63.2052 22.15
      vertex 57.1942 63.2615 23.15
      vertex 57.1942 63.2615 22.15
    endloop
  endfacet
  facet normal -0.95731 0.289063 0
    outer loop
      vertex 57.1942 63.2615 23.15
      vertex 57.1772 63.2052 22.15
      vertex 57.1772 63.2052 23.15
    endloop
  endfacet
  facet normal 0.772667 0.634812 0
    outer loop
      vertex 55.8879 63.1079 23.15
      vertex 55.8506 63.1533 22.15
      vertex 55.8506 63.1533 23.15
    endloop
  endfacet
  facet normal 0.772667 0.634812 0
    outer loop
      vertex 55.8506 63.1533 22.15
      vertex 55.8879 63.1079 23.15
      vertex 55.8879 63.1079 22.15
    endloop
  endfacet
  facet normal 0.289063 0.95731 -0
    outer loop
      vertex 56.0415 63.0258 22.15
      vertex 55.9852 63.0428 23.15
      vertex 56.0415 63.0258 23.15
    endloop
  endfacet
  facet normal 0.289063 0.95731 0
    outer loop
      vertex 55.9852 63.0428 23.15
      vertex 56.0415 63.0258 22.15
      vertex 55.9852 63.0428 22.15
    endloop
  endfacet
  facet normal -0.995121 0.0986616 0
    outer loop
      vertex 57.1942 63.2615 22.15
      vertex 57.2 63.32 23.15
      vertex 57.2 63.32 22.15
    endloop
  endfacet
  facet normal -0.995121 0.0986616 0
    outer loop
      vertex 57.2 63.32 23.15
      vertex 57.1942 63.2615 22.15
      vertex 57.1942 63.2615 23.15
    endloop
  endfacet
  facet normal -1 0 0
    outer loop
      vertex 50.9 46 22.15
      vertex 50.9 72 23.15
      vertex 50.9 72 22.15
    endloop
  endfacet
  facet normal -1 -0 0
    outer loop
      vertex 50.9 72 23.15
      vertex 50.9 46 22.15
      vertex 50.9 46 23.15
    endloop
  endfacet
  facet normal 0 0 1
    outer loop
      vertex 54.2327 47.478 23.15
      vertex 52.8173 47.478 23.15
      vertex 52.825 47.4 23.15
    endloop
  endfacet
  facet normal 0 0 1
    outer loop
      vertex 54.05 51 23.15
      vertex 52.7946 47.5531 23.15
      vertex 52.8173 47.478 23.15
    endloop
  endfacet
  facet normal 0 0 1
    outer loop
      vertex 54.05 51 23.15
      vertex 52.7576 47.6222 23.15
      vertex 52.7946 47.5531 23.15
    endloop
  endfacet
  facet normal 0 0 1
    outer loop
      vertex 54.05 51 23.15
      vertex 52.7078 47.6828 23.15
      vertex 52.7576 47.6222 23.15
    endloop
  endfacet
  facet normal 0 0 1
    outer loop
      vertex 54.05 51 23.15
      vertex 52.6472 47.7326 23.15
      vertex 52.7078 47.6828 23.15
    endloop
  endfacet
  facet normal 0 0 1
    outer loop
      vertex 54.05 51 23.15
      vertex 52.5781 47.7696 23.15
      vertex 52.6472 47.7326 23.15
    endloop
  endfacet
  facet normal 0 0 1
    outer loop
      vertex 54.05 51 23.15
      vertex 52.503 47.7923 23.15
      vertex 52.5781 47.7696 23.15
    endloop
  endfacet
  facet normal 0 0 1
    outer loop
      vertex 54.05 51 23.15
      vertex 52.425 47.8 23.15
      vertex 52.503 47.7923 23.15
    endloop
  endfacet
  facet normal 0 0 1
    outer loop
      vertex 54.0603 51.1566 23.15
      vertex 51.7115 54.3858 23.15
      vertex 54.05 51 23.15
    endloop
  endfacet
  facet normal 0 0 1
    outer loop
      vertex 54.05 51 23.15
      vertex 52.347 47.7923 23.15
      vertex 52.425 47.8 23.15
    endloop
  endfacet
  facet normal 0 0 1
    outer loop
      vertex 51.6552 54.4028 23.15
      vertex 54.05 51 23.15
      vertex 51.7115 54.3858 23.15
    endloop
  endfacet
  facet normal 0 0 1
    outer loop
      vertex 54.05 51 23.15
      vertex 52.2719 47.7696 23.15
      vertex 52.347 47.7923 23.15
    endloop
  endfacet
  facet normal 0 -0 1
    outer loop
      vertex 52.2028 47.7326 23.15
      vertex 54.05 51 23.15
      vertex 51.6552 54.4028 23.15
    endloop
  endfacet
  facet normal 0 0 1
    outer loop
      vertex 54.05 51 23.15
      vertex 52.2028 47.7326 23.15
      vertex 52.2719 47.7696 23.15
    endloop
  endfacet
  facet normal 0 0 1
    outer loop
      vertex 51.6033 54.4306 23.15
      vertex 52.2028 47.7326 23.15
      vertex 51.6552 54.4028 23.15
    endloop
  endfacet
  facet normal 0 0 1
    outer loop
      vertex 51.5579 54.4679 23.15
      vertex 52.1422 47.6828 23.15
      vertex 51.6033 54.4306 23.15
    endloop
  endfacet
  facet normal 0 0 1
    outer loop
      vertex 52.2028 47.7326 23.15
      vertex 51.6033 54.4306 23.15
      vertex 52.1422 47.6828 23.15
    endloop
  endfacet
  facet normal 0 0 1
    outer loop
      vertex 56.0415 63.0258 23.15
      vertex 53.0902 61.7094 23.15
      vertex 56.1 63.02 23.15
    endloop
  endfacet
  facet normal 0 0 1
    outer loop
      vertex 56.1 54.98 23.15
      vertex 53.1388 56.1734 23.15
      vertex 53.145 56.11 23.15
    endloop
  endfacet
  facet normal 0 0 1
    outer loop
      vertex 53.0498 61.6602 23.15
      vertex 56.1 63.02 23.15
      vertex 53.0902 61.7094 23.15
    endloop
  endfacet
  facet normal 0 0 1
    outer loop
      vertex 56.1 54.98 23.15
      vertex 53.1203 56.2344 23.15
      vertex 53.1388 56.1734 23.15
    endloop
  endfacet
  facet normal 0 0 1
    outer loop
      vertex 56.1 63.02 23.15
      vertex 53.0498 61.6602 23.15
      vertex 56.1 54.98 23.15
    endloop
  endfacet
  facet normal 0 0 1
    outer loop
      vertex 56.1 54.98 23.15
      vertex 53.0902 56.2906 23.15
      vertex 53.1203 56.2344 23.15
    endloop
  endfacet
  facet normal -0 0 1
    outer loop
      vertex 53.0498 56.3398 23.15
      vertex 56.1 54.98 23.15
      vertex 53.0498 61.6602 23.15
    endloop
  endfacet
  facet normal 0 0 1
    outer loop
      vertex 56.1 54.98 23.15
      vertex 53.0498 56.3398 23.15
      vertex 53.0902 56.2906 23.15
    endloop
  endfacet
  facet normal -0 0 1
    outer loop
      vertex 53.0006 61.6198 23.15
      vertex 53.0498 56.3398 23.15
      vertex 53.0498 61.6602 23.15
    endloop
  endfacet
  facet normal 0 0 1
    outer loop
      vertex 53.0006 61.6198 23.15
      vertex 53.0006 56.3802 23.15
      vertex 53.0498 56.3398 23.15
    endloop
  endfacet
  facet normal -0 0 1
    outer loop
      vertex 52.9444 61.5897 23.15
      vertex 53.0006 56.3802 23.15
      vertex 53.0006 61.6198 23.15
    endloop
  endfacet
  facet normal 0 0 1
    outer loop
      vertex 52.9444 61.5897 23.15
      vertex 52.9444 56.4103 23.15
      vertex 53.0006 56.3802 23.15
    endloop
  endfacet
  facet normal -0 0 1
    outer loop
      vertex 52.8834 61.5712 23.15
      vertex 52.9444 56.4103 23.15
      vertex 52.9444 61.5897 23.15
    endloop
  endfacet
  facet normal 0 0 1
    outer loop
      vertex 52.8834 61.5712 23.15
      vertex 52.8834 56.4288 23.15
      vertex 52.9444 56.4103 23.15
    endloop
  endfacet
  facet normal -0 0 1
    outer loop
      vertex 52.82 61.565 23.15
      vertex 52.8834 56.4288 23.15
      vertex 52.8834 61.5712 23.15
    endloop
  endfacet
  facet normal 0 0 1
    outer loop
      vertex 52.82 61.565 23.15
      vertex 52.82 56.435 23.15
      vertex 52.8834 56.4288 23.15
    endloop
  endfacet
  facet normal 0 0 1
    outer loop
      vertex 52.7566 61.5712 23.15
      vertex 52.82 56.435 23.15
      vertex 52.82 61.565 23.15
    endloop
  endfacet
  facet normal 0 0 1
    outer loop
      vertex 52.7566 61.5712 23.15
      vertex 52.7566 56.4288 23.15
      vertex 52.82 56.435 23.15
    endloop
  endfacet
  facet normal 0 0 1
    outer loop
      vertex 52.6956 61.5897 23.15
      vertex 52.7566 56.4288 23.15
      vertex 52.7566 61.5712 23.15
    endloop
  endfacet
  facet normal 0 0 1
    outer loop
      vertex 52.6956 61.5897 23.15
      vertex 52.6956 56.4103 23.15
      vertex 52.7566 56.4288 23.15
    endloop
  endfacet
  facet normal 0 0 1
    outer loop
      vertex 52.6394 61.6198 23.15
      vertex 52.6956 56.4103 23.15
      vertex 52.6956 61.5897 23.15
    endloop
  endfacet
  facet normal 0 0 1
    outer loop
      vertex 52.6394 61.6198 23.15
      vertex 52.6394 56.3802 23.15
      vertex 52.6956 56.4103 23.15
    endloop
  endfacet
  facet normal 0 0 1
    outer loop
      vertex 52.5902 61.6602 23.15
      vertex 52.6394 56.3802 23.15
      vertex 52.6394 61.6198 23.15
    endloop
  endfacet
  facet normal 0 0 1
    outer loop
      vertex 52.5902 61.6602 23.15
      vertex 52.5902 56.3398 23.15
      vertex 52.6394 56.3802 23.15
    endloop
  endfacet
  facet normal 0 0 1
    outer loop
      vertex 52.5498 61.7094 23.15
      vertex 52.5902 56.3398 23.15
      vertex 52.5902 61.6602 23.15
    endloop
  endfacet
  facet normal 0 0 1
    outer loop
      vertex 52.5498 61.7094 23.15
      vertex 52.5498 56.2906 23.15
      vertex 52.5902 56.3398 23.15
    endloop
  endfacet
  facet normal 0 0 1
    outer loop
      vertex 52.5197 61.7656 23.15
      vertex 52.5498 56.2906 23.15
      vertex 52.5498 61.7094 23.15
    endloop
  endfacet
  facet normal 0 0 1
    outer loop
      vertex 52.5197 61.7656 23.15
      vertex 52.5197 56.2344 23.15
      vertex 52.5498 56.2906 23.15
    endloop
  endfacet
  facet normal 0 0 1
    outer loop
      vertex 51.6033 63.0706 23.15
      vertex 52.5197 61.7656 23.15
      vertex 52.5012 61.8266 23.15
    endloop
  endfacet
  facet normal 0 0 1
    outer loop
      vertex 52.5197 61.7656 23.15
      vertex 51.5579 63.1079 23.15
      vertex 52.5197 56.2344 23.15
    endloop
  endfacet
  facet normal 0 0 1
    outer loop
      vertex 51.6552 63.0428 23.15
      vertex 52.5012 61.8266 23.15
      vertex 52.495 61.89 23.15
    endloop
  endfacet
  facet normal 0 0 1
    outer loop
      vertex 51.5579 54.8921 23.15
      vertex 52.5197 56.2344 23.15
      vertex 51.5579 63.1079 23.15
    endloop
  endfacet
  facet normal 0 0 1
    outer loop
      vertex 56.1 54.98 23.15
      vertex 53.145 56.11 23.15
      vertex 56.0415 54.9742 23.15
    endloop
  endfacet
  facet normal 0 0 1
    outer loop
      vertex 56.0415 54.9742 23.15
      vertex 53.145 56.11 23.15
      vertex 55.9852 54.9572 23.15
    endloop
  endfacet
  facet normal 0 0 1
    outer loop
      vertex 53.1388 61.9534 23.15
      vertex 53.1642 63.2615 23.15
      vertex 53.1472 63.2052 23.15
    endloop
  endfacet
  facet normal -0 0 1
    outer loop
      vertex 53.1388 56.0466 23.15
      vertex 55.9852 54.9572 23.15
      vertex 53.145 56.11 23.15
    endloop
  endfacet
  facet normal 0 0 1
    outer loop
      vertex 55.9852 54.9572 23.15
      vertex 53.1642 54.7385 23.15
      vertex 53.17 54.68 23.15
    endloop
  endfacet
  facet normal 0 0 1
    outer loop
      vertex 53.1642 63.2615 23.15
      vertex 53.1388 61.9534 23.15
      vertex 53.145 61.89 23.15
    endloop
  endfacet
  facet normal 0 0 1
    outer loop
      vertex 53.1472 63.2052 23.15
      vertex 53.1203 62.0144 23.15
      vertex 53.1388 61.9534 23.15
    endloop
  endfacet
  facet normal -0 0 1
    outer loop
      vertex 53.1194 63.1533 23.15
      vertex 53.1203 62.0144 23.15
      vertex 53.1472 63.2052 23.15
    endloop
  endfacet
  facet normal 0 0 1
    outer loop
      vertex 53.1194 63.1533 23.15
      vertex 53.0902 62.0706 23.15
      vertex 53.1203 62.0144 23.15
    endloop
  endfacet
  facet normal -0 0 1
    outer loop
      vertex 53.0821 63.1079 23.15
      vertex 53.0902 62.0706 23.15
      vertex 53.1194 63.1533 23.15
    endloop
  endfacet
  facet normal 0 0 1
    outer loop
      vertex 53.0821 63.1079 23.15
      vertex 53.0498 62.1198 23.15
      vertex 53.0902 62.0706 23.15
    endloop
  endfacet
  facet normal -0 0 1
    outer loop
      vertex 53.0367 63.0706 23.15
      vertex 53.0498 62.1198 23.15
      vertex 53.0821 63.1079 23.15
    endloop
  endfacet
  facet normal 0 0 1
    outer loop
      vertex 53.0367 63.0706 23.15
      vertex 53.0006 62.1602 23.15
      vertex 53.0498 62.1198 23.15
    endloop
  endfacet
  facet normal -0 0 1
    outer loop
      vertex 52.9848 63.0428 23.15
      vertex 53.0006 62.1602 23.15
      vertex 53.0367 63.0706 23.15
    endloop
  endfacet
  facet normal 0 0 1
    outer loop
      vertex 52.9848 63.0428 23.15
      vertex 52.9444 62.1903 23.15
      vertex 53.0006 62.1602 23.15
    endloop
  endfacet
  facet normal -0 0 1
    outer loop
      vertex 52.9285 63.0258 23.15
      vertex 52.9444 62.1903 23.15
      vertex 52.9848 63.0428 23.15
    endloop
  endfacet
  facet normal 0 0 1
    outer loop
      vertex 52.9285 63.0258 23.15
      vertex 52.8834 62.2088 23.15
      vertex 52.9444 62.1903 23.15
    endloop
  endfacet
  facet normal -0 0 1
    outer loop
      vertex 52.87 63.02 23.15
      vertex 52.8834 62.2088 23.15
      vertex 52.9285 63.0258 23.15
    endloop
  endfacet
  facet normal 0 0 1
    outer loop
      vertex 52.87 63.02 23.15
      vertex 52.82 62.215 23.15
      vertex 52.8834 62.2088 23.15
    endloop
  endfacet
  facet normal 0 0 1
    outer loop
      vertex 52.87 63.02 23.15
      vertex 52.7566 62.2088 23.15
      vertex 52.82 62.215 23.15
    endloop
  endfacet
  facet normal 0 0 1
    outer loop
      vertex 52.87 63.02 23.15
      vertex 52.6956 62.1903 23.15
      vertex 52.7566 62.2088 23.15
    endloop
  endfacet
  facet normal 0 0 1
    outer loop
      vertex 52.87 63.02 23.15
      vertex 52.6394 62.1602 23.15
      vertex 52.6956 62.1903 23.15
    endloop
  endfacet
  facet normal -0 0 1
    outer loop
      vertex 51.77 63.02 23.15
      vertex 52.6394 62.1602 23.15
      vertex 52.87 63.02 23.15
    endloop
  endfacet
  facet normal 0 0 1
    outer loop
      vertex 52.6394 62.1602 23.15
      vertex 51.77 63.02 23.15
      vertex 52.5902 62.1198 23.15
    endloop
  endfacet
  facet normal 0 0 1
    outer loop
      vertex 52.5902 62.1198 23.15
      vertex 51.77 63.02 23.15
      vertex 52.5498 62.0706 23.15
    endloop
  endfacet
  facet normal 0 0 1
    outer loop
      vertex 52.5012 61.9534 23.15
      vertex 51.7115 63.0258 23.15
      vertex 52.495 61.89 23.15
    endloop
  endfacet
  facet normal 0 0 1
    outer loop
      vertex 51.7115 63.0258 23.15
      vertex 52.5012 61.9534 23.15
      vertex 51.77 63.02 23.15
    endloop
  endfacet
  facet normal 0 0 1
    outer loop
      vertex 52.5197 62.0144 23.15
      vertex 51.77 63.02 23.15
      vertex 52.5012 61.9534 23.15
    endloop
  endfacet
  facet normal 0 0 1
    outer loop
      vertex 52.5498 62.0706 23.15
      vertex 51.77 63.02 23.15
      vertex 52.5197 62.0144 23.15
    endloop
  endfacet
  facet normal -0 0 1
    outer loop
      vertex 53.1203 55.9856 23.15
      vertex 55.9852 54.9572 23.15
      vertex 53.1388 56.0466 23.15
    endloop
  endfacet
  facet normal 0 0 1
    outer loop
      vertex 55.9852 54.9572 23.15
      vertex 53.1472 54.7948 23.15
      vertex 53.1642 54.7385 23.15
    endloop
  endfacet
  facet normal 0 0 1
    outer loop
      vertex 55.9852 54.9572 23.15
      vertex 53.1203 55.9856 23.15
      vertex 53.1472 54.7948 23.15
    endloop
  endfacet
  facet normal 0 0 1
    outer loop
      vertex 53.1203 55.9856 23.15
      vertex 53.1194 54.8467 23.15
      vertex 53.1472 54.7948 23.15
    endloop
  endfacet
  facet normal -0 0 1
    outer loop
      vertex 53.0902 55.9294 23.15
      vertex 53.1194 54.8467 23.15
      vertex 53.1203 55.9856 23.15
    endloop
  endfacet
  facet normal 0 0 1
    outer loop
      vertex 53.0902 55.9294 23.15
      vertex 53.0821 54.8921 23.15
      vertex 53.1194 54.8467 23.15
    endloop
  endfacet
  facet normal -0 0 1
    outer loop
      vertex 53.0498 55.8802 23.15
      vertex 53.0821 54.8921 23.15
      vertex 53.0902 55.9294 23.15
    endloop
  endfacet
  facet normal 0 0 1
    outer loop
      vertex 53.0498 55.8802 23.15
      vertex 53.0367 54.9294 23.15
      vertex 53.0821 54.8921 23.15
    endloop
  endfacet
  facet normal -0 0 1
    outer loop
      vertex 53.0006 55.8398 23.15
      vertex 53.0367 54.9294 23.15
      vertex 53.0498 55.8802 23.15
    endloop
  endfacet
  facet normal 0 0 1
    outer loop
      vertex 53.0006 55.8398 23.15
      vertex 52.9848 54.9572 23.15
      vertex 53.0367 54.9294 23.15
    endloop
  endfacet
  facet normal -0 0 1
    outer loop
      vertex 52.9444 55.8097 23.15
      vertex 52.9848 54.9572 23.15
      vertex 53.0006 55.8398 23.15
    endloop
  endfacet
  facet normal 0 0 1
    outer loop
      vertex 52.9444 55.8097 23.15
      vertex 52.9285 54.9742 23.15
      vertex 52.9848 54.9572 23.15
    endloop
  endfacet
  facet normal -0 0 1
    outer loop
      vertex 52.8834 55.7912 23.15
      vertex 52.9285 54.9742 23.15
      vertex 52.9444 55.8097 23.15
    endloop
  endfacet
  facet normal 0 0 1
    outer loop
      vertex 52.8834 55.7912 23.15
      vertex 52.87 54.98 23.15
      vertex 52.9285 54.9742 23.15
    endloop
  endfacet
  facet normal -0 0 1
    outer loop
      vertex 52.82 55.785 23.15
      vertex 52.87 54.98 23.15
      vertex 52.8834 55.7912 23.15
    endloop
  endfacet
  facet normal 0 0 1
    outer loop
      vertex 52.7566 55.7912 23.15
      vertex 52.87 54.98 23.15
      vertex 52.82 55.785 23.15
    endloop
  endfacet
  facet normal 0 0 1
    outer loop
      vertex 52.6956 55.8097 23.15
      vertex 52.87 54.98 23.15
      vertex 52.7566 55.7912 23.15
    endloop
  endfacet
  facet normal 0 0 1
    outer loop
      vertex 52.6394 55.8398 23.15
      vertex 52.87 54.98 23.15
      vertex 52.6956 55.8097 23.15
    endloop
  endfacet
  facet normal 0 0 1
    outer loop
      vertex 51.77 54.98 23.15
      vertex 52.6394 55.8398 23.15
      vertex 52.5902 55.8802 23.15
    endloop
  endfacet
  facet normal 0 0 1
    outer loop
      vertex 51.77 54.98 23.15
      vertex 52.5902 55.8802 23.15
      vertex 52.5498 55.9294 23.15
    endloop
  endfacet
  facet normal 0 0 1
    outer loop
      vertex 51.77 54.98 23.15
      vertex 52.5498 55.9294 23.15
      vertex 52.5197 55.9856 23.15
    endloop
  endfacet
  facet normal 0 0 1
    outer loop
      vertex 51.6552 63.0428 23.15
      vertex 52.495 61.89 23.15
      vertex 51.7115 63.0258 23.15
    endloop
  endfacet
  facet normal 0 0 1
    outer loop
      vertex 52.6394 55.8398 23.15
      vertex 51.77 54.98 23.15
      vertex 52.87 54.98 23.15
    endloop
  endfacet
  facet normal 0 0 1
    outer loop
      vertex 52.5012 56.0466 23.15
      vertex 51.77 54.98 23.15
      vertex 52.5197 55.9856 23.15
    endloop
  endfacet
  facet normal 0 0 1
    outer loop
      vertex 52.5012 61.8266 23.15
      vertex 51.6552 63.0428 23.15
      vertex 51.6033 63.0706 23.15
    endloop
  endfacet
  facet normal 0 0 1
    outer loop
      vertex 52.5197 61.7656 23.15
      vertex 51.6033 63.0706 23.15
      vertex 51.5579 63.1079 23.15
    endloop
  endfacet
  facet normal 0 0 1
    outer loop
      vertex 52.5012 56.0466 23.15
      vertex 51.7115 54.9742 23.15
      vertex 51.77 54.98 23.15
    endloop
  endfacet
  facet normal 0 -0 1
    outer loop
      vertex 51.6033 54.9294 23.15
      vertex 52.5197 56.2344 23.15
      vertex 51.5579 54.8921 23.15
    endloop
  endfacet
  facet normal 0 0 1
    outer loop
      vertex 52.495 56.11 23.15
      vertex 51.7115 54.9742 23.15
      vertex 52.5012 56.0466 23.15
    endloop
  endfacet
  facet normal 0 0 1
    outer loop
      vertex 52.5197 56.2344 23.15
      vertex 51.6033 54.9294 23.15
      vertex 52.5012 56.1734 23.15
    endloop
  endfacet
  facet normal 0 -0 1
    outer loop
      vertex 51.7115 54.9742 23.15
      vertex 52.495 56.11 23.15
      vertex 51.6552 54.9572 23.15
    endloop
  endfacet
  facet normal 0 -0 1
    outer loop
      vertex 51.6552 54.9572 23.15
      vertex 52.5012 56.1734 23.15
      vertex 51.6033 54.9294 23.15
    endloop
  endfacet
  facet normal 0 0 1
    outer loop
      vertex 52.5012 56.1734 23.15
      vertex 51.6552 54.9572 23.15
      vertex 52.495 56.11 23.15
    endloop
  endfacet
  facet normal 0 0 1
    outer loop
      vertex 51.5206 63.1533 23.15
      vertex 51.5579 54.8921 23.15
      vertex 51.5579 63.1079 23.15
    endloop
  endfacet
  facet normal 0 0 1
    outer loop
      vertex 51.5206 63.1533 23.15
      vertex 51.5206 54.8467 23.15
      vertex 51.5579 54.8921 23.15
    endloop
  endfacet
  facet normal 0 0 1
    outer loop
      vertex 51.4928 63.2052 23.15
      vertex 51.5206 54.8467 23.15
      vertex 51.5206 63.1533 23.15
    endloop
  endfacet
  facet normal 0 0 1
    outer loop
      vertex 51.4928 63.2052 23.15
      vertex 51.4928 54.7948 23.15
      vertex 51.5206 54.8467 23.15
    endloop
  endfacet
  facet normal 0 0 1
    outer loop
      vertex 51.4758 63.2615 23.15
      vertex 51.4928 54.7948 23.15
      vertex 51.4928 63.2052 23.15
    endloop
  endfacet
  facet normal 0 0 1
    outer loop
      vertex 51.4758 63.2615 23.15
      vertex 51.4758 54.7385 23.15
      vertex 51.4928 54.7948 23.15
    endloop
  endfacet
  facet normal 0 0 1
    outer loop
      vertex 51.47 63.32 23.15
      vertex 51.4758 54.7385 23.15
      vertex 51.4758 63.2615 23.15
    endloop
  endfacet
  facet normal 0 0 1
    outer loop
      vertex 51.4758 54.7385 23.15
      vertex 51.47 63.32 23.15
      vertex 51.47 54.68 23.15
    endloop
  endfacet
  facet normal -0 0 1
    outer loop
      vertex 52.503 70.2077 23.15
      vertex 54.298 67.7305 23.15
      vertex 52.5781 70.2304 23.15
    endloop
  endfacet
  facet normal 0 0 1
    outer loop
      vertex 54.298 67.7305 23.15
      vertex 52.503 70.2077 23.15
      vertex 54.2108 67.6 23.15
    endloop
  endfacet
  facet normal -0 0 1
    outer loop
      vertex 52.425 70.2 23.15
      vertex 54.2108 67.6 23.15
      vertex 52.503 70.2077 23.15
    endloop
  endfacet
  facet normal 0 0 1
    outer loop
      vertex 54.2108 67.6 23.15
      vertex 52.425 70.2 23.15
      vertex 54.1413 67.4592 23.15
    endloop
  endfacet
  facet normal 0 0 1
    outer loop
      vertex 52.347 70.2077 23.15
      vertex 54.1413 67.4592 23.15
      vertex 52.425 70.2 23.15
    endloop
  endfacet
  facet normal 0 0 1
    outer loop
      vertex 54.1413 67.4592 23.15
      vertex 52.347 70.2077 23.15
      vertex 54.0909 67.3106 23.15
    endloop
  endfacet
  facet normal 0 0 1
    outer loop
      vertex 52.2719 70.2304 23.15
      vertex 54.0909 67.3106 23.15
      vertex 52.347 70.2077 23.15
    endloop
  endfacet
  facet normal 0 0 1
    outer loop
      vertex 54.0909 67.3106 23.15
      vertex 52.2719 70.2304 23.15
      vertex 54.0603 67.1566 23.15
    endloop
  endfacet
  facet normal 0 0 1
    outer loop
      vertex 54.0603 67.1566 23.15
      vertex 52.2719 70.2304 23.15
      vertex 54.05 67 23.15
    endloop
  endfacet
  facet normal 0 0 1
    outer loop
      vertex 52.2028 70.2674 23.15
      vertex 54.05 67 23.15
      vertex 52.2719 70.2304 23.15
    endloop
  endfacet
  facet normal 0 0 1
    outer loop
      vertex 54.05 67 23.15
      vertex 52.2028 70.2674 23.15
      vertex 51.6552 63.5972 23.15
    endloop
  endfacet
  facet normal 0 0 1
    outer loop
      vertex 51.6033 63.5694 23.15
      vertex 52.2028 70.2674 23.15
      vertex 52.1422 70.3172 23.15
    endloop
  endfacet
  facet normal 0 0 1
    outer loop
      vertex 51.5579 63.5321 23.15
      vertex 52.1422 70.3172 23.15
      vertex 52.0924 70.3778 23.15
    endloop
  endfacet
  facet normal 0 0 1
    outer loop
      vertex 51.5206 63.4867 23.15
      vertex 52.0924 70.3778 23.15
      vertex 52.0554 70.4469 23.15
    endloop
  endfacet
  facet normal 0 0 1
    outer loop
      vertex 50.9 72 23.15
      vertex 52.0554 70.4469 23.15
      vertex 52.0327 70.522 23.15
    endloop
  endfacet
  facet normal 0 0 1
    outer loop
      vertex 54.05 67 23.15
      vertex 51.77 63.62 23.15
      vertex 52.87 63.62 23.15
    endloop
  endfacet
  facet normal 0 0 1
    outer loop
      vertex 50.9 72 23.15
      vertex 52.0327 70.522 23.15
      vertex 52.025 70.6 23.15
    endloop
  endfacet
  facet normal 0 0 1
    outer loop
      vertex 56.4327 47.478 23.15
      vertex 55.0173 47.478 23.15
      vertex 55.025 47.4 23.15
    endloop
  endfacet
  facet normal 0 0 1
    outer loop
      vertex 55.25 49.8 23.15
      vertex 54.9946 47.5531 23.15
      vertex 55.0173 47.478 23.15
    endloop
  endfacet
  facet normal 0 0 1
    outer loop
      vertex 55.25 49.8 23.15
      vertex 54.9576 47.6222 23.15
      vertex 54.9946 47.5531 23.15
    endloop
  endfacet
  facet normal 0 0 1
    outer loop
      vertex 54.703 47.7923 23.15
      vertex 55.0934 49.8103 23.15
      vertex 54.9394 49.8409 23.15
    endloop
  endfacet
  facet normal 0 0 1
    outer loop
      vertex 55.25 49.8 23.15
      vertex 54.9078 47.6828 23.15
      vertex 54.9576 47.6222 23.15
    endloop
  endfacet
  facet normal 0 0 1
    outer loop
      vertex 55.25 49.8 23.15
      vertex 54.8472 47.7326 23.15
      vertex 54.9078 47.6828 23.15
    endloop
  endfacet
  facet normal 0 0 1
    outer loop
      vertex 54.625 47.8 23.15
      vertex 54.9394 49.8409 23.15
      vertex 54.7908 49.8913 23.15
    endloop
  endfacet
  facet normal 0 0 1
    outer loop
      vertex 55.25 49.8 23.15
      vertex 54.7781 47.7696 23.15
      vertex 54.8472 47.7326 23.15
    endloop
  endfacet
  facet normal 0 0 1
    outer loop
      vertex 55.0934 49.8103 23.15
      vertex 54.703 47.7923 23.15
      vertex 54.7781 47.7696 23.15
    endloop
  endfacet
  facet normal 0 0 1
    outer loop
      vertex 54.547 47.7923 23.15
      vertex 54.7908 49.8913 23.15
      vertex 54.65 49.9608 23.15
    endloop
  endfacet
  facet normal 0 0 1
    outer loop
      vertex 54.9394 49.8409 23.15
      vertex 54.625 47.8 23.15
      vertex 54.703 47.7923 23.15
    endloop
  endfacet
  facet normal 0 0 1
    outer loop
      vertex 54.7908 49.8913 23.15
      vertex 54.547 47.7923 23.15
      vertex 54.625 47.8 23.15
    endloop
  endfacet
  facet normal 0 0 1
    outer loop
      vertex 54.4719 47.7696 23.15
      vertex 54.65 49.9608 23.15
      vertex 54.5195 50.048 23.15
    endloop
  endfacet
  facet normal 0 0 1
    outer loop
      vertex 54.65 49.9608 23.15
      vertex 54.4719 47.7696 23.15
      vertex 54.547 47.7923 23.15
    endloop
  endfacet
  facet normal 0 0 1
    outer loop
      vertex 54.5195 50.048 23.15
      vertex 54.4028 47.7326 23.15
      vertex 54.4719 47.7696 23.15
    endloop
  endfacet
  facet normal 0 0 1
    outer loop
      vertex 54.4015 50.1515 23.15
      vertex 54.4028 47.7326 23.15
      vertex 54.5195 50.048 23.15
    endloop
  endfacet
  facet normal 0 0 1
    outer loop
      vertex 52.8173 47.478 23.15
      vertex 54.4028 47.7326 23.15
      vertex 54.4015 50.1515 23.15
    endloop
  endfacet
  facet normal 0 0 1
    outer loop
      vertex 52.8173 47.478 23.15
      vertex 54.4015 50.1515 23.15
      vertex 54.298 50.2695 23.15
    endloop
  endfacet
  facet normal 0 0 1
    outer loop
      vertex 54.4028 47.7326 23.15
      vertex 52.8173 47.478 23.15
      vertex 54.3422 47.6828 23.15
    endloop
  endfacet
  facet normal 0 0 1
    outer loop
      vertex 52.8173 47.478 23.15
      vertex 54.2924 47.6222 23.15
      vertex 54.3422 47.6828 23.15
    endloop
  endfacet
  facet normal 0 0 1
    outer loop
      vertex 52.8173 47.478 23.15
      vertex 54.2554 47.5531 23.15
      vertex 54.2924 47.6222 23.15
    endloop
  endfacet
  facet normal 0 0 1
    outer loop
      vertex 52.8173 47.478 23.15
      vertex 54.2327 47.478 23.15
      vertex 54.2554 47.5531 23.15
    endloop
  endfacet
  facet normal 0 0 1
    outer loop
      vertex 52.8173 47.478 23.15
      vertex 54.298 50.2695 23.15
      vertex 54.2108 50.4 23.15
    endloop
  endfacet
  facet normal 0 0 1
    outer loop
      vertex 54.9078 70.3172 23.15
      vertex 56.4924 70.3778 23.15
      vertex 54.9576 70.3778 23.15
    endloop
  endfacet
  facet normal 0 0 1
    outer loop
      vertex 56.4924 70.3778 23.15
      vertex 54.9078 70.3172 23.15
      vertex 55.4066 68.1897 23.15
    endloop
  endfacet
  facet normal -0 0 1
    outer loop
      vertex 54.8472 70.2674 23.15
      vertex 55.4066 68.1897 23.15
      vertex 54.9078 70.3172 23.15
    endloop
  endfacet
  facet normal 0 0 1
    outer loop
      vertex 55.4066 68.1897 23.15
      vertex 54.8472 70.2674 23.15
      vertex 55.25 68.2 23.15
    endloop
  endfacet
  facet normal -0 0 1
    outer loop
      vertex 54.7781 70.2304 23.15
      vertex 55.25 68.2 23.15
      vertex 54.8472 70.2674 23.15
    endloop
  endfacet
  facet normal 0 0 1
    outer loop
      vertex 55.25 68.2 23.15
      vertex 54.7781 70.2304 23.15
      vertex 55.0934 68.1897 23.15
    endloop
  endfacet
  facet normal -0 0 1
    outer loop
      vertex 54.703 70.2077 23.15
      vertex 55.0934 68.1897 23.15
      vertex 54.7781 70.2304 23.15
    endloop
  endfacet
  facet normal 0 0 1
    outer loop
      vertex 55.0934 68.1897 23.15
      vertex 54.703 70.2077 23.15
      vertex 54.9394 68.1591 23.15
    endloop
  endfacet
  facet normal -0 0 1
    outer loop
      vertex 54.625 70.2 23.15
      vertex 54.9394 68.1591 23.15
      vertex 54.703 70.2077 23.15
    endloop
  endfacet
  facet normal 0 0 1
    outer loop
      vertex 54.9394 68.1591 23.15
      vertex 54.625 70.2 23.15
      vertex 54.7908 68.1087 23.15
    endloop
  endfacet
  facet normal 0 0 1
    outer loop
      vertex 54.547 70.2077 23.15
      vertex 54.7908 68.1087 23.15
      vertex 54.625 70.2 23.15
    endloop
  endfacet
  facet normal 0 0 1
    outer loop
      vertex 54.7908 68.1087 23.15
      vertex 54.547 70.2077 23.15
      vertex 54.65 68.0392 23.15
    endloop
  endfacet
  facet normal 0 0 1
    outer loop
      vertex 54.4719 70.2304 23.15
      vertex 54.65 68.0392 23.15
      vertex 54.547 70.2077 23.15
    endloop
  endfacet
  facet normal 0 0 1
    outer loop
      vertex 54.65 68.0392 23.15
      vertex 54.4719 70.2304 23.15
      vertex 54.5195 67.952 23.15
    endloop
  endfacet
  facet normal 0 0 1
    outer loop
      vertex 54.4028 70.2674 23.15
      vertex 54.5195 67.952 23.15
      vertex 54.4719 70.2304 23.15
    endloop
  endfacet
  facet normal 0 0 1
    outer loop
      vertex 54.3422 70.3172 23.15
      vertex 52.7078 70.3172 23.15
      vertex 54.4028 70.2674 23.15
    endloop
  endfacet
  facet normal 0 0 1
    outer loop
      vertex 52.7576 70.3778 23.15
      vertex 54.2924 70.3778 23.15
      vertex 52.7946 70.4469 23.15
    endloop
  endfacet
  facet normal 0 0 1
    outer loop
      vertex 54.2554 70.4469 23.15
      vertex 52.7946 70.4469 23.15
      vertex 54.2924 70.3778 23.15
    endloop
  endfacet
  facet normal 0 0 1
    outer loop
      vertex 52.7946 70.4469 23.15
      vertex 54.2554 70.4469 23.15
      vertex 52.8173 70.522 23.15
    endloop
  endfacet
  facet normal 0 0 1
    outer loop
      vertex 54.2327 70.522 23.15
      vertex 52.8173 70.522 23.15
      vertex 54.2554 70.4469 23.15
    endloop
  endfacet
  facet normal 0 0 1
    outer loop
      vertex 52.8173 70.522 23.15
      vertex 54.2327 70.522 23.15
      vertex 52.825 70.6 23.15
    endloop
  endfacet
  facet normal -0 0 1
    outer loop
      vertex 52.825 70.6 23.15
      vertex 54.2327 70.522 23.15
      vertex 54.225 70.6 23.15
    endloop
  endfacet
  facet normal 0 0 1
    outer loop
      vertex 54.2924 70.3778 23.15
      vertex 52.7576 70.3778 23.15
      vertex 54.3422 70.3172 23.15
    endloop
  endfacet
  facet normal 0 0 1
    outer loop
      vertex 57.1576 70.3778 23.15
      vertex 56.4397 67.1566 23.15
      vertex 56.45 67 23.15
    endloop
  endfacet
  facet normal 0 0 1
    outer loop
      vertex 55.0173 70.522 23.15
      vertex 56.4327 70.522 23.15
      vertex 55.025 70.6 23.15
    endloop
  endfacet
  facet normal -0 0 1
    outer loop
      vertex 55.025 70.6 23.15
      vertex 56.4327 70.522 23.15
      vertex 56.425 70.6 23.15
    endloop
  endfacet
  facet normal 0 0 1
    outer loop
      vertex 56.4924 70.3778 23.15
      vertex 56.4091 67.3106 23.15
      vertex 56.4397 67.1566 23.15
    endloop
  endfacet
  facet normal -0 0 1
    outer loop
      vertex 57.1942 63.2615 23.15
      vertex 57.2 54.68 23.15
      vertex 57.2 63.32 23.15
    endloop
  endfacet
  facet normal 0 0 1
    outer loop
      vertex 57.1942 63.2615 23.15
      vertex 57.1942 54.7385 23.15
      vertex 57.2 54.68 23.15
    endloop
  endfacet
  facet normal -0 0 1
    outer loop
      vertex 57.1772 63.2052 23.15
      vertex 57.1942 54.7385 23.15
      vertex 57.1942 63.2615 23.15
    endloop
  endfacet
  facet normal 0 0 1
    outer loop
      vertex 57.1772 63.2052 23.15
      vertex 57.1772 54.7948 23.15
      vertex 57.1942 54.7385 23.15
    endloop
  endfacet
  facet normal -0 0 1
    outer loop
      vertex 57.1494 63.1533 23.15
      vertex 57.1772 54.7948 23.15
      vertex 57.1772 63.2052 23.15
    endloop
  endfacet
  facet normal 0 0 1
    outer loop
      vertex 57.1494 63.1533 23.15
      vertex 57.1494 54.8467 23.15
      vertex 57.1772 54.7948 23.15
    endloop
  endfacet
  facet normal -0 0 1
    outer loop
      vertex 57.1121 63.1079 23.15
      vertex 57.1494 54.8467 23.15
      vertex 57.1494 63.1533 23.15
    endloop
  endfacet
  facet normal 0 0 1
    outer loop
      vertex 57.1121 63.1079 23.15
      vertex 57.1121 54.8921 23.15
      vertex 57.1494 54.8467 23.15
    endloop
  endfacet
  facet normal -0 0 1
    outer loop
      vertex 57.0667 63.0706 23.15
      vertex 57.1121 54.8921 23.15
      vertex 57.1121 63.1079 23.15
    endloop
  endfacet
  facet normal 0 0 1
    outer loop
      vertex 57.0667 63.0706 23.15
      vertex 57.0667 54.9294 23.15
      vertex 57.1121 54.8921 23.15
    endloop
  endfacet
  facet normal -0 0 1
    outer loop
      vertex 57.0148 63.0428 23.15
      vertex 57.0667 54.9294 23.15
      vertex 57.0667 63.0706 23.15
    endloop
  endfacet
  facet normal 0 0 1
    outer loop
      vertex 57.0148 63.0428 23.15
      vertex 57.0148 54.9572 23.15
      vertex 57.0667 54.9294 23.15
    endloop
  endfacet
  facet normal -0 0 1
    outer loop
      vertex 56.9585 63.0258 23.15
      vertex 57.0148 54.9572 23.15
      vertex 57.0148 63.0428 23.15
    endloop
  endfacet
  facet normal 0 0 1
    outer loop
      vertex 56.9585 63.0258 23.15
      vertex 56.9585 54.9742 23.15
      vertex 57.0148 54.9572 23.15
    endloop
  endfacet
  facet normal -0 0 1
    outer loop
      vertex 56.9 63.02 23.15
      vertex 56.9585 54.9742 23.15
      vertex 56.9585 63.0258 23.15
    endloop
  endfacet
  facet normal 0 0 1
    outer loop
      vertex 56.9 63.02 23.15
      vertex 56.9 54.98 23.15
      vertex 56.9585 54.9742 23.15
    endloop
  endfacet
  facet normal -0 0 1
    outer loop
      vertex 56.1 63.02 23.15
      vertex 56.9 54.98 23.15
      vertex 56.9 63.02 23.15
    endloop
  endfacet
  facet normal 0 0 1
    outer loop
      vertex 56.1 63.02 23.15
      vertex 56.1 54.98 23.15
      vertex 56.9 54.98 23.15
    endloop
  endfacet
  facet normal 0 0 1
    outer loop
      vertex 53.1203 61.7656 23.15
      vertex 55.9852 63.0428 23.15
      vertex 53.1388 61.8266 23.15
    endloop
  endfacet
  facet normal 0 0 1
    outer loop
      vertex 55.9852 63.0428 23.15
      vertex 53.1203 61.7656 23.15
      vertex 56.0415 63.0258 23.15
    endloop
  endfacet
  facet normal 0 0 1
    outer loop
      vertex 55.9333 63.0706 23.15
      vertex 53.1388 61.8266 23.15
      vertex 55.9852 63.0428 23.15
    endloop
  endfacet
  facet normal 0 0 1
    outer loop
      vertex 53.0902 61.7094 23.15
      vertex 56.0415 63.0258 23.15
      vertex 53.1203 61.7656 23.15
    endloop
  endfacet
  facet normal 0 0 1
    outer loop
      vertex 55.8506 63.1533 23.15
      vertex 53.145 61.89 23.15
      vertex 55.8879 63.1079 23.15
    endloop
  endfacet
  facet normal 0 0 1
    outer loop
      vertex 55.8879 63.1079 23.15
      vertex 53.145 61.89 23.15
      vertex 55.9333 63.0706 23.15
    endloop
  endfacet
  facet normal 0 0 1
    outer loop
      vertex 55.8228 63.2052 23.15
      vertex 53.145 61.89 23.15
      vertex 55.8506 63.1533 23.15
    endloop
  endfacet
  facet normal 0 0 1
    outer loop
      vertex 53.1388 61.8266 23.15
      vertex 55.9333 63.0706 23.15
      vertex 53.145 61.89 23.15
    endloop
  endfacet
  facet normal 0 0 1
    outer loop
      vertex 53.145 61.89 23.15
      vertex 55.8228 63.2052 23.15
      vertex 53.1642 63.2615 23.15
    endloop
  endfacet
  facet normal 0 0 1
    outer loop
      vertex 55.9852 54.9572 23.15
      vertex 53.17 54.68 23.15
      vertex 55.9333 54.9294 23.15
    endloop
  endfacet
  facet normal 0 0 1
    outer loop
      vertex 55.8058 63.2615 23.15
      vertex 53.1642 63.2615 23.15
      vertex 55.8228 63.2052 23.15
    endloop
  endfacet
  facet normal 0 0 1
    outer loop
      vertex 55.9333 54.9294 23.15
      vertex 53.17 54.68 23.15
      vertex 55.8879 54.8921 23.15
    endloop
  endfacet
  facet normal 0 0 1
    outer loop
      vertex 53.1642 63.2615 23.15
      vertex 55.8058 63.2615 23.15
      vertex 53.17 63.32 23.15
    endloop
  endfacet
  facet normal 0 0 1
    outer loop
      vertex 55.8879 54.8921 23.15
      vertex 53.17 54.68 23.15
      vertex 55.8506 54.8467 23.15
    endloop
  endfacet
  facet normal -0 0 1
    outer loop
      vertex 53.17 63.32 23.15
      vertex 55.8058 63.2615 23.15
      vertex 55.8 63.32 23.15
    endloop
  endfacet
  facet normal 0 0 1
    outer loop
      vertex 55.8506 54.8467 23.15
      vertex 53.17 54.68 23.15
      vertex 55.8228 54.7948 23.15
    endloop
  endfacet
  facet normal 0 0 1
    outer loop
      vertex 58.5 72 23.15
      vertex 57.2 63.32 23.15
      vertex 58.5 46 23.15
    endloop
  endfacet
  facet normal -0 0 1
    outer loop
      vertex 57.2 54.68 23.15
      vertex 58.5 46 23.15
      vertex 57.2 63.32 23.15
    endloop
  endfacet
  facet normal -0 0 1
    outer loop
      vertex 57.1942 54.6215 23.15
      vertex 58.5 46 23.15
      vertex 57.2 54.68 23.15
    endloop
  endfacet
  facet normal 0 0 1
    outer loop
      vertex 57.1942 63.3785 23.15
      vertex 57.2173 70.522 23.15
      vertex 57.1945 70.4469 23.15
    endloop
  endfacet
  facet normal 0 0 1
    outer loop
      vertex 57.2173 70.522 23.15
      vertex 57.1942 63.3785 23.15
      vertex 57.2 63.32 23.15
    endloop
  endfacet
  facet normal 0 0 1
    outer loop
      vertex 57.1945 70.4469 23.15
      vertex 57.1772 63.4348 23.15
      vertex 57.1942 63.3785 23.15
    endloop
  endfacet
  facet normal 0 0 1
    outer loop
      vertex 56.45 67 23.15
      vertex 57.1945 70.4469 23.15
      vertex 57.1576 70.3778 23.15
    endloop
  endfacet
  facet normal 0 0 1
    outer loop
      vertex 57.1945 70.4469 23.15
      vertex 56.45 67 23.15
      vertex 57.1772 63.4348 23.15
    endloop
  endfacet
  facet normal -0 0 1
    outer loop
      vertex 56.4397 66.8434 23.15
      vertex 57.1772 63.4348 23.15
      vertex 56.45 67 23.15
    endloop
  endfacet
  facet normal 0 0 1
    outer loop
      vertex 56.4397 67.1566 23.15
      vertex 57.1576 70.3778 23.15
      vertex 57.1078 70.3172 23.15
    endloop
  endfacet
  facet normal 0 0 1
    outer loop
      vertex 57.1772 63.4348 23.15
      vertex 56.4397 66.8434 23.15
      vertex 57.1494 63.4867 23.15
    endloop
  endfacet
  facet normal 0 0 1
    outer loop
      vertex 56.4397 67.1566 23.15
      vertex 57.1078 70.3172 23.15
      vertex 57.0472 70.2674 23.15
    endloop
  endfacet
  facet normal -0 0 1
    outer loop
      vertex 56.4091 66.6894 23.15
      vertex 57.1494 63.4867 23.15
      vertex 56.4397 66.8434 23.15
    endloop
  endfacet
  facet normal 0 0 1
    outer loop
      vertex 56.4397 67.1566 23.15
      vertex 57.0472 70.2674 23.15
      vertex 56.9781 70.2304 23.15
    endloop
  endfacet
  facet normal 0 0 1
    outer loop
      vertex 57.1494 63.4867 23.15
      vertex 56.4091 66.6894 23.15
      vertex 57.1121 63.5321 23.15
    endloop
  endfacet
  facet normal 0 0 1
    outer loop
      vertex 56.4397 67.1566 23.15
      vertex 56.9781 70.2304 23.15
      vertex 56.903 70.2077 23.15
    endloop
  endfacet
  facet normal -0 0 1
    outer loop
      vertex 56.3587 66.5408 23.15
      vertex 57.1121 63.5321 23.15
      vertex 56.4091 66.6894 23.15
    endloop
  endfacet
  facet normal 0 0 1
    outer loop
      vertex 56.4397 67.1566 23.15
      vertex 56.903 70.2077 23.15
      vertex 56.825 70.2 23.15
    endloop
  endfacet
  facet normal 0 0 1
    outer loop
      vertex 56.4397 67.1566 23.15
      vertex 56.825 70.2 23.15
      vertex 56.747 70.2077 23.15
    endloop
  endfacet
  facet normal 0 0 1
    outer loop
      vertex 56.4397 67.1566 23.15
      vertex 56.747 70.2077 23.15
      vertex 56.6719 70.2304 23.15
    endloop
  endfacet
  facet normal 0 0 1
    outer loop
      vertex 56.4397 67.1566 23.15
      vertex 56.6719 70.2304 23.15
      vertex 56.6028 70.2674 23.15
    endloop
  endfacet
  facet normal 0 0 1
    outer loop
      vertex 56.4397 67.1566 23.15
      vertex 56.6028 70.2674 23.15
      vertex 56.5422 70.3172 23.15
    endloop
  endfacet
  facet normal 0 0 1
    outer loop
      vertex 56.4397 67.1566 23.15
      vertex 56.5422 70.3172 23.15
      vertex 56.4924 70.3778 23.15
    endloop
  endfacet
  facet normal 0 0 1
    outer loop
      vertex 56.4327 70.522 23.15
      vertex 55.0173 70.522 23.15
      vertex 56.4554 70.4469 23.15
    endloop
  endfacet
  facet normal 0 0 1
    outer loop
      vertex 57.1121 63.5321 23.15
      vertex 56.3587 66.5408 23.15
      vertex 57.0667 63.5694 23.15
    endloop
  endfacet
  facet normal -0 0 1
    outer loop
      vertex 56.2892 66.4 23.15
      vertex 57.0667 63.5694 23.15
      vertex 56.3587 66.5408 23.15
    endloop
  endfacet
  facet normal 0 0 1
    outer loop
      vertex 57.0667 63.5694 23.15
      vertex 56.2892 66.4 23.15
      vertex 57.0148 63.5972 23.15
    endloop
  endfacet
  facet normal -0 0 1
    outer loop
      vertex 56.202 66.2695 23.15
      vertex 57.0148 63.5972 23.15
      vertex 56.2892 66.4 23.15
    endloop
  endfacet
  facet normal 0 0 1
    outer loop
      vertex 57.0148 63.5972 23.15
      vertex 56.202 66.2695 23.15
      vertex 56.9585 63.6142 23.15
    endloop
  endfacet
  facet normal -0 0 1
    outer loop
      vertex 56.0985 66.1515 23.15
      vertex 56.9585 63.6142 23.15
      vertex 56.202 66.2695 23.15
    endloop
  endfacet
  facet normal 0 0 1
    outer loop
      vertex 56.9585 63.6142 23.15
      vertex 56.0985 66.1515 23.15
      vertex 56.9 63.62 23.15
    endloop
  endfacet
  facet normal -0 0 1
    outer loop
      vertex 55.9805 66.048 23.15
      vertex 56.9 63.62 23.15
      vertex 56.0985 66.1515 23.15
    endloop
  endfacet
  facet normal -0 0 1
    outer loop
      vertex 55.85 65.9608 23.15
      vertex 56.9 63.62 23.15
      vertex 55.9805 66.048 23.15
    endloop
  endfacet
  facet normal 0 0 1
    outer loop
      vertex 56.9 63.62 23.15
      vertex 55.85 65.9608 23.15
      vertex 56.1 63.62 23.15
    endloop
  endfacet
  facet normal -0 0 1
    outer loop
      vertex 55.7092 65.8913 23.15
      vertex 56.1 63.62 23.15
      vertex 55.85 65.9608 23.15
    endloop
  endfacet
  facet normal -0 0 1
    outer loop
      vertex 55.5606 65.8409 23.15
      vertex 56.1 63.62 23.15
      vertex 55.7092 65.8913 23.15
    endloop
  endfacet
  facet normal 0 0 1
    outer loop
      vertex 56.1 63.62 23.15
      vertex 55.5606 65.8409 23.15
      vertex 56.0415 63.6142 23.15
    endloop
  endfacet
  facet normal -0 0 1
    outer loop
      vertex 55.4066 65.8103 23.15
      vertex 56.0415 63.6142 23.15
      vertex 55.5606 65.8409 23.15
    endloop
  endfacet
  facet normal 0 0 1
    outer loop
      vertex 56.0415 63.6142 23.15
      vertex 55.4066 65.8103 23.15
      vertex 55.9852 63.5972 23.15
    endloop
  endfacet
  facet normal 0 0 1
    outer loop
      vertex 55.9852 63.5972 23.15
      vertex 55.4066 65.8103 23.15
      vertex 55.9333 63.5694 23.15
    endloop
  endfacet
  facet normal -0 0 1
    outer loop
      vertex 55.25 65.8 23.15
      vertex 55.9333 63.5694 23.15
      vertex 55.4066 65.8103 23.15
    endloop
  endfacet
  facet normal 0 0 1
    outer loop
      vertex 55.9333 63.5694 23.15
      vertex 55.25 65.8 23.15
      vertex 55.8879 63.5321 23.15
    endloop
  endfacet
  facet normal 0 0 1
    outer loop
      vertex 55.8879 63.5321 23.15
      vertex 55.0934 65.8103 23.15
      vertex 55.8506 63.4867 23.15
    endloop
  endfacet
  facet normal 0 0 1
    outer loop
      vertex 55.0934 65.8103 23.15
      vertex 55.8879 63.5321 23.15
      vertex 55.25 65.8 23.15
    endloop
  endfacet
  facet normal 0 0 1
    outer loop
      vertex 57.2173 70.522 23.15
      vertex 58.5 72 23.15
      vertex 57.225 70.6 23.15
    endloop
  endfacet
  facet normal 0 0 1
    outer loop
      vertex 58.5 72 23.15
      vertex 57.2173 70.678 23.15
      vertex 57.225 70.6 23.15
    endloop
  endfacet
  facet normal 0 0 1
    outer loop
      vertex 58.5 72 23.15
      vertex 57.1945 70.7531 23.15
      vertex 57.2173 70.678 23.15
    endloop
  endfacet
  facet normal 0 0 1
    outer loop
      vertex 58.5 72 23.15
      vertex 57.1576 70.8222 23.15
      vertex 57.1945 70.7531 23.15
    endloop
  endfacet
  facet normal 0 0 1
    outer loop
      vertex 58.5 72 23.15
      vertex 57.1078 70.8828 23.15
      vertex 57.1576 70.8222 23.15
    endloop
  endfacet
  facet normal 0 0 1
    outer loop
      vertex 58.5 72 23.15
      vertex 57.0472 70.9326 23.15
      vertex 57.1078 70.8828 23.15
    endloop
  endfacet
  facet normal 0 0 1
    outer loop
      vertex 58.5 72 23.15
      vertex 56.9781 70.9696 23.15
      vertex 57.0472 70.9326 23.15
    endloop
  endfacet
  facet normal 0 0 1
    outer loop
      vertex 58.5 72 23.15
      vertex 56.903 70.9923 23.15
      vertex 56.9781 70.9696 23.15
    endloop
  endfacet
  facet normal 0 0 1
    outer loop
      vertex 58.5 72 23.15
      vertex 56.825 71 23.15
      vertex 56.903 70.9923 23.15
    endloop
  endfacet
  facet normal 0 0 1
    outer loop
      vertex 58.5 72 23.15
      vertex 56.747 70.9923 23.15
      vertex 56.825 71 23.15
    endloop
  endfacet
  facet normal 0 0 1
    outer loop
      vertex 54.703 70.9923 23.15
      vertex 56.747 70.9923 23.15
      vertex 58.5 72 23.15
    endloop
  endfacet
  facet normal 0 0 1
    outer loop
      vertex 56.747 70.9923 23.15
      vertex 54.703 70.9923 23.15
      vertex 56.6719 70.9696 23.15
    endloop
  endfacet
  facet normal 0 0 1
    outer loop
      vertex 56.4924 70.3778 23.15
      vertex 56.3587 67.4592 23.15
      vertex 56.4091 67.3106 23.15
    endloop
  endfacet
  facet normal 0 0 1
    outer loop
      vertex 56.4924 70.3778 23.15
      vertex 56.2892 67.6 23.15
      vertex 56.3587 67.4592 23.15
    endloop
  endfacet
  facet normal 0 0 1
    outer loop
      vertex 56.4924 70.3778 23.15
      vertex 56.202 67.7305 23.15
      vertex 56.2892 67.6 23.15
    endloop
  endfacet
  facet normal 0 0 1
    outer loop
      vertex 56.4924 70.3778 23.15
      vertex 56.0985 67.8485 23.15
      vertex 56.202 67.7305 23.15
    endloop
  endfacet
  facet normal 0 0 1
    outer loop
      vertex 55.025 70.6 23.15
      vertex 56.425 70.6 23.15
      vertex 56.4327 70.678 23.15
    endloop
  endfacet
  facet normal 0 0 1
    outer loop
      vertex 56.4924 70.3778 23.15
      vertex 55.9805 67.952 23.15
      vertex 56.0985 67.8485 23.15
    endloop
  endfacet
  facet normal 0 0 1
    outer loop
      vertex 56.4924 70.3778 23.15
      vertex 55.85 68.0392 23.15
      vertex 55.9805 67.952 23.15
    endloop
  endfacet
  facet normal 0 0 1
    outer loop
      vertex 56.4924 70.3778 23.15
      vertex 55.7092 68.1087 23.15
      vertex 55.85 68.0392 23.15
    endloop
  endfacet
  facet normal 0 0 1
    outer loop
      vertex 56.4924 70.3778 23.15
      vertex 55.5606 68.1591 23.15
      vertex 55.7092 68.1087 23.15
    endloop
  endfacet
  facet normal 0 0 1
    outer loop
      vertex 55.0173 70.678 23.15
      vertex 56.4327 70.678 23.15
      vertex 56.4554 70.7531 23.15
    endloop
  endfacet
  facet normal 0 0 1
    outer loop
      vertex 54.9946 70.4469 23.15
      vertex 56.4554 70.4469 23.15
      vertex 55.0173 70.522 23.15
    endloop
  endfacet
  facet normal 0 0 1
    outer loop
      vertex 56.4924 70.3778 23.15
      vertex 55.4066 68.1897 23.15
      vertex 55.5606 68.1591 23.15
    endloop
  endfacet
  facet normal 0 0 1
    outer loop
      vertex 56.4554 70.4469 23.15
      vertex 54.9946 70.4469 23.15
      vertex 56.4924 70.3778 23.15
    endloop
  endfacet
  facet normal 0 0 1
    outer loop
      vertex 54.9576 70.3778 23.15
      vertex 56.4924 70.3778 23.15
      vertex 54.9946 70.4469 23.15
    endloop
  endfacet
  facet normal 0 0 1
    outer loop
      vertex 54.9946 70.7531 23.15
      vertex 56.4554 70.7531 23.15
      vertex 56.4924 70.8222 23.15
    endloop
  endfacet
  facet normal 0 0 1
    outer loop
      vertex 54.9576 70.8222 23.15
      vertex 56.4924 70.8222 23.15
      vertex 56.5422 70.8828 23.15
    endloop
  endfacet
  facet normal 0 0 1
    outer loop
      vertex 54.9078 70.8828 23.15
      vertex 56.5422 70.8828 23.15
      vertex 56.6028 70.9326 23.15
    endloop
  endfacet
  facet normal 0 -0 1
    outer loop
      vertex 54.7781 70.9696 23.15
      vertex 56.6719 70.9696 23.15
      vertex 54.703 70.9923 23.15
    endloop
  endfacet
  facet normal 0 0 1
    outer loop
      vertex 56.4327 70.678 23.15
      vertex 55.0173 70.678 23.15
      vertex 55.025 70.6 23.15
    endloop
  endfacet
  facet normal 0 0 1
    outer loop
      vertex 56.4554 70.7531 23.15
      vertex 54.9946 70.7531 23.15
      vertex 55.0173 70.678 23.15
    endloop
  endfacet
  facet normal 0 0 1
    outer loop
      vertex 56.4924 70.8222 23.15
      vertex 54.9576 70.8222 23.15
      vertex 54.9946 70.7531 23.15
    endloop
  endfacet
  facet normal 0 0 1
    outer loop
      vertex 56.5422 70.8828 23.15
      vertex 54.9078 70.8828 23.15
      vertex 54.9576 70.8222 23.15
    endloop
  endfacet
  facet normal 0 0 1
    outer loop
      vertex 56.6028 70.9326 23.15
      vertex 54.8472 70.9326 23.15
      vertex 54.9078 70.8828 23.15
    endloop
  endfacet
  facet normal 0 0 1
    outer loop
      vertex 56.6028 70.9326 23.15
      vertex 54.7781 70.9696 23.15
      vertex 54.8472 70.9326 23.15
    endloop
  endfacet
  facet normal 0 0 1
    outer loop
      vertex 56.6719 70.9696 23.15
      vertex 54.7781 70.9696 23.15
      vertex 56.6028 70.9326 23.15
    endloop
  endfacet
  facet normal 0 0 1
    outer loop
      vertex 58.5 72 23.15
      vertex 54.625 71 23.15
      vertex 54.703 70.9923 23.15
    endloop
  endfacet
  facet normal -0 0 1
    outer loop
      vertex 50.9 72 23.15
      vertex 54.625 71 23.15
      vertex 58.5 72 23.15
    endloop
  endfacet
  facet normal 0 0 1
    outer loop
      vertex 52.7078 70.3172 23.15
      vertex 54.3422 70.3172 23.15
      vertex 52.7576 70.3778 23.15
    endloop
  endfacet
  facet normal 0 0 1
    outer loop
      vertex 52.6472 70.2674 23.15
      vertex 54.4028 70.2674 23.15
      vertex 52.7078 70.3172 23.15
    endloop
  endfacet
  facet normal 0 0 1
    outer loop
      vertex 54.4028 70.2674 23.15
      vertex 52.6472 70.2674 23.15
      vertex 54.5195 67.952 23.15
    endloop
  endfacet
  facet normal 0 0 1
    outer loop
      vertex 54.5195 67.952 23.15
      vertex 52.6472 70.2674 23.15
      vertex 54.4015 67.8485 23.15
    endloop
  endfacet
  facet normal -0 0 1
    outer loop
      vertex 52.9848 54.4028 23.15
      vertex 54.5195 51.952 23.15
      vertex 53.0367 54.4306 23.15
    endloop
  endfacet
  facet normal -0 0 1
    outer loop
      vertex 52.5781 70.2304 23.15
      vertex 54.4015 67.8485 23.15
      vertex 52.6472 70.2674 23.15
    endloop
  endfacet
  facet normal 0 0 1
    outer loop
      vertex 52.825 70.6 23.15
      vertex 54.225 70.6 23.15
      vertex 54.2327 70.678 23.15
    endloop
  endfacet
  facet normal 0 0 1
    outer loop
      vertex 54.0603 66.8434 23.15
      vertex 53.1642 63.3785 23.15
      vertex 53.17 63.32 23.15
    endloop
  endfacet
  facet normal 0 0 1
    outer loop
      vertex 54.0603 66.8434 23.15
      vertex 53.1472 63.4348 23.15
      vertex 53.1642 63.3785 23.15
    endloop
  endfacet
  facet normal 0 0 1
    outer loop
      vertex 54.0603 66.8434 23.15
      vertex 53.1194 63.4867 23.15
      vertex 53.1472 63.4348 23.15
    endloop
  endfacet
  facet normal 0 0 1
    outer loop
      vertex 54.0603 66.8434 23.15
      vertex 53.0821 63.5321 23.15
      vertex 53.1194 63.4867 23.15
    endloop
  endfacet
  facet normal 0 0 1
    outer loop
      vertex 54.0603 66.8434 23.15
      vertex 53.0367 63.5694 23.15
      vertex 53.0821 63.5321 23.15
    endloop
  endfacet
  facet normal 0 0 1
    outer loop
      vertex 54.0603 66.8434 23.15
      vertex 52.9848 63.5972 23.15
      vertex 53.0367 63.5694 23.15
    endloop
  endfacet
  facet normal 0 0 1
    outer loop
      vertex 54.0603 66.8434 23.15
      vertex 52.9285 63.6142 23.15
      vertex 52.9848 63.5972 23.15
    endloop
  endfacet
  facet normal 0 0 1
    outer loop
      vertex 54.4015 67.8485 23.15
      vertex 52.5781 70.2304 23.15
      vertex 54.298 67.7305 23.15
    endloop
  endfacet
  facet normal 0 0 1
    outer loop
      vertex 54.0603 66.8434 23.15
      vertex 52.87 63.62 23.15
      vertex 52.9285 63.6142 23.15
    endloop
  endfacet
  facet normal 0 0 1
    outer loop
      vertex 52.8173 70.678 23.15
      vertex 54.2327 70.678 23.15
      vertex 54.2554 70.7531 23.15
    endloop
  endfacet
  facet normal 0 0 1
    outer loop
      vertex 52.7946 70.7531 23.15
      vertex 54.2554 70.7531 23.15
      vertex 54.2924 70.8222 23.15
    endloop
  endfacet
  facet normal 0 0 1
    outer loop
      vertex 52.7576 70.8222 23.15
      vertex 54.2924 70.8222 23.15
      vertex 54.3422 70.8828 23.15
    endloop
  endfacet
  facet normal 0 0 1
    outer loop
      vertex 52.7078 70.8828 23.15
      vertex 54.3422 70.8828 23.15
      vertex 54.4028 70.9326 23.15
    endloop
  endfacet
  facet normal 0 0 1
    outer loop
      vertex 52.6472 70.9326 23.15
      vertex 54.4028 70.9326 23.15
      vertex 54.4719 70.9696 23.15
    endloop
  endfacet
  facet normal 0 0 1
    outer loop
      vertex 52.5781 70.9696 23.15
      vertex 54.4719 70.9696 23.15
      vertex 54.547 70.9923 23.15
    endloop
  endfacet
  facet normal 0 0 1
    outer loop
      vertex 54.625 71 23.15
      vertex 50.9 72 23.15
      vertex 54.547 70.9923 23.15
    endloop
  endfacet
  facet normal 0 0 1
    outer loop
      vertex 54.2327 70.678 23.15
      vertex 52.8173 70.678 23.15
      vertex 52.825 70.6 23.15
    endloop
  endfacet
  facet normal 0 0 1
    outer loop
      vertex 54.2554 70.7531 23.15
      vertex 52.7946 70.7531 23.15
      vertex 52.8173 70.678 23.15
    endloop
  endfacet
  facet normal 0 0 1
    outer loop
      vertex 54.2924 70.8222 23.15
      vertex 52.7576 70.8222 23.15
      vertex 52.7946 70.7531 23.15
    endloop
  endfacet
  facet normal 0 0 1
    outer loop
      vertex 54.3422 70.8828 23.15
      vertex 52.7078 70.8828 23.15
      vertex 52.7576 70.8222 23.15
    endloop
  endfacet
  facet normal 0 0 1
    outer loop
      vertex 54.4028 70.9326 23.15
      vertex 52.6472 70.9326 23.15
      vertex 52.7078 70.8828 23.15
    endloop
  endfacet
  facet normal 0 0 1
    outer loop
      vertex 54.4719 70.9696 23.15
      vertex 52.5781 70.9696 23.15
      vertex 52.6472 70.9326 23.15
    endloop
  endfacet
  facet normal 0 -0 1
    outer loop
      vertex 52.503 70.9923 23.15
      vertex 54.547 70.9923 23.15
      vertex 50.9 72 23.15
    endloop
  endfacet
  facet normal 0 0 1
    outer loop
      vertex 54.547 70.9923 23.15
      vertex 52.503 70.9923 23.15
      vertex 52.5781 70.9696 23.15
    endloop
  endfacet
  facet normal 0 0 1
    outer loop
      vertex 52.503 70.9923 23.15
      vertex 50.9 72 23.15
      vertex 52.425 71 23.15
    endloop
  endfacet
  facet normal 0 0 1
    outer loop
      vertex 54.05 67 23.15
      vertex 51.7115 63.6142 23.15
      vertex 51.77 63.62 23.15
    endloop
  endfacet
  facet normal 0 0 1
    outer loop
      vertex 54.05 67 23.15
      vertex 51.6552 63.5972 23.15
      vertex 51.7115 63.6142 23.15
    endloop
  endfacet
  facet normal 0 0 1
    outer loop
      vertex 52.2028 70.2674 23.15
      vertex 51.6033 63.5694 23.15
      vertex 51.6552 63.5972 23.15
    endloop
  endfacet
  facet normal 0 0 1
    outer loop
      vertex 52.1422 70.3172 23.15
      vertex 51.5579 63.5321 23.15
      vertex 51.6033 63.5694 23.15
    endloop
  endfacet
  facet normal 0 0 1
    outer loop
      vertex 52.0924 70.3778 23.15
      vertex 51.5206 63.4867 23.15
      vertex 51.5579 63.5321 23.15
    endloop
  endfacet
  facet normal 0 0 1
    outer loop
      vertex 52.0554 70.4469 23.15
      vertex 50.9 72 23.15
      vertex 51.5206 63.4867 23.15
    endloop
  endfacet
  facet normal 0 0 1
    outer loop
      vertex 51.5206 63.4867 23.15
      vertex 50.9 72 23.15
      vertex 51.4928 63.4348 23.15
    endloop
  endfacet
  facet normal 0 0 1
    outer loop
      vertex 51.4928 63.4348 23.15
      vertex 50.9 72 23.15
      vertex 51.4758 63.3785 23.15
    endloop
  endfacet
  facet normal 0 0 1
    outer loop
      vertex 51.47 63.32 23.15
      vertex 50.9 72 23.15
      vertex 51.47 54.68 23.15
    endloop
  endfacet
  facet normal 0 0 1
    outer loop
      vertex 51.4758 63.3785 23.15
      vertex 50.9 72 23.15
      vertex 51.47 63.32 23.15
    endloop
  endfacet
  facet normal 0 0 1
    outer loop
      vertex 52.0327 70.678 23.15
      vertex 50.9 72 23.15
      vertex 52.025 70.6 23.15
    endloop
  endfacet
  facet normal 0 0 1
    outer loop
      vertex 52.0554 70.7531 23.15
      vertex 50.9 72 23.15
      vertex 52.0327 70.678 23.15
    endloop
  endfacet
  facet normal 0 0 1
    outer loop
      vertex 52.0924 70.8222 23.15
      vertex 50.9 72 23.15
      vertex 52.0554 70.7531 23.15
    endloop
  endfacet
  facet normal 0 0 1
    outer loop
      vertex 52.1422 70.8828 23.15
      vertex 50.9 72 23.15
      vertex 52.0924 70.8222 23.15
    endloop
  endfacet
  facet normal 0 0 1
    outer loop
      vertex 52.2028 70.9326 23.15
      vertex 50.9 72 23.15
      vertex 52.1422 70.8828 23.15
    endloop
  endfacet
  facet normal 0 0 1
    outer loop
      vertex 52.2719 70.9696 23.15
      vertex 50.9 72 23.15
      vertex 52.2028 70.9326 23.15
    endloop
  endfacet
  facet normal 0 0 1
    outer loop
      vertex 52.347 70.9923 23.15
      vertex 50.9 72 23.15
      vertex 52.2719 70.9696 23.15
    endloop
  endfacet
  facet normal 0 0 1
    outer loop
      vertex 52.425 71 23.15
      vertex 50.9 72 23.15
      vertex 52.347 70.9923 23.15
    endloop
  endfacet
  facet normal 0 0 1
    outer loop
      vertex 57.2 63.32 23.15
      vertex 58.5 72 23.15
      vertex 57.2173 70.522 23.15
    endloop
  endfacet
  facet normal -0 0 1
    outer loop
      vertex 57.2173 47.322 23.15
      vertex 58.5 46 23.15
      vertex 57.225 47.4 23.15
    endloop
  endfacet
  facet normal -0 0 1
    outer loop
      vertex 57.1945 47.2469 23.15
      vertex 58.5 46 23.15
      vertex 57.2173 47.322 23.15
    endloop
  endfacet
  facet normal -0 0 1
    outer loop
      vertex 57.1576 47.1778 23.15
      vertex 58.5 46 23.15
      vertex 57.1945 47.2469 23.15
    endloop
  endfacet
  facet normal -0 0 1
    outer loop
      vertex 57.1078 47.1172 23.15
      vertex 58.5 46 23.15
      vertex 57.1576 47.1778 23.15
    endloop
  endfacet
  facet normal -0 0 1
    outer loop
      vertex 57.0472 47.0674 23.15
      vertex 58.5 46 23.15
      vertex 57.1078 47.1172 23.15
    endloop
  endfacet
  facet normal -0 0 1
    outer loop
      vertex 56.9781 47.0304 23.15
      vertex 58.5 46 23.15
      vertex 57.0472 47.0674 23.15
    endloop
  endfacet
  facet normal -0 0 1
    outer loop
      vertex 56.903 47.0077 23.15
      vertex 58.5 46 23.15
      vertex 56.9781 47.0304 23.15
    endloop
  endfacet
  facet normal -0 0 1
    outer loop
      vertex 56.825 47 23.15
      vertex 58.5 46 23.15
      vertex 56.903 47.0077 23.15
    endloop
  endfacet
  facet normal 0 0 1
    outer loop
      vertex 56.747 47.0077 23.15
      vertex 58.5 46 23.15
      vertex 56.825 47 23.15
    endloop
  endfacet
  facet normal 0 0 1
    outer loop
      vertex 54.703 47.0077 23.15
      vertex 56.747 47.0077 23.15
      vertex 56.6719 47.0304 23.15
    endloop
  endfacet
  facet normal 0 0 1
    outer loop
      vertex 54.7781 47.0304 23.15
      vertex 56.6719 47.0304 23.15
      vertex 56.6028 47.0674 23.15
    endloop
  endfacet
  facet normal -0 0 1
    outer loop
      vertex 55.7092 49.8913 23.15
      vertex 56.6719 47.7696 23.15
      vertex 55.85 49.9608 23.15
    endloop
  endfacet
  facet normal 0 0 1
    outer loop
      vertex 56.6719 47.7696 23.15
      vertex 55.7092 49.8913 23.15
      vertex 56.6028 47.7326 23.15
    endloop
  endfacet
  facet normal -0 0 1
    outer loop
      vertex 55.5606 49.8409 23.15
      vertex 56.6028 47.7326 23.15
      vertex 55.7092 49.8913 23.15
    endloop
  endfacet
  facet normal 0 0 1
    outer loop
      vertex 56.6028 47.7326 23.15
      vertex 55.5606 49.8409 23.15
      vertex 56.5422 47.6828 23.15
    endloop
  endfacet
  facet normal -0 0 1
    outer loop
      vertex 55.4066 49.8103 23.15
      vertex 56.5422 47.6828 23.15
      vertex 55.5606 49.8409 23.15
    endloop
  endfacet
  facet normal 0 0 1
    outer loop
      vertex 55.0173 47.478 23.15
      vertex 56.5422 47.6828 23.15
      vertex 55.4066 49.8103 23.15
    endloop
  endfacet
  facet normal 0 0 1
    outer loop
      vertex 55.0173 47.478 23.15
      vertex 56.4924 47.6222 23.15
      vertex 56.5422 47.6828 23.15
    endloop
  endfacet
  facet normal 0 0 1
    outer loop
      vertex 55.0173 47.478 23.15
      vertex 56.4554 47.5531 23.15
      vertex 56.4924 47.6222 23.15
    endloop
  endfacet
  facet normal 0 0 1
    outer loop
      vertex 55.0173 47.478 23.15
      vertex 56.4327 47.478 23.15
      vertex 56.4554 47.5531 23.15
    endloop
  endfacet
  facet normal 0 0 1
    outer loop
      vertex 56.425 47.4 23.15
      vertex 55.025 47.4 23.15
      vertex 56.4327 47.322 23.15
    endloop
  endfacet
  facet normal 0 0 1
    outer loop
      vertex 56.4327 47.478 23.15
      vertex 55.025 47.4 23.15
      vertex 56.425 47.4 23.15
    endloop
  endfacet
  facet normal 0 0 1
    outer loop
      vertex 55.0173 47.478 23.15
      vertex 55.4066 49.8103 23.15
      vertex 55.25 49.8 23.15
    endloop
  endfacet
  facet normal 0 0 1
    outer loop
      vertex 54.7781 47.7696 23.15
      vertex 55.25 49.8 23.15
      vertex 55.0934 49.8103 23.15
    endloop
  endfacet
  facet normal 0 0 1
    outer loop
      vertex 55.0173 47.322 23.15
      vertex 56.4327 47.322 23.15
      vertex 55.025 47.4 23.15
    endloop
  endfacet
  facet normal 0 0 1
    outer loop
      vertex 56.4327 47.322 23.15
      vertex 55.0173 47.322 23.15
      vertex 56.4554 47.2469 23.15
    endloop
  endfacet
  facet normal 0 0 1
    outer loop
      vertex 54.9946 47.2469 23.15
      vertex 56.4554 47.2469 23.15
      vertex 55.0173 47.322 23.15
    endloop
  endfacet
  facet normal 0 0 1
    outer loop
      vertex 56.4554 47.2469 23.15
      vertex 54.9946 47.2469 23.15
      vertex 56.4924 47.1778 23.15
    endloop
  endfacet
  facet normal 0 0 1
    outer loop
      vertex 54.9576 47.1778 23.15
      vertex 56.4924 47.1778 23.15
      vertex 54.9946 47.2469 23.15
    endloop
  endfacet
  facet normal 0 0 1
    outer loop
      vertex 56.4924 47.1778 23.15
      vertex 54.9576 47.1778 23.15
      vertex 56.5422 47.1172 23.15
    endloop
  endfacet
  facet normal 0 0 1
    outer loop
      vertex 54.9078 47.1172 23.15
      vertex 56.5422 47.1172 23.15
      vertex 54.9576 47.1778 23.15
    endloop
  endfacet
  facet normal 0 0 1
    outer loop
      vertex 56.5422 47.1172 23.15
      vertex 54.9078 47.1172 23.15
      vertex 56.6028 47.0674 23.15
    endloop
  endfacet
  facet normal 0 0 1
    outer loop
      vertex 54.8472 47.0674 23.15
      vertex 56.6028 47.0674 23.15
      vertex 54.9078 47.1172 23.15
    endloop
  endfacet
  facet normal 0 0 1
    outer loop
      vertex 54.7781 47.0304 23.15
      vertex 56.6028 47.0674 23.15
      vertex 54.8472 47.0674 23.15
    endloop
  endfacet
  facet normal 0 0 1
    outer loop
      vertex 56.6719 47.0304 23.15
      vertex 54.7781 47.0304 23.15
      vertex 54.703 47.0077 23.15
    endloop
  endfacet
  facet normal 0 0 1
    outer loop
      vertex 56.747 47.0077 23.15
      vertex 54.703 47.0077 23.15
      vertex 58.5 46 23.15
    endloop
  endfacet
  facet normal -0 0 1
    outer loop
      vertex 54.625 47 23.15
      vertex 58.5 46 23.15
      vertex 54.703 47.0077 23.15
    endloop
  endfacet
  facet normal 0 0 1
    outer loop
      vertex 50.9 46 23.15
      vertex 54.625 47 23.15
      vertex 54.547 47.0077 23.15
    endloop
  endfacet
  facet normal 0 0 1
    outer loop
      vertex 52.8173 47.478 23.15
      vertex 54.2108 50.4 23.15
      vertex 54.1413 50.5408 23.15
    endloop
  endfacet
  facet normal 0 0 1
    outer loop
      vertex 52.8173 47.478 23.15
      vertex 54.1413 50.5408 23.15
      vertex 54.0909 50.6894 23.15
    endloop
  endfacet
  facet normal 0 0 1
    outer loop
      vertex 52.8173 47.478 23.15
      vertex 54.0909 50.6894 23.15
      vertex 54.0603 50.8434 23.15
    endloop
  endfacet
  facet normal 0 0 1
    outer loop
      vertex 52.8173 47.478 23.15
      vertex 54.0603 50.8434 23.15
      vertex 54.05 51 23.15
    endloop
  endfacet
  facet normal 0 0 1
    outer loop
      vertex 54.5195 51.952 23.15
      vertex 52.9848 54.4028 23.15
      vertex 54.4015 51.8485 23.15
    endloop
  endfacet
  facet normal -0 0 1
    outer loop
      vertex 52.9285 54.3858 23.15
      vertex 54.4015 51.8485 23.15
      vertex 52.9848 54.4028 23.15
    endloop
  endfacet
  facet normal 0 0 1
    outer loop
      vertex 54.4015 51.8485 23.15
      vertex 52.9285 54.3858 23.15
      vertex 54.298 51.7305 23.15
    endloop
  endfacet
  facet normal -0 0 1
    outer loop
      vertex 52.87 54.38 23.15
      vertex 54.298 51.7305 23.15
      vertex 52.9285 54.3858 23.15
    endloop
  endfacet
  facet normal 0 0 1
    outer loop
      vertex 54.298 51.7305 23.15
      vertex 52.87 54.38 23.15
      vertex 54.2108 51.6 23.15
    endloop
  endfacet
  facet normal 0 0 1
    outer loop
      vertex 54.2108 51.6 23.15
      vertex 52.87 54.38 23.15
      vertex 54.1413 51.4592 23.15
    endloop
  endfacet
  facet normal -0 0 1
    outer loop
      vertex 51.77 54.38 23.15
      vertex 54.1413 51.4592 23.15
      vertex 52.87 54.38 23.15
    endloop
  endfacet
  facet normal 0 0 1
    outer loop
      vertex 54.1413 51.4592 23.15
      vertex 51.77 54.38 23.15
      vertex 54.0909 51.3106 23.15
    endloop
  endfacet
  facet normal 0 0 1
    outer loop
      vertex 54.0909 51.3106 23.15
      vertex 51.77 54.38 23.15
      vertex 54.0603 51.1566 23.15
    endloop
  endfacet
  facet normal 0 0 1
    outer loop
      vertex 54.2327 47.478 23.15
      vertex 52.825 47.4 23.15
      vertex 54.225 47.4 23.15
    endloop
  endfacet
  facet normal 0 0 1
    outer loop
      vertex 51.7115 54.3858 23.15
      vertex 54.0603 51.1566 23.15
      vertex 51.77 54.38 23.15
    endloop
  endfacet
  facet normal 0 0 1
    outer loop
      vertex 54.225 47.4 23.15
      vertex 52.825 47.4 23.15
      vertex 54.2327 47.322 23.15
    endloop
  endfacet
  facet normal 0 0 1
    outer loop
      vertex 52.8173 47.322 23.15
      vertex 54.2327 47.322 23.15
      vertex 52.825 47.4 23.15
    endloop
  endfacet
  facet normal 0 0 1
    outer loop
      vertex 54.2327 47.322 23.15
      vertex 52.8173 47.322 23.15
      vertex 54.2554 47.2469 23.15
    endloop
  endfacet
  facet normal 0 0 1
    outer loop
      vertex 52.7946 47.2469 23.15
      vertex 54.2554 47.2469 23.15
      vertex 52.8173 47.322 23.15
    endloop
  endfacet
  facet normal 0 0 1
    outer loop
      vertex 54.2554 47.2469 23.15
      vertex 52.7946 47.2469 23.15
      vertex 54.2924 47.1778 23.15
    endloop
  endfacet
  facet normal 0 0 1
    outer loop
      vertex 52.7576 47.1778 23.15
      vertex 54.2924 47.1778 23.15
      vertex 52.7946 47.2469 23.15
    endloop
  endfacet
  facet normal 0 0 1
    outer loop
      vertex 54.2924 47.1778 23.15
      vertex 52.7576 47.1778 23.15
      vertex 54.3422 47.1172 23.15
    endloop
  endfacet
  facet normal 0 0 1
    outer loop
      vertex 52.7078 47.1172 23.15
      vertex 54.3422 47.1172 23.15
      vertex 52.7576 47.1778 23.15
    endloop
  endfacet
  facet normal 0 0 1
    outer loop
      vertex 54.3422 47.1172 23.15
      vertex 52.7078 47.1172 23.15
      vertex 54.4028 47.0674 23.15
    endloop
  endfacet
  facet normal 0 0 1
    outer loop
      vertex 52.6472 47.0674 23.15
      vertex 54.4028 47.0674 23.15
      vertex 52.7078 47.1172 23.15
    endloop
  endfacet
  facet normal 0 0 1
    outer loop
      vertex 54.4028 47.0674 23.15
      vertex 52.6472 47.0674 23.15
      vertex 54.4719 47.0304 23.15
    endloop
  endfacet
  facet normal 0 0 1
    outer loop
      vertex 52.5781 47.0304 23.15
      vertex 54.4719 47.0304 23.15
      vertex 52.6472 47.0674 23.15
    endloop
  endfacet
  facet normal 0 0 1
    outer loop
      vertex 54.4719 47.0304 23.15
      vertex 52.5781 47.0304 23.15
      vertex 54.547 47.0077 23.15
    endloop
  endfacet
  facet normal 0 0 1
    outer loop
      vertex 52.503 47.0077 23.15
      vertex 54.547 47.0077 23.15
      vertex 52.5781 47.0304 23.15
    endloop
  endfacet
  facet normal 0 0 1
    outer loop
      vertex 54.547 47.0077 23.15
      vertex 52.503 47.0077 23.15
      vertex 50.9 46 23.15
    endloop
  endfacet
  facet normal 0 0 1
    outer loop
      vertex 50.9 46 23.15
      vertex 52.503 47.0077 23.15
      vertex 52.425 47 23.15
    endloop
  endfacet
  facet normal 0 0 1
    outer loop
      vertex 50.9 46 23.15
      vertex 52.425 47 23.15
      vertex 52.347 47.0077 23.15
    endloop
  endfacet
  facet normal 0 0 1
    outer loop
      vertex 52.1422 47.6828 23.15
      vertex 51.5579 54.4679 23.15
      vertex 52.0924 47.6222 23.15
    endloop
  endfacet
  facet normal 0 0 1
    outer loop
      vertex 51.5206 54.5133 23.15
      vertex 52.0924 47.6222 23.15
      vertex 51.5579 54.4679 23.15
    endloop
  endfacet
  facet normal 0 0 1
    outer loop
      vertex 52.0924 47.6222 23.15
      vertex 51.5206 54.5133 23.15
      vertex 52.0554 47.5531 23.15
    endloop
  endfacet
  facet normal 0 0 1
    outer loop
      vertex 50.9 46 23.15
      vertex 52.0554 47.5531 23.15
      vertex 51.5206 54.5133 23.15
    endloop
  endfacet
  facet normal 0 0 1
    outer loop
      vertex 52.0554 47.5531 23.15
      vertex 50.9 46 23.15
      vertex 52.0327 47.478 23.15
    endloop
  endfacet
  facet normal 0 0 1
    outer loop
      vertex 50.9 46 23.15
      vertex 51.5206 54.5133 23.15
      vertex 51.4928 54.5652 23.15
    endloop
  endfacet
  facet normal 0 0 1
    outer loop
      vertex 50.9 46 23.15
      vertex 51.4928 54.5652 23.15
      vertex 51.4758 54.6215 23.15
    endloop
  endfacet
  facet normal 0 0 1
    outer loop
      vertex 50.9 46 23.15
      vertex 51.4758 54.6215 23.15
      vertex 51.47 54.68 23.15
    endloop
  endfacet
  facet normal 0 0 1
    outer loop
      vertex 54.625 47 23.15
      vertex 50.9 46 23.15
      vertex 58.5 46 23.15
    endloop
  endfacet
  facet normal 0 0 1
    outer loop
      vertex 52.2719 47.0304 23.15
      vertex 50.9 46 23.15
      vertex 52.347 47.0077 23.15
    endloop
  endfacet
  facet normal 0 0 1
    outer loop
      vertex 52.2028 47.0674 23.15
      vertex 50.9 46 23.15
      vertex 52.2719 47.0304 23.15
    endloop
  endfacet
  facet normal 0 0 1
    outer loop
      vertex 52.1422 47.1172 23.15
      vertex 50.9 46 23.15
      vertex 52.2028 47.0674 23.15
    endloop
  endfacet
  facet normal 0 0 1
    outer loop
      vertex 52.0924 47.1778 23.15
      vertex 50.9 46 23.15
      vertex 52.1422 47.1172 23.15
    endloop
  endfacet
  facet normal 0 0 1
    outer loop
      vertex 52.0554 47.2469 23.15
      vertex 50.9 46 23.15
      vertex 52.0924 47.1778 23.15
    endloop
  endfacet
  facet normal 0 0 1
    outer loop
      vertex 52.0327 47.322 23.15
      vertex 50.9 46 23.15
      vertex 52.0554 47.2469 23.15
    endloop
  endfacet
  facet normal 0 0 1
    outer loop
      vertex 52.025 47.4 23.15
      vertex 50.9 46 23.15
      vertex 52.0327 47.322 23.15
    endloop
  endfacet
  facet normal 0 0 1
    outer loop
      vertex 52.0327 47.478 23.15
      vertex 50.9 46 23.15
      vertex 52.025 47.4 23.15
    endloop
  endfacet
  facet normal 0 0 1
    outer loop
      vertex 50.9 46 23.15
      vertex 51.47 54.68 23.15
      vertex 50.9 72 23.15
    endloop
  endfacet
  facet normal 0 0 1
    outer loop
      vertex 58.5 46 23.15
      vertex 57.2173 47.478 23.15
      vertex 57.225 47.4 23.15
    endloop
  endfacet
  facet normal -0 0 1
    outer loop
      vertex 57.1772 54.5652 23.15
      vertex 58.5 46 23.15
      vertex 57.1942 54.6215 23.15
    endloop
  endfacet
  facet normal 0 0 1
    outer loop
      vertex 58.5 46 23.15
      vertex 57.1945 47.5531 23.15
      vertex 57.2173 47.478 23.15
    endloop
  endfacet
  facet normal -0 0 1
    outer loop
      vertex 56.45 51 23.15
      vertex 58.5 46 23.15
      vertex 57.1772 54.5652 23.15
    endloop
  endfacet
  facet normal -0 0 1
    outer loop
      vertex 56.4397 50.8434 23.15
      vertex 58.5 46 23.15
      vertex 56.45 51 23.15
    endloop
  endfacet
  facet normal 0 0 1
    outer loop
      vertex 56.4397 51.1566 23.15
      vertex 57.1772 54.5652 23.15
      vertex 57.1494 54.5133 23.15
    endloop
  endfacet
  facet normal 0 0 1
    outer loop
      vertex 56.4091 51.3106 23.15
      vertex 57.1494 54.5133 23.15
      vertex 57.1121 54.4679 23.15
    endloop
  endfacet
  facet normal 0 0 1
    outer loop
      vertex 58.5 46 23.15
      vertex 57.1576 47.6222 23.15
      vertex 57.1945 47.5531 23.15
    endloop
  endfacet
  facet normal 0 0 1
    outer loop
      vertex 56.3587 51.4592 23.15
      vertex 57.1121 54.4679 23.15
      vertex 57.0667 54.4306 23.15
    endloop
  endfacet
  facet normal 0 0 1
    outer loop
      vertex 58.5 46 23.15
      vertex 56.4397 50.8434 23.15
      vertex 57.1576 47.6222 23.15
    endloop
  endfacet
  facet normal 0 0 1
    outer loop
      vertex 56.2892 51.6 23.15
      vertex 57.0667 54.4306 23.15
      vertex 57.0148 54.4028 23.15
    endloop
  endfacet
  facet normal -0 0 1
    outer loop
      vertex 56.4091 50.6894 23.15
      vertex 57.1576 47.6222 23.15
      vertex 56.4397 50.8434 23.15
    endloop
  endfacet
  facet normal 0 0 1
    outer loop
      vertex 56.202 51.7305 23.15
      vertex 57.0148 54.4028 23.15
      vertex 56.9585 54.3858 23.15
    endloop
  endfacet
  facet normal 0 0 1
    outer loop
      vertex 57.1576 47.6222 23.15
      vertex 56.4091 50.6894 23.15
      vertex 57.1078 47.6828 23.15
    endloop
  endfacet
  facet normal 0 0 1
    outer loop
      vertex 56.0985 51.8485 23.15
      vertex 56.9585 54.3858 23.15
      vertex 56.9 54.38 23.15
    endloop
  endfacet
  facet normal -0 0 1
    outer loop
      vertex 56.3587 50.5408 23.15
      vertex 57.1078 47.6828 23.15
      vertex 56.4091 50.6894 23.15
    endloop
  endfacet
  facet normal 0 0 1
    outer loop
      vertex 57.1078 47.6828 23.15
      vertex 56.3587 50.5408 23.15
      vertex 57.0472 47.7326 23.15
    endloop
  endfacet
  facet normal -0 0 1
    outer loop
      vertex 56.2892 50.4 23.15
      vertex 57.0472 47.7326 23.15
      vertex 56.3587 50.5408 23.15
    endloop
  endfacet
  facet normal 0 0 1
    outer loop
      vertex 57.0472 47.7326 23.15
      vertex 56.2892 50.4 23.15
      vertex 56.9781 47.7696 23.15
    endloop
  endfacet
  facet normal -0 0 1
    outer loop
      vertex 56.202 50.2695 23.15
      vertex 56.9781 47.7696 23.15
      vertex 56.2892 50.4 23.15
    endloop
  endfacet
  facet normal 0 0 1
    outer loop
      vertex 56.9781 47.7696 23.15
      vertex 56.202 50.2695 23.15
      vertex 56.903 47.7923 23.15
    endloop
  endfacet
  facet normal -0 0 1
    outer loop
      vertex 56.0985 50.1515 23.15
      vertex 56.903 47.7923 23.15
      vertex 56.202 50.2695 23.15
    endloop
  endfacet
  facet normal 0 0 1
    outer loop
      vertex 56.903 47.7923 23.15
      vertex 56.0985 50.1515 23.15
      vertex 56.825 47.8 23.15
    endloop
  endfacet
  facet normal 0 0 1
    outer loop
      vertex 57.1772 54.5652 23.15
      vertex 56.4397 51.1566 23.15
      vertex 56.45 51 23.15
    endloop
  endfacet
  facet normal 0 0 1
    outer loop
      vertex 57.1494 54.5133 23.15
      vertex 56.4091 51.3106 23.15
      vertex 56.4397 51.1566 23.15
    endloop
  endfacet
  facet normal 0 0 1
    outer loop
      vertex 57.1121 54.4679 23.15
      vertex 56.3587 51.4592 23.15
      vertex 56.4091 51.3106 23.15
    endloop
  endfacet
  facet normal 0 0 1
    outer loop
      vertex 57.0667 54.4306 23.15
      vertex 56.2892 51.6 23.15
      vertex 56.3587 51.4592 23.15
    endloop
  endfacet
  facet normal 0 0 1
    outer loop
      vertex 57.0148 54.4028 23.15
      vertex 56.202 51.7305 23.15
      vertex 56.2892 51.6 23.15
    endloop
  endfacet
  facet normal 0 0 1
    outer loop
      vertex 55.85 52.0392 23.15
      vertex 56.9 54.38 23.15
      vertex 56.1 54.38 23.15
    endloop
  endfacet
  facet normal 0 0 1
    outer loop
      vertex 56.9585 54.3858 23.15
      vertex 56.0985 51.8485 23.15
      vertex 56.202 51.7305 23.15
    endloop
  endfacet
  facet normal 0 0 1
    outer loop
      vertex 55.5606 52.1591 23.15
      vertex 56.1 54.38 23.15
      vertex 56.0415 54.3858 23.15
    endloop
  endfacet
  facet normal 0 0 1
    outer loop
      vertex 55.4066 52.1897 23.15
      vertex 56.0415 54.3858 23.15
      vertex 55.9852 54.4028 23.15
    endloop
  endfacet
  facet normal 0 0 1
    outer loop
      vertex 56.9 54.38 23.15
      vertex 55.9805 51.952 23.15
      vertex 56.0985 51.8485 23.15
    endloop
  endfacet
  facet normal 0 0 1
    outer loop
      vertex 55.4066 52.1897 23.15
      vertex 55.9852 54.4028 23.15
      vertex 55.9333 54.4306 23.15
    endloop
  endfacet
  facet normal 0 0 1
    outer loop
      vertex 55.25 52.2 23.15
      vertex 55.9333 54.4306 23.15
      vertex 55.8879 54.4679 23.15
    endloop
  endfacet
  facet normal 0 0 1
    outer loop
      vertex 55.0934 52.1897 23.15
      vertex 55.8879 54.4679 23.15
      vertex 55.8506 54.5133 23.15
    endloop
  endfacet
  facet normal 0 0 1
    outer loop
      vertex 56.9 54.38 23.15
      vertex 55.85 52.0392 23.15
      vertex 55.9805 51.952 23.15
    endloop
  endfacet
  facet normal 0 0 1
    outer loop
      vertex 55.8058 54.6215 23.15
      vertex 53.1642 54.6215 23.15
      vertex 55.8228 54.5652 23.15
    endloop
  endfacet
  facet normal 0 0 1
    outer loop
      vertex 53.1642 54.6215 23.15
      vertex 55.8058 54.6215 23.15
      vertex 53.17 54.68 23.15
    endloop
  endfacet
  facet normal -0 0 1
    outer loop
      vertex 53.17 54.68 23.15
      vertex 55.8058 54.6215 23.15
      vertex 55.8 54.68 23.15
    endloop
  endfacet
  facet normal 0 0 1
    outer loop
      vertex 56.1 54.38 23.15
      vertex 55.7092 52.1087 23.15
      vertex 55.85 52.0392 23.15
    endloop
  endfacet
  facet normal 0 0 1
    outer loop
      vertex 54.9394 65.8409 23.15
      vertex 55.8506 63.4867 23.15
      vertex 55.0934 65.8103 23.15
    endloop
  endfacet
  facet normal 0 0 1
    outer loop
      vertex 53.17 63.32 23.15
      vertex 55.8506 63.4867 23.15
      vertex 54.9394 65.8409 23.15
    endloop
  endfacet
  facet normal 0 0 1
    outer loop
      vertex 56.1 54.38 23.15
      vertex 55.5606 52.1591 23.15
      vertex 55.7092 52.1087 23.15
    endloop
  endfacet
  facet normal 0 0 1
    outer loop
      vertex 55.8506 63.4867 23.15
      vertex 53.17 63.32 23.15
      vertex 55.8228 63.4348 23.15
    endloop
  endfacet
  facet normal 0 0 1
    outer loop
      vertex 56.0415 54.3858 23.15
      vertex 55.4066 52.1897 23.15
      vertex 55.5606 52.1591 23.15
    endloop
  endfacet
  facet normal 0 0 1
    outer loop
      vertex 55.8228 63.4348 23.15
      vertex 53.17 63.32 23.15
      vertex 55.8058 63.3785 23.15
    endloop
  endfacet
  facet normal 0 0 1
    outer loop
      vertex 55.9333 54.4306 23.15
      vertex 55.25 52.2 23.15
      vertex 55.4066 52.1897 23.15
    endloop
  endfacet
  facet normal 0 0 1
    outer loop
      vertex 55.8058 63.3785 23.15
      vertex 53.17 63.32 23.15
      vertex 55.8 63.32 23.15
    endloop
  endfacet
  facet normal 0 0 1
    outer loop
      vertex 55.8879 54.4679 23.15
      vertex 55.0934 52.1897 23.15
      vertex 55.25 52.2 23.15
    endloop
  endfacet
  facet normal 0 0 1
    outer loop
      vertex 53.17 63.32 23.15
      vertex 54.9394 65.8409 23.15
      vertex 54.7908 65.8913 23.15
    endloop
  endfacet
  facet normal 0 0 1
    outer loop
      vertex 55.8506 54.5133 23.15
      vertex 54.9394 52.1591 23.15
      vertex 55.0934 52.1897 23.15
    endloop
  endfacet
  facet normal 0 0 1
    outer loop
      vertex 53.17 63.32 23.15
      vertex 54.7908 65.8913 23.15
      vertex 54.65 65.9608 23.15
    endloop
  endfacet
  facet normal 0 0 1
    outer loop
      vertex 53.1472 54.5652 23.15
      vertex 55.8228 54.5652 23.15
      vertex 53.1642 54.6215 23.15
    endloop
  endfacet
  facet normal 0 0 1
    outer loop
      vertex 53.17 63.32 23.15
      vertex 54.65 65.9608 23.15
      vertex 54.5195 66.048 23.15
    endloop
  endfacet
  facet normal 0 0 1
    outer loop
      vertex 55.8228 54.5652 23.15
      vertex 53.1472 54.5652 23.15
      vertex 55.8506 54.5133 23.15
    endloop
  endfacet
  facet normal 0 0 1
    outer loop
      vertex 53.17 63.32 23.15
      vertex 54.5195 66.048 23.15
      vertex 54.4015 66.1515 23.15
    endloop
  endfacet
  facet normal 0 0 1
    outer loop
      vertex 53.1194 54.5133 23.15
      vertex 55.8506 54.5133 23.15
      vertex 53.1472 54.5652 23.15
    endloop
  endfacet
  facet normal 0 0 1
    outer loop
      vertex 53.17 63.32 23.15
      vertex 54.4015 66.1515 23.15
      vertex 54.298 66.2695 23.15
    endloop
  endfacet
  facet normal 0 0 1
    outer loop
      vertex 55.8506 54.5133 23.15
      vertex 53.1194 54.5133 23.15
      vertex 54.9394 52.1591 23.15
    endloop
  endfacet
  facet normal 0 0 1
    outer loop
      vertex 55.8228 54.7948 23.15
      vertex 53.17 54.68 23.15
      vertex 55.8058 54.7385 23.15
    endloop
  endfacet
  facet normal 0 0 1
    outer loop
      vertex 54.9394 52.1591 23.15
      vertex 53.1194 54.5133 23.15
      vertex 54.7908 52.1087 23.15
    endloop
  endfacet
  facet normal 0 0 1
    outer loop
      vertex 53.17 63.32 23.15
      vertex 54.298 66.2695 23.15
      vertex 54.2108 66.4 23.15
    endloop
  endfacet
  facet normal 0 0 1
    outer loop
      vertex 55.8058 54.7385 23.15
      vertex 53.17 54.68 23.15
      vertex 55.8 54.68 23.15
    endloop
  endfacet
  facet normal 0 0 1
    outer loop
      vertex 53.17 63.32 23.15
      vertex 54.2108 66.4 23.15
      vertex 54.1413 66.5408 23.15
    endloop
  endfacet
  facet normal -0 0 1
    outer loop
      vertex 53.0821 54.4679 23.15
      vertex 54.7908 52.1087 23.15
      vertex 53.1194 54.5133 23.15
    endloop
  endfacet
  facet normal 0 0 1
    outer loop
      vertex 53.17 63.32 23.15
      vertex 54.1413 66.5408 23.15
      vertex 54.0909 66.6894 23.15
    endloop
  endfacet
  facet normal 0 0 1
    outer loop
      vertex 54.7908 52.1087 23.15
      vertex 53.0821 54.4679 23.15
      vertex 54.65 52.0392 23.15
    endloop
  endfacet
  facet normal 0 0 1
    outer loop
      vertex 53.17 63.32 23.15
      vertex 54.0909 66.6894 23.15
      vertex 54.0603 66.8434 23.15
    endloop
  endfacet
  facet normal -0 0 1
    outer loop
      vertex 53.0367 54.4306 23.15
      vertex 54.65 52.0392 23.15
      vertex 53.0821 54.4679 23.15
    endloop
  endfacet
  facet normal 0 0 1
    outer loop
      vertex 52.87 63.62 23.15
      vertex 54.0603 66.8434 23.15
      vertex 54.05 67 23.15
    endloop
  endfacet
  facet normal 0 0 1
    outer loop
      vertex 54.65 52.0392 23.15
      vertex 53.0367 54.4306 23.15
      vertex 54.5195 51.952 23.15
    endloop
  endfacet
  facet normal -0 0 1
    outer loop
      vertex 55.9805 50.048 23.15
      vertex 56.825 47.8 23.15
      vertex 56.0985 50.1515 23.15
    endloop
  endfacet
  facet normal 0 0 1
    outer loop
      vertex 56.825 47.8 23.15
      vertex 55.9805 50.048 23.15
      vertex 56.747 47.7923 23.15
    endloop
  endfacet
  facet normal -0 0 1
    outer loop
      vertex 55.85 49.9608 23.15
      vertex 56.747 47.7923 23.15
      vertex 55.9805 50.048 23.15
    endloop
  endfacet
  facet normal 0 0 1
    outer loop
      vertex 56.747 47.7923 23.15
      vertex 55.85 49.9608 23.15
      vertex 56.6719 47.7696 23.15
    endloop
  endfacet
  facet normal 1 -0 0
    outer loop
      vertex 58.5 46 23.15
      vertex 58.5 72 22.15
      vertex 58.5 72 23.15
    endloop
  endfacet
  facet normal 1 0 0
    outer loop
      vertex 58.5 72 22.15
      vertex 58.5 46 23.15
      vertex 58.5 46 22.15
    endloop
  endfacet
  facet normal 0 1 -0
    outer loop
      vertex 58.5 72 22.15
      vertex 50.9 72 23.15
      vertex 58.5 72 23.15
    endloop
  endfacet
  facet normal 0 1 0
    outer loop
      vertex 50.9 72 23.15
      vertex 58.5 72 22.15
      vertex 50.9 72 22.15
    endloop
  endfacet
  facet normal 0 0 -1
    outer loop
      vertex 54.2327 70.522 22.15
      vertex 52.8173 70.522 22.15
      vertex 52.825 70.6 22.15
    endloop
  endfacet
  facet normal 0 0 -1
    outer loop
      vertex 54.05 67 22.15
      vertex 52.7946 70.4469 22.15
      vertex 52.8173 70.522 22.15
    endloop
  endfacet
  facet normal 0 0 -1
    outer loop
      vertex 54.05 67 22.15
      vertex 52.7576 70.3778 22.15
      vertex 52.7946 70.4469 22.15
    endloop
  endfacet
  facet normal 0 0 -1
    outer loop
      vertex 54.05 67 22.15
      vertex 52.7078 70.3172 22.15
      vertex 52.7576 70.3778 22.15
    endloop
  endfacet
  facet normal 0 0 -1
    outer loop
      vertex 54.05 67 22.15
      vertex 52.6472 70.2674 22.15
      vertex 52.7078 70.3172 22.15
    endloop
  endfacet
  facet normal 0 0 -1
    outer loop
      vertex 54.05 67 22.15
      vertex 52.5781 70.2304 22.15
      vertex 52.6472 70.2674 22.15
    endloop
  endfacet
  facet normal 0 0 -1
    outer loop
      vertex 54.05 67 22.15
      vertex 52.503 70.2077 22.15
      vertex 52.5781 70.2304 22.15
    endloop
  endfacet
  facet normal 0 0 -1
    outer loop
      vertex 54.05 67 22.15
      vertex 52.425 70.2 22.15
      vertex 52.503 70.2077 22.15
    endloop
  endfacet
  facet normal -0 0 -1
    outer loop
      vertex 54.0603 66.8434 22.15
      vertex 51.7115 63.6142 22.15
      vertex 54.05 67 22.15
    endloop
  endfacet
  facet normal 0 0 -1
    outer loop
      vertex 54.05 67 22.15
      vertex 52.347 70.2077 22.15
      vertex 52.425 70.2 22.15
    endloop
  endfacet
  facet normal 0 0 -1
    outer loop
      vertex 51.6552 63.5972 22.15
      vertex 54.05 67 22.15
      vertex 51.7115 63.6142 22.15
    endloop
  endfacet
  facet normal 0 0 -1
    outer loop
      vertex 54.05 67 22.15
      vertex 52.2719 70.2304 22.15
      vertex 52.347 70.2077 22.15
    endloop
  endfacet
  facet normal 0 -0 -1
    outer loop
      vertex 52.2028 70.2674 22.15
      vertex 54.05 67 22.15
      vertex 51.6552 63.5972 22.15
    endloop
  endfacet
  facet normal 0 0 -1
    outer loop
      vertex 54.05 67 22.15
      vertex 52.2028 70.2674 22.15
      vertex 52.2719 70.2304 22.15
    endloop
  endfacet
  facet normal 0 0 -1
    outer loop
      vertex 51.6033 63.5694 22.15
      vertex 52.2028 70.2674 22.15
      vertex 51.6552 63.5972 22.15
    endloop
  endfacet
  facet normal 0 0 -1
    outer loop
      vertex 51.5579 63.5321 22.15
      vertex 52.1422 70.3172 22.15
      vertex 51.6033 63.5694 22.15
    endloop
  endfacet
  facet normal -0 0 -1
    outer loop
      vertex 52.2028 70.2674 22.15
      vertex 51.6033 63.5694 22.15
      vertex 52.1422 70.3172 22.15
    endloop
  endfacet
  facet normal 0 0 -1
    outer loop
      vertex 56.0415 54.9742 22.15
      vertex 53.0902 56.2906 22.15
      vertex 56.1 54.98 22.15
    endloop
  endfacet
  facet normal 0 0 -1
    outer loop
      vertex 56.1 63.02 22.15
      vertex 53.1388 61.8266 22.15
      vertex 53.145 61.89 22.15
    endloop
  endfacet
  facet normal 0 0 -1
    outer loop
      vertex 53.0498 56.3398 22.15
      vertex 56.1 54.98 22.15
      vertex 53.0902 56.2906 22.15
    endloop
  endfacet
  facet normal 0 0 -1
    outer loop
      vertex 56.1 63.02 22.15
      vertex 53.1203 61.7656 22.15
      vertex 53.1388 61.8266 22.15
    endloop
  endfacet
  facet normal 0 0 -1
    outer loop
      vertex 56.1 54.98 22.15
      vertex 53.0498 56.3398 22.15
      vertex 56.1 63.02 22.15
    endloop
  endfacet
  facet normal 0 0 -1
    outer loop
      vertex 56.1 63.02 22.15
      vertex 53.0902 61.7094 22.15
      vertex 53.1203 61.7656 22.15
    endloop
  endfacet
  facet normal 0 0 -1
    outer loop
      vertex 53.0498 61.6602 22.15
      vertex 56.1 63.02 22.15
      vertex 53.0498 56.3398 22.15
    endloop
  endfacet
  facet normal 0 0 -1
    outer loop
      vertex 56.1 63.02 22.15
      vertex 53.0498 61.6602 22.15
      vertex 53.0902 61.7094 22.15
    endloop
  endfacet
  facet normal 0 0 -1
    outer loop
      vertex 53.0006 56.3802 22.15
      vertex 53.0498 61.6602 22.15
      vertex 53.0498 56.3398 22.15
    endloop
  endfacet
  facet normal 0 0 -1
    outer loop
      vertex 53.0006 56.3802 22.15
      vertex 53.0006 61.6198 22.15
      vertex 53.0498 61.6602 22.15
    endloop
  endfacet
  facet normal 0 0 -1
    outer loop
      vertex 52.9444 56.4103 22.15
      vertex 53.0006 61.6198 22.15
      vertex 53.0006 56.3802 22.15
    endloop
  endfacet
  facet normal 0 0 -1
    outer loop
      vertex 52.9444 56.4103 22.15
      vertex 52.9444 61.5897 22.15
      vertex 53.0006 61.6198 22.15
    endloop
  endfacet
  facet normal 0 0 -1
    outer loop
      vertex 52.8834 56.4288 22.15
      vertex 52.9444 61.5897 22.15
      vertex 52.9444 56.4103 22.15
    endloop
  endfacet
  facet normal 0 0 -1
    outer loop
      vertex 52.8834 56.4288 22.15
      vertex 52.8834 61.5712 22.15
      vertex 52.9444 61.5897 22.15
    endloop
  endfacet
  facet normal 0 0 -1
    outer loop
      vertex 52.82 56.435 22.15
      vertex 52.8834 61.5712 22.15
      vertex 52.8834 56.4288 22.15
    endloop
  endfacet
  facet normal 0 0 -1
    outer loop
      vertex 52.82 56.435 22.15
      vertex 52.82 61.565 22.15
      vertex 52.8834 61.5712 22.15
    endloop
  endfacet
  facet normal 0 0 -1
    outer loop
      vertex 52.7566 56.4288 22.15
      vertex 52.82 61.565 22.15
      vertex 52.82 56.435 22.15
    endloop
  endfacet
  facet normal 0 0 -1
    outer loop
      vertex 52.7566 56.4288 22.15
      vertex 52.7566 61.5712 22.15
      vertex 52.82 61.565 22.15
    endloop
  endfacet
  facet normal 0 0 -1
    outer loop
      vertex 52.6956 56.4103 22.15
      vertex 52.7566 61.5712 22.15
      vertex 52.7566 56.4288 22.15
    endloop
  endfacet
  facet normal 0 0 -1
    outer loop
      vertex 52.6956 56.4103 22.15
      vertex 52.6956 61.5897 22.15
      vertex 52.7566 61.5712 22.15
    endloop
  endfacet
  facet normal 0 0 -1
    outer loop
      vertex 52.6394 56.3802 22.15
      vertex 52.6956 61.5897 22.15
      vertex 52.6956 56.4103 22.15
    endloop
  endfacet
  facet normal 0 0 -1
    outer loop
      vertex 52.6394 56.3802 22.15
      vertex 52.6394 61.6198 22.15
      vertex 52.6956 61.5897 22.15
    endloop
  endfacet
  facet normal 0 0 -1
    outer loop
      vertex 52.5902 56.3398 22.15
      vertex 52.6394 61.6198 22.15
      vertex 52.6394 56.3802 22.15
    endloop
  endfacet
  facet normal 0 0 -1
    outer loop
      vertex 52.5902 56.3398 22.15
      vertex 52.5902 61.6602 22.15
      vertex 52.6394 61.6198 22.15
    endloop
  endfacet
  facet normal 0 0 -1
    outer loop
      vertex 52.5498 56.2906 22.15
      vertex 52.5902 61.6602 22.15
      vertex 52.5902 56.3398 22.15
    endloop
  endfacet
  facet normal 0 0 -1
    outer loop
      vertex 52.5498 56.2906 22.15
      vertex 52.5498 61.7094 22.15
      vertex 52.5902 61.6602 22.15
    endloop
  endfacet
  facet normal 0 0 -1
    outer loop
      vertex 52.5197 56.2344 22.15
      vertex 52.5498 61.7094 22.15
      vertex 52.5498 56.2906 22.15
    endloop
  endfacet
  facet normal 0 0 -1
    outer loop
      vertex 52.5197 56.2344 22.15
      vertex 52.5197 61.7656 22.15
      vertex 52.5498 61.7094 22.15
    endloop
  endfacet
  facet normal 0 0 -1
    outer loop
      vertex 51.6033 54.9294 22.15
      vertex 52.5197 56.2344 22.15
      vertex 52.5012 56.1734 22.15
    endloop
  endfacet
  facet normal -0 0 -1
    outer loop
      vertex 52.5197 56.2344 22.15
      vertex 51.5579 54.8921 22.15
      vertex 52.5197 61.7656 22.15
    endloop
  endfacet
  facet normal 0 0 -1
    outer loop
      vertex 51.6552 54.9572 22.15
      vertex 52.5012 56.1734 22.15
      vertex 52.495 56.11 22.15
    endloop
  endfacet
  facet normal 0 0 -1
    outer loop
      vertex 51.5579 63.1079 22.15
      vertex 52.5197 61.7656 22.15
      vertex 51.5579 54.8921 22.15
    endloop
  endfacet
  facet normal -0 0 -1
    outer loop
      vertex 56.1 63.02 22.15
      vertex 53.145 61.89 22.15
      vertex 56.0415 63.0258 22.15
    endloop
  endfacet
  facet normal -0 0 -1
    outer loop
      vertex 56.0415 63.0258 22.15
      vertex 53.145 61.89 22.15
      vertex 55.9852 63.0428 22.15
    endloop
  endfacet
  facet normal 0 0 -1
    outer loop
      vertex 53.1388 56.0466 22.15
      vertex 53.1642 54.7385 22.15
      vertex 53.1472 54.7948 22.15
    endloop
  endfacet
  facet normal 0 0 -1
    outer loop
      vertex 53.1388 61.9534 22.15
      vertex 55.9852 63.0428 22.15
      vertex 53.145 61.89 22.15
    endloop
  endfacet
  facet normal 0 0 -1
    outer loop
      vertex 55.9852 63.0428 22.15
      vertex 53.1642 63.2615 22.15
      vertex 53.17 63.32 22.15
    endloop
  endfacet
  facet normal 0 0 -1
    outer loop
      vertex 53.1642 54.7385 22.15
      vertex 53.1388 56.0466 22.15
      vertex 53.145 56.11 22.15
    endloop
  endfacet
  facet normal 0 0 -1
    outer loop
      vertex 53.1472 54.7948 22.15
      vertex 53.1203 55.9856 22.15
      vertex 53.1388 56.0466 22.15
    endloop
  endfacet
  facet normal 0 0 -1
    outer loop
      vertex 53.1194 54.8467 22.15
      vertex 53.1203 55.9856 22.15
      vertex 53.1472 54.7948 22.15
    endloop
  endfacet
  facet normal 0 0 -1
    outer loop
      vertex 53.1194 54.8467 22.15
      vertex 53.0902 55.9294 22.15
      vertex 53.1203 55.9856 22.15
    endloop
  endfacet
  facet normal 0 0 -1
    outer loop
      vertex 53.0821 54.8921 22.15
      vertex 53.0902 55.9294 22.15
      vertex 53.1194 54.8467 22.15
    endloop
  endfacet
  facet normal 0 0 -1
    outer loop
      vertex 53.0821 54.8921 22.15
      vertex 53.0498 55.8802 22.15
      vertex 53.0902 55.9294 22.15
    endloop
  endfacet
  facet normal 0 0 -1
    outer loop
      vertex 53.0367 54.9294 22.15
      vertex 53.0498 55.8802 22.15
      vertex 53.0821 54.8921 22.15
    endloop
  endfacet
  facet normal 0 0 -1
    outer loop
      vertex 53.0367 54.9294 22.15
      vertex 53.0006 55.8398 22.15
      vertex 53.0498 55.8802 22.15
    endloop
  endfacet
  facet normal 0 0 -1
    outer loop
      vertex 52.9848 54.9572 22.15
      vertex 53.0006 55.8398 22.15
      vertex 53.0367 54.9294 22.15
    endloop
  endfacet
  facet normal 0 0 -1
    outer loop
      vertex 52.9848 54.9572 22.15
      vertex 52.9444 55.8097 22.15
      vertex 53.0006 55.8398 22.15
    endloop
  endfacet
  facet normal 0 0 -1
    outer loop
      vertex 52.9285 54.9742 22.15
      vertex 52.9444 55.8097 22.15
      vertex 52.9848 54.9572 22.15
    endloop
  endfacet
  facet normal 0 0 -1
    outer loop
      vertex 52.9285 54.9742 22.15
      vertex 52.8834 55.7912 22.15
      vertex 52.9444 55.8097 22.15
    endloop
  endfacet
  facet normal 0 0 -1
    outer loop
      vertex 52.87 54.98 22.15
      vertex 52.8834 55.7912 22.15
      vertex 52.9285 54.9742 22.15
    endloop
  endfacet
  facet normal 0 0 -1
    outer loop
      vertex 52.87 54.98 22.15
      vertex 52.82 55.785 22.15
      vertex 52.8834 55.7912 22.15
    endloop
  endfacet
  facet normal 0 0 -1
    outer loop
      vertex 52.87 54.98 22.15
      vertex 52.7566 55.7912 22.15
      vertex 52.82 55.785 22.15
    endloop
  endfacet
  facet normal 0 0 -1
    outer loop
      vertex 52.87 54.98 22.15
      vertex 52.6956 55.8097 22.15
      vertex 52.7566 55.7912 22.15
    endloop
  endfacet
  facet normal 0 0 -1
    outer loop
      vertex 52.87 54.98 22.15
      vertex 52.6394 55.8398 22.15
      vertex 52.6956 55.8097 22.15
    endloop
  endfacet
  facet normal 0 0 -1
    outer loop
      vertex 51.77 54.98 22.15
      vertex 52.6394 55.8398 22.15
      vertex 52.87 54.98 22.15
    endloop
  endfacet
  facet normal -0 0 -1
    outer loop
      vertex 52.6394 55.8398 22.15
      vertex 51.77 54.98 22.15
      vertex 52.5902 55.8802 22.15
    endloop
  endfacet
  facet normal -0 0 -1
    outer loop
      vertex 52.5902 55.8802 22.15
      vertex 51.77 54.98 22.15
      vertex 52.5498 55.9294 22.15
    endloop
  endfacet
  facet normal -0 0 -1
    outer loop
      vertex 52.5012 56.0466 22.15
      vertex 51.7115 54.9742 22.15
      vertex 52.495 56.11 22.15
    endloop
  endfacet
  facet normal 0 0 -1
    outer loop
      vertex 51.7115 54.9742 22.15
      vertex 52.5012 56.0466 22.15
      vertex 51.77 54.98 22.15
    endloop
  endfacet
  facet normal -0 0 -1
    outer loop
      vertex 52.5197 55.9856 22.15
      vertex 51.77 54.98 22.15
      vertex 52.5012 56.0466 22.15
    endloop
  endfacet
  facet normal -0 0 -1
    outer loop
      vertex 52.5498 55.9294 22.15
      vertex 51.77 54.98 22.15
      vertex 52.5197 55.9856 22.15
    endloop
  endfacet
  facet normal 0 0 -1
    outer loop
      vertex 53.1203 62.0144 22.15
      vertex 55.9852 63.0428 22.15
      vertex 53.1388 61.9534 22.15
    endloop
  endfacet
  facet normal 0 0 -1
    outer loop
      vertex 55.9852 63.0428 22.15
      vertex 53.1472 63.2052 22.15
      vertex 53.1642 63.2615 22.15
    endloop
  endfacet
  facet normal -0 0 -1
    outer loop
      vertex 55.9852 63.0428 22.15
      vertex 53.1203 62.0144 22.15
      vertex 53.1472 63.2052 22.15
    endloop
  endfacet
  facet normal 0 0 -1
    outer loop
      vertex 53.1203 62.0144 22.15
      vertex 53.1194 63.1533 22.15
      vertex 53.1472 63.2052 22.15
    endloop
  endfacet
  facet normal 0 0 -1
    outer loop
      vertex 53.0902 62.0706 22.15
      vertex 53.1194 63.1533 22.15
      vertex 53.1203 62.0144 22.15
    endloop
  endfacet
  facet normal 0 0 -1
    outer loop
      vertex 53.0902 62.0706 22.15
      vertex 53.0821 63.1079 22.15
      vertex 53.1194 63.1533 22.15
    endloop
  endfacet
  facet normal 0 0 -1
    outer loop
      vertex 53.0498 62.1198 22.15
      vertex 53.0821 63.1079 22.15
      vertex 53.0902 62.0706 22.15
    endloop
  endfacet
  facet normal 0 0 -1
    outer loop
      vertex 53.0498 62.1198 22.15
      vertex 53.0367 63.0706 22.15
      vertex 53.0821 63.1079 22.15
    endloop
  endfacet
  facet normal 0 0 -1
    outer loop
      vertex 53.0006 62.1602 22.15
      vertex 53.0367 63.0706 22.15
      vertex 53.0498 62.1198 22.15
    endloop
  endfacet
  facet normal 0 0 -1
    outer loop
      vertex 53.0006 62.1602 22.15
      vertex 52.9848 63.0428 22.15
      vertex 53.0367 63.0706 22.15
    endloop
  endfacet
  facet normal 0 0 -1
    outer loop
      vertex 52.9444 62.1903 22.15
      vertex 52.9848 63.0428 22.15
      vertex 53.0006 62.1602 22.15
    endloop
  endfacet
  facet normal 0 0 -1
    outer loop
      vertex 52.9444 62.1903 22.15
      vertex 52.9285 63.0258 22.15
      vertex 52.9848 63.0428 22.15
    endloop
  endfacet
  facet normal 0 0 -1
    outer loop
      vertex 52.8834 62.2088 22.15
      vertex 52.9285 63.0258 22.15
      vertex 52.9444 62.1903 22.15
    endloop
  endfacet
  facet normal 0 0 -1
    outer loop
      vertex 52.8834 62.2088 22.15
      vertex 52.87 63.02 22.15
      vertex 52.9285 63.0258 22.15
    endloop
  endfacet
  facet normal 0 0 -1
    outer loop
      vertex 52.82 62.215 22.15
      vertex 52.87 63.02 22.15
      vertex 52.8834 62.2088 22.15
    endloop
  endfacet
  facet normal 0 0 -1
    outer loop
      vertex 52.7566 62.2088 22.15
      vertex 52.87 63.02 22.15
      vertex 52.82 62.215 22.15
    endloop
  endfacet
  facet normal 0 0 -1
    outer loop
      vertex 52.6956 62.1903 22.15
      vertex 52.87 63.02 22.15
      vertex 52.7566 62.2088 22.15
    endloop
  endfacet
  facet normal 0 0 -1
    outer loop
      vertex 52.6394 62.1602 22.15
      vertex 52.87 63.02 22.15
      vertex 52.6956 62.1903 22.15
    endloop
  endfacet
  facet normal 0 0 -1
    outer loop
      vertex 51.77 63.02 22.15
      vertex 52.6394 62.1602 22.15
      vertex 52.5902 62.1198 22.15
    endloop
  endfacet
  facet normal 0 0 -1
    outer loop
      vertex 51.77 63.02 22.15
      vertex 52.5902 62.1198 22.15
      vertex 52.5498 62.0706 22.15
    endloop
  endfacet
  facet normal 0 0 -1
    outer loop
      vertex 51.77 63.02 22.15
      vertex 52.5498 62.0706 22.15
      vertex 52.5197 62.0144 22.15
    endloop
  endfacet
  facet normal 0 0 -1
    outer loop
      vertex 51.6552 54.9572 22.15
      vertex 52.495 56.11 22.15
      vertex 51.7115 54.9742 22.15
    endloop
  endfacet
  facet normal 0 0 -1
    outer loop
      vertex 52.6394 62.1602 22.15
      vertex 51.77 63.02 22.15
      vertex 52.87 63.02 22.15
    endloop
  endfacet
  facet normal 0 0 -1
    outer loop
      vertex 52.5012 61.9534 22.15
      vertex 51.77 63.02 22.15
      vertex 52.5197 62.0144 22.15
    endloop
  endfacet
  facet normal 0 0 -1
    outer loop
      vertex 52.5012 56.1734 22.15
      vertex 51.6552 54.9572 22.15
      vertex 51.6033 54.9294 22.15
    endloop
  endfacet
  facet normal 0 0 -1
    outer loop
      vertex 52.5197 56.2344 22.15
      vertex 51.6033 54.9294 22.15
      vertex 51.5579 54.8921 22.15
    endloop
  endfacet
  facet normal 0 0 -1
    outer loop
      vertex 52.5012 61.9534 22.15
      vertex 51.7115 63.0258 22.15
      vertex 51.77 63.02 22.15
    endloop
  endfacet
  facet normal -0 -0 -1
    outer loop
      vertex 51.6033 63.0706 22.15
      vertex 52.5197 61.7656 22.15
      vertex 51.5579 63.1079 22.15
    endloop
  endfacet
  facet normal 0 0 -1
    outer loop
      vertex 52.495 61.89 22.15
      vertex 51.7115 63.0258 22.15
      vertex 52.5012 61.9534 22.15
    endloop
  endfacet
  facet normal 0 0 -1
    outer loop
      vertex 52.5197 61.7656 22.15
      vertex 51.6033 63.0706 22.15
      vertex 52.5012 61.8266 22.15
    endloop
  endfacet
  facet normal -0 -0 -1
    outer loop
      vertex 51.7115 63.0258 22.15
      vertex 52.495 61.89 22.15
      vertex 51.6552 63.0428 22.15
    endloop
  endfacet
  facet normal -0 -0 -1
    outer loop
      vertex 51.6552 63.0428 22.15
      vertex 52.5012 61.8266 22.15
      vertex 51.6033 63.0706 22.15
    endloop
  endfacet
  facet normal 0 0 -1
    outer loop
      vertex 52.5012 61.8266 22.15
      vertex 51.6552 63.0428 22.15
      vertex 52.495 61.89 22.15
    endloop
  endfacet
  facet normal 0 0 -1
    outer loop
      vertex 51.5206 54.8467 22.15
      vertex 51.5579 63.1079 22.15
      vertex 51.5579 54.8921 22.15
    endloop
  endfacet
  facet normal 0 0 -1
    outer loop
      vertex 51.5206 54.8467 22.15
      vertex 51.5206 63.1533 22.15
      vertex 51.5579 63.1079 22.15
    endloop
  endfacet
  facet normal 0 0 -1
    outer loop
      vertex 51.4928 54.7948 22.15
      vertex 51.5206 63.1533 22.15
      vertex 51.5206 54.8467 22.15
    endloop
  endfacet
  facet normal 0 0 -1
    outer loop
      vertex 51.4928 54.7948 22.15
      vertex 51.4928 63.2052 22.15
      vertex 51.5206 63.1533 22.15
    endloop
  endfacet
  facet normal 0 0 -1
    outer loop
      vertex 51.4758 54.7385 22.15
      vertex 51.4928 63.2052 22.15
      vertex 51.4928 54.7948 22.15
    endloop
  endfacet
  facet normal 0 0 -1
    outer loop
      vertex 51.4758 54.7385 22.15
      vertex 51.4758 63.2615 22.15
      vertex 51.4928 63.2052 22.15
    endloop
  endfacet
  facet normal 0 0 -1
    outer loop
      vertex 51.47 54.68 22.15
      vertex 51.4758 63.2615 22.15
      vertex 51.4758 54.7385 22.15
    endloop
  endfacet
  facet normal -0 0 -1
    outer loop
      vertex 51.4758 63.2615 22.15
      vertex 51.47 54.68 22.15
      vertex 51.47 63.32 22.15
    endloop
  endfacet
  facet normal 0 0 -1
    outer loop
      vertex 52.503 47.7923 22.15
      vertex 54.298 50.2695 22.15
      vertex 52.5781 47.7696 22.15
    endloop
  endfacet
  facet normal -0 0 -1
    outer loop
      vertex 54.298 50.2695 22.15
      vertex 52.503 47.7923 22.15
      vertex 54.2108 50.4 22.15
    endloop
  endfacet
  facet normal 0 0 -1
    outer loop
      vertex 52.425 47.8 22.15
      vertex 54.2108 50.4 22.15
      vertex 52.503 47.7923 22.15
    endloop
  endfacet
  facet normal -0 0 -1
    outer loop
      vertex 54.2108 50.4 22.15
      vertex 52.425 47.8 22.15
      vertex 54.1413 50.5408 22.15
    endloop
  endfacet
  facet normal 0 0 -1
    outer loop
      vertex 52.347 47.7923 22.15
      vertex 54.1413 50.5408 22.15
      vertex 52.425 47.8 22.15
    endloop
  endfacet
  facet normal -0 0 -1
    outer loop
      vertex 54.1413 50.5408 22.15
      vertex 52.347 47.7923 22.15
      vertex 54.0909 50.6894 22.15
    endloop
  endfacet
  facet normal 0 0 -1
    outer loop
      vertex 52.2719 47.7696 22.15
      vertex 54.0909 50.6894 22.15
      vertex 52.347 47.7923 22.15
    endloop
  endfacet
  facet normal -0 0 -1
    outer loop
      vertex 54.0909 50.6894 22.15
      vertex 52.2719 47.7696 22.15
      vertex 54.0603 50.8434 22.15
    endloop
  endfacet
  facet normal -0 0 -1
    outer loop
      vertex 54.0603 50.8434 22.15
      vertex 52.2719 47.7696 22.15
      vertex 54.05 51 22.15
    endloop
  endfacet
  facet normal 0 0 -1
    outer loop
      vertex 52.2028 47.7326 22.15
      vertex 54.05 51 22.15
      vertex 52.2719 47.7696 22.15
    endloop
  endfacet
  facet normal -0 0 -1
    outer loop
      vertex 54.05 51 22.15
      vertex 52.2028 47.7326 22.15
      vertex 51.6552 54.4028 22.15
    endloop
  endfacet
  facet normal 0 0 -1
    outer loop
      vertex 51.6033 54.4306 22.15
      vertex 52.2028 47.7326 22.15
      vertex 52.1422 47.6828 22.15
    endloop
  endfacet
  facet normal 0 0 -1
    outer loop
      vertex 51.5579 54.4679 22.15
      vertex 52.1422 47.6828 22.15
      vertex 52.0924 47.6222 22.15
    endloop
  endfacet
  facet normal 0 0 -1
    outer loop
      vertex 51.5206 54.5133 22.15
      vertex 52.0924 47.6222 22.15
      vertex 52.0554 47.5531 22.15
    endloop
  endfacet
  facet normal 0 0 -1
    outer loop
      vertex 50.9 46 22.15
      vertex 52.0554 47.5531 22.15
      vertex 52.0327 47.478 22.15
    endloop
  endfacet
  facet normal 0 0 -1
    outer loop
      vertex 54.05 51 22.15
      vertex 51.77 54.38 22.15
      vertex 52.87 54.38 22.15
    endloop
  endfacet
  facet normal 0 0 -1
    outer loop
      vertex 50.9 46 22.15
      vertex 52.0327 47.478 22.15
      vertex 52.025 47.4 22.15
    endloop
  endfacet
  facet normal 0 0 -1
    outer loop
      vertex 56.4327 70.522 22.15
      vertex 55.0173 70.522 22.15
      vertex 55.025 70.6 22.15
    endloop
  endfacet
  facet normal 0 0 -1
    outer loop
      vertex 55.25 68.2 22.15
      vertex 54.9946 70.4469 22.15
      vertex 55.0173 70.522 22.15
    endloop
  endfacet
  facet normal 0 0 -1
    outer loop
      vertex 55.25 68.2 22.15
      vertex 54.9576 70.3778 22.15
      vertex 54.9946 70.4469 22.15
    endloop
  endfacet
  facet normal 0 0 -1
    outer loop
      vertex 54.703 70.2077 22.15
      vertex 55.0934 68.1897 22.15
      vertex 54.9394 68.1591 22.15
    endloop
  endfacet
  facet normal 0 0 -1
    outer loop
      vertex 55.25 68.2 22.15
      vertex 54.9078 70.3172 22.15
      vertex 54.9576 70.3778 22.15
    endloop
  endfacet
  facet normal 0 0 -1
    outer loop
      vertex 55.25 68.2 22.15
      vertex 54.8472 70.2674 22.15
      vertex 54.9078 70.3172 22.15
    endloop
  endfacet
  facet normal 0 0 -1
    outer loop
      vertex 54.625 70.2 22.15
      vertex 54.9394 68.1591 22.15
      vertex 54.7908 68.1087 22.15
    endloop
  endfacet
  facet normal 0 0 -1
    outer loop
      vertex 55.25 68.2 22.15
      vertex 54.7781 70.2304 22.15
      vertex 54.8472 70.2674 22.15
    endloop
  endfacet
  facet normal 0 0 -1
    outer loop
      vertex 55.0934 68.1897 22.15
      vertex 54.703 70.2077 22.15
      vertex 54.7781 70.2304 22.15
    endloop
  endfacet
  facet normal 0 0 -1
    outer loop
      vertex 54.547 70.2077 22.15
      vertex 54.7908 68.1087 22.15
      vertex 54.65 68.0392 22.15
    endloop
  endfacet
  facet normal 0 0 -1
    outer loop
      vertex 54.9394 68.1591 22.15
      vertex 54.625 70.2 22.15
      vertex 54.703 70.2077 22.15
    endloop
  endfacet
  facet normal 0 0 -1
    outer loop
      vertex 54.7908 68.1087 22.15
      vertex 54.547 70.2077 22.15
      vertex 54.625 70.2 22.15
    endloop
  endfacet
  facet normal 0 0 -1
    outer loop
      vertex 54.4719 70.2304 22.15
      vertex 54.65 68.0392 22.15
      vertex 54.5195 67.952 22.15
    endloop
  endfacet
  facet normal 0 0 -1
    outer loop
      vertex 54.65 68.0392 22.15
      vertex 54.4719 70.2304 22.15
      vertex 54.547 70.2077 22.15
    endloop
  endfacet
  facet normal 0 0 -1
    outer loop
      vertex 54.5195 67.952 22.15
      vertex 54.4028 70.2674 22.15
      vertex 54.4719 70.2304 22.15
    endloop
  endfacet
  facet normal 0 0 -1
    outer loop
      vertex 54.4015 67.8485 22.15
      vertex 54.4028 70.2674 22.15
      vertex 54.5195 67.952 22.15
    endloop
  endfacet
  facet normal 0 0 -1
    outer loop
      vertex 52.8173 70.522 22.15
      vertex 54.4028 70.2674 22.15
      vertex 54.4015 67.8485 22.15
    endloop
  endfacet
  facet normal 0 0 -1
    outer loop
      vertex 52.8173 70.522 22.15
      vertex 54.4015 67.8485 22.15
      vertex 54.298 67.7305 22.15
    endloop
  endfacet
  facet normal 0 0 -1
    outer loop
      vertex 54.4028 70.2674 22.15
      vertex 52.8173 70.522 22.15
      vertex 54.3422 70.3172 22.15
    endloop
  endfacet
  facet normal 0 0 -1
    outer loop
      vertex 52.8173 70.522 22.15
      vertex 54.2924 70.3778 22.15
      vertex 54.3422 70.3172 22.15
    endloop
  endfacet
  facet normal 0 0 -1
    outer loop
      vertex 52.8173 70.522 22.15
      vertex 54.2554 70.4469 22.15
      vertex 54.2924 70.3778 22.15
    endloop
  endfacet
  facet normal 0 0 -1
    outer loop
      vertex 52.8173 70.522 22.15
      vertex 54.2327 70.522 22.15
      vertex 54.2554 70.4469 22.15
    endloop
  endfacet
  facet normal 0 0 -1
    outer loop
      vertex 52.8173 70.522 22.15
      vertex 54.298 67.7305 22.15
      vertex 54.2108 67.6 22.15
    endloop
  endfacet
  facet normal 0 0 -1
    outer loop
      vertex 54.9078 47.6828 22.15
      vertex 56.4924 47.6222 22.15
      vertex 54.9576 47.6222 22.15
    endloop
  endfacet
  facet normal 0 0 -1
    outer loop
      vertex 56.4924 47.6222 22.15
      vertex 54.9078 47.6828 22.15
      vertex 55.4066 49.8103 22.15
    endloop
  endfacet
  facet normal 0 0 -1
    outer loop
      vertex 54.8472 47.7326 22.15
      vertex 55.4066 49.8103 22.15
      vertex 54.9078 47.6828 22.15
    endloop
  endfacet
  facet normal 0 0 -1
    outer loop
      vertex 55.4066 49.8103 22.15
      vertex 54.8472 47.7326 22.15
      vertex 55.25 49.8 22.15
    endloop
  endfacet
  facet normal 0 0 -1
    outer loop
      vertex 54.7781 47.7696 22.15
      vertex 55.25 49.8 22.15
      vertex 54.8472 47.7326 22.15
    endloop
  endfacet
  facet normal -0 0 -1
    outer loop
      vertex 55.25 49.8 22.15
      vertex 54.7781 47.7696 22.15
      vertex 55.0934 49.8103 22.15
    endloop
  endfacet
  facet normal 0 0 -1
    outer loop
      vertex 54.703 47.7923 22.15
      vertex 55.0934 49.8103 22.15
      vertex 54.7781 47.7696 22.15
    endloop
  endfacet
  facet normal -0 0 -1
    outer loop
      vertex 55.0934 49.8103 22.15
      vertex 54.703 47.7923 22.15
      vertex 54.9394 49.8409 22.15
    endloop
  endfacet
  facet normal 0 0 -1
    outer loop
      vertex 54.625 47.8 22.15
      vertex 54.9394 49.8409 22.15
      vertex 54.703 47.7923 22.15
    endloop
  endfacet
  facet normal -0 0 -1
    outer loop
      vertex 54.9394 49.8409 22.15
      vertex 54.625 47.8 22.15
      vertex 54.7908 49.8913 22.15
    endloop
  endfacet
  facet normal 0 0 -1
    outer loop
      vertex 54.547 47.7923 22.15
      vertex 54.7908 49.8913 22.15
      vertex 54.625 47.8 22.15
    endloop
  endfacet
  facet normal -0 0 -1
    outer loop
      vertex 54.7908 49.8913 22.15
      vertex 54.547 47.7923 22.15
      vertex 54.65 49.9608 22.15
    endloop
  endfacet
  facet normal 0 0 -1
    outer loop
      vertex 54.4719 47.7696 22.15
      vertex 54.65 49.9608 22.15
      vertex 54.547 47.7923 22.15
    endloop
  endfacet
  facet normal -0 0 -1
    outer loop
      vertex 54.65 49.9608 22.15
      vertex 54.4719 47.7696 22.15
      vertex 54.5195 50.048 22.15
    endloop
  endfacet
  facet normal 0 0 -1
    outer loop
      vertex 54.4028 47.7326 22.15
      vertex 54.5195 50.048 22.15
      vertex 54.4719 47.7696 22.15
    endloop
  endfacet
  facet normal 0 0 -1
    outer loop
      vertex 54.3422 47.6828 22.15
      vertex 52.7078 47.6828 22.15
      vertex 54.4028 47.7326 22.15
    endloop
  endfacet
  facet normal 0 0 -1
    outer loop
      vertex 52.7576 47.6222 22.15
      vertex 54.2924 47.6222 22.15
      vertex 52.7946 47.5531 22.15
    endloop
  endfacet
  facet normal 0 0 -1
    outer loop
      vertex 54.2554 47.5531 22.15
      vertex 52.7946 47.5531 22.15
      vertex 54.2924 47.6222 22.15
    endloop
  endfacet
  facet normal 0 0 -1
    outer loop
      vertex 52.7946 47.5531 22.15
      vertex 54.2554 47.5531 22.15
      vertex 52.8173 47.478 22.15
    endloop
  endfacet
  facet normal 0 0 -1
    outer loop
      vertex 54.2327 47.478 22.15
      vertex 52.8173 47.478 22.15
      vertex 54.2554 47.5531 22.15
    endloop
  endfacet
  facet normal 0 0 -1
    outer loop
      vertex 52.8173 47.478 22.15
      vertex 54.2327 47.478 22.15
      vertex 52.825 47.4 22.15
    endloop
  endfacet
  facet normal 0 0 -1
    outer loop
      vertex 52.825 47.4 22.15
      vertex 54.2327 47.478 22.15
      vertex 54.225 47.4 22.15
    endloop
  endfacet
  facet normal 0 0 -1
    outer loop
      vertex 54.2924 47.6222 22.15
      vertex 52.7576 47.6222 22.15
      vertex 54.3422 47.6828 22.15
    endloop
  endfacet
  facet normal 0 0 -1
    outer loop
      vertex 57.1576 47.6222 22.15
      vertex 56.4397 50.8434 22.15
      vertex 56.45 51 22.15
    endloop
  endfacet
  facet normal 0 0 -1
    outer loop
      vertex 55.0173 47.478 22.15
      vertex 56.4327 47.478 22.15
      vertex 55.025 47.4 22.15
    endloop
  endfacet
  facet normal 0 0 -1
    outer loop
      vertex 55.025 47.4 22.15
      vertex 56.4327 47.478 22.15
      vertex 56.425 47.4 22.15
    endloop
  endfacet
  facet normal 0 0 -1
    outer loop
      vertex 56.4924 47.6222 22.15
      vertex 56.4091 50.6894 22.15
      vertex 56.4397 50.8434 22.15
    endloop
  endfacet
  facet normal 0 0 -1
    outer loop
      vertex 57.1942 54.7385 22.15
      vertex 57.2 63.32 22.15
      vertex 57.2 54.68 22.15
    endloop
  endfacet
  facet normal 0 0 -1
    outer loop
      vertex 57.1942 54.7385 22.15
      vertex 57.1942 63.2615 22.15
      vertex 57.2 63.32 22.15
    endloop
  endfacet
  facet normal 0 0 -1
    outer loop
      vertex 57.1772 54.7948 22.15
      vertex 57.1942 63.2615 22.15
      vertex 57.1942 54.7385 22.15
    endloop
  endfacet
  facet normal 0 0 -1
    outer loop
      vertex 57.1772 54.7948 22.15
      vertex 57.1772 63.2052 22.15
      vertex 57.1942 63.2615 22.15
    endloop
  endfacet
  facet normal 0 0 -1
    outer loop
      vertex 57.1494 54.8467 22.15
      vertex 57.1772 63.2052 22.15
      vertex 57.1772 54.7948 22.15
    endloop
  endfacet
  facet normal 0 0 -1
    outer loop
      vertex 57.1494 54.8467 22.15
      vertex 57.1494 63.1533 22.15
      vertex 57.1772 63.2052 22.15
    endloop
  endfacet
  facet normal 0 0 -1
    outer loop
      vertex 57.1121 54.8921 22.15
      vertex 57.1494 63.1533 22.15
      vertex 57.1494 54.8467 22.15
    endloop
  endfacet
  facet normal 0 0 -1
    outer loop
      vertex 57.1121 54.8921 22.15
      vertex 57.1121 63.1079 22.15
      vertex 57.1494 63.1533 22.15
    endloop
  endfacet
  facet normal 0 0 -1
    outer loop
      vertex 57.0667 54.9294 22.15
      vertex 57.1121 63.1079 22.15
      vertex 57.1121 54.8921 22.15
    endloop
  endfacet
  facet normal 0 0 -1
    outer loop
      vertex 57.0667 54.9294 22.15
      vertex 57.0667 63.0706 22.15
      vertex 57.1121 63.1079 22.15
    endloop
  endfacet
  facet normal 0 0 -1
    outer loop
      vertex 57.0148 54.9572 22.15
      vertex 57.0667 63.0706 22.15
      vertex 57.0667 54.9294 22.15
    endloop
  endfacet
  facet normal 0 0 -1
    outer loop
      vertex 57.0148 54.9572 22.15
      vertex 57.0148 63.0428 22.15
      vertex 57.0667 63.0706 22.15
    endloop
  endfacet
  facet normal 0 0 -1
    outer loop
      vertex 56.9585 54.9742 22.15
      vertex 57.0148 63.0428 22.15
      vertex 57.0148 54.9572 22.15
    endloop
  endfacet
  facet normal 0 0 -1
    outer loop
      vertex 56.9585 54.9742 22.15
      vertex 56.9585 63.0258 22.15
      vertex 57.0148 63.0428 22.15
    endloop
  endfacet
  facet normal 0 0 -1
    outer loop
      vertex 56.9 54.98 22.15
      vertex 56.9585 63.0258 22.15
      vertex 56.9585 54.9742 22.15
    endloop
  endfacet
  facet normal 0 0 -1
    outer loop
      vertex 56.9 54.98 22.15
      vertex 56.9 63.02 22.15
      vertex 56.9585 63.0258 22.15
    endloop
  endfacet
  facet normal 0 0 -1
    outer loop
      vertex 56.1 54.98 22.15
      vertex 56.9 63.02 22.15
      vertex 56.9 54.98 22.15
    endloop
  endfacet
  facet normal 0 0 -1
    outer loop
      vertex 56.1 54.98 22.15
      vertex 56.1 63.02 22.15
      vertex 56.9 63.02 22.15
    endloop
  endfacet
  facet normal 0 0 -1
    outer loop
      vertex 53.1203 56.2344 22.15
      vertex 55.9852 54.9572 22.15
      vertex 53.1388 56.1734 22.15
    endloop
  endfacet
  facet normal 0 0 -1
    outer loop
      vertex 55.9852 54.9572 22.15
      vertex 53.1203 56.2344 22.15
      vertex 56.0415 54.9742 22.15
    endloop
  endfacet
  facet normal 0 0 -1
    outer loop
      vertex 55.9333 54.9294 22.15
      vertex 53.1388 56.1734 22.15
      vertex 55.9852 54.9572 22.15
    endloop
  endfacet
  facet normal 0 0 -1
    outer loop
      vertex 53.0902 56.2906 22.15
      vertex 56.0415 54.9742 22.15
      vertex 53.1203 56.2344 22.15
    endloop
  endfacet
  facet normal 0 0 -1
    outer loop
      vertex 55.8506 54.8467 22.15
      vertex 53.145 56.11 22.15
      vertex 55.8879 54.8921 22.15
    endloop
  endfacet
  facet normal 0 0 -1
    outer loop
      vertex 55.8879 54.8921 22.15
      vertex 53.145 56.11 22.15
      vertex 55.9333 54.9294 22.15
    endloop
  endfacet
  facet normal 0 0 -1
    outer loop
      vertex 55.8228 54.7948 22.15
      vertex 53.145 56.11 22.15
      vertex 55.8506 54.8467 22.15
    endloop
  endfacet
  facet normal 0 0 -1
    outer loop
      vertex 53.1388 56.1734 22.15
      vertex 55.9333 54.9294 22.15
      vertex 53.145 56.11 22.15
    endloop
  endfacet
  facet normal 0 0 -1
    outer loop
      vertex 53.145 56.11 22.15
      vertex 55.8228 54.7948 22.15
      vertex 53.1642 54.7385 22.15
    endloop
  endfacet
  facet normal 0 0 -1
    outer loop
      vertex 55.9852 63.0428 22.15
      vertex 53.17 63.32 22.15
      vertex 55.9333 63.0706 22.15
    endloop
  endfacet
  facet normal 0 0 -1
    outer loop
      vertex 55.8058 54.7385 22.15
      vertex 53.1642 54.7385 22.15
      vertex 55.8228 54.7948 22.15
    endloop
  endfacet
  facet normal 0 0 -1
    outer loop
      vertex 55.9333 63.0706 22.15
      vertex 53.17 63.32 22.15
      vertex 55.8879 63.1079 22.15
    endloop
  endfacet
  facet normal 0 0 -1
    outer loop
      vertex 53.1642 54.7385 22.15
      vertex 55.8058 54.7385 22.15
      vertex 53.17 54.68 22.15
    endloop
  endfacet
  facet normal 0 0 -1
    outer loop
      vertex 55.8879 63.1079 22.15
      vertex 53.17 63.32 22.15
      vertex 55.8506 63.1533 22.15
    endloop
  endfacet
  facet normal 0 0 -1
    outer loop
      vertex 53.17 54.68 22.15
      vertex 55.8058 54.7385 22.15
      vertex 55.8 54.68 22.15
    endloop
  endfacet
  facet normal 0 0 -1
    outer loop
      vertex 55.8506 63.1533 22.15
      vertex 53.17 63.32 22.15
      vertex 55.8228 63.2052 22.15
    endloop
  endfacet
  facet normal 0 0 -1
    outer loop
      vertex 58.5 46 22.15
      vertex 57.2 54.68 22.15
      vertex 58.5 72 22.15
    endloop
  endfacet
  facet normal 0 0 -1
    outer loop
      vertex 57.2 63.32 22.15
      vertex 58.5 72 22.15
      vertex 57.2 54.68 22.15
    endloop
  endfacet
  facet normal 0 0 -1
    outer loop
      vertex 57.1942 63.3785 22.15
      vertex 58.5 72 22.15
      vertex 57.2 63.32 22.15
    endloop
  endfacet
  facet normal 0 0 -1
    outer loop
      vertex 57.1942 54.6215 22.15
      vertex 57.2173 47.478 22.15
      vertex 57.1945 47.5531 22.15
    endloop
  endfacet
  facet normal 0 0 -1
    outer loop
      vertex 57.2173 47.478 22.15
      vertex 57.1942 54.6215 22.15
      vertex 57.2 54.68 22.15
    endloop
  endfacet
  facet normal 0 0 -1
    outer loop
      vertex 57.1945 47.5531 22.15
      vertex 57.1772 54.5652 22.15
      vertex 57.1942 54.6215 22.15
    endloop
  endfacet
  facet normal 0 0 -1
    outer loop
      vertex 56.45 51 22.15
      vertex 57.1945 47.5531 22.15
      vertex 57.1576 47.6222 22.15
    endloop
  endfacet
  facet normal 0 0 -1
    outer loop
      vertex 57.1945 47.5531 22.15
      vertex 56.45 51 22.15
      vertex 57.1772 54.5652 22.15
    endloop
  endfacet
  facet normal 0 0 -1
    outer loop
      vertex 56.4397 51.1566 22.15
      vertex 57.1772 54.5652 22.15
      vertex 56.45 51 22.15
    endloop
  endfacet
  facet normal 0 0 -1
    outer loop
      vertex 56.4397 50.8434 22.15
      vertex 57.1576 47.6222 22.15
      vertex 57.1078 47.6828 22.15
    endloop
  endfacet
  facet normal 0 0 -1
    outer loop
      vertex 57.1772 54.5652 22.15
      vertex 56.4397 51.1566 22.15
      vertex 57.1494 54.5133 22.15
    endloop
  endfacet
  facet normal 0 0 -1
    outer loop
      vertex 56.4397 50.8434 22.15
      vertex 57.1078 47.6828 22.15
      vertex 57.0472 47.7326 22.15
    endloop
  endfacet
  facet normal 0 0 -1
    outer loop
      vertex 56.4091 51.3106 22.15
      vertex 57.1494 54.5133 22.15
      vertex 56.4397 51.1566 22.15
    endloop
  endfacet
  facet normal 0 0 -1
    outer loop
      vertex 56.4397 50.8434 22.15
      vertex 57.0472 47.7326 22.15
      vertex 56.9781 47.7696 22.15
    endloop
  endfacet
  facet normal 0 0 -1
    outer loop
      vertex 57.1494 54.5133 22.15
      vertex 56.4091 51.3106 22.15
      vertex 57.1121 54.4679 22.15
    endloop
  endfacet
  facet normal 0 0 -1
    outer loop
      vertex 56.4397 50.8434 22.15
      vertex 56.9781 47.7696 22.15
      vertex 56.903 47.7923 22.15
    endloop
  endfacet
  facet normal 0 0 -1
    outer loop
      vertex 56.3587 51.4592 22.15
      vertex 57.1121 54.4679 22.15
      vertex 56.4091 51.3106 22.15
    endloop
  endfacet
  facet normal 0 0 -1
    outer loop
      vertex 56.4397 50.8434 22.15
      vertex 56.903 47.7923 22.15
      vertex 56.825 47.8 22.15
    endloop
  endfacet
  facet normal 0 0 -1
    outer loop
      vertex 56.4397 50.8434 22.15
      vertex 56.825 47.8 22.15
      vertex 56.747 47.7923 22.15
    endloop
  endfacet
  facet normal 0 0 -1
    outer loop
      vertex 56.4397 50.8434 22.15
      vertex 56.747 47.7923 22.15
      vertex 56.6719 47.7696 22.15
    endloop
  endfacet
  facet normal 0 0 -1
    outer loop
      vertex 56.4397 50.8434 22.15
      vertex 56.6719 47.7696 22.15
      vertex 56.6028 47.7326 22.15
    endloop
  endfacet
  facet normal 0 0 -1
    outer loop
      vertex 56.4397 50.8434 22.15
      vertex 56.6028 47.7326 22.15
      vertex 56.5422 47.6828 22.15
    endloop
  endfacet
  facet normal 0 0 -1
    outer loop
      vertex 56.4397 50.8434 22.15
      vertex 56.5422 47.6828 22.15
      vertex 56.4924 47.6222 22.15
    endloop
  endfacet
  facet normal 0 0 -1
    outer loop
      vertex 56.4327 47.478 22.15
      vertex 55.0173 47.478 22.15
      vertex 56.4554 47.5531 22.15
    endloop
  endfacet
  facet normal 0 0 -1
    outer loop
      vertex 57.1121 54.4679 22.15
      vertex 56.3587 51.4592 22.15
      vertex 57.0667 54.4306 22.15
    endloop
  endfacet
  facet normal 0 0 -1
    outer loop
      vertex 56.2892 51.6 22.15
      vertex 57.0667 54.4306 22.15
      vertex 56.3587 51.4592 22.15
    endloop
  endfacet
  facet normal 0 0 -1
    outer loop
      vertex 57.0667 54.4306 22.15
      vertex 56.2892 51.6 22.15
      vertex 57.0148 54.4028 22.15
    endloop
  endfacet
  facet normal 0 0 -1
    outer loop
      vertex 56.202 51.7305 22.15
      vertex 57.0148 54.4028 22.15
      vertex 56.2892 51.6 22.15
    endloop
  endfacet
  facet normal 0 0 -1
    outer loop
      vertex 57.0148 54.4028 22.15
      vertex 56.202 51.7305 22.15
      vertex 56.9585 54.3858 22.15
    endloop
  endfacet
  facet normal 0 0 -1
    outer loop
      vertex 56.0985 51.8485 22.15
      vertex 56.9585 54.3858 22.15
      vertex 56.202 51.7305 22.15
    endloop
  endfacet
  facet normal 0 0 -1
    outer loop
      vertex 56.9585 54.3858 22.15
      vertex 56.0985 51.8485 22.15
      vertex 56.9 54.38 22.15
    endloop
  endfacet
  facet normal 0 0 -1
    outer loop
      vertex 55.9805 51.952 22.15
      vertex 56.9 54.38 22.15
      vertex 56.0985 51.8485 22.15
    endloop
  endfacet
  facet normal 0 0 -1
    outer loop
      vertex 55.85 52.0392 22.15
      vertex 56.9 54.38 22.15
      vertex 55.9805 51.952 22.15
    endloop
  endfacet
  facet normal -0 0 -1
    outer loop
      vertex 56.9 54.38 22.15
      vertex 55.85 52.0392 22.15
      vertex 56.1 54.38 22.15
    endloop
  endfacet
  facet normal 0 0 -1
    outer loop
      vertex 55.7092 52.1087 22.15
      vertex 56.1 54.38 22.15
      vertex 55.85 52.0392 22.15
    endloop
  endfacet
  facet normal 0 0 -1
    outer loop
      vertex 55.5606 52.1591 22.15
      vertex 56.1 54.38 22.15
      vertex 55.7092 52.1087 22.15
    endloop
  endfacet
  facet normal -0 0 -1
    outer loop
      vertex 56.1 54.38 22.15
      vertex 55.5606 52.1591 22.15
      vertex 56.0415 54.3858 22.15
    endloop
  endfacet
  facet normal 0 0 -1
    outer loop
      vertex 55.4066 52.1897 22.15
      vertex 56.0415 54.3858 22.15
      vertex 55.5606 52.1591 22.15
    endloop
  endfacet
  facet normal -0 0 -1
    outer loop
      vertex 56.0415 54.3858 22.15
      vertex 55.4066 52.1897 22.15
      vertex 55.9852 54.4028 22.15
    endloop
  endfacet
  facet normal -0 0 -1
    outer loop
      vertex 55.9852 54.4028 22.15
      vertex 55.4066 52.1897 22.15
      vertex 55.9333 54.4306 22.15
    endloop
  endfacet
  facet normal 0 0 -1
    outer loop
      vertex 55.25 52.2 22.15
      vertex 55.9333 54.4306 22.15
      vertex 55.4066 52.1897 22.15
    endloop
  endfacet
  facet normal -0 0 -1
    outer loop
      vertex 55.9333 54.4306 22.15
      vertex 55.25 52.2 22.15
      vertex 55.8879 54.4679 22.15
    endloop
  endfacet
  facet normal -0 0 -1
    outer loop
      vertex 55.8879 54.4679 22.15
      vertex 55.0934 52.1897 22.15
      vertex 55.8506 54.5133 22.15
    endloop
  endfacet
  facet normal 0 0 -1
    outer loop
      vertex 55.0934 52.1897 22.15
      vertex 55.8879 54.4679 22.15
      vertex 55.25 52.2 22.15
    endloop
  endfacet
  facet normal 0 0 -1
    outer loop
      vertex 57.2173 47.478 22.15
      vertex 58.5 46 22.15
      vertex 57.225 47.4 22.15
    endloop
  endfacet
  facet normal 0 0 -1
    outer loop
      vertex 58.5 46 22.15
      vertex 57.2173 47.322 22.15
      vertex 57.225 47.4 22.15
    endloop
  endfacet
  facet normal 0 0 -1
    outer loop
      vertex 58.5 46 22.15
      vertex 57.1945 47.2469 22.15
      vertex 57.2173 47.322 22.15
    endloop
  endfacet
  facet normal 0 0 -1
    outer loop
      vertex 58.5 46 22.15
      vertex 57.1576 47.1778 22.15
      vertex 57.1945 47.2469 22.15
    endloop
  endfacet
  facet normal 0 0 -1
    outer loop
      vertex 58.5 46 22.15
      vertex 57.1078 47.1172 22.15
      vertex 57.1576 47.1778 22.15
    endloop
  endfacet
  facet normal 0 0 -1
    outer loop
      vertex 58.5 46 22.15
      vertex 57.0472 47.0674 22.15
      vertex 57.1078 47.1172 22.15
    endloop
  endfacet
  facet normal 0 0 -1
    outer loop
      vertex 58.5 46 22.15
      vertex 56.9781 47.0304 22.15
      vertex 57.0472 47.0674 22.15
    endloop
  endfacet
  facet normal 0 0 -1
    outer loop
      vertex 58.5 46 22.15
      vertex 56.903 47.0077 22.15
      vertex 56.9781 47.0304 22.15
    endloop
  endfacet
  facet normal 0 0 -1
    outer loop
      vertex 58.5 46 22.15
      vertex 56.825 47 22.15
      vertex 56.903 47.0077 22.15
    endloop
  endfacet
  facet normal 0 0 -1
    outer loop
      vertex 58.5 46 22.15
      vertex 56.747 47.0077 22.15
      vertex 56.825 47 22.15
    endloop
  endfacet
  facet normal 0 0 -1
    outer loop
      vertex 54.703 47.0077 22.15
      vertex 56.747 47.0077 22.15
      vertex 58.5 46 22.15
    endloop
  endfacet
  facet normal 0 0 -1
    outer loop
      vertex 56.747 47.0077 22.15
      vertex 54.703 47.0077 22.15
      vertex 56.6719 47.0304 22.15
    endloop
  endfacet
  facet normal 0 0 -1
    outer loop
      vertex 56.4924 47.6222 22.15
      vertex 56.3587 50.5408 22.15
      vertex 56.4091 50.6894 22.15
    endloop
  endfacet
  facet normal 0 0 -1
    outer loop
      vertex 56.4924 47.6222 22.15
      vertex 56.2892 50.4 22.15
      vertex 56.3587 50.5408 22.15
    endloop
  endfacet
  facet normal 0 0 -1
    outer loop
      vertex 56.4924 47.6222 22.15
      vertex 56.202 50.2695 22.15
      vertex 56.2892 50.4 22.15
    endloop
  endfacet
  facet normal 0 0 -1
    outer loop
      vertex 56.4924 47.6222 22.15
      vertex 56.0985 50.1515 22.15
      vertex 56.202 50.2695 22.15
    endloop
  endfacet
  facet normal 0 0 -1
    outer loop
      vertex 55.025 47.4 22.15
      vertex 56.425 47.4 22.15
      vertex 56.4327 47.322 22.15
    endloop
  endfacet
  facet normal 0 0 -1
    outer loop
      vertex 56.4924 47.6222 22.15
      vertex 55.9805 50.048 22.15
      vertex 56.0985 50.1515 22.15
    endloop
  endfacet
  facet normal 0 0 -1
    outer loop
      vertex 56.4924 47.6222 22.15
      vertex 55.85 49.9608 22.15
      vertex 55.9805 50.048 22.15
    endloop
  endfacet
  facet normal 0 0 -1
    outer loop
      vertex 56.4924 47.6222 22.15
      vertex 55.7092 49.8913 22.15
      vertex 55.85 49.9608 22.15
    endloop
  endfacet
  facet normal 0 0 -1
    outer loop
      vertex 56.4924 47.6222 22.15
      vertex 55.5606 49.8409 22.15
      vertex 55.7092 49.8913 22.15
    endloop
  endfacet
  facet normal 0 0 -1
    outer loop
      vertex 55.0173 47.322 22.15
      vertex 56.4327 47.322 22.15
      vertex 56.4554 47.2469 22.15
    endloop
  endfacet
  facet normal 0 0 -1
    outer loop
      vertex 54.9946 47.5531 22.15
      vertex 56.4554 47.5531 22.15
      vertex 55.0173 47.478 22.15
    endloop
  endfacet
  facet normal 0 0 -1
    outer loop
      vertex 56.4924 47.6222 22.15
      vertex 55.4066 49.8103 22.15
      vertex 55.5606 49.8409 22.15
    endloop
  endfacet
  facet normal 0 0 -1
    outer loop
      vertex 56.4554 47.5531 22.15
      vertex 54.9946 47.5531 22.15
      vertex 56.4924 47.6222 22.15
    endloop
  endfacet
  facet normal 0 0 -1
    outer loop
      vertex 54.9576 47.6222 22.15
      vertex 56.4924 47.6222 22.15
      vertex 54.9946 47.5531 22.15
    endloop
  endfacet
  facet normal 0 0 -1
    outer loop
      vertex 54.9946 47.2469 22.15
      vertex 56.4554 47.2469 22.15
      vertex 56.4924 47.1778 22.15
    endloop
  endfacet
  facet normal 0 0 -1
    outer loop
      vertex 54.9576 47.1778 22.15
      vertex 56.4924 47.1778 22.15
      vertex 56.5422 47.1172 22.15
    endloop
  endfacet
  facet normal 0 0 -1
    outer loop
      vertex 54.9078 47.1172 22.15
      vertex 56.5422 47.1172 22.15
      vertex 56.6028 47.0674 22.15
    endloop
  endfacet
  facet normal 0 -0 -1
    outer loop
      vertex 54.7781 47.0304 22.15
      vertex 56.6719 47.0304 22.15
      vertex 54.703 47.0077 22.15
    endloop
  endfacet
  facet normal 0 0 -1
    outer loop
      vertex 56.4327 47.322 22.15
      vertex 55.0173 47.322 22.15
      vertex 55.025 47.4 22.15
    endloop
  endfacet
  facet normal 0 0 -1
    outer loop
      vertex 56.4554 47.2469 22.15
      vertex 54.9946 47.2469 22.15
      vertex 55.0173 47.322 22.15
    endloop
  endfacet
  facet normal 0 0 -1
    outer loop
      vertex 56.4924 47.1778 22.15
      vertex 54.9576 47.1778 22.15
      vertex 54.9946 47.2469 22.15
    endloop
  endfacet
  facet normal 0 0 -1
    outer loop
      vertex 56.5422 47.1172 22.15
      vertex 54.9078 47.1172 22.15
      vertex 54.9576 47.1778 22.15
    endloop
  endfacet
  facet normal 0 0 -1
    outer loop
      vertex 56.6028 47.0674 22.15
      vertex 54.8472 47.0674 22.15
      vertex 54.9078 47.1172 22.15
    endloop
  endfacet
  facet normal -0 0 -1
    outer loop
      vertex 56.6028 47.0674 22.15
      vertex 54.7781 47.0304 22.15
      vertex 54.8472 47.0674 22.15
    endloop
  endfacet
  facet normal 0 0 -1
    outer loop
      vertex 56.6719 47.0304 22.15
      vertex 54.7781 47.0304 22.15
      vertex 56.6028 47.0674 22.15
    endloop
  endfacet
  facet normal 0 0 -1
    outer loop
      vertex 58.5 46 22.15
      vertex 54.625 47 22.15
      vertex 54.703 47.0077 22.15
    endloop
  endfacet
  facet normal 0 0 -1
    outer loop
      vertex 50.9 46 22.15
      vertex 54.625 47 22.15
      vertex 58.5 46 22.15
    endloop
  endfacet
  facet normal 0 0 -1
    outer loop
      vertex 52.7078 47.6828 22.15
      vertex 54.3422 47.6828 22.15
      vertex 52.7576 47.6222 22.15
    endloop
  endfacet
  facet normal 0 0 -1
    outer loop
      vertex 52.6472 47.7326 22.15
      vertex 54.4028 47.7326 22.15
      vertex 52.7078 47.6828 22.15
    endloop
  endfacet
  facet normal 0 0 -1
    outer loop
      vertex 54.4028 47.7326 22.15
      vertex 52.6472 47.7326 22.15
      vertex 54.5195 50.048 22.15
    endloop
  endfacet
  facet normal -0 0 -1
    outer loop
      vertex 54.5195 50.048 22.15
      vertex 52.6472 47.7326 22.15
      vertex 54.4015 50.1515 22.15
    endloop
  endfacet
  facet normal 0 0 -1
    outer loop
      vertex 52.9848 63.5972 22.15
      vertex 54.5195 66.048 22.15
      vertex 53.0367 63.5694 22.15
    endloop
  endfacet
  facet normal 0 0 -1
    outer loop
      vertex 52.5781 47.7696 22.15
      vertex 54.4015 50.1515 22.15
      vertex 52.6472 47.7326 22.15
    endloop
  endfacet
  facet normal 0 0 -1
    outer loop
      vertex 52.825 47.4 22.15
      vertex 54.225 47.4 22.15
      vertex 54.2327 47.322 22.15
    endloop
  endfacet
  facet normal 0 0 -1
    outer loop
      vertex 54.0603 51.1566 22.15
      vertex 53.1642 54.6215 22.15
      vertex 53.17 54.68 22.15
    endloop
  endfacet
  facet normal 0 0 -1
    outer loop
      vertex 54.0603 51.1566 22.15
      vertex 53.1472 54.5652 22.15
      vertex 53.1642 54.6215 22.15
    endloop
  endfacet
  facet normal 0 0 -1
    outer loop
      vertex 54.0603 51.1566 22.15
      vertex 53.1194 54.5133 22.15
      vertex 53.1472 54.5652 22.15
    endloop
  endfacet
  facet normal 0 0 -1
    outer loop
      vertex 54.0603 51.1566 22.15
      vertex 53.0821 54.4679 22.15
      vertex 53.1194 54.5133 22.15
    endloop
  endfacet
  facet normal 0 0 -1
    outer loop
      vertex 54.0603 51.1566 22.15
      vertex 53.0367 54.4306 22.15
      vertex 53.0821 54.4679 22.15
    endloop
  endfacet
  facet normal 0 0 -1
    outer loop
      vertex 54.0603 51.1566 22.15
      vertex 52.9848 54.4028 22.15
      vertex 53.0367 54.4306 22.15
    endloop
  endfacet
  facet normal 0 0 -1
    outer loop
      vertex 54.0603 51.1566 22.15
      vertex 52.9285 54.3858 22.15
      vertex 52.9848 54.4028 22.15
    endloop
  endfacet
  facet normal -0 0 -1
    outer loop
      vertex 54.4015 50.1515 22.15
      vertex 52.5781 47.7696 22.15
      vertex 54.298 50.2695 22.15
    endloop
  endfacet
  facet normal 0 0 -1
    outer loop
      vertex 54.0603 51.1566 22.15
      vertex 52.87 54.38 22.15
      vertex 52.9285 54.3858 22.15
    endloop
  endfacet
  facet normal 0 0 -1
    outer loop
      vertex 52.8173 47.322 22.15
      vertex 54.2327 47.322 22.15
      vertex 54.2554 47.2469 22.15
    endloop
  endfacet
  facet normal 0 0 -1
    outer loop
      vertex 52.7946 47.2469 22.15
      vertex 54.2554 47.2469 22.15
      vertex 54.2924 47.1778 22.15
    endloop
  endfacet
  facet normal 0 0 -1
    outer loop
      vertex 52.7576 47.1778 22.15
      vertex 54.2924 47.1778 22.15
      vertex 54.3422 47.1172 22.15
    endloop
  endfacet
  facet normal 0 0 -1
    outer loop
      vertex 52.7078 47.1172 22.15
      vertex 54.3422 47.1172 22.15
      vertex 54.4028 47.0674 22.15
    endloop
  endfacet
  facet normal 0 0 -1
    outer loop
      vertex 52.6472 47.0674 22.15
      vertex 54.4028 47.0674 22.15
      vertex 54.4719 47.0304 22.15
    endloop
  endfacet
  facet normal 0 0 -1
    outer loop
      vertex 52.5781 47.0304 22.15
      vertex 54.4719 47.0304 22.15
      vertex 54.547 47.0077 22.15
    endloop
  endfacet
  facet normal -0 0 -1
    outer loop
      vertex 54.625 47 22.15
      vertex 50.9 46 22.15
      vertex 54.547 47.0077 22.15
    endloop
  endfacet
  facet normal 0 0 -1
    outer loop
      vertex 54.2327 47.322 22.15
      vertex 52.8173 47.322 22.15
      vertex 52.825 47.4 22.15
    endloop
  endfacet
  facet normal 0 0 -1
    outer loop
      vertex 54.2554 47.2469 22.15
      vertex 52.7946 47.2469 22.15
      vertex 52.8173 47.322 22.15
    endloop
  endfacet
  facet normal 0 0 -1
    outer loop
      vertex 54.2924 47.1778 22.15
      vertex 52.7576 47.1778 22.15
      vertex 52.7946 47.2469 22.15
    endloop
  endfacet
  facet normal 0 0 -1
    outer loop
      vertex 54.3422 47.1172 22.15
      vertex 52.7078 47.1172 22.15
      vertex 52.7576 47.1778 22.15
    endloop
  endfacet
  facet normal 0 0 -1
    outer loop
      vertex 54.4028 47.0674 22.15
      vertex 52.6472 47.0674 22.15
      vertex 52.7078 47.1172 22.15
    endloop
  endfacet
  facet normal 0 0 -1
    outer loop
      vertex 54.4719 47.0304 22.15
      vertex 52.5781 47.0304 22.15
      vertex 52.6472 47.0674 22.15
    endloop
  endfacet
  facet normal 0 -0 -1
    outer loop
      vertex 52.503 47.0077 22.15
      vertex 54.547 47.0077 22.15
      vertex 50.9 46 22.15
    endloop
  endfacet
  facet normal 0 0 -1
    outer loop
      vertex 54.547 47.0077 22.15
      vertex 52.503 47.0077 22.15
      vertex 52.5781 47.0304 22.15
    endloop
  endfacet
  facet normal 0 0 -1
    outer loop
      vertex 52.503 47.0077 22.15
      vertex 50.9 46 22.15
      vertex 52.425 47 22.15
    endloop
  endfacet
  facet normal 0 0 -1
    outer loop
      vertex 54.05 51 22.15
      vertex 51.7115 54.3858 22.15
      vertex 51.77 54.38 22.15
    endloop
  endfacet
  facet normal 0 0 -1
    outer loop
      vertex 54.05 51 22.15
      vertex 51.6552 54.4028 22.15
      vertex 51.7115 54.3858 22.15
    endloop
  endfacet
  facet normal 0 0 -1
    outer loop
      vertex 52.2028 47.7326 22.15
      vertex 51.6033 54.4306 22.15
      vertex 51.6552 54.4028 22.15
    endloop
  endfacet
  facet normal 0 0 -1
    outer loop
      vertex 52.1422 47.6828 22.15
      vertex 51.5579 54.4679 22.15
      vertex 51.6033 54.4306 22.15
    endloop
  endfacet
  facet normal 0 0 -1
    outer loop
      vertex 52.0924 47.6222 22.15
      vertex 51.5206 54.5133 22.15
      vertex 51.5579 54.4679 22.15
    endloop
  endfacet
  facet normal -0 0 -1
    outer loop
      vertex 52.0554 47.5531 22.15
      vertex 50.9 46 22.15
      vertex 51.5206 54.5133 22.15
    endloop
  endfacet
  facet normal -0 0 -1
    outer loop
      vertex 51.5206 54.5133 22.15
      vertex 50.9 46 22.15
      vertex 51.4928 54.5652 22.15
    endloop
  endfacet
  facet normal -0 0 -1
    outer loop
      vertex 51.4928 54.5652 22.15
      vertex 50.9 46 22.15
      vertex 51.4758 54.6215 22.15
    endloop
  endfacet
  facet normal -0 0 -1
    outer loop
      vertex 51.47 54.68 22.15
      vertex 50.9 46 22.15
      vertex 51.47 63.32 22.15
    endloop
  endfacet
  facet normal -0 0 -1
    outer loop
      vertex 51.4758 54.6215 22.15
      vertex 50.9 46 22.15
      vertex 51.47 54.68 22.15
    endloop
  endfacet
  facet normal -0 0 -1
    outer loop
      vertex 52.0327 47.322 22.15
      vertex 50.9 46 22.15
      vertex 52.025 47.4 22.15
    endloop
  endfacet
  facet normal -0 0 -1
    outer loop
      vertex 52.0554 47.2469 22.15
      vertex 50.9 46 22.15
      vertex 52.0327 47.322 22.15
    endloop
  endfacet
  facet normal -0 0 -1
    outer loop
      vertex 52.0924 47.1778 22.15
      vertex 50.9 46 22.15
      vertex 52.0554 47.2469 22.15
    endloop
  endfacet
  facet normal -0 0 -1
    outer loop
      vertex 52.1422 47.1172 22.15
      vertex 50.9 46 22.15
      vertex 52.0924 47.1778 22.15
    endloop
  endfacet
  facet normal -0 0 -1
    outer loop
      vertex 52.2028 47.0674 22.15
      vertex 50.9 46 22.15
      vertex 52.1422 47.1172 22.15
    endloop
  endfacet
  facet normal -0 0 -1
    outer loop
      vertex 52.2719 47.0304 22.15
      vertex 50.9 46 22.15
      vertex 52.2028 47.0674 22.15
    endloop
  endfacet
  facet normal -0 0 -1
    outer loop
      vertex 52.347 47.0077 22.15
      vertex 50.9 46 22.15
      vertex 52.2719 47.0304 22.15
    endloop
  endfacet
  facet normal -0 0 -1
    outer loop
      vertex 52.425 47 22.15
      vertex 50.9 46 22.15
      vertex 52.347 47.0077 22.15
    endloop
  endfacet
  facet normal 0 0 -1
    outer loop
      vertex 57.2 54.68 22.15
      vertex 58.5 46 22.15
      vertex 57.2173 47.478 22.15
    endloop
  endfacet
  facet normal 0 0 -1
    outer loop
      vertex 57.2173 70.678 22.15
      vertex 58.5 72 22.15
      vertex 57.225 70.6 22.15
    endloop
  endfacet
  facet normal 0 0 -1
    outer loop
      vertex 57.1945 70.7531 22.15
      vertex 58.5 72 22.15
      vertex 57.2173 70.678 22.15
    endloop
  endfacet
  facet normal 0 0 -1
    outer loop
      vertex 57.1576 70.8222 22.15
      vertex 58.5 72 22.15
      vertex 57.1945 70.7531 22.15
    endloop
  endfacet
  facet normal 0 0 -1
    outer loop
      vertex 57.1078 70.8828 22.15
      vertex 58.5 72 22.15
      vertex 57.1576 70.8222 22.15
    endloop
  endfacet
  facet normal 0 0 -1
    outer loop
      vertex 57.0472 70.9326 22.15
      vertex 58.5 72 22.15
      vertex 57.1078 70.8828 22.15
    endloop
  endfacet
  facet normal 0 0 -1
    outer loop
      vertex 56.9781 70.9696 22.15
      vertex 58.5 72 22.15
      vertex 57.0472 70.9326 22.15
    endloop
  endfacet
  facet normal 0 0 -1
    outer loop
      vertex 56.903 70.9923 22.15
      vertex 58.5 72 22.15
      vertex 56.9781 70.9696 22.15
    endloop
  endfacet
  facet normal 0 0 -1
    outer loop
      vertex 56.825 71 22.15
      vertex 58.5 72 22.15
      vertex 56.903 70.9923 22.15
    endloop
  endfacet
  facet normal 0 0 -1
    outer loop
      vertex 56.747 70.9923 22.15
      vertex 58.5 72 22.15
      vertex 56.825 71 22.15
    endloop
  endfacet
  facet normal 0 0 -1
    outer loop
      vertex 54.703 70.9923 22.15
      vertex 56.747 70.9923 22.15
      vertex 56.6719 70.9696 22.15
    endloop
  endfacet
  facet normal 0 0 -1
    outer loop
      vertex 54.7781 70.9696 22.15
      vertex 56.6719 70.9696 22.15
      vertex 56.6028 70.9326 22.15
    endloop
  endfacet
  facet normal 0 0 -1
    outer loop
      vertex 55.7092 68.1087 22.15
      vertex 56.6719 70.2304 22.15
      vertex 55.85 68.0392 22.15
    endloop
  endfacet
  facet normal -0 0 -1
    outer loop
      vertex 56.6719 70.2304 22.15
      vertex 55.7092 68.1087 22.15
      vertex 56.6028 70.2674 22.15
    endloop
  endfacet
  facet normal 0 0 -1
    outer loop
      vertex 55.5606 68.1591 22.15
      vertex 56.6028 70.2674 22.15
      vertex 55.7092 68.1087 22.15
    endloop
  endfacet
  facet normal -0 0 -1
    outer loop
      vertex 56.6028 70.2674 22.15
      vertex 55.5606 68.1591 22.15
      vertex 56.5422 70.3172 22.15
    endloop
  endfacet
  facet normal 0 0 -1
    outer loop
      vertex 55.4066 68.1897 22.15
      vertex 56.5422 70.3172 22.15
      vertex 55.5606 68.1591 22.15
    endloop
  endfacet
  facet normal 0 0 -1
    outer loop
      vertex 55.0173 70.522 22.15
      vertex 56.5422 70.3172 22.15
      vertex 55.4066 68.1897 22.15
    endloop
  endfacet
  facet normal 0 0 -1
    outer loop
      vertex 55.0173 70.522 22.15
      vertex 56.4924 70.3778 22.15
      vertex 56.5422 70.3172 22.15
    endloop
  endfacet
  facet normal 0 0 -1
    outer loop
      vertex 55.0173 70.522 22.15
      vertex 56.4554 70.4469 22.15
      vertex 56.4924 70.3778 22.15
    endloop
  endfacet
  facet normal 0 0 -1
    outer loop
      vertex 55.0173 70.522 22.15
      vertex 56.4327 70.522 22.15
      vertex 56.4554 70.4469 22.15
    endloop
  endfacet
  facet normal 0 0 -1
    outer loop
      vertex 56.425 70.6 22.15
      vertex 55.025 70.6 22.15
      vertex 56.4327 70.678 22.15
    endloop
  endfacet
  facet normal 0 0 -1
    outer loop
      vertex 56.4327 70.522 22.15
      vertex 55.025 70.6 22.15
      vertex 56.425 70.6 22.15
    endloop
  endfacet
  facet normal 0 0 -1
    outer loop
      vertex 55.0173 70.522 22.15
      vertex 55.4066 68.1897 22.15
      vertex 55.25 68.2 22.15
    endloop
  endfacet
  facet normal 0 0 -1
    outer loop
      vertex 54.7781 70.2304 22.15
      vertex 55.25 68.2 22.15
      vertex 55.0934 68.1897 22.15
    endloop
  endfacet
  facet normal 0 0 -1
    outer loop
      vertex 55.0173 70.678 22.15
      vertex 56.4327 70.678 22.15
      vertex 55.025 70.6 22.15
    endloop
  endfacet
  facet normal 0 0 -1
    outer loop
      vertex 56.4327 70.678 22.15
      vertex 55.0173 70.678 22.15
      vertex 56.4554 70.7531 22.15
    endloop
  endfacet
  facet normal 0 0 -1
    outer loop
      vertex 54.9946 70.7531 22.15
      vertex 56.4554 70.7531 22.15
      vertex 55.0173 70.678 22.15
    endloop
  endfacet
  facet normal 0 0 -1
    outer loop
      vertex 56.4554 70.7531 22.15
      vertex 54.9946 70.7531 22.15
      vertex 56.4924 70.8222 22.15
    endloop
  endfacet
  facet normal 0 0 -1
    outer loop
      vertex 54.9576 70.8222 22.15
      vertex 56.4924 70.8222 22.15
      vertex 54.9946 70.7531 22.15
    endloop
  endfacet
  facet normal 0 0 -1
    outer loop
      vertex 56.4924 70.8222 22.15
      vertex 54.9576 70.8222 22.15
      vertex 56.5422 70.8828 22.15
    endloop
  endfacet
  facet normal 0 0 -1
    outer loop
      vertex 54.9078 70.8828 22.15
      vertex 56.5422 70.8828 22.15
      vertex 54.9576 70.8222 22.15
    endloop
  endfacet
  facet normal 0 0 -1
    outer loop
      vertex 56.5422 70.8828 22.15
      vertex 54.9078 70.8828 22.15
      vertex 56.6028 70.9326 22.15
    endloop
  endfacet
  facet normal 0 0 -1
    outer loop
      vertex 54.8472 70.9326 22.15
      vertex 56.6028 70.9326 22.15
      vertex 54.9078 70.8828 22.15
    endloop
  endfacet
  facet normal 0 0 -1
    outer loop
      vertex 54.7781 70.9696 22.15
      vertex 56.6028 70.9326 22.15
      vertex 54.8472 70.9326 22.15
    endloop
  endfacet
  facet normal 0 0 -1
    outer loop
      vertex 56.6719 70.9696 22.15
      vertex 54.7781 70.9696 22.15
      vertex 54.703 70.9923 22.15
    endloop
  endfacet
  facet normal 0 0 -1
    outer loop
      vertex 56.747 70.9923 22.15
      vertex 54.703 70.9923 22.15
      vertex 58.5 72 22.15
    endloop
  endfacet
  facet normal 0 0 -1
    outer loop
      vertex 54.625 71 22.15
      vertex 58.5 72 22.15
      vertex 54.703 70.9923 22.15
    endloop
  endfacet
  facet normal 0 0 -1
    outer loop
      vertex 50.9 72 22.15
      vertex 54.625 71 22.15
      vertex 54.547 70.9923 22.15
    endloop
  endfacet
  facet normal 0 0 -1
    outer loop
      vertex 52.8173 70.522 22.15
      vertex 54.2108 67.6 22.15
      vertex 54.1413 67.4592 22.15
    endloop
  endfacet
  facet normal 0 0 -1
    outer loop
      vertex 52.8173 70.522 22.15
      vertex 54.1413 67.4592 22.15
      vertex 54.0909 67.3106 22.15
    endloop
  endfacet
  facet normal 0 0 -1
    outer loop
      vertex 52.8173 70.522 22.15
      vertex 54.0909 67.3106 22.15
      vertex 54.0603 67.1566 22.15
    endloop
  endfacet
  facet normal 0 0 -1
    outer loop
      vertex 52.8173 70.522 22.15
      vertex 54.0603 67.1566 22.15
      vertex 54.05 67 22.15
    endloop
  endfacet
  facet normal -0 0 -1
    outer loop
      vertex 54.5195 66.048 22.15
      vertex 52.9848 63.5972 22.15
      vertex 54.4015 66.1515 22.15
    endloop
  endfacet
  facet normal 0 0 -1
    outer loop
      vertex 52.9285 63.6142 22.15
      vertex 54.4015 66.1515 22.15
      vertex 52.9848 63.5972 22.15
    endloop
  endfacet
  facet normal -0 0 -1
    outer loop
      vertex 54.4015 66.1515 22.15
      vertex 52.9285 63.6142 22.15
      vertex 54.298 66.2695 22.15
    endloop
  endfacet
  facet normal 0 0 -1
    outer loop
      vertex 52.87 63.62 22.15
      vertex 54.298 66.2695 22.15
      vertex 52.9285 63.6142 22.15
    endloop
  endfacet
  facet normal -0 0 -1
    outer loop
      vertex 54.298 66.2695 22.15
      vertex 52.87 63.62 22.15
      vertex 54.2108 66.4 22.15
    endloop
  endfacet
  facet normal -0 0 -1
    outer loop
      vertex 54.2108 66.4 22.15
      vertex 52.87 63.62 22.15
      vertex 54.1413 66.5408 22.15
    endloop
  endfacet
  facet normal 0 0 -1
    outer loop
      vertex 51.77 63.62 22.15
      vertex 54.1413 66.5408 22.15
      vertex 52.87 63.62 22.15
    endloop
  endfacet
  facet normal -0 0 -1
    outer loop
      vertex 54.1413 66.5408 22.15
      vertex 51.77 63.62 22.15
      vertex 54.0909 66.6894 22.15
    endloop
  endfacet
  facet normal -0 0 -1
    outer loop
      vertex 54.0909 66.6894 22.15
      vertex 51.77 63.62 22.15
      vertex 54.0603 66.8434 22.15
    endloop
  endfacet
  facet normal 0 0 -1
    outer loop
      vertex 54.2327 70.522 22.15
      vertex 52.825 70.6 22.15
      vertex 54.225 70.6 22.15
    endloop
  endfacet
  facet normal 0 0 -1
    outer loop
      vertex 51.7115 63.6142 22.15
      vertex 54.0603 66.8434 22.15
      vertex 51.77 63.62 22.15
    endloop
  endfacet
  facet normal 0 0 -1
    outer loop
      vertex 54.225 70.6 22.15
      vertex 52.825 70.6 22.15
      vertex 54.2327 70.678 22.15
    endloop
  endfacet
  facet normal 0 0 -1
    outer loop
      vertex 52.8173 70.678 22.15
      vertex 54.2327 70.678 22.15
      vertex 52.825 70.6 22.15
    endloop
  endfacet
  facet normal 0 0 -1
    outer loop
      vertex 54.2327 70.678 22.15
      vertex 52.8173 70.678 22.15
      vertex 54.2554 70.7531 22.15
    endloop
  endfacet
  facet normal 0 0 -1
    outer loop
      vertex 52.7946 70.7531 22.15
      vertex 54.2554 70.7531 22.15
      vertex 52.8173 70.678 22.15
    endloop
  endfacet
  facet normal 0 0 -1
    outer loop
      vertex 54.2554 70.7531 22.15
      vertex 52.7946 70.7531 22.15
      vertex 54.2924 70.8222 22.15
    endloop
  endfacet
  facet normal 0 0 -1
    outer loop
      vertex 52.7576 70.8222 22.15
      vertex 54.2924 70.8222 22.15
      vertex 52.7946 70.7531 22.15
    endloop
  endfacet
  facet normal 0 0 -1
    outer loop
      vertex 54.2924 70.8222 22.15
      vertex 52.7576 70.8222 22.15
      vertex 54.3422 70.8828 22.15
    endloop
  endfacet
  facet normal 0 0 -1
    outer loop
      vertex 52.7078 70.8828 22.15
      vertex 54.3422 70.8828 22.15
      vertex 52.7576 70.8222 22.15
    endloop
  endfacet
  facet normal 0 0 -1
    outer loop
      vertex 54.3422 70.8828 22.15
      vertex 52.7078 70.8828 22.15
      vertex 54.4028 70.9326 22.15
    endloop
  endfacet
  facet normal 0 0 -1
    outer loop
      vertex 52.6472 70.9326 22.15
      vertex 54.4028 70.9326 22.15
      vertex 52.7078 70.8828 22.15
    endloop
  endfacet
  facet normal 0 0 -1
    outer loop
      vertex 54.4028 70.9326 22.15
      vertex 52.6472 70.9326 22.15
      vertex 54.4719 70.9696 22.15
    endloop
  endfacet
  facet normal 0 0 -1
    outer loop
      vertex 52.5781 70.9696 22.15
      vertex 54.4719 70.9696 22.15
      vertex 52.6472 70.9326 22.15
    endloop
  endfacet
  facet normal 0 0 -1
    outer loop
      vertex 54.4719 70.9696 22.15
      vertex 52.5781 70.9696 22.15
      vertex 54.547 70.9923 22.15
    endloop
  endfacet
  facet normal 0 0 -1
    outer loop
      vertex 52.503 70.9923 22.15
      vertex 54.547 70.9923 22.15
      vertex 52.5781 70.9696 22.15
    endloop
  endfacet
  facet normal 0 0 -1
    outer loop
      vertex 54.547 70.9923 22.15
      vertex 52.503 70.9923 22.15
      vertex 50.9 72 22.15
    endloop
  endfacet
  facet normal 0 0 -1
    outer loop
      vertex 50.9 72 22.15
      vertex 52.503 70.9923 22.15
      vertex 52.425 71 22.15
    endloop
  endfacet
  facet normal 0 0 -1
    outer loop
      vertex 50.9 72 22.15
      vertex 52.425 71 22.15
      vertex 52.347 70.9923 22.15
    endloop
  endfacet
  facet normal -0 0 -1
    outer loop
      vertex 52.1422 70.3172 22.15
      vertex 51.5579 63.5321 22.15
      vertex 52.0924 70.3778 22.15
    endloop
  endfacet
  facet normal 0 0 -1
    outer loop
      vertex 51.5206 63.4867 22.15
      vertex 52.0924 70.3778 22.15
      vertex 51.5579 63.5321 22.15
    endloop
  endfacet
  facet normal -0 0 -1
    outer loop
      vertex 52.0924 70.3778 22.15
      vertex 51.5206 63.4867 22.15
      vertex 52.0554 70.4469 22.15
    endloop
  endfacet
  facet normal 0 0 -1
    outer loop
      vertex 50.9 72 22.15
      vertex 52.0554 70.4469 22.15
      vertex 51.5206 63.4867 22.15
    endloop
  endfacet
  facet normal 0 0 -1
    outer loop
      vertex 52.0554 70.4469 22.15
      vertex 50.9 72 22.15
      vertex 52.0327 70.522 22.15
    endloop
  endfacet
  facet normal 0 0 -1
    outer loop
      vertex 50.9 72 22.15
      vertex 51.5206 63.4867 22.15
      vertex 51.4928 63.4348 22.15
    endloop
  endfacet
  facet normal 0 0 -1
    outer loop
      vertex 50.9 72 22.15
      vertex 51.4928 63.4348 22.15
      vertex 51.4758 63.3785 22.15
    endloop
  endfacet
  facet normal 0 0 -1
    outer loop
      vertex 50.9 72 22.15
      vertex 51.4758 63.3785 22.15
      vertex 51.47 63.32 22.15
    endloop
  endfacet
  facet normal 0 0 -1
    outer loop
      vertex 54.625 71 22.15
      vertex 50.9 72 22.15
      vertex 58.5 72 22.15
    endloop
  endfacet
  facet normal 0 0 -1
    outer loop
      vertex 52.2719 70.9696 22.15
      vertex 50.9 72 22.15
      vertex 52.347 70.9923 22.15
    endloop
  endfacet
  facet normal 0 0 -1
    outer loop
      vertex 52.2028 70.9326 22.15
      vertex 50.9 72 22.15
      vertex 52.2719 70.9696 22.15
    endloop
  endfacet
  facet normal 0 0 -1
    outer loop
      vertex 52.1422 70.8828 22.15
      vertex 50.9 72 22.15
      vertex 52.2028 70.9326 22.15
    endloop
  endfacet
  facet normal 0 0 -1
    outer loop
      vertex 52.0924 70.8222 22.15
      vertex 50.9 72 22.15
      vertex 52.1422 70.8828 22.15
    endloop
  endfacet
  facet normal 0 0 -1
    outer loop
      vertex 52.0554 70.7531 22.15
      vertex 50.9 72 22.15
      vertex 52.0924 70.8222 22.15
    endloop
  endfacet
  facet normal 0 0 -1
    outer loop
      vertex 52.0327 70.678 22.15
      vertex 50.9 72 22.15
      vertex 52.0554 70.7531 22.15
    endloop
  endfacet
  facet normal 0 0 -1
    outer loop
      vertex 52.025 70.6 22.15
      vertex 50.9 72 22.15
      vertex 52.0327 70.678 22.15
    endloop
  endfacet
  facet normal 0 0 -1
    outer loop
      vertex 52.0327 70.522 22.15
      vertex 50.9 72 22.15
      vertex 52.025 70.6 22.15
    endloop
  endfacet
  facet normal 0 0 -1
    outer loop
      vertex 50.9 72 22.15
      vertex 51.47 63.32 22.15
      vertex 50.9 46 22.15
    endloop
  endfacet
  facet normal 0 0 -1
    outer loop
      vertex 58.5 72 22.15
      vertex 57.2173 70.522 22.15
      vertex 57.225 70.6 22.15
    endloop
  endfacet
  facet normal 0 0 -1
    outer loop
      vertex 57.1772 63.4348 22.15
      vertex 58.5 72 22.15
      vertex 57.1942 63.3785 22.15
    endloop
  endfacet
  facet normal 0 0 -1
    outer loop
      vertex 58.5 72 22.15
      vertex 57.1945 70.4469 22.15
      vertex 57.2173 70.522 22.15
    endloop
  endfacet
  facet normal 0 0 -1
    outer loop
      vertex 56.45 67 22.15
      vertex 58.5 72 22.15
      vertex 57.1772 63.4348 22.15
    endloop
  endfacet
  facet normal 0 0 -1
    outer loop
      vertex 56.4397 67.1566 22.15
      vertex 58.5 72 22.15
      vertex 56.45 67 22.15
    endloop
  endfacet
  facet normal 0 0 -1
    outer loop
      vertex 56.4397 66.8434 22.15
      vertex 57.1772 63.4348 22.15
      vertex 57.1494 63.4867 22.15
    endloop
  endfacet
  facet normal 0 0 -1
    outer loop
      vertex 56.4091 66.6894 22.15
      vertex 57.1494 63.4867 22.15
      vertex 57.1121 63.5321 22.15
    endloop
  endfacet
  facet normal 0 0 -1
    outer loop
      vertex 58.5 72 22.15
      vertex 57.1576 70.3778 22.15
      vertex 57.1945 70.4469 22.15
    endloop
  endfacet
  facet normal 0 0 -1
    outer loop
      vertex 56.3587 66.5408 22.15
      vertex 57.1121 63.5321 22.15
      vertex 57.0667 63.5694 22.15
    endloop
  endfacet
  facet normal 0 0 -1
    outer loop
      vertex 58.5 72 22.15
      vertex 56.4397 67.1566 22.15
      vertex 57.1576 70.3778 22.15
    endloop
  endfacet
  facet normal 0 0 -1
    outer loop
      vertex 56.2892 66.4 22.15
      vertex 57.0667 63.5694 22.15
      vertex 57.0148 63.5972 22.15
    endloop
  endfacet
  facet normal 0 0 -1
    outer loop
      vertex 56.4091 67.3106 22.15
      vertex 57.1576 70.3778 22.15
      vertex 56.4397 67.1566 22.15
    endloop
  endfacet
  facet normal 0 0 -1
    outer loop
      vertex 56.202 66.2695 22.15
      vertex 57.0148 63.5972 22.15
      vertex 56.9585 63.6142 22.15
    endloop
  endfacet
  facet normal 0 0 -1
    outer loop
      vertex 57.1576 70.3778 22.15
      vertex 56.4091 67.3106 22.15
      vertex 57.1078 70.3172 22.15
    endloop
  endfacet
  facet normal 0 0 -1
    outer loop
      vertex 56.0985 66.1515 22.15
      vertex 56.9585 63.6142 22.15
      vertex 56.9 63.62 22.15
    endloop
  endfacet
  facet normal 0 0 -1
    outer loop
      vertex 56.3587 67.4592 22.15
      vertex 57.1078 70.3172 22.15
      vertex 56.4091 67.3106 22.15
    endloop
  endfacet
  facet normal 0 0 -1
    outer loop
      vertex 57.1078 70.3172 22.15
      vertex 56.3587 67.4592 22.15
      vertex 57.0472 70.2674 22.15
    endloop
  endfacet
  facet normal 0 0 -1
    outer loop
      vertex 56.2892 67.6 22.15
      vertex 57.0472 70.2674 22.15
      vertex 56.3587 67.4592 22.15
    endloop
  endfacet
  facet normal 0 0 -1
    outer loop
      vertex 57.0472 70.2674 22.15
      vertex 56.2892 67.6 22.15
      vertex 56.9781 70.2304 22.15
    endloop
  endfacet
  facet normal 0 0 -1
    outer loop
      vertex 56.202 67.7305 22.15
      vertex 56.9781 70.2304 22.15
      vertex 56.2892 67.6 22.15
    endloop
  endfacet
  facet normal 0 0 -1
    outer loop
      vertex 56.9781 70.2304 22.15
      vertex 56.202 67.7305 22.15
      vertex 56.903 70.2077 22.15
    endloop
  endfacet
  facet normal 0 0 -1
    outer loop
      vertex 56.0985 67.8485 22.15
      vertex 56.903 70.2077 22.15
      vertex 56.202 67.7305 22.15
    endloop
  endfacet
  facet normal 0 0 -1
    outer loop
      vertex 56.903 70.2077 22.15
      vertex 56.0985 67.8485 22.15
      vertex 56.825 70.2 22.15
    endloop
  endfacet
  facet normal 0 0 -1
    outer loop
      vertex 57.1772 63.4348 22.15
      vertex 56.4397 66.8434 22.15
      vertex 56.45 67 22.15
    endloop
  endfacet
  facet normal 0 0 -1
    outer loop
      vertex 57.1494 63.4867 22.15
      vertex 56.4091 66.6894 22.15
      vertex 56.4397 66.8434 22.15
    endloop
  endfacet
  facet normal 0 0 -1
    outer loop
      vertex 57.1121 63.5321 22.15
      vertex 56.3587 66.5408 22.15
      vertex 56.4091 66.6894 22.15
    endloop
  endfacet
  facet normal 0 0 -1
    outer loop
      vertex 57.0667 63.5694 22.15
      vertex 56.2892 66.4 22.15
      vertex 56.3587 66.5408 22.15
    endloop
  endfacet
  facet normal 0 0 -1
    outer loop
      vertex 57.0148 63.5972 22.15
      vertex 56.202 66.2695 22.15
      vertex 56.2892 66.4 22.15
    endloop
  endfacet
  facet normal 0 0 -1
    outer loop
      vertex 55.85 65.9608 22.15
      vertex 56.9 63.62 22.15
      vertex 56.1 63.62 22.15
    endloop
  endfacet
  facet normal 0 0 -1
    outer loop
      vertex 56.9585 63.6142 22.15
      vertex 56.0985 66.1515 22.15
      vertex 56.202 66.2695 22.15
    endloop
  endfacet
  facet normal 0 0 -1
    outer loop
      vertex 55.5606 65.8409 22.15
      vertex 56.1 63.62 22.15
      vertex 56.0415 63.6142 22.15
    endloop
  endfacet
  facet normal 0 0 -1
    outer loop
      vertex 55.4066 65.8103 22.15
      vertex 56.0415 63.6142 22.15
      vertex 55.9852 63.5972 22.15
    endloop
  endfacet
  facet normal 0 0 -1
    outer loop
      vertex 56.9 63.62 22.15
      vertex 55.9805 66.048 22.15
      vertex 56.0985 66.1515 22.15
    endloop
  endfacet
  facet normal 0 0 -1
    outer loop
      vertex 55.4066 65.8103 22.15
      vertex 55.9852 63.5972 22.15
      vertex 55.9333 63.5694 22.15
    endloop
  endfacet
  facet normal 0 0 -1
    outer loop
      vertex 55.25 65.8 22.15
      vertex 55.9333 63.5694 22.15
      vertex 55.8879 63.5321 22.15
    endloop
  endfacet
  facet normal 0 0 -1
    outer loop
      vertex 55.0934 65.8103 22.15
      vertex 55.8879 63.5321 22.15
      vertex 55.8506 63.4867 22.15
    endloop
  endfacet
  facet normal 0 0 -1
    outer loop
      vertex 56.9 63.62 22.15
      vertex 55.85 65.9608 22.15
      vertex 55.9805 66.048 22.15
    endloop
  endfacet
  facet normal 0 0 -1
    outer loop
      vertex 55.8058 63.3785 22.15
      vertex 53.1642 63.3785 22.15
      vertex 55.8228 63.4348 22.15
    endloop
  endfacet
  facet normal 0 0 -1
    outer loop
      vertex 53.1642 63.3785 22.15
      vertex 55.8058 63.3785 22.15
      vertex 53.17 63.32 22.15
    endloop
  endfacet
  facet normal 0 0 -1
    outer loop
      vertex 53.17 63.32 22.15
      vertex 55.8058 63.3785 22.15
      vertex 55.8 63.32 22.15
    endloop
  endfacet
  facet normal 0 0 -1
    outer loop
      vertex 56.1 63.62 22.15
      vertex 55.7092 65.8913 22.15
      vertex 55.85 65.9608 22.15
    endloop
  endfacet
  facet normal 0 0 -1
    outer loop
      vertex 54.9394 52.1591 22.15
      vertex 55.8506 54.5133 22.15
      vertex 55.0934 52.1897 22.15
    endloop
  endfacet
  facet normal 0 0 -1
    outer loop
      vertex 53.17 54.68 22.15
      vertex 55.8506 54.5133 22.15
      vertex 54.9394 52.1591 22.15
    endloop
  endfacet
  facet normal 0 0 -1
    outer loop
      vertex 56.1 63.62 22.15
      vertex 55.5606 65.8409 22.15
      vertex 55.7092 65.8913 22.15
    endloop
  endfacet
  facet normal 0 0 -1
    outer loop
      vertex 55.8506 54.5133 22.15
      vertex 53.17 54.68 22.15
      vertex 55.8228 54.5652 22.15
    endloop
  endfacet
  facet normal 0 0 -1
    outer loop
      vertex 56.0415 63.6142 22.15
      vertex 55.4066 65.8103 22.15
      vertex 55.5606 65.8409 22.15
    endloop
  endfacet
  facet normal 0 0 -1
    outer loop
      vertex 55.8228 54.5652 22.15
      vertex 53.17 54.68 22.15
      vertex 55.8058 54.6215 22.15
    endloop
  endfacet
  facet normal 0 0 -1
    outer loop
      vertex 55.9333 63.5694 22.15
      vertex 55.25 65.8 22.15
      vertex 55.4066 65.8103 22.15
    endloop
  endfacet
  facet normal 0 0 -1
    outer loop
      vertex 55.8058 54.6215 22.15
      vertex 53.17 54.68 22.15
      vertex 55.8 54.68 22.15
    endloop
  endfacet
  facet normal 0 0 -1
    outer loop
      vertex 55.8879 63.5321 22.15
      vertex 55.0934 65.8103 22.15
      vertex 55.25 65.8 22.15
    endloop
  endfacet
  facet normal 0 0 -1
    outer loop
      vertex 53.17 54.68 22.15
      vertex 54.9394 52.1591 22.15
      vertex 54.7908 52.1087 22.15
    endloop
  endfacet
  facet normal 0 0 -1
    outer loop
      vertex 55.8506 63.4867 22.15
      vertex 54.9394 65.8409 22.15
      vertex 55.0934 65.8103 22.15
    endloop
  endfacet
  facet normal 0 0 -1
    outer loop
      vertex 53.17 54.68 22.15
      vertex 54.7908 52.1087 22.15
      vertex 54.65 52.0392 22.15
    endloop
  endfacet
  facet normal 0 0 -1
    outer loop
      vertex 53.1472 63.4348 22.15
      vertex 55.8228 63.4348 22.15
      vertex 53.1642 63.3785 22.15
    endloop
  endfacet
  facet normal 0 0 -1
    outer loop
      vertex 53.17 54.68 22.15
      vertex 54.65 52.0392 22.15
      vertex 54.5195 51.952 22.15
    endloop
  endfacet
  facet normal 0 0 -1
    outer loop
      vertex 55.8228 63.4348 22.15
      vertex 53.1472 63.4348 22.15
      vertex 55.8506 63.4867 22.15
    endloop
  endfacet
  facet normal 0 0 -1
    outer loop
      vertex 53.17 54.68 22.15
      vertex 54.5195 51.952 22.15
      vertex 54.4015 51.8485 22.15
    endloop
  endfacet
  facet normal 0 0 -1
    outer loop
      vertex 53.1194 63.4867 22.15
      vertex 55.8506 63.4867 22.15
      vertex 53.1472 63.4348 22.15
    endloop
  endfacet
  facet normal 0 0 -1
    outer loop
      vertex 53.17 54.68 22.15
      vertex 54.4015 51.8485 22.15
      vertex 54.298 51.7305 22.15
    endloop
  endfacet
  facet normal 0 0 -1
    outer loop
      vertex 55.8506 63.4867 22.15
      vertex 53.1194 63.4867 22.15
      vertex 54.9394 65.8409 22.15
    endloop
  endfacet
  facet normal 0 0 -1
    outer loop
      vertex 55.8228 63.2052 22.15
      vertex 53.17 63.32 22.15
      vertex 55.8058 63.2615 22.15
    endloop
  endfacet
  facet normal -0 0 -1
    outer loop
      vertex 54.9394 65.8409 22.15
      vertex 53.1194 63.4867 22.15
      vertex 54.7908 65.8913 22.15
    endloop
  endfacet
  facet normal 0 0 -1
    outer loop
      vertex 53.17 54.68 22.15
      vertex 54.298 51.7305 22.15
      vertex 54.2108 51.6 22.15
    endloop
  endfacet
  facet normal 0 0 -1
    outer loop
      vertex 55.8058 63.2615 22.15
      vertex 53.17 63.32 22.15
      vertex 55.8 63.32 22.15
    endloop
  endfacet
  facet normal 0 0 -1
    outer loop
      vertex 53.17 54.68 22.15
      vertex 54.2108 51.6 22.15
      vertex 54.1413 51.4592 22.15
    endloop
  endfacet
  facet normal 0 0 -1
    outer loop
      vertex 53.0821 63.5321 22.15
      vertex 54.7908 65.8913 22.15
      vertex 53.1194 63.4867 22.15
    endloop
  endfacet
  facet normal 0 0 -1
    outer loop
      vertex 53.17 54.68 22.15
      vertex 54.1413 51.4592 22.15
      vertex 54.0909 51.3106 22.15
    endloop
  endfacet
  facet normal -0 0 -1
    outer loop
      vertex 54.7908 65.8913 22.15
      vertex 53.0821 63.5321 22.15
      vertex 54.65 65.9608 22.15
    endloop
  endfacet
  facet normal 0 0 -1
    outer loop
      vertex 53.17 54.68 22.15
      vertex 54.0909 51.3106 22.15
      vertex 54.0603 51.1566 22.15
    endloop
  endfacet
  facet normal 0 0 -1
    outer loop
      vertex 53.0367 63.5694 22.15
      vertex 54.65 65.9608 22.15
      vertex 53.0821 63.5321 22.15
    endloop
  endfacet
  facet normal 0 0 -1
    outer loop
      vertex 52.87 54.38 22.15
      vertex 54.0603 51.1566 22.15
      vertex 54.05 51 22.15
    endloop
  endfacet
  facet normal -0 0 -1
    outer loop
      vertex 54.65 65.9608 22.15
      vertex 53.0367 63.5694 22.15
      vertex 54.5195 66.048 22.15
    endloop
  endfacet
  facet normal 0 0 -1
    outer loop
      vertex 55.9805 67.952 22.15
      vertex 56.825 70.2 22.15
      vertex 56.0985 67.8485 22.15
    endloop
  endfacet
  facet normal -0 0 -1
    outer loop
      vertex 56.825 70.2 22.15
      vertex 55.9805 67.952 22.15
      vertex 56.747 70.2077 22.15
    endloop
  endfacet
  facet normal 0 0 -1
    outer loop
      vertex 55.85 68.0392 22.15
      vertex 56.747 70.2077 22.15
      vertex 55.9805 67.952 22.15
    endloop
  endfacet
  facet normal -0 0 -1
    outer loop
      vertex 56.747 70.2077 22.15
      vertex 55.85 68.0392 22.15
      vertex 56.6719 70.2304 22.15
    endloop
  endfacet
  facet normal 0 -1 0
    outer loop
      vertex 50.9 46 22.15
      vertex 58.5 46 23.15
      vertex 50.9 46 23.15
    endloop
  endfacet
  facet normal 0 -1 -0
    outer loop
      vertex 58.5 46 23.15
      vertex 50.9 46 22.15
      vertex 58.5 46 22.15
    endloop
  endfacet
endsolid OpenSCAD_Model
