solid OpenSCAD_Model
  facet normal -1 0 0
    outer loop
      vertex 4.25 45 20.25
      vertex 4.25 51 24
      vertex 4.25 51 20.25
    endloop
  endfacet
  facet normal -1 -0 0
    outer loop
      vertex 4.25 51 24
      vertex 4.25 45 20.25
      vertex 4.25 45 24
    endloop
  endfacet
  facet normal 0 0 1
    outer loop
      vertex 2.40911 65.6894 26
      vertex 10.75 72 26
      vertex 2.43973 65.8434 26
    endloop
  endfacet
  facet normal 0 0 1
    outer loop
      vertex 10.75 72 26
      vertex 2.43973 57.1566 26
      vertex 2.45 57 26
    endloop
  endfacet
  facet normal 0 0 1
    outer loop
      vertex 2.35865 65.5408 26
      vertex 10.75 72 26
      vertex 2.40911 65.6894 26
    endloop
  endfacet
  facet normal 0 0 1
    outer loop
      vertex 10.75 72 26
      vertex 2.40911 57.3106 26
      vertex 2.43973 57.1566 26
    endloop
  endfacet
  facet normal 0 0 1
    outer loop
      vertex 2.35865 57.4592 26
      vertex 10.75 72 26
      vertex 2.35865 65.5408 26
    endloop
  endfacet
  facet normal 0 0 1
    outer loop
      vertex 10.75 72 26
      vertex 2.35865 57.4592 26
      vertex 2.40911 57.3106 26
    endloop
  endfacet
  facet normal -0 0 1
    outer loop
      vertex 2.28923 65.4 26
      vertex 2.35865 57.4592 26
      vertex 2.35865 65.5408 26
    endloop
  endfacet
  facet normal 0 0 1
    outer loop
      vertex 2.28923 65.4 26
      vertex 2.28923 57.6 26
      vertex 2.35865 57.4592 26
    endloop
  endfacet
  facet normal -0 0 1
    outer loop
      vertex 2.20202 65.2695 26
      vertex 2.28923 57.6 26
      vertex 2.28923 65.4 26
    endloop
  endfacet
  facet normal 0 0 1
    outer loop
      vertex 2.20202 65.2695 26
      vertex 2.20202 57.7305 26
      vertex 2.28923 57.6 26
    endloop
  endfacet
  facet normal -0 0 1
    outer loop
      vertex 2.09853 65.1515 26
      vertex 2.20202 57.7305 26
      vertex 2.20202 65.2695 26
    endloop
  endfacet
  facet normal 0 0 1
    outer loop
      vertex 2.09853 65.1515 26
      vertex 2.09853 57.8485 26
      vertex 2.20202 57.7305 26
    endloop
  endfacet
  facet normal -0 0 1
    outer loop
      vertex 1.98051 65.048 26
      vertex 2.09853 57.8485 26
      vertex 2.09853 65.1515 26
    endloop
  endfacet
  facet normal 0 0 1
    outer loop
      vertex 1.98051 65.048 26
      vertex 1.98051 57.952 26
      vertex 2.09853 57.8485 26
    endloop
  endfacet
  facet normal -0 0 1
    outer loop
      vertex 1.85 64.9608 26
      vertex 1.98051 57.952 26
      vertex 1.98051 65.048 26
    endloop
  endfacet
  facet normal 0 0 1
    outer loop
      vertex 1.85 64.9608 26
      vertex 1.85 58.0392 26
      vertex 1.98051 57.952 26
    endloop
  endfacet
  facet normal -0 0 1
    outer loop
      vertex 1.70922 64.8913 26
      vertex 1.85 58.0392 26
      vertex 1.85 64.9608 26
    endloop
  endfacet
  facet normal 0 0 1
    outer loop
      vertex 1.70922 64.8913 26
      vertex 1.70922 58.1087 26
      vertex 1.85 58.0392 26
    endloop
  endfacet
  facet normal -0 0 1
    outer loop
      vertex 1.56058 64.8409 26
      vertex 1.70922 58.1087 26
      vertex 1.70922 64.8913 26
    endloop
  endfacet
  facet normal 0 0 1
    outer loop
      vertex 1.56058 64.8409 26
      vertex 1.56058 58.1591 26
      vertex 1.70922 58.1087 26
    endloop
  endfacet
  facet normal -0 0 1
    outer loop
      vertex 1.40663 64.8103 26
      vertex 1.56058 58.1591 26
      vertex 1.56058 64.8409 26
    endloop
  endfacet
  facet normal 0 0 1
    outer loop
      vertex 1.40663 64.8103 26
      vertex 1.40663 58.1897 26
      vertex 1.56058 58.1591 26
    endloop
  endfacet
  facet normal -0 0 1
    outer loop
      vertex 1.25 64.8 26
      vertex 1.40663 58.1897 26
      vertex 1.40663 64.8103 26
    endloop
  endfacet
  facet normal 0 0 1
    outer loop
      vertex 1.25 64.8 26
      vertex 1.25 58.2 26
      vertex 1.40663 58.1897 26
    endloop
  endfacet
  facet normal 0 0 1
    outer loop
      vertex 1.09337 64.8103 26
      vertex 1.25 58.2 26
      vertex 1.25 64.8 26
    endloop
  endfacet
  facet normal 0 0 1
    outer loop
      vertex 1.09337 64.8103 26
      vertex 1.09337 58.1897 26
      vertex 1.25 58.2 26
    endloop
  endfacet
  facet normal 0 0 1
    outer loop
      vertex 0.939417 64.8409 26
      vertex 1.09337 58.1897 26
      vertex 1.09337 64.8103 26
    endloop
  endfacet
  facet normal 0 0 1
    outer loop
      vertex 0.939417 64.8409 26
      vertex 0.939417 58.1591 26
      vertex 1.09337 58.1897 26
    endloop
  endfacet
  facet normal 0 0 1
    outer loop
      vertex 0.790779 64.8913 26
      vertex 0.939417 58.1591 26
      vertex 0.939417 64.8409 26
    endloop
  endfacet
  facet normal 0 0 1
    outer loop
      vertex 0.790779 64.8913 26
      vertex 0.790779 58.1087 26
      vertex 0.939417 58.1591 26
    endloop
  endfacet
  facet normal 0 0 1
    outer loop
      vertex 0.65 64.9608 26
      vertex 0.790779 58.1087 26
      vertex 0.790779 64.8913 26
    endloop
  endfacet
  facet normal 0 0 1
    outer loop
      vertex 0.65 64.9608 26
      vertex 0.65 58.0392 26
      vertex 0.790779 58.1087 26
    endloop
  endfacet
  facet normal 0 0 1
    outer loop
      vertex 0.519485 65.048 26
      vertex 0.65 58.0392 26
      vertex 0.65 64.9608 26
    endloop
  endfacet
  facet normal 0 0 1
    outer loop
      vertex 0.519485 65.048 26
      vertex 0.519485 57.952 26
      vertex 0.65 58.0392 26
    endloop
  endfacet
  facet normal 0 0 1
    outer loop
      vertex 0.401471 65.1515 26
      vertex 0.519485 57.952 26
      vertex 0.519485 65.048 26
    endloop
  endfacet
  facet normal 0 0 1
    outer loop
      vertex 0.401471 65.1515 26
      vertex 0.401471 57.8485 26
      vertex 0.519485 57.952 26
    endloop
  endfacet
  facet normal 0 0 1
    outer loop
      vertex 0.297976 65.2695 26
      vertex 0.401471 57.8485 26
      vertex 0.401471 65.1515 26
    endloop
  endfacet
  facet normal 0 0 1
    outer loop
      vertex 0.297976 65.2695 26
      vertex 0.297976 57.7305 26
      vertex 0.401471 57.8485 26
    endloop
  endfacet
  facet normal 0 0 1
    outer loop
      vertex 0.210769 65.4 26
      vertex 0.297976 57.7305 26
      vertex 0.297976 65.2695 26
    endloop
  endfacet
  facet normal 0 0 1
    outer loop
      vertex 0.210769 65.4 26
      vertex 0.210769 57.6 26
      vertex 0.297976 57.7305 26
    endloop
  endfacet
  facet normal 0 0 1
    outer loop
      vertex 0.141344 65.5408 26
      vertex 0.210769 57.6 26
      vertex 0.210769 65.4 26
    endloop
  endfacet
  facet normal 0 0 1
    outer loop
      vertex 0.141344 65.5408 26
      vertex 0.141344 57.4592 26
      vertex 0.210769 57.6 26
    endloop
  endfacet
  facet normal 0 0 1
    outer loop
      vertex 0.090889 65.6894 26
      vertex 0.141344 57.4592 26
      vertex 0.141344 65.5408 26
    endloop
  endfacet
  facet normal 0 0 1
    outer loop
      vertex 0.090889 65.6894 26
      vertex 0.090889 57.3106 26
      vertex 0.141344 57.4592 26
    endloop
  endfacet
  facet normal 0 0 1
    outer loop
      vertex 0.0602655 65.8434 26
      vertex 0.090889 57.3106 26
      vertex 0.090889 65.6894 26
    endloop
  endfacet
  facet normal 0 0 1
    outer loop
      vertex 0.0602655 65.8434 26
      vertex 0.0602655 57.1566 26
      vertex 0.090889 57.3106 26
    endloop
  endfacet
  facet normal 0 0 1
    outer loop
      vertex -3.59853 74.1515 26
      vertex 0.0602655 65.8434 26
      vertex 0.0499992 66 26
    endloop
  endfacet
  facet normal 0 0 1
    outer loop
      vertex 0.0602655 65.8434 26
      vertex -3.70202 74.2695 26
      vertex 0.0602655 57.1566 26
    endloop
  endfacet
  facet normal -0 0 1
    outer loop
      vertex 2.40911 77.3106 26
      vertex 10.75 72 26
      vertex 10.75 88 26
    endloop
  endfacet
  facet normal 0 0 1
    outer loop
      vertex 10.75 72 26
      vertex 2.43973 77.1566 26
      vertex 2.45 77 26
    endloop
  endfacet
  facet normal 0 0 1
    outer loop
      vertex 10.75 72 26
      vertex 2.40911 77.3106 26
      vertex 2.43973 77.1566 26
    endloop
  endfacet
  facet normal 0 0 1
    outer loop
      vertex 10.75 88 26
      vertex 2.35865 77.4592 26
      vertex 2.40911 77.3106 26
    endloop
  endfacet
  facet normal 0 0 1
    outer loop
      vertex 10.75 88 26
      vertex 2.28923 77.6 26
      vertex 2.35865 77.4592 26
    endloop
  endfacet
  facet normal 0 0 1
    outer loop
      vertex 10.75 88 26
      vertex 2.20202 77.7305 26
      vertex 2.28923 77.6 26
    endloop
  endfacet
  facet normal 0 0 1
    outer loop
      vertex 10.75 88 26
      vertex 2.09853 77.8485 26
      vertex 2.20202 77.7305 26
    endloop
  endfacet
  facet normal 0 0 1
    outer loop
      vertex 10.75 88 26
      vertex 1.98051 77.952 26
      vertex 2.09853 77.8485 26
    endloop
  endfacet
  facet normal 0 0 1
    outer loop
      vertex 10.75 88 26
      vertex 1.85 78.0392 26
      vertex 1.98051 77.952 26
    endloop
  endfacet
  facet normal -0 0 1
    outer loop
      vertex -1.55 86 26
      vertex 1.85 78.0392 26
      vertex 10.75 88 26
    endloop
  endfacet
  facet normal 0 0 1
    outer loop
      vertex 1.85 78.0392 26
      vertex -1.55 86 26
      vertex 1.70922 78.1087 26
    endloop
  endfacet
  facet normal 0 0 1
    outer loop
      vertex 1.70922 78.1087 26
      vertex -1.55 86 26
      vertex 1.56058 78.1591 26
    endloop
  endfacet
  facet normal 0 0 1
    outer loop
      vertex 1.56058 78.1591 26
      vertex -1.55 86 26
      vertex 1.40663 78.1897 26
    endloop
  endfacet
  facet normal 0 0 1
    outer loop
      vertex 1.40663 78.1897 26
      vertex -1.55 86 26
      vertex 1.25 78.2 26
    endloop
  endfacet
  facet normal 0 0 1
    outer loop
      vertex 1.25 78.2 26
      vertex -1.55 86 26
      vertex 1.09337 78.1897 26
    endloop
  endfacet
  facet normal 0 0 1
    outer loop
      vertex 1.09337 78.1897 26
      vertex -1.55 86 26
      vertex 0.939417 78.1591 26
    endloop
  endfacet
  facet normal 0 0 1
    outer loop
      vertex 0.939417 78.1591 26
      vertex -1.55 86 26
      vertex 0.790779 78.1087 26
    endloop
  endfacet
  facet normal 0 0 1
    outer loop
      vertex 0.790779 78.1087 26
      vertex -1.55 86 26
      vertex 0.65 78.0392 26
    endloop
  endfacet
  facet normal 0 0 1
    outer loop
      vertex 0.65 78.0392 26
      vertex -1.55 86 26
      vertex 0.519485 77.952 26
    endloop
  endfacet
  facet normal -0 0 1
    outer loop
      vertex -1.64134 74.5408 26
      vertex 0.0499992 66 26
      vertex 0.0499992 77 26
    endloop
  endfacet
  facet normal -0 0 1
    outer loop
      vertex -1.79798 74.2695 26
      vertex 0.0499992 66 26
      vertex -1.71077 74.4 26
    endloop
  endfacet
  facet normal 0 0 1
    outer loop
      vertex 0.0602655 77.1566 26
      vertex -1.55 75 26
      vertex 0.0499992 77 26
    endloop
  endfacet
  facet normal 0 0 1
    outer loop
      vertex 0.090889 77.3106 26
      vertex -1.55 75 26
      vertex 0.0602655 77.1566 26
    endloop
  endfacet
  facet normal 0 0 1
    outer loop
      vertex 0.141344 77.4592 26
      vertex -1.55 75 26
      vertex 0.090889 77.3106 26
    endloop
  endfacet
  facet normal 0 0 1
    outer loop
      vertex -1.55 75 26
      vertex 0.141344 77.4592 26
      vertex -1.55 86 26
    endloop
  endfacet
  facet normal 0 0 1
    outer loop
      vertex 0.210769 77.6 26
      vertex -1.55 86 26
      vertex 0.141344 77.4592 26
    endloop
  endfacet
  facet normal 0 0 1
    outer loop
      vertex 0.297976 77.7305 26
      vertex -1.55 86 26
      vertex 0.210769 77.6 26
    endloop
  endfacet
  facet normal 0 0 1
    outer loop
      vertex 0.401471 77.8485 26
      vertex -1.55 86 26
      vertex 0.297976 77.7305 26
    endloop
  endfacet
  facet normal 0 0 1
    outer loop
      vertex 0.519485 77.952 26
      vertex -1.55 86 26
      vertex 0.401471 77.8485 26
    endloop
  endfacet
  facet normal 0 0 1
    outer loop
      vertex 10.75 88 26
      vertex -1.56027 86.1566 26
      vertex -1.55 86 26
    endloop
  endfacet
  facet normal 0 0 1
    outer loop
      vertex 10.75 88 26
      vertex -1.59089 86.3106 26
      vertex -1.56027 86.1566 26
    endloop
  endfacet
  facet normal 0 0 1
    outer loop
      vertex 10.75 88 26
      vertex -1.64134 86.4592 26
      vertex -1.59089 86.3106 26
    endloop
  endfacet
  facet normal 0 0 1
    outer loop
      vertex 10.75 88 26
      vertex -1.71077 86.6 26
      vertex -1.64134 86.4592 26
    endloop
  endfacet
  facet normal 0 0 1
    outer loop
      vertex 10.75 88 26
      vertex -1.79798 86.7305 26
      vertex -1.71077 86.6 26
    endloop
  endfacet
  facet normal 0 0 1
    outer loop
      vertex 10.75 88 26
      vertex -1.90147 86.8485 26
      vertex -1.79798 86.7305 26
    endloop
  endfacet
  facet normal 0 0 1
    outer loop
      vertex 10.75 88 26
      vertex -2.01949 86.952 26
      vertex -1.90147 86.8485 26
    endloop
  endfacet
  facet normal 0 0 1
    outer loop
      vertex 10.75 88 26
      vertex -2.15 87.0392 26
      vertex -2.01949 86.952 26
    endloop
  endfacet
  facet normal 0 0 1
    outer loop
      vertex 10.75 88 26
      vertex -2.29078 87.1087 26
      vertex -2.15 87.0392 26
    endloop
  endfacet
  facet normal 0 0 1
    outer loop
      vertex 10.75 88 26
      vertex -2.43942 87.1591 26
      vertex -2.29078 87.1087 26
    endloop
  endfacet
  facet normal -0 0 1
    outer loop
      vertex -5.25 88 26
      vertex -2.43942 87.1591 26
      vertex 10.75 88 26
    endloop
  endfacet
  facet normal 0 0 1
    outer loop
      vertex -2.43942 87.1591 26
      vertex -5.25 88 26
      vertex -2.59337 87.1897 26
    endloop
  endfacet
  facet normal 0 0 1
    outer loop
      vertex -3.95 86 26
      vertex -5.25 88 26
      vertex -3.95 75 26
    endloop
  endfacet
  facet normal 0 0 1
    outer loop
      vertex -3.93973 86.1566 26
      vertex -5.25 88 26
      vertex -3.95 86 26
    endloop
  endfacet
  facet normal 0 0 1
    outer loop
      vertex -3.90911 86.3106 26
      vertex -5.25 88 26
      vertex -3.93973 86.1566 26
    endloop
  endfacet
  facet normal 0 0 1
    outer loop
      vertex -3.85865 86.4592 26
      vertex -5.25 88 26
      vertex -3.90911 86.3106 26
    endloop
  endfacet
  facet normal 0 0 1
    outer loop
      vertex -3.78923 86.6 26
      vertex -5.25 88 26
      vertex -3.85865 86.4592 26
    endloop
  endfacet
  facet normal 0 0 1
    outer loop
      vertex -3.70202 86.7305 26
      vertex -5.25 88 26
      vertex -3.78923 86.6 26
    endloop
  endfacet
  facet normal 0 0 1
    outer loop
      vertex -3.59853 86.8485 26
      vertex -5.25 88 26
      vertex -3.70202 86.7305 26
    endloop
  endfacet
  facet normal 0 0 1
    outer loop
      vertex -3.48051 86.952 26
      vertex -5.25 88 26
      vertex -3.59853 86.8485 26
    endloop
  endfacet
  facet normal 0 0 1
    outer loop
      vertex -3.35 87.0392 26
      vertex -5.25 88 26
      vertex -3.48051 86.952 26
    endloop
  endfacet
  facet normal 0 0 1
    outer loop
      vertex -3.20922 87.1087 26
      vertex -5.25 88 26
      vertex -3.35 87.0392 26
    endloop
  endfacet
  facet normal 0 0 1
    outer loop
      vertex -3.06058 87.1591 26
      vertex -5.25 88 26
      vertex -3.20922 87.1087 26
    endloop
  endfacet
  facet normal 0 0 1
    outer loop
      vertex -2.90663 87.1897 26
      vertex -5.25 88 26
      vertex -3.06058 87.1591 26
    endloop
  endfacet
  facet normal 0 0 1
    outer loop
      vertex -2.75 87.2 26
      vertex -5.25 88 26
      vertex -2.90663 87.1897 26
    endloop
  endfacet
  facet normal 0 0 1
    outer loop
      vertex -2.59337 87.1897 26
      vertex -5.25 88 26
      vertex -2.75 87.2 26
    endloop
  endfacet
  facet normal -0 0 1
    outer loop
      vertex 49.4091 65.6894 26
      vertex 50.8 63.9 26
      vertex 49.4397 65.8434 26
    endloop
  endfacet
  facet normal 0 0 1
    outer loop
      vertex 50.8 63.9 26
      vertex 49.4397 57.1566 26
      vertex 49.45 57 26
    endloop
  endfacet
  facet normal -0 0 1
    outer loop
      vertex 49.3587 65.5408 26
      vertex 50.8 63.9 26
      vertex 49.4091 65.6894 26
    endloop
  endfacet
  facet normal 0 0 1
    outer loop
      vertex 50.8 63.9 26
      vertex 49.4091 57.3106 26
      vertex 49.4397 57.1566 26
    endloop
  endfacet
  facet normal -0 0 1
    outer loop
      vertex 49.2892 65.4 26
      vertex 50.8 63.9 26
      vertex 49.3587 65.5408 26
    endloop
  endfacet
  facet normal 0 0 1
    outer loop
      vertex 50.8 63.9 26
      vertex 49.3587 57.4592 26
      vertex 49.4091 57.3106 26
    endloop
  endfacet
  facet normal -0 0 1
    outer loop
      vertex 49.202 65.2695 26
      vertex 50.8 63.9 26
      vertex 49.2892 65.4 26
    endloop
  endfacet
  facet normal 0 0 1
    outer loop
      vertex 50.8 63.9 26
      vertex 49.2892 57.6 26
      vertex 49.3587 57.4592 26
    endloop
  endfacet
  facet normal -0 0 1
    outer loop
      vertex 49.0985 65.1515 26
      vertex 50.8 63.9 26
      vertex 49.202 65.2695 26
    endloop
  endfacet
  facet normal 0 0 1
    outer loop
      vertex 50.8 63.9 26
      vertex 49.202 57.7305 26
      vertex 49.2892 57.6 26
    endloop
  endfacet
  facet normal -0 0 1
    outer loop
      vertex 48.9805 65.048 26
      vertex 50.8 63.9 26
      vertex 49.0985 65.1515 26
    endloop
  endfacet
  facet normal 0 0 1
    outer loop
      vertex 50.8 63.9 26
      vertex 49.0985 57.8485 26
      vertex 49.202 57.7305 26
    endloop
  endfacet
  facet normal -0 0 1
    outer loop
      vertex 48.85 64.9608 26
      vertex 50.8 63.9 26
      vertex 48.9805 65.048 26
    endloop
  endfacet
  facet normal 0 0 1
    outer loop
      vertex 50.8 63.9 26
      vertex 48.9805 57.952 26
      vertex 49.0985 57.8485 26
    endloop
  endfacet
  facet normal -0 0 1
    outer loop
      vertex 48.7092 64.8913 26
      vertex 50.8 63.9 26
      vertex 48.85 64.9608 26
    endloop
  endfacet
  facet normal 0 0 1
    outer loop
      vertex 50.8 63.9 26
      vertex 48.85 58.0392 26
      vertex 48.9805 57.952 26
    endloop
  endfacet
  facet normal -0 0 1
    outer loop
      vertex 48.5606 64.8409 26
      vertex 50.8 63.9 26
      vertex 48.7092 64.8913 26
    endloop
  endfacet
  facet normal 0 0 1
    outer loop
      vertex 50.8 63.9 26
      vertex 48.7092 58.1087 26
      vertex 48.85 58.0392 26
    endloop
  endfacet
  facet normal -0 0 1
    outer loop
      vertex 48.4066 64.8103 26
      vertex 50.8 63.9 26
      vertex 48.5606 64.8409 26
    endloop
  endfacet
  facet normal 0 0 1
    outer loop
      vertex 50.8 63.9 26
      vertex 48.5606 58.1591 26
      vertex 48.7092 58.1087 26
    endloop
  endfacet
  facet normal 0 0 1
    outer loop
      vertex 48.4066 58.1897 26
      vertex 50.8 63.9 26
      vertex 48.4066 64.8103 26
    endloop
  endfacet
  facet normal 0 0 1
    outer loop
      vertex 50.8 63.9 26
      vertex 48.4066 58.1897 26
      vertex 48.5606 58.1591 26
    endloop
  endfacet
  facet normal -0 0 1
    outer loop
      vertex 48.25 64.8 26
      vertex 48.4066 58.1897 26
      vertex 48.4066 64.8103 26
    endloop
  endfacet
  facet normal 0 0 1
    outer loop
      vertex 48.25 64.8 26
      vertex 48.25 58.2 26
      vertex 48.4066 58.1897 26
    endloop
  endfacet
  facet normal 0 0 1
    outer loop
      vertex 48.0934 64.8103 26
      vertex 48.25 58.2 26
      vertex 48.25 64.8 26
    endloop
  endfacet
  facet normal 0 0 1
    outer loop
      vertex 48.0934 64.8103 26
      vertex 48.0934 58.1897 26
      vertex 48.25 58.2 26
    endloop
  endfacet
  facet normal 0 0 1
    outer loop
      vertex 47.9394 64.8409 26
      vertex 48.0934 58.1897 26
      vertex 48.0934 64.8103 26
    endloop
  endfacet
  facet normal 0 0 1
    outer loop
      vertex 47.9394 64.8409 26
      vertex 47.9394 58.1591 26
      vertex 48.0934 58.1897 26
    endloop
  endfacet
  facet normal 0 0 1
    outer loop
      vertex 47.7908 64.8913 26
      vertex 47.9394 58.1591 26
      vertex 47.9394 64.8409 26
    endloop
  endfacet
  facet normal 0 0 1
    outer loop
      vertex 47.7908 64.8913 26
      vertex 47.7908 58.1087 26
      vertex 47.9394 58.1591 26
    endloop
  endfacet
  facet normal 0 0 1
    outer loop
      vertex 47.65 64.9608 26
      vertex 47.7908 58.1087 26
      vertex 47.7908 64.8913 26
    endloop
  endfacet
  facet normal 0 0 1
    outer loop
      vertex 47.65 64.9608 26
      vertex 47.65 58.0392 26
      vertex 47.7908 58.1087 26
    endloop
  endfacet
  facet normal 0 0 1
    outer loop
      vertex 47.5195 65.048 26
      vertex 47.65 58.0392 26
      vertex 47.65 64.9608 26
    endloop
  endfacet
  facet normal 0 0 1
    outer loop
      vertex 47.5195 65.048 26
      vertex 47.5195 57.952 26
      vertex 47.65 58.0392 26
    endloop
  endfacet
  facet normal 0 0 1
    outer loop
      vertex 47.4015 65.1515 26
      vertex 47.5195 57.952 26
      vertex 47.5195 65.048 26
    endloop
  endfacet
  facet normal 0 0 1
    outer loop
      vertex 47.4015 65.1515 26
      vertex 47.4015 57.8485 26
      vertex 47.5195 57.952 26
    endloop
  endfacet
  facet normal 0 0 1
    outer loop
      vertex 47.298 65.2695 26
      vertex 47.4015 57.8485 26
      vertex 47.4015 65.1515 26
    endloop
  endfacet
  facet normal 0 0 1
    outer loop
      vertex 47.298 65.2695 26
      vertex 47.298 57.7305 26
      vertex 47.4015 57.8485 26
    endloop
  endfacet
  facet normal 0 0 1
    outer loop
      vertex 47.2108 65.4 26
      vertex 47.298 57.7305 26
      vertex 47.298 65.2695 26
    endloop
  endfacet
  facet normal 0 0 1
    outer loop
      vertex 47.2108 65.4 26
      vertex 47.2108 57.6 26
      vertex 47.298 57.7305 26
    endloop
  endfacet
  facet normal 0 0 1
    outer loop
      vertex 47.1413 65.5408 26
      vertex 47.2108 57.6 26
      vertex 47.2108 65.4 26
    endloop
  endfacet
  facet normal 0 0 1
    outer loop
      vertex 47.1413 65.5408 26
      vertex 47.1413 57.4592 26
      vertex 47.2108 57.6 26
    endloop
  endfacet
  facet normal 0 0 1
    outer loop
      vertex 38.75 72 26
      vertex 47.1413 65.5408 26
      vertex 47.0909 65.6894 26
    endloop
  endfacet
  facet normal 0 0 1
    outer loop
      vertex 47.1413 65.5408 26
      vertex 38.75 72 26
      vertex 47.1413 57.4592 26
    endloop
  endfacet
  facet normal 0 0 1
    outer loop
      vertex 38.75 72 26
      vertex 47.0909 65.6894 26
      vertex 47.0603 65.8434 26
    endloop
  endfacet
  facet normal 0 0 1
    outer loop
      vertex 47.1413 57.4592 26
      vertex 38.75 72 26
      vertex 47.0909 57.3106 26
    endloop
  endfacet
  facet normal 0 0 1
    outer loop
      vertex 38.75 72 26
      vertex 47.0603 65.8434 26
      vertex 47.05 66 26
    endloop
  endfacet
  facet normal 0 0 1
    outer loop
      vertex 47.0909 57.3106 26
      vertex 38.75 72 26
      vertex 47.0603 57.1566 26
    endloop
  endfacet
  facet normal -0 0 1
    outer loop
      vertex 53.45 75 26
      vertex 54.75 70 26
      vertex 54.75 88 26
    endloop
  endfacet
  facet normal -0 0 1
    outer loop
      vertex 53.4397 74.8434 26
      vertex 54.75 70 26
      vertex 53.45 75 26
    endloop
  endfacet
  facet normal -0 0 1
    outer loop
      vertex 53.4091 74.6894 26
      vertex 54.75 70 26
      vertex 53.4397 74.8434 26
    endloop
  endfacet
  facet normal -0 0 1
    outer loop
      vertex 53.3587 74.5408 26
      vertex 54.75 70 26
      vertex 53.4091 74.6894 26
    endloop
  endfacet
  facet normal -0 0 1
    outer loop
      vertex 53.2892 74.4 26
      vertex 54.75 70 26
      vertex 53.3587 74.5408 26
    endloop
  endfacet
  facet normal -0 0 1
    outer loop
      vertex 53.202 74.2695 26
      vertex 54.75 70 26
      vertex 53.2892 74.4 26
    endloop
  endfacet
  facet normal -0 0 1
    outer loop
      vertex 53.0985 74.1515 26
      vertex 54.75 70 26
      vertex 53.202 74.2695 26
    endloop
  endfacet
  facet normal -0 0 1
    outer loop
      vertex 52.9805 74.048 26
      vertex 54.75 70 26
      vertex 53.0985 74.1515 26
    endloop
  endfacet
  facet normal -0 0 1
    outer loop
      vertex 52.85 73.9608 26
      vertex 54.75 70 26
      vertex 52.9805 74.048 26
    endloop
  endfacet
  facet normal 0 0 1
    outer loop
      vertex 53.45 75 26
      vertex 54.75 88 26
      vertex 53.45 86 26
    endloop
  endfacet
  facet normal 0 0 1
    outer loop
      vertex 54.75 88 26
      vertex 53.4397 86.1566 26
      vertex 53.45 86 26
    endloop
  endfacet
  facet normal 0 0 1
    outer loop
      vertex 54.75 88 26
      vertex 53.4091 86.3106 26
      vertex 53.4397 86.1566 26
    endloop
  endfacet
  facet normal 0 0 1
    outer loop
      vertex 54.75 88 26
      vertex 53.3587 86.4592 26
      vertex 53.4091 86.3106 26
    endloop
  endfacet
  facet normal 0 0 1
    outer loop
      vertex 54.75 88 26
      vertex 53.2892 86.6 26
      vertex 53.3587 86.4592 26
    endloop
  endfacet
  facet normal 0 0 1
    outer loop
      vertex 54.75 88 26
      vertex 53.202 86.7305 26
      vertex 53.2892 86.6 26
    endloop
  endfacet
  facet normal 0 0 1
    outer loop
      vertex 54.75 88 26
      vertex 53.0985 86.8485 26
      vertex 53.202 86.7305 26
    endloop
  endfacet
  facet normal 0 0 1
    outer loop
      vertex 54.75 88 26
      vertex 52.9805 86.952 26
      vertex 53.0985 86.8485 26
    endloop
  endfacet
  facet normal 0 0 1
    outer loop
      vertex 54.75 88 26
      vertex 52.85 87.0392 26
      vertex 52.9805 86.952 26
    endloop
  endfacet
  facet normal 0 0 1
    outer loop
      vertex 54.75 88 26
      vertex 52.7092 87.1087 26
      vertex 52.85 87.0392 26
    endloop
  endfacet
  facet normal 0 0 1
    outer loop
      vertex 54.75 88 26
      vertex 52.5606 87.1591 26
      vertex 52.7092 87.1087 26
    endloop
  endfacet
  facet normal 0 0 1
    outer loop
      vertex 54.75 88 26
      vertex 52.4066 87.1897 26
      vertex 52.5606 87.1591 26
    endloop
  endfacet
  facet normal 0 0 1
    outer loop
      vertex 54.75 88 26
      vertex 52.25 87.2 26
      vertex 52.4066 87.1897 26
    endloop
  endfacet
  facet normal 0 0 1
    outer loop
      vertex 54.75 88 26
      vertex 52.0934 87.1897 26
      vertex 52.25 87.2 26
    endloop
  endfacet
  facet normal 0 0 1
    outer loop
      vertex 54.75 88 26
      vertex 51.9394 87.1591 26
      vertex 52.0934 87.1897 26
    endloop
  endfacet
  facet normal -0 0 1
    outer loop
      vertex 49.3587 77.4592 26
      vertex 51.05 75 26
      vertex 51.05 86 26
    endloop
  endfacet
  facet normal 0 0 1
    outer loop
      vertex 51.05 75 26
      vertex 49.45 66 26
      vertex 50.8 63.9 26
    endloop
  endfacet
  facet normal 0 0 1
    outer loop
      vertex 49.45 66 26
      vertex 51.05 75 26
      vertex 49.45 77 26
    endloop
  endfacet
  facet normal 0 0 1
    outer loop
      vertex 38.75 88 26
      vertex 51.05 86 26
      vertex 51.0603 86.1566 26
    endloop
  endfacet
  facet normal 0 0 1
    outer loop
      vertex 51.05 75 26
      vertex 49.4397 77.1566 26
      vertex 49.45 77 26
    endloop
  endfacet
  facet normal 0 0 1
    outer loop
      vertex 51.05 75 26
      vertex 49.4091 77.3106 26
      vertex 49.4397 77.1566 26
    endloop
  endfacet
  facet normal 0 0 1
    outer loop
      vertex 51.05 75 26
      vertex 49.3587 77.4592 26
      vertex 49.4091 77.3106 26
    endloop
  endfacet
  facet normal 0 0 1
    outer loop
      vertex 51.05 86 26
      vertex 49.2892 77.6 26
      vertex 49.3587 77.4592 26
    endloop
  endfacet
  facet normal 0 0 1
    outer loop
      vertex 38.75 88 26
      vertex 51.0603 86.1566 26
      vertex 51.0909 86.3106 26
    endloop
  endfacet
  facet normal 0 0 1
    outer loop
      vertex 51.05 86 26
      vertex 49.202 77.7305 26
      vertex 49.2892 77.6 26
    endloop
  endfacet
  facet normal 0 0 1
    outer loop
      vertex 51.05 86 26
      vertex 49.0985 77.8485 26
      vertex 49.202 77.7305 26
    endloop
  endfacet
  facet normal 0 0 1
    outer loop
      vertex 51.05 86 26
      vertex 48.9805 77.952 26
      vertex 49.0985 77.8485 26
    endloop
  endfacet
  facet normal 0 0 1
    outer loop
      vertex 51.05 86 26
      vertex 48.85 78.0392 26
      vertex 48.9805 77.952 26
    endloop
  endfacet
  facet normal 0 0 1
    outer loop
      vertex 51.05 86 26
      vertex 48.7092 78.1087 26
      vertex 48.85 78.0392 26
    endloop
  endfacet
  facet normal 0 0 1
    outer loop
      vertex 51.05 86 26
      vertex 48.5606 78.1591 26
      vertex 48.7092 78.1087 26
    endloop
  endfacet
  facet normal 0 0 1
    outer loop
      vertex 51.05 86 26
      vertex 48.4066 78.1897 26
      vertex 48.5606 78.1591 26
    endloop
  endfacet
  facet normal 0 0 1
    outer loop
      vertex 51.05 86 26
      vertex 48.25 78.2 26
      vertex 48.4066 78.1897 26
    endloop
  endfacet
  facet normal 0 0 1
    outer loop
      vertex 38.75 88 26
      vertex 51.0909 86.3106 26
      vertex 51.1413 86.4592 26
    endloop
  endfacet
  facet normal 0 0 1
    outer loop
      vertex 51.05 86 26
      vertex 48.0934 78.1897 26
      vertex 48.25 78.2 26
    endloop
  endfacet
  facet normal 0 0 1
    outer loop
      vertex 51.05 86 26
      vertex 47.9394 78.1591 26
      vertex 48.0934 78.1897 26
    endloop
  endfacet
  facet normal 0 0 1
    outer loop
      vertex 51.05 86 26
      vertex 47.7908 78.1087 26
      vertex 47.9394 78.1591 26
    endloop
  endfacet
  facet normal 0 0 1
    outer loop
      vertex 51.05 86 26
      vertex 47.65 78.0392 26
      vertex 47.7908 78.1087 26
    endloop
  endfacet
  facet normal 0 0 1
    outer loop
      vertex 51.05 86 26
      vertex 38.75 88 26
      vertex 47.65 78.0392 26
    endloop
  endfacet
  facet normal 0 0 1
    outer loop
      vertex 47.65 78.0392 26
      vertex 38.75 88 26
      vertex 47.5195 77.952 26
    endloop
  endfacet
  facet normal 0 0 1
    outer loop
      vertex 47.5195 77.952 26
      vertex 38.75 88 26
      vertex 47.4015 77.8485 26
    endloop
  endfacet
  facet normal 0 0 1
    outer loop
      vertex 47.4015 77.8485 26
      vertex 38.75 88 26
      vertex 47.298 77.7305 26
    endloop
  endfacet
  facet normal 0 0 1
    outer loop
      vertex 47.298 77.7305 26
      vertex 38.75 88 26
      vertex 47.2108 77.6 26
    endloop
  endfacet
  facet normal -0 0 1
    outer loop
      vertex 38.75 72 26
      vertex 47.05 66 26
      vertex 47.05 77 26
    endloop
  endfacet
  facet normal 0 0 1
    outer loop
      vertex 47.0603 57.1566 26
      vertex 38.75 72 26
      vertex 47.05 57 26
    endloop
  endfacet
  facet normal 0 0 1
    outer loop
      vertex 47.0603 77.1566 26
      vertex 38.75 72 26
      vertex 47.05 77 26
    endloop
  endfacet
  facet normal 0 0 1
    outer loop
      vertex 47.0909 77.3106 26
      vertex 38.75 72 26
      vertex 47.0603 77.1566 26
    endloop
  endfacet
  facet normal 0 0 1
    outer loop
      vertex 38.75 72 26
      vertex 47.0909 77.3106 26
      vertex 38.75 88 26
    endloop
  endfacet
  facet normal 0 0 1
    outer loop
      vertex 47.1413 77.4592 26
      vertex 38.75 88 26
      vertex 47.0909 77.3106 26
    endloop
  endfacet
  facet normal 0 0 1
    outer loop
      vertex 47.2108 77.6 26
      vertex 38.75 88 26
      vertex 47.1413 77.4592 26
    endloop
  endfacet
  facet normal 0 0 1
    outer loop
      vertex 51.2108 86.6 26
      vertex 38.75 88 26
      vertex 51.1413 86.4592 26
    endloop
  endfacet
  facet normal 0 0 1
    outer loop
      vertex 51.298 86.7305 26
      vertex 38.75 88 26
      vertex 51.2108 86.6 26
    endloop
  endfacet
  facet normal 0 0 1
    outer loop
      vertex 51.4015 86.8485 26
      vertex 38.75 88 26
      vertex 51.298 86.7305 26
    endloop
  endfacet
  facet normal 0 0 1
    outer loop
      vertex 51.5195 86.952 26
      vertex 38.75 88 26
      vertex 51.4015 86.8485 26
    endloop
  endfacet
  facet normal 0 0 1
    outer loop
      vertex 51.65 87.0392 26
      vertex 38.75 88 26
      vertex 51.5195 86.952 26
    endloop
  endfacet
  facet normal 0 0 1
    outer loop
      vertex 51.7908 87.1087 26
      vertex 38.75 88 26
      vertex 51.65 87.0392 26
    endloop
  endfacet
  facet normal 0 0 1
    outer loop
      vertex 51.9394 87.1591 26
      vertex 38.75 88 26
      vertex 51.7908 87.1087 26
    endloop
  endfacet
  facet normal -0 0 1
    outer loop
      vertex 38.75 88 26
      vertex 51.9394 87.1591 26
      vertex 54.75 88 26
    endloop
  endfacet
  facet normal 0 0 1
    outer loop
      vertex 57.5 70 26
      vertex 56.45 67 26
      vertex 57.5 64 26
    endloop
  endfacet
  facet normal 0 0 1
    outer loop
      vertex 57.5 70 26
      vertex 56.4397 67.1566 26
      vertex 56.45 67 26
    endloop
  endfacet
  facet normal 0 0 1
    outer loop
      vertex 57.5 70 26
      vertex 56.4091 67.3106 26
      vertex 56.4397 67.1566 26
    endloop
  endfacet
  facet normal 0 0 1
    outer loop
      vertex 57.5 70 26
      vertex 56.3587 67.4592 26
      vertex 56.4091 67.3106 26
    endloop
  endfacet
  facet normal 0 0 1
    outer loop
      vertex 57.5 70 26
      vertex 56.2892 67.6 26
      vertex 56.3587 67.4592 26
    endloop
  endfacet
  facet normal 0 0 1
    outer loop
      vertex 57.5 70 26
      vertex 56.202 67.7305 26
      vertex 56.2892 67.6 26
    endloop
  endfacet
  facet normal 0 0 1
    outer loop
      vertex 57.5 70 26
      vertex 56.0985 67.8485 26
      vertex 56.202 67.7305 26
    endloop
  endfacet
  facet normal 0 0 1
    outer loop
      vertex 57.5 70 26
      vertex 55.9805 67.952 26
      vertex 56.0985 67.8485 26
    endloop
  endfacet
  facet normal 0 0 1
    outer loop
      vertex 57.5 70 26
      vertex 55.85 68.0392 26
      vertex 55.9805 67.952 26
    endloop
  endfacet
  facet normal 0 0 1
    outer loop
      vertex 57.5 70 26
      vertex 55.7092 68.1087 26
      vertex 55.85 68.0392 26
    endloop
  endfacet
  facet normal -0 0 1
    outer loop
      vertex 54.75 70 26
      vertex 55.7092 68.1087 26
      vertex 57.5 70 26
    endloop
  endfacet
  facet normal 0 0 1
    outer loop
      vertex 55.7092 68.1087 26
      vertex 54.75 70 26
      vertex 55.5606 68.1591 26
    endloop
  endfacet
  facet normal 0 0 1
    outer loop
      vertex 55.5606 68.1591 26
      vertex 54.75 70 26
      vertex 55.4066 68.1897 26
    endloop
  endfacet
  facet normal 0 0 1
    outer loop
      vertex 55.4066 68.1897 26
      vertex 54.75 70 26
      vertex 55.25 68.2 26
    endloop
  endfacet
  facet normal 0 0 1
    outer loop
      vertex 55.25 68.2 26
      vertex 54.75 70 26
      vertex 55.0934 68.1897 26
    endloop
  endfacet
  facet normal 0 0 1
    outer loop
      vertex 55.0934 68.1897 26
      vertex 54.75 70 26
      vertex 54.9394 68.1591 26
    endloop
  endfacet
  facet normal 0 0 1
    outer loop
      vertex 54.9394 68.1591 26
      vertex 54.75 70 26
      vertex 54.7908 68.1087 26
    endloop
  endfacet
  facet normal 0 0 1
    outer loop
      vertex 54.7908 68.1087 26
      vertex 54.75 70 26
      vertex 54.65 68.0392 26
    endloop
  endfacet
  facet normal -0 0 1
    outer loop
      vertex 56.4397 66.8434 26
      vertex 57.5 64 26
      vertex 56.45 67 26
    endloop
  endfacet
  facet normal -0 0 1
    outer loop
      vertex 56.4091 66.6894 26
      vertex 57.5 64 26
      vertex 56.4397 66.8434 26
    endloop
  endfacet
  facet normal -0 0 1
    outer loop
      vertex 56.3587 66.5408 26
      vertex 57.5 64 26
      vertex 56.4091 66.6894 26
    endloop
  endfacet
  facet normal -0 0 1
    outer loop
      vertex 56.2892 66.4 26
      vertex 57.5 64 26
      vertex 56.3587 66.5408 26
    endloop
  endfacet
  facet normal -0 0 1
    outer loop
      vertex 56.202 66.2695 26
      vertex 57.5 64 26
      vertex 56.2892 66.4 26
    endloop
  endfacet
  facet normal -0 0 1
    outer loop
      vertex 56.0985 66.1515 26
      vertex 57.5 64 26
      vertex 56.202 66.2695 26
    endloop
  endfacet
  facet normal -0 0 1
    outer loop
      vertex 55.9805 66.048 26
      vertex 57.5 64 26
      vertex 56.0985 66.1515 26
    endloop
  endfacet
  facet normal -0 0 1
    outer loop
      vertex 55.85 65.9608 26
      vertex 57.5 64 26
      vertex 55.9805 66.048 26
    endloop
  endfacet
  facet normal -0 0 1
    outer loop
      vertex 55.7092 65.8913 26
      vertex 57.5 64 26
      vertex 55.85 65.9608 26
    endloop
  endfacet
  facet normal 0 0 1
    outer loop
      vertex 54.75 64 26
      vertex 55.7092 65.8913 26
      vertex 55.5606 65.8409 26
    endloop
  endfacet
  facet normal 0 0 1
    outer loop
      vertex 54.75 64 26
      vertex 55.5606 65.8409 26
      vertex 55.4066 65.8103 26
    endloop
  endfacet
  facet normal 0 0 1
    outer loop
      vertex 54.75 64 26
      vertex 55.4066 65.8103 26
      vertex 55.25 65.8 26
    endloop
  endfacet
  facet normal 0 0 1
    outer loop
      vertex 54.75 64 26
      vertex 55.25 65.8 26
      vertex 55.0934 65.8103 26
    endloop
  endfacet
  facet normal 0 0 1
    outer loop
      vertex 54.75 64 26
      vertex 55.0934 65.8103 26
      vertex 54.9394 65.8409 26
    endloop
  endfacet
  facet normal 0 0 1
    outer loop
      vertex 54.75 64 26
      vertex 54.9394 65.8409 26
      vertex 54.7908 65.8913 26
    endloop
  endfacet
  facet normal 0 0 1
    outer loop
      vertex 55.7092 65.8913 26
      vertex 54.75 64 26
      vertex 57.5 64 26
    endloop
  endfacet
  facet normal 0 0 1
    outer loop
      vertex 54.65 65.9608 26
      vertex 54.75 64 26
      vertex 54.7908 65.8913 26
    endloop
  endfacet
  facet normal 0 0 1
    outer loop
      vertex 54.5195 66.048 26
      vertex 54.75 64 26
      vertex 54.65 65.9608 26
    endloop
  endfacet
  facet normal 0 0 1
    outer loop
      vertex 54.4015 66.1515 26
      vertex 54.75 64 26
      vertex 54.5195 66.048 26
    endloop
  endfacet
  facet normal 0 0 1
    outer loop
      vertex 50.8 63.9 26
      vertex 54.75 64 26
      vertex 54.4015 66.1515 26
    endloop
  endfacet
  facet normal 0 0 1
    outer loop
      vertex 50.8 63.9 26
      vertex 54.4015 66.1515 26
      vertex 54.298 66.2695 26
    endloop
  endfacet
  facet normal 0 0 1
    outer loop
      vertex 50.8 63.9 26
      vertex 54.298 66.2695 26
      vertex 54.2108 66.4 26
    endloop
  endfacet
  facet normal 0 0 1
    outer loop
      vertex 50.8 63.9 26
      vertex 54.2108 66.4 26
      vertex 54.1413 66.5408 26
    endloop
  endfacet
  facet normal 0 0 1
    outer loop
      vertex 50.8 63.9 26
      vertex 54.1413 66.5408 26
      vertex 54.0909 66.6894 26
    endloop
  endfacet
  facet normal -0 0 1
    outer loop
      vertex 52.7092 73.8913 26
      vertex 54.75 70 26
      vertex 52.85 73.9608 26
    endloop
  endfacet
  facet normal -0 0 1
    outer loop
      vertex 52.5606 73.8409 26
      vertex 54.75 70 26
      vertex 52.7092 73.8913 26
    endloop
  endfacet
  facet normal -0 0 1
    outer loop
      vertex 52.4066 73.8103 26
      vertex 54.75 70 26
      vertex 52.5606 73.8409 26
    endloop
  endfacet
  facet normal -0 0 1
    outer loop
      vertex 52.25 73.8 26
      vertex 54.75 70 26
      vertex 52.4066 73.8103 26
    endloop
  endfacet
  facet normal 0 0 1
    outer loop
      vertex 54.75 70 26
      vertex 54.5195 67.952 26
      vertex 54.65 68.0392 26
    endloop
  endfacet
  facet normal 0 0 1
    outer loop
      vertex 52.0934 73.8103 26
      vertex 54.75 70 26
      vertex 52.25 73.8 26
    endloop
  endfacet
  facet normal 0 0 1
    outer loop
      vertex 54.75 70 26
      vertex 54.4015 67.8485 26
      vertex 54.5195 67.952 26
    endloop
  endfacet
  facet normal 0 0 1
    outer loop
      vertex 51.9394 73.8409 26
      vertex 54.75 70 26
      vertex 52.0934 73.8103 26
    endloop
  endfacet
  facet normal 0 0 1
    outer loop
      vertex 54.75 70 26
      vertex 54.298 67.7305 26
      vertex 54.4015 67.8485 26
    endloop
  endfacet
  facet normal 0 0 1
    outer loop
      vertex 51.7908 73.8913 26
      vertex 54.75 70 26
      vertex 51.9394 73.8409 26
    endloop
  endfacet
  facet normal 0 0 1
    outer loop
      vertex 54.75 70 26
      vertex 54.2108 67.6 26
      vertex 54.298 67.7305 26
    endloop
  endfacet
  facet normal 0 0 1
    outer loop
      vertex 54.75 70 26
      vertex 51.7908 73.8913 26
      vertex 54.2108 67.6 26
    endloop
  endfacet
  facet normal 0 0 1
    outer loop
      vertex 54.2108 67.6 26
      vertex 51.7908 73.8913 26
      vertex 54.1413 67.4592 26
    endloop
  endfacet
  facet normal 0 0 1
    outer loop
      vertex 51.65 73.9608 26
      vertex 54.1413 67.4592 26
      vertex 51.7908 73.8913 26
    endloop
  endfacet
  facet normal 0 0 1
    outer loop
      vertex 54.1413 67.4592 26
      vertex 51.65 73.9608 26
      vertex 54.0909 67.3106 26
    endloop
  endfacet
  facet normal 0 0 1
    outer loop
      vertex 50.8 63.9 26
      vertex 54.0909 67.3106 26
      vertex 51.65 73.9608 26
    endloop
  endfacet
  facet normal 0 0 1
    outer loop
      vertex 54.0909 67.3106 26
      vertex 50.8 63.9 26
      vertex 54.0603 67.1566 26
    endloop
  endfacet
  facet normal 0 0 1
    outer loop
      vertex 54.0603 67.1566 26
      vertex 50.8 63.9 26
      vertex 54.05 67 26
    endloop
  endfacet
  facet normal 0 0 1
    outer loop
      vertex 54.05 67 26
      vertex 50.8 63.9 26
      vertex 54.0603 66.8434 26
    endloop
  endfacet
  facet normal 0 0 1
    outer loop
      vertex 54.0603 66.8434 26
      vertex 50.8 63.9 26
      vertex 54.0909 66.6894 26
    endloop
  endfacet
  facet normal 0 0 1
    outer loop
      vertex 50.8 63.9 26
      vertex 51.65 73.9608 26
      vertex 51.5195 74.048 26
    endloop
  endfacet
  facet normal 0 0 1
    outer loop
      vertex 50.8 63.9 26
      vertex 51.5195 74.048 26
      vertex 51.4015 74.1515 26
    endloop
  endfacet
  facet normal 0 0 1
    outer loop
      vertex 50.8 63.9 26
      vertex 51.4015 74.1515 26
      vertex 51.298 74.2695 26
    endloop
  endfacet
  facet normal 0 0 1
    outer loop
      vertex 50.8 63.9 26
      vertex 51.298 74.2695 26
      vertex 51.2108 74.4 26
    endloop
  endfacet
  facet normal 0 0 1
    outer loop
      vertex 50.8 63.9 26
      vertex 51.2108 74.4 26
      vertex 51.1413 74.5408 26
    endloop
  endfacet
  facet normal 0 0 1
    outer loop
      vertex 50.8 63.9 26
      vertex 51.1413 74.5408 26
      vertex 51.0909 74.6894 26
    endloop
  endfacet
  facet normal 0 0 1
    outer loop
      vertex 54.75 64 26
      vertex 50.8 63.9 26
      vertex 54.75 63.9 26
    endloop
  endfacet
  facet normal 0 0 1
    outer loop
      vertex 51.0603 74.8434 26
      vertex 50.8 63.9 26
      vertex 51.0909 74.6894 26
    endloop
  endfacet
  facet normal 0 0 1
    outer loop
      vertex 50.8 63.9 26
      vertex 51.0603 74.8434 26
      vertex 51.05 75 26
    endloop
  endfacet
  facet normal -0 0 1
    outer loop
      vertex 50.8 54.1 26
      vertex 54.75 54 26
      vertex 54.75 54.1 26
    endloop
  endfacet
  facet normal 0 0 1
    outer loop
      vertex 54.75 54 26
      vertex 54.5195 51.952 26
      vertex 54.65 52.0392 26
    endloop
  endfacet
  facet normal 0 0 1
    outer loop
      vertex 54.75 54 26
      vertex 54.4015 51.8485 26
      vertex 54.5195 51.952 26
    endloop
  endfacet
  facet normal 0 0 1
    outer loop
      vertex 54.75 54 26
      vertex 50.8 54.1 26
      vertex 54.4015 51.8485 26
    endloop
  endfacet
  facet normal 0 0 1
    outer loop
      vertex 54.4015 51.8485 26
      vertex 50.8 54.1 26
      vertex 54.298 51.7305 26
    endloop
  endfacet
  facet normal 0 0 1
    outer loop
      vertex 54.298 51.7305 26
      vertex 50.8 54.1 26
      vertex 54.2108 51.6 26
    endloop
  endfacet
  facet normal 0 0 1
    outer loop
      vertex 54.2108 51.6 26
      vertex 50.8 54.1 26
      vertex 54.1413 51.4592 26
    endloop
  endfacet
  facet normal 0 0 1
    outer loop
      vertex 54.0603 51.1566 26
      vertex 50.8 54.1 26
      vertex 54.05 51 26
    endloop
  endfacet
  facet normal 0 0 1
    outer loop
      vertex 54.0909 51.3106 26
      vertex 50.8 54.1 26
      vertex 54.0603 51.1566 26
    endloop
  endfacet
  facet normal 0 0 1
    outer loop
      vertex 54.1413 51.4592 26
      vertex 50.8 54.1 26
      vertex 54.0909 51.3106 26
    endloop
  endfacet
  facet normal 0 0 1
    outer loop
      vertex 57.5 54 26
      vertex 56.45 51 26
      vertex 57.5 48 26
    endloop
  endfacet
  facet normal 0 0 1
    outer loop
      vertex 57.5 54 26
      vertex 56.4397 51.1566 26
      vertex 56.45 51 26
    endloop
  endfacet
  facet normal 0 0 1
    outer loop
      vertex 57.5 54 26
      vertex 56.4091 51.3106 26
      vertex 56.4397 51.1566 26
    endloop
  endfacet
  facet normal 0 0 1
    outer loop
      vertex 57.5 54 26
      vertex 56.3587 51.4592 26
      vertex 56.4091 51.3106 26
    endloop
  endfacet
  facet normal 0 0 1
    outer loop
      vertex 57.5 54 26
      vertex 56.2892 51.6 26
      vertex 56.3587 51.4592 26
    endloop
  endfacet
  facet normal 0 0 1
    outer loop
      vertex 57.5 54 26
      vertex 56.202 51.7305 26
      vertex 56.2892 51.6 26
    endloop
  endfacet
  facet normal 0 0 1
    outer loop
      vertex 57.5 54 26
      vertex 56.0985 51.8485 26
      vertex 56.202 51.7305 26
    endloop
  endfacet
  facet normal 0 0 1
    outer loop
      vertex 57.5 54 26
      vertex 55.9805 51.952 26
      vertex 56.0985 51.8485 26
    endloop
  endfacet
  facet normal 0 0 1
    outer loop
      vertex 57.5 54 26
      vertex 55.85 52.0392 26
      vertex 55.9805 51.952 26
    endloop
  endfacet
  facet normal 0 0 1
    outer loop
      vertex 57.5 54 26
      vertex 55.7092 52.1087 26
      vertex 55.85 52.0392 26
    endloop
  endfacet
  facet normal -0 0 1
    outer loop
      vertex 54.75 54 26
      vertex 55.7092 52.1087 26
      vertex 57.5 54 26
    endloop
  endfacet
  facet normal 0 0 1
    outer loop
      vertex 55.7092 52.1087 26
      vertex 54.75 54 26
      vertex 55.5606 52.1591 26
    endloop
  endfacet
  facet normal 0 0 1
    outer loop
      vertex 55.5606 52.1591 26
      vertex 54.75 54 26
      vertex 55.4066 52.1897 26
    endloop
  endfacet
  facet normal 0 0 1
    outer loop
      vertex 55.4066 52.1897 26
      vertex 54.75 54 26
      vertex 55.25 52.2 26
    endloop
  endfacet
  facet normal 0 0 1
    outer loop
      vertex 55.25 52.2 26
      vertex 54.75 54 26
      vertex 55.0934 52.1897 26
    endloop
  endfacet
  facet normal 0 0 1
    outer loop
      vertex 55.0934 52.1897 26
      vertex 54.75 54 26
      vertex 54.9394 52.1591 26
    endloop
  endfacet
  facet normal 0 0 1
    outer loop
      vertex 54.9394 52.1591 26
      vertex 54.75 54 26
      vertex 54.7908 52.1087 26
    endloop
  endfacet
  facet normal 0 0 1
    outer loop
      vertex 54.7908 52.1087 26
      vertex 54.75 54 26
      vertex 54.65 52.0392 26
    endloop
  endfacet
  facet normal -0 0 1
    outer loop
      vertex 56.4397 50.8434 26
      vertex 57.5 48 26
      vertex 56.45 51 26
    endloop
  endfacet
  facet normal -0 0 1
    outer loop
      vertex 56.4091 50.6894 26
      vertex 57.5 48 26
      vertex 56.4397 50.8434 26
    endloop
  endfacet
  facet normal -0 0 1
    outer loop
      vertex 56.3587 50.5408 26
      vertex 57.5 48 26
      vertex 56.4091 50.6894 26
    endloop
  endfacet
  facet normal -0 0 1
    outer loop
      vertex 56.2892 50.4 26
      vertex 57.5 48 26
      vertex 56.3587 50.5408 26
    endloop
  endfacet
  facet normal -0 0 1
    outer loop
      vertex 56.202 50.2695 26
      vertex 57.5 48 26
      vertex 56.2892 50.4 26
    endloop
  endfacet
  facet normal -0 0 1
    outer loop
      vertex 56.0985 50.1515 26
      vertex 57.5 48 26
      vertex 56.202 50.2695 26
    endloop
  endfacet
  facet normal -0 0 1
    outer loop
      vertex 55.9805 50.048 26
      vertex 57.5 48 26
      vertex 56.0985 50.1515 26
    endloop
  endfacet
  facet normal -0 0 1
    outer loop
      vertex 55.85 49.9608 26
      vertex 57.5 48 26
      vertex 55.9805 50.048 26
    endloop
  endfacet
  facet normal -0 0 1
    outer loop
      vertex 55.7092 49.8913 26
      vertex 57.5 48 26
      vertex 55.85 49.9608 26
    endloop
  endfacet
  facet normal 0 0 1
    outer loop
      vertex 54.75 48 26
      vertex 55.7092 49.8913 26
      vertex 55.5606 49.8409 26
    endloop
  endfacet
  facet normal 0 0 1
    outer loop
      vertex 54.75 48 26
      vertex 55.5606 49.8409 26
      vertex 55.4066 49.8103 26
    endloop
  endfacet
  facet normal 0 0 1
    outer loop
      vertex 54.75 48 26
      vertex 55.4066 49.8103 26
      vertex 55.25 49.8 26
    endloop
  endfacet
  facet normal 0 0 1
    outer loop
      vertex 54.75 48 26
      vertex 55.25 49.8 26
      vertex 55.0934 49.8103 26
    endloop
  endfacet
  facet normal 0 0 1
    outer loop
      vertex 54.75 48 26
      vertex 55.0934 49.8103 26
      vertex 54.9394 49.8409 26
    endloop
  endfacet
  facet normal 0 0 1
    outer loop
      vertex 54.75 48 26
      vertex 54.9394 49.8409 26
      vertex 54.7908 49.8913 26
    endloop
  endfacet
  facet normal 0 0 1
    outer loop
      vertex 55.7092 49.8913 26
      vertex 54.75 48 26
      vertex 57.5 48 26
    endloop
  endfacet
  facet normal 0 0 1
    outer loop
      vertex 54.65 49.9608 26
      vertex 54.75 48 26
      vertex 54.7908 49.8913 26
    endloop
  endfacet
  facet normal 0 0 1
    outer loop
      vertex 54.5195 50.048 26
      vertex 54.75 48 26
      vertex 54.65 49.9608 26
    endloop
  endfacet
  facet normal 0 0 1
    outer loop
      vertex 54.4015 50.1515 26
      vertex 54.75 48 26
      vertex 54.5195 50.048 26
    endloop
  endfacet
  facet normal 0 0 1
    outer loop
      vertex 54.298 50.2695 26
      vertex 54.75 48 26
      vertex 54.4015 50.1515 26
    endloop
  endfacet
  facet normal 0 0 1
    outer loop
      vertex 54.75 48 26
      vertex 54.298 50.2695 26
      vertex 49.45 46 26
    endloop
  endfacet
  facet normal 0 0 1
    outer loop
      vertex 49.45 46 26
      vertex 54.298 50.2695 26
      vertex 54.2108 50.4 26
    endloop
  endfacet
  facet normal 0 0 1
    outer loop
      vertex 49.45 46 26
      vertex 54.2108 50.4 26
      vertex 54.1413 50.5408 26
    endloop
  endfacet
  facet normal 0 0 1
    outer loop
      vertex 49.45 46 26
      vertex 54.1413 50.5408 26
      vertex 54.0909 50.6894 26
    endloop
  endfacet
  facet normal 0 0 1
    outer loop
      vertex 49.45 46 26
      vertex 54.0909 50.6894 26
      vertex 54.0603 50.8434 26
    endloop
  endfacet
  facet normal 0 0 1
    outer loop
      vertex 50.8 54.1 26
      vertex 54.0603 50.8434 26
      vertex 54.05 51 26
    endloop
  endfacet
  facet normal 0 0 1
    outer loop
      vertex 54.0603 50.8434 26
      vertex 50.8 54.1 26
      vertex 49.45 46 26
    endloop
  endfacet
  facet normal -0 0 1
    outer loop
      vertex 49.4397 65.8434 26
      vertex 50.8 63.9 26
      vertex 49.45 66 26
    endloop
  endfacet
  facet normal 0 0 1
    outer loop
      vertex 50.8 63.9 26
      vertex 49.45 57 26
      vertex 50.8 54.1 26
    endloop
  endfacet
  facet normal 0 0 1
    outer loop
      vertex 49.45 46 26
      vertex 50.8 54.1 26
      vertex 49.45 57 26
    endloop
  endfacet
  facet normal 0 0 1
    outer loop
      vertex 54.75 48 26
      vertex 49.45 46 26
      vertex 49.4397 45.8434 26
    endloop
  endfacet
  facet normal 0 0 1
    outer loop
      vertex 49.4091 45.6894 26
      vertex 54.75 48 26
      vertex 49.4397 45.8434 26
    endloop
  endfacet
  facet normal 0 0 1
    outer loop
      vertex 49.3587 45.5408 26
      vertex 54.75 48 26
      vertex 49.4091 45.6894 26
    endloop
  endfacet
  facet normal 0 0 1
    outer loop
      vertex 54.75 48 26
      vertex 49.3587 45.5408 26
      vertex 54.75 40 26
    endloop
  endfacet
  facet normal -0 0 1
    outer loop
      vertex 49.2892 45.4 26
      vertex 54.75 40 26
      vertex 49.3587 45.5408 26
    endloop
  endfacet
  facet normal -0 0 1
    outer loop
      vertex 49.202 45.2695 26
      vertex 54.75 40 26
      vertex 49.2892 45.4 26
    endloop
  endfacet
  facet normal -0 0 1
    outer loop
      vertex 49.0985 45.1515 26
      vertex 54.75 40 26
      vertex 49.202 45.2695 26
    endloop
  endfacet
  facet normal -0 0 1
    outer loop
      vertex 48.9805 45.048 26
      vertex 54.75 40 26
      vertex 49.0985 45.1515 26
    endloop
  endfacet
  facet normal -0 0 1
    outer loop
      vertex 48.85 44.9608 26
      vertex 54.75 40 26
      vertex 48.9805 45.048 26
    endloop
  endfacet
  facet normal -0 0 1
    outer loop
      vertex 48.7092 44.8913 26
      vertex 54.75 40 26
      vertex 48.85 44.9608 26
    endloop
  endfacet
  facet normal -0 0 1
    outer loop
      vertex 48.5606 44.8409 26
      vertex 54.75 40 26
      vertex 48.7092 44.8913 26
    endloop
  endfacet
  facet normal -0 0 1
    outer loop
      vertex 48.4066 44.8103 26
      vertex 54.75 40 26
      vertex 48.5606 44.8409 26
    endloop
  endfacet
  facet normal -0 0 1
    outer loop
      vertex 48.25 44.8 26
      vertex 54.75 40 26
      vertex 48.4066 44.8103 26
    endloop
  endfacet
  facet normal 0 0 1
    outer loop
      vertex 48.0934 44.8103 26
      vertex 54.75 40 26
      vertex 48.25 44.8 26
    endloop
  endfacet
  facet normal 0 0 1
    outer loop
      vertex 47.9394 44.8409 26
      vertex 54.75 40 26
      vertex 48.0934 44.8103 26
    endloop
  endfacet
  facet normal 0 0 1
    outer loop
      vertex 47.7908 44.8913 26
      vertex 54.75 40 26
      vertex 47.9394 44.8409 26
    endloop
  endfacet
  facet normal 0 0 1
    outer loop
      vertex 47.65 44.9608 26
      vertex 54.75 40 26
      vertex 47.7908 44.8913 26
    endloop
  endfacet
  facet normal 0 0 1
    outer loop
      vertex 1.85 44.9608 26
      vertex 47.65 44.9608 26
      vertex 47.5195 45.048 26
    endloop
  endfacet
  facet normal 0 0 1
    outer loop
      vertex 2.45 57 26
      vertex 47.05 57 26
      vertex 38.75 72 26
    endloop
  endfacet
  facet normal 0 0 1
    outer loop
      vertex 47.05 57 26
      vertex 2.45 57 26
      vertex 47.05 46 26
    endloop
  endfacet
  facet normal 0 0 1
    outer loop
      vertex 2.45 46 26
      vertex 47.05 46 26
      vertex 2.45 57 26
    endloop
  endfacet
  facet normal 0 0 1
    outer loop
      vertex 2.45 57 26
      vertex 38.75 72 26
      vertex 10.75 72 26
    endloop
  endfacet
  facet normal 0 0 1
    outer loop
      vertex 47.05 46 26
      vertex 2.45 46 26
      vertex 47.0603 45.8434 26
    endloop
  endfacet
  facet normal 0 0 1
    outer loop
      vertex 2.43973 45.8434 26
      vertex 47.0603 45.8434 26
      vertex 2.45 46 26
    endloop
  endfacet
  facet normal 0 0 1
    outer loop
      vertex 47.0603 45.8434 26
      vertex 2.43973 45.8434 26
      vertex 47.0909 45.6894 26
    endloop
  endfacet
  facet normal 0 0 1
    outer loop
      vertex 2.40911 45.6894 26
      vertex 47.0909 45.6894 26
      vertex 2.43973 45.8434 26
    endloop
  endfacet
  facet normal 0 0 1
    outer loop
      vertex 47.0909 45.6894 26
      vertex 2.40911 45.6894 26
      vertex 47.1413 45.5408 26
    endloop
  endfacet
  facet normal 0 0 1
    outer loop
      vertex 2.45 66 26
      vertex 10.75 72 26
      vertex 2.45 77 26
    endloop
  endfacet
  facet normal 0 0 1
    outer loop
      vertex 2.43973 65.8434 26
      vertex 10.75 72 26
      vertex 2.45 66 26
    endloop
  endfacet
  facet normal 0 0 1
    outer loop
      vertex 2.35865 45.5408 26
      vertex 47.1413 45.5408 26
      vertex 2.40911 45.6894 26
    endloop
  endfacet
  facet normal 0 0 1
    outer loop
      vertex 47.1413 45.5408 26
      vertex 2.35865 45.5408 26
      vertex 47.2108 45.4 26
    endloop
  endfacet
  facet normal 0 0 1
    outer loop
      vertex 2.28923 45.4 26
      vertex 47.2108 45.4 26
      vertex 2.35865 45.5408 26
    endloop
  endfacet
  facet normal 0 0 1
    outer loop
      vertex 47.2108 45.4 26
      vertex 2.28923 45.4 26
      vertex 47.298 45.2695 26
    endloop
  endfacet
  facet normal 0 0 1
    outer loop
      vertex 2.20202 45.2695 26
      vertex 47.298 45.2695 26
      vertex 2.28923 45.4 26
    endloop
  endfacet
  facet normal 0 0 1
    outer loop
      vertex 47.298 45.2695 26
      vertex 2.20202 45.2695 26
      vertex 47.4015 45.1515 26
    endloop
  endfacet
  facet normal 0 0 1
    outer loop
      vertex 2.09853 45.1515 26
      vertex 47.4015 45.1515 26
      vertex 2.20202 45.2695 26
    endloop
  endfacet
  facet normal 0 0 1
    outer loop
      vertex 47.4015 45.1515 26
      vertex 2.09853 45.1515 26
      vertex 47.5195 45.048 26
    endloop
  endfacet
  facet normal 0 0 1
    outer loop
      vertex 1.98051 45.048 26
      vertex 47.5195 45.048 26
      vertex 2.09853 45.1515 26
    endloop
  endfacet
  facet normal 0 0 1
    outer loop
      vertex 1.85 44.9608 26
      vertex 47.5195 45.048 26
      vertex 1.98051 45.048 26
    endloop
  endfacet
  facet normal 0 0 1
    outer loop
      vertex 47.65 44.9608 26
      vertex 1.85 44.9608 26
      vertex 54.75 40 26
    endloop
  endfacet
  facet normal 0 0 1
    outer loop
      vertex -5.25 40 26
      vertex 1.85 44.9608 26
      vertex 1.70922 44.8913 26
    endloop
  endfacet
  facet normal 0 0 1
    outer loop
      vertex -5.25 40 26
      vertex 1.70922 44.8913 26
      vertex 1.56058 44.8409 26
    endloop
  endfacet
  facet normal 0 0 1
    outer loop
      vertex -5.25 40 26
      vertex 1.56058 44.8409 26
      vertex 1.40663 44.8103 26
    endloop
  endfacet
  facet normal 0 0 1
    outer loop
      vertex -5.25 40 26
      vertex 1.40663 44.8103 26
      vertex 1.25 44.8 26
    endloop
  endfacet
  facet normal 0 0 1
    outer loop
      vertex -5.25 40 26
      vertex 1.25 44.8 26
      vertex 1.09337 44.8103 26
    endloop
  endfacet
  facet normal 0 0 1
    outer loop
      vertex -1.56027 74.8434 26
      vertex 0.0499992 77 26
      vertex -1.55 75 26
    endloop
  endfacet
  facet normal 0 0 1
    outer loop
      vertex -1.59089 74.6894 26
      vertex 0.0499992 77 26
      vertex -1.56027 74.8434 26
    endloop
  endfacet
  facet normal 0 0 1
    outer loop
      vertex -1.64134 74.5408 26
      vertex 0.0499992 77 26
      vertex -1.59089 74.6894 26
    endloop
  endfacet
  facet normal 0 0 1
    outer loop
      vertex 0.0499992 66 26
      vertex -1.64134 74.5408 26
      vertex -1.71077 74.4 26
    endloop
  endfacet
  facet normal -0 0 1
    outer loop
      vertex -1.90147 74.1515 26
      vertex 0.0499992 66 26
      vertex -1.79798 74.2695 26
    endloop
  endfacet
  facet normal -0 0 1
    outer loop
      vertex -2.01949 74.048 26
      vertex 0.0499992 66 26
      vertex -1.90147 74.1515 26
    endloop
  endfacet
  facet normal -0 0 1
    outer loop
      vertex -2.15 73.9608 26
      vertex 0.0499992 66 26
      vertex -2.01949 74.048 26
    endloop
  endfacet
  facet normal -0 0 1
    outer loop
      vertex -2.29078 73.8913 26
      vertex 0.0499992 66 26
      vertex -2.15 73.9608 26
    endloop
  endfacet
  facet normal -0 0 1
    outer loop
      vertex -2.43942 73.8409 26
      vertex 0.0499992 66 26
      vertex -2.29078 73.8913 26
    endloop
  endfacet
  facet normal -0 0 1
    outer loop
      vertex -2.59337 73.8103 26
      vertex 0.0499992 66 26
      vertex -2.43942 73.8409 26
    endloop
  endfacet
  facet normal -0 0 1
    outer loop
      vertex -2.75 73.8 26
      vertex 0.0499992 66 26
      vertex -2.59337 73.8103 26
    endloop
  endfacet
  facet normal 0 0 1
    outer loop
      vertex -2.90663 73.8103 26
      vertex 0.0499992 66 26
      vertex -2.75 73.8 26
    endloop
  endfacet
  facet normal 0 0 1
    outer loop
      vertex -3.06058 73.8409 26
      vertex 0.0499992 66 26
      vertex -2.90663 73.8103 26
    endloop
  endfacet
  facet normal 0 0 1
    outer loop
      vertex -3.20922 73.8913 26
      vertex 0.0499992 66 26
      vertex -3.06058 73.8409 26
    endloop
  endfacet
  facet normal 0 0 1
    outer loop
      vertex -3.35 73.9608 26
      vertex 0.0499992 66 26
      vertex -3.20922 73.8913 26
    endloop
  endfacet
  facet normal 0 0 1
    outer loop
      vertex -3.48051 74.048 26
      vertex 0.0499992 66 26
      vertex -3.35 73.9608 26
    endloop
  endfacet
  facet normal 0 0 1
    outer loop
      vertex -3.59853 74.1515 26
      vertex 0.0499992 66 26
      vertex -3.48051 74.048 26
    endloop
  endfacet
  facet normal 0 0 1
    outer loop
      vertex 0.0602655 65.8434 26
      vertex -3.59853 74.1515 26
      vertex -3.70202 74.2695 26
    endloop
  endfacet
  facet normal 0 0 1
    outer loop
      vertex -3.78923 74.4 26
      vertex 0.0602655 57.1566 26
      vertex -3.70202 74.2695 26
    endloop
  endfacet
  facet normal 0 0 1
    outer loop
      vertex 0.0499992 57 26
      vertex -5.25 40 26
      vertex 0.0499992 46 26
    endloop
  endfacet
  facet normal 0 0 1
    outer loop
      vertex 0.0602655 57.1566 26
      vertex -3.78923 74.4 26
      vertex 0.0499992 57 26
    endloop
  endfacet
  facet normal 0 0 1
    outer loop
      vertex 0.0499992 57 26
      vertex -3.78923 74.4 26
      vertex -5.25 40 26
    endloop
  endfacet
  facet normal 0 0 1
    outer loop
      vertex -5.25 40 26
      vertex -3.78923 74.4 26
      vertex -3.85865 74.5408 26
    endloop
  endfacet
  facet normal 0 0 1
    outer loop
      vertex -5.25 40 26
      vertex -3.85865 74.5408 26
      vertex -3.90911 74.6894 26
    endloop
  endfacet
  facet normal 0 0 1
    outer loop
      vertex -5.25 40 26
      vertex -3.90911 74.6894 26
      vertex -3.93973 74.8434 26
    endloop
  endfacet
  facet normal 0 0 1
    outer loop
      vertex -5.25 88 26
      vertex -3.93973 74.8434 26
      vertex -3.95 75 26
    endloop
  endfacet
  facet normal 0 0 1
    outer loop
      vertex 1.85 44.9608 26
      vertex -5.25 40 26
      vertex 54.75 40 26
    endloop
  endfacet
  facet normal 0 0 1
    outer loop
      vertex 0.939417 44.8409 26
      vertex -5.25 40 26
      vertex 1.09337 44.8103 26
    endloop
  endfacet
  facet normal 0 0 1
    outer loop
      vertex 0.790779 44.8913 26
      vertex -5.25 40 26
      vertex 0.939417 44.8409 26
    endloop
  endfacet
  facet normal 0 0 1
    outer loop
      vertex 0.65 44.9608 26
      vertex -5.25 40 26
      vertex 0.790779 44.8913 26
    endloop
  endfacet
  facet normal 0 0 1
    outer loop
      vertex 0.519485 45.048 26
      vertex -5.25 40 26
      vertex 0.65 44.9608 26
    endloop
  endfacet
  facet normal 0 0 1
    outer loop
      vertex 0.401471 45.1515 26
      vertex -5.25 40 26
      vertex 0.519485 45.048 26
    endloop
  endfacet
  facet normal 0 0 1
    outer loop
      vertex 0.297976 45.2695 26
      vertex -5.25 40 26
      vertex 0.401471 45.1515 26
    endloop
  endfacet
  facet normal 0 0 1
    outer loop
      vertex 0.210769 45.4 26
      vertex -5.25 40 26
      vertex 0.297976 45.2695 26
    endloop
  endfacet
  facet normal 0 0 1
    outer loop
      vertex 0.141344 45.5408 26
      vertex -5.25 40 26
      vertex 0.210769 45.4 26
    endloop
  endfacet
  facet normal 0 0 1
    outer loop
      vertex 0.090889 45.6894 26
      vertex -5.25 40 26
      vertex 0.141344 45.5408 26
    endloop
  endfacet
  facet normal 0 0 1
    outer loop
      vertex 0.0602655 45.8434 26
      vertex -5.25 40 26
      vertex 0.090889 45.6894 26
    endloop
  endfacet
  facet normal 0 0 1
    outer loop
      vertex 0.0499992 46 26
      vertex -5.25 40 26
      vertex 0.0602655 45.8434 26
    endloop
  endfacet
  facet normal 0 0 1
    outer loop
      vertex -5.25 40 26
      vertex -3.93973 74.8434 26
      vertex -5.25 88 26
    endloop
  endfacet
  facet normal 1 -0 0
    outer loop
      vertex 10.25 45 24
      vertex 10.25 51 20.25
      vertex 10.25 51 24
    endloop
  endfacet
  facet normal 1 0 0
    outer loop
      vertex 10.25 51 20.25
      vertex 10.25 45 24
      vertex 10.25 45 20.25
    endloop
  endfacet
  facet normal 0 0 -1
    outer loop
      vertex 4.25 45 20.25
      vertex 10.25 51 20.25
      vertex 10.25 45 20.25
    endloop
  endfacet
  facet normal -0 0 -1
    outer loop
      vertex 10.25 51 20.25
      vertex 4.25 45 20.25
      vertex 4.25 51 20.25
    endloop
  endfacet
  facet normal 0 -1 0
    outer loop
      vertex 4.25 45 20.25
      vertex 10.25 45 24
      vertex 4.25 45 24
    endloop
  endfacet
  facet normal 0 -1 -0
    outer loop
      vertex 10.25 45 24
      vertex 4.25 45 20.25
      vertex 10.25 45 20.25
    endloop
  endfacet
  facet normal 0 1 -0
    outer loop
      vertex 10.25 51 20.25
      vertex 4.25 51 24
      vertex 10.25 51 24
    endloop
  endfacet
  facet normal 0 1 0
    outer loop
      vertex 4.25 51 24
      vertex 10.25 51 20.25
      vertex 4.25 51 20.25
    endloop
  endfacet
  facet normal -1 0 0
    outer loop
      vertex 4.25 70 20.25
      vertex 4.25 76 24
      vertex 4.25 76 20.25
    endloop
  endfacet
  facet normal -1 -0 0
    outer loop
      vertex 4.25 76 24
      vertex 4.25 70 20.25
      vertex 4.25 70 24
    endloop
  endfacet
  facet normal 1 -0 0
    outer loop
      vertex 10.25 70 24
      vertex 10.25 76 20.25
      vertex 10.25 76 24
    endloop
  endfacet
  facet normal 1 0 0
    outer loop
      vertex 10.25 76 20.25
      vertex 10.25 70 24
      vertex 10.25 70 20.25
    endloop
  endfacet
  facet normal 0 0 -1
    outer loop
      vertex 4.25 70 20.25
      vertex 10.25 76 20.25
      vertex 10.25 70 20.25
    endloop
  endfacet
  facet normal -0 0 -1
    outer loop
      vertex 10.25 76 20.25
      vertex 4.25 70 20.25
      vertex 4.25 76 20.25
    endloop
  endfacet
  facet normal 0 -1 0
    outer loop
      vertex 4.25 70 20.25
      vertex 10.25 70 24
      vertex 4.25 70 24
    endloop
  endfacet
  facet normal 0 -1 -0
    outer loop
      vertex 10.25 70 24
      vertex 4.25 70 20.25
      vertex 10.25 70 20.25
    endloop
  endfacet
  facet normal 0 1 -0
    outer loop
      vertex 10.25 76 20.25
      vertex 4.25 76 24
      vertex 10.25 76 24
    endloop
  endfacet
  facet normal 0 1 0
    outer loop
      vertex 4.25 76 24
      vertex 10.25 76 20.25
      vertex 4.25 76 20.25
    endloop
  endfacet
  facet normal -1 0 0
    outer loop
      vertex 39.25 45 20.25
      vertex 39.25 51 24
      vertex 39.25 51 20.25
    endloop
  endfacet
  facet normal -1 -0 0
    outer loop
      vertex 39.25 51 24
      vertex 39.25 45 20.25
      vertex 39.25 45 24
    endloop
  endfacet
  facet normal 1 -0 0
    outer loop
      vertex 45.25 45 24
      vertex 45.25 51 20.25
      vertex 45.25 51 24
    endloop
  endfacet
  facet normal 1 0 0
    outer loop
      vertex 45.25 51 20.25
      vertex 45.25 45 24
      vertex 45.25 45 20.25
    endloop
  endfacet
  facet normal 0 1 -0
    outer loop
      vertex 45.25 51 20.25
      vertex 39.25 51 24
      vertex 45.25 51 24
    endloop
  endfacet
  facet normal 0 1 0
    outer loop
      vertex 39.25 51 24
      vertex 45.25 51 20.25
      vertex 39.25 51 20.25
    endloop
  endfacet
  facet normal 0 0 -1
    outer loop
      vertex 39.25 45 20.25
      vertex 45.25 51 20.25
      vertex 45.25 45 20.25
    endloop
  endfacet
  facet normal -0 0 -1
    outer loop
      vertex 45.25 51 20.25
      vertex 39.25 45 20.25
      vertex 39.25 51 20.25
    endloop
  endfacet
  facet normal 0 -1 0
    outer loop
      vertex 39.25 45 20.25
      vertex 45.25 45 24
      vertex 39.25 45 24
    endloop
  endfacet
  facet normal 0 -1 -0
    outer loop
      vertex 45.25 45 24
      vertex 39.25 45 20.25
      vertex 45.25 45 20.25
    endloop
  endfacet
  facet normal -1 0 0
    outer loop
      vertex 39.25 70 20.25
      vertex 39.25 76 24
      vertex 39.25 76 20.25
    endloop
  endfacet
  facet normal -1 -0 0
    outer loop
      vertex 39.25 76 24
      vertex 39.25 70 20.25
      vertex 39.25 70 24
    endloop
  endfacet
  facet normal 1 -0 0
    outer loop
      vertex 45.25 70 24
      vertex 45.25 76 20.25
      vertex 45.25 76 24
    endloop
  endfacet
  facet normal 1 0 0
    outer loop
      vertex 45.25 76 20.25
      vertex 45.25 70 24
      vertex 45.25 70 20.25
    endloop
  endfacet
  facet normal 0 1 -0
    outer loop
      vertex 45.25 76 20.25
      vertex 39.25 76 24
      vertex 45.25 76 24
    endloop
  endfacet
  facet normal 0 1 0
    outer loop
      vertex 39.25 76 24
      vertex 45.25 76 20.25
      vertex 39.25 76 20.25
    endloop
  endfacet
  facet normal 0 0 -1
    outer loop
      vertex 39.25 70 20.25
      vertex 45.25 76 20.25
      vertex 45.25 70 20.25
    endloop
  endfacet
  facet normal -0 0 -1
    outer loop
      vertex 45.25 76 20.25
      vertex 39.25 70 20.25
      vertex 39.25 76 20.25
    endloop
  endfacet
  facet normal 0 -1 0
    outer loop
      vertex 39.25 70 20.25
      vertex 45.25 70 24
      vertex 39.25 70 24
    endloop
  endfacet
  facet normal 0 -1 -0
    outer loop
      vertex 45.25 70 24
      vertex 39.25 70 20.25
      vertex 45.25 70 20.25
    endloop
  endfacet
  facet normal -1 0 0
    outer loop
      vertex -5.25 40 24
      vertex -5.25 88 26
      vertex -5.25 88 24
    endloop
  endfacet
  facet normal -1 -0 0
    outer loop
      vertex -5.25 88 26
      vertex -5.25 40 24
      vertex -5.25 40 26
    endloop
  endfacet
  facet normal 1 -0 0
    outer loop
      vertex 54.75 40 26
      vertex 54.75 48 24
      vertex 54.75 48 26
    endloop
  endfacet
  facet normal 1 0 0
    outer loop
      vertex 54.75 48 24
      vertex 54.75 40 26
      vertex 54.75 40 24
    endloop
  endfacet
  facet normal 1 -0 0
    outer loop
      vertex 54.75 70 26
      vertex 54.75 88 24
      vertex 54.75 88 26
    endloop
  endfacet
  facet normal 1 0 0
    outer loop
      vertex 54.75 88 24
      vertex 54.75 70 26
      vertex 54.75 70 24
    endloop
  endfacet
  facet normal 1 -0 0
    outer loop
      vertex 54.75 54 26
      vertex 54.75 54.1 24
      vertex 54.75 54.1 26
    endloop
  endfacet
  facet normal 1 0 0
    outer loop
      vertex 54.75 54.1 24
      vertex 54.75 54 26
      vertex 54.75 54 24
    endloop
  endfacet
  facet normal 1 -0 0
    outer loop
      vertex 54.75 63.9 26
      vertex 54.75 64 24
      vertex 54.75 64 26
    endloop
  endfacet
  facet normal 1 0 0
    outer loop
      vertex 54.75 64 24
      vertex 54.75 63.9 26
      vertex 54.75 63.9 24
    endloop
  endfacet
  facet normal 0 0 -1
    outer loop
      vertex 10.25 51 24
      vertex 2.40911 57.3106 24
      vertex 10.25 70 24
    endloop
  endfacet
  facet normal 0 0 -1
    outer loop
      vertex 10.25 70 24
      vertex 2.43973 65.8434 24
      vertex 2.45 66 24
    endloop
  endfacet
  facet normal 0 0 -1
    outer loop
      vertex 2.35865 57.4592 24
      vertex 10.25 70 24
      vertex 2.40911 57.3106 24
    endloop
  endfacet
  facet normal 0 0 -1
    outer loop
      vertex 10.25 70 24
      vertex 2.40911 65.6894 24
      vertex 2.43973 65.8434 24
    endloop
  endfacet
  facet normal 0 0 -1
    outer loop
      vertex 2.28923 57.6 24
      vertex 10.25 70 24
      vertex 2.35865 57.4592 24
    endloop
  endfacet
  facet normal 0 0 -1
    outer loop
      vertex 10.25 70 24
      vertex 2.35865 65.5408 24
      vertex 2.40911 65.6894 24
    endloop
  endfacet
  facet normal 0 0 -1
    outer loop
      vertex 2.28923 65.4 24
      vertex 10.25 70 24
      vertex 2.28923 57.6 24
    endloop
  endfacet
  facet normal 0 0 -1
    outer loop
      vertex 10.25 70 24
      vertex 2.28923 65.4 24
      vertex 2.35865 65.5408 24
    endloop
  endfacet
  facet normal 0 0 -1
    outer loop
      vertex 2.20202 57.7305 24
      vertex 2.28923 65.4 24
      vertex 2.28923 57.6 24
    endloop
  endfacet
  facet normal 0 0 -1
    outer loop
      vertex 2.20202 57.7305 24
      vertex 2.20202 65.2695 24
      vertex 2.28923 65.4 24
    endloop
  endfacet
  facet normal 0 0 -1
    outer loop
      vertex 2.09853 57.8485 24
      vertex 2.20202 65.2695 24
      vertex 2.20202 57.7305 24
    endloop
  endfacet
  facet normal 0 0 -1
    outer loop
      vertex 2.09853 57.8485 24
      vertex 2.09853 65.1515 24
      vertex 2.20202 65.2695 24
    endloop
  endfacet
  facet normal 0 0 -1
    outer loop
      vertex 1.98051 57.952 24
      vertex 2.09853 65.1515 24
      vertex 2.09853 57.8485 24
    endloop
  endfacet
  facet normal 0 0 -1
    outer loop
      vertex 1.98051 57.952 24
      vertex 1.98051 65.048 24
      vertex 2.09853 65.1515 24
    endloop
  endfacet
  facet normal 0 0 -1
    outer loop
      vertex 1.85 58.0392 24
      vertex 1.98051 65.048 24
      vertex 1.98051 57.952 24
    endloop
  endfacet
  facet normal 0 0 -1
    outer loop
      vertex 1.85 58.0392 24
      vertex 1.85 64.9608 24
      vertex 1.98051 65.048 24
    endloop
  endfacet
  facet normal 0 0 -1
    outer loop
      vertex 1.70922 58.1087 24
      vertex 1.85 64.9608 24
      vertex 1.85 58.0392 24
    endloop
  endfacet
  facet normal 0 0 -1
    outer loop
      vertex 1.70922 58.1087 24
      vertex 1.70922 64.8913 24
      vertex 1.85 64.9608 24
    endloop
  endfacet
  facet normal 0 0 -1
    outer loop
      vertex 1.56058 58.1591 24
      vertex 1.70922 64.8913 24
      vertex 1.70922 58.1087 24
    endloop
  endfacet
  facet normal 0 0 -1
    outer loop
      vertex 1.56058 58.1591 24
      vertex 1.56058 64.8409 24
      vertex 1.70922 64.8913 24
    endloop
  endfacet
  facet normal 0 0 -1
    outer loop
      vertex 1.40663 58.1897 24
      vertex 1.56058 64.8409 24
      vertex 1.56058 58.1591 24
    endloop
  endfacet
  facet normal 0 0 -1
    outer loop
      vertex 1.40663 58.1897 24
      vertex 1.40663 64.8103 24
      vertex 1.56058 64.8409 24
    endloop
  endfacet
  facet normal 0 0 -1
    outer loop
      vertex 1.25 58.2 24
      vertex 1.40663 64.8103 24
      vertex 1.40663 58.1897 24
    endloop
  endfacet
  facet normal 0 0 -1
    outer loop
      vertex 1.25 58.2 24
      vertex 1.25 64.8 24
      vertex 1.40663 64.8103 24
    endloop
  endfacet
  facet normal 0 0 -1
    outer loop
      vertex 1.09337 58.1897 24
      vertex 1.25 64.8 24
      vertex 1.25 58.2 24
    endloop
  endfacet
  facet normal 0 0 -1
    outer loop
      vertex 1.09337 58.1897 24
      vertex 1.09337 64.8103 24
      vertex 1.25 64.8 24
    endloop
  endfacet
  facet normal 0 0 -1
    outer loop
      vertex 0.939417 58.1591 24
      vertex 1.09337 64.8103 24
      vertex 1.09337 58.1897 24
    endloop
  endfacet
  facet normal 0 0 -1
    outer loop
      vertex 0.939417 58.1591 24
      vertex 0.939417 64.8409 24
      vertex 1.09337 64.8103 24
    endloop
  endfacet
  facet normal 0 0 -1
    outer loop
      vertex 0.790779 58.1087 24
      vertex 0.939417 64.8409 24
      vertex 0.939417 58.1591 24
    endloop
  endfacet
  facet normal 0 0 -1
    outer loop
      vertex 0.790779 58.1087 24
      vertex 0.790779 64.8913 24
      vertex 0.939417 64.8409 24
    endloop
  endfacet
  facet normal 0 0 -1
    outer loop
      vertex 0.65 58.0392 24
      vertex 0.790779 64.8913 24
      vertex 0.790779 58.1087 24
    endloop
  endfacet
  facet normal 0 0 -1
    outer loop
      vertex 0.65 58.0392 24
      vertex 0.65 64.9608 24
      vertex 0.790779 64.8913 24
    endloop
  endfacet
  facet normal 0 0 -1
    outer loop
      vertex 0.519485 57.952 24
      vertex 0.65 64.9608 24
      vertex 0.65 58.0392 24
    endloop
  endfacet
  facet normal 0 0 -1
    outer loop
      vertex 0.519485 57.952 24
      vertex 0.519485 65.048 24
      vertex 0.65 64.9608 24
    endloop
  endfacet
  facet normal 0 0 -1
    outer loop
      vertex 0.401471 57.8485 24
      vertex 0.519485 65.048 24
      vertex 0.519485 57.952 24
    endloop
  endfacet
  facet normal 0 0 -1
    outer loop
      vertex 0.401471 57.8485 24
      vertex 0.401471 65.1515 24
      vertex 0.519485 65.048 24
    endloop
  endfacet
  facet normal 0 0 -1
    outer loop
      vertex 0.297976 57.7305 24
      vertex 0.401471 65.1515 24
      vertex 0.401471 57.8485 24
    endloop
  endfacet
  facet normal 0 0 -1
    outer loop
      vertex 0.297976 57.7305 24
      vertex 0.297976 65.2695 24
      vertex 0.401471 65.1515 24
    endloop
  endfacet
  facet normal 0 0 -1
    outer loop
      vertex 0.210769 57.6 24
      vertex 0.297976 65.2695 24
      vertex 0.297976 57.7305 24
    endloop
  endfacet
  facet normal 0 0 -1
    outer loop
      vertex 0.210769 57.6 24
      vertex 0.210769 65.4 24
      vertex 0.297976 65.2695 24
    endloop
  endfacet
  facet normal 0 0 -1
    outer loop
      vertex 0.141344 57.4592 24
      vertex 0.210769 65.4 24
      vertex 0.210769 57.6 24
    endloop
  endfacet
  facet normal 0 0 -1
    outer loop
      vertex 0.141344 57.4592 24
      vertex 0.141344 65.5408 24
      vertex 0.210769 65.4 24
    endloop
  endfacet
  facet normal 0 0 -1
    outer loop
      vertex 0.090889 57.3106 24
      vertex 0.141344 65.5408 24
      vertex 0.141344 57.4592 24
    endloop
  endfacet
  facet normal 0 0 -1
    outer loop
      vertex 0.090889 57.3106 24
      vertex 0.090889 65.6894 24
      vertex 0.141344 65.5408 24
    endloop
  endfacet
  facet normal 0 0 -1
    outer loop
      vertex 0.0602655 57.1566 24
      vertex 0.090889 65.6894 24
      vertex 0.090889 57.3106 24
    endloop
  endfacet
  facet normal 0 0 -1
    outer loop
      vertex 0.0602655 57.1566 24
      vertex 0.0602655 65.8434 24
      vertex 0.090889 65.6894 24
    endloop
  endfacet
  facet normal 0 0 -1
    outer loop
      vertex -3.78923 74.4 24
      vertex 0.0602655 57.1566 24
      vertex 0.0499992 57 24
    endloop
  endfacet
  facet normal 0 0 -1
    outer loop
      vertex 0.0602655 57.1566 24
      vertex -3.70202 74.2695 24
      vertex 0.0602655 65.8434 24
    endloop
  endfacet
  facet normal 0 0 -1
    outer loop
      vertex 2.45 57 24
      vertex 10.25 51 24
      vertex 4.25 51 24
    endloop
  endfacet
  facet normal 0 0 -1
    outer loop
      vertex 2.43973 57.1566 24
      vertex 10.25 51 24
      vertex 2.45 57 24
    endloop
  endfacet
  facet normal 0 0 -1
    outer loop
      vertex 47.1413 65.5408 24
      vertex 39.25 70 24
      vertex 47.0909 65.6894 24
    endloop
  endfacet
  facet normal 0 0 -1
    outer loop
      vertex 47.0909 65.6894 24
      vertex 39.25 70 24
      vertex 45.25 70 24
    endloop
  endfacet
  facet normal 0 0 -1
    outer loop
      vertex 50.8 54.1 24
      vertex 49.4091 57.3106 24
      vertex 50.8 63.9 24
    endloop
  endfacet
  facet normal 0 0 -1
    outer loop
      vertex 50.8 63.9 24
      vertex 49.4397 65.8434 24
      vertex 49.45 66 24
    endloop
  endfacet
  facet normal 0 0 -1
    outer loop
      vertex 49.3587 57.4592 24
      vertex 50.8 63.9 24
      vertex 49.4091 57.3106 24
    endloop
  endfacet
  facet normal 0 0 -1
    outer loop
      vertex 50.8 63.9 24
      vertex 49.4091 65.6894 24
      vertex 49.4397 65.8434 24
    endloop
  endfacet
  facet normal 0 0 -1
    outer loop
      vertex 49.2892 57.6 24
      vertex 50.8 63.9 24
      vertex 49.3587 57.4592 24
    endloop
  endfacet
  facet normal 0 0 -1
    outer loop
      vertex 50.8 63.9 24
      vertex 49.3587 65.5408 24
      vertex 49.4091 65.6894 24
    endloop
  endfacet
  facet normal 0 0 -1
    outer loop
      vertex 49.202 57.7305 24
      vertex 50.8 63.9 24
      vertex 49.2892 57.6 24
    endloop
  endfacet
  facet normal 0 0 -1
    outer loop
      vertex 50.8 63.9 24
      vertex 49.2892 65.4 24
      vertex 49.3587 65.5408 24
    endloop
  endfacet
  facet normal 0 0 -1
    outer loop
      vertex 49.0985 57.8485 24
      vertex 50.8 63.9 24
      vertex 49.202 57.7305 24
    endloop
  endfacet
  facet normal 0 0 -1
    outer loop
      vertex 50.8 63.9 24
      vertex 49.202 65.2695 24
      vertex 49.2892 65.4 24
    endloop
  endfacet
  facet normal 0 0 -1
    outer loop
      vertex 48.9805 57.952 24
      vertex 50.8 63.9 24
      vertex 49.0985 57.8485 24
    endloop
  endfacet
  facet normal 0 0 -1
    outer loop
      vertex 50.8 63.9 24
      vertex 49.0985 65.1515 24
      vertex 49.202 65.2695 24
    endloop
  endfacet
  facet normal 0 0 -1
    outer loop
      vertex 48.85 58.0392 24
      vertex 50.8 63.9 24
      vertex 48.9805 57.952 24
    endloop
  endfacet
  facet normal 0 0 -1
    outer loop
      vertex 50.8 63.9 24
      vertex 48.9805 65.048 24
      vertex 49.0985 65.1515 24
    endloop
  endfacet
  facet normal 0 0 -1
    outer loop
      vertex 48.7092 58.1087 24
      vertex 50.8 63.9 24
      vertex 48.85 58.0392 24
    endloop
  endfacet
  facet normal 0 0 -1
    outer loop
      vertex 50.8 63.9 24
      vertex 48.85 64.9608 24
      vertex 48.9805 65.048 24
    endloop
  endfacet
  facet normal 0 0 -1
    outer loop
      vertex 48.5606 58.1591 24
      vertex 50.8 63.9 24
      vertex 48.7092 58.1087 24
    endloop
  endfacet
  facet normal 0 0 -1
    outer loop
      vertex 50.8 63.9 24
      vertex 48.7092 64.8913 24
      vertex 48.85 64.9608 24
    endloop
  endfacet
  facet normal 0 0 -1
    outer loop
      vertex 48.4066 58.1897 24
      vertex 50.8 63.9 24
      vertex 48.5606 58.1591 24
    endloop
  endfacet
  facet normal 0 0 -1
    outer loop
      vertex 50.8 63.9 24
      vertex 48.5606 64.8409 24
      vertex 48.7092 64.8913 24
    endloop
  endfacet
  facet normal 0 0 -1
    outer loop
      vertex 48.4066 64.8103 24
      vertex 50.8 63.9 24
      vertex 48.4066 58.1897 24
    endloop
  endfacet
  facet normal 0 0 -1
    outer loop
      vertex 50.8 63.9 24
      vertex 48.4066 64.8103 24
      vertex 48.5606 64.8409 24
    endloop
  endfacet
  facet normal 0 0 -1
    outer loop
      vertex 48.25 58.2 24
      vertex 48.4066 64.8103 24
      vertex 48.4066 58.1897 24
    endloop
  endfacet
  facet normal 0 0 -1
    outer loop
      vertex 48.25 58.2 24
      vertex 48.25 64.8 24
      vertex 48.4066 64.8103 24
    endloop
  endfacet
  facet normal 0 0 -1
    outer loop
      vertex 48.0934 58.1897 24
      vertex 48.25 64.8 24
      vertex 48.25 58.2 24
    endloop
  endfacet
  facet normal 0 0 -1
    outer loop
      vertex 48.0934 58.1897 24
      vertex 48.0934 64.8103 24
      vertex 48.25 64.8 24
    endloop
  endfacet
  facet normal 0 0 -1
    outer loop
      vertex 47.9394 58.1591 24
      vertex 48.0934 64.8103 24
      vertex 48.0934 58.1897 24
    endloop
  endfacet
  facet normal 0 0 -1
    outer loop
      vertex 47.9394 58.1591 24
      vertex 47.9394 64.8409 24
      vertex 48.0934 64.8103 24
    endloop
  endfacet
  facet normal 0 0 -1
    outer loop
      vertex 47.7908 58.1087 24
      vertex 47.9394 64.8409 24
      vertex 47.9394 58.1591 24
    endloop
  endfacet
  facet normal 0 0 -1
    outer loop
      vertex 47.7908 58.1087 24
      vertex 47.7908 64.8913 24
      vertex 47.9394 64.8409 24
    endloop
  endfacet
  facet normal 0 0 -1
    outer loop
      vertex 47.65 58.0392 24
      vertex 47.7908 64.8913 24
      vertex 47.7908 58.1087 24
    endloop
  endfacet
  facet normal 0 0 -1
    outer loop
      vertex 47.65 58.0392 24
      vertex 47.65 64.9608 24
      vertex 47.7908 64.8913 24
    endloop
  endfacet
  facet normal 0 0 -1
    outer loop
      vertex 47.5195 57.952 24
      vertex 47.65 64.9608 24
      vertex 47.65 58.0392 24
    endloop
  endfacet
  facet normal 0 0 -1
    outer loop
      vertex 47.5195 57.952 24
      vertex 47.5195 65.048 24
      vertex 47.65 64.9608 24
    endloop
  endfacet
  facet normal 0 0 -1
    outer loop
      vertex 47.4015 57.8485 24
      vertex 47.5195 65.048 24
      vertex 47.5195 57.952 24
    endloop
  endfacet
  facet normal 0 0 -1
    outer loop
      vertex 47.4015 57.8485 24
      vertex 47.4015 65.1515 24
      vertex 47.5195 65.048 24
    endloop
  endfacet
  facet normal 0 0 -1
    outer loop
      vertex 47.298 57.7305 24
      vertex 47.4015 65.1515 24
      vertex 47.4015 57.8485 24
    endloop
  endfacet
  facet normal 0 0 -1
    outer loop
      vertex 47.298 57.7305 24
      vertex 47.298 65.2695 24
      vertex 47.4015 65.1515 24
    endloop
  endfacet
  facet normal 0 0 -1
    outer loop
      vertex 47.2108 57.6 24
      vertex 47.298 65.2695 24
      vertex 47.298 57.7305 24
    endloop
  endfacet
  facet normal 0 0 -1
    outer loop
      vertex 47.2108 57.6 24
      vertex 47.2108 65.4 24
      vertex 47.298 65.2695 24
    endloop
  endfacet
  facet normal 0 0 -1
    outer loop
      vertex 39.25 70 24
      vertex 47.2108 57.6 24
      vertex 47.1413 57.4592 24
    endloop
  endfacet
  facet normal 0 0 -1
    outer loop
      vertex 47.2108 57.6 24
      vertex 39.25 70 24
      vertex 47.2108 65.4 24
    endloop
  endfacet
  facet normal 0 0 -1
    outer loop
      vertex 39.25 51 24
      vertex 47.1413 57.4592 24
      vertex 47.0909 57.3106 24
    endloop
  endfacet
  facet normal 0 0 -1
    outer loop
      vertex 39.25 70 24
      vertex 47.1413 57.4592 24
      vertex 39.25 51 24
    endloop
  endfacet
  facet normal 0 0 -1
    outer loop
      vertex 39.25 51 24
      vertex 47.0909 57.3106 24
      vertex 47.0603 57.1566 24
    endloop
  endfacet
  facet normal 0 0 -1
    outer loop
      vertex 47.2108 65.4 24
      vertex 39.25 70 24
      vertex 47.1413 65.5408 24
    endloop
  endfacet
  facet normal 0 0 -1
    outer loop
      vertex 39.25 51 24
      vertex 47.05 57 24
      vertex 45.25 51 24
    endloop
  endfacet
  facet normal 0 0 -1
    outer loop
      vertex 47.0909 65.6894 24
      vertex 45.25 70 24
      vertex 47.0603 65.8434 24
    endloop
  endfacet
  facet normal 0 0 -1
    outer loop
      vertex 49.3587 45.5408 24
      vertex 54.75 48 24
      vertex 54.75 40 24
    endloop
  endfacet
  facet normal 0 -0 -1
    outer loop
      vertex 49.4397 45.8434 24
      vertex 54.75 48 24
      vertex 49.4091 45.6894 24
    endloop
  endfacet
  facet normal 0 -0 -1
    outer loop
      vertex 49.45 46 24
      vertex 54.75 48 24
      vertex 49.4397 45.8434 24
    endloop
  endfacet
  facet normal 0 0 -1
    outer loop
      vertex 54.75 48 24
      vertex 54.389 48.9213 24
      vertex 54.6677 48.8267 24
    endloop
  endfacet
  facet normal 0 -0 -1
    outer loop
      vertex 53.8803 49.215 24
      vertex 54.75 48 24
      vertex 49.45 46 24
    endloop
  endfacet
  facet normal 0 0 -1
    outer loop
      vertex 54.75 48 24
      vertex 54.125 49.0514 24
      vertex 54.389 48.9213 24
    endloop
  endfacet
  facet normal -0 0 -1
    outer loop
      vertex 53.8803 49.215 24
      vertex 49.45 46 24
      vertex 53.659 49.409 24
    endloop
  endfacet
  facet normal -0 0 -1
    outer loop
      vertex 53.659 49.409 24
      vertex 49.45 46 24
      vertex 53.465 49.6303 24
    endloop
  endfacet
  facet normal -0 0 -1
    outer loop
      vertex 53.465 49.6303 24
      vertex 49.45 46 24
      vertex 53.3014 49.875 24
    endloop
  endfacet
  facet normal -0 0 -1
    outer loop
      vertex 53.3014 49.875 24
      vertex 49.45 46 24
      vertex 53.1713 50.139 24
    endloop
  endfacet
  facet normal 0 0 -1
    outer loop
      vertex 53.0192 50.7063 24
      vertex 50.8 54.1 24
      vertex 53 51 24
    endloop
  endfacet
  facet normal -0 0 -1
    outer loop
      vertex 53.0767 50.4177 24
      vertex 49.45 46 24
      vertex 53.0192 50.7063 24
    endloop
  endfacet
  facet normal 0 0 -1
    outer loop
      vertex 49.45 57 24
      vertex 50.8 54.1 24
      vertex 49.45 46 24
    endloop
  endfacet
  facet normal -0 0 -1
    outer loop
      vertex 53.0192 50.7063 24
      vertex 49.45 46 24
      vertex 50.8 54.1 24
    endloop
  endfacet
  facet normal -0 0 -1
    outer loop
      vertex 53.1713 50.139 24
      vertex 49.45 46 24
      vertex 53.0767 50.4177 24
    endloop
  endfacet
  facet normal 0 0 -1
    outer loop
      vertex 54.75 48 24
      vertex 53.8803 49.215 24
      vertex 54.125 49.0514 24
    endloop
  endfacet
  facet normal 0 0 -1
    outer loop
      vertex 54.75 48 24
      vertex 49.3587 45.5408 24
      vertex 49.4091 45.6894 24
    endloop
  endfacet
  facet normal 0 0 -1
    outer loop
      vertex 54.75 40 24
      vertex 49.2892 45.4 24
      vertex 49.3587 45.5408 24
    endloop
  endfacet
  facet normal 0 0 -1
    outer loop
      vertex 54.75 40 24
      vertex 49.202 45.2695 24
      vertex 49.2892 45.4 24
    endloop
  endfacet
  facet normal 0 0 -1
    outer loop
      vertex 54.75 40 24
      vertex 49.0985 45.1515 24
      vertex 49.202 45.2695 24
    endloop
  endfacet
  facet normal 0 0 -1
    outer loop
      vertex 54.75 40 24
      vertex 48.9805 45.048 24
      vertex 49.0985 45.1515 24
    endloop
  endfacet
  facet normal 0 0 -1
    outer loop
      vertex 54.75 40 24
      vertex 48.85 44.9608 24
      vertex 48.9805 45.048 24
    endloop
  endfacet
  facet normal 0 0 -1
    outer loop
      vertex 54.75 40 24
      vertex 48.7092 44.8913 24
      vertex 48.85 44.9608 24
    endloop
  endfacet
  facet normal 0 0 -1
    outer loop
      vertex 54.75 40 24
      vertex 48.5606 44.8409 24
      vertex 48.7092 44.8913 24
    endloop
  endfacet
  facet normal 0 0 -1
    outer loop
      vertex 54.75 40 24
      vertex 48.4066 44.8103 24
      vertex 48.5606 44.8409 24
    endloop
  endfacet
  facet normal 0 0 -1
    outer loop
      vertex 54.75 40 24
      vertex 48.25 44.8 24
      vertex 48.4066 44.8103 24
    endloop
  endfacet
  facet normal 0 0 -1
    outer loop
      vertex 54.75 40 24
      vertex 48.0934 44.8103 24
      vertex 48.25 44.8 24
    endloop
  endfacet
  facet normal 0 0 -1
    outer loop
      vertex 54.75 40 24
      vertex 47.9394 44.8409 24
      vertex 48.0934 44.8103 24
    endloop
  endfacet
  facet normal 0 0 -1
    outer loop
      vertex 45.25 45 24
      vertex 47.9394 44.8409 24
      vertex 54.75 40 24
    endloop
  endfacet
  facet normal 0 0 -1
    outer loop
      vertex 47.9394 44.8409 24
      vertex 45.25 45 24
      vertex 47.7908 44.8913 24
    endloop
  endfacet
  facet normal 0 0 -1
    outer loop
      vertex 47.7908 44.8913 24
      vertex 45.25 45 24
      vertex 47.65 44.9608 24
    endloop
  endfacet
  facet normal 0 0 -1
    outer loop
      vertex 45.25 51 24
      vertex 47.05 57 24
      vertex 47.05 46 24
    endloop
  endfacet
  facet normal -0 0 -1
    outer loop
      vertex 47.05 57 24
      vertex 39.25 51 24
      vertex 47.0603 57.1566 24
    endloop
  endfacet
  facet normal 0 0 -1
    outer loop
      vertex 45.25 51 24
      vertex 47.05 46 24
      vertex 45.25 45 24
    endloop
  endfacet
  facet normal -0 0 -1
    outer loop
      vertex 47.0603 45.8434 24
      vertex 45.25 45 24
      vertex 47.05 46 24
    endloop
  endfacet
  facet normal -0 0 -1
    outer loop
      vertex 47.0909 45.6894 24
      vertex 45.25 45 24
      vertex 47.0603 45.8434 24
    endloop
  endfacet
  facet normal -0 0 -1
    outer loop
      vertex 47.1413 45.5408 24
      vertex 45.25 45 24
      vertex 47.0909 45.6894 24
    endloop
  endfacet
  facet normal -0 0 -1
    outer loop
      vertex 47.2108 45.4 24
      vertex 45.25 45 24
      vertex 47.1413 45.5408 24
    endloop
  endfacet
  facet normal -0 0 -1
    outer loop
      vertex 47.298 45.2695 24
      vertex 45.25 45 24
      vertex 47.2108 45.4 24
    endloop
  endfacet
  facet normal -0 0 -1
    outer loop
      vertex 47.4015 45.1515 24
      vertex 45.25 45 24
      vertex 47.298 45.2695 24
    endloop
  endfacet
  facet normal -0 0 -1
    outer loop
      vertex 47.5195 45.048 24
      vertex 45.25 45 24
      vertex 47.4015 45.1515 24
    endloop
  endfacet
  facet normal 0 0 -1
    outer loop
      vertex 47.65 44.9608 24
      vertex 45.25 45 24
      vertex 47.5195 45.048 24
    endloop
  endfacet
  facet normal 0 0 -1
    outer loop
      vertex 54.75 40 24
      vertex 39.25 45 24
      vertex 45.25 45 24
    endloop
  endfacet
  facet normal 0 0 -1
    outer loop
      vertex 10.25 51 24
      vertex 39.25 51 24
      vertex 39.25 45 24
    endloop
  endfacet
  facet normal 0 0 -1
    outer loop
      vertex 39.25 51 24
      vertex 10.25 51 24
      vertex 39.25 70 24
    endloop
  endfacet
  facet normal 0 0 -1
    outer loop
      vertex 39.25 70 24
      vertex 38.75 72 24
      vertex 39.25 76 24
    endloop
  endfacet
  facet normal 0 0 -1
    outer loop
      vertex 10.25 70 24
      vertex 39.25 70 24
      vertex 10.25 51 24
    endloop
  endfacet
  facet normal 0 0 -1
    outer loop
      vertex 39.25 70 24
      vertex 10.25 70 24
      vertex 38.75 72 24
    endloop
  endfacet
  facet normal 0 0 -1
    outer loop
      vertex 10.25 51 24
      vertex 39.25 45 24
      vertex 10.25 45 24
    endloop
  endfacet
  facet normal 0 0 -1
    outer loop
      vertex 54.75 40 24
      vertex 10.25 45 24
      vertex 39.25 45 24
    endloop
  endfacet
  facet normal 0 0 -1
    outer loop
      vertex -5.25 40 24
      vertex 10.25 45 24
      vertex 54.75 40 24
    endloop
  endfacet
  facet normal 0 0 -1
    outer loop
      vertex 2.45 46 24
      vertex 4.25 51 24
      vertex 4.25 45 24
    endloop
  endfacet
  facet normal 0 0 -1
    outer loop
      vertex 2.40911 57.3106 24
      vertex 10.25 51 24
      vertex 2.43973 57.1566 24
    endloop
  endfacet
  facet normal -0 0 -1
    outer loop
      vertex 4.25 51 24
      vertex 2.45 46 24
      vertex 2.45 57 24
    endloop
  endfacet
  facet normal 0 0 -1
    outer loop
      vertex 4.25 45 24
      vertex 2.43973 45.8434 24
      vertex 2.45 46 24
    endloop
  endfacet
  facet normal 0 0 -1
    outer loop
      vertex 4.25 45 24
      vertex 2.40911 45.6894 24
      vertex 2.43973 45.8434 24
    endloop
  endfacet
  facet normal 0 0 -1
    outer loop
      vertex 4.25 45 24
      vertex 2.35865 45.5408 24
      vertex 2.40911 45.6894 24
    endloop
  endfacet
  facet normal 0 0 -1
    outer loop
      vertex 4.25 45 24
      vertex 2.28923 45.4 24
      vertex 2.35865 45.5408 24
    endloop
  endfacet
  facet normal 0 0 -1
    outer loop
      vertex 4.25 45 24
      vertex 2.20202 45.2695 24
      vertex 2.28923 45.4 24
    endloop
  endfacet
  facet normal 0 0 -1
    outer loop
      vertex 4.25 45 24
      vertex 2.09853 45.1515 24
      vertex 2.20202 45.2695 24
    endloop
  endfacet
  facet normal -0 0 -1
    outer loop
      vertex 10.25 45 24
      vertex -5.25 40 24
      vertex 4.25 45 24
    endloop
  endfacet
  facet normal 0 0 -1
    outer loop
      vertex 4.25 45 24
      vertex 1.98051 45.048 24
      vertex 2.09853 45.1515 24
    endloop
  endfacet
  facet normal -0 0 -1
    outer loop
      vertex 4.25 45 24
      vertex 1.85 44.9608 24
      vertex 1.98051 45.048 24
    endloop
  endfacet
  facet normal 0 -0 -1
    outer loop
      vertex 1.56058 44.8409 24
      vertex 4.25 45 24
      vertex -5.25 40 24
    endloop
  endfacet
  facet normal 0 0 -1
    outer loop
      vertex 4.25 45 24
      vertex 1.70922 44.8913 24
      vertex 1.85 44.9608 24
    endloop
  endfacet
  facet normal 0 0 -1
    outer loop
      vertex 4.25 45 24
      vertex 1.56058 44.8409 24
      vertex 1.70922 44.8913 24
    endloop
  endfacet
  facet normal 0 0 -1
    outer loop
      vertex 1.56058 44.8409 24
      vertex -5.25 40 24
      vertex 1.40663 44.8103 24
    endloop
  endfacet
  facet normal 0 0 -1
    outer loop
      vertex 1.40663 44.8103 24
      vertex -5.25 40 24
      vertex 1.25 44.8 24
    endloop
  endfacet
  facet normal 0 0 -1
    outer loop
      vertex -5.25 40 24
      vertex 0.0499992 57 24
      vertex 0.0499992 46 24
    endloop
  endfacet
  facet normal 0 -0 -1
    outer loop
      vertex -3.78923 74.4 24
      vertex 0.0499992 57 24
      vertex -5.25 40 24
    endloop
  endfacet
  facet normal 0 -0 -1
    outer loop
      vertex -1.64134 74.5408 24
      vertex 0.0499992 66 24
      vertex -1.71077 74.4 24
    endloop
  endfacet
  facet normal 0 0 -1
    outer loop
      vertex 0.0499992 77 24
      vertex -1.56027 74.8434 24
      vertex -1.55 75 24
    endloop
  endfacet
  facet normal 0 0 -1
    outer loop
      vertex 0.0499992 77 24
      vertex -1.59089 74.6894 24
      vertex -1.56027 74.8434 24
    endloop
  endfacet
  facet normal 0 0 -1
    outer loop
      vertex 0.0499992 77 24
      vertex -1.64134 74.5408 24
      vertex -1.59089 74.6894 24
    endloop
  endfacet
  facet normal 0 0 -1
    outer loop
      vertex 0.0499992 66 24
      vertex -1.64134 74.5408 24
      vertex 0.0499992 77 24
    endloop
  endfacet
  facet normal 0 0 -1
    outer loop
      vertex 0.0499992 66 24
      vertex -1.79798 74.2695 24
      vertex -1.71077 74.4 24
    endloop
  endfacet
  facet normal 0 0 -1
    outer loop
      vertex 0.0499992 66 24
      vertex -1.90147 74.1515 24
      vertex -1.79798 74.2695 24
    endloop
  endfacet
  facet normal 0 0 -1
    outer loop
      vertex -5.25 40 24
      vertex 0.0499992 46 24
      vertex 0.0602655 45.8434 24
    endloop
  endfacet
  facet normal 0 0 -1
    outer loop
      vertex 0.0499992 66 24
      vertex -2.01949 74.048 24
      vertex -1.90147 74.1515 24
    endloop
  endfacet
  facet normal 0 0 -1
    outer loop
      vertex 0.0499992 66 24
      vertex -2.15 73.9608 24
      vertex -2.01949 74.048 24
    endloop
  endfacet
  facet normal 0 0 -1
    outer loop
      vertex 0.0499992 66 24
      vertex -2.29078 73.8913 24
      vertex -2.15 73.9608 24
    endloop
  endfacet
  facet normal 0 0 -1
    outer loop
      vertex 0.0499992 66 24
      vertex -2.43942 73.8409 24
      vertex -2.29078 73.8913 24
    endloop
  endfacet
  facet normal 0 0 -1
    outer loop
      vertex 0.0499992 66 24
      vertex -2.59337 73.8103 24
      vertex -2.43942 73.8409 24
    endloop
  endfacet
  facet normal 0 0 -1
    outer loop
      vertex 0.0499992 66 24
      vertex -2.75 73.8 24
      vertex -2.59337 73.8103 24
    endloop
  endfacet
  facet normal 0 0 -1
    outer loop
      vertex 0.0499992 66 24
      vertex -2.90663 73.8103 24
      vertex -2.75 73.8 24
    endloop
  endfacet
  facet normal 0 0 -1
    outer loop
      vertex 0.0499992 66 24
      vertex -3.06058 73.8409 24
      vertex -2.90663 73.8103 24
    endloop
  endfacet
  facet normal 0 0 -1
    outer loop
      vertex 0.0499992 66 24
      vertex -3.20922 73.8913 24
      vertex -3.06058 73.8409 24
    endloop
  endfacet
  facet normal 0 0 -1
    outer loop
      vertex 0.0499992 66 24
      vertex -3.35 73.9608 24
      vertex -3.20922 73.8913 24
    endloop
  endfacet
  facet normal 0 0 -1
    outer loop
      vertex 0.0499992 66 24
      vertex -3.48051 74.048 24
      vertex -3.35 73.9608 24
    endloop
  endfacet
  facet normal 0 0 -1
    outer loop
      vertex 0.0499992 66 24
      vertex -3.59853 74.1515 24
      vertex -3.48051 74.048 24
    endloop
  endfacet
  facet normal -0 -0 -1
    outer loop
      vertex -3.59853 74.1515 24
      vertex 0.0602655 65.8434 24
      vertex -3.70202 74.2695 24
    endloop
  endfacet
  facet normal 0 0 -1
    outer loop
      vertex 0.0602655 65.8434 24
      vertex -3.59853 74.1515 24
      vertex 0.0499992 66 24
    endloop
  endfacet
  facet normal 0 0 -1
    outer loop
      vertex 0.0602655 57.1566 24
      vertex -3.78923 74.4 24
      vertex -3.70202 74.2695 24
    endloop
  endfacet
  facet normal -0 0 -1
    outer loop
      vertex -3.78923 74.4 24
      vertex -5.25 40 24
      vertex -3.85865 74.5408 24
    endloop
  endfacet
  facet normal -0 0 -1
    outer loop
      vertex -3.85865 74.5408 24
      vertex -5.25 40 24
      vertex -3.90911 74.6894 24
    endloop
  endfacet
  facet normal 0 0 -1
    outer loop
      vertex -5.25 88 24
      vertex -3.95 75 24
      vertex -5.25 40 24
    endloop
  endfacet
  facet normal -0 0 -1
    outer loop
      vertex -3.93973 74.8434 24
      vertex -5.25 40 24
      vertex -3.95 75 24
    endloop
  endfacet
  facet normal -0 0 -1
    outer loop
      vertex -3.90911 74.6894 24
      vertex -5.25 40 24
      vertex -3.93973 74.8434 24
    endloop
  endfacet
  facet normal -0 0 -1
    outer loop
      vertex 0.090889 45.6894 24
      vertex -5.25 40 24
      vertex 0.0602655 45.8434 24
    endloop
  endfacet
  facet normal -0 0 -1
    outer loop
      vertex 0.141344 45.5408 24
      vertex -5.25 40 24
      vertex 0.090889 45.6894 24
    endloop
  endfacet
  facet normal -0 0 -1
    outer loop
      vertex 0.210769 45.4 24
      vertex -5.25 40 24
      vertex 0.141344 45.5408 24
    endloop
  endfacet
  facet normal -0 0 -1
    outer loop
      vertex 0.297976 45.2695 24
      vertex -5.25 40 24
      vertex 0.210769 45.4 24
    endloop
  endfacet
  facet normal -0 0 -1
    outer loop
      vertex 0.401471 45.1515 24
      vertex -5.25 40 24
      vertex 0.297976 45.2695 24
    endloop
  endfacet
  facet normal -0 0 -1
    outer loop
      vertex 0.519485 45.048 24
      vertex -5.25 40 24
      vertex 0.401471 45.1515 24
    endloop
  endfacet
  facet normal -0 0 -1
    outer loop
      vertex 0.65 44.9608 24
      vertex -5.25 40 24
      vertex 0.519485 45.048 24
    endloop
  endfacet
  facet normal -0 0 -1
    outer loop
      vertex 0.790779 44.8913 24
      vertex -5.25 40 24
      vertex 0.65 44.9608 24
    endloop
  endfacet
  facet normal -0 0 -1
    outer loop
      vertex 0.939417 44.8409 24
      vertex -5.25 40 24
      vertex 0.790779 44.8913 24
    endloop
  endfacet
  facet normal -0 0 -1
    outer loop
      vertex 1.09337 44.8103 24
      vertex -5.25 40 24
      vertex 0.939417 44.8409 24
    endloop
  endfacet
  facet normal -0 0 -1
    outer loop
      vertex 1.25 44.8 24
      vertex -5.25 40 24
      vertex 1.09337 44.8103 24
    endloop
  endfacet
  facet normal 0 0 -1
    outer loop
      vertex 57.5 48 24
      vertex 57.4808 50.7063 24
      vertex 57.5 51 24
    endloop
  endfacet
  facet normal 0 0 -1
    outer loop
      vertex 57.5 48 24
      vertex 57.4233 50.4177 24
      vertex 57.4808 50.7063 24
    endloop
  endfacet
  facet normal 0 0 -1
    outer loop
      vertex 57.5 48 24
      vertex 57.3287 50.139 24
      vertex 57.4233 50.4177 24
    endloop
  endfacet
  facet normal 0 0 -1
    outer loop
      vertex 57.5 48 24
      vertex 57.1986 49.875 24
      vertex 57.3287 50.139 24
    endloop
  endfacet
  facet normal 0 0 -1
    outer loop
      vertex 57.5 48 24
      vertex 57.035 49.6303 24
      vertex 57.1986 49.875 24
    endloop
  endfacet
  facet normal 0 0 -1
    outer loop
      vertex 57.5 48 24
      vertex 56.841 49.409 24
      vertex 57.035 49.6303 24
    endloop
  endfacet
  facet normal 0 0 -1
    outer loop
      vertex 57.5 48 24
      vertex 56.6197 49.215 24
      vertex 56.841 49.409 24
    endloop
  endfacet
  facet normal 0 0 -1
    outer loop
      vertex 57.5 48 24
      vertex 56.375 49.0514 24
      vertex 56.6197 49.215 24
    endloop
  endfacet
  facet normal 0 0 -1
    outer loop
      vertex 57.5 48 24
      vertex 56.111 48.9213 24
      vertex 56.375 49.0514 24
    endloop
  endfacet
  facet normal 0 0 -1
    outer loop
      vertex 57.5 48 24
      vertex 55.8323 48.8267 24
      vertex 56.111 48.9213 24
    endloop
  endfacet
  facet normal 0 0 -1
    outer loop
      vertex 54.75 48 24
      vertex 55.8323 48.8267 24
      vertex 57.5 48 24
    endloop
  endfacet
  facet normal 0 0 -1
    outer loop
      vertex 55.8323 48.8267 24
      vertex 54.75 48 24
      vertex 55.5437 48.7692 24
    endloop
  endfacet
  facet normal 0 0 -1
    outer loop
      vertex 55.5437 48.7692 24
      vertex 54.75 48 24
      vertex 55.25 48.75 24
    endloop
  endfacet
  facet normal -0 0 -1
    outer loop
      vertex 55.25 48.75 24
      vertex 54.75 48 24
      vertex 54.9563 48.7692 24
    endloop
  endfacet
  facet normal -0 0 -1
    outer loop
      vertex 54.9563 48.7692 24
      vertex 54.75 48 24
      vertex 54.6677 48.8267 24
    endloop
  endfacet
  facet normal 0 0 -1
    outer loop
      vertex 57.4808 51.2937 24
      vertex 57.5 54 24
      vertex 57.5 51 24
    endloop
  endfacet
  facet normal 0 0 -1
    outer loop
      vertex 57.4233 51.5823 24
      vertex 57.5 54 24
      vertex 57.4808 51.2937 24
    endloop
  endfacet
  facet normal 0 0 -1
    outer loop
      vertex 57.3287 51.861 24
      vertex 57.5 54 24
      vertex 57.4233 51.5823 24
    endloop
  endfacet
  facet normal 0 0 -1
    outer loop
      vertex 57.1986 52.125 24
      vertex 57.5 54 24
      vertex 57.3287 51.861 24
    endloop
  endfacet
  facet normal 0 0 -1
    outer loop
      vertex 57.035 52.3697 24
      vertex 57.5 54 24
      vertex 57.1986 52.125 24
    endloop
  endfacet
  facet normal 0 0 -1
    outer loop
      vertex 56.841 52.591 24
      vertex 57.5 54 24
      vertex 57.035 52.3697 24
    endloop
  endfacet
  facet normal 0 0 -1
    outer loop
      vertex 56.6197 52.785 24
      vertex 57.5 54 24
      vertex 56.841 52.591 24
    endloop
  endfacet
  facet normal 0 0 -1
    outer loop
      vertex 56.375 52.9486 24
      vertex 57.5 54 24
      vertex 56.6197 52.785 24
    endloop
  endfacet
  facet normal 0 0 -1
    outer loop
      vertex 56.111 53.0787 24
      vertex 57.5 54 24
      vertex 56.375 52.9486 24
    endloop
  endfacet
  facet normal 0 0 -1
    outer loop
      vertex 55.8323 53.1733 24
      vertex 57.5 54 24
      vertex 56.111 53.0787 24
    endloop
  endfacet
  facet normal 0 0 -1
    outer loop
      vertex 54.75 54 24
      vertex 55.8323 53.1733 24
      vertex 55.5437 53.2308 24
    endloop
  endfacet
  facet normal 0 0 -1
    outer loop
      vertex 54.75 54 24
      vertex 55.5437 53.2308 24
      vertex 55.25 53.25 24
    endloop
  endfacet
  facet normal 0 0 -1
    outer loop
      vertex 54.75 54 24
      vertex 55.25 53.25 24
      vertex 54.9563 53.2308 24
    endloop
  endfacet
  facet normal 0 0 -1
    outer loop
      vertex 55.8323 53.1733 24
      vertex 54.75 54 24
      vertex 57.5 54 24
    endloop
  endfacet
  facet normal 0 0 -1
    outer loop
      vertex 54.6677 53.1733 24
      vertex 54.75 54 24
      vertex 54.9563 53.2308 24
    endloop
  endfacet
  facet normal 0 0 -1
    outer loop
      vertex 54.389 53.0787 24
      vertex 54.75 54 24
      vertex 54.6677 53.1733 24
    endloop
  endfacet
  facet normal 0 0 -1
    outer loop
      vertex 54.125 52.9486 24
      vertex 54.75 54 24
      vertex 54.389 53.0787 24
    endloop
  endfacet
  facet normal -0 0 -1
    outer loop
      vertex 54.75 54 24
      vertex 54.125 52.9486 24
      vertex 54.75 54.1 24
    endloop
  endfacet
  facet normal 0 0 -1
    outer loop
      vertex 53.8803 52.785 24
      vertex 54.75 54.1 24
      vertex 54.125 52.9486 24
    endloop
  endfacet
  facet normal 0 0 -1
    outer loop
      vertex 50.8 54.1 24
      vertex 53.8803 52.785 24
      vertex 53.659 52.591 24
    endloop
  endfacet
  facet normal 0 0 -1
    outer loop
      vertex 50.8 54.1 24
      vertex 53.659 52.591 24
      vertex 53.465 52.3697 24
    endloop
  endfacet
  facet normal 0 0 -1
    outer loop
      vertex 53.8803 52.785 24
      vertex 50.8 54.1 24
      vertex 54.75 54.1 24
    endloop
  endfacet
  facet normal 0 0 -1
    outer loop
      vertex 53.3014 52.125 24
      vertex 50.8 54.1 24
      vertex 53.465 52.3697 24
    endloop
  endfacet
  facet normal 0 0 -1
    outer loop
      vertex 53.1713 51.861 24
      vertex 50.8 54.1 24
      vertex 53.3014 52.125 24
    endloop
  endfacet
  facet normal 0 0 -1
    outer loop
      vertex 53.0767 51.5823 24
      vertex 50.8 54.1 24
      vertex 53.1713 51.861 24
    endloop
  endfacet
  facet normal 0 0 -1
    outer loop
      vertex 53.0192 51.2937 24
      vertex 50.8 54.1 24
      vertex 53.0767 51.5823 24
    endloop
  endfacet
  facet normal 0 0 -1
    outer loop
      vertex 50.8 54.1 24
      vertex 53.0192 51.2937 24
      vertex 53 51 24
    endloop
  endfacet
  facet normal -0 0 -1
    outer loop
      vertex 38.75 72 24
      vertex 10.25 70 24
      vertex 10.75 72 24
    endloop
  endfacet
  facet normal 0 0 -1
    outer loop
      vertex 10.25 76 24
      vertex 10.75 72 24
      vertex 10.25 70 24
    endloop
  endfacet
  facet normal 0 0 -1
    outer loop
      vertex 10.75 72 24
      vertex 10.25 76 24
      vertex 10.75 88 24
    endloop
  endfacet
  facet normal 0 0 -1
    outer loop
      vertex 2.20202 77.7305 24
      vertex 10.25 76 24
      vertex 4.25 76 24
    endloop
  endfacet
  facet normal -0 0 -1
    outer loop
      vertex 10.25 70 24
      vertex 2.45 66 24
      vertex 4.25 70 24
    endloop
  endfacet
  facet normal 0 0 -1
    outer loop
      vertex 2.45 77 24
      vertex 4.25 70 24
      vertex 2.45 66 24
    endloop
  endfacet
  facet normal 0 0 -1
    outer loop
      vertex 4.25 70 24
      vertex 2.45 77 24
      vertex 4.25 76 24
    endloop
  endfacet
  facet normal 0 0 -1
    outer loop
      vertex 2.43973 77.1566 24
      vertex 4.25 76 24
      vertex 2.45 77 24
    endloop
  endfacet
  facet normal 0 0 -1
    outer loop
      vertex 2.40911 77.3106 24
      vertex 4.25 76 24
      vertex 2.43973 77.1566 24
    endloop
  endfacet
  facet normal 0 0 -1
    outer loop
      vertex 2.35865 77.4592 24
      vertex 4.25 76 24
      vertex 2.40911 77.3106 24
    endloop
  endfacet
  facet normal 0 0 -1
    outer loop
      vertex 2.28923 77.6 24
      vertex 4.25 76 24
      vertex 2.35865 77.4592 24
    endloop
  endfacet
  facet normal 0 0 -1
    outer loop
      vertex 2.20202 77.7305 24
      vertex 4.25 76 24
      vertex 2.28923 77.6 24
    endloop
  endfacet
  facet normal 0 0 -1
    outer loop
      vertex 10.25 76 24
      vertex 2.20202 77.7305 24
      vertex 10.75 88 24
    endloop
  endfacet
  facet normal 0 0 -1
    outer loop
      vertex 2.09853 77.8485 24
      vertex 10.75 88 24
      vertex 2.20202 77.7305 24
    endloop
  endfacet
  facet normal 0 0 -1
    outer loop
      vertex 1.98051 77.952 24
      vertex 10.75 88 24
      vertex 2.09853 77.8485 24
    endloop
  endfacet
  facet normal 0 0 -1
    outer loop
      vertex 1.85 78.0392 24
      vertex 10.75 88 24
      vertex 1.98051 77.952 24
    endloop
  endfacet
  facet normal 0 0 -1
    outer loop
      vertex -1.55 86 24
      vertex 1.85 78.0392 24
      vertex 1.70922 78.1087 24
    endloop
  endfacet
  facet normal 0 0 -1
    outer loop
      vertex -1.55 86 24
      vertex 1.70922 78.1087 24
      vertex 1.56058 78.1591 24
    endloop
  endfacet
  facet normal 0 0 -1
    outer loop
      vertex -1.55 86 24
      vertex 1.56058 78.1591 24
      vertex 1.40663 78.1897 24
    endloop
  endfacet
  facet normal 0 0 -1
    outer loop
      vertex -1.55 86 24
      vertex 1.40663 78.1897 24
      vertex 1.25 78.2 24
    endloop
  endfacet
  facet normal 0 0 -1
    outer loop
      vertex -1.55 86 24
      vertex 1.25 78.2 24
      vertex 1.09337 78.1897 24
    endloop
  endfacet
  facet normal 0 0 -1
    outer loop
      vertex -1.55 86 24
      vertex 1.09337 78.1897 24
      vertex 0.939417 78.1591 24
    endloop
  endfacet
  facet normal 0 0 -1
    outer loop
      vertex -1.55 86 24
      vertex 0.939417 78.1591 24
      vertex 0.790779 78.1087 24
    endloop
  endfacet
  facet normal 0 0 -1
    outer loop
      vertex -1.55 86 24
      vertex 0.790779 78.1087 24
      vertex 0.65 78.0392 24
    endloop
  endfacet
  facet normal 0 0 -1
    outer loop
      vertex -1.55 86 24
      vertex 0.65 78.0392 24
      vertex 0.519485 77.952 24
    endloop
  endfacet
  facet normal 0 0 -1
    outer loop
      vertex -1.55 86 24
      vertex 0.519485 77.952 24
      vertex 0.401471 77.8485 24
    endloop
  endfacet
  facet normal 0 0 -1
    outer loop
      vertex -1.55 75 24
      vertex 0.0602655 77.1566 24
      vertex 0.0499992 77 24
    endloop
  endfacet
  facet normal 0 0 -1
    outer loop
      vertex -1.55 75 24
      vertex 0.090889 77.3106 24
      vertex 0.0602655 77.1566 24
    endloop
  endfacet
  facet normal 0 0 -1
    outer loop
      vertex -1.55 75 24
      vertex 0.141344 77.4592 24
      vertex 0.090889 77.3106 24
    endloop
  endfacet
  facet normal 0 0 -1
    outer loop
      vertex -1.55 86 24
      vertex 0.141344 77.4592 24
      vertex -1.55 75 24
    endloop
  endfacet
  facet normal 0 0 -1
    outer loop
      vertex 0.141344 77.4592 24
      vertex -1.55 86 24
      vertex 0.210769 77.6 24
    endloop
  endfacet
  facet normal 0 0 -1
    outer loop
      vertex 0.210769 77.6 24
      vertex -1.55 86 24
      vertex 0.297976 77.7305 24
    endloop
  endfacet
  facet normal 0 0 -1
    outer loop
      vertex -1.55 86 24
      vertex 0.401471 77.8485 24
      vertex 0.297976 77.7305 24
    endloop
  endfacet
  facet normal 0 0 -1
    outer loop
      vertex 1.85 78.0392 24
      vertex -1.55 86 24
      vertex 10.75 88 24
    endloop
  endfacet
  facet normal 0 0 -1
    outer loop
      vertex -1.56027 86.1566 24
      vertex 10.75 88 24
      vertex -1.55 86 24
    endloop
  endfacet
  facet normal 0 0 -1
    outer loop
      vertex -1.59089 86.3106 24
      vertex 10.75 88 24
      vertex -1.56027 86.1566 24
    endloop
  endfacet
  facet normal 0 0 -1
    outer loop
      vertex -1.64134 86.4592 24
      vertex 10.75 88 24
      vertex -1.59089 86.3106 24
    endloop
  endfacet
  facet normal 0 0 -1
    outer loop
      vertex -1.71077 86.6 24
      vertex 10.75 88 24
      vertex -1.64134 86.4592 24
    endloop
  endfacet
  facet normal 0 0 -1
    outer loop
      vertex -1.79798 86.7305 24
      vertex 10.75 88 24
      vertex -1.71077 86.6 24
    endloop
  endfacet
  facet normal 0 0 -1
    outer loop
      vertex -1.90147 86.8485 24
      vertex 10.75 88 24
      vertex -1.79798 86.7305 24
    endloop
  endfacet
  facet normal 0 0 -1
    outer loop
      vertex -2.01949 86.952 24
      vertex 10.75 88 24
      vertex -1.90147 86.8485 24
    endloop
  endfacet
  facet normal 0 0 -1
    outer loop
      vertex -2.15 87.0392 24
      vertex 10.75 88 24
      vertex -2.01949 86.952 24
    endloop
  endfacet
  facet normal 0 0 -1
    outer loop
      vertex -2.29078 87.1087 24
      vertex 10.75 88 24
      vertex -2.15 87.0392 24
    endloop
  endfacet
  facet normal 0 0 -1
    outer loop
      vertex -2.43942 87.1591 24
      vertex 10.75 88 24
      vertex -2.29078 87.1087 24
    endloop
  endfacet
  facet normal 0 0 -1
    outer loop
      vertex -5.25 88 24
      vertex -2.43942 87.1591 24
      vertex -2.59337 87.1897 24
    endloop
  endfacet
  facet normal 0 0 -1
    outer loop
      vertex -5.25 88 24
      vertex -2.59337 87.1897 24
      vertex -2.75 87.2 24
    endloop
  endfacet
  facet normal 0 0 -1
    outer loop
      vertex -2.43942 87.1591 24
      vertex -5.25 88 24
      vertex 10.75 88 24
    endloop
  endfacet
  facet normal 0 0 -1
    outer loop
      vertex -2.90663 87.1897 24
      vertex -5.25 88 24
      vertex -2.75 87.2 24
    endloop
  endfacet
  facet normal 0 0 -1
    outer loop
      vertex -3.06058 87.1591 24
      vertex -5.25 88 24
      vertex -2.90663 87.1897 24
    endloop
  endfacet
  facet normal 0 0 -1
    outer loop
      vertex -3.20922 87.1087 24
      vertex -5.25 88 24
      vertex -3.06058 87.1591 24
    endloop
  endfacet
  facet normal 0 0 -1
    outer loop
      vertex -3.35 87.0392 24
      vertex -5.25 88 24
      vertex -3.20922 87.1087 24
    endloop
  endfacet
  facet normal 0 0 -1
    outer loop
      vertex -3.48051 86.952 24
      vertex -5.25 88 24
      vertex -3.35 87.0392 24
    endloop
  endfacet
  facet normal 0 0 -1
    outer loop
      vertex -3.59853 86.8485 24
      vertex -5.25 88 24
      vertex -3.48051 86.952 24
    endloop
  endfacet
  facet normal 0 0 -1
    outer loop
      vertex -3.70202 86.7305 24
      vertex -5.25 88 24
      vertex -3.59853 86.8485 24
    endloop
  endfacet
  facet normal 0 0 -1
    outer loop
      vertex -3.78923 86.6 24
      vertex -5.25 88 24
      vertex -3.70202 86.7305 24
    endloop
  endfacet
  facet normal 0 0 -1
    outer loop
      vertex -3.85865 86.4592 24
      vertex -5.25 88 24
      vertex -3.78923 86.6 24
    endloop
  endfacet
  facet normal 0 0 -1
    outer loop
      vertex -3.90911 86.3106 24
      vertex -5.25 88 24
      vertex -3.85865 86.4592 24
    endloop
  endfacet
  facet normal 0 0 -1
    outer loop
      vertex -3.93973 86.1566 24
      vertex -5.25 88 24
      vertex -3.90911 86.3106 24
    endloop
  endfacet
  facet normal 0 0 -1
    outer loop
      vertex -3.95 86 24
      vertex -5.25 88 24
      vertex -3.93973 86.1566 24
    endloop
  endfacet
  facet normal 0 0 -1
    outer loop
      vertex -3.95 75 24
      vertex -5.25 88 24
      vertex -3.95 86 24
    endloop
  endfacet
  facet normal 0 0 -1
    outer loop
      vertex 54.125 65.0514 24
      vertex 54.75 64 24
      vertex 54.75 63.9 24
    endloop
  endfacet
  facet normal 0 0 -1
    outer loop
      vertex 54.75 64 24
      vertex 54.389 64.9213 24
      vertex 54.6677 64.8267 24
    endloop
  endfacet
  facet normal 0 0 -1
    outer loop
      vertex 54.75 64 24
      vertex 54.125 65.0514 24
      vertex 54.389 64.9213 24
    endloop
  endfacet
  facet normal 0 0 -1
    outer loop
      vertex 54.75 63.9 24
      vertex 53.8803 65.215 24
      vertex 54.125 65.0514 24
    endloop
  endfacet
  facet normal 0 0 -1
    outer loop
      vertex 50.8 63.9 24
      vertex 53.8803 65.215 24
      vertex 54.75 63.9 24
    endloop
  endfacet
  facet normal -0 0 -1
    outer loop
      vertex 53.8803 65.215 24
      vertex 50.8 63.9 24
      vertex 53.659 65.409 24
    endloop
  endfacet
  facet normal 0 0 -1
    outer loop
      vertex 53.659 68.591 24
      vertex 52.85 73.9608 24
      vertex 52.9805 74.048 24
    endloop
  endfacet
  facet normal 0 0 -1
    outer loop
      vertex 53.0192 67.2937 24
      vertex 52.7092 73.8913 24
      vertex 52.85 73.9608 24
    endloop
  endfacet
  facet normal 0 0 -1
    outer loop
      vertex 53.0192 67.2937 24
      vertex 52.5606 73.8409 24
      vertex 52.7092 73.8913 24
    endloop
  endfacet
  facet normal 0 0 -1
    outer loop
      vertex 53.0192 67.2937 24
      vertex 52.4066 73.8103 24
      vertex 52.5606 73.8409 24
    endloop
  endfacet
  facet normal 0 0 -1
    outer loop
      vertex 49.45 66 24
      vertex 53 67 24
      vertex 53.0192 66.7063 24
    endloop
  endfacet
  facet normal 0 0 -1
    outer loop
      vertex 53.0192 67.2937 24
      vertex 52.25 73.8 24
      vertex 52.4066 73.8103 24
    endloop
  endfacet
  facet normal 0 0 -1
    outer loop
      vertex 53.0192 67.2937 24
      vertex 52.0934 73.8103 24
      vertex 52.25 73.8 24
    endloop
  endfacet
  facet normal 0 0 -1
    outer loop
      vertex 53.0192 67.2937 24
      vertex 51.9394 73.8409 24
      vertex 52.0934 73.8103 24
    endloop
  endfacet
  facet normal 0 0 -1
    outer loop
      vertex 53.0192 67.2937 24
      vertex 51.7908 73.8913 24
      vertex 51.9394 73.8409 24
    endloop
  endfacet
  facet normal -0 0 -1
    outer loop
      vertex 53.0192 67.2937 24
      vertex 49.45 66 24
      vertex 51.7908 73.8913 24
    endloop
  endfacet
  facet normal -0 0 -1
    outer loop
      vertex 51.7908 73.8913 24
      vertex 49.45 66 24
      vertex 51.65 73.9608 24
    endloop
  endfacet
  facet normal 0 0 -1
    outer loop
      vertex 49.45 66 24
      vertex 53.0192 66.7063 24
      vertex 53.0767 66.4177 24
    endloop
  endfacet
  facet normal -0 0 -1
    outer loop
      vertex 51.65 73.9608 24
      vertex 49.45 66 24
      vertex 51.5195 74.048 24
    endloop
  endfacet
  facet normal -0 0 -1
    outer loop
      vertex 51.5195 74.048 24
      vertex 49.45 66 24
      vertex 51.4015 74.1515 24
    endloop
  endfacet
  facet normal -0 0 -1
    outer loop
      vertex 51.4015 74.1515 24
      vertex 49.45 66 24
      vertex 51.298 74.2695 24
    endloop
  endfacet
  facet normal -0 0 -1
    outer loop
      vertex 51.298 74.2695 24
      vertex 49.45 66 24
      vertex 51.2108 74.4 24
    endloop
  endfacet
  facet normal -0 0 -1
    outer loop
      vertex 51.2108 74.4 24
      vertex 49.45 66 24
      vertex 51.1413 74.5408 24
    endloop
  endfacet
  facet normal 0 0 -1
    outer loop
      vertex 51.0909 74.6894 24
      vertex 49.45 77 24
      vertex 51.0603 74.8434 24
    endloop
  endfacet
  facet normal 0 0 -1
    outer loop
      vertex 51.1413 74.5408 24
      vertex 49.45 77 24
      vertex 51.0909 74.6894 24
    endloop
  endfacet
  facet normal 0 0 -1
    outer loop
      vertex 49.45 77 24
      vertex 51.1413 74.5408 24
      vertex 49.45 66 24
    endloop
  endfacet
  facet normal 0 0 -1
    outer loop
      vertex 49.45 66 24
      vertex 53.0767 66.4177 24
      vertex 50.8 63.9 24
    endloop
  endfacet
  facet normal -0 0 -1
    outer loop
      vertex 53.1713 66.139 24
      vertex 50.8 63.9 24
      vertex 53.0767 66.4177 24
    endloop
  endfacet
  facet normal -0 0 -1
    outer loop
      vertex 53.3014 65.875 24
      vertex 50.8 63.9 24
      vertex 53.1713 66.139 24
    endloop
  endfacet
  facet normal -0 0 -1
    outer loop
      vertex 53.465 65.6303 24
      vertex 50.8 63.9 24
      vertex 53.3014 65.875 24
    endloop
  endfacet
  facet normal -0 0 -1
    outer loop
      vertex 53.659 65.409 24
      vertex 50.8 63.9 24
      vertex 53.465 65.6303 24
    endloop
  endfacet
  facet normal 0 0 -1
    outer loop
      vertex 57.5 64 24
      vertex 57.4808 66.7063 24
      vertex 57.5 67 24
    endloop
  endfacet
  facet normal 0 0 -1
    outer loop
      vertex 57.5 64 24
      vertex 57.4233 66.4177 24
      vertex 57.4808 66.7063 24
    endloop
  endfacet
  facet normal 0 0 -1
    outer loop
      vertex 57.5 64 24
      vertex 57.3287 66.139 24
      vertex 57.4233 66.4177 24
    endloop
  endfacet
  facet normal 0 0 -1
    outer loop
      vertex 57.5 64 24
      vertex 57.1986 65.875 24
      vertex 57.3287 66.139 24
    endloop
  endfacet
  facet normal 0 0 -1
    outer loop
      vertex 57.5 64 24
      vertex 57.035 65.6303 24
      vertex 57.1986 65.875 24
    endloop
  endfacet
  facet normal 0 0 -1
    outer loop
      vertex 57.5 64 24
      vertex 56.841 65.409 24
      vertex 57.035 65.6303 24
    endloop
  endfacet
  facet normal 0 0 -1
    outer loop
      vertex 57.5 64 24
      vertex 56.6197 65.215 24
      vertex 56.841 65.409 24
    endloop
  endfacet
  facet normal 0 0 -1
    outer loop
      vertex 57.5 64 24
      vertex 56.375 65.0514 24
      vertex 56.6197 65.215 24
    endloop
  endfacet
  facet normal 0 0 -1
    outer loop
      vertex 57.5 64 24
      vertex 56.111 64.9213 24
      vertex 56.375 65.0514 24
    endloop
  endfacet
  facet normal 0 0 -1
    outer loop
      vertex 57.5 64 24
      vertex 55.8323 64.8267 24
      vertex 56.111 64.9213 24
    endloop
  endfacet
  facet normal 0 0 -1
    outer loop
      vertex 54.75 64 24
      vertex 55.8323 64.8267 24
      vertex 57.5 64 24
    endloop
  endfacet
  facet normal 0 0 -1
    outer loop
      vertex 55.8323 64.8267 24
      vertex 54.75 64 24
      vertex 55.5437 64.7692 24
    endloop
  endfacet
  facet normal 0 0 -1
    outer loop
      vertex 55.5437 64.7692 24
      vertex 54.75 64 24
      vertex 55.25 64.75 24
    endloop
  endfacet
  facet normal -0 0 -1
    outer loop
      vertex 55.25 64.75 24
      vertex 54.75 64 24
      vertex 54.9563 64.7692 24
    endloop
  endfacet
  facet normal -0 0 -1
    outer loop
      vertex 54.9563 64.7692 24
      vertex 54.75 64 24
      vertex 54.6677 64.8267 24
    endloop
  endfacet
  facet normal 0 0 -1
    outer loop
      vertex 54.75 70 24
      vertex 53.4397 74.8434 24
      vertex 53.45 75 24
    endloop
  endfacet
  facet normal 0 0 -1
    outer loop
      vertex 53.659 68.591 24
      vertex 53.4091 74.6894 24
      vertex 53.4397 74.8434 24
    endloop
  endfacet
  facet normal 0 0 -1
    outer loop
      vertex 53.659 68.591 24
      vertex 53.3587 74.5408 24
      vertex 53.4091 74.6894 24
    endloop
  endfacet
  facet normal 0 0 -1
    outer loop
      vertex 52.85 73.9608 24
      vertex 53.465 68.3697 24
      vertex 53.3014 68.125 24
    endloop
  endfacet
  facet normal 0 0 -1
    outer loop
      vertex 53.659 68.591 24
      vertex 53.2892 74.4 24
      vertex 53.3587 74.5408 24
    endloop
  endfacet
  facet normal 0 0 -1
    outer loop
      vertex 53.659 68.591 24
      vertex 53.202 74.2695 24
      vertex 53.2892 74.4 24
    endloop
  endfacet
  facet normal 0 0 -1
    outer loop
      vertex 52.85 73.9608 24
      vertex 53.3014 68.125 24
      vertex 53.1713 67.861 24
    endloop
  endfacet
  facet normal 0 0 -1
    outer loop
      vertex 53.659 68.591 24
      vertex 53.0985 74.1515 24
      vertex 53.202 74.2695 24
    endloop
  endfacet
  facet normal 0 0 -1
    outer loop
      vertex 52.85 73.9608 24
      vertex 53.1713 67.861 24
      vertex 53.0767 67.5823 24
    endloop
  endfacet
  facet normal 0 0 -1
    outer loop
      vertex 52.85 73.9608 24
      vertex 53.0767 67.5823 24
      vertex 53.0192 67.2937 24
    endloop
  endfacet
  facet normal 0 0 -1
    outer loop
      vertex 49.45 66 24
      vertex 53.0192 67.2937 24
      vertex 53 67 24
    endloop
  endfacet
  facet normal 0 0 -1
    outer loop
      vertex 53.659 68.591 24
      vertex 52.9805 74.048 24
      vertex 53.0985 74.1515 24
    endloop
  endfacet
  facet normal 0 0 -1
    outer loop
      vertex 57.4808 67.2937 24
      vertex 57.5 70 24
      vertex 57.5 67 24
    endloop
  endfacet
  facet normal 0 0 -1
    outer loop
      vertex 57.4233 67.5823 24
      vertex 57.5 70 24
      vertex 57.4808 67.2937 24
    endloop
  endfacet
  facet normal 0 0 -1
    outer loop
      vertex 57.3287 67.861 24
      vertex 57.5 70 24
      vertex 57.4233 67.5823 24
    endloop
  endfacet
  facet normal 0 0 -1
    outer loop
      vertex 57.1986 68.125 24
      vertex 57.5 70 24
      vertex 57.3287 67.861 24
    endloop
  endfacet
  facet normal 0 0 -1
    outer loop
      vertex 57.035 68.3697 24
      vertex 57.5 70 24
      vertex 57.1986 68.125 24
    endloop
  endfacet
  facet normal 0 0 -1
    outer loop
      vertex 56.841 68.591 24
      vertex 57.5 70 24
      vertex 57.035 68.3697 24
    endloop
  endfacet
  facet normal 0 0 -1
    outer loop
      vertex 56.6197 68.785 24
      vertex 57.5 70 24
      vertex 56.841 68.591 24
    endloop
  endfacet
  facet normal 0 0 -1
    outer loop
      vertex 56.375 68.9486 24
      vertex 57.5 70 24
      vertex 56.6197 68.785 24
    endloop
  endfacet
  facet normal 0 0 -1
    outer loop
      vertex 56.111 69.0787 24
      vertex 57.5 70 24
      vertex 56.375 68.9486 24
    endloop
  endfacet
  facet normal 0 0 -1
    outer loop
      vertex 55.8323 69.1733 24
      vertex 57.5 70 24
      vertex 56.111 69.0787 24
    endloop
  endfacet
  facet normal 0 0 -1
    outer loop
      vertex 54.75 70 24
      vertex 55.8323 69.1733 24
      vertex 55.5437 69.2308 24
    endloop
  endfacet
  facet normal 0 0 -1
    outer loop
      vertex 54.75 70 24
      vertex 55.5437 69.2308 24
      vertex 55.25 69.25 24
    endloop
  endfacet
  facet normal 0 0 -1
    outer loop
      vertex 54.75 70 24
      vertex 55.25 69.25 24
      vertex 54.9563 69.2308 24
    endloop
  endfacet
  facet normal 0 0 -1
    outer loop
      vertex 55.8323 69.1733 24
      vertex 54.75 70 24
      vertex 57.5 70 24
    endloop
  endfacet
  facet normal 0 0 -1
    outer loop
      vertex 54.6677 69.1733 24
      vertex 54.75 70 24
      vertex 54.9563 69.2308 24
    endloop
  endfacet
  facet normal 0 0 -1
    outer loop
      vertex 54.389 69.0787 24
      vertex 54.75 70 24
      vertex 54.6677 69.1733 24
    endloop
  endfacet
  facet normal 0 0 -1
    outer loop
      vertex 54.125 68.9486 24
      vertex 54.75 70 24
      vertex 54.389 69.0787 24
    endloop
  endfacet
  facet normal 0 0 -1
    outer loop
      vertex 53.8803 68.785 24
      vertex 54.75 70 24
      vertex 54.125 68.9486 24
    endloop
  endfacet
  facet normal 0 0 -1
    outer loop
      vertex 53.4397 74.8434 24
      vertex 54.75 70 24
      vertex 53.8803 68.785 24
    endloop
  endfacet
  facet normal 0 0 -1
    outer loop
      vertex 53.4397 74.8434 24
      vertex 53.8803 68.785 24
      vertex 53.659 68.591 24
    endloop
  endfacet
  facet normal 0 0 -1
    outer loop
      vertex 52.85 73.9608 24
      vertex 53.659 68.591 24
      vertex 53.465 68.3697 24
    endloop
  endfacet
  facet normal 0 0 -1
    outer loop
      vertex 54.75 70 24
      vertex 53.45 75 24
      vertex 54.75 88 24
    endloop
  endfacet
  facet normal 0 0 -1
    outer loop
      vertex 53.45 86 24
      vertex 54.75 88 24
      vertex 53.45 75 24
    endloop
  endfacet
  facet normal 0 0 -1
    outer loop
      vertex 53.4397 86.1566 24
      vertex 54.75 88 24
      vertex 53.45 86 24
    endloop
  endfacet
  facet normal 0 0 -1
    outer loop
      vertex 53.4091 86.3106 24
      vertex 54.75 88 24
      vertex 53.4397 86.1566 24
    endloop
  endfacet
  facet normal 0 0 -1
    outer loop
      vertex 53.3587 86.4592 24
      vertex 54.75 88 24
      vertex 53.4091 86.3106 24
    endloop
  endfacet
  facet normal 0 0 -1
    outer loop
      vertex 53.2892 86.6 24
      vertex 54.75 88 24
      vertex 53.3587 86.4592 24
    endloop
  endfacet
  facet normal 0 0 -1
    outer loop
      vertex 53.202 86.7305 24
      vertex 54.75 88 24
      vertex 53.2892 86.6 24
    endloop
  endfacet
  facet normal 0 0 -1
    outer loop
      vertex 53.0985 86.8485 24
      vertex 54.75 88 24
      vertex 53.202 86.7305 24
    endloop
  endfacet
  facet normal 0 0 -1
    outer loop
      vertex 52.9805 86.952 24
      vertex 54.75 88 24
      vertex 53.0985 86.8485 24
    endloop
  endfacet
  facet normal 0 0 -1
    outer loop
      vertex 52.85 87.0392 24
      vertex 54.75 88 24
      vertex 52.9805 86.952 24
    endloop
  endfacet
  facet normal 0 0 -1
    outer loop
      vertex 52.7092 87.1087 24
      vertex 54.75 88 24
      vertex 52.85 87.0392 24
    endloop
  endfacet
  facet normal 0 0 -1
    outer loop
      vertex 52.5606 87.1591 24
      vertex 54.75 88 24
      vertex 52.7092 87.1087 24
    endloop
  endfacet
  facet normal 0 0 -1
    outer loop
      vertex 52.4066 87.1897 24
      vertex 54.75 88 24
      vertex 52.5606 87.1591 24
    endloop
  endfacet
  facet normal 0 0 -1
    outer loop
      vertex 52.25 87.2 24
      vertex 54.75 88 24
      vertex 52.4066 87.1897 24
    endloop
  endfacet
  facet normal 0 0 -1
    outer loop
      vertex 52.0934 87.1897 24
      vertex 54.75 88 24
      vertex 52.25 87.2 24
    endloop
  endfacet
  facet normal 0 0 -1
    outer loop
      vertex 51.9394 87.1591 24
      vertex 54.75 88 24
      vertex 52.0934 87.1897 24
    endloop
  endfacet
  facet normal 0 0 -1
    outer loop
      vertex 49.4397 57.1566 24
      vertex 50.8 54.1 24
      vertex 49.45 57 24
    endloop
  endfacet
  facet normal 0 0 -1
    outer loop
      vertex 49.4091 57.3106 24
      vertex 50.8 54.1 24
      vertex 49.4397 57.1566 24
    endloop
  endfacet
  facet normal 0 0 -1
    outer loop
      vertex 51.0603 74.8434 24
      vertex 49.45 77 24
      vertex 51.05 75 24
    endloop
  endfacet
  facet normal 0 0 -1
    outer loop
      vertex 49.4397 77.1566 24
      vertex 51.05 75 24
      vertex 49.45 77 24
    endloop
  endfacet
  facet normal 0 0 -1
    outer loop
      vertex 49.4091 77.3106 24
      vertex 51.05 75 24
      vertex 49.4397 77.1566 24
    endloop
  endfacet
  facet normal 0 0 -1
    outer loop
      vertex 49.3587 77.4592 24
      vertex 51.05 75 24
      vertex 49.4091 77.3106 24
    endloop
  endfacet
  facet normal 0 0 -1
    outer loop
      vertex 51.05 75 24
      vertex 49.3587 77.4592 24
      vertex 51.05 86 24
    endloop
  endfacet
  facet normal 0 0 -1
    outer loop
      vertex 49.2892 77.6 24
      vertex 51.05 86 24
      vertex 49.3587 77.4592 24
    endloop
  endfacet
  facet normal 0 0 -1
    outer loop
      vertex 49.202 77.7305 24
      vertex 51.05 86 24
      vertex 49.2892 77.6 24
    endloop
  endfacet
  facet normal 0 0 -1
    outer loop
      vertex 49.0985 77.8485 24
      vertex 51.05 86 24
      vertex 49.202 77.7305 24
    endloop
  endfacet
  facet normal 0 0 -1
    outer loop
      vertex 48.9805 77.952 24
      vertex 51.05 86 24
      vertex 49.0985 77.8485 24
    endloop
  endfacet
  facet normal 0 0 -1
    outer loop
      vertex 48.85 78.0392 24
      vertex 51.05 86 24
      vertex 48.9805 77.952 24
    endloop
  endfacet
  facet normal 0 0 -1
    outer loop
      vertex 48.7092 78.1087 24
      vertex 51.05 86 24
      vertex 48.85 78.0392 24
    endloop
  endfacet
  facet normal 0 0 -1
    outer loop
      vertex 48.5606 78.1591 24
      vertex 51.05 86 24
      vertex 48.7092 78.1087 24
    endloop
  endfacet
  facet normal 0 0 -1
    outer loop
      vertex 48.4066 78.1897 24
      vertex 51.05 86 24
      vertex 48.5606 78.1591 24
    endloop
  endfacet
  facet normal 0 0 -1
    outer loop
      vertex 48.25 78.2 24
      vertex 51.05 86 24
      vertex 48.4066 78.1897 24
    endloop
  endfacet
  facet normal 0 0 -1
    outer loop
      vertex 48.0934 78.1897 24
      vertex 51.05 86 24
      vertex 48.25 78.2 24
    endloop
  endfacet
  facet normal 0 0 -1
    outer loop
      vertex 47.9394 78.1591 24
      vertex 51.05 86 24
      vertex 48.0934 78.1897 24
    endloop
  endfacet
  facet normal 0 0 -1
    outer loop
      vertex 47.7908 78.1087 24
      vertex 51.05 86 24
      vertex 47.9394 78.1591 24
    endloop
  endfacet
  facet normal 0 0 -1
    outer loop
      vertex 47.65 78.0392 24
      vertex 51.05 86 24
      vertex 47.7908 78.1087 24
    endloop
  endfacet
  facet normal 0 0 -1
    outer loop
      vertex 38.75 88 24
      vertex 51.05 86 24
      vertex 47.65 78.0392 24
    endloop
  endfacet
  facet normal 0 0 -1
    outer loop
      vertex 51.05 86 24
      vertex 38.75 88 24
      vertex 51.0603 86.1566 24
    endloop
  endfacet
  facet normal 0 0 -1
    outer loop
      vertex 51.0603 86.1566 24
      vertex 38.75 88 24
      vertex 51.0909 86.3106 24
    endloop
  endfacet
  facet normal 0 0 -1
    outer loop
      vertex 38.75 88 24
      vertex 47.65 78.0392 24
      vertex 47.5195 77.952 24
    endloop
  endfacet
  facet normal 0 0 -1
    outer loop
      vertex 38.75 88 24
      vertex 47.5195 77.952 24
      vertex 47.4015 77.8485 24
    endloop
  endfacet
  facet normal 0 0 -1
    outer loop
      vertex 38.75 88 24
      vertex 47.4015 77.8485 24
      vertex 47.298 77.7305 24
    endloop
  endfacet
  facet normal 0 0 -1
    outer loop
      vertex 45.25 76 24
      vertex 47.298 77.7305 24
      vertex 47.2108 77.6 24
    endloop
  endfacet
  facet normal 0 0 -1
    outer loop
      vertex 45.25 76 24
      vertex 47.2108 77.6 24
      vertex 47.1413 77.4592 24
    endloop
  endfacet
  facet normal 0 0 -1
    outer loop
      vertex 47.0603 65.8434 24
      vertex 45.25 70 24
      vertex 47.05 66 24
    endloop
  endfacet
  facet normal 0 0 -1
    outer loop
      vertex 47.05 66 24
      vertex 45.25 70 24
      vertex 47.05 77 24
    endloop
  endfacet
  facet normal 0 0 -1
    outer loop
      vertex 45.25 76 24
      vertex 47.05 77 24
      vertex 45.25 70 24
    endloop
  endfacet
  facet normal -0 0 -1
    outer loop
      vertex 47.05 77 24
      vertex 45.25 76 24
      vertex 47.0603 77.1566 24
    endloop
  endfacet
  facet normal -0 0 -1
    outer loop
      vertex 47.0603 77.1566 24
      vertex 45.25 76 24
      vertex 47.0909 77.3106 24
    endloop
  endfacet
  facet normal 0 0 -1
    outer loop
      vertex 45.25 76 24
      vertex 47.1413 77.4592 24
      vertex 47.0909 77.3106 24
    endloop
  endfacet
  facet normal 0 0 -1
    outer loop
      vertex 47.298 77.7305 24
      vertex 45.25 76 24
      vertex 39.25 76 24
    endloop
  endfacet
  facet normal 0 0 -1
    outer loop
      vertex 51.0909 86.3106 24
      vertex 38.75 88 24
      vertex 51.1413 86.4592 24
    endloop
  endfacet
  facet normal -0 0 -1
    outer loop
      vertex 47.298 77.7305 24
      vertex 39.25 76 24
      vertex 38.75 88 24
    endloop
  endfacet
  facet normal 0 0 -1
    outer loop
      vertex 51.1413 86.4592 24
      vertex 38.75 88 24
      vertex 51.2108 86.6 24
    endloop
  endfacet
  facet normal 0 0 -1
    outer loop
      vertex 51.2108 86.6 24
      vertex 38.75 88 24
      vertex 51.298 86.7305 24
    endloop
  endfacet
  facet normal 0 0 -1
    outer loop
      vertex 51.9394 87.1591 24
      vertex 38.75 88 24
      vertex 54.75 88 24
    endloop
  endfacet
  facet normal 0 0 -1
    outer loop
      vertex 51.7908 87.1087 24
      vertex 38.75 88 24
      vertex 51.9394 87.1591 24
    endloop
  endfacet
  facet normal 0 0 -1
    outer loop
      vertex 51.65 87.0392 24
      vertex 38.75 88 24
      vertex 51.7908 87.1087 24
    endloop
  endfacet
  facet normal 0 0 -1
    outer loop
      vertex 51.5195 86.952 24
      vertex 38.75 88 24
      vertex 51.65 87.0392 24
    endloop
  endfacet
  facet normal 0 0 -1
    outer loop
      vertex 51.4015 86.8485 24
      vertex 38.75 88 24
      vertex 51.5195 86.952 24
    endloop
  endfacet
  facet normal 0 0 -1
    outer loop
      vertex 51.298 86.7305 24
      vertex 38.75 88 24
      vertex 51.4015 86.8485 24
    endloop
  endfacet
  facet normal 0 0 -1
    outer loop
      vertex 38.75 88 24
      vertex 39.25 76 24
      vertex 38.75 72 24
    endloop
  endfacet
  facet normal 0 -1 0
    outer loop
      vertex -5.25 40 24
      vertex 54.75 40 26
      vertex -5.25 40 26
    endloop
  endfacet
  facet normal 0 -1 -0
    outer loop
      vertex 54.75 40 26
      vertex -5.25 40 24
      vertex 54.75 40 24
    endloop
  endfacet
  facet normal 0 1 -0
    outer loop
      vertex 54.75 88 24
      vertex 38.75 88 26
      vertex 54.75 88 26
    endloop
  endfacet
  facet normal 0 1 0
    outer loop
      vertex 38.75 88 26
      vertex 54.75 88 24
      vertex 38.75 88 24
    endloop
  endfacet
  facet normal 0 1 -0
    outer loop
      vertex 10.75 88 24
      vertex -5.25 88 26
      vertex 10.75 88 26
    endloop
  endfacet
  facet normal 0 1 0
    outer loop
      vertex -5.25 88 26
      vertex 10.75 88 24
      vertex -5.25 88 24
    endloop
  endfacet
  facet normal -1 0 0
    outer loop
      vertex 2.45 46 24
      vertex 2.45 57 26
      vertex 2.45 57 24
    endloop
  endfacet
  facet normal -1 -0 0
    outer loop
      vertex 2.45 57 26
      vertex 2.45 46 24
      vertex 2.45 46 26
    endloop
  endfacet
  facet normal -0.946897 0.321537 0
    outer loop
      vertex 2.35865 45.5408 24
      vertex 2.40911 45.6894 26
      vertex 2.40911 45.6894 24
    endloop
  endfacet
  facet normal -0.946897 0.321537 0
    outer loop
      vertex 2.40911 45.6894 26
      vertex 2.35865 45.5408 24
      vertex 2.35865 45.5408 26
    endloop
  endfacet
  facet normal -0.946897 -0.321537 0
    outer loop
      vertex 2.40911 57.3106 24
      vertex 2.35865 57.4592 26
      vertex 2.35865 57.4592 24
    endloop
  endfacet
  facet normal -0.946897 -0.321537 0
    outer loop
      vertex 2.35865 57.4592 26
      vertex 2.40911 57.3106 24
      vertex 2.40911 57.3106 26
    endloop
  endfacet
  facet normal -0.980801 0.195014 0
    outer loop
      vertex 2.40911 45.6894 24
      vertex 2.43973 45.8434 26
      vertex 2.43973 45.8434 24
    endloop
  endfacet
  facet normal -0.980801 0.195014 0
    outer loop
      vertex 2.43973 45.8434 26
      vertex 2.40911 45.6894 24
      vertex 2.40911 45.6894 26
    endloop
  endfacet
  facet normal -0.997856 0.0654405 0
    outer loop
      vertex 2.43973 45.8434 24
      vertex 2.45 46 26
      vertex 2.45 46 24
    endloop
  endfacet
  facet normal -0.997856 0.0654405 0
    outer loop
      vertex 2.45 46 26
      vertex 2.43973 45.8434 24
      vertex 2.43973 45.8434 26
    endloop
  endfacet
  facet normal -0.659343 -0.751842 0
    outer loop
      vertex 1.98051 57.952 24
      vertex 2.09853 57.8485 26
      vertex 1.98051 57.952 26
    endloop
  endfacet
  facet normal -0.659343 -0.751842 -0
    outer loop
      vertex 2.09853 57.8485 26
      vertex 1.98051 57.952 24
      vertex 2.09853 57.8485 24
    endloop
  endfacet
  facet normal 0.0656183 -0.997845 0
    outer loop
      vertex 1.09337 58.1897 24
      vertex 1.25 58.2 26
      vertex 1.09337 58.1897 26
    endloop
  endfacet
  facet normal 0.0656183 -0.997845 0
    outer loop
      vertex 1.25 58.2 26
      vertex 1.09337 58.1897 24
      vertex 1.25 58.2 24
    endloop
  endfacet
  facet normal 0.946907 -0.321509 0
    outer loop
      vertex 0.090889 57.3106 26
      vertex 0.141344 57.4592 24
      vertex 0.141344 57.4592 26
    endloop
  endfacet
  facet normal 0.946907 -0.321509 0
    outer loop
      vertex 0.141344 57.4592 24
      vertex 0.090889 57.3106 26
      vertex 0.090889 57.3106 24
    endloop
  endfacet
  facet normal -0.442673 -0.896683 0
    outer loop
      vertex 1.70922 58.1087 24
      vertex 1.85 58.0392 26
      vertex 1.70922 58.1087 26
    endloop
  endfacet
  facet normal -0.442673 -0.896683 -0
    outer loop
      vertex 1.85 58.0392 26
      vertex 1.70922 58.1087 24
      vertex 1.85 58.0392 24
    endloop
  endfacet
  facet normal 0.997858 0.065417 0
    outer loop
      vertex 0.0602655 45.8434 26
      vertex 0.0499992 46 24
      vertex 0.0499992 46 26
    endloop
  endfacet
  facet normal 0.997858 0.065417 0
    outer loop
      vertex 0.0499992 46 24
      vertex 0.0602655 45.8434 26
      vertex 0.0602655 45.8434 24
    endloop
  endfacet
  facet normal 1 -0 0
    outer loop
      vertex 0.0499992 46 26
      vertex 0.0499992 57 24
      vertex 0.0499992 57 26
    endloop
  endfacet
  facet normal 1 0 0
    outer loop
      vertex 0.0499992 57 24
      vertex 0.0499992 46 26
      vertex 0.0499992 46 24
    endloop
  endfacet
  facet normal 0.997858 -0.065417 0
    outer loop
      vertex 0.0499992 57 26
      vertex 0.0602655 57.1566 24
      vertex 0.0602655 57.1566 26
    endloop
  endfacet
  facet normal 0.997858 -0.065417 0
    outer loop
      vertex 0.0602655 57.1566 24
      vertex 0.0499992 57 26
      vertex 0.0499992 57 24
    endloop
  endfacet
  facet normal 0.980796 -0.195035 0
    outer loop
      vertex 0.0602655 57.1566 26
      vertex 0.090889 57.3106 24
      vertex 0.090889 57.3106 26
    endloop
  endfacet
  facet normal 0.980796 -0.195035 0
    outer loop
      vertex 0.090889 57.3106 24
      vertex 0.0602655 57.1566 26
      vertex 0.0602655 57.1566 24
    endloop
  endfacet
  facet normal -0.0656183 -0.997845 0
    outer loop
      vertex 1.25 58.2 24
      vertex 1.40663 58.1897 26
      vertex 1.25 58.2 26
    endloop
  endfacet
  facet normal -0.0656183 -0.997845 -0
    outer loop
      vertex 1.40663 58.1897 26
      vertex 1.25 58.2 24
      vertex 1.40663 58.1897 24
    endloop
  endfacet
  facet normal -0.555553 -0.831481 0
    outer loop
      vertex 1.85 58.0392 24
      vertex 1.98051 57.952 26
      vertex 1.85 58.0392 26
    endloop
  endfacet
  facet normal -0.555553 -0.831481 -0
    outer loop
      vertex 1.98051 57.952 26
      vertex 1.85 58.0392 24
      vertex 1.98051 57.952 24
    endloop
  endfacet
  facet normal -0.751818 -0.65937 0
    outer loop
      vertex 2.20202 57.7305 24
      vertex 2.09853 57.8485 26
      vertex 2.09853 57.8485 24
    endloop
  endfacet
  facet normal -0.751818 -0.65937 0
    outer loop
      vertex 2.09853 57.8485 26
      vertex 2.20202 57.7305 24
      vertex 2.20202 57.7305 26
    endloop
  endfacet
  facet normal 0.980796 0.195035 0
    outer loop
      vertex 0.090889 45.6894 26
      vertex 0.0602655 45.8434 24
      vertex 0.0602655 45.8434 26
    endloop
  endfacet
  facet normal 0.980796 0.195035 0
    outer loop
      vertex 0.0602655 45.8434 24
      vertex 0.090889 45.6894 26
      vertex 0.090889 45.6894 24
    endloop
  endfacet
  facet normal 0.896898 -0.442238 0
    outer loop
      vertex 0.141344 57.4592 26
      vertex 0.210769 57.6 24
      vertex 0.210769 57.6 26
    endloop
  endfacet
  facet normal 0.896898 -0.442238 0
    outer loop
      vertex 0.210769 57.6 24
      vertex 0.141344 57.4592 26
      vertex 0.141344 57.4592 24
    endloop
  endfacet
  facet normal 0.831441 -0.555613 0
    outer loop
      vertex 0.210769 57.6 26
      vertex 0.297976 57.7305 24
      vertex 0.297976 57.7305 26
    endloop
  endfacet
  facet normal 0.831441 -0.555613 0
    outer loop
      vertex 0.297976 57.7305 24
      vertex 0.210769 57.6 26
      vertex 0.210769 57.6 24
    endloop
  endfacet
  facet normal -0.321117 -0.94704 0
    outer loop
      vertex 1.56058 58.1591 24
      vertex 1.70922 58.1087 26
      vertex 1.56058 58.1591 26
    endloop
  endfacet
  facet normal -0.321117 -0.94704 -0
    outer loop
      vertex 1.70922 58.1087 26
      vertex 1.56058 58.1591 24
      vertex 1.70922 58.1087 24
    endloop
  endfacet
  facet normal -0.89691 -0.442212 0
    outer loop
      vertex 2.35865 57.4592 24
      vertex 2.28923 57.6 26
      vertex 2.28923 57.6 24
    endloop
  endfacet
  facet normal -0.89691 -0.442212 0
    outer loop
      vertex 2.28923 57.6 26
      vertex 2.35865 57.4592 24
      vertex 2.35865 57.4592 26
    endloop
  endfacet
  facet normal -0.831432 -0.555626 0
    outer loop
      vertex 2.28923 57.6 24
      vertex 2.20202 57.7305 26
      vertex 2.20202 57.7305 24
    endloop
  endfacet
  facet normal -0.831432 -0.555626 0
    outer loop
      vertex 2.20202 57.7305 26
      vertex 2.28923 57.6 24
      vertex 2.28923 57.6 26
    endloop
  endfacet
  facet normal -0.980801 -0.195014 0
    outer loop
      vertex 2.43973 57.1566 24
      vertex 2.40911 57.3106 26
      vertex 2.40911 57.3106 24
    endloop
  endfacet
  facet normal -0.980801 -0.195014 0
    outer loop
      vertex 2.40911 57.3106 26
      vertex 2.43973 57.1566 24
      vertex 2.43973 57.1566 26
    endloop
  endfacet
  facet normal -0.997856 -0.0654405 0
    outer loop
      vertex 2.45 57 24
      vertex 2.43973 57.1566 26
      vertex 2.43973 57.1566 24
    endloop
  endfacet
  facet normal -0.997856 -0.0654405 0
    outer loop
      vertex 2.43973 57.1566 26
      vertex 2.45 57 24
      vertex 2.45 57 26
    endloop
  endfacet
  facet normal 0.194948 0.980813 -0
    outer loop
      vertex 1.09337 44.8103 24
      vertex 0.939417 44.8409 26
      vertex 1.09337 44.8103 26
    endloop
  endfacet
  facet normal 0.194948 0.980813 0
    outer loop
      vertex 0.939417 44.8409 26
      vertex 1.09337 44.8103 24
      vertex 0.939417 44.8409 24
    endloop
  endfacet
  facet normal 0.321121 -0.947038 0
    outer loop
      vertex 0.790779 58.1087 24
      vertex 0.939417 58.1591 26
      vertex 0.790779 58.1087 26
    endloop
  endfacet
  facet normal 0.321121 -0.947038 0
    outer loop
      vertex 0.939417 58.1591 26
      vertex 0.790779 58.1087 24
      vertex 0.939417 58.1591 24
    endloop
  endfacet
  facet normal -0.194952 -0.980813 0
    outer loop
      vertex 1.40663 58.1897 24
      vertex 1.56058 58.1591 26
      vertex 1.40663 58.1897 26
    endloop
  endfacet
  facet normal -0.194952 -0.980813 -0
    outer loop
      vertex 1.56058 58.1591 26
      vertex 1.40663 58.1897 24
      vertex 1.56058 58.1591 24
    endloop
  endfacet
  facet normal 0.946907 0.321509 0
    outer loop
      vertex 0.141344 45.5408 26
      vertex 0.090889 45.6894 24
      vertex 0.090889 45.6894 26
    endloop
  endfacet
  facet normal 0.946907 0.321509 0
    outer loop
      vertex 0.090889 45.6894 24
      vertex 0.141344 45.5408 26
      vertex 0.141344 45.5408 24
    endloop
  endfacet
  facet normal -0.0656183 0.997845 0
    outer loop
      vertex 1.40663 44.8103 24
      vertex 1.25 44.8 26
      vertex 1.40663 44.8103 26
    endloop
  endfacet
  facet normal -0.0656183 0.997845 0
    outer loop
      vertex 1.25 44.8 26
      vertex 1.40663 44.8103 24
      vertex 1.25 44.8 24
    endloop
  endfacet
  facet normal -0.89691 0.442212 0
    outer loop
      vertex 2.28923 45.4 24
      vertex 2.35865 45.5408 26
      vertex 2.35865 45.5408 24
    endloop
  endfacet
  facet normal -0.89691 0.442212 0
    outer loop
      vertex 2.35865 45.5408 26
      vertex 2.28923 45.4 24
      vertex 2.28923 45.4 26
    endloop
  endfacet
  facet normal -0.831432 0.555626 0
    outer loop
      vertex 2.20202 45.2695 24
      vertex 2.28923 45.4 26
      vertex 2.28923 45.4 24
    endloop
  endfacet
  facet normal -0.831432 0.555626 0
    outer loop
      vertex 2.28923 45.4 26
      vertex 2.20202 45.2695 24
      vertex 2.20202 45.2695 26
    endloop
  endfacet
  facet normal 0.831441 0.555613 0
    outer loop
      vertex 0.297976 45.2695 26
      vertex 0.210769 45.4 24
      vertex 0.210769 45.4 26
    endloop
  endfacet
  facet normal 0.831441 0.555613 0
    outer loop
      vertex 0.210769 45.4 24
      vertex 0.297976 45.2695 26
      vertex 0.297976 45.2695 24
    endloop
  endfacet
  facet normal 0.751803 0.659388 0
    outer loop
      vertex 0.401471 45.1515 26
      vertex 0.297976 45.2695 24
      vertex 0.297976 45.2695 26
    endloop
  endfacet
  facet normal 0.751803 0.659388 0
    outer loop
      vertex 0.297976 45.2695 24
      vertex 0.401471 45.1515 26
      vertex 0.401471 45.1515 24
    endloop
  endfacet
  facet normal 0.442675 0.896682 -0
    outer loop
      vertex 0.790779 44.8913 24
      vertex 0.65 44.9608 26
      vertex 0.790779 44.8913 26
    endloop
  endfacet
  facet normal 0.442675 0.896682 0
    outer loop
      vertex 0.65 44.9608 26
      vertex 0.790779 44.8913 24
      vertex 0.65 44.9608 24
    endloop
  endfacet
  facet normal 0.659362 0.751826 -0
    outer loop
      vertex 0.519485 45.048 24
      vertex 0.401471 45.1515 26
      vertex 0.519485 45.048 26
    endloop
  endfacet
  facet normal 0.659362 0.751826 0
    outer loop
      vertex 0.401471 45.1515 26
      vertex 0.519485 45.048 24
      vertex 0.401471 45.1515 24
    endloop
  endfacet
  facet normal 0.555538 0.831491 -0
    outer loop
      vertex 0.65 44.9608 24
      vertex 0.519485 45.048 26
      vertex 0.65 44.9608 26
    endloop
  endfacet
  facet normal 0.555538 0.831491 0
    outer loop
      vertex 0.519485 45.048 26
      vertex 0.65 44.9608 24
      vertex 0.519485 45.048 24
    endloop
  endfacet
  facet normal 0.659362 -0.751826 0
    outer loop
      vertex 0.401471 57.8485 24
      vertex 0.519485 57.952 26
      vertex 0.401471 57.8485 26
    endloop
  endfacet
  facet normal 0.659362 -0.751826 0
    outer loop
      vertex 0.519485 57.952 26
      vertex 0.401471 57.8485 24
      vertex 0.519485 57.952 24
    endloop
  endfacet
  facet normal 0.555538 -0.831491 0
    outer loop
      vertex 0.519485 57.952 24
      vertex 0.65 58.0392 26
      vertex 0.519485 57.952 26
    endloop
  endfacet
  facet normal 0.555538 -0.831491 0
    outer loop
      vertex 0.65 58.0392 26
      vertex 0.519485 57.952 24
      vertex 0.65 58.0392 24
    endloop
  endfacet
  facet normal 0.442675 -0.896682 0
    outer loop
      vertex 0.65 58.0392 24
      vertex 0.790779 58.1087 26
      vertex 0.65 58.0392 26
    endloop
  endfacet
  facet normal 0.442675 -0.896682 0
    outer loop
      vertex 0.790779 58.1087 26
      vertex 0.65 58.0392 24
      vertex 0.790779 58.1087 24
    endloop
  endfacet
  facet normal 0.194948 -0.980813 0
    outer loop
      vertex 0.939417 58.1591 24
      vertex 1.09337 58.1897 26
      vertex 0.939417 58.1591 26
    endloop
  endfacet
  facet normal 0.194948 -0.980813 0
    outer loop
      vertex 1.09337 58.1897 26
      vertex 0.939417 58.1591 24
      vertex 1.09337 58.1897 24
    endloop
  endfacet
  facet normal 0.751803 -0.659388 0
    outer loop
      vertex 0.297976 57.7305 26
      vertex 0.401471 57.8485 24
      vertex 0.401471 57.8485 26
    endloop
  endfacet
  facet normal 0.751803 -0.659388 0
    outer loop
      vertex 0.401471 57.8485 24
      vertex 0.297976 57.7305 26
      vertex 0.297976 57.7305 24
    endloop
  endfacet
  facet normal 0.0656183 0.997845 -0
    outer loop
      vertex 1.25 44.8 24
      vertex 1.09337 44.8103 26
      vertex 1.25 44.8 26
    endloop
  endfacet
  facet normal 0.0656183 0.997845 0
    outer loop
      vertex 1.09337 44.8103 26
      vertex 1.25 44.8 24
      vertex 1.09337 44.8103 24
    endloop
  endfacet
  facet normal -0.555553 0.831481 0
    outer loop
      vertex 1.98051 45.048 24
      vertex 1.85 44.9608 26
      vertex 1.98051 45.048 26
    endloop
  endfacet
  facet normal -0.555553 0.831481 0
    outer loop
      vertex 1.85 44.9608 26
      vertex 1.98051 45.048 24
      vertex 1.85 44.9608 24
    endloop
  endfacet
  facet normal -0.321117 0.94704 0
    outer loop
      vertex 1.70922 44.8913 24
      vertex 1.56058 44.8409 26
      vertex 1.70922 44.8913 26
    endloop
  endfacet
  facet normal -0.321117 0.94704 0
    outer loop
      vertex 1.56058 44.8409 26
      vertex 1.70922 44.8913 24
      vertex 1.56058 44.8409 24
    endloop
  endfacet
  facet normal -0.194952 0.980813 0
    outer loop
      vertex 1.56058 44.8409 24
      vertex 1.40663 44.8103 26
      vertex 1.56058 44.8409 26
    endloop
  endfacet
  facet normal -0.194952 0.980813 0
    outer loop
      vertex 1.40663 44.8103 26
      vertex 1.56058 44.8409 24
      vertex 1.40663 44.8103 24
    endloop
  endfacet
  facet normal -0.442673 0.896683 0
    outer loop
      vertex 1.85 44.9608 24
      vertex 1.70922 44.8913 26
      vertex 1.85 44.9608 26
    endloop
  endfacet
  facet normal -0.442673 0.896683 0
    outer loop
      vertex 1.70922 44.8913 26
      vertex 1.85 44.9608 24
      vertex 1.70922 44.8913 24
    endloop
  endfacet
  facet normal -0.659343 0.751842 0
    outer loop
      vertex 2.09853 45.1515 24
      vertex 1.98051 45.048 26
      vertex 2.09853 45.1515 26
    endloop
  endfacet
  facet normal -0.659343 0.751842 0
    outer loop
      vertex 1.98051 45.048 26
      vertex 2.09853 45.1515 24
      vertex 1.98051 45.048 24
    endloop
  endfacet
  facet normal 0.896898 0.442238 0
    outer loop
      vertex 0.210769 45.4 26
      vertex 0.141344 45.5408 24
      vertex 0.141344 45.5408 26
    endloop
  endfacet
  facet normal 0.896898 0.442238 0
    outer loop
      vertex 0.141344 45.5408 24
      vertex 0.210769 45.4 26
      vertex 0.210769 45.4 24
    endloop
  endfacet
  facet normal 0.321121 0.947038 -0
    outer loop
      vertex 0.939417 44.8409 24
      vertex 0.790779 44.8913 26
      vertex 0.939417 44.8409 26
    endloop
  endfacet
  facet normal 0.321121 0.947038 0
    outer loop
      vertex 0.790779 44.8913 26
      vertex 0.939417 44.8409 24
      vertex 0.790779 44.8913 24
    endloop
  endfacet
  facet normal -0.751818 0.65937 0
    outer loop
      vertex 2.09853 45.1515 24
      vertex 2.20202 45.2695 26
      vertex 2.20202 45.2695 24
    endloop
  endfacet
  facet normal -0.751818 0.65937 0
    outer loop
      vertex 2.20202 45.2695 26
      vertex 2.09853 45.1515 24
      vertex 2.09853 45.1515 26
    endloop
  endfacet
  facet normal -0.0656183 -0.997845 0
    outer loop
      vertex 1.25 78.2 24
      vertex 1.40663 78.1897 26
      vertex 1.25 78.2 26
    endloop
  endfacet
  facet normal -0.0656183 -0.997845 -0
    outer loop
      vertex 1.40663 78.1897 26
      vertex 1.25 78.2 24
      vertex 1.40663 78.1897 24
    endloop
  endfacet
  facet normal 0.980796 -0.195035 0
    outer loop
      vertex 0.0602655 77.1566 26
      vertex 0.090889 77.3106 24
      vertex 0.090889 77.3106 26
    endloop
  endfacet
  facet normal 0.980796 -0.195035 0
    outer loop
      vertex 0.090889 77.3106 24
      vertex 0.0602655 77.1566 26
      vertex 0.0602655 77.1566 24
    endloop
  endfacet
  facet normal -0.997856 -0.0654405 0
    outer loop
      vertex 2.45 77 24
      vertex 2.43973 77.1566 26
      vertex 2.43973 77.1566 24
    endloop
  endfacet
  facet normal -0.997856 -0.0654405 0
    outer loop
      vertex 2.43973 77.1566 26
      vertex 2.45 77 24
      vertex 2.45 77 26
    endloop
  endfacet
  facet normal 1 -0 0
    outer loop
      vertex 0.0499992 66 26
      vertex 0.0499992 77 24
      vertex 0.0499992 77 26
    endloop
  endfacet
  facet normal 1 0 0
    outer loop
      vertex 0.0499992 77 24
      vertex 0.0499992 66 26
      vertex 0.0499992 66 24
    endloop
  endfacet
  facet normal 0.997858 -0.065417 0
    outer loop
      vertex 0.0499992 77 26
      vertex 0.0602655 77.1566 24
      vertex 0.0602655 77.1566 26
    endloop
  endfacet
  facet normal 0.997858 -0.065417 0
    outer loop
      vertex 0.0602655 77.1566 24
      vertex 0.0499992 77 26
      vertex 0.0499992 77 24
    endloop
  endfacet
  facet normal 0.442675 -0.896682 0
    outer loop
      vertex 0.65 78.0392 24
      vertex 0.790779 78.1087 26
      vertex 0.65 78.0392 26
    endloop
  endfacet
  facet normal 0.442675 -0.896682 0
    outer loop
      vertex 0.790779 78.1087 26
      vertex 0.65 78.0392 24
      vertex 0.790779 78.1087 24
    endloop
  endfacet
  facet normal -0.751818 -0.65937 0
    outer loop
      vertex 2.20202 77.7305 24
      vertex 2.09853 77.8485 26
      vertex 2.09853 77.8485 24
    endloop
  endfacet
  facet normal -0.751818 -0.65937 0
    outer loop
      vertex 2.09853 77.8485 26
      vertex 2.20202 77.7305 24
      vertex 2.20202 77.7305 26
    endloop
  endfacet
  facet normal 0.997858 0.065417 0
    outer loop
      vertex 0.0602655 65.8434 26
      vertex 0.0499992 66 24
      vertex 0.0499992 66 26
    endloop
  endfacet
  facet normal 0.997858 0.065417 0
    outer loop
      vertex 0.0499992 66 24
      vertex 0.0602655 65.8434 26
      vertex 0.0602655 65.8434 24
    endloop
  endfacet
  facet normal -0.89691 -0.442212 0
    outer loop
      vertex 2.35865 77.4592 24
      vertex 2.28923 77.6 26
      vertex 2.28923 77.6 24
    endloop
  endfacet
  facet normal -0.89691 -0.442212 0
    outer loop
      vertex 2.28923 77.6 26
      vertex 2.35865 77.4592 24
      vertex 2.35865 77.4592 26
    endloop
  endfacet
  facet normal 0.194948 0.980813 -0
    outer loop
      vertex 1.09337 64.8103 24
      vertex 0.939417 64.8409 26
      vertex 1.09337 64.8103 26
    endloop
  endfacet
  facet normal 0.194948 0.980813 0
    outer loop
      vertex 0.939417 64.8409 26
      vertex 1.09337 64.8103 24
      vertex 0.939417 64.8409 24
    endloop
  endfacet
  facet normal -0.0656183 0.997845 0
    outer loop
      vertex 1.40663 64.8103 24
      vertex 1.25 64.8 26
      vertex 1.40663 64.8103 26
    endloop
  endfacet
  facet normal -0.0656183 0.997845 0
    outer loop
      vertex 1.25 64.8 26
      vertex 1.40663 64.8103 24
      vertex 1.25 64.8 24
    endloop
  endfacet
  facet normal 0.321121 0.947038 -0
    outer loop
      vertex 0.939417 64.8409 24
      vertex 0.790779 64.8913 26
      vertex 0.939417 64.8409 26
    endloop
  endfacet
  facet normal 0.321121 0.947038 0
    outer loop
      vertex 0.790779 64.8913 26
      vertex 0.939417 64.8409 24
      vertex 0.790779 64.8913 24
    endloop
  endfacet
  facet normal 0.442675 0.896682 -0
    outer loop
      vertex 0.790779 64.8913 24
      vertex 0.65 64.9608 26
      vertex 0.790779 64.8913 26
    endloop
  endfacet
  facet normal 0.442675 0.896682 0
    outer loop
      vertex 0.65 64.9608 26
      vertex 0.790779 64.8913 24
      vertex 0.65 64.9608 24
    endloop
  endfacet
  facet normal -0.442673 0.896683 0
    outer loop
      vertex 1.85 64.9608 24
      vertex 1.70922 64.8913 26
      vertex 1.85 64.9608 26
    endloop
  endfacet
  facet normal -0.442673 0.896683 0
    outer loop
      vertex 1.70922 64.8913 26
      vertex 1.85 64.9608 24
      vertex 1.70922 64.8913 24
    endloop
  endfacet
  facet normal -0.555553 0.831481 0
    outer loop
      vertex 1.98051 65.048 24
      vertex 1.85 64.9608 26
      vertex 1.98051 65.048 26
    endloop
  endfacet
  facet normal -0.555553 0.831481 0
    outer loop
      vertex 1.85 64.9608 26
      vertex 1.98051 65.048 24
      vertex 1.85 64.9608 24
    endloop
  endfacet
  facet normal -0.946897 0.321537 0
    outer loop
      vertex 2.35865 65.5408 24
      vertex 2.40911 65.6894 26
      vertex 2.40911 65.6894 24
    endloop
  endfacet
  facet normal -0.946897 0.321537 0
    outer loop
      vertex 2.40911 65.6894 26
      vertex 2.35865 65.5408 24
      vertex 2.35865 65.5408 26
    endloop
  endfacet
  facet normal 0.946907 -0.321509 0
    outer loop
      vertex 0.090889 77.3106 26
      vertex 0.141344 77.4592 24
      vertex 0.141344 77.4592 26
    endloop
  endfacet
  facet normal 0.946907 -0.321509 0
    outer loop
      vertex 0.141344 77.4592 24
      vertex 0.090889 77.3106 26
      vertex 0.090889 77.3106 24
    endloop
  endfacet
  facet normal 0.555538 -0.831491 0
    outer loop
      vertex 0.519485 77.952 24
      vertex 0.65 78.0392 26
      vertex 0.519485 77.952 26
    endloop
  endfacet
  facet normal 0.555538 -0.831491 0
    outer loop
      vertex 0.65 78.0392 26
      vertex 0.519485 77.952 24
      vertex 0.65 78.0392 24
    endloop
  endfacet
  facet normal 0.659362 -0.751826 0
    outer loop
      vertex 0.401471 77.8485 24
      vertex 0.519485 77.952 26
      vertex 0.401471 77.8485 26
    endloop
  endfacet
  facet normal 0.659362 -0.751826 0
    outer loop
      vertex 0.519485 77.952 26
      vertex 0.401471 77.8485 24
      vertex 0.519485 77.952 24
    endloop
  endfacet
  facet normal -0.442673 -0.896683 0
    outer loop
      vertex 1.70922 78.1087 24
      vertex 1.85 78.0392 26
      vertex 1.70922 78.1087 26
    endloop
  endfacet
  facet normal -0.442673 -0.896683 -0
    outer loop
      vertex 1.85 78.0392 26
      vertex 1.70922 78.1087 24
      vertex 1.85 78.0392 24
    endloop
  endfacet
  facet normal -0.194952 -0.980813 0
    outer loop
      vertex 1.40663 78.1897 24
      vertex 1.56058 78.1591 26
      vertex 1.40663 78.1897 26
    endloop
  endfacet
  facet normal -0.194952 -0.980813 -0
    outer loop
      vertex 1.56058 78.1591 26
      vertex 1.40663 78.1897 24
      vertex 1.56058 78.1591 24
    endloop
  endfacet
  facet normal -1 0 0
    outer loop
      vertex 2.45 66 24
      vertex 2.45 77 26
      vertex 2.45 77 24
    endloop
  endfacet
  facet normal -1 -0 0
    outer loop
      vertex 2.45 77 26
      vertex 2.45 66 24
      vertex 2.45 66 26
    endloop
  endfacet
  facet normal -0.997856 0.0654405 0
    outer loop
      vertex 2.43973 65.8434 24
      vertex 2.45 66 26
      vertex 2.45 66 24
    endloop
  endfacet
  facet normal -0.997856 0.0654405 0
    outer loop
      vertex 2.45 66 26
      vertex 2.43973 65.8434 24
      vertex 2.43973 65.8434 26
    endloop
  endfacet
  facet normal 0.980796 0.195035 0
    outer loop
      vertex 0.090889 65.6894 26
      vertex 0.0602655 65.8434 24
      vertex 0.0602655 65.8434 26
    endloop
  endfacet
  facet normal 0.980796 0.195035 0
    outer loop
      vertex 0.0602655 65.8434 24
      vertex 0.090889 65.6894 26
      vertex 0.090889 65.6894 24
    endloop
  endfacet
  facet normal 0.896898 0.442238 0
    outer loop
      vertex 0.210769 65.4 26
      vertex 0.141344 65.5408 24
      vertex 0.141344 65.5408 26
    endloop
  endfacet
  facet normal 0.896898 0.442238 0
    outer loop
      vertex 0.141344 65.5408 24
      vertex 0.210769 65.4 26
      vertex 0.210769 65.4 24
    endloop
  endfacet
  facet normal 0.831441 0.555613 0
    outer loop
      vertex 0.297976 65.2695 26
      vertex 0.210769 65.4 24
      vertex 0.210769 65.4 26
    endloop
  endfacet
  facet normal 0.831441 0.555613 0
    outer loop
      vertex 0.210769 65.4 24
      vertex 0.297976 65.2695 26
      vertex 0.297976 65.2695 24
    endloop
  endfacet
  facet normal 0.659362 0.751826 -0
    outer loop
      vertex 0.519485 65.048 24
      vertex 0.401471 65.1515 26
      vertex 0.519485 65.048 26
    endloop
  endfacet
  facet normal 0.659362 0.751826 0
    outer loop
      vertex 0.401471 65.1515 26
      vertex 0.519485 65.048 24
      vertex 0.401471 65.1515 24
    endloop
  endfacet
  facet normal 0.751803 0.659388 0
    outer loop
      vertex 0.401471 65.1515 26
      vertex 0.297976 65.2695 24
      vertex 0.297976 65.2695 26
    endloop
  endfacet
  facet normal 0.751803 0.659388 0
    outer loop
      vertex 0.297976 65.2695 24
      vertex 0.401471 65.1515 26
      vertex 0.401471 65.1515 24
    endloop
  endfacet
  facet normal 0.0656183 0.997845 -0
    outer loop
      vertex 1.25 64.8 24
      vertex 1.09337 64.8103 26
      vertex 1.25 64.8 26
    endloop
  endfacet
  facet normal 0.0656183 0.997845 0
    outer loop
      vertex 1.09337 64.8103 26
      vertex 1.25 64.8 24
      vertex 1.09337 64.8103 24
    endloop
  endfacet
  facet normal 0.555538 0.831491 -0
    outer loop
      vertex 0.65 64.9608 24
      vertex 0.519485 65.048 26
      vertex 0.65 64.9608 26
    endloop
  endfacet
  facet normal 0.555538 0.831491 0
    outer loop
      vertex 0.519485 65.048 26
      vertex 0.65 64.9608 24
      vertex 0.519485 65.048 24
    endloop
  endfacet
  facet normal -0.194952 0.980813 0
    outer loop
      vertex 1.56058 64.8409 24
      vertex 1.40663 64.8103 26
      vertex 1.56058 64.8409 26
    endloop
  endfacet
  facet normal -0.194952 0.980813 0
    outer loop
      vertex 1.40663 64.8103 26
      vertex 1.56058 64.8409 24
      vertex 1.40663 64.8103 24
    endloop
  endfacet
  facet normal -0.321117 0.94704 0
    outer loop
      vertex 1.70922 64.8913 24
      vertex 1.56058 64.8409 26
      vertex 1.70922 64.8913 26
    endloop
  endfacet
  facet normal -0.321117 0.94704 0
    outer loop
      vertex 1.56058 64.8409 26
      vertex 1.70922 64.8913 24
      vertex 1.56058 64.8409 24
    endloop
  endfacet
  facet normal -0.751818 0.65937 0
    outer loop
      vertex 2.09853 65.1515 24
      vertex 2.20202 65.2695 26
      vertex 2.20202 65.2695 24
    endloop
  endfacet
  facet normal -0.751818 0.65937 0
    outer loop
      vertex 2.20202 65.2695 26
      vertex 2.09853 65.1515 24
      vertex 2.09853 65.1515 26
    endloop
  endfacet
  facet normal -0.831432 0.555626 0
    outer loop
      vertex 2.20202 65.2695 24
      vertex 2.28923 65.4 26
      vertex 2.28923 65.4 24
    endloop
  endfacet
  facet normal -0.831432 0.555626 0
    outer loop
      vertex 2.28923 65.4 26
      vertex 2.20202 65.2695 24
      vertex 2.20202 65.2695 26
    endloop
  endfacet
  facet normal 0.751803 -0.659388 0
    outer loop
      vertex 0.297976 77.7305 26
      vertex 0.401471 77.8485 24
      vertex 0.401471 77.8485 26
    endloop
  endfacet
  facet normal 0.751803 -0.659388 0
    outer loop
      vertex 0.401471 77.8485 24
      vertex 0.297976 77.7305 26
      vertex 0.297976 77.7305 24
    endloop
  endfacet
  facet normal 0.896898 -0.442238 0
    outer loop
      vertex 0.141344 77.4592 26
      vertex 0.210769 77.6 24
      vertex 0.210769 77.6 26
    endloop
  endfacet
  facet normal 0.896898 -0.442238 0
    outer loop
      vertex 0.210769 77.6 24
      vertex 0.141344 77.4592 26
      vertex 0.141344 77.4592 24
    endloop
  endfacet
  facet normal -0.555553 -0.831481 0
    outer loop
      vertex 1.85 78.0392 24
      vertex 1.98051 77.952 26
      vertex 1.85 78.0392 26
    endloop
  endfacet
  facet normal -0.555553 -0.831481 -0
    outer loop
      vertex 1.98051 77.952 26
      vertex 1.85 78.0392 24
      vertex 1.98051 77.952 24
    endloop
  endfacet
  facet normal -0.321117 -0.94704 0
    outer loop
      vertex 1.56058 78.1591 24
      vertex 1.70922 78.1087 26
      vertex 1.56058 78.1591 26
    endloop
  endfacet
  facet normal -0.321117 -0.94704 -0
    outer loop
      vertex 1.70922 78.1087 26
      vertex 1.56058 78.1591 24
      vertex 1.70922 78.1087 24
    endloop
  endfacet
  facet normal -0.831432 -0.555626 0
    outer loop
      vertex 2.28923 77.6 24
      vertex 2.20202 77.7305 26
      vertex 2.20202 77.7305 24
    endloop
  endfacet
  facet normal -0.831432 -0.555626 0
    outer loop
      vertex 2.20202 77.7305 26
      vertex 2.28923 77.6 24
      vertex 2.28923 77.6 26
    endloop
  endfacet
  facet normal -0.946897 -0.321537 0
    outer loop
      vertex 2.40911 77.3106 24
      vertex 2.35865 77.4592 26
      vertex 2.35865 77.4592 24
    endloop
  endfacet
  facet normal -0.946897 -0.321537 0
    outer loop
      vertex 2.35865 77.4592 26
      vertex 2.40911 77.3106 24
      vertex 2.40911 77.3106 26
    endloop
  endfacet
  facet normal -0.980801 -0.195014 0
    outer loop
      vertex 2.43973 77.1566 24
      vertex 2.40911 77.3106 26
      vertex 2.40911 77.3106 24
    endloop
  endfacet
  facet normal -0.980801 -0.195014 0
    outer loop
      vertex 2.40911 77.3106 26
      vertex 2.43973 77.1566 24
      vertex 2.43973 77.1566 26
    endloop
  endfacet
  facet normal -0.89691 0.442212 0
    outer loop
      vertex 2.28923 65.4 24
      vertex 2.35865 65.5408 26
      vertex 2.35865 65.5408 24
    endloop
  endfacet
  facet normal -0.89691 0.442212 0
    outer loop
      vertex 2.35865 65.5408 26
      vertex 2.28923 65.4 24
      vertex 2.28923 65.4 26
    endloop
  endfacet
  facet normal 0.946907 0.321509 0
    outer loop
      vertex 0.141344 65.5408 26
      vertex 0.090889 65.6894 24
      vertex 0.090889 65.6894 26
    endloop
  endfacet
  facet normal 0.946907 0.321509 0
    outer loop
      vertex 0.090889 65.6894 24
      vertex 0.141344 65.5408 26
      vertex 0.141344 65.5408 24
    endloop
  endfacet
  facet normal -0.659343 0.751842 0
    outer loop
      vertex 2.09853 65.1515 24
      vertex 1.98051 65.048 26
      vertex 2.09853 65.1515 26
    endloop
  endfacet
  facet normal -0.659343 0.751842 0
    outer loop
      vertex 1.98051 65.048 26
      vertex 2.09853 65.1515 24
      vertex 1.98051 65.048 24
    endloop
  endfacet
  facet normal 0.321121 -0.947038 0
    outer loop
      vertex 0.790779 78.1087 24
      vertex 0.939417 78.1591 26
      vertex 0.790779 78.1087 26
    endloop
  endfacet
  facet normal 0.321121 -0.947038 0
    outer loop
      vertex 0.939417 78.1591 26
      vertex 0.790779 78.1087 24
      vertex 0.939417 78.1591 24
    endloop
  endfacet
  facet normal 0.194948 -0.980813 0
    outer loop
      vertex 0.939417 78.1591 24
      vertex 1.09337 78.1897 26
      vertex 0.939417 78.1591 26
    endloop
  endfacet
  facet normal 0.194948 -0.980813 0
    outer loop
      vertex 1.09337 78.1897 26
      vertex 0.939417 78.1591 24
      vertex 1.09337 78.1897 24
    endloop
  endfacet
  facet normal 0.0656183 -0.997845 0
    outer loop
      vertex 1.09337 78.1897 24
      vertex 1.25 78.2 26
      vertex 1.09337 78.1897 26
    endloop
  endfacet
  facet normal 0.0656183 -0.997845 0
    outer loop
      vertex 1.25 78.2 26
      vertex 1.09337 78.1897 24
      vertex 1.25 78.2 24
    endloop
  endfacet
  facet normal 0.831441 -0.555613 0
    outer loop
      vertex 0.210769 77.6 26
      vertex 0.297976 77.7305 24
      vertex 0.297976 77.7305 26
    endloop
  endfacet
  facet normal 0.831441 -0.555613 0
    outer loop
      vertex 0.297976 77.7305 24
      vertex 0.210769 77.6 26
      vertex 0.210769 77.6 24
    endloop
  endfacet
  facet normal -0.659343 -0.751842 0
    outer loop
      vertex 1.98051 77.952 24
      vertex 2.09853 77.8485 26
      vertex 1.98051 77.952 26
    endloop
  endfacet
  facet normal -0.659343 -0.751842 -0
    outer loop
      vertex 2.09853 77.8485 26
      vertex 1.98051 77.952 24
      vertex 2.09853 77.8485 24
    endloop
  endfacet
  facet normal -0.980801 0.195014 0
    outer loop
      vertex 2.40911 65.6894 24
      vertex 2.43973 65.8434 26
      vertex 2.43973 65.8434 24
    endloop
  endfacet
  facet normal -0.980801 0.195014 0
    outer loop
      vertex 2.43973 65.8434 26
      vertex 2.40911 65.6894 24
      vertex 2.40911 65.6894 26
    endloop
  endfacet
  facet normal -0.980825 -0.194891 0
    outer loop
      vertex 49.4397 57.1566 24
      vertex 49.4091 57.3106 26
      vertex 49.4091 57.3106 24
    endloop
  endfacet
  facet normal -0.980825 -0.194891 0
    outer loop
      vertex 49.4091 57.3106 26
      vertex 49.4397 57.1566 24
      vertex 49.4397 57.1566 26
    endloop
  endfacet
  facet normal -0.831462 0.555582 0
    outer loop
      vertex 49.202 45.2695 24
      vertex 49.2892 45.4 26
      vertex 49.2892 45.4 24
    endloop
  endfacet
  facet normal -0.831462 0.555582 0
    outer loop
      vertex 49.2892 45.4 26
      vertex 49.202 45.2695 24
      vertex 49.202 45.2695 26
    endloop
  endfacet
  facet normal -1 0 0
    outer loop
      vertex 49.45 46 24
      vertex 49.45 57 26
      vertex 49.45 57 24
    endloop
  endfacet
  facet normal -1 -0 0
    outer loop
      vertex 49.45 57 26
      vertex 49.45 46 24
      vertex 49.45 46 26
    endloop
  endfacet
  facet normal -0.896708 -0.442622 0
    outer loop
      vertex 49.3587 57.4592 24
      vertex 49.2892 57.6 26
      vertex 49.2892 57.6 24
    endloop
  endfacet
  facet normal -0.896708 -0.442622 0
    outer loop
      vertex 49.2892 57.6 26
      vertex 49.3587 57.4592 24
      vertex 49.3587 57.4592 26
    endloop
  endfacet
  facet normal -0.997844 -0.0656309 0
    outer loop
      vertex 49.45 57 24
      vertex 49.4397 57.1566 26
      vertex 49.4397 57.1566 24
    endloop
  endfacet
  facet normal -0.997844 -0.0656309 0
    outer loop
      vertex 49.4397 57.1566 26
      vertex 49.45 57 24
      vertex 49.45 57 26
    endloop
  endfacet
  facet normal -0.555582 0.831462 0
    outer loop
      vertex 48.9805 45.048 24
      vertex 48.85 44.9608 26
      vertex 48.9805 45.048 26
    endloop
  endfacet
  facet normal -0.555582 0.831462 0
    outer loop
      vertex 48.85 44.9608 26
      vertex 48.9805 45.048 24
      vertex 48.85 44.9608 24
    endloop
  endfacet
  facet normal -0.751787 0.659406 0
    outer loop
      vertex 49.0985 45.1515 24
      vertex 49.202 45.2695 26
      vertex 49.202 45.2695 24
    endloop
  endfacet
  facet normal -0.751787 0.659406 0
    outer loop
      vertex 49.202 45.2695 26
      vertex 49.0985 45.1515 24
      vertex 49.0985 45.1515 26
    endloop
  endfacet
  facet normal 0.194891 0.980825 -0
    outer loop
      vertex 48.0934 44.8103 24
      vertex 47.9394 44.8409 26
      vertex 48.0934 44.8103 26
    endloop
  endfacet
  facet normal 0.194891 0.980825 0
    outer loop
      vertex 47.9394 44.8409 26
      vertex 48.0934 44.8103 24
      vertex 47.9394 44.8409 24
    endloop
  endfacet
  facet normal 0.321194 0.947013 -0
    outer loop
      vertex 47.9394 44.8409 24
      vertex 47.7908 44.8913 26
      vertex 47.9394 44.8409 26
    endloop
  endfacet
  facet normal 0.321194 0.947013 0
    outer loop
      vertex 47.7908 44.8913 26
      vertex 47.9394 44.8409 24
      vertex 47.7908 44.8913 24
    endloop
  endfacet
  facet normal 0.997844 -0.0656309 0
    outer loop
      vertex 47.05 57 26
      vertex 47.0603 57.1566 24
      vertex 47.0603 57.1566 26
    endloop
  endfacet
  facet normal 0.997844 -0.0656309 0
    outer loop
      vertex 47.0603 57.1566 24
      vertex 47.05 57 26
      vertex 47.05 57 24
    endloop
  endfacet
  facet normal -0.997844 0.0656309 0
    outer loop
      vertex 49.4397 45.8434 24
      vertex 49.45 46 26
      vertex 49.45 46 24
    endloop
  endfacet
  facet normal -0.997844 0.0656309 0
    outer loop
      vertex 49.45 46 26
      vertex 49.4397 45.8434 24
      vertex 49.4397 45.8434 26
    endloop
  endfacet
  facet normal -0.442622 0.896708 0
    outer loop
      vertex 48.85 44.9608 24
      vertex 48.7092 44.8913 26
      vertex 48.85 44.9608 26
    endloop
  endfacet
  facet normal -0.442622 0.896708 0
    outer loop
      vertex 48.7092 44.8913 26
      vertex 48.85 44.9608 24
      vertex 48.7092 44.8913 24
    endloop
  endfacet
  facet normal -0.194891 0.980825 0
    outer loop
      vertex 48.5606 44.8409 24
      vertex 48.4066 44.8103 26
      vertex 48.5606 44.8409 26
    endloop
  endfacet
  facet normal -0.194891 0.980825 0
    outer loop
      vertex 48.4066 44.8103 26
      vertex 48.5606 44.8409 24
      vertex 48.4066 44.8103 24
    endloop
  endfacet
  facet normal -0.321194 -0.947013 0
    outer loop
      vertex 48.5606 58.1591 24
      vertex 48.7092 58.1087 26
      vertex 48.5606 58.1591 26
    endloop
  endfacet
  facet normal -0.321194 -0.947013 -0
    outer loop
      vertex 48.7092 58.1087 26
      vertex 48.5606 58.1591 24
      vertex 48.7092 58.1087 24
    endloop
  endfacet
  facet normal 0.321194 -0.947013 0
    outer loop
      vertex 47.7908 58.1087 24
      vertex 47.9394 58.1591 26
      vertex 47.7908 58.1087 26
    endloop
  endfacet
  facet normal 0.321194 -0.947013 0
    outer loop
      vertex 47.9394 58.1591 26
      vertex 47.7908 58.1087 24
      vertex 47.9394 58.1591 24
    endloop
  endfacet
  facet normal -0.896708 0.442622 0
    outer loop
      vertex 49.2892 45.4 24
      vertex 49.3587 45.5408 26
      vertex 49.3587 45.5408 24
    endloop
  endfacet
  facet normal -0.896708 0.442622 0
    outer loop
      vertex 49.3587 45.5408 26
      vertex 49.2892 45.4 24
      vertex 49.2892 45.4 26
    endloop
  endfacet
  facet normal -0.659406 0.751787 0
    outer loop
      vertex 49.0985 45.1515 24
      vertex 48.9805 45.048 26
      vertex 49.0985 45.1515 26
    endloop
  endfacet
  facet normal -0.659406 0.751787 0
    outer loop
      vertex 48.9805 45.048 26
      vertex 49.0985 45.1515 24
      vertex 48.9805 45.048 24
    endloop
  endfacet
  facet normal -0.321194 0.947013 0
    outer loop
      vertex 48.7092 44.8913 24
      vertex 48.5606 44.8409 26
      vertex 48.7092 44.8913 26
    endloop
  endfacet
  facet normal -0.321194 0.947013 0
    outer loop
      vertex 48.5606 44.8409 26
      vertex 48.7092 44.8913 24
      vertex 48.5606 44.8409 24
    endloop
  endfacet
  facet normal 0.997844 0.0656309 0
    outer loop
      vertex 47.0603 45.8434 26
      vertex 47.05 46 24
      vertex 47.05 46 26
    endloop
  endfacet
  facet normal 0.997844 0.0656309 0
    outer loop
      vertex 47.05 46 24
      vertex 47.0603 45.8434 26
      vertex 47.0603 45.8434 24
    endloop
  endfacet
  facet normal 1 -0 0
    outer loop
      vertex 47.05 46 26
      vertex 47.05 57 24
      vertex 47.05 57 26
    endloop
  endfacet
  facet normal 1 0 0
    outer loop
      vertex 47.05 57 24
      vertex 47.05 46 26
      vertex 47.05 46 24
    endloop
  endfacet
  facet normal -0.980825 0.194891 0
    outer loop
      vertex 49.4091 45.6894 24
      vertex 49.4397 45.8434 26
      vertex 49.4397 45.8434 24
    endloop
  endfacet
  facet normal -0.980825 0.194891 0
    outer loop
      vertex 49.4397 45.8434 26
      vertex 49.4091 45.6894 24
      vertex 49.4091 45.6894 26
    endloop
  endfacet
  facet normal -0.947013 0.321194 0
    outer loop
      vertex 49.3587 45.5408 24
      vertex 49.4091 45.6894 26
      vertex 49.4091 45.6894 24
    endloop
  endfacet
  facet normal -0.947013 0.321194 0
    outer loop
      vertex 49.4091 45.6894 26
      vertex 49.3587 45.5408 24
      vertex 49.3587 45.5408 26
    endloop
  endfacet
  facet normal 0.442622 0.896708 -0
    outer loop
      vertex 47.7908 44.8913 24
      vertex 47.65 44.9608 26
      vertex 47.7908 44.8913 26
    endloop
  endfacet
  facet normal 0.442622 0.896708 0
    outer loop
      vertex 47.65 44.9608 26
      vertex 47.7908 44.8913 24
      vertex 47.65 44.9608 24
    endloop
  endfacet
  facet normal -0.947013 -0.321194 0
    outer loop
      vertex 49.4091 57.3106 24
      vertex 49.3587 57.4592 26
      vertex 49.3587 57.4592 24
    endloop
  endfacet
  facet normal -0.947013 -0.321194 0
    outer loop
      vertex 49.3587 57.4592 26
      vertex 49.4091 57.3106 24
      vertex 49.4091 57.3106 26
    endloop
  endfacet
  facet normal -0.831462 -0.555582 0
    outer loop
      vertex 49.2892 57.6 24
      vertex 49.202 57.7305 26
      vertex 49.202 57.7305 24
    endloop
  endfacet
  facet normal -0.831462 -0.555582 0
    outer loop
      vertex 49.202 57.7305 26
      vertex 49.2892 57.6 24
      vertex 49.2892 57.6 26
    endloop
  endfacet
  facet normal -0.751787 -0.659406 0
    outer loop
      vertex 49.202 57.7305 24
      vertex 49.0985 57.8485 26
      vertex 49.0985 57.8485 24
    endloop
  endfacet
  facet normal -0.751787 -0.659406 0
    outer loop
      vertex 49.0985 57.8485 26
      vertex 49.202 57.7305 24
      vertex 49.202 57.7305 26
    endloop
  endfacet
  facet normal -0.194891 -0.980825 0
    outer loop
      vertex 48.4066 58.1897 24
      vertex 48.5606 58.1591 26
      vertex 48.4066 58.1897 26
    endloop
  endfacet
  facet normal -0.194891 -0.980825 -0
    outer loop
      vertex 48.5606 58.1591 26
      vertex 48.4066 58.1897 24
      vertex 48.5606 58.1591 24
    endloop
  endfacet
  facet normal 0.0656309 -0.997844 0
    outer loop
      vertex 48.0934 58.1897 24
      vertex 48.25 58.2 26
      vertex 48.0934 58.1897 26
    endloop
  endfacet
  facet normal 0.0656309 -0.997844 0
    outer loop
      vertex 48.25 58.2 26
      vertex 48.0934 58.1897 24
      vertex 48.25 58.2 24
    endloop
  endfacet
  facet normal -0.0656309 -0.997844 0
    outer loop
      vertex 48.25 58.2 24
      vertex 48.4066 58.1897 26
      vertex 48.25 58.2 26
    endloop
  endfacet
  facet normal -0.0656309 -0.997844 -0
    outer loop
      vertex 48.4066 58.1897 26
      vertex 48.25 58.2 24
      vertex 48.4066 58.1897 24
    endloop
  endfacet
  facet normal 0.751787 -0.659406 0
    outer loop
      vertex 47.298 57.7305 26
      vertex 47.4015 57.8485 24
      vertex 47.4015 57.8485 26
    endloop
  endfacet
  facet normal 0.751787 -0.659406 0
    outer loop
      vertex 47.4015 57.8485 24
      vertex 47.298 57.7305 26
      vertex 47.298 57.7305 24
    endloop
  endfacet
  facet normal -0.0656309 0.997844 0
    outer loop
      vertex 48.4066 44.8103 24
      vertex 48.25 44.8 26
      vertex 48.4066 44.8103 26
    endloop
  endfacet
  facet normal -0.0656309 0.997844 0
    outer loop
      vertex 48.25 44.8 26
      vertex 48.4066 44.8103 24
      vertex 48.25 44.8 24
    endloop
  endfacet
  facet normal 0.555582 0.831462 -0
    outer loop
      vertex 47.65 44.9608 24
      vertex 47.5195 45.048 26
      vertex 47.65 44.9608 26
    endloop
  endfacet
  facet normal 0.555582 0.831462 0
    outer loop
      vertex 47.5195 45.048 26
      vertex 47.65 44.9608 24
      vertex 47.5195 45.048 24
    endloop
  endfacet
  facet normal 0.659406 0.751787 -0
    outer loop
      vertex 47.5195 45.048 24
      vertex 47.4015 45.1515 26
      vertex 47.5195 45.048 26
    endloop
  endfacet
  facet normal 0.659406 0.751787 0
    outer loop
      vertex 47.4015 45.1515 26
      vertex 47.5195 45.048 24
      vertex 47.4015 45.1515 24
    endloop
  endfacet
  facet normal -0.442622 -0.896708 0
    outer loop
      vertex 48.7092 58.1087 24
      vertex 48.85 58.0392 26
      vertex 48.7092 58.1087 26
    endloop
  endfacet
  facet normal -0.442622 -0.896708 -0
    outer loop
      vertex 48.85 58.0392 26
      vertex 48.7092 58.1087 24
      vertex 48.85 58.0392 24
    endloop
  endfacet
  facet normal -0.555582 -0.831462 0
    outer loop
      vertex 48.85 58.0392 24
      vertex 48.9805 57.952 26
      vertex 48.85 58.0392 26
    endloop
  endfacet
  facet normal -0.555582 -0.831462 -0
    outer loop
      vertex 48.9805 57.952 26
      vertex 48.85 58.0392 24
      vertex 48.9805 57.952 24
    endloop
  endfacet
  facet normal -0.659406 -0.751787 0
    outer loop
      vertex 48.9805 57.952 24
      vertex 49.0985 57.8485 26
      vertex 48.9805 57.952 26
    endloop
  endfacet
  facet normal -0.659406 -0.751787 -0
    outer loop
      vertex 49.0985 57.8485 26
      vertex 48.9805 57.952 24
      vertex 49.0985 57.8485 24
    endloop
  endfacet
  facet normal 0.980825 -0.194891 0
    outer loop
      vertex 47.0603 57.1566 26
      vertex 47.0909 57.3106 24
      vertex 47.0909 57.3106 26
    endloop
  endfacet
  facet normal 0.980825 -0.194891 0
    outer loop
      vertex 47.0909 57.3106 24
      vertex 47.0603 57.1566 26
      vertex 47.0603 57.1566 24
    endloop
  endfacet
  facet normal 0.896708 -0.442622 0
    outer loop
      vertex 47.1413 57.4592 26
      vertex 47.2108 57.6 24
      vertex 47.2108 57.6 26
    endloop
  endfacet
  facet normal 0.896708 -0.442622 0
    outer loop
      vertex 47.2108 57.6 24
      vertex 47.1413 57.4592 26
      vertex 47.1413 57.4592 24
    endloop
  endfacet
  facet normal 0.442622 -0.896708 0
    outer loop
      vertex 47.65 58.0392 24
      vertex 47.7908 58.1087 26
      vertex 47.65 58.0392 26
    endloop
  endfacet
  facet normal 0.442622 -0.896708 0
    outer loop
      vertex 47.7908 58.1087 26
      vertex 47.65 58.0392 24
      vertex 47.7908 58.1087 24
    endloop
  endfacet
  facet normal 0.194891 -0.980825 0
    outer loop
      vertex 47.9394 58.1591 24
      vertex 48.0934 58.1897 26
      vertex 47.9394 58.1591 26
    endloop
  endfacet
  facet normal 0.194891 -0.980825 0
    outer loop
      vertex 48.0934 58.1897 26
      vertex 47.9394 58.1591 24
      vertex 48.0934 58.1897 24
    endloop
  endfacet
  facet normal 0.0656309 0.997844 -0
    outer loop
      vertex 48.25 44.8 24
      vertex 48.0934 44.8103 26
      vertex 48.25 44.8 26
    endloop
  endfacet
  facet normal 0.0656309 0.997844 0
    outer loop
      vertex 48.0934 44.8103 26
      vertex 48.25 44.8 24
      vertex 48.0934 44.8103 24
    endloop
  endfacet
  facet normal 0.896708 0.442622 0
    outer loop
      vertex 47.2108 45.4 26
      vertex 47.1413 45.5408 24
      vertex 47.1413 45.5408 26
    endloop
  endfacet
  facet normal 0.896708 0.442622 0
    outer loop
      vertex 47.1413 45.5408 24
      vertex 47.2108 45.4 26
      vertex 47.2108 45.4 24
    endloop
  endfacet
  facet normal 0.947013 -0.321194 0
    outer loop
      vertex 47.0909 57.3106 26
      vertex 47.1413 57.4592 24
      vertex 47.1413 57.4592 26
    endloop
  endfacet
  facet normal 0.947013 -0.321194 0
    outer loop
      vertex 47.1413 57.4592 24
      vertex 47.0909 57.3106 26
      vertex 47.0909 57.3106 24
    endloop
  endfacet
  facet normal 0.831462 -0.555582 0
    outer loop
      vertex 47.2108 57.6 26
      vertex 47.298 57.7305 24
      vertex 47.298 57.7305 26
    endloop
  endfacet
  facet normal 0.831462 -0.555582 0
    outer loop
      vertex 47.298 57.7305 24
      vertex 47.2108 57.6 26
      vertex 47.2108 57.6 24
    endloop
  endfacet
  facet normal 0.659406 -0.751787 0
    outer loop
      vertex 47.4015 57.8485 24
      vertex 47.5195 57.952 26
      vertex 47.4015 57.8485 26
    endloop
  endfacet
  facet normal 0.659406 -0.751787 0
    outer loop
      vertex 47.5195 57.952 26
      vertex 47.4015 57.8485 24
      vertex 47.5195 57.952 24
    endloop
  endfacet
  facet normal 0.555582 -0.831462 0
    outer loop
      vertex 47.5195 57.952 24
      vertex 47.65 58.0392 26
      vertex 47.5195 57.952 26
    endloop
  endfacet
  facet normal 0.555582 -0.831462 0
    outer loop
      vertex 47.65 58.0392 26
      vertex 47.5195 57.952 24
      vertex 47.65 58.0392 24
    endloop
  endfacet
  facet normal 0.980825 0.194891 0
    outer loop
      vertex 47.0909 45.6894 26
      vertex 47.0603 45.8434 24
      vertex 47.0603 45.8434 26
    endloop
  endfacet
  facet normal 0.980825 0.194891 0
    outer loop
      vertex 47.0603 45.8434 24
      vertex 47.0909 45.6894 26
      vertex 47.0909 45.6894 24
    endloop
  endfacet
  facet normal 0.947013 0.321194 0
    outer loop
      vertex 47.1413 45.5408 26
      vertex 47.0909 45.6894 24
      vertex 47.0909 45.6894 26
    endloop
  endfacet
  facet normal 0.947013 0.321194 0
    outer loop
      vertex 47.0909 45.6894 24
      vertex 47.1413 45.5408 26
      vertex 47.1413 45.5408 24
    endloop
  endfacet
  facet normal 0.751787 0.659406 0
    outer loop
      vertex 47.4015 45.1515 26
      vertex 47.298 45.2695 24
      vertex 47.298 45.2695 26
    endloop
  endfacet
  facet normal 0.751787 0.659406 0
    outer loop
      vertex 47.298 45.2695 24
      vertex 47.4015 45.1515 26
      vertex 47.4015 45.1515 24
    endloop
  endfacet
  facet normal 0.831462 0.555582 0
    outer loop
      vertex 47.298 45.2695 26
      vertex 47.2108 45.4 24
      vertex 47.2108 45.4 26
    endloop
  endfacet
  facet normal 0.831462 0.555582 0
    outer loop
      vertex 47.2108 45.4 24
      vertex 47.298 45.2695 26
      vertex 47.298 45.2695 24
    endloop
  endfacet
  facet normal 0.980825 -0.194891 0
    outer loop
      vertex 47.0603 77.1566 26
      vertex 47.0909 77.3106 24
      vertex 47.0909 77.3106 26
    endloop
  endfacet
  facet normal 0.980825 -0.194891 0
    outer loop
      vertex 47.0909 77.3106 24
      vertex 47.0603 77.1566 26
      vertex 47.0603 77.1566 24
    endloop
  endfacet
  facet normal -0.947013 0.321194 0
    outer loop
      vertex 49.3587 65.5408 24
      vertex 49.4091 65.6894 26
      vertex 49.4091 65.6894 24
    endloop
  endfacet
  facet normal -0.947013 0.321194 0
    outer loop
      vertex 49.4091 65.6894 26
      vertex 49.3587 65.5408 24
      vertex 49.3587 65.5408 26
    endloop
  endfacet
  facet normal -0.980825 -0.194891 0
    outer loop
      vertex 49.4397 77.1566 24
      vertex 49.4091 77.3106 26
      vertex 49.4091 77.3106 24
    endloop
  endfacet
  facet normal -0.980825 -0.194891 0
    outer loop
      vertex 49.4091 77.3106 26
      vertex 49.4397 77.1566 24
      vertex 49.4397 77.1566 26
    endloop
  endfacet
  facet normal 0.997844 -0.0656309 0
    outer loop
      vertex 47.05 77 26
      vertex 47.0603 77.1566 24
      vertex 47.0603 77.1566 26
    endloop
  endfacet
  facet normal 0.997844 -0.0656309 0
    outer loop
      vertex 47.0603 77.1566 24
      vertex 47.05 77 26
      vertex 47.05 77 24
    endloop
  endfacet
  facet normal 1 -0 0
    outer loop
      vertex 47.05 66 26
      vertex 47.05 77 24
      vertex 47.05 77 26
    endloop
  endfacet
  facet normal 1 0 0
    outer loop
      vertex 47.05 77 24
      vertex 47.05 66 26
      vertex 47.05 66 24
    endloop
  endfacet
  facet normal -0.997844 -0.0656309 0
    outer loop
      vertex 49.45 77 24
      vertex 49.4397 77.1566 26
      vertex 49.4397 77.1566 24
    endloop
  endfacet
  facet normal -0.997844 -0.0656309 0
    outer loop
      vertex 49.4397 77.1566 26
      vertex 49.45 77 24
      vertex 49.45 77 26
    endloop
  endfacet
  facet normal -0.997844 0.0656309 0
    outer loop
      vertex 49.4397 65.8434 24
      vertex 49.45 66 26
      vertex 49.45 66 24
    endloop
  endfacet
  facet normal -0.997844 0.0656309 0
    outer loop
      vertex 49.45 66 26
      vertex 49.4397 65.8434 24
      vertex 49.4397 65.8434 26
    endloop
  endfacet
  facet normal -0.980825 0.194891 0
    outer loop
      vertex 49.4091 65.6894 24
      vertex 49.4397 65.8434 26
      vertex 49.4397 65.8434 24
    endloop
  endfacet
  facet normal -0.980825 0.194891 0
    outer loop
      vertex 49.4397 65.8434 26
      vertex 49.4091 65.6894 24
      vertex 49.4091 65.6894 26
    endloop
  endfacet
  facet normal 0.659406 -0.751787 0
    outer loop
      vertex 47.4015 77.8485 24
      vertex 47.5195 77.952 26
      vertex 47.4015 77.8485 26
    endloop
  endfacet
  facet normal 0.659406 -0.751787 0
    outer loop
      vertex 47.5195 77.952 26
      vertex 47.4015 77.8485 24
      vertex 47.5195 77.952 24
    endloop
  endfacet
  facet normal 0.896708 -0.442622 0
    outer loop
      vertex 47.1413 77.4592 26
      vertex 47.2108 77.6 24
      vertex 47.2108 77.6 26
    endloop
  endfacet
  facet normal 0.896708 -0.442622 0
    outer loop
      vertex 47.2108 77.6 24
      vertex 47.1413 77.4592 26
      vertex 47.1413 77.4592 24
    endloop
  endfacet
  facet normal 0.997844 0.0656309 0
    outer loop
      vertex 47.0603 65.8434 26
      vertex 47.05 66 24
      vertex 47.05 66 26
    endloop
  endfacet
  facet normal 0.997844 0.0656309 0
    outer loop
      vertex 47.05 66 24
      vertex 47.0603 65.8434 26
      vertex 47.0603 65.8434 24
    endloop
  endfacet
  facet normal -0.555582 0.831462 0
    outer loop
      vertex 48.9805 65.048 24
      vertex 48.85 64.9608 26
      vertex 48.9805 65.048 26
    endloop
  endfacet
  facet normal -0.555582 0.831462 0
    outer loop
      vertex 48.85 64.9608 26
      vertex 48.9805 65.048 24
      vertex 48.85 64.9608 24
    endloop
  endfacet
  facet normal -0.896708 0.442622 0
    outer loop
      vertex 49.2892 65.4 24
      vertex 49.3587 65.5408 26
      vertex 49.3587 65.5408 24
    endloop
  endfacet
  facet normal -0.896708 0.442622 0
    outer loop
      vertex 49.3587 65.5408 26
      vertex 49.2892 65.4 24
      vertex 49.2892 65.4 26
    endloop
  endfacet
  facet normal -0.659406 0.751787 0
    outer loop
      vertex 49.0985 65.1515 24
      vertex 48.9805 65.048 26
      vertex 49.0985 65.1515 26
    endloop
  endfacet
  facet normal -0.659406 0.751787 0
    outer loop
      vertex 48.9805 65.048 26
      vertex 49.0985 65.1515 24
      vertex 48.9805 65.048 24
    endloop
  endfacet
  facet normal 0.831462 0.555582 0
    outer loop
      vertex 47.298 65.2695 26
      vertex 47.2108 65.4 24
      vertex 47.2108 65.4 26
    endloop
  endfacet
  facet normal 0.831462 0.555582 0
    outer loop
      vertex 47.2108 65.4 24
      vertex 47.298 65.2695 26
      vertex 47.298 65.2695 24
    endloop
  endfacet
  facet normal -1 0 0
    outer loop
      vertex 49.45 66 24
      vertex 49.45 77 26
      vertex 49.45 77 24
    endloop
  endfacet
  facet normal -1 -0 0
    outer loop
      vertex 49.45 77 26
      vertex 49.45 66 24
      vertex 49.45 66 26
    endloop
  endfacet
  facet normal -0.659406 -0.751787 0
    outer loop
      vertex 48.9805 77.952 24
      vertex 49.0985 77.8485 26
      vertex 48.9805 77.952 26
    endloop
  endfacet
  facet normal -0.659406 -0.751787 -0
    outer loop
      vertex 49.0985 77.8485 26
      vertex 48.9805 77.952 24
      vertex 49.0985 77.8485 24
    endloop
  endfacet
  facet normal -0.321194 -0.947013 0
    outer loop
      vertex 48.5606 78.1591 24
      vertex 48.7092 78.1087 26
      vertex 48.5606 78.1591 26
    endloop
  endfacet
  facet normal -0.321194 -0.947013 -0
    outer loop
      vertex 48.7092 78.1087 26
      vertex 48.5606 78.1591 24
      vertex 48.7092 78.1087 24
    endloop
  endfacet
  facet normal -0.896708 -0.442622 0
    outer loop
      vertex 49.3587 77.4592 24
      vertex 49.2892 77.6 26
      vertex 49.2892 77.6 24
    endloop
  endfacet
  facet normal -0.896708 -0.442622 0
    outer loop
      vertex 49.2892 77.6 26
      vertex 49.3587 77.4592 24
      vertex 49.3587 77.4592 26
    endloop
  endfacet
  facet normal -0.947013 -0.321194 0
    outer loop
      vertex 49.4091 77.3106 24
      vertex 49.3587 77.4592 26
      vertex 49.3587 77.4592 24
    endloop
  endfacet
  facet normal -0.947013 -0.321194 0
    outer loop
      vertex 49.3587 77.4592 26
      vertex 49.4091 77.3106 24
      vertex 49.4091 77.3106 26
    endloop
  endfacet
  facet normal 0.321194 -0.947013 0
    outer loop
      vertex 47.7908 78.1087 24
      vertex 47.9394 78.1591 26
      vertex 47.7908 78.1087 26
    endloop
  endfacet
  facet normal 0.321194 -0.947013 0
    outer loop
      vertex 47.9394 78.1591 26
      vertex 47.7908 78.1087 24
      vertex 47.9394 78.1591 24
    endloop
  endfacet
  facet normal 0.442622 -0.896708 0
    outer loop
      vertex 47.65 78.0392 24
      vertex 47.7908 78.1087 26
      vertex 47.65 78.0392 26
    endloop
  endfacet
  facet normal 0.442622 -0.896708 0
    outer loop
      vertex 47.7908 78.1087 26
      vertex 47.65 78.0392 24
      vertex 47.7908 78.1087 24
    endloop
  endfacet
  facet normal 0.751787 -0.659406 0
    outer loop
      vertex 47.298 77.7305 26
      vertex 47.4015 77.8485 24
      vertex 47.4015 77.8485 26
    endloop
  endfacet
  facet normal 0.751787 -0.659406 0
    outer loop
      vertex 47.4015 77.8485 24
      vertex 47.298 77.7305 26
      vertex 47.298 77.7305 24
    endloop
  endfacet
  facet normal 0.831462 -0.555582 0
    outer loop
      vertex 47.2108 77.6 26
      vertex 47.298 77.7305 24
      vertex 47.298 77.7305 26
    endloop
  endfacet
  facet normal 0.831462 -0.555582 0
    outer loop
      vertex 47.298 77.7305 24
      vertex 47.2108 77.6 26
      vertex 47.2108 77.6 24
    endloop
  endfacet
  facet normal 0.947013 -0.321194 0
    outer loop
      vertex 47.0909 77.3106 26
      vertex 47.1413 77.4592 24
      vertex 47.1413 77.4592 26
    endloop
  endfacet
  facet normal 0.947013 -0.321194 0
    outer loop
      vertex 47.1413 77.4592 24
      vertex 47.0909 77.3106 26
      vertex 47.0909 77.3106 24
    endloop
  endfacet
  facet normal -0.831462 0.555582 0
    outer loop
      vertex 49.202 65.2695 24
      vertex 49.2892 65.4 26
      vertex 49.2892 65.4 24
    endloop
  endfacet
  facet normal -0.831462 0.555582 0
    outer loop
      vertex 49.2892 65.4 26
      vertex 49.202 65.2695 24
      vertex 49.202 65.2695 26
    endloop
  endfacet
  facet normal -0.751787 0.659406 0
    outer loop
      vertex 49.0985 65.1515 24
      vertex 49.202 65.2695 26
      vertex 49.202 65.2695 24
    endloop
  endfacet
  facet normal -0.751787 0.659406 0
    outer loop
      vertex 49.202 65.2695 26
      vertex 49.0985 65.1515 24
      vertex 49.0985 65.1515 26
    endloop
  endfacet
  facet normal 0.980825 0.194891 0
    outer loop
      vertex 47.0909 65.6894 26
      vertex 47.0603 65.8434 24
      vertex 47.0603 65.8434 26
    endloop
  endfacet
  facet normal 0.980825 0.194891 0
    outer loop
      vertex 47.0603 65.8434 24
      vertex 47.0909 65.6894 26
      vertex 47.0909 65.6894 24
    endloop
  endfacet
  facet normal 0.896708 0.442622 0
    outer loop
      vertex 47.2108 65.4 26
      vertex 47.1413 65.5408 24
      vertex 47.1413 65.5408 26
    endloop
  endfacet
  facet normal 0.896708 0.442622 0
    outer loop
      vertex 47.1413 65.5408 24
      vertex 47.2108 65.4 26
      vertex 47.2108 65.4 24
    endloop
  endfacet
  facet normal 0.751787 0.659406 0
    outer loop
      vertex 47.4015 65.1515 26
      vertex 47.298 65.2695 24
      vertex 47.298 65.2695 26
    endloop
  endfacet
  facet normal 0.751787 0.659406 0
    outer loop
      vertex 47.298 65.2695 24
      vertex 47.4015 65.1515 26
      vertex 47.4015 65.1515 24
    endloop
  endfacet
  facet normal 0.659406 0.751787 -0
    outer loop
      vertex 47.5195 65.048 24
      vertex 47.4015 65.1515 26
      vertex 47.5195 65.048 26
    endloop
  endfacet
  facet normal 0.659406 0.751787 0
    outer loop
      vertex 47.4015 65.1515 26
      vertex 47.5195 65.048 24
      vertex 47.4015 65.1515 24
    endloop
  endfacet
  facet normal 0.0656309 -0.997844 0
    outer loop
      vertex 48.0934 78.1897 24
      vertex 48.25 78.2 26
      vertex 48.0934 78.1897 26
    endloop
  endfacet
  facet normal 0.0656309 -0.997844 0
    outer loop
      vertex 48.25 78.2 26
      vertex 48.0934 78.1897 24
      vertex 48.25 78.2 24
    endloop
  endfacet
  facet normal -0.831462 -0.555582 0
    outer loop
      vertex 49.2892 77.6 24
      vertex 49.202 77.7305 26
      vertex 49.202 77.7305 24
    endloop
  endfacet
  facet normal -0.831462 -0.555582 0
    outer loop
      vertex 49.202 77.7305 26
      vertex 49.2892 77.6 24
      vertex 49.2892 77.6 26
    endloop
  endfacet
  facet normal -0.194891 -0.980825 0
    outer loop
      vertex 48.4066 78.1897 24
      vertex 48.5606 78.1591 26
      vertex 48.4066 78.1897 26
    endloop
  endfacet
  facet normal -0.194891 -0.980825 -0
    outer loop
      vertex 48.5606 78.1591 26
      vertex 48.4066 78.1897 24
      vertex 48.5606 78.1591 24
    endloop
  endfacet
  facet normal -0.442622 -0.896708 0
    outer loop
      vertex 48.7092 78.1087 24
      vertex 48.85 78.0392 26
      vertex 48.7092 78.1087 26
    endloop
  endfacet
  facet normal -0.442622 -0.896708 -0
    outer loop
      vertex 48.85 78.0392 26
      vertex 48.7092 78.1087 24
      vertex 48.85 78.0392 24
    endloop
  endfacet
  facet normal 0.555582 -0.831462 0
    outer loop
      vertex 47.5195 77.952 24
      vertex 47.65 78.0392 26
      vertex 47.5195 77.952 26
    endloop
  endfacet
  facet normal 0.555582 -0.831462 0
    outer loop
      vertex 47.65 78.0392 26
      vertex 47.5195 77.952 24
      vertex 47.65 78.0392 24
    endloop
  endfacet
  facet normal 0.194891 -0.980825 0
    outer loop
      vertex 47.9394 78.1591 24
      vertex 48.0934 78.1897 26
      vertex 47.9394 78.1591 26
    endloop
  endfacet
  facet normal 0.194891 -0.980825 0
    outer loop
      vertex 48.0934 78.1897 26
      vertex 47.9394 78.1591 24
      vertex 48.0934 78.1897 24
    endloop
  endfacet
  facet normal -0.0656309 0.997844 0
    outer loop
      vertex 48.4066 64.8103 24
      vertex 48.25 64.8 26
      vertex 48.4066 64.8103 26
    endloop
  endfacet
  facet normal -0.0656309 0.997844 0
    outer loop
      vertex 48.25 64.8 26
      vertex 48.4066 64.8103 24
      vertex 48.25 64.8 24
    endloop
  endfacet
  facet normal 0.947013 0.321194 0
    outer loop
      vertex 47.1413 65.5408 26
      vertex 47.0909 65.6894 24
      vertex 47.0909 65.6894 26
    endloop
  endfacet
  facet normal 0.947013 0.321194 0
    outer loop
      vertex 47.0909 65.6894 24
      vertex 47.1413 65.5408 26
      vertex 47.1413 65.5408 24
    endloop
  endfacet
  facet normal 0.442622 0.896708 -0
    outer loop
      vertex 47.7908 64.8913 24
      vertex 47.65 64.9608 26
      vertex 47.7908 64.8913 26
    endloop
  endfacet
  facet normal 0.442622 0.896708 0
    outer loop
      vertex 47.65 64.9608 26
      vertex 47.7908 64.8913 24
      vertex 47.65 64.9608 24
    endloop
  endfacet
  facet normal 0.0656309 0.997844 -0
    outer loop
      vertex 48.25 64.8 24
      vertex 48.0934 64.8103 26
      vertex 48.25 64.8 26
    endloop
  endfacet
  facet normal 0.0656309 0.997844 0
    outer loop
      vertex 48.0934 64.8103 26
      vertex 48.25 64.8 24
      vertex 48.0934 64.8103 24
    endloop
  endfacet
  facet normal -0.751787 -0.659406 0
    outer loop
      vertex 49.202 77.7305 24
      vertex 49.0985 77.8485 26
      vertex 49.0985 77.8485 24
    endloop
  endfacet
  facet normal -0.751787 -0.659406 0
    outer loop
      vertex 49.0985 77.8485 26
      vertex 49.202 77.7305 24
      vertex 49.202 77.7305 26
    endloop
  endfacet
  facet normal -0.0656309 -0.997844 0
    outer loop
      vertex 48.25 78.2 24
      vertex 48.4066 78.1897 26
      vertex 48.25 78.2 26
    endloop
  endfacet
  facet normal -0.0656309 -0.997844 -0
    outer loop
      vertex 48.4066 78.1897 26
      vertex 48.25 78.2 24
      vertex 48.4066 78.1897 24
    endloop
  endfacet
  facet normal -0.555582 -0.831462 0
    outer loop
      vertex 48.85 78.0392 24
      vertex 48.9805 77.952 26
      vertex 48.85 78.0392 26
    endloop
  endfacet
  facet normal -0.555582 -0.831462 -0
    outer loop
      vertex 48.9805 77.952 26
      vertex 48.85 78.0392 24
      vertex 48.9805 77.952 24
    endloop
  endfacet
  facet normal -0.321194 0.947013 0
    outer loop
      vertex 48.7092 64.8913 24
      vertex 48.5606 64.8409 26
      vertex 48.7092 64.8913 26
    endloop
  endfacet
  facet normal -0.321194 0.947013 0
    outer loop
      vertex 48.5606 64.8409 26
      vertex 48.7092 64.8913 24
      vertex 48.5606 64.8409 24
    endloop
  endfacet
  facet normal -0.194891 0.980825 0
    outer loop
      vertex 48.5606 64.8409 24
      vertex 48.4066 64.8103 26
      vertex 48.5606 64.8409 26
    endloop
  endfacet
  facet normal -0.194891 0.980825 0
    outer loop
      vertex 48.4066 64.8103 26
      vertex 48.5606 64.8409 24
      vertex 48.4066 64.8103 24
    endloop
  endfacet
  facet normal -0.442622 0.896708 0
    outer loop
      vertex 48.85 64.9608 24
      vertex 48.7092 64.8913 26
      vertex 48.85 64.9608 26
    endloop
  endfacet
  facet normal -0.442622 0.896708 0
    outer loop
      vertex 48.7092 64.8913 26
      vertex 48.85 64.9608 24
      vertex 48.7092 64.8913 24
    endloop
  endfacet
  facet normal 0.555582 0.831462 -0
    outer loop
      vertex 47.65 64.9608 24
      vertex 47.5195 65.048 26
      vertex 47.65 64.9608 26
    endloop
  endfacet
  facet normal 0.555582 0.831462 0
    outer loop
      vertex 47.5195 65.048 26
      vertex 47.65 64.9608 24
      vertex 47.5195 65.048 24
    endloop
  endfacet
  facet normal 0.321194 0.947013 -0
    outer loop
      vertex 47.9394 64.8409 24
      vertex 47.7908 64.8913 26
      vertex 47.9394 64.8409 26
    endloop
  endfacet
  facet normal 0.321194 0.947013 0
    outer loop
      vertex 47.7908 64.8913 26
      vertex 47.9394 64.8409 24
      vertex 47.7908 64.8913 24
    endloop
  endfacet
  facet normal 0.194891 0.980825 -0
    outer loop
      vertex 48.0934 64.8103 24
      vertex 47.9394 64.8409 26
      vertex 48.0934 64.8103 26
    endloop
  endfacet
  facet normal 0.194891 0.980825 0
    outer loop
      vertex 47.9394 64.8409 26
      vertex 48.0934 64.8103 24
      vertex 47.9394 64.8409 24
    endloop
  endfacet
  facet normal -0.442673 0.896683 0
    outer loop
      vertex -2.15 73.9608 24
      vertex -2.29078 73.8913 26
      vertex -2.15 73.9608 26
    endloop
  endfacet
  facet normal -0.442673 0.896683 0
    outer loop
      vertex -2.29078 73.8913 26
      vertex -2.15 73.9608 24
      vertex -2.29078 73.8913 24
    endloop
  endfacet
  facet normal 0.831432 0.555626 0
    outer loop
      vertex -3.70202 74.2695 26
      vertex -3.78923 74.4 24
      vertex -3.78923 74.4 26
    endloop
  endfacet
  facet normal 0.831432 0.555626 0
    outer loop
      vertex -3.78923 74.4 24
      vertex -3.70202 74.2695 26
      vertex -3.70202 74.2695 24
    endloop
  endfacet
  facet normal -0.997856 0.0654405 0
    outer loop
      vertex -1.56027 74.8434 24
      vertex -1.55 75 26
      vertex -1.55 75 24
    endloop
  endfacet
  facet normal -0.997856 0.0654405 0
    outer loop
      vertex -1.55 75 26
      vertex -1.56027 74.8434 24
      vertex -1.56027 74.8434 26
    endloop
  endfacet
  facet normal 0.997856 0.0654405 0
    outer loop
      vertex -3.93973 74.8434 26
      vertex -3.95 75 24
      vertex -3.95 75 26
    endloop
  endfacet
  facet normal 0.997856 0.0654405 0
    outer loop
      vertex -3.95 75 24
      vertex -3.93973 74.8434 26
      vertex -3.93973 74.8434 24
    endloop
  endfacet
  facet normal 0.442673 -0.896683 0
    outer loop
      vertex -3.35 87.0392 24
      vertex -3.20922 87.1087 26
      vertex -3.35 87.0392 26
    endloop
  endfacet
  facet normal 0.442673 -0.896683 0
    outer loop
      vertex -3.20922 87.1087 26
      vertex -3.35 87.0392 24
      vertex -3.20922 87.1087 24
    endloop
  endfacet
  facet normal -0.896885 0.442264 0
    outer loop
      vertex -1.71077 74.4 24
      vertex -1.64134 74.5408 26
      vertex -1.64134 74.5408 24
    endloop
  endfacet
  facet normal -0.896885 0.442264 0
    outer loop
      vertex -1.64134 74.5408 26
      vertex -1.71077 74.4 24
      vertex -1.71077 74.4 26
    endloop
  endfacet
  facet normal -0.321117 0.94704 0
    outer loop
      vertex -2.29078 73.8913 24
      vertex -2.43942 73.8409 26
      vertex -2.29078 73.8913 26
    endloop
  endfacet
  facet normal -0.321117 0.94704 0
    outer loop
      vertex -2.43942 73.8409 26
      vertex -2.29078 73.8913 24
      vertex -2.43942 73.8409 24
    endloop
  endfacet
  facet normal 1 -0 0
    outer loop
      vertex -3.95 75 26
      vertex -3.95 86 24
      vertex -3.95 86 26
    endloop
  endfacet
  facet normal 1 0 0
    outer loop
      vertex -3.95 86 24
      vertex -3.95 75 26
      vertex -3.95 75 24
    endloop
  endfacet
  facet normal -0.997856 -0.0654405 0
    outer loop
      vertex -1.55 86 24
      vertex -1.56027 86.1566 26
      vertex -1.56027 86.1566 24
    endloop
  endfacet
  facet normal -0.997856 -0.0654405 0
    outer loop
      vertex -1.56027 86.1566 26
      vertex -1.55 86 24
      vertex -1.55 86 26
    endloop
  endfacet
  facet normal -0.946916 0.32148 0
    outer loop
      vertex -1.64134 74.5408 24
      vertex -1.59089 74.6894 26
      vertex -1.59089 74.6894 24
    endloop
  endfacet
  facet normal -0.946916 0.32148 0
    outer loop
      vertex -1.59089 74.6894 26
      vertex -1.64134 74.5408 24
      vertex -1.64134 74.5408 26
    endloop
  endfacet
  facet normal -0.659343 0.751842 0
    outer loop
      vertex -1.90147 74.1515 24
      vertex -2.01949 74.048 26
      vertex -1.90147 74.1515 26
    endloop
  endfacet
  facet normal -0.659343 0.751842 0
    outer loop
      vertex -2.01949 74.048 26
      vertex -1.90147 74.1515 24
      vertex -2.01949 74.048 24
    endloop
  endfacet
  facet normal -0.751818 0.65937 0
    outer loop
      vertex -1.90147 74.1515 24
      vertex -1.79798 74.2695 26
      vertex -1.79798 74.2695 24
    endloop
  endfacet
  facet normal -0.751818 0.65937 0
    outer loop
      vertex -1.79798 74.2695 26
      vertex -1.90147 74.1515 24
      vertex -1.90147 74.1515 26
    endloop
  endfacet
  facet normal -0.555553 0.831481 0
    outer loop
      vertex -2.01949 74.048 24
      vertex -2.15 73.9608 26
      vertex -2.01949 74.048 26
    endloop
  endfacet
  facet normal -0.555553 0.831481 0
    outer loop
      vertex -2.15 73.9608 26
      vertex -2.01949 74.048 24
      vertex -2.15 73.9608 24
    endloop
  endfacet
  facet normal 0.659343 0.751842 -0
    outer loop
      vertex -3.48051 74.048 24
      vertex -3.59853 74.1515 26
      vertex -3.48051 74.048 26
    endloop
  endfacet
  facet normal 0.659343 0.751842 0
    outer loop
      vertex -3.59853 74.1515 26
      vertex -3.48051 74.048 24
      vertex -3.59853 74.1515 24
    endloop
  endfacet
  facet normal -0.0656183 0.997845 0
    outer loop
      vertex -2.59337 73.8103 24
      vertex -2.75 73.8 26
      vertex -2.59337 73.8103 26
    endloop
  endfacet
  facet normal -0.0656183 0.997845 0
    outer loop
      vertex -2.75 73.8 26
      vertex -2.59337 73.8103 24
      vertex -2.75 73.8 24
    endloop
  endfacet
  facet normal -0.194952 0.980813 0
    outer loop
      vertex -2.43942 73.8409 24
      vertex -2.59337 73.8103 26
      vertex -2.43942 73.8409 26
    endloop
  endfacet
  facet normal -0.194952 0.980813 0
    outer loop
      vertex -2.59337 73.8103 26
      vertex -2.43942 73.8409 24
      vertex -2.59337 73.8103 24
    endloop
  endfacet
  facet normal 0.997856 -0.0654405 0
    outer loop
      vertex -3.95 86 26
      vertex -3.93973 86.1566 24
      vertex -3.93973 86.1566 26
    endloop
  endfacet
  facet normal 0.997856 -0.0654405 0
    outer loop
      vertex -3.93973 86.1566 24
      vertex -3.95 86 26
      vertex -3.95 86 24
    endloop
  endfacet
  facet normal -0.751818 -0.65937 0
    outer loop
      vertex -1.79798 86.7305 24
      vertex -1.90147 86.8485 26
      vertex -1.90147 86.8485 24
    endloop
  endfacet
  facet normal -0.751818 -0.65937 0
    outer loop
      vertex -1.90147 86.8485 26
      vertex -1.79798 86.7305 24
      vertex -1.79798 86.7305 26
    endloop
  endfacet
  facet normal -0.946916 -0.32148 0
    outer loop
      vertex -1.59089 86.3106 24
      vertex -1.64134 86.4592 26
      vertex -1.64134 86.4592 24
    endloop
  endfacet
  facet normal -0.946916 -0.32148 0
    outer loop
      vertex -1.64134 86.4592 26
      vertex -1.59089 86.3106 24
      vertex -1.59089 86.3106 26
    endloop
  endfacet
  facet normal -0.442673 -0.896683 0
    outer loop
      vertex -2.29078 87.1087 24
      vertex -2.15 87.0392 26
      vertex -2.29078 87.1087 26
    endloop
  endfacet
  facet normal -0.442673 -0.896683 -0
    outer loop
      vertex -2.15 87.0392 26
      vertex -2.29078 87.1087 24
      vertex -2.15 87.0392 24
    endloop
  endfacet
  facet normal -1 0 0
    outer loop
      vertex -1.55 75 24
      vertex -1.55 86 26
      vertex -1.55 86 24
    endloop
  endfacet
  facet normal -1 -0 0
    outer loop
      vertex -1.55 86 26
      vertex -1.55 75 24
      vertex -1.55 75 26
    endloop
  endfacet
  facet normal 0.89691 -0.442212 0
    outer loop
      vertex -3.85865 86.4592 26
      vertex -3.78923 86.6 24
      vertex -3.78923 86.6 26
    endloop
  endfacet
  facet normal 0.89691 -0.442212 0
    outer loop
      vertex -3.78923 86.6 24
      vertex -3.85865 86.4592 26
      vertex -3.85865 86.4592 24
    endloop
  endfacet
  facet normal -0.980801 0.195014 0
    outer loop
      vertex -1.59089 74.6894 24
      vertex -1.56027 74.8434 26
      vertex -1.56027 74.8434 24
    endloop
  endfacet
  facet normal -0.980801 0.195014 0
    outer loop
      vertex -1.56027 74.8434 26
      vertex -1.59089 74.6894 24
      vertex -1.59089 74.6894 26
    endloop
  endfacet
  facet normal -0.831432 0.555626 0
    outer loop
      vertex -1.79798 74.2695 24
      vertex -1.71077 74.4 26
      vertex -1.71077 74.4 24
    endloop
  endfacet
  facet normal -0.831432 0.555626 0
    outer loop
      vertex -1.71077 74.4 26
      vertex -1.79798 74.2695 24
      vertex -1.79798 74.2695 26
    endloop
  endfacet
  facet normal 0.555553 0.831481 -0
    outer loop
      vertex -3.35 73.9608 24
      vertex -3.48051 74.048 26
      vertex -3.35 73.9608 26
    endloop
  endfacet
  facet normal 0.555553 0.831481 0
    outer loop
      vertex -3.48051 74.048 26
      vertex -3.35 73.9608 24
      vertex -3.48051 74.048 24
    endloop
  endfacet
  facet normal 0.751818 0.65937 0
    outer loop
      vertex -3.59853 74.1515 26
      vertex -3.70202 74.2695 24
      vertex -3.70202 74.2695 26
    endloop
  endfacet
  facet normal 0.751818 0.65937 0
    outer loop
      vertex -3.70202 74.2695 24
      vertex -3.59853 74.1515 26
      vertex -3.59853 74.1515 24
    endloop
  endfacet
  facet normal 0.321117 0.94704 -0
    outer loop
      vertex -3.06058 73.8409 24
      vertex -3.20922 73.8913 26
      vertex -3.06058 73.8409 26
    endloop
  endfacet
  facet normal 0.321117 0.94704 0
    outer loop
      vertex -3.20922 73.8913 26
      vertex -3.06058 73.8409 24
      vertex -3.20922 73.8913 24
    endloop
  endfacet
  facet normal 0.442673 0.896683 -0
    outer loop
      vertex -3.20922 73.8913 24
      vertex -3.35 73.9608 26
      vertex -3.20922 73.8913 26
    endloop
  endfacet
  facet normal 0.442673 0.896683 0
    outer loop
      vertex -3.35 73.9608 26
      vertex -3.20922 73.8913 24
      vertex -3.35 73.9608 24
    endloop
  endfacet
  facet normal 0.0656183 0.997845 -0
    outer loop
      vertex -2.75 73.8 24
      vertex -2.90663 73.8103 26
      vertex -2.75 73.8 26
    endloop
  endfacet
  facet normal 0.0656183 0.997845 0
    outer loop
      vertex -2.90663 73.8103 26
      vertex -2.75 73.8 24
      vertex -2.90663 73.8103 24
    endloop
  endfacet
  facet normal 0.194952 0.980813 -0
    outer loop
      vertex -2.90663 73.8103 24
      vertex -3.06058 73.8409 26
      vertex -2.90663 73.8103 26
    endloop
  endfacet
  facet normal 0.194952 0.980813 0
    outer loop
      vertex -3.06058 73.8409 26
      vertex -2.90663 73.8103 24
      vertex -3.06058 73.8409 24
    endloop
  endfacet
  facet normal 0.89691 0.442212 0
    outer loop
      vertex -3.78923 74.4 26
      vertex -3.85865 74.5408 24
      vertex -3.85865 74.5408 26
    endloop
  endfacet
  facet normal 0.89691 0.442212 0
    outer loop
      vertex -3.85865 74.5408 24
      vertex -3.78923 74.4 26
      vertex -3.78923 74.4 24
    endloop
  endfacet
  facet normal -0.831432 -0.555626 0
    outer loop
      vertex -1.71077 86.6 24
      vertex -1.79798 86.7305 26
      vertex -1.79798 86.7305 24
    endloop
  endfacet
  facet normal -0.831432 -0.555626 0
    outer loop
      vertex -1.79798 86.7305 26
      vertex -1.71077 86.6 24
      vertex -1.71077 86.6 26
    endloop
  endfacet
  facet normal -0.980801 -0.195014 0
    outer loop
      vertex -1.56027 86.1566 24
      vertex -1.59089 86.3106 26
      vertex -1.59089 86.3106 24
    endloop
  endfacet
  facet normal -0.980801 -0.195014 0
    outer loop
      vertex -1.59089 86.3106 26
      vertex -1.56027 86.1566 24
      vertex -1.56027 86.1566 26
    endloop
  endfacet
  facet normal -0.0656183 -0.997845 0
    outer loop
      vertex -2.75 87.2 24
      vertex -2.59337 87.1897 26
      vertex -2.75 87.2 26
    endloop
  endfacet
  facet normal -0.0656183 -0.997845 -0
    outer loop
      vertex -2.59337 87.1897 26
      vertex -2.75 87.2 24
      vertex -2.59337 87.1897 24
    endloop
  endfacet
  facet normal 0.555553 -0.831481 0
    outer loop
      vertex -3.48051 86.952 24
      vertex -3.35 87.0392 26
      vertex -3.48051 86.952 26
    endloop
  endfacet
  facet normal 0.555553 -0.831481 0
    outer loop
      vertex -3.35 87.0392 26
      vertex -3.48051 86.952 24
      vertex -3.35 87.0392 24
    endloop
  endfacet
  facet normal 0.194952 -0.980813 0
    outer loop
      vertex -3.06058 87.1591 24
      vertex -2.90663 87.1897 26
      vertex -3.06058 87.1591 26
    endloop
  endfacet
  facet normal 0.194952 -0.980813 0
    outer loop
      vertex -2.90663 87.1897 26
      vertex -3.06058 87.1591 24
      vertex -2.90663 87.1897 24
    endloop
  endfacet
  facet normal 0.659343 -0.751842 0
    outer loop
      vertex -3.59853 86.8485 24
      vertex -3.48051 86.952 26
      vertex -3.59853 86.8485 26
    endloop
  endfacet
  facet normal 0.659343 -0.751842 0
    outer loop
      vertex -3.48051 86.952 26
      vertex -3.59853 86.8485 24
      vertex -3.48051 86.952 24
    endloop
  endfacet
  facet normal 0.946897 0.321537 0
    outer loop
      vertex -3.85865 74.5408 26
      vertex -3.90911 74.6894 24
      vertex -3.90911 74.6894 26
    endloop
  endfacet
  facet normal 0.946897 0.321537 0
    outer loop
      vertex -3.90911 74.6894 24
      vertex -3.85865 74.5408 26
      vertex -3.85865 74.5408 24
    endloop
  endfacet
  facet normal -0.896885 -0.442264 0
    outer loop
      vertex -1.64134 86.4592 24
      vertex -1.71077 86.6 26
      vertex -1.71077 86.6 24
    endloop
  endfacet
  facet normal -0.896885 -0.442264 0
    outer loop
      vertex -1.71077 86.6 26
      vertex -1.64134 86.4592 24
      vertex -1.64134 86.4592 26
    endloop
  endfacet
  facet normal -0.194952 -0.980813 0
    outer loop
      vertex -2.59337 87.1897 24
      vertex -2.43942 87.1591 26
      vertex -2.59337 87.1897 26
    endloop
  endfacet
  facet normal -0.194952 -0.980813 -0
    outer loop
      vertex -2.43942 87.1591 26
      vertex -2.59337 87.1897 24
      vertex -2.43942 87.1591 24
    endloop
  endfacet
  facet normal -0.321117 -0.94704 0
    outer loop
      vertex -2.43942 87.1591 24
      vertex -2.29078 87.1087 26
      vertex -2.43942 87.1591 26
    endloop
  endfacet
  facet normal -0.321117 -0.94704 -0
    outer loop
      vertex -2.29078 87.1087 26
      vertex -2.43942 87.1591 24
      vertex -2.29078 87.1087 24
    endloop
  endfacet
  facet normal 0.0656183 -0.997845 0
    outer loop
      vertex -2.90663 87.1897 24
      vertex -2.75 87.2 26
      vertex -2.90663 87.1897 26
    endloop
  endfacet
  facet normal 0.0656183 -0.997845 0
    outer loop
      vertex -2.75 87.2 26
      vertex -2.90663 87.1897 24
      vertex -2.75 87.2 24
    endloop
  endfacet
  facet normal 0.831432 -0.555626 0
    outer loop
      vertex -3.78923 86.6 26
      vertex -3.70202 86.7305 24
      vertex -3.70202 86.7305 26
    endloop
  endfacet
  facet normal 0.831432 -0.555626 0
    outer loop
      vertex -3.70202 86.7305 24
      vertex -3.78923 86.6 26
      vertex -3.78923 86.6 24
    endloop
  endfacet
  facet normal 0.751818 -0.65937 0
    outer loop
      vertex -3.70202 86.7305 26
      vertex -3.59853 86.8485 24
      vertex -3.59853 86.8485 26
    endloop
  endfacet
  facet normal 0.751818 -0.65937 0
    outer loop
      vertex -3.59853 86.8485 24
      vertex -3.70202 86.7305 26
      vertex -3.70202 86.7305 24
    endloop
  endfacet
  facet normal 0.980801 0.195014 0
    outer loop
      vertex -3.90911 74.6894 26
      vertex -3.93973 74.8434 24
      vertex -3.93973 74.8434 26
    endloop
  endfacet
  facet normal 0.980801 0.195014 0
    outer loop
      vertex -3.93973 74.8434 24
      vertex -3.90911 74.6894 26
      vertex -3.90911 74.6894 24
    endloop
  endfacet
  facet normal -0.555553 -0.831481 0
    outer loop
      vertex -2.15 87.0392 24
      vertex -2.01949 86.952 26
      vertex -2.15 87.0392 26
    endloop
  endfacet
  facet normal -0.555553 -0.831481 -0
    outer loop
      vertex -2.01949 86.952 26
      vertex -2.15 87.0392 24
      vertex -2.01949 86.952 24
    endloop
  endfacet
  facet normal -0.659343 -0.751842 0
    outer loop
      vertex -2.01949 86.952 24
      vertex -1.90147 86.8485 26
      vertex -2.01949 86.952 26
    endloop
  endfacet
  facet normal -0.659343 -0.751842 -0
    outer loop
      vertex -1.90147 86.8485 26
      vertex -2.01949 86.952 24
      vertex -1.90147 86.8485 24
    endloop
  endfacet
  facet normal 0.321117 -0.94704 0
    outer loop
      vertex -3.20922 87.1087 24
      vertex -3.06058 87.1591 26
      vertex -3.20922 87.1087 26
    endloop
  endfacet
  facet normal 0.321117 -0.94704 0
    outer loop
      vertex -3.06058 87.1591 26
      vertex -3.20922 87.1087 24
      vertex -3.06058 87.1591 24
    endloop
  endfacet
  facet normal 0.980801 -0.195014 0
    outer loop
      vertex -3.93973 86.1566 26
      vertex -3.90911 86.3106 24
      vertex -3.90911 86.3106 26
    endloop
  endfacet
  facet normal 0.980801 -0.195014 0
    outer loop
      vertex -3.90911 86.3106 24
      vertex -3.93973 86.1566 26
      vertex -3.93973 86.1566 24
    endloop
  endfacet
  facet normal 0.946897 -0.321537 0
    outer loop
      vertex -3.90911 86.3106 26
      vertex -3.85865 86.4592 24
      vertex -3.85865 86.4592 26
    endloop
  endfacet
  facet normal 0.946897 -0.321537 0
    outer loop
      vertex -3.85865 86.4592 24
      vertex -3.90911 86.3106 26
      vertex -3.90911 86.3106 24
    endloop
  endfacet
  facet normal -0.751787 -0.659406 0
    outer loop
      vertex 53.202 86.7305 24
      vertex 53.0985 86.8485 26
      vertex 53.0985 86.8485 24
    endloop
  endfacet
  facet normal -0.751787 -0.659406 0
    outer loop
      vertex 53.0985 86.8485 26
      vertex 53.202 86.7305 24
      vertex 53.202 86.7305 26
    endloop
  endfacet
  facet normal 0.980825 -0.194891 0
    outer loop
      vertex 51.0603 86.1566 26
      vertex 51.0909 86.3106 24
      vertex 51.0909 86.3106 26
    endloop
  endfacet
  facet normal 0.980825 -0.194891 0
    outer loop
      vertex 51.0909 86.3106 24
      vertex 51.0603 86.1566 26
      vertex 51.0603 86.1566 24
    endloop
  endfacet
  facet normal -0.980825 -0.194891 0
    outer loop
      vertex 53.4397 86.1566 24
      vertex 53.4091 86.3106 26
      vertex 53.4091 86.3106 24
    endloop
  endfacet
  facet normal -0.980825 -0.194891 0
    outer loop
      vertex 53.4091 86.3106 26
      vertex 53.4397 86.1566 24
      vertex 53.4397 86.1566 26
    endloop
  endfacet
  facet normal -0.947013 0.321194 0
    outer loop
      vertex 53.3587 74.5408 24
      vertex 53.4091 74.6894 26
      vertex 53.4091 74.6894 24
    endloop
  endfacet
  facet normal -0.947013 0.321194 0
    outer loop
      vertex 53.4091 74.6894 26
      vertex 53.3587 74.5408 24
      vertex 53.3587 74.5408 26
    endloop
  endfacet
  facet normal -0.980825 0.194891 0
    outer loop
      vertex 53.4091 74.6894 24
      vertex 53.4397 74.8434 26
      vertex 53.4397 74.8434 24
    endloop
  endfacet
  facet normal -0.980825 0.194891 0
    outer loop
      vertex 53.4397 74.8434 26
      vertex 53.4091 74.6894 24
      vertex 53.4091 74.6894 26
    endloop
  endfacet
  facet normal -1 0 0
    outer loop
      vertex 53.45 75 24
      vertex 53.45 86 26
      vertex 53.45 86 24
    endloop
  endfacet
  facet normal -1 -0 0
    outer loop
      vertex 53.45 86 26
      vertex 53.45 75 24
      vertex 53.45 75 26
    endloop
  endfacet
  facet normal 0.997844 -0.0656309 0
    outer loop
      vertex 51.05 86 26
      vertex 51.0603 86.1566 24
      vertex 51.0603 86.1566 26
    endloop
  endfacet
  facet normal 0.997844 -0.0656309 0
    outer loop
      vertex 51.0603 86.1566 24
      vertex 51.05 86 26
      vertex 51.05 86 24
    endloop
  endfacet
  facet normal 1 -0 0
    outer loop
      vertex 51.05 75 26
      vertex 51.05 86 24
      vertex 51.05 86 26
    endloop
  endfacet
  facet normal 1 0 0
    outer loop
      vertex 51.05 86 24
      vertex 51.05 75 26
      vertex 51.05 75 24
    endloop
  endfacet
  facet normal -0.751787 0.659406 0
    outer loop
      vertex 53.0985 74.1515 24
      vertex 53.202 74.2695 26
      vertex 53.202 74.2695 24
    endloop
  endfacet
  facet normal -0.751787 0.659406 0
    outer loop
      vertex 53.202 74.2695 26
      vertex 53.0985 74.1515 24
      vertex 53.0985 74.1515 26
    endloop
  endfacet
  facet normal -0.997844 0.0656309 0
    outer loop
      vertex 53.4397 74.8434 24
      vertex 53.45 75 26
      vertex 53.45 75 24
    endloop
  endfacet
  facet normal -0.997844 0.0656309 0
    outer loop
      vertex 53.45 75 26
      vertex 53.4397 74.8434 24
      vertex 53.4397 74.8434 26
    endloop
  endfacet
  facet normal -0.997844 -0.0656309 0
    outer loop
      vertex 53.45 86 24
      vertex 53.4397 86.1566 26
      vertex 53.4397 86.1566 24
    endloop
  endfacet
  facet normal -0.997844 -0.0656309 0
    outer loop
      vertex 53.4397 86.1566 26
      vertex 53.45 86 24
      vertex 53.45 86 26
    endloop
  endfacet
  facet normal 0.659406 -0.751787 0
    outer loop
      vertex 51.4015 86.8485 24
      vertex 51.5195 86.952 26
      vertex 51.4015 86.8485 26
    endloop
  endfacet
  facet normal 0.659406 -0.751787 0
    outer loop
      vertex 51.5195 86.952 26
      vertex 51.4015 86.8485 24
      vertex 51.5195 86.952 24
    endloop
  endfacet
  facet normal 0.896708 -0.442622 0
    outer loop
      vertex 51.1413 86.4592 26
      vertex 51.2108 86.6 24
      vertex 51.2108 86.6 26
    endloop
  endfacet
  facet normal 0.896708 -0.442622 0
    outer loop
      vertex 51.2108 86.6 24
      vertex 51.1413 86.4592 26
      vertex 51.1413 86.4592 24
    endloop
  endfacet
  facet normal 0.997844 0.0656309 0
    outer loop
      vertex 51.0603 74.8434 26
      vertex 51.05 75 24
      vertex 51.05 75 26
    endloop
  endfacet
  facet normal 0.997844 0.0656309 0
    outer loop
      vertex 51.05 75 24
      vertex 51.0603 74.8434 26
      vertex 51.0603 74.8434 24
    endloop
  endfacet
  facet normal -0.555582 0.831462 0
    outer loop
      vertex 52.9805 74.048 24
      vertex 52.85 73.9608 26
      vertex 52.9805 74.048 26
    endloop
  endfacet
  facet normal -0.555582 0.831462 0
    outer loop
      vertex 52.85 73.9608 26
      vertex 52.9805 74.048 24
      vertex 52.85 73.9608 24
    endloop
  endfacet
  facet normal -0.896708 0.442622 0
    outer loop
      vertex 53.2892 74.4 24
      vertex 53.3587 74.5408 26
      vertex 53.3587 74.5408 24
    endloop
  endfacet
  facet normal -0.896708 0.442622 0
    outer loop
      vertex 53.3587 74.5408 26
      vertex 53.2892 74.4 24
      vertex 53.2892 74.4 26
    endloop
  endfacet
  facet normal -0.659406 0.751787 0
    outer loop
      vertex 53.0985 74.1515 24
      vertex 52.9805 74.048 26
      vertex 53.0985 74.1515 26
    endloop
  endfacet
  facet normal -0.659406 0.751787 0
    outer loop
      vertex 52.9805 74.048 26
      vertex 53.0985 74.1515 24
      vertex 52.9805 74.048 24
    endloop
  endfacet
  facet normal 0.831462 0.555582 0
    outer loop
      vertex 51.298 74.2695 26
      vertex 51.2108 74.4 24
      vertex 51.2108 74.4 26
    endloop
  endfacet
  facet normal 0.831462 0.555582 0
    outer loop
      vertex 51.2108 74.4 24
      vertex 51.298 74.2695 26
      vertex 51.298 74.2695 24
    endloop
  endfacet
  facet normal -0.659406 -0.751787 0
    outer loop
      vertex 52.9805 86.952 24
      vertex 53.0985 86.8485 26
      vertex 52.9805 86.952 26
    endloop
  endfacet
  facet normal -0.659406 -0.751787 -0
    outer loop
      vertex 53.0985 86.8485 26
      vertex 52.9805 86.952 24
      vertex 53.0985 86.8485 24
    endloop
  endfacet
  facet normal -0.321194 -0.947013 0
    outer loop
      vertex 52.5606 87.1591 24
      vertex 52.7092 87.1087 26
      vertex 52.5606 87.1591 26
    endloop
  endfacet
  facet normal -0.321194 -0.947013 -0
    outer loop
      vertex 52.7092 87.1087 26
      vertex 52.5606 87.1591 24
      vertex 52.7092 87.1087 24
    endloop
  endfacet
  facet normal -0.896708 -0.442622 0
    outer loop
      vertex 53.3587 86.4592 24
      vertex 53.2892 86.6 26
      vertex 53.2892 86.6 24
    endloop
  endfacet
  facet normal -0.896708 -0.442622 0
    outer loop
      vertex 53.2892 86.6 26
      vertex 53.3587 86.4592 24
      vertex 53.3587 86.4592 26
    endloop
  endfacet
  facet normal -0.947013 -0.321194 0
    outer loop
      vertex 53.4091 86.3106 24
      vertex 53.3587 86.4592 26
      vertex 53.3587 86.4592 24
    endloop
  endfacet
  facet normal -0.947013 -0.321194 0
    outer loop
      vertex 53.3587 86.4592 26
      vertex 53.4091 86.3106 24
      vertex 53.4091 86.3106 26
    endloop
  endfacet
  facet normal 0.321194 -0.947013 0
    outer loop
      vertex 51.7908 87.1087 24
      vertex 51.9394 87.1591 26
      vertex 51.7908 87.1087 26
    endloop
  endfacet
  facet normal 0.321194 -0.947013 0
    outer loop
      vertex 51.9394 87.1591 26
      vertex 51.7908 87.1087 24
      vertex 51.9394 87.1591 24
    endloop
  endfacet
  facet normal 0.442622 -0.896708 0
    outer loop
      vertex 51.65 87.0392 24
      vertex 51.7908 87.1087 26
      vertex 51.65 87.0392 26
    endloop
  endfacet
  facet normal 0.442622 -0.896708 0
    outer loop
      vertex 51.7908 87.1087 26
      vertex 51.65 87.0392 24
      vertex 51.7908 87.1087 24
    endloop
  endfacet
  facet normal 0.751787 -0.659406 0
    outer loop
      vertex 51.298 86.7305 26
      vertex 51.4015 86.8485 24
      vertex 51.4015 86.8485 26
    endloop
  endfacet
  facet normal 0.751787 -0.659406 0
    outer loop
      vertex 51.4015 86.8485 24
      vertex 51.298 86.7305 26
      vertex 51.298 86.7305 24
    endloop
  endfacet
  facet normal 0.831462 -0.555582 0
    outer loop
      vertex 51.2108 86.6 26
      vertex 51.298 86.7305 24
      vertex 51.298 86.7305 26
    endloop
  endfacet
  facet normal 0.831462 -0.555582 0
    outer loop
      vertex 51.298 86.7305 24
      vertex 51.2108 86.6 26
      vertex 51.2108 86.6 24
    endloop
  endfacet
  facet normal 0.947013 -0.321194 0
    outer loop
      vertex 51.0909 86.3106 26
      vertex 51.1413 86.4592 24
      vertex 51.1413 86.4592 26
    endloop
  endfacet
  facet normal 0.947013 -0.321194 0
    outer loop
      vertex 51.1413 86.4592 24
      vertex 51.0909 86.3106 26
      vertex 51.0909 86.3106 24
    endloop
  endfacet
  facet normal -0.0656309 0.997844 0
    outer loop
      vertex 52.4066 73.8103 24
      vertex 52.25 73.8 26
      vertex 52.4066 73.8103 26
    endloop
  endfacet
  facet normal -0.0656309 0.997844 0
    outer loop
      vertex 52.25 73.8 26
      vertex 52.4066 73.8103 24
      vertex 52.25 73.8 24
    endloop
  endfacet
  facet normal -0.831462 0.555582 0
    outer loop
      vertex 53.202 74.2695 24
      vertex 53.2892 74.4 26
      vertex 53.2892 74.4 24
    endloop
  endfacet
  facet normal -0.831462 0.555582 0
    outer loop
      vertex 53.2892 74.4 26
      vertex 53.202 74.2695 24
      vertex 53.202 74.2695 26
    endloop
  endfacet
  facet normal 0.980825 0.194891 0
    outer loop
      vertex 51.0909 74.6894 26
      vertex 51.0603 74.8434 24
      vertex 51.0603 74.8434 26
    endloop
  endfacet
  facet normal 0.980825 0.194891 0
    outer loop
      vertex 51.0603 74.8434 24
      vertex 51.0909 74.6894 26
      vertex 51.0909 74.6894 24
    endloop
  endfacet
  facet normal 0.896708 0.442622 0
    outer loop
      vertex 51.2108 74.4 26
      vertex 51.1413 74.5408 24
      vertex 51.1413 74.5408 26
    endloop
  endfacet
  facet normal 0.896708 0.442622 0
    outer loop
      vertex 51.1413 74.5408 24
      vertex 51.2108 74.4 26
      vertex 51.2108 74.4 24
    endloop
  endfacet
  facet normal 0.751787 0.659406 0
    outer loop
      vertex 51.4015 74.1515 26
      vertex 51.298 74.2695 24
      vertex 51.298 74.2695 26
    endloop
  endfacet
  facet normal 0.751787 0.659406 0
    outer loop
      vertex 51.298 74.2695 24
      vertex 51.4015 74.1515 26
      vertex 51.4015 74.1515 24
    endloop
  endfacet
  facet normal 0.659406 0.751787 -0
    outer loop
      vertex 51.5195 74.048 24
      vertex 51.4015 74.1515 26
      vertex 51.5195 74.048 26
    endloop
  endfacet
  facet normal 0.659406 0.751787 0
    outer loop
      vertex 51.4015 74.1515 26
      vertex 51.5195 74.048 24
      vertex 51.4015 74.1515 24
    endloop
  endfacet
  facet normal 0.0656309 -0.997844 0
    outer loop
      vertex 52.0934 87.1897 24
      vertex 52.25 87.2 26
      vertex 52.0934 87.1897 26
    endloop
  endfacet
  facet normal 0.0656309 -0.997844 0
    outer loop
      vertex 52.25 87.2 26
      vertex 52.0934 87.1897 24
      vertex 52.25 87.2 24
    endloop
  endfacet
  facet normal -0.831462 -0.555582 0
    outer loop
      vertex 53.2892 86.6 24
      vertex 53.202 86.7305 26
      vertex 53.202 86.7305 24
    endloop
  endfacet
  facet normal -0.831462 -0.555582 0
    outer loop
      vertex 53.202 86.7305 26
      vertex 53.2892 86.6 24
      vertex 53.2892 86.6 26
    endloop
  endfacet
  facet normal -0.194891 -0.980825 0
    outer loop
      vertex 52.4066 87.1897 24
      vertex 52.5606 87.1591 26
      vertex 52.4066 87.1897 26
    endloop
  endfacet
  facet normal -0.194891 -0.980825 -0
    outer loop
      vertex 52.5606 87.1591 26
      vertex 52.4066 87.1897 24
      vertex 52.5606 87.1591 24
    endloop
  endfacet
  facet normal -0.442622 -0.896708 0
    outer loop
      vertex 52.7092 87.1087 24
      vertex 52.85 87.0392 26
      vertex 52.7092 87.1087 26
    endloop
  endfacet
  facet normal -0.442622 -0.896708 -0
    outer loop
      vertex 52.85 87.0392 26
      vertex 52.7092 87.1087 24
      vertex 52.85 87.0392 24
    endloop
  endfacet
  facet normal 0.555582 -0.831462 0
    outer loop
      vertex 51.5195 86.952 24
      vertex 51.65 87.0392 26
      vertex 51.5195 86.952 26
    endloop
  endfacet
  facet normal 0.555582 -0.831462 0
    outer loop
      vertex 51.65 87.0392 26
      vertex 51.5195 86.952 24
      vertex 51.65 87.0392 24
    endloop
  endfacet
  facet normal 0.194891 -0.980825 0
    outer loop
      vertex 51.9394 87.1591 24
      vertex 52.0934 87.1897 26
      vertex 51.9394 87.1591 26
    endloop
  endfacet
  facet normal 0.194891 -0.980825 0
    outer loop
      vertex 52.0934 87.1897 26
      vertex 51.9394 87.1591 24
      vertex 52.0934 87.1897 24
    endloop
  endfacet
  facet normal 0.947013 0.321194 0
    outer loop
      vertex 51.1413 74.5408 26
      vertex 51.0909 74.6894 24
      vertex 51.0909 74.6894 26
    endloop
  endfacet
  facet normal 0.947013 0.321194 0
    outer loop
      vertex 51.0909 74.6894 24
      vertex 51.1413 74.5408 26
      vertex 51.1413 74.5408 24
    endloop
  endfacet
  facet normal 0.442622 0.896708 -0
    outer loop
      vertex 51.7908 73.8913 24
      vertex 51.65 73.9608 26
      vertex 51.7908 73.8913 26
    endloop
  endfacet
  facet normal 0.442622 0.896708 0
    outer loop
      vertex 51.65 73.9608 26
      vertex 51.7908 73.8913 24
      vertex 51.65 73.9608 24
    endloop
  endfacet
  facet normal 0.0656309 0.997844 -0
    outer loop
      vertex 52.25 73.8 24
      vertex 52.0934 73.8103 26
      vertex 52.25 73.8 26
    endloop
  endfacet
  facet normal 0.0656309 0.997844 0
    outer loop
      vertex 52.0934 73.8103 26
      vertex 52.25 73.8 24
      vertex 52.0934 73.8103 24
    endloop
  endfacet
  facet normal -0.0656309 -0.997844 0
    outer loop
      vertex 52.25 87.2 24
      vertex 52.4066 87.1897 26
      vertex 52.25 87.2 26
    endloop
  endfacet
  facet normal -0.0656309 -0.997844 -0
    outer loop
      vertex 52.4066 87.1897 26
      vertex 52.25 87.2 24
      vertex 52.4066 87.1897 24
    endloop
  endfacet
  facet normal -0.555582 -0.831462 0
    outer loop
      vertex 52.85 87.0392 24
      vertex 52.9805 86.952 26
      vertex 52.85 87.0392 26
    endloop
  endfacet
  facet normal -0.555582 -0.831462 -0
    outer loop
      vertex 52.9805 86.952 26
      vertex 52.85 87.0392 24
      vertex 52.9805 86.952 24
    endloop
  endfacet
  facet normal -0.321194 0.947013 0
    outer loop
      vertex 52.7092 73.8913 24
      vertex 52.5606 73.8409 26
      vertex 52.7092 73.8913 26
    endloop
  endfacet
  facet normal -0.321194 0.947013 0
    outer loop
      vertex 52.5606 73.8409 26
      vertex 52.7092 73.8913 24
      vertex 52.5606 73.8409 24
    endloop
  endfacet
  facet normal -0.194891 0.980825 0
    outer loop
      vertex 52.5606 73.8409 24
      vertex 52.4066 73.8103 26
      vertex 52.5606 73.8409 26
    endloop
  endfacet
  facet normal -0.194891 0.980825 0
    outer loop
      vertex 52.4066 73.8103 26
      vertex 52.5606 73.8409 24
      vertex 52.4066 73.8103 24
    endloop
  endfacet
  facet normal -0.442622 0.896708 0
    outer loop
      vertex 52.85 73.9608 24
      vertex 52.7092 73.8913 26
      vertex 52.85 73.9608 26
    endloop
  endfacet
  facet normal -0.442622 0.896708 0
    outer loop
      vertex 52.7092 73.8913 26
      vertex 52.85 73.9608 24
      vertex 52.7092 73.8913 24
    endloop
  endfacet
  facet normal 0.555582 0.831462 -0
    outer loop
      vertex 51.65 73.9608 24
      vertex 51.5195 74.048 26
      vertex 51.65 73.9608 26
    endloop
  endfacet
  facet normal 0.555582 0.831462 0
    outer loop
      vertex 51.5195 74.048 26
      vertex 51.65 73.9608 24
      vertex 51.5195 74.048 24
    endloop
  endfacet
  facet normal 0.321194 0.947013 -0
    outer loop
      vertex 51.9394 73.8409 24
      vertex 51.7908 73.8913 26
      vertex 51.9394 73.8409 26
    endloop
  endfacet
  facet normal 0.321194 0.947013 0
    outer loop
      vertex 51.7908 73.8913 26
      vertex 51.9394 73.8409 24
      vertex 51.7908 73.8913 24
    endloop
  endfacet
  facet normal 0.194891 0.980825 -0
    outer loop
      vertex 52.0934 73.8103 24
      vertex 51.9394 73.8409 26
      vertex 52.0934 73.8103 26
    endloop
  endfacet
  facet normal 0.194891 0.980825 0
    outer loop
      vertex 51.9394 73.8409 26
      vertex 52.0934 73.8103 24
      vertex 51.9394 73.8409 24
    endloop
  endfacet
  facet normal 1 -0 0
    outer loop
      vertex 10.75 72 26
      vertex 10.75 88 24
      vertex 10.75 88 26
    endloop
  endfacet
  facet normal 1 0 0
    outer loop
      vertex 10.75 88 24
      vertex 10.75 72 26
      vertex 10.75 72 24
    endloop
  endfacet
  facet normal -1 0 0
    outer loop
      vertex 38.75 72 24
      vertex 38.75 88 26
      vertex 38.75 88 24
    endloop
  endfacet
  facet normal -1 -0 0
    outer loop
      vertex 38.75 88 26
      vertex 38.75 72 24
      vertex 38.75 72 26
    endloop
  endfacet
  facet normal 0 1 -0
    outer loop
      vertex 38.75 72 24
      vertex 10.75 72 26
      vertex 38.75 72 26
    endloop
  endfacet
  facet normal 0 1 0
    outer loop
      vertex 10.75 72 26
      vertex 38.75 72 24
      vertex 10.75 72 24
    endloop
  endfacet
  facet normal 1 0 0
    outer loop
      vertex 57.5 54 26
      vertex 57.5 51 24
      vertex 57.5 54 24
    endloop
  endfacet
  facet normal 1 -0 0
    outer loop
      vertex 57.5 48 26
      vertex 57.5 51 24
      vertex 57.5 54 26
    endloop
  endfacet
  facet normal 1 0 0
    outer loop
      vertex 57.5 51 24
      vertex 57.5 48 26
      vertex 57.5 48 24
    endloop
  endfacet
  facet normal 0 1 -0
    outer loop
      vertex 57.5 54 24
      vertex 54.75 54 26
      vertex 57.5 54 26
    endloop
  endfacet
  facet normal 0 1 0
    outer loop
      vertex 54.75 54 26
      vertex 57.5 54 24
      vertex 54.75 54 24
    endloop
  endfacet
  facet normal 0 -1 0
    outer loop
      vertex 54.75 48 24
      vertex 57.5 48 26
      vertex 54.75 48 26
    endloop
  endfacet
  facet normal 0 -1 -0
    outer loop
      vertex 57.5 48 26
      vertex 54.75 48 24
      vertex 57.5 48 24
    endloop
  endfacet
  facet normal 1 0 0
    outer loop
      vertex 57.5 70 26
      vertex 57.5 67 24
      vertex 57.5 70 24
    endloop
  endfacet
  facet normal 1 -0 0
    outer loop
      vertex 57.5 64 26
      vertex 57.5 67 24
      vertex 57.5 70 26
    endloop
  endfacet
  facet normal 1 0 0
    outer loop
      vertex 57.5 67 24
      vertex 57.5 64 26
      vertex 57.5 64 24
    endloop
  endfacet
  facet normal 0 -1 0
    outer loop
      vertex 54.75 64 24
      vertex 57.5 64 26
      vertex 54.75 64 26
    endloop
  endfacet
  facet normal 0 -1 -0
    outer loop
      vertex 57.5 64 26
      vertex 54.75 64 24
      vertex 57.5 64 24
    endloop
  endfacet
  facet normal 0 1 -0
    outer loop
      vertex 57.5 70 24
      vertex 54.75 70 26
      vertex 57.5 70 26
    endloop
  endfacet
  facet normal 0 1 0
    outer loop
      vertex 54.75 70 26
      vertex 57.5 70 24
      vertex 54.75 70 24
    endloop
  endfacet
  facet normal 0.555797 0.831318 -0
    outer loop
      vertex 56.6197 52.785 23.15
      vertex 56.375 52.9486 24
      vertex 56.6197 52.785 24
    endloop
  endfacet
  facet normal 0.555797 0.831318 0
    outer loop
      vertex 56.375 52.9486 24
      vertex 56.6197 52.785 23.15
      vertex 56.375 52.9486 23.15
    endloop
  endfacet
  facet normal 0.980724 -0.195397 0
    outer loop
      vertex 57.4233 50.4177 24
      vertex 57.4808 50.7063 23.15
      vertex 57.4808 50.7063 24
    endloop
  endfacet
  facet normal 0.980724 -0.195397 0
    outer loop
      vertex 57.4808 50.7063 23.15
      vertex 57.4233 50.4177 24
      vertex 57.4233 50.4177 23.15
    endloop
  endfacet
  facet normal -0.195397 -0.980724 0
    outer loop
      vertex 54.6677 48.8267 23.15
      vertex 54.9563 48.7692 24
      vertex 54.6677 48.8267 24
    endloop
  endfacet
  facet normal -0.195397 -0.980724 -0
    outer loop
      vertex 54.9563 48.7692 24
      vertex 54.6677 48.8267 23.15
      vertex 54.9563 48.7692 23.15
    endloop
  endfacet
  facet normal -0.442042 0.896995 0
    outer loop
      vertex 54.389 53.0787 23.15
      vertex 54.125 52.9486 24
      vertex 54.389 53.0787 24
    endloop
  endfacet
  facet normal -0.442042 0.896995 0
    outer loop
      vertex 54.125 52.9486 24
      vertex 54.389 53.0787 23.15
      vertex 54.125 52.9486 23.15
    endloop
  endfacet
  facet normal -0.946936 0.321421 0
    outer loop
      vertex 53.0767 51.5823 23.15
      vertex 53.1713 51.861 24
      vertex 53.1713 51.861 23.15
    endloop
  endfacet
  facet normal -0.946936 0.321421 0
    outer loop
      vertex 53.1713 51.861 24
      vertex 53.0767 51.5823 23.15
      vertex 53.0767 51.5823 24
    endloop
  endfacet
  facet normal 0.751966 -0.659202 0
    outer loop
      vertex 56.841 49.409 24
      vertex 57.035 49.6303 23.15
      vertex 57.035 49.6303 24
    endloop
  endfacet
  facet normal 0.751966 -0.659202 0
    outer loop
      vertex 57.035 49.6303 23.15
      vertex 56.841 49.409 24
      vertex 56.841 49.409 23.15
    endloop
  endfacet
  facet normal 0.896995 0.442042 0
    outer loop
      vertex 57.3287 51.861 24
      vertex 57.1986 52.125 23.15
      vertex 57.1986 52.125 24
    endloop
  endfacet
  facet normal 0.896995 0.442042 0
    outer loop
      vertex 57.1986 52.125 23.15
      vertex 57.3287 51.861 24
      vertex 57.3287 51.861 23.15
    endloop
  endfacet
  facet normal 0.831318 0.555797 0
    outer loop
      vertex 57.1986 52.125 24
      vertex 57.035 52.3697 23.15
      vertex 57.035 52.3697 24
    endloop
  endfacet
  facet normal 0.831318 0.555797 0
    outer loop
      vertex 57.035 52.3697 23.15
      vertex 57.1986 52.125 24
      vertex 57.1986 52.125 23.15
    endloop
  endfacet
  facet normal 0.659202 0.751966 -0
    outer loop
      vertex 56.841 52.591 23.15
      vertex 56.6197 52.785 24
      vertex 56.841 52.591 24
    endloop
  endfacet
  facet normal 0.659202 0.751966 0
    outer loop
      vertex 56.6197 52.785 24
      vertex 56.841 52.591 23.15
      vertex 56.6197 52.785 23.15
    endloop
  endfacet
  facet normal 0.321421 0.946936 -0
    outer loop
      vertex 56.111 53.0787 23.15
      vertex 55.8323 53.1733 24
      vertex 56.111 53.0787 24
    endloop
  endfacet
  facet normal 0.321421 0.946936 0
    outer loop
      vertex 55.8323 53.1733 24
      vertex 56.111 53.0787 23.15
      vertex 55.8323 53.1733 23.15
    endloop
  endfacet
  facet normal -0.0652336 0.99787 0
    outer loop
      vertex 55.25 53.25 23.15
      vertex 54.9563 53.2308 24
      vertex 55.25 53.25 24
    endloop
  endfacet
  facet normal -0.0652336 0.99787 0
    outer loop
      vertex 54.9563 53.2308 24
      vertex 55.25 53.25 23.15
      vertex 54.9563 53.2308 23.15
    endloop
  endfacet
  facet normal 0 0 -1
    outer loop
      vertex 56.45 51 23.15
      vertex 57.5 51 23.15
      vertex 57.4808 50.7063 23.15
    endloop
  endfacet
  facet normal 0 0 -1
    outer loop
      vertex 56.4397 50.8434 23.15
      vertex 57.4808 50.7063 23.15
      vertex 57.4233 50.4177 23.15
    endloop
  endfacet
  facet normal 0 0 -1
    outer loop
      vertex 57.5 51 23.15
      vertex 56.45 51 23.15
      vertex 57.4808 51.2937 23.15
    endloop
  endfacet
  facet normal 0 0 -1
    outer loop
      vertex 56.4091 50.6894 23.15
      vertex 57.4233 50.4177 23.15
      vertex 57.3287 50.139 23.15
    endloop
  endfacet
  facet normal 0 0 -1
    outer loop
      vertex 56.4397 51.1566 23.15
      vertex 57.4808 51.2937 23.15
      vertex 56.45 51 23.15
    endloop
  endfacet
  facet normal 0 0 -1
    outer loop
      vertex 56.3587 50.5408 23.15
      vertex 57.3287 50.139 23.15
      vertex 57.1986 49.875 23.15
    endloop
  endfacet
  facet normal -0 0 -1
    outer loop
      vertex 57.4808 51.2937 23.15
      vertex 56.4397 51.1566 23.15
      vertex 57.4233 51.5823 23.15
    endloop
  endfacet
  facet normal 0 0 -1
    outer loop
      vertex 56.2892 50.4 23.15
      vertex 57.1986 49.875 23.15
      vertex 57.035 49.6303 23.15
    endloop
  endfacet
  facet normal 0 0 -1
    outer loop
      vertex 56.4091 51.3106 23.15
      vertex 57.4233 51.5823 23.15
      vertex 56.4397 51.1566 23.15
    endloop
  endfacet
  facet normal 0 0 -1
    outer loop
      vertex 56.202 50.2695 23.15
      vertex 57.035 49.6303 23.15
      vertex 56.841 49.409 23.15
    endloop
  endfacet
  facet normal -0 0 -1
    outer loop
      vertex 57.4233 51.5823 23.15
      vertex 56.4091 51.3106 23.15
      vertex 57.3287 51.861 23.15
    endloop
  endfacet
  facet normal 0 0 -1
    outer loop
      vertex 56.0985 50.1515 23.15
      vertex 56.841 49.409 23.15
      vertex 56.6197 49.215 23.15
    endloop
  endfacet
  facet normal 0 0 -1
    outer loop
      vertex 56.3587 51.4592 23.15
      vertex 57.3287 51.861 23.15
      vertex 56.4091 51.3106 23.15
    endloop
  endfacet
  facet normal -0 0 -1
    outer loop
      vertex 57.3287 51.861 23.15
      vertex 56.3587 51.4592 23.15
      vertex 57.1986 52.125 23.15
    endloop
  endfacet
  facet normal 0 0 -1
    outer loop
      vertex 57.4808 50.7063 23.15
      vertex 56.4397 50.8434 23.15
      vertex 56.45 51 23.15
    endloop
  endfacet
  facet normal 0 0 -1
    outer loop
      vertex 57.4233 50.4177 23.15
      vertex 56.4091 50.6894 23.15
      vertex 56.4397 50.8434 23.15
    endloop
  endfacet
  facet normal 0 0 -1
    outer loop
      vertex 55.9805 50.048 23.15
      vertex 56.6197 49.215 23.15
      vertex 56.375 49.0514 23.15
    endloop
  endfacet
  facet normal 0 0 -1
    outer loop
      vertex 57.3287 50.139 23.15
      vertex 56.3587 50.5408 23.15
      vertex 56.4091 50.6894 23.15
    endloop
  endfacet
  facet normal 0 0 -1
    outer loop
      vertex 57.1986 49.875 23.15
      vertex 56.2892 50.4 23.15
      vertex 56.3587 50.5408 23.15
    endloop
  endfacet
  facet normal 0 0 -1
    outer loop
      vertex 57.035 49.6303 23.15
      vertex 56.202 50.2695 23.15
      vertex 56.2892 50.4 23.15
    endloop
  endfacet
  facet normal 0 0 -1
    outer loop
      vertex 55.85 49.9608 23.15
      vertex 56.375 49.0514 23.15
      vertex 56.111 48.9213 23.15
    endloop
  endfacet
  facet normal 0 0 -1
    outer loop
      vertex 56.841 49.409 23.15
      vertex 56.0985 50.1515 23.15
      vertex 56.202 50.2695 23.15
    endloop
  endfacet
  facet normal 0 0 -1
    outer loop
      vertex 56.6197 49.215 23.15
      vertex 55.9805 50.048 23.15
      vertex 56.0985 50.1515 23.15
    endloop
  endfacet
  facet normal 0 0 -1
    outer loop
      vertex 56.375 49.0514 23.15
      vertex 55.85 49.9608 23.15
      vertex 55.9805 50.048 23.15
    endloop
  endfacet
  facet normal 0 0 -1
    outer loop
      vertex 55.7092 49.8913 23.15
      vertex 56.111 48.9213 23.15
      vertex 55.8323 48.8267 23.15
    endloop
  endfacet
  facet normal 0 0 -1
    outer loop
      vertex 56.111 48.9213 23.15
      vertex 55.7092 49.8913 23.15
      vertex 55.85 49.9608 23.15
    endloop
  endfacet
  facet normal 0 0 -1
    outer loop
      vertex 55.8323 48.8267 23.15
      vertex 55.5606 49.8409 23.15
      vertex 55.7092 49.8913 23.15
    endloop
  endfacet
  facet normal 0 0 -1
    outer loop
      vertex 55.5437 48.7692 23.15
      vertex 55.5606 49.8409 23.15
      vertex 55.8323 48.8267 23.15
    endloop
  endfacet
  facet normal 0 0 -1
    outer loop
      vertex 55.5437 48.7692 23.15
      vertex 55.4066 49.8103 23.15
      vertex 55.5606 49.8409 23.15
    endloop
  endfacet
  facet normal 0 0 -1
    outer loop
      vertex 55.25 48.75 23.15
      vertex 55.4066 49.8103 23.15
      vertex 55.5437 48.7692 23.15
    endloop
  endfacet
  facet normal 0 0 -1
    outer loop
      vertex 55.25 48.75 23.15
      vertex 55.25 49.8 23.15
      vertex 55.4066 49.8103 23.15
    endloop
  endfacet
  facet normal 0 0 -1
    outer loop
      vertex 55.25 48.75 23.15
      vertex 55.0934 49.8103 23.15
      vertex 55.25 49.8 23.15
    endloop
  endfacet
  facet normal 0 0 -1
    outer loop
      vertex 54.9563 48.7692 23.15
      vertex 55.0934 49.8103 23.15
      vertex 55.25 48.75 23.15
    endloop
  endfacet
  facet normal 0 0 -1
    outer loop
      vertex 54.9563 48.7692 23.15
      vertex 54.9394 49.8409 23.15
      vertex 55.0934 49.8103 23.15
    endloop
  endfacet
  facet normal 0 0 -1
    outer loop
      vertex 54.6677 48.8267 23.15
      vertex 54.9394 49.8409 23.15
      vertex 54.9563 48.7692 23.15
    endloop
  endfacet
  facet normal -0 0 -1
    outer loop
      vertex 54.9394 49.8409 23.15
      vertex 54.6677 48.8267 23.15
      vertex 54.7908 49.8913 23.15
    endloop
  endfacet
  facet normal 0 0 -1
    outer loop
      vertex 54.389 48.9213 23.15
      vertex 54.7908 49.8913 23.15
      vertex 54.6677 48.8267 23.15
    endloop
  endfacet
  facet normal -0 0 -1
    outer loop
      vertex 54.7908 49.8913 23.15
      vertex 54.389 48.9213 23.15
      vertex 54.65 49.9608 23.15
    endloop
  endfacet
  facet normal 0 0 -1
    outer loop
      vertex 54.125 49.0514 23.15
      vertex 54.65 49.9608 23.15
      vertex 54.389 48.9213 23.15
    endloop
  endfacet
  facet normal -0 0 -1
    outer loop
      vertex 54.65 49.9608 23.15
      vertex 54.125 49.0514 23.15
      vertex 54.5195 50.048 23.15
    endloop
  endfacet
  facet normal 0 0 -1
    outer loop
      vertex 53.8803 49.215 23.15
      vertex 54.5195 50.048 23.15
      vertex 54.125 49.0514 23.15
    endloop
  endfacet
  facet normal -0 0 -1
    outer loop
      vertex 54.5195 50.048 23.15
      vertex 53.8803 49.215 23.15
      vertex 54.4015 50.1515 23.15
    endloop
  endfacet
  facet normal 0 0 -1
    outer loop
      vertex 53.659 49.409 23.15
      vertex 54.4015 50.1515 23.15
      vertex 53.8803 49.215 23.15
    endloop
  endfacet
  facet normal -0 0 -1
    outer loop
      vertex 54.4015 50.1515 23.15
      vertex 53.659 49.409 23.15
      vertex 54.298 50.2695 23.15
    endloop
  endfacet
  facet normal 0 0 -1
    outer loop
      vertex 53.465 49.6303 23.15
      vertex 54.298 50.2695 23.15
      vertex 53.659 49.409 23.15
    endloop
  endfacet
  facet normal -0 0 -1
    outer loop
      vertex 54.298 50.2695 23.15
      vertex 53.465 49.6303 23.15
      vertex 54.2108 50.4 23.15
    endloop
  endfacet
  facet normal 0 0 -1
    outer loop
      vertex 53.3014 49.875 23.15
      vertex 54.2108 50.4 23.15
      vertex 53.465 49.6303 23.15
    endloop
  endfacet
  facet normal -0 0 -1
    outer loop
      vertex 54.2108 50.4 23.15
      vertex 53.3014 49.875 23.15
      vertex 54.1413 50.5408 23.15
    endloop
  endfacet
  facet normal 0 0 -1
    outer loop
      vertex 56.2892 51.6 23.15
      vertex 57.1986 52.125 23.15
      vertex 56.3587 51.4592 23.15
    endloop
  endfacet
  facet normal -0 0 -1
    outer loop
      vertex 57.1986 52.125 23.15
      vertex 56.2892 51.6 23.15
      vertex 57.035 52.3697 23.15
    endloop
  endfacet
  facet normal 0 0 -1
    outer loop
      vertex 56.202 51.7305 23.15
      vertex 57.035 52.3697 23.15
      vertex 56.2892 51.6 23.15
    endloop
  endfacet
  facet normal -0 0 -1
    outer loop
      vertex 57.035 52.3697 23.15
      vertex 56.202 51.7305 23.15
      vertex 56.841 52.591 23.15
    endloop
  endfacet
  facet normal 0 0 -1
    outer loop
      vertex 56.0985 51.8485 23.15
      vertex 56.841 52.591 23.15
      vertex 56.202 51.7305 23.15
    endloop
  endfacet
  facet normal -0 0 -1
    outer loop
      vertex 56.841 52.591 23.15
      vertex 56.0985 51.8485 23.15
      vertex 56.6197 52.785 23.15
    endloop
  endfacet
  facet normal 0 0 -1
    outer loop
      vertex 55.9805 51.952 23.15
      vertex 56.6197 52.785 23.15
      vertex 56.0985 51.8485 23.15
    endloop
  endfacet
  facet normal -0 0 -1
    outer loop
      vertex 56.6197 52.785 23.15
      vertex 55.9805 51.952 23.15
      vertex 56.375 52.9486 23.15
    endloop
  endfacet
  facet normal 0 0 -1
    outer loop
      vertex 55.85 52.0392 23.15
      vertex 56.375 52.9486 23.15
      vertex 55.9805 51.952 23.15
    endloop
  endfacet
  facet normal -0 0 -1
    outer loop
      vertex 56.375 52.9486 23.15
      vertex 55.85 52.0392 23.15
      vertex 56.111 53.0787 23.15
    endloop
  endfacet
  facet normal 0 0 -1
    outer loop
      vertex 55.7092 52.1087 23.15
      vertex 56.111 53.0787 23.15
      vertex 55.85 52.0392 23.15
    endloop
  endfacet
  facet normal -0 0 -1
    outer loop
      vertex 56.111 53.0787 23.15
      vertex 55.7092 52.1087 23.15
      vertex 55.8323 53.1733 23.15
    endloop
  endfacet
  facet normal 0 0 -1
    outer loop
      vertex 55.5606 52.1591 23.15
      vertex 55.8323 53.1733 23.15
      vertex 55.7092 52.1087 23.15
    endloop
  endfacet
  facet normal 0 0 -1
    outer loop
      vertex 55.5606 52.1591 23.15
      vertex 55.5437 53.2308 23.15
      vertex 55.8323 53.1733 23.15
    endloop
  endfacet
  facet normal 0 0 -1
    outer loop
      vertex 55.4066 52.1897 23.15
      vertex 55.5437 53.2308 23.15
      vertex 55.5606 52.1591 23.15
    endloop
  endfacet
  facet normal 0 0 -1
    outer loop
      vertex 55.25 52.2 23.15
      vertex 55.5437 53.2308 23.15
      vertex 55.4066 52.1897 23.15
    endloop
  endfacet
  facet normal 0 0 -1
    outer loop
      vertex 55.25 52.2 23.15
      vertex 55.25 53.25 23.15
      vertex 55.5437 53.2308 23.15
    endloop
  endfacet
  facet normal 0 0 -1
    outer loop
      vertex 55.0934 52.1897 23.15
      vertex 55.25 53.25 23.15
      vertex 55.25 52.2 23.15
    endloop
  endfacet
  facet normal 0 0 -1
    outer loop
      vertex 55.0934 52.1897 23.15
      vertex 54.9563 53.2308 23.15
      vertex 55.25 53.25 23.15
    endloop
  endfacet
  facet normal 0 0 -1
    outer loop
      vertex 54.9394 52.1591 23.15
      vertex 54.9563 53.2308 23.15
      vertex 55.0934 52.1897 23.15
    endloop
  endfacet
  facet normal 0 0 -1
    outer loop
      vertex 54.6677 53.1733 23.15
      vertex 54.9394 52.1591 23.15
      vertex 54.7908 52.1087 23.15
    endloop
  endfacet
  facet normal 0 0 -1
    outer loop
      vertex 54.9394 52.1591 23.15
      vertex 54.6677 53.1733 23.15
      vertex 54.9563 53.2308 23.15
    endloop
  endfacet
  facet normal 0 0 -1
    outer loop
      vertex 54.389 53.0787 23.15
      vertex 54.7908 52.1087 23.15
      vertex 54.65 52.0392 23.15
    endloop
  endfacet
  facet normal 0 0 -1
    outer loop
      vertex 54.125 52.9486 23.15
      vertex 54.65 52.0392 23.15
      vertex 54.5195 51.952 23.15
    endloop
  endfacet
  facet normal 0 0 -1
    outer loop
      vertex 53.8803 52.785 23.15
      vertex 54.5195 51.952 23.15
      vertex 54.4015 51.8485 23.15
    endloop
  endfacet
  facet normal 0 0 -1
    outer loop
      vertex 54.7908 52.1087 23.15
      vertex 54.389 53.0787 23.15
      vertex 54.6677 53.1733 23.15
    endloop
  endfacet
  facet normal 0 0 -1
    outer loop
      vertex 53.659 52.591 23.15
      vertex 54.4015 51.8485 23.15
      vertex 54.298 51.7305 23.15
    endloop
  endfacet
  facet normal 0 0 -1
    outer loop
      vertex 53.465 52.3697 23.15
      vertex 54.298 51.7305 23.15
      vertex 54.2108 51.6 23.15
    endloop
  endfacet
  facet normal 0 0 -1
    outer loop
      vertex 53.3014 52.125 23.15
      vertex 54.2108 51.6 23.15
      vertex 54.1413 51.4592 23.15
    endloop
  endfacet
  facet normal 0 0 -1
    outer loop
      vertex 54.65 52.0392 23.15
      vertex 54.125 52.9486 23.15
      vertex 54.389 53.0787 23.15
    endloop
  endfacet
  facet normal 0 0 -1
    outer loop
      vertex 53.1713 51.861 23.15
      vertex 54.1413 51.4592 23.15
      vertex 54.0909 51.3106 23.15
    endloop
  endfacet
  facet normal 0 0 -1
    outer loop
      vertex 53.0767 51.5823 23.15
      vertex 54.0909 51.3106 23.15
      vertex 54.0603 51.1566 23.15
    endloop
  endfacet
  facet normal 0 0 -1
    outer loop
      vertex 53.0192 51.2937 23.15
      vertex 54.0603 51.1566 23.15
      vertex 54.05 51 23.15
    endloop
  endfacet
  facet normal 0 0 -1
    outer loop
      vertex 53.1713 50.139 23.15
      vertex 54.1413 50.5408 23.15
      vertex 53.3014 49.875 23.15
    endloop
  endfacet
  facet normal 0 0 -1
    outer loop
      vertex 54.5195 51.952 23.15
      vertex 53.8803 52.785 23.15
      vertex 54.125 52.9486 23.15
    endloop
  endfacet
  facet normal -0 0 -1
    outer loop
      vertex 54.1413 50.5408 23.15
      vertex 53.1713 50.139 23.15
      vertex 54.0909 50.6894 23.15
    endloop
  endfacet
  facet normal 0 0 -1
    outer loop
      vertex 54.4015 51.8485 23.15
      vertex 53.659 52.591 23.15
      vertex 53.8803 52.785 23.15
    endloop
  endfacet
  facet normal 0 0 -1
    outer loop
      vertex 53.0767 50.4177 23.15
      vertex 54.0909 50.6894 23.15
      vertex 53.1713 50.139 23.15
    endloop
  endfacet
  facet normal 0 0 -1
    outer loop
      vertex 54.298 51.7305 23.15
      vertex 53.465 52.3697 23.15
      vertex 53.659 52.591 23.15
    endloop
  endfacet
  facet normal -0 0 -1
    outer loop
      vertex 54.0909 50.6894 23.15
      vertex 53.0767 50.4177 23.15
      vertex 54.0603 50.8434 23.15
    endloop
  endfacet
  facet normal 0 0 -1
    outer loop
      vertex 54.2108 51.6 23.15
      vertex 53.3014 52.125 23.15
      vertex 53.465 52.3697 23.15
    endloop
  endfacet
  facet normal 0 0 -1
    outer loop
      vertex 53.0192 50.7063 23.15
      vertex 54.0603 50.8434 23.15
      vertex 53.0767 50.4177 23.15
    endloop
  endfacet
  facet normal 0 0 -1
    outer loop
      vertex 54.1413 51.4592 23.15
      vertex 53.1713 51.861 23.15
      vertex 53.3014 52.125 23.15
    endloop
  endfacet
  facet normal -0 0 -1
    outer loop
      vertex 54.0603 50.8434 23.15
      vertex 53.0192 50.7063 23.15
      vertex 54.05 51 23.15
    endloop
  endfacet
  facet normal 0 0 -1
    outer loop
      vertex 54.0909 51.3106 23.15
      vertex 53.0767 51.5823 23.15
      vertex 53.1713 51.861 23.15
    endloop
  endfacet
  facet normal 0 0 -1
    outer loop
      vertex 53 51 23.15
      vertex 54.05 51 23.15
      vertex 53.0192 50.7063 23.15
    endloop
  endfacet
  facet normal 0 0 -1
    outer loop
      vertex 54.0603 51.1566 23.15
      vertex 53.0192 51.2937 23.15
      vertex 53.0767 51.5823 23.15
    endloop
  endfacet
  facet normal 0 0 -1
    outer loop
      vertex 54.05 51 23.15
      vertex 53 51 23.15
      vertex 53.0192 51.2937 23.15
    endloop
  endfacet
  facet normal -0.99787 0.0652336 0
    outer loop
      vertex 53 51 23.15
      vertex 53.0192 51.2937 24
      vertex 53.0192 51.2937 23.15
    endloop
  endfacet
  facet normal -0.99787 0.0652336 0
    outer loop
      vertex 53.0192 51.2937 24
      vertex 53 51 23.15
      vertex 53 51 24
    endloop
  endfacet
  facet normal -0.831318 0.555797 0
    outer loop
      vertex 53.3014 52.125 23.15
      vertex 53.465 52.3697 24
      vertex 53.465 52.3697 23.15
    endloop
  endfacet
  facet normal -0.831318 0.555797 0
    outer loop
      vertex 53.465 52.3697 24
      vertex 53.3014 52.125 23.15
      vertex 53.3014 52.125 24
    endloop
  endfacet
  facet normal -0.321421 0.946936 0
    outer loop
      vertex 54.6677 53.1733 23.15
      vertex 54.389 53.0787 24
      vertex 54.6677 53.1733 24
    endloop
  endfacet
  facet normal -0.321421 0.946936 0
    outer loop
      vertex 54.389 53.0787 24
      vertex 54.6677 53.1733 23.15
      vertex 54.389 53.0787 23.15
    endloop
  endfacet
  facet normal -0.751966 0.659202 0
    outer loop
      vertex 53.465 52.3697 23.15
      vertex 53.659 52.591 24
      vertex 53.659 52.591 23.15
    endloop
  endfacet
  facet normal -0.751966 0.659202 0
    outer loop
      vertex 53.659 52.591 24
      vertex 53.465 52.3697 23.15
      vertex 53.465 52.3697 24
    endloop
  endfacet
  facet normal 0.99787 0.0652336 0
    outer loop
      vertex 57.5 51 24
      vertex 57.4808 51.2937 23.15
      vertex 57.4808 51.2937 24
    endloop
  endfacet
  facet normal 0.99787 0.0652336 0
    outer loop
      vertex 57.4808 51.2937 23.15
      vertex 57.5 51 24
      vertex 57.5 51 23.15
    endloop
  endfacet
  facet normal 0.831318 -0.555797 0
    outer loop
      vertex 57.035 49.6303 24
      vertex 57.1986 49.875 23.15
      vertex 57.1986 49.875 24
    endloop
  endfacet
  facet normal 0.831318 -0.555797 0
    outer loop
      vertex 57.1986 49.875 23.15
      vertex 57.035 49.6303 24
      vertex 57.035 49.6303 23.15
    endloop
  endfacet
  facet normal 0.946936 -0.321421 0
    outer loop
      vertex 57.3287 50.139 24
      vertex 57.4233 50.4177 23.15
      vertex 57.4233 50.4177 24
    endloop
  endfacet
  facet normal 0.946936 -0.321421 0
    outer loop
      vertex 57.4233 50.4177 23.15
      vertex 57.3287 50.139 24
      vertex 57.3287 50.139 23.15
    endloop
  endfacet
  facet normal 0.442042 -0.896995 0
    outer loop
      vertex 56.111 48.9213 23.15
      vertex 56.375 49.0514 24
      vertex 56.111 48.9213 24
    endloop
  endfacet
  facet normal 0.442042 -0.896995 0
    outer loop
      vertex 56.375 49.0514 24
      vertex 56.111 48.9213 23.15
      vertex 56.375 49.0514 23.15
    endloop
  endfacet
  facet normal -0.0652336 -0.99787 0
    outer loop
      vertex 54.9563 48.7692 23.15
      vertex 55.25 48.75 24
      vertex 54.9563 48.7692 24
    endloop
  endfacet
  facet normal -0.0652336 -0.99787 -0
    outer loop
      vertex 55.25 48.75 24
      vertex 54.9563 48.7692 23.15
      vertex 55.25 48.75 23.15
    endloop
  endfacet
  facet normal -0.555797 -0.831318 0
    outer loop
      vertex 53.8803 49.215 23.15
      vertex 54.125 49.0514 24
      vertex 53.8803 49.215 24
    endloop
  endfacet
  facet normal -0.555797 -0.831318 -0
    outer loop
      vertex 54.125 49.0514 24
      vertex 53.8803 49.215 23.15
      vertex 54.125 49.0514 23.15
    endloop
  endfacet
  facet normal -0.946936 -0.321421 0
    outer loop
      vertex 53.1713 50.139 23.15
      vertex 53.0767 50.4177 24
      vertex 53.0767 50.4177 23.15
    endloop
  endfacet
  facet normal -0.946936 -0.321421 0
    outer loop
      vertex 53.0767 50.4177 24
      vertex 53.1713 50.139 23.15
      vertex 53.1713 50.139 24
    endloop
  endfacet
  facet normal 0.946936 0.321421 0
    outer loop
      vertex 57.4233 51.5823 24
      vertex 57.3287 51.861 23.15
      vertex 57.3287 51.861 24
    endloop
  endfacet
  facet normal 0.946936 0.321421 0
    outer loop
      vertex 57.3287 51.861 23.15
      vertex 57.4233 51.5823 24
      vertex 57.4233 51.5823 23.15
    endloop
  endfacet
  facet normal 0.751966 0.659202 0
    outer loop
      vertex 57.035 52.3697 24
      vertex 56.841 52.591 23.15
      vertex 56.841 52.591 24
    endloop
  endfacet
  facet normal 0.751966 0.659202 0
    outer loop
      vertex 56.841 52.591 23.15
      vertex 57.035 52.3697 24
      vertex 57.035 52.3697 23.15
    endloop
  endfacet
  facet normal 0.442042 0.896995 -0
    outer loop
      vertex 56.375 52.9486 23.15
      vertex 56.111 53.0787 24
      vertex 56.375 52.9486 24
    endloop
  endfacet
  facet normal 0.442042 0.896995 0
    outer loop
      vertex 56.111 53.0787 24
      vertex 56.375 52.9486 23.15
      vertex 56.111 53.0787 23.15
    endloop
  endfacet
  facet normal 0.195397 0.980724 -0
    outer loop
      vertex 55.8323 53.1733 23.15
      vertex 55.5437 53.2308 24
      vertex 55.8323 53.1733 24
    endloop
  endfacet
  facet normal 0.195397 0.980724 0
    outer loop
      vertex 55.5437 53.2308 24
      vertex 55.8323 53.1733 23.15
      vertex 55.5437 53.2308 23.15
    endloop
  endfacet
  facet normal 0.0652336 0.99787 -0
    outer loop
      vertex 55.5437 53.2308 23.15
      vertex 55.25 53.25 24
      vertex 55.5437 53.2308 24
    endloop
  endfacet
  facet normal 0.0652336 0.99787 0
    outer loop
      vertex 55.25 53.25 24
      vertex 55.5437 53.2308 23.15
      vertex 55.25 53.25 23.15
    endloop
  endfacet
  facet normal -0.99787 -0.0652336 0
    outer loop
      vertex 53.0192 50.7063 23.15
      vertex 53 51 24
      vertex 53 51 23.15
    endloop
  endfacet
  facet normal -0.99787 -0.0652336 0
    outer loop
      vertex 53 51 24
      vertex 53.0192 50.7063 23.15
      vertex 53.0192 50.7063 24
    endloop
  endfacet
  facet normal -0.980724 0.195397 0
    outer loop
      vertex 53.0192 51.2937 23.15
      vertex 53.0767 51.5823 24
      vertex 53.0767 51.5823 23.15
    endloop
  endfacet
  facet normal -0.980724 0.195397 0
    outer loop
      vertex 53.0767 51.5823 24
      vertex 53.0192 51.2937 23.15
      vertex 53.0192 51.2937 24
    endloop
  endfacet
  facet normal -0.896995 0.442042 0
    outer loop
      vertex 53.1713 51.861 23.15
      vertex 53.3014 52.125 24
      vertex 53.3014 52.125 23.15
    endloop
  endfacet
  facet normal -0.896995 0.442042 0
    outer loop
      vertex 53.3014 52.125 24
      vertex 53.1713 51.861 23.15
      vertex 53.1713 51.861 24
    endloop
  endfacet
  facet normal -0.195397 0.980724 0
    outer loop
      vertex 54.9563 53.2308 23.15
      vertex 54.6677 53.1733 24
      vertex 54.9563 53.2308 24
    endloop
  endfacet
  facet normal -0.195397 0.980724 0
    outer loop
      vertex 54.6677 53.1733 24
      vertex 54.9563 53.2308 23.15
      vertex 54.6677 53.1733 23.15
    endloop
  endfacet
  facet normal -0.659202 0.751966 0
    outer loop
      vertex 53.8803 52.785 23.15
      vertex 53.659 52.591 24
      vertex 53.8803 52.785 24
    endloop
  endfacet
  facet normal -0.659202 0.751966 0
    outer loop
      vertex 53.659 52.591 24
      vertex 53.8803 52.785 23.15
      vertex 53.659 52.591 23.15
    endloop
  endfacet
  facet normal -0.555797 0.831318 0
    outer loop
      vertex 54.125 52.9486 23.15
      vertex 53.8803 52.785 24
      vertex 54.125 52.9486 24
    endloop
  endfacet
  facet normal -0.555797 0.831318 0
    outer loop
      vertex 53.8803 52.785 24
      vertex 54.125 52.9486 23.15
      vertex 53.8803 52.785 23.15
    endloop
  endfacet
  facet normal 0.99787 -0.0652336 0
    outer loop
      vertex 57.4808 50.7063 24
      vertex 57.5 51 23.15
      vertex 57.5 51 24
    endloop
  endfacet
  facet normal 0.99787 -0.0652336 0
    outer loop
      vertex 57.5 51 23.15
      vertex 57.4808 50.7063 24
      vertex 57.4808 50.7063 23.15
    endloop
  endfacet
  facet normal 0.195397 -0.980724 0
    outer loop
      vertex 55.5437 48.7692 23.15
      vertex 55.8323 48.8267 24
      vertex 55.5437 48.7692 24
    endloop
  endfacet
  facet normal 0.195397 -0.980724 0
    outer loop
      vertex 55.8323 48.8267 24
      vertex 55.5437 48.7692 23.15
      vertex 55.8323 48.8267 23.15
    endloop
  endfacet
  facet normal 0.321421 -0.946936 0
    outer loop
      vertex 55.8323 48.8267 23.15
      vertex 56.111 48.9213 24
      vertex 55.8323 48.8267 24
    endloop
  endfacet
  facet normal 0.321421 -0.946936 0
    outer loop
      vertex 56.111 48.9213 24
      vertex 55.8323 48.8267 23.15
      vertex 56.111 48.9213 23.15
    endloop
  endfacet
  facet normal 0.555797 -0.831318 0
    outer loop
      vertex 56.375 49.0514 23.15
      vertex 56.6197 49.215 24
      vertex 56.375 49.0514 24
    endloop
  endfacet
  facet normal 0.555797 -0.831318 0
    outer loop
      vertex 56.6197 49.215 24
      vertex 56.375 49.0514 23.15
      vertex 56.6197 49.215 23.15
    endloop
  endfacet
  facet normal 0.0652336 -0.99787 0
    outer loop
      vertex 55.25 48.75 23.15
      vertex 55.5437 48.7692 24
      vertex 55.25 48.75 24
    endloop
  endfacet
  facet normal 0.0652336 -0.99787 0
    outer loop
      vertex 55.5437 48.7692 24
      vertex 55.25 48.75 23.15
      vertex 55.5437 48.7692 23.15
    endloop
  endfacet
  facet normal -0.321421 -0.946936 0
    outer loop
      vertex 54.389 48.9213 23.15
      vertex 54.6677 48.8267 24
      vertex 54.389 48.9213 24
    endloop
  endfacet
  facet normal -0.321421 -0.946936 -0
    outer loop
      vertex 54.6677 48.8267 24
      vertex 54.389 48.9213 23.15
      vertex 54.6677 48.8267 23.15
    endloop
  endfacet
  facet normal -0.896995 -0.442042 0
    outer loop
      vertex 53.3014 49.875 23.15
      vertex 53.1713 50.139 24
      vertex 53.1713 50.139 23.15
    endloop
  endfacet
  facet normal -0.896995 -0.442042 0
    outer loop
      vertex 53.1713 50.139 24
      vertex 53.3014 49.875 23.15
      vertex 53.3014 49.875 24
    endloop
  endfacet
  facet normal -0.980724 -0.195397 0
    outer loop
      vertex 53.0767 50.4177 23.15
      vertex 53.0192 50.7063 24
      vertex 53.0192 50.7063 23.15
    endloop
  endfacet
  facet normal -0.980724 -0.195397 0
    outer loop
      vertex 53.0192 50.7063 24
      vertex 53.0767 50.4177 23.15
      vertex 53.0767 50.4177 24
    endloop
  endfacet
  facet normal -0.659202 -0.751966 0
    outer loop
      vertex 53.659 49.409 23.15
      vertex 53.8803 49.215 24
      vertex 53.659 49.409 24
    endloop
  endfacet
  facet normal -0.659202 -0.751966 -0
    outer loop
      vertex 53.8803 49.215 24
      vertex 53.659 49.409 23.15
      vertex 53.8803 49.215 23.15
    endloop
  endfacet
  facet normal -0.831318 -0.555797 0
    outer loop
      vertex 53.465 49.6303 23.15
      vertex 53.3014 49.875 24
      vertex 53.3014 49.875 23.15
    endloop
  endfacet
  facet normal -0.831318 -0.555797 0
    outer loop
      vertex 53.3014 49.875 24
      vertex 53.465 49.6303 23.15
      vertex 53.465 49.6303 24
    endloop
  endfacet
  facet normal 0.980724 0.195397 0
    outer loop
      vertex 57.4808 51.2937 24
      vertex 57.4233 51.5823 23.15
      vertex 57.4233 51.5823 24
    endloop
  endfacet
  facet normal 0.980724 0.195397 0
    outer loop
      vertex 57.4233 51.5823 23.15
      vertex 57.4808 51.2937 24
      vertex 57.4808 51.2937 23.15
    endloop
  endfacet
  facet normal 0.896995 -0.442042 0
    outer loop
      vertex 57.1986 49.875 24
      vertex 57.3287 50.139 23.15
      vertex 57.3287 50.139 24
    endloop
  endfacet
  facet normal 0.896995 -0.442042 0
    outer loop
      vertex 57.3287 50.139 23.15
      vertex 57.1986 49.875 24
      vertex 57.1986 49.875 23.15
    endloop
  endfacet
  facet normal 0.659202 -0.751966 0
    outer loop
      vertex 56.6197 49.215 23.15
      vertex 56.841 49.409 24
      vertex 56.6197 49.215 24
    endloop
  endfacet
  facet normal 0.659202 -0.751966 0
    outer loop
      vertex 56.841 49.409 24
      vertex 56.6197 49.215 23.15
      vertex 56.841 49.409 23.15
    endloop
  endfacet
  facet normal -0.442042 -0.896995 0
    outer loop
      vertex 54.125 49.0514 23.15
      vertex 54.389 48.9213 24
      vertex 54.125 49.0514 24
    endloop
  endfacet
  facet normal -0.442042 -0.896995 -0
    outer loop
      vertex 54.389 48.9213 24
      vertex 54.125 49.0514 23.15
      vertex 54.389 48.9213 23.15
    endloop
  endfacet
  facet normal -0.751966 -0.659202 0
    outer loop
      vertex 53.659 49.409 23.15
      vertex 53.465 49.6303 24
      vertex 53.465 49.6303 23.15
    endloop
  endfacet
  facet normal -0.751966 -0.659202 0
    outer loop
      vertex 53.465 49.6303 24
      vertex 53.659 49.409 23.15
      vertex 53.659 49.409 24
    endloop
  endfacet
  facet normal 0.99787 0.0652336 0
    outer loop
      vertex 57.5 67 24
      vertex 57.4808 67.2937 23.15
      vertex 57.4808 67.2937 24
    endloop
  endfacet
  facet normal 0.99787 0.0652336 0
    outer loop
      vertex 57.4808 67.2937 23.15
      vertex 57.5 67 24
      vertex 57.5 67 23.15
    endloop
  endfacet
  facet normal -0.0652336 0.99787 0
    outer loop
      vertex 55.25 69.25 23.15
      vertex 54.9563 69.2308 24
      vertex 55.25 69.25 24
    endloop
  endfacet
  facet normal -0.0652336 0.99787 0
    outer loop
      vertex 54.9563 69.2308 24
      vertex 55.25 69.25 23.15
      vertex 54.9563 69.2308 23.15
    endloop
  endfacet
  facet normal 0.659202 0.751966 -0
    outer loop
      vertex 56.841 68.591 23.15
      vertex 56.6197 68.785 24
      vertex 56.841 68.591 24
    endloop
  endfacet
  facet normal 0.659202 0.751966 0
    outer loop
      vertex 56.6197 68.785 24
      vertex 56.841 68.591 23.15
      vertex 56.6197 68.785 23.15
    endloop
  endfacet
  facet normal -0.751966 0.659202 0
    outer loop
      vertex 53.465 68.3697 23.15
      vertex 53.659 68.591 24
      vertex 53.659 68.591 23.15
    endloop
  endfacet
  facet normal -0.751966 0.659202 0
    outer loop
      vertex 53.659 68.591 24
      vertex 53.465 68.3697 23.15
      vertex 53.465 68.3697 24
    endloop
  endfacet
  facet normal -0.442042 0.896995 0
    outer loop
      vertex 54.389 69.0787 23.15
      vertex 54.125 68.9486 24
      vertex 54.389 69.0787 24
    endloop
  endfacet
  facet normal -0.442042 0.896995 0
    outer loop
      vertex 54.125 68.9486 24
      vertex 54.389 69.0787 23.15
      vertex 54.125 68.9486 23.15
    endloop
  endfacet
  facet normal 0.896995 0.442042 0
    outer loop
      vertex 57.3287 67.861 24
      vertex 57.1986 68.125 23.15
      vertex 57.1986 68.125 24
    endloop
  endfacet
  facet normal 0.896995 0.442042 0
    outer loop
      vertex 57.1986 68.125 23.15
      vertex 57.3287 67.861 24
      vertex 57.3287 67.861 23.15
    endloop
  endfacet
  facet normal 0.321421 0.946936 -0
    outer loop
      vertex 56.111 69.0787 23.15
      vertex 55.8323 69.1733 24
      vertex 56.111 69.0787 24
    endloop
  endfacet
  facet normal 0.321421 0.946936 0
    outer loop
      vertex 55.8323 69.1733 24
      vertex 56.111 69.0787 23.15
      vertex 55.8323 69.1733 23.15
    endloop
  endfacet
  facet normal 0.555797 0.831318 -0
    outer loop
      vertex 56.6197 68.785 23.15
      vertex 56.375 68.9486 24
      vertex 56.6197 68.785 24
    endloop
  endfacet
  facet normal 0.555797 0.831318 0
    outer loop
      vertex 56.375 68.9486 24
      vertex 56.6197 68.785 23.15
      vertex 56.375 68.9486 23.15
    endloop
  endfacet
  facet normal -0.946936 0.321421 0
    outer loop
      vertex 53.0767 67.5823 23.15
      vertex 53.1713 67.861 24
      vertex 53.1713 67.861 23.15
    endloop
  endfacet
  facet normal -0.946936 0.321421 0
    outer loop
      vertex 53.1713 67.861 24
      vertex 53.0767 67.5823 23.15
      vertex 53.0767 67.5823 24
    endloop
  endfacet
  facet normal -0.831318 0.555797 0
    outer loop
      vertex 53.3014 68.125 23.15
      vertex 53.465 68.3697 24
      vertex 53.465 68.3697 23.15
    endloop
  endfacet
  facet normal -0.831318 0.555797 0
    outer loop
      vertex 53.465 68.3697 24
      vertex 53.3014 68.125 23.15
      vertex 53.3014 68.125 24
    endloop
  endfacet
  facet normal -0.980724 0.195397 0
    outer loop
      vertex 53.0192 67.2937 23.15
      vertex 53.0767 67.5823 24
      vertex 53.0767 67.5823 23.15
    endloop
  endfacet
  facet normal -0.980724 0.195397 0
    outer loop
      vertex 53.0767 67.5823 24
      vertex 53.0192 67.2937 23.15
      vertex 53.0192 67.2937 24
    endloop
  endfacet
  facet normal -0.321421 0.946936 0
    outer loop
      vertex 54.6677 69.1733 23.15
      vertex 54.389 69.0787 24
      vertex 54.6677 69.1733 24
    endloop
  endfacet
  facet normal -0.321421 0.946936 0
    outer loop
      vertex 54.389 69.0787 24
      vertex 54.6677 69.1733 23.15
      vertex 54.389 69.0787 23.15
    endloop
  endfacet
  facet normal -0.195397 -0.980724 0
    outer loop
      vertex 54.6677 64.8267 23.15
      vertex 54.9563 64.7692 24
      vertex 54.6677 64.8267 24
    endloop
  endfacet
  facet normal -0.195397 -0.980724 -0
    outer loop
      vertex 54.9563 64.7692 24
      vertex 54.6677 64.8267 23.15
      vertex 54.9563 64.7692 23.15
    endloop
  endfacet
  facet normal 0.946936 0.321421 0
    outer loop
      vertex 57.4233 67.5823 24
      vertex 57.3287 67.861 23.15
      vertex 57.3287 67.861 24
    endloop
  endfacet
  facet normal 0.946936 0.321421 0
    outer loop
      vertex 57.3287 67.861 23.15
      vertex 57.4233 67.5823 24
      vertex 57.4233 67.5823 23.15
    endloop
  endfacet
  facet normal 0.980724 0.195397 0
    outer loop
      vertex 57.4808 67.2937 24
      vertex 57.4233 67.5823 23.15
      vertex 57.4233 67.5823 24
    endloop
  endfacet
  facet normal 0.980724 0.195397 0
    outer loop
      vertex 57.4233 67.5823 23.15
      vertex 57.4808 67.2937 24
      vertex 57.4808 67.2937 23.15
    endloop
  endfacet
  facet normal 0.751966 0.659202 0
    outer loop
      vertex 57.035 68.3697 24
      vertex 56.841 68.591 23.15
      vertex 56.841 68.591 24
    endloop
  endfacet
  facet normal 0.751966 0.659202 0
    outer loop
      vertex 56.841 68.591 23.15
      vertex 57.035 68.3697 24
      vertex 57.035 68.3697 23.15
    endloop
  endfacet
  facet normal 0.831318 0.555797 0
    outer loop
      vertex 57.1986 68.125 24
      vertex 57.035 68.3697 23.15
      vertex 57.035 68.3697 24
    endloop
  endfacet
  facet normal 0.831318 0.555797 0
    outer loop
      vertex 57.035 68.3697 23.15
      vertex 57.1986 68.125 24
      vertex 57.1986 68.125 23.15
    endloop
  endfacet
  facet normal 0.195397 0.980724 -0
    outer loop
      vertex 55.8323 69.1733 23.15
      vertex 55.5437 69.2308 24
      vertex 55.8323 69.1733 24
    endloop
  endfacet
  facet normal 0.195397 0.980724 0
    outer loop
      vertex 55.5437 69.2308 24
      vertex 55.8323 69.1733 23.15
      vertex 55.5437 69.2308 23.15
    endloop
  endfacet
  facet normal 0.0652336 0.99787 -0
    outer loop
      vertex 55.5437 69.2308 23.15
      vertex 55.25 69.25 24
      vertex 55.5437 69.2308 24
    endloop
  endfacet
  facet normal 0.0652336 0.99787 0
    outer loop
      vertex 55.25 69.25 24
      vertex 55.5437 69.2308 23.15
      vertex 55.25 69.25 23.15
    endloop
  endfacet
  facet normal 0.442042 0.896995 -0
    outer loop
      vertex 56.375 68.9486 23.15
      vertex 56.111 69.0787 24
      vertex 56.375 68.9486 24
    endloop
  endfacet
  facet normal 0.442042 0.896995 0
    outer loop
      vertex 56.111 69.0787 24
      vertex 56.375 68.9486 23.15
      vertex 56.111 69.0787 23.15
    endloop
  endfacet
  facet normal 0 0 -1
    outer loop
      vertex 56.45 67 23.15
      vertex 57.5 67 23.15
      vertex 57.4808 66.7063 23.15
    endloop
  endfacet
  facet normal 0 0 -1
    outer loop
      vertex 56.4397 66.8434 23.15
      vertex 57.4808 66.7063 23.15
      vertex 57.4233 66.4177 23.15
    endloop
  endfacet
  facet normal 0 0 -1
    outer loop
      vertex 57.5 67 23.15
      vertex 56.45 67 23.15
      vertex 57.4808 67.2937 23.15
    endloop
  endfacet
  facet normal 0 0 -1
    outer loop
      vertex 56.4091 66.6894 23.15
      vertex 57.4233 66.4177 23.15
      vertex 57.3287 66.139 23.15
    endloop
  endfacet
  facet normal 0 0 -1
    outer loop
      vertex 56.4397 67.1566 23.15
      vertex 57.4808 67.2937 23.15
      vertex 56.45 67 23.15
    endloop
  endfacet
  facet normal 0 0 -1
    outer loop
      vertex 56.3587 66.5408 23.15
      vertex 57.3287 66.139 23.15
      vertex 57.1986 65.875 23.15
    endloop
  endfacet
  facet normal -0 0 -1
    outer loop
      vertex 57.4808 67.2937 23.15
      vertex 56.4397 67.1566 23.15
      vertex 57.4233 67.5823 23.15
    endloop
  endfacet
  facet normal 0 0 -1
    outer loop
      vertex 56.2892 66.4 23.15
      vertex 57.1986 65.875 23.15
      vertex 57.035 65.6303 23.15
    endloop
  endfacet
  facet normal 0 0 -1
    outer loop
      vertex 56.4091 67.3106 23.15
      vertex 57.4233 67.5823 23.15
      vertex 56.4397 67.1566 23.15
    endloop
  endfacet
  facet normal 0 0 -1
    outer loop
      vertex 56.202 66.2695 23.15
      vertex 57.035 65.6303 23.15
      vertex 56.841 65.409 23.15
    endloop
  endfacet
  facet normal -0 0 -1
    outer loop
      vertex 57.4233 67.5823 23.15
      vertex 56.4091 67.3106 23.15
      vertex 57.3287 67.861 23.15
    endloop
  endfacet
  facet normal 0 0 -1
    outer loop
      vertex 56.0985 66.1515 23.15
      vertex 56.841 65.409 23.15
      vertex 56.6197 65.215 23.15
    endloop
  endfacet
  facet normal 0 0 -1
    outer loop
      vertex 56.3587 67.4592 23.15
      vertex 57.3287 67.861 23.15
      vertex 56.4091 67.3106 23.15
    endloop
  endfacet
  facet normal -0 0 -1
    outer loop
      vertex 57.3287 67.861 23.15
      vertex 56.3587 67.4592 23.15
      vertex 57.1986 68.125 23.15
    endloop
  endfacet
  facet normal 0 0 -1
    outer loop
      vertex 57.4808 66.7063 23.15
      vertex 56.4397 66.8434 23.15
      vertex 56.45 67 23.15
    endloop
  endfacet
  facet normal 0 0 -1
    outer loop
      vertex 57.4233 66.4177 23.15
      vertex 56.4091 66.6894 23.15
      vertex 56.4397 66.8434 23.15
    endloop
  endfacet
  facet normal 0 0 -1
    outer loop
      vertex 55.9805 66.048 23.15
      vertex 56.6197 65.215 23.15
      vertex 56.375 65.0514 23.15
    endloop
  endfacet
  facet normal 0 0 -1
    outer loop
      vertex 57.3287 66.139 23.15
      vertex 56.3587 66.5408 23.15
      vertex 56.4091 66.6894 23.15
    endloop
  endfacet
  facet normal 0 0 -1
    outer loop
      vertex 57.1986 65.875 23.15
      vertex 56.2892 66.4 23.15
      vertex 56.3587 66.5408 23.15
    endloop
  endfacet
  facet normal 0 0 -1
    outer loop
      vertex 57.035 65.6303 23.15
      vertex 56.202 66.2695 23.15
      vertex 56.2892 66.4 23.15
    endloop
  endfacet
  facet normal 0 0 -1
    outer loop
      vertex 55.85 65.9608 23.15
      vertex 56.375 65.0514 23.15
      vertex 56.111 64.9213 23.15
    endloop
  endfacet
  facet normal 0 0 -1
    outer loop
      vertex 56.841 65.409 23.15
      vertex 56.0985 66.1515 23.15
      vertex 56.202 66.2695 23.15
    endloop
  endfacet
  facet normal 0 0 -1
    outer loop
      vertex 56.6197 65.215 23.15
      vertex 55.9805 66.048 23.15
      vertex 56.0985 66.1515 23.15
    endloop
  endfacet
  facet normal 0 0 -1
    outer loop
      vertex 56.375 65.0514 23.15
      vertex 55.85 65.9608 23.15
      vertex 55.9805 66.048 23.15
    endloop
  endfacet
  facet normal 0 0 -1
    outer loop
      vertex 55.7092 65.8913 23.15
      vertex 56.111 64.9213 23.15
      vertex 55.8323 64.8267 23.15
    endloop
  endfacet
  facet normal 0 0 -1
    outer loop
      vertex 56.111 64.9213 23.15
      vertex 55.7092 65.8913 23.15
      vertex 55.85 65.9608 23.15
    endloop
  endfacet
  facet normal 0 0 -1
    outer loop
      vertex 55.8323 64.8267 23.15
      vertex 55.5606 65.8409 23.15
      vertex 55.7092 65.8913 23.15
    endloop
  endfacet
  facet normal 0 0 -1
    outer loop
      vertex 55.5437 64.7692 23.15
      vertex 55.5606 65.8409 23.15
      vertex 55.8323 64.8267 23.15
    endloop
  endfacet
  facet normal 0 0 -1
    outer loop
      vertex 55.5437 64.7692 23.15
      vertex 55.4066 65.8103 23.15
      vertex 55.5606 65.8409 23.15
    endloop
  endfacet
  facet normal 0 0 -1
    outer loop
      vertex 55.25 64.75 23.15
      vertex 55.4066 65.8103 23.15
      vertex 55.5437 64.7692 23.15
    endloop
  endfacet
  facet normal 0 0 -1
    outer loop
      vertex 55.25 64.75 23.15
      vertex 55.25 65.8 23.15
      vertex 55.4066 65.8103 23.15
    endloop
  endfacet
  facet normal 0 0 -1
    outer loop
      vertex 55.25 64.75 23.15
      vertex 55.0934 65.8103 23.15
      vertex 55.25 65.8 23.15
    endloop
  endfacet
  facet normal 0 0 -1
    outer loop
      vertex 54.9563 64.7692 23.15
      vertex 55.0934 65.8103 23.15
      vertex 55.25 64.75 23.15
    endloop
  endfacet
  facet normal 0 0 -1
    outer loop
      vertex 54.9563 64.7692 23.15
      vertex 54.9394 65.8409 23.15
      vertex 55.0934 65.8103 23.15
    endloop
  endfacet
  facet normal 0 0 -1
    outer loop
      vertex 54.6677 64.8267 23.15
      vertex 54.9394 65.8409 23.15
      vertex 54.9563 64.7692 23.15
    endloop
  endfacet
  facet normal -0 0 -1
    outer loop
      vertex 54.9394 65.8409 23.15
      vertex 54.6677 64.8267 23.15
      vertex 54.7908 65.8913 23.15
    endloop
  endfacet
  facet normal 0 0 -1
    outer loop
      vertex 54.389 64.9213 23.15
      vertex 54.7908 65.8913 23.15
      vertex 54.6677 64.8267 23.15
    endloop
  endfacet
  facet normal -0 0 -1
    outer loop
      vertex 54.7908 65.8913 23.15
      vertex 54.389 64.9213 23.15
      vertex 54.65 65.9608 23.15
    endloop
  endfacet
  facet normal 0 0 -1
    outer loop
      vertex 54.125 65.0514 23.15
      vertex 54.65 65.9608 23.15
      vertex 54.389 64.9213 23.15
    endloop
  endfacet
  facet normal -0 0 -1
    outer loop
      vertex 54.65 65.9608 23.15
      vertex 54.125 65.0514 23.15
      vertex 54.5195 66.048 23.15
    endloop
  endfacet
  facet normal 0 0 -1
    outer loop
      vertex 53.8803 65.215 23.15
      vertex 54.5195 66.048 23.15
      vertex 54.125 65.0514 23.15
    endloop
  endfacet
  facet normal -0 0 -1
    outer loop
      vertex 54.5195 66.048 23.15
      vertex 53.8803 65.215 23.15
      vertex 54.4015 66.1515 23.15
    endloop
  endfacet
  facet normal 0 0 -1
    outer loop
      vertex 53.659 65.409 23.15
      vertex 54.4015 66.1515 23.15
      vertex 53.8803 65.215 23.15
    endloop
  endfacet
  facet normal -0 0 -1
    outer loop
      vertex 54.4015 66.1515 23.15
      vertex 53.659 65.409 23.15
      vertex 54.298 66.2695 23.15
    endloop
  endfacet
  facet normal 0 0 -1
    outer loop
      vertex 53.465 65.6303 23.15
      vertex 54.298 66.2695 23.15
      vertex 53.659 65.409 23.15
    endloop
  endfacet
  facet normal -0 0 -1
    outer loop
      vertex 54.298 66.2695 23.15
      vertex 53.465 65.6303 23.15
      vertex 54.2108 66.4 23.15
    endloop
  endfacet
  facet normal 0 0 -1
    outer loop
      vertex 53.3014 65.875 23.15
      vertex 54.2108 66.4 23.15
      vertex 53.465 65.6303 23.15
    endloop
  endfacet
  facet normal -0 0 -1
    outer loop
      vertex 54.2108 66.4 23.15
      vertex 53.3014 65.875 23.15
      vertex 54.1413 66.5408 23.15
    endloop
  endfacet
  facet normal 0 0 -1
    outer loop
      vertex 56.2892 67.6 23.15
      vertex 57.1986 68.125 23.15
      vertex 56.3587 67.4592 23.15
    endloop
  endfacet
  facet normal -0 0 -1
    outer loop
      vertex 57.1986 68.125 23.15
      vertex 56.2892 67.6 23.15
      vertex 57.035 68.3697 23.15
    endloop
  endfacet
  facet normal 0 0 -1
    outer loop
      vertex 56.202 67.7305 23.15
      vertex 57.035 68.3697 23.15
      vertex 56.2892 67.6 23.15
    endloop
  endfacet
  facet normal -0 0 -1
    outer loop
      vertex 57.035 68.3697 23.15
      vertex 56.202 67.7305 23.15
      vertex 56.841 68.591 23.15
    endloop
  endfacet
  facet normal 0 0 -1
    outer loop
      vertex 56.0985 67.8485 23.15
      vertex 56.841 68.591 23.15
      vertex 56.202 67.7305 23.15
    endloop
  endfacet
  facet normal -0 0 -1
    outer loop
      vertex 56.841 68.591 23.15
      vertex 56.0985 67.8485 23.15
      vertex 56.6197 68.785 23.15
    endloop
  endfacet
  facet normal 0 0 -1
    outer loop
      vertex 55.9805 67.952 23.15
      vertex 56.6197 68.785 23.15
      vertex 56.0985 67.8485 23.15
    endloop
  endfacet
  facet normal -0 0 -1
    outer loop
      vertex 56.6197 68.785 23.15
      vertex 55.9805 67.952 23.15
      vertex 56.375 68.9486 23.15
    endloop
  endfacet
  facet normal 0 0 -1
    outer loop
      vertex 55.85 68.0392 23.15
      vertex 56.375 68.9486 23.15
      vertex 55.9805 67.952 23.15
    endloop
  endfacet
  facet normal -0 0 -1
    outer loop
      vertex 56.375 68.9486 23.15
      vertex 55.85 68.0392 23.15
      vertex 56.111 69.0787 23.15
    endloop
  endfacet
  facet normal 0 0 -1
    outer loop
      vertex 55.7092 68.1087 23.15
      vertex 56.111 69.0787 23.15
      vertex 55.85 68.0392 23.15
    endloop
  endfacet
  facet normal -0 0 -1
    outer loop
      vertex 56.111 69.0787 23.15
      vertex 55.7092 68.1087 23.15
      vertex 55.8323 69.1733 23.15
    endloop
  endfacet
  facet normal 0 0 -1
    outer loop
      vertex 55.5606 68.1591 23.15
      vertex 55.8323 69.1733 23.15
      vertex 55.7092 68.1087 23.15
    endloop
  endfacet
  facet normal 0 0 -1
    outer loop
      vertex 55.5606 68.1591 23.15
      vertex 55.5437 69.2308 23.15
      vertex 55.8323 69.1733 23.15
    endloop
  endfacet
  facet normal 0 0 -1
    outer loop
      vertex 55.4066 68.1897 23.15
      vertex 55.5437 69.2308 23.15
      vertex 55.5606 68.1591 23.15
    endloop
  endfacet
  facet normal 0 0 -1
    outer loop
      vertex 55.25 68.2 23.15
      vertex 55.5437 69.2308 23.15
      vertex 55.4066 68.1897 23.15
    endloop
  endfacet
  facet normal 0 0 -1
    outer loop
      vertex 55.25 68.2 23.15
      vertex 55.25 69.25 23.15
      vertex 55.5437 69.2308 23.15
    endloop
  endfacet
  facet normal 0 0 -1
    outer loop
      vertex 55.0934 68.1897 23.15
      vertex 55.25 69.25 23.15
      vertex 55.25 68.2 23.15
    endloop
  endfacet
  facet normal 0 0 -1
    outer loop
      vertex 55.0934 68.1897 23.15
      vertex 54.9563 69.2308 23.15
      vertex 55.25 69.25 23.15
    endloop
  endfacet
  facet normal 0 0 -1
    outer loop
      vertex 54.9394 68.1591 23.15
      vertex 54.9563 69.2308 23.15
      vertex 55.0934 68.1897 23.15
    endloop
  endfacet
  facet normal 0 0 -1
    outer loop
      vertex 54.6677 69.1733 23.15
      vertex 54.9394 68.1591 23.15
      vertex 54.7908 68.1087 23.15
    endloop
  endfacet
  facet normal 0 0 -1
    outer loop
      vertex 54.9394 68.1591 23.15
      vertex 54.6677 69.1733 23.15
      vertex 54.9563 69.2308 23.15
    endloop
  endfacet
  facet normal 0 0 -1
    outer loop
      vertex 54.389 69.0787 23.15
      vertex 54.7908 68.1087 23.15
      vertex 54.65 68.0392 23.15
    endloop
  endfacet
  facet normal 0 0 -1
    outer loop
      vertex 54.125 68.9486 23.15
      vertex 54.65 68.0392 23.15
      vertex 54.5195 67.952 23.15
    endloop
  endfacet
  facet normal 0 0 -1
    outer loop
      vertex 53.8803 68.785 23.15
      vertex 54.5195 67.952 23.15
      vertex 54.4015 67.8485 23.15
    endloop
  endfacet
  facet normal 0 0 -1
    outer loop
      vertex 54.7908 68.1087 23.15
      vertex 54.389 69.0787 23.15
      vertex 54.6677 69.1733 23.15
    endloop
  endfacet
  facet normal 0 0 -1
    outer loop
      vertex 53.659 68.591 23.15
      vertex 54.4015 67.8485 23.15
      vertex 54.298 67.7305 23.15
    endloop
  endfacet
  facet normal 0 0 -1
    outer loop
      vertex 53.465 68.3697 23.15
      vertex 54.298 67.7305 23.15
      vertex 54.2108 67.6 23.15
    endloop
  endfacet
  facet normal 0 0 -1
    outer loop
      vertex 53.3014 68.125 23.15
      vertex 54.2108 67.6 23.15
      vertex 54.1413 67.4592 23.15
    endloop
  endfacet
  facet normal 0 0 -1
    outer loop
      vertex 54.65 68.0392 23.15
      vertex 54.125 68.9486 23.15
      vertex 54.389 69.0787 23.15
    endloop
  endfacet
  facet normal 0 0 -1
    outer loop
      vertex 53.1713 67.861 23.15
      vertex 54.1413 67.4592 23.15
      vertex 54.0909 67.3106 23.15
    endloop
  endfacet
  facet normal 0 0 -1
    outer loop
      vertex 53.0767 67.5823 23.15
      vertex 54.0909 67.3106 23.15
      vertex 54.0603 67.1566 23.15
    endloop
  endfacet
  facet normal 0 0 -1
    outer loop
      vertex 53.0192 67.2937 23.15
      vertex 54.0603 67.1566 23.15
      vertex 54.05 67 23.15
    endloop
  endfacet
  facet normal 0 0 -1
    outer loop
      vertex 53.1713 66.139 23.15
      vertex 54.1413 66.5408 23.15
      vertex 53.3014 65.875 23.15
    endloop
  endfacet
  facet normal 0 0 -1
    outer loop
      vertex 54.5195 67.952 23.15
      vertex 53.8803 68.785 23.15
      vertex 54.125 68.9486 23.15
    endloop
  endfacet
  facet normal -0 0 -1
    outer loop
      vertex 54.1413 66.5408 23.15
      vertex 53.1713 66.139 23.15
      vertex 54.0909 66.6894 23.15
    endloop
  endfacet
  facet normal 0 0 -1
    outer loop
      vertex 54.4015 67.8485 23.15
      vertex 53.659 68.591 23.15
      vertex 53.8803 68.785 23.15
    endloop
  endfacet
  facet normal 0 0 -1
    outer loop
      vertex 53.0767 66.4177 23.15
      vertex 54.0909 66.6894 23.15
      vertex 53.1713 66.139 23.15
    endloop
  endfacet
  facet normal 0 0 -1
    outer loop
      vertex 54.298 67.7305 23.15
      vertex 53.465 68.3697 23.15
      vertex 53.659 68.591 23.15
    endloop
  endfacet
  facet normal -0 0 -1
    outer loop
      vertex 54.0909 66.6894 23.15
      vertex 53.0767 66.4177 23.15
      vertex 54.0603 66.8434 23.15
    endloop
  endfacet
  facet normal 0 0 -1
    outer loop
      vertex 54.2108 67.6 23.15
      vertex 53.3014 68.125 23.15
      vertex 53.465 68.3697 23.15
    endloop
  endfacet
  facet normal 0 0 -1
    outer loop
      vertex 53.0192 66.7063 23.15
      vertex 54.0603 66.8434 23.15
      vertex 53.0767 66.4177 23.15
    endloop
  endfacet
  facet normal 0 0 -1
    outer loop
      vertex 54.1413 67.4592 23.15
      vertex 53.1713 67.861 23.15
      vertex 53.3014 68.125 23.15
    endloop
  endfacet
  facet normal -0 0 -1
    outer loop
      vertex 54.0603 66.8434 23.15
      vertex 53.0192 66.7063 23.15
      vertex 54.05 67 23.15
    endloop
  endfacet
  facet normal 0 0 -1
    outer loop
      vertex 54.0909 67.3106 23.15
      vertex 53.0767 67.5823 23.15
      vertex 53.1713 67.861 23.15
    endloop
  endfacet
  facet normal 0 0 -1
    outer loop
      vertex 53 67 23.15
      vertex 54.05 67 23.15
      vertex 53.0192 66.7063 23.15
    endloop
  endfacet
  facet normal 0 0 -1
    outer loop
      vertex 54.0603 67.1566 23.15
      vertex 53.0192 67.2937 23.15
      vertex 53.0767 67.5823 23.15
    endloop
  endfacet
  facet normal 0 0 -1
    outer loop
      vertex 54.05 67 23.15
      vertex 53 67 23.15
      vertex 53.0192 67.2937 23.15
    endloop
  endfacet
  facet normal -0.896995 0.442042 0
    outer loop
      vertex 53.1713 67.861 23.15
      vertex 53.3014 68.125 24
      vertex 53.3014 68.125 23.15
    endloop
  endfacet
  facet normal -0.896995 0.442042 0
    outer loop
      vertex 53.3014 68.125 24
      vertex 53.1713 67.861 23.15
      vertex 53.1713 67.861 24
    endloop
  endfacet
  facet normal -0.99787 0.0652336 0
    outer loop
      vertex 53 67 23.15
      vertex 53.0192 67.2937 24
      vertex 53.0192 67.2937 23.15
    endloop
  endfacet
  facet normal -0.99787 0.0652336 0
    outer loop
      vertex 53.0192 67.2937 24
      vertex 53 67 23.15
      vertex 53 67 24
    endloop
  endfacet
  facet normal -0.555797 0.831318 0
    outer loop
      vertex 54.125 68.9486 23.15
      vertex 53.8803 68.785 24
      vertex 54.125 68.9486 24
    endloop
  endfacet
  facet normal -0.555797 0.831318 0
    outer loop
      vertex 53.8803 68.785 24
      vertex 54.125 68.9486 23.15
      vertex 53.8803 68.785 23.15
    endloop
  endfacet
  facet normal -0.659202 0.751966 0
    outer loop
      vertex 53.8803 68.785 23.15
      vertex 53.659 68.591 24
      vertex 53.8803 68.785 24
    endloop
  endfacet
  facet normal -0.659202 0.751966 0
    outer loop
      vertex 53.659 68.591 24
      vertex 53.8803 68.785 23.15
      vertex 53.659 68.591 23.15
    endloop
  endfacet
  facet normal -0.195397 0.980724 0
    outer loop
      vertex 54.9563 69.2308 23.15
      vertex 54.6677 69.1733 24
      vertex 54.9563 69.2308 24
    endloop
  endfacet
  facet normal -0.195397 0.980724 0
    outer loop
      vertex 54.6677 69.1733 24
      vertex 54.9563 69.2308 23.15
      vertex 54.6677 69.1733 23.15
    endloop
  endfacet
  facet normal 0.99787 -0.0652336 0
    outer loop
      vertex 57.4808 66.7063 24
      vertex 57.5 67 23.15
      vertex 57.5 67 24
    endloop
  endfacet
  facet normal 0.99787 -0.0652336 0
    outer loop
      vertex 57.5 67 23.15
      vertex 57.4808 66.7063 24
      vertex 57.4808 66.7063 23.15
    endloop
  endfacet
  facet normal 0.195397 -0.980724 0
    outer loop
      vertex 55.5437 64.7692 23.15
      vertex 55.8323 64.8267 24
      vertex 55.5437 64.7692 24
    endloop
  endfacet
  facet normal 0.195397 -0.980724 0
    outer loop
      vertex 55.8323 64.8267 24
      vertex 55.5437 64.7692 23.15
      vertex 55.8323 64.8267 23.15
    endloop
  endfacet
  facet normal 0.442042 -0.896995 0
    outer loop
      vertex 56.111 64.9213 23.15
      vertex 56.375 65.0514 24
      vertex 56.111 64.9213 24
    endloop
  endfacet
  facet normal 0.442042 -0.896995 0
    outer loop
      vertex 56.375 65.0514 24
      vertex 56.111 64.9213 23.15
      vertex 56.375 65.0514 23.15
    endloop
  endfacet
  facet normal 0.751966 -0.659202 0
    outer loop
      vertex 56.841 65.409 24
      vertex 57.035 65.6303 23.15
      vertex 57.035 65.6303 24
    endloop
  endfacet
  facet normal 0.751966 -0.659202 0
    outer loop
      vertex 57.035 65.6303 23.15
      vertex 56.841 65.409 24
      vertex 56.841 65.409 23.15
    endloop
  endfacet
  facet normal 0.555797 -0.831318 0
    outer loop
      vertex 56.375 65.0514 23.15
      vertex 56.6197 65.215 24
      vertex 56.375 65.0514 24
    endloop
  endfacet
  facet normal 0.555797 -0.831318 0
    outer loop
      vertex 56.6197 65.215 24
      vertex 56.375 65.0514 23.15
      vertex 56.6197 65.215 23.15
    endloop
  endfacet
  facet normal 0.946936 -0.321421 0
    outer loop
      vertex 57.3287 66.139 24
      vertex 57.4233 66.4177 23.15
      vertex 57.4233 66.4177 24
    endloop
  endfacet
  facet normal 0.946936 -0.321421 0
    outer loop
      vertex 57.4233 66.4177 23.15
      vertex 57.3287 66.139 24
      vertex 57.3287 66.139 23.15
    endloop
  endfacet
  facet normal 0.831318 -0.555797 0
    outer loop
      vertex 57.035 65.6303 24
      vertex 57.1986 65.875 23.15
      vertex 57.1986 65.875 24
    endloop
  endfacet
  facet normal 0.831318 -0.555797 0
    outer loop
      vertex 57.1986 65.875 23.15
      vertex 57.035 65.6303 24
      vertex 57.035 65.6303 23.15
    endloop
  endfacet
  facet normal -0.555797 -0.831318 0
    outer loop
      vertex 53.8803 65.215 23.15
      vertex 54.125 65.0514 24
      vertex 53.8803 65.215 24
    endloop
  endfacet
  facet normal -0.555797 -0.831318 -0
    outer loop
      vertex 54.125 65.0514 24
      vertex 53.8803 65.215 23.15
      vertex 54.125 65.0514 23.15
    endloop
  endfacet
  facet normal -0.321421 -0.946936 0
    outer loop
      vertex 54.389 64.9213 23.15
      vertex 54.6677 64.8267 24
      vertex 54.389 64.9213 24
    endloop
  endfacet
  facet normal -0.321421 -0.946936 -0
    outer loop
      vertex 54.6677 64.8267 24
      vertex 54.389 64.9213 23.15
      vertex 54.6677 64.8267 23.15
    endloop
  endfacet
  facet normal -0.0652336 -0.99787 0
    outer loop
      vertex 54.9563 64.7692 23.15
      vertex 55.25 64.75 24
      vertex 54.9563 64.7692 24
    endloop
  endfacet
  facet normal -0.0652336 -0.99787 -0
    outer loop
      vertex 55.25 64.75 24
      vertex 54.9563 64.7692 23.15
      vertex 55.25 64.75 23.15
    endloop
  endfacet
  facet normal -0.831318 -0.555797 0
    outer loop
      vertex 53.465 65.6303 23.15
      vertex 53.3014 65.875 24
      vertex 53.3014 65.875 23.15
    endloop
  endfacet
  facet normal -0.831318 -0.555797 0
    outer loop
      vertex 53.3014 65.875 24
      vertex 53.465 65.6303 23.15
      vertex 53.465 65.6303 24
    endloop
  endfacet
  facet normal -0.659202 -0.751966 0
    outer loop
      vertex 53.659 65.409 23.15
      vertex 53.8803 65.215 24
      vertex 53.659 65.409 24
    endloop
  endfacet
  facet normal -0.659202 -0.751966 -0
    outer loop
      vertex 53.8803 65.215 24
      vertex 53.659 65.409 23.15
      vertex 53.8803 65.215 23.15
    endloop
  endfacet
  facet normal -0.896995 -0.442042 0
    outer loop
      vertex 53.3014 65.875 23.15
      vertex 53.1713 66.139 24
      vertex 53.1713 66.139 23.15
    endloop
  endfacet
  facet normal -0.896995 -0.442042 0
    outer loop
      vertex 53.1713 66.139 24
      vertex 53.3014 65.875 23.15
      vertex 53.3014 65.875 24
    endloop
  endfacet
  facet normal -0.980724 -0.195397 0
    outer loop
      vertex 53.0767 66.4177 23.15
      vertex 53.0192 66.7063 24
      vertex 53.0192 66.7063 23.15
    endloop
  endfacet
  facet normal -0.980724 -0.195397 0
    outer loop
      vertex 53.0192 66.7063 24
      vertex 53.0767 66.4177 23.15
      vertex 53.0767 66.4177 24
    endloop
  endfacet
  facet normal -0.99787 -0.0652336 0
    outer loop
      vertex 53.0192 66.7063 23.15
      vertex 53 67 24
      vertex 53 67 23.15
    endloop
  endfacet
  facet normal -0.99787 -0.0652336 0
    outer loop
      vertex 53 67 24
      vertex 53.0192 66.7063 23.15
      vertex 53.0192 66.7063 24
    endloop
  endfacet
  facet normal 0.321421 -0.946936 0
    outer loop
      vertex 55.8323 64.8267 23.15
      vertex 56.111 64.9213 24
      vertex 55.8323 64.8267 24
    endloop
  endfacet
  facet normal 0.321421 -0.946936 0
    outer loop
      vertex 56.111 64.9213 24
      vertex 55.8323 64.8267 23.15
      vertex 56.111 64.9213 23.15
    endloop
  endfacet
  facet normal 0.659202 -0.751966 0
    outer loop
      vertex 56.6197 65.215 23.15
      vertex 56.841 65.409 24
      vertex 56.6197 65.215 24
    endloop
  endfacet
  facet normal 0.659202 -0.751966 0
    outer loop
      vertex 56.841 65.409 24
      vertex 56.6197 65.215 23.15
      vertex 56.841 65.409 23.15
    endloop
  endfacet
  facet normal 0.980724 -0.195397 0
    outer loop
      vertex 57.4233 66.4177 24
      vertex 57.4808 66.7063 23.15
      vertex 57.4808 66.7063 24
    endloop
  endfacet
  facet normal 0.980724 -0.195397 0
    outer loop
      vertex 57.4808 66.7063 23.15
      vertex 57.4233 66.4177 24
      vertex 57.4233 66.4177 23.15
    endloop
  endfacet
  facet normal 0.896995 -0.442042 0
    outer loop
      vertex 57.1986 65.875 24
      vertex 57.3287 66.139 23.15
      vertex 57.3287 66.139 24
    endloop
  endfacet
  facet normal 0.896995 -0.442042 0
    outer loop
      vertex 57.3287 66.139 23.15
      vertex 57.1986 65.875 24
      vertex 57.1986 65.875 23.15
    endloop
  endfacet
  facet normal -0.442042 -0.896995 0
    outer loop
      vertex 54.125 65.0514 23.15
      vertex 54.389 64.9213 24
      vertex 54.125 65.0514 24
    endloop
  endfacet
  facet normal -0.442042 -0.896995 -0
    outer loop
      vertex 54.389 64.9213 24
      vertex 54.125 65.0514 23.15
      vertex 54.389 64.9213 23.15
    endloop
  endfacet
  facet normal 0.0652336 -0.99787 0
    outer loop
      vertex 55.25 64.75 23.15
      vertex 55.5437 64.7692 24
      vertex 55.25 64.75 24
    endloop
  endfacet
  facet normal 0.0652336 -0.99787 0
    outer loop
      vertex 55.5437 64.7692 24
      vertex 55.25 64.75 23.15
      vertex 55.5437 64.7692 23.15
    endloop
  endfacet
  facet normal -0.751966 -0.659202 0
    outer loop
      vertex 53.659 65.409 23.15
      vertex 53.465 65.6303 24
      vertex 53.465 65.6303 23.15
    endloop
  endfacet
  facet normal -0.751966 -0.659202 0
    outer loop
      vertex 53.465 65.6303 24
      vertex 53.659 65.409 23.15
      vertex 53.659 65.409 24
    endloop
  endfacet
  facet normal -0.946936 -0.321421 0
    outer loop
      vertex 53.1713 66.139 23.15
      vertex 53.0767 66.4177 24
      vertex 53.0767 66.4177 23.15
    endloop
  endfacet
  facet normal -0.946936 -0.321421 0
    outer loop
      vertex 53.0767 66.4177 24
      vertex 53.1713 66.139 23.15
      vertex 53.1713 66.139 24
    endloop
  endfacet
  facet normal -0.997844 -0.0656309 0
    outer loop
      vertex 56.45 51 23.15
      vertex 56.4397 51.1566 26
      vertex 56.4397 51.1566 23.15
    endloop
  endfacet
  facet normal -0.997844 -0.0656309 0
    outer loop
      vertex 56.4397 51.1566 26
      vertex 56.45 51 23.15
      vertex 56.45 51 26
    endloop
  endfacet
  facet normal 0.0656309 -0.997844 0
    outer loop
      vertex 55.0934 52.1897 23.15
      vertex 55.25 52.2 26
      vertex 55.0934 52.1897 26
    endloop
  endfacet
  facet normal 0.0656309 -0.997844 0
    outer loop
      vertex 55.25 52.2 26
      vertex 55.0934 52.1897 23.15
      vertex 55.25 52.2 23.15
    endloop
  endfacet
  facet normal -0.0656309 0.997844 0
    outer loop
      vertex 55.4066 49.8103 23.15
      vertex 55.25 49.8 26
      vertex 55.4066 49.8103 26
    endloop
  endfacet
  facet normal -0.0656309 0.997844 0
    outer loop
      vertex 55.25 49.8 26
      vertex 55.4066 49.8103 23.15
      vertex 55.25 49.8 23.15
    endloop
  endfacet
  facet normal -0.659406 -0.751787 0
    outer loop
      vertex 55.9805 51.952 23.15
      vertex 56.0985 51.8485 26
      vertex 55.9805 51.952 26
    endloop
  endfacet
  facet normal -0.659406 -0.751787 -0
    outer loop
      vertex 56.0985 51.8485 26
      vertex 55.9805 51.952 23.15
      vertex 56.0985 51.8485 23.15
    endloop
  endfacet
  facet normal 0.751787 -0.659406 0
    outer loop
      vertex 54.298 51.7305 26
      vertex 54.4015 51.8485 23.15
      vertex 54.4015 51.8485 26
    endloop
  endfacet
  facet normal 0.751787 -0.659406 0
    outer loop
      vertex 54.4015 51.8485 23.15
      vertex 54.298 51.7305 26
      vertex 54.298 51.7305 23.15
    endloop
  endfacet
  facet normal 0.442622 -0.896708 0
    outer loop
      vertex 54.65 52.0392 23.15
      vertex 54.7908 52.1087 26
      vertex 54.65 52.0392 26
    endloop
  endfacet
  facet normal 0.442622 -0.896708 0
    outer loop
      vertex 54.7908 52.1087 26
      vertex 54.65 52.0392 23.15
      vertex 54.7908 52.1087 23.15
    endloop
  endfacet
  facet normal -0.896708 -0.442622 0
    outer loop
      vertex 56.3587 51.4592 23.15
      vertex 56.2892 51.6 26
      vertex 56.2892 51.6 23.15
    endloop
  endfacet
  facet normal -0.896708 -0.442622 0
    outer loop
      vertex 56.2892 51.6 26
      vertex 56.3587 51.4592 23.15
      vertex 56.3587 51.4592 26
    endloop
  endfacet
  facet normal -0.321194 -0.947013 0
    outer loop
      vertex 55.5606 52.1591 23.15
      vertex 55.7092 52.1087 26
      vertex 55.5606 52.1591 26
    endloop
  endfacet
  facet normal -0.321194 -0.947013 -0
    outer loop
      vertex 55.7092 52.1087 26
      vertex 55.5606 52.1591 23.15
      vertex 55.7092 52.1087 23.15
    endloop
  endfacet
  facet normal -0.194891 -0.980825 0
    outer loop
      vertex 55.4066 52.1897 23.15
      vertex 55.5606 52.1591 26
      vertex 55.4066 52.1897 26
    endloop
  endfacet
  facet normal -0.194891 -0.980825 -0
    outer loop
      vertex 55.5606 52.1591 26
      vertex 55.4066 52.1897 23.15
      vertex 55.5606 52.1591 23.15
    endloop
  endfacet
  facet normal -0.442622 -0.896708 0
    outer loop
      vertex 55.7092 52.1087 23.15
      vertex 55.85 52.0392 26
      vertex 55.7092 52.1087 26
    endloop
  endfacet
  facet normal -0.442622 -0.896708 -0
    outer loop
      vertex 55.85 52.0392 26
      vertex 55.7092 52.1087 23.15
      vertex 55.85 52.0392 23.15
    endloop
  endfacet
  facet normal 0.947013 -0.321194 0
    outer loop
      vertex 54.0909 51.3106 26
      vertex 54.1413 51.4592 23.15
      vertex 54.1413 51.4592 26
    endloop
  endfacet
  facet normal 0.947013 -0.321194 0
    outer loop
      vertex 54.1413 51.4592 23.15
      vertex 54.0909 51.3106 26
      vertex 54.0909 51.3106 23.15
    endloop
  endfacet
  facet normal 0.980825 -0.194891 0
    outer loop
      vertex 54.0603 51.1566 26
      vertex 54.0909 51.3106 23.15
      vertex 54.0909 51.3106 26
    endloop
  endfacet
  facet normal 0.980825 -0.194891 0
    outer loop
      vertex 54.0909 51.3106 23.15
      vertex 54.0603 51.1566 26
      vertex 54.0603 51.1566 23.15
    endloop
  endfacet
  facet normal 0.321194 -0.947013 0
    outer loop
      vertex 54.7908 52.1087 23.15
      vertex 54.9394 52.1591 26
      vertex 54.7908 52.1087 26
    endloop
  endfacet
  facet normal 0.321194 -0.947013 0
    outer loop
      vertex 54.9394 52.1591 26
      vertex 54.7908 52.1087 23.15
      vertex 54.9394 52.1591 23.15
    endloop
  endfacet
  facet normal 0.831462 0.555582 0
    outer loop
      vertex 54.298 50.2695 26
      vertex 54.2108 50.4 23.15
      vertex 54.2108 50.4 26
    endloop
  endfacet
  facet normal 0.831462 0.555582 0
    outer loop
      vertex 54.2108 50.4 23.15
      vertex 54.298 50.2695 26
      vertex 54.298 50.2695 23.15
    endloop
  endfacet
  facet normal -0.194891 0.980825 0
    outer loop
      vertex 55.5606 49.8409 23.15
      vertex 55.4066 49.8103 26
      vertex 55.5606 49.8409 26
    endloop
  endfacet
  facet normal -0.194891 0.980825 0
    outer loop
      vertex 55.4066 49.8103 26
      vertex 55.5606 49.8409 23.15
      vertex 55.4066 49.8103 23.15
    endloop
  endfacet
  facet normal -0.442622 0.896708 0
    outer loop
      vertex 55.85 49.9608 23.15
      vertex 55.7092 49.8913 26
      vertex 55.85 49.9608 26
    endloop
  endfacet
  facet normal -0.442622 0.896708 0
    outer loop
      vertex 55.7092 49.8913 26
      vertex 55.85 49.9608 23.15
      vertex 55.7092 49.8913 23.15
    endloop
  endfacet
  facet normal -0.947013 -0.321194 0
    outer loop
      vertex 56.4091 51.3106 23.15
      vertex 56.3587 51.4592 26
      vertex 56.3587 51.4592 23.15
    endloop
  endfacet
  facet normal -0.947013 -0.321194 0
    outer loop
      vertex 56.3587 51.4592 26
      vertex 56.4091 51.3106 23.15
      vertex 56.4091 51.3106 26
    endloop
  endfacet
  facet normal -0.980825 -0.194891 0
    outer loop
      vertex 56.4397 51.1566 23.15
      vertex 56.4091 51.3106 26
      vertex 56.4091 51.3106 23.15
    endloop
  endfacet
  facet normal -0.980825 -0.194891 0
    outer loop
      vertex 56.4091 51.3106 26
      vertex 56.4397 51.1566 23.15
      vertex 56.4397 51.1566 26
    endloop
  endfacet
  facet normal -0.751787 -0.659406 0
    outer loop
      vertex 56.202 51.7305 23.15
      vertex 56.0985 51.8485 26
      vertex 56.0985 51.8485 23.15
    endloop
  endfacet
  facet normal -0.751787 -0.659406 0
    outer loop
      vertex 56.0985 51.8485 26
      vertex 56.202 51.7305 23.15
      vertex 56.202 51.7305 26
    endloop
  endfacet
  facet normal -0.831462 -0.555582 0
    outer loop
      vertex 56.2892 51.6 23.15
      vertex 56.202 51.7305 26
      vertex 56.202 51.7305 23.15
    endloop
  endfacet
  facet normal -0.831462 -0.555582 0
    outer loop
      vertex 56.202 51.7305 26
      vertex 56.2892 51.6 23.15
      vertex 56.2892 51.6 26
    endloop
  endfacet
  facet normal -0.0656309 -0.997844 0
    outer loop
      vertex 55.25 52.2 23.15
      vertex 55.4066 52.1897 26
      vertex 55.25 52.2 26
    endloop
  endfacet
  facet normal -0.0656309 -0.997844 -0
    outer loop
      vertex 55.4066 52.1897 26
      vertex 55.25 52.2 23.15
      vertex 55.4066 52.1897 23.15
    endloop
  endfacet
  facet normal -0.555582 -0.831462 0
    outer loop
      vertex 55.85 52.0392 23.15
      vertex 55.9805 51.952 26
      vertex 55.85 52.0392 26
    endloop
  endfacet
  facet normal -0.555582 -0.831462 -0
    outer loop
      vertex 55.9805 51.952 26
      vertex 55.85 52.0392 23.15
      vertex 55.9805 51.952 23.15
    endloop
  endfacet
  facet normal 0.896708 -0.442622 0
    outer loop
      vertex 54.1413 51.4592 26
      vertex 54.2108 51.6 23.15
      vertex 54.2108 51.6 26
    endloop
  endfacet
  facet normal 0.896708 -0.442622 0
    outer loop
      vertex 54.2108 51.6 23.15
      vertex 54.1413 51.4592 26
      vertex 54.1413 51.4592 23.15
    endloop
  endfacet
  facet normal 0.831462 -0.555582 0
    outer loop
      vertex 54.2108 51.6 26
      vertex 54.298 51.7305 23.15
      vertex 54.298 51.7305 26
    endloop
  endfacet
  facet normal 0.831462 -0.555582 0
    outer loop
      vertex 54.298 51.7305 23.15
      vertex 54.2108 51.6 26
      vertex 54.2108 51.6 23.15
    endloop
  endfacet
  facet normal 0.997844 -0.0656309 0
    outer loop
      vertex 54.05 51 26
      vertex 54.0603 51.1566 23.15
      vertex 54.0603 51.1566 26
    endloop
  endfacet
  facet normal 0.997844 -0.0656309 0
    outer loop
      vertex 54.0603 51.1566 23.15
      vertex 54.05 51 26
      vertex 54.05 51 23.15
    endloop
  endfacet
  facet normal 0.555582 -0.831462 0
    outer loop
      vertex 54.5195 51.952 23.15
      vertex 54.65 52.0392 26
      vertex 54.5195 51.952 26
    endloop
  endfacet
  facet normal 0.555582 -0.831462 0
    outer loop
      vertex 54.65 52.0392 26
      vertex 54.5195 51.952 23.15
      vertex 54.65 52.0392 23.15
    endloop
  endfacet
  facet normal 0.659406 -0.751787 0
    outer loop
      vertex 54.4015 51.8485 23.15
      vertex 54.5195 51.952 26
      vertex 54.4015 51.8485 26
    endloop
  endfacet
  facet normal 0.659406 -0.751787 0
    outer loop
      vertex 54.5195 51.952 26
      vertex 54.4015 51.8485 23.15
      vertex 54.5195 51.952 23.15
    endloop
  endfacet
  facet normal 0.194891 -0.980825 0
    outer loop
      vertex 54.9394 52.1591 23.15
      vertex 55.0934 52.1897 26
      vertex 54.9394 52.1591 26
    endloop
  endfacet
  facet normal 0.194891 -0.980825 0
    outer loop
      vertex 55.0934 52.1897 26
      vertex 54.9394 52.1591 23.15
      vertex 55.0934 52.1897 23.15
    endloop
  endfacet
  facet normal -0.997844 0.0656309 0
    outer loop
      vertex 56.4397 50.8434 23.15
      vertex 56.45 51 26
      vertex 56.45 51 23.15
    endloop
  endfacet
  facet normal -0.997844 0.0656309 0
    outer loop
      vertex 56.45 51 26
      vertex 56.4397 50.8434 23.15
      vertex 56.4397 50.8434 26
    endloop
  endfacet
  facet normal -0.751787 0.659406 0
    outer loop
      vertex 56.0985 50.1515 23.15
      vertex 56.202 50.2695 26
      vertex 56.202 50.2695 23.15
    endloop
  endfacet
  facet normal -0.751787 0.659406 0
    outer loop
      vertex 56.202 50.2695 26
      vertex 56.0985 50.1515 23.15
      vertex 56.0985 50.1515 26
    endloop
  endfacet
  facet normal -0.947013 0.321194 0
    outer loop
      vertex 56.3587 50.5408 23.15
      vertex 56.4091 50.6894 26
      vertex 56.4091 50.6894 23.15
    endloop
  endfacet
  facet normal -0.947013 0.321194 0
    outer loop
      vertex 56.4091 50.6894 26
      vertex 56.3587 50.5408 23.15
      vertex 56.3587 50.5408 26
    endloop
  endfacet
  facet normal -0.980825 0.194891 0
    outer loop
      vertex 56.4091 50.6894 23.15
      vertex 56.4397 50.8434 26
      vertex 56.4397 50.8434 23.15
    endloop
  endfacet
  facet normal -0.980825 0.194891 0
    outer loop
      vertex 56.4397 50.8434 26
      vertex 56.4091 50.6894 23.15
      vertex 56.4091 50.6894 26
    endloop
  endfacet
  facet normal 0.997844 0.0656309 0
    outer loop
      vertex 54.0603 50.8434 26
      vertex 54.05 51 23.15
      vertex 54.05 51 26
    endloop
  endfacet
  facet normal 0.997844 0.0656309 0
    outer loop
      vertex 54.05 51 23.15
      vertex 54.0603 50.8434 26
      vertex 54.0603 50.8434 23.15
    endloop
  endfacet
  facet normal -0.831462 0.555582 0
    outer loop
      vertex 56.202 50.2695 23.15
      vertex 56.2892 50.4 26
      vertex 56.2892 50.4 23.15
    endloop
  endfacet
  facet normal -0.831462 0.555582 0
    outer loop
      vertex 56.2892 50.4 26
      vertex 56.202 50.2695 23.15
      vertex 56.202 50.2695 26
    endloop
  endfacet
  facet normal 0.659406 0.751787 -0
    outer loop
      vertex 54.5195 50.048 23.15
      vertex 54.4015 50.1515 26
      vertex 54.5195 50.048 26
    endloop
  endfacet
  facet normal 0.659406 0.751787 0
    outer loop
      vertex 54.4015 50.1515 26
      vertex 54.5195 50.048 23.15
      vertex 54.4015 50.1515 23.15
    endloop
  endfacet
  facet normal 0.896708 0.442622 0
    outer loop
      vertex 54.2108 50.4 26
      vertex 54.1413 50.5408 23.15
      vertex 54.1413 50.5408 26
    endloop
  endfacet
  facet normal 0.896708 0.442622 0
    outer loop
      vertex 54.1413 50.5408 23.15
      vertex 54.2108 50.4 26
      vertex 54.2108 50.4 23.15
    endloop
  endfacet
  facet normal -0.321194 0.947013 0
    outer loop
      vertex 55.7092 49.8913 23.15
      vertex 55.5606 49.8409 26
      vertex 55.7092 49.8913 26
    endloop
  endfacet
  facet normal -0.321194 0.947013 0
    outer loop
      vertex 55.5606 49.8409 26
      vertex 55.7092 49.8913 23.15
      vertex 55.5606 49.8409 23.15
    endloop
  endfacet
  facet normal -0.896708 0.442622 0
    outer loop
      vertex 56.2892 50.4 23.15
      vertex 56.3587 50.5408 26
      vertex 56.3587 50.5408 23.15
    endloop
  endfacet
  facet normal -0.896708 0.442622 0
    outer loop
      vertex 56.3587 50.5408 26
      vertex 56.2892 50.4 23.15
      vertex 56.2892 50.4 26
    endloop
  endfacet
  facet normal -0.659406 0.751787 0
    outer loop
      vertex 56.0985 50.1515 23.15
      vertex 55.9805 50.048 26
      vertex 56.0985 50.1515 26
    endloop
  endfacet
  facet normal -0.659406 0.751787 0
    outer loop
      vertex 55.9805 50.048 26
      vertex 56.0985 50.1515 23.15
      vertex 55.9805 50.048 23.15
    endloop
  endfacet
  facet normal -0.555582 0.831462 0
    outer loop
      vertex 55.9805 50.048 23.15
      vertex 55.85 49.9608 26
      vertex 55.9805 50.048 26
    endloop
  endfacet
  facet normal -0.555582 0.831462 0
    outer loop
      vertex 55.85 49.9608 26
      vertex 55.9805 50.048 23.15
      vertex 55.85 49.9608 23.15
    endloop
  endfacet
  facet normal 0.321194 0.947013 -0
    outer loop
      vertex 54.9394 49.8409 23.15
      vertex 54.7908 49.8913 26
      vertex 54.9394 49.8409 26
    endloop
  endfacet
  facet normal 0.321194 0.947013 0
    outer loop
      vertex 54.7908 49.8913 26
      vertex 54.9394 49.8409 23.15
      vertex 54.7908 49.8913 23.15
    endloop
  endfacet
  facet normal 0.194891 0.980825 -0
    outer loop
      vertex 55.0934 49.8103 23.15
      vertex 54.9394 49.8409 26
      vertex 55.0934 49.8103 26
    endloop
  endfacet
  facet normal 0.194891 0.980825 0
    outer loop
      vertex 54.9394 49.8409 26
      vertex 55.0934 49.8103 23.15
      vertex 54.9394 49.8409 23.15
    endloop
  endfacet
  facet normal 0.751787 0.659406 0
    outer loop
      vertex 54.4015 50.1515 26
      vertex 54.298 50.2695 23.15
      vertex 54.298 50.2695 26
    endloop
  endfacet
  facet normal 0.751787 0.659406 0
    outer loop
      vertex 54.298 50.2695 23.15
      vertex 54.4015 50.1515 26
      vertex 54.4015 50.1515 23.15
    endloop
  endfacet
  facet normal 0.947013 0.321194 0
    outer loop
      vertex 54.1413 50.5408 26
      vertex 54.0909 50.6894 23.15
      vertex 54.0909 50.6894 26
    endloop
  endfacet
  facet normal 0.947013 0.321194 0
    outer loop
      vertex 54.0909 50.6894 23.15
      vertex 54.1413 50.5408 26
      vertex 54.1413 50.5408 23.15
    endloop
  endfacet
  facet normal 0.980825 0.194891 0
    outer loop
      vertex 54.0909 50.6894 26
      vertex 54.0603 50.8434 23.15
      vertex 54.0603 50.8434 26
    endloop
  endfacet
  facet normal 0.980825 0.194891 0
    outer loop
      vertex 54.0603 50.8434 23.15
      vertex 54.0909 50.6894 26
      vertex 54.0909 50.6894 23.15
    endloop
  endfacet
  facet normal 0.555582 0.831462 -0
    outer loop
      vertex 54.65 49.9608 23.15
      vertex 54.5195 50.048 26
      vertex 54.65 49.9608 26
    endloop
  endfacet
  facet normal 0.555582 0.831462 0
    outer loop
      vertex 54.5195 50.048 26
      vertex 54.65 49.9608 23.15
      vertex 54.5195 50.048 23.15
    endloop
  endfacet
  facet normal 0.442622 0.896708 -0
    outer loop
      vertex 54.7908 49.8913 23.15
      vertex 54.65 49.9608 26
      vertex 54.7908 49.8913 26
    endloop
  endfacet
  facet normal 0.442622 0.896708 0
    outer loop
      vertex 54.65 49.9608 26
      vertex 54.7908 49.8913 23.15
      vertex 54.65 49.9608 23.15
    endloop
  endfacet
  facet normal 0.0656309 0.997844 -0
    outer loop
      vertex 55.25 49.8 23.15
      vertex 55.0934 49.8103 26
      vertex 55.25 49.8 26
    endloop
  endfacet
  facet normal 0.0656309 0.997844 0
    outer loop
      vertex 55.0934 49.8103 26
      vertex 55.25 49.8 23.15
      vertex 55.0934 49.8103 23.15
    endloop
  endfacet
  facet normal -0.997844 -0.0656309 0
    outer loop
      vertex 56.45 67 23.15
      vertex 56.4397 67.1566 26
      vertex 56.4397 67.1566 23.15
    endloop
  endfacet
  facet normal -0.997844 -0.0656309 0
    outer loop
      vertex 56.4397 67.1566 26
      vertex 56.45 67 23.15
      vertex 56.45 67 26
    endloop
  endfacet
  facet normal 0.0656309 -0.997844 0
    outer loop
      vertex 55.0934 68.1897 23.15
      vertex 55.25 68.2 26
      vertex 55.0934 68.1897 26
    endloop
  endfacet
  facet normal 0.0656309 -0.997844 0
    outer loop
      vertex 55.25 68.2 26
      vertex 55.0934 68.1897 23.15
      vertex 55.25 68.2 23.15
    endloop
  endfacet
  facet normal -0.0656309 0.997844 0
    outer loop
      vertex 55.4066 65.8103 23.15
      vertex 55.25 65.8 26
      vertex 55.4066 65.8103 26
    endloop
  endfacet
  facet normal -0.0656309 0.997844 0
    outer loop
      vertex 55.25 65.8 26
      vertex 55.4066 65.8103 23.15
      vertex 55.25 65.8 23.15
    endloop
  endfacet
  facet normal -0.659406 -0.751787 0
    outer loop
      vertex 55.9805 67.952 23.15
      vertex 56.0985 67.8485 26
      vertex 55.9805 67.952 26
    endloop
  endfacet
  facet normal -0.659406 -0.751787 -0
    outer loop
      vertex 56.0985 67.8485 26
      vertex 55.9805 67.952 23.15
      vertex 56.0985 67.8485 23.15
    endloop
  endfacet
  facet normal 0.751787 -0.659406 0
    outer loop
      vertex 54.298 67.7305 26
      vertex 54.4015 67.8485 23.15
      vertex 54.4015 67.8485 26
    endloop
  endfacet
  facet normal 0.751787 -0.659406 0
    outer loop
      vertex 54.4015 67.8485 23.15
      vertex 54.298 67.7305 26
      vertex 54.298 67.7305 23.15
    endloop
  endfacet
  facet normal 0.442622 -0.896708 0
    outer loop
      vertex 54.65 68.0392 23.15
      vertex 54.7908 68.1087 26
      vertex 54.65 68.0392 26
    endloop
  endfacet
  facet normal 0.442622 -0.896708 0
    outer loop
      vertex 54.7908 68.1087 26
      vertex 54.65 68.0392 23.15
      vertex 54.7908 68.1087 23.15
    endloop
  endfacet
  facet normal -0.896708 -0.442622 0
    outer loop
      vertex 56.3587 67.4592 23.15
      vertex 56.2892 67.6 26
      vertex 56.2892 67.6 23.15
    endloop
  endfacet
  facet normal -0.896708 -0.442622 0
    outer loop
      vertex 56.2892 67.6 26
      vertex 56.3587 67.4592 23.15
      vertex 56.3587 67.4592 26
    endloop
  endfacet
  facet normal -0.321194 -0.947013 0
    outer loop
      vertex 55.5606 68.1591 23.15
      vertex 55.7092 68.1087 26
      vertex 55.5606 68.1591 26
    endloop
  endfacet
  facet normal -0.321194 -0.947013 -0
    outer loop
      vertex 55.7092 68.1087 26
      vertex 55.5606 68.1591 23.15
      vertex 55.7092 68.1087 23.15
    endloop
  endfacet
  facet normal -0.194891 -0.980825 0
    outer loop
      vertex 55.4066 68.1897 23.15
      vertex 55.5606 68.1591 26
      vertex 55.4066 68.1897 26
    endloop
  endfacet
  facet normal -0.194891 -0.980825 -0
    outer loop
      vertex 55.5606 68.1591 26
      vertex 55.4066 68.1897 23.15
      vertex 55.5606 68.1591 23.15
    endloop
  endfacet
  facet normal -0.442622 -0.896708 0
    outer loop
      vertex 55.7092 68.1087 23.15
      vertex 55.85 68.0392 26
      vertex 55.7092 68.1087 26
    endloop
  endfacet
  facet normal -0.442622 -0.896708 -0
    outer loop
      vertex 55.85 68.0392 26
      vertex 55.7092 68.1087 23.15
      vertex 55.85 68.0392 23.15
    endloop
  endfacet
  facet normal 0.947013 -0.321194 0
    outer loop
      vertex 54.0909 67.3106 26
      vertex 54.1413 67.4592 23.15
      vertex 54.1413 67.4592 26
    endloop
  endfacet
  facet normal 0.947013 -0.321194 0
    outer loop
      vertex 54.1413 67.4592 23.15
      vertex 54.0909 67.3106 26
      vertex 54.0909 67.3106 23.15
    endloop
  endfacet
  facet normal 0.896708 -0.442622 0
    outer loop
      vertex 54.1413 67.4592 26
      vertex 54.2108 67.6 23.15
      vertex 54.2108 67.6 26
    endloop
  endfacet
  facet normal 0.896708 -0.442622 0
    outer loop
      vertex 54.2108 67.6 23.15
      vertex 54.1413 67.4592 26
      vertex 54.1413 67.4592 23.15
    endloop
  endfacet
  facet normal 0.980825 -0.194891 0
    outer loop
      vertex 54.0603 67.1566 26
      vertex 54.0909 67.3106 23.15
      vertex 54.0909 67.3106 26
    endloop
  endfacet
  facet normal 0.980825 -0.194891 0
    outer loop
      vertex 54.0909 67.3106 23.15
      vertex 54.0603 67.1566 26
      vertex 54.0603 67.1566 23.15
    endloop
  endfacet
  facet normal 0.659406 -0.751787 0
    outer loop
      vertex 54.4015 67.8485 23.15
      vertex 54.5195 67.952 26
      vertex 54.4015 67.8485 26
    endloop
  endfacet
  facet normal 0.659406 -0.751787 0
    outer loop
      vertex 54.5195 67.952 26
      vertex 54.4015 67.8485 23.15
      vertex 54.5195 67.952 23.15
    endloop
  endfacet
  facet normal 0.321194 -0.947013 0
    outer loop
      vertex 54.7908 68.1087 23.15
      vertex 54.9394 68.1591 26
      vertex 54.7908 68.1087 26
    endloop
  endfacet
  facet normal 0.321194 -0.947013 0
    outer loop
      vertex 54.9394 68.1591 26
      vertex 54.7908 68.1087 23.15
      vertex 54.9394 68.1591 23.15
    endloop
  endfacet
  facet normal -0.194891 0.980825 0
    outer loop
      vertex 55.5606 65.8409 23.15
      vertex 55.4066 65.8103 26
      vertex 55.5606 65.8409 26
    endloop
  endfacet
  facet normal -0.194891 0.980825 0
    outer loop
      vertex 55.4066 65.8103 26
      vertex 55.5606 65.8409 23.15
      vertex 55.4066 65.8103 23.15
    endloop
  endfacet
  facet normal -0.947013 -0.321194 0
    outer loop
      vertex 56.4091 67.3106 23.15
      vertex 56.3587 67.4592 26
      vertex 56.3587 67.4592 23.15
    endloop
  endfacet
  facet normal -0.947013 -0.321194 0
    outer loop
      vertex 56.3587 67.4592 26
      vertex 56.4091 67.3106 23.15
      vertex 56.4091 67.3106 26
    endloop
  endfacet
  facet normal -0.980825 -0.194891 0
    outer loop
      vertex 56.4397 67.1566 23.15
      vertex 56.4091 67.3106 26
      vertex 56.4091 67.3106 23.15
    endloop
  endfacet
  facet normal -0.980825 -0.194891 0
    outer loop
      vertex 56.4091 67.3106 26
      vertex 56.4397 67.1566 23.15
      vertex 56.4397 67.1566 26
    endloop
  endfacet
  facet normal -0.751787 -0.659406 0
    outer loop
      vertex 56.202 67.7305 23.15
      vertex 56.0985 67.8485 26
      vertex 56.0985 67.8485 23.15
    endloop
  endfacet
  facet normal -0.751787 -0.659406 0
    outer loop
      vertex 56.0985 67.8485 26
      vertex 56.202 67.7305 23.15
      vertex 56.202 67.7305 26
    endloop
  endfacet
  facet normal -0.831462 -0.555582 0
    outer loop
      vertex 56.2892 67.6 23.15
      vertex 56.202 67.7305 26
      vertex 56.202 67.7305 23.15
    endloop
  endfacet
  facet normal -0.831462 -0.555582 0
    outer loop
      vertex 56.202 67.7305 26
      vertex 56.2892 67.6 23.15
      vertex 56.2892 67.6 26
    endloop
  endfacet
  facet normal -0.0656309 -0.997844 0
    outer loop
      vertex 55.25 68.2 23.15
      vertex 55.4066 68.1897 26
      vertex 55.25 68.2 26
    endloop
  endfacet
  facet normal -0.0656309 -0.997844 -0
    outer loop
      vertex 55.4066 68.1897 26
      vertex 55.25 68.2 23.15
      vertex 55.4066 68.1897 23.15
    endloop
  endfacet
  facet normal -0.555582 -0.831462 0
    outer loop
      vertex 55.85 68.0392 23.15
      vertex 55.9805 67.952 26
      vertex 55.85 68.0392 26
    endloop
  endfacet
  facet normal -0.555582 -0.831462 -0
    outer loop
      vertex 55.9805 67.952 26
      vertex 55.85 68.0392 23.15
      vertex 55.9805 67.952 23.15
    endloop
  endfacet
  facet normal 0.997844 -0.0656309 0
    outer loop
      vertex 54.05 67 26
      vertex 54.0603 67.1566 23.15
      vertex 54.0603 67.1566 26
    endloop
  endfacet
  facet normal 0.997844 -0.0656309 0
    outer loop
      vertex 54.0603 67.1566 23.15
      vertex 54.05 67 26
      vertex 54.05 67 23.15
    endloop
  endfacet
  facet normal 0.194891 -0.980825 0
    outer loop
      vertex 54.9394 68.1591 23.15
      vertex 55.0934 68.1897 26
      vertex 54.9394 68.1591 26
    endloop
  endfacet
  facet normal 0.194891 -0.980825 0
    outer loop
      vertex 55.0934 68.1897 26
      vertex 54.9394 68.1591 23.15
      vertex 55.0934 68.1897 23.15
    endloop
  endfacet
  facet normal -0.997844 0.0656309 0
    outer loop
      vertex 56.4397 66.8434 23.15
      vertex 56.45 67 26
      vertex 56.45 67 23.15
    endloop
  endfacet
  facet normal -0.997844 0.0656309 0
    outer loop
      vertex 56.45 67 26
      vertex 56.4397 66.8434 23.15
      vertex 56.4397 66.8434 26
    endloop
  endfacet
  facet normal -0.751787 0.659406 0
    outer loop
      vertex 56.0985 66.1515 23.15
      vertex 56.202 66.2695 26
      vertex 56.202 66.2695 23.15
    endloop
  endfacet
  facet normal -0.751787 0.659406 0
    outer loop
      vertex 56.202 66.2695 26
      vertex 56.0985 66.1515 23.15
      vertex 56.0985 66.1515 26
    endloop
  endfacet
  facet normal -0.947013 0.321194 0
    outer loop
      vertex 56.3587 66.5408 23.15
      vertex 56.4091 66.6894 26
      vertex 56.4091 66.6894 23.15
    endloop
  endfacet
  facet normal -0.947013 0.321194 0
    outer loop
      vertex 56.4091 66.6894 26
      vertex 56.3587 66.5408 23.15
      vertex 56.3587 66.5408 26
    endloop
  endfacet
  facet normal -0.980825 0.194891 0
    outer loop
      vertex 56.4091 66.6894 23.15
      vertex 56.4397 66.8434 26
      vertex 56.4397 66.8434 23.15
    endloop
  endfacet
  facet normal -0.980825 0.194891 0
    outer loop
      vertex 56.4397 66.8434 26
      vertex 56.4091 66.6894 23.15
      vertex 56.4091 66.6894 26
    endloop
  endfacet
  facet normal -0.442622 0.896708 0
    outer loop
      vertex 55.85 65.9608 23.15
      vertex 55.7092 65.8913 26
      vertex 55.85 65.9608 26
    endloop
  endfacet
  facet normal -0.442622 0.896708 0
    outer loop
      vertex 55.7092 65.8913 26
      vertex 55.85 65.9608 23.15
      vertex 55.7092 65.8913 23.15
    endloop
  endfacet
  facet normal 0.831462 -0.555582 0
    outer loop
      vertex 54.2108 67.6 26
      vertex 54.298 67.7305 23.15
      vertex 54.298 67.7305 26
    endloop
  endfacet
  facet normal 0.831462 -0.555582 0
    outer loop
      vertex 54.298 67.7305 23.15
      vertex 54.2108 67.6 26
      vertex 54.2108 67.6 23.15
    endloop
  endfacet
  facet normal 0.997844 0.0656309 0
    outer loop
      vertex 54.0603 66.8434 26
      vertex 54.05 67 23.15
      vertex 54.05 67 26
    endloop
  endfacet
  facet normal 0.997844 0.0656309 0
    outer loop
      vertex 54.05 67 23.15
      vertex 54.0603 66.8434 26
      vertex 54.0603 66.8434 23.15
    endloop
  endfacet
  facet normal 0.555582 -0.831462 0
    outer loop
      vertex 54.5195 67.952 23.15
      vertex 54.65 68.0392 26
      vertex 54.5195 67.952 26
    endloop
  endfacet
  facet normal 0.555582 -0.831462 0
    outer loop
      vertex 54.65 68.0392 26
      vertex 54.5195 67.952 23.15
      vertex 54.65 68.0392 23.15
    endloop
  endfacet
  facet normal -0.831462 0.555582 0
    outer loop
      vertex 56.202 66.2695 23.15
      vertex 56.2892 66.4 26
      vertex 56.2892 66.4 23.15
    endloop
  endfacet
  facet normal -0.831462 0.555582 0
    outer loop
      vertex 56.2892 66.4 26
      vertex 56.202 66.2695 23.15
      vertex 56.202 66.2695 26
    endloop
  endfacet
  facet normal -0.555582 0.831462 0
    outer loop
      vertex 55.9805 66.048 23.15
      vertex 55.85 65.9608 26
      vertex 55.9805 66.048 26
    endloop
  endfacet
  facet normal -0.555582 0.831462 0
    outer loop
      vertex 55.85 65.9608 26
      vertex 55.9805 66.048 23.15
      vertex 55.85 65.9608 23.15
    endloop
  endfacet
  facet normal 0.321194 0.947013 -0
    outer loop
      vertex 54.9394 65.8409 23.15
      vertex 54.7908 65.8913 26
      vertex 54.9394 65.8409 26
    endloop
  endfacet
  facet normal 0.321194 0.947013 0
    outer loop
      vertex 54.7908 65.8913 26
      vertex 54.9394 65.8409 23.15
      vertex 54.7908 65.8913 23.15
    endloop
  endfacet
  facet normal 0.659406 0.751787 -0
    outer loop
      vertex 54.5195 66.048 23.15
      vertex 54.4015 66.1515 26
      vertex 54.5195 66.048 26
    endloop
  endfacet
  facet normal 0.659406 0.751787 0
    outer loop
      vertex 54.4015 66.1515 26
      vertex 54.5195 66.048 23.15
      vertex 54.4015 66.1515 23.15
    endloop
  endfacet
  facet normal 0.831462 0.555582 0
    outer loop
      vertex 54.298 66.2695 26
      vertex 54.2108 66.4 23.15
      vertex 54.2108 66.4 26
    endloop
  endfacet
  facet normal 0.831462 0.555582 0
    outer loop
      vertex 54.2108 66.4 23.15
      vertex 54.298 66.2695 26
      vertex 54.298 66.2695 23.15
    endloop
  endfacet
  facet normal 0.896708 0.442622 0
    outer loop
      vertex 54.2108 66.4 26
      vertex 54.1413 66.5408 23.15
      vertex 54.1413 66.5408 26
    endloop
  endfacet
  facet normal 0.896708 0.442622 0
    outer loop
      vertex 54.1413 66.5408 23.15
      vertex 54.2108 66.4 26
      vertex 54.2108 66.4 23.15
    endloop
  endfacet
  facet normal 0.980825 0.194891 0
    outer loop
      vertex 54.0909 66.6894 26
      vertex 54.0603 66.8434 23.15
      vertex 54.0603 66.8434 26
    endloop
  endfacet
  facet normal 0.980825 0.194891 0
    outer loop
      vertex 54.0603 66.8434 23.15
      vertex 54.0909 66.6894 26
      vertex 54.0909 66.6894 23.15
    endloop
  endfacet
  facet normal -0.321194 0.947013 0
    outer loop
      vertex 55.7092 65.8913 23.15
      vertex 55.5606 65.8409 26
      vertex 55.7092 65.8913 26
    endloop
  endfacet
  facet normal -0.321194 0.947013 0
    outer loop
      vertex 55.5606 65.8409 26
      vertex 55.7092 65.8913 23.15
      vertex 55.5606 65.8409 23.15
    endloop
  endfacet
  facet normal -0.896708 0.442622 0
    outer loop
      vertex 56.2892 66.4 23.15
      vertex 56.3587 66.5408 26
      vertex 56.3587 66.5408 23.15
    endloop
  endfacet
  facet normal -0.896708 0.442622 0
    outer loop
      vertex 56.3587 66.5408 26
      vertex 56.2892 66.4 23.15
      vertex 56.2892 66.4 26
    endloop
  endfacet
  facet normal -0.659406 0.751787 0
    outer loop
      vertex 56.0985 66.1515 23.15
      vertex 55.9805 66.048 26
      vertex 56.0985 66.1515 26
    endloop
  endfacet
  facet normal -0.659406 0.751787 0
    outer loop
      vertex 55.9805 66.048 26
      vertex 56.0985 66.1515 23.15
      vertex 55.9805 66.048 23.15
    endloop
  endfacet
  facet normal 0.194891 0.980825 -0
    outer loop
      vertex 55.0934 65.8103 23.15
      vertex 54.9394 65.8409 26
      vertex 55.0934 65.8103 26
    endloop
  endfacet
  facet normal 0.194891 0.980825 0
    outer loop
      vertex 54.9394 65.8409 26
      vertex 55.0934 65.8103 23.15
      vertex 54.9394 65.8409 23.15
    endloop
  endfacet
  facet normal 0.751787 0.659406 0
    outer loop
      vertex 54.4015 66.1515 26
      vertex 54.298 66.2695 23.15
      vertex 54.298 66.2695 26
    endloop
  endfacet
  facet normal 0.751787 0.659406 0
    outer loop
      vertex 54.298 66.2695 23.15
      vertex 54.4015 66.1515 26
      vertex 54.4015 66.1515 23.15
    endloop
  endfacet
  facet normal 0.947013 0.321194 0
    outer loop
      vertex 54.1413 66.5408 26
      vertex 54.0909 66.6894 23.15
      vertex 54.0909 66.6894 26
    endloop
  endfacet
  facet normal 0.947013 0.321194 0
    outer loop
      vertex 54.0909 66.6894 23.15
      vertex 54.1413 66.5408 26
      vertex 54.1413 66.5408 23.15
    endloop
  endfacet
  facet normal 0.555582 0.831462 -0
    outer loop
      vertex 54.65 65.9608 23.15
      vertex 54.5195 66.048 26
      vertex 54.65 65.9608 26
    endloop
  endfacet
  facet normal 0.555582 0.831462 0
    outer loop
      vertex 54.5195 66.048 26
      vertex 54.65 65.9608 23.15
      vertex 54.5195 66.048 23.15
    endloop
  endfacet
  facet normal 0.442622 0.896708 -0
    outer loop
      vertex 54.7908 65.8913 23.15
      vertex 54.65 65.9608 26
      vertex 54.7908 65.8913 26
    endloop
  endfacet
  facet normal 0.442622 0.896708 0
    outer loop
      vertex 54.65 65.9608 26
      vertex 54.7908 65.8913 23.15
      vertex 54.65 65.9608 23.15
    endloop
  endfacet
  facet normal 0.0656309 0.997844 -0
    outer loop
      vertex 55.25 65.8 23.15
      vertex 55.0934 65.8103 26
      vertex 55.25 65.8 26
    endloop
  endfacet
  facet normal 0.0656309 0.997844 0
    outer loop
      vertex 55.0934 65.8103 26
      vertex 55.25 65.8 23.15
      vertex 55.0934 65.8103 23.15
    endloop
  endfacet
  facet normal 1 -0 0
    outer loop
      vertex 50.8 54.1 26
      vertex 50.8 63.9 24
      vertex 50.8 63.9 26
    endloop
  endfacet
  facet normal 1 0 0
    outer loop
      vertex 50.8 63.9 24
      vertex 50.8 54.1 26
      vertex 50.8 54.1 24
    endloop
  endfacet
  facet normal 0 1 -0
    outer loop
      vertex 54.75 54.1 24
      vertex 50.8 54.1 26
      vertex 54.75 54.1 26
    endloop
  endfacet
  facet normal 0 1 0
    outer loop
      vertex 50.8 54.1 26
      vertex 54.75 54.1 24
      vertex 50.8 54.1 24
    endloop
  endfacet
  facet normal 0 -1 0
    outer loop
      vertex 50.8 63.9 24
      vertex 54.75 63.9 26
      vertex 50.8 63.9 26
    endloop
  endfacet
  facet normal 0 -1 -0
    outer loop
      vertex 54.75 63.9 26
      vertex 50.8 63.9 24
      vertex 54.75 63.9 24
    endloop
  endfacet
endsolid OpenSCAD_Model
