solid OpenSCAD_Model
  facet normal 0.975703 0.219095 0
    outer loop
      vertex 7.84628 1.56072 5
      vertex 7.76025 1.94384 0
      vertex 7.76025 1.94384 5
    endloop
  endfacet
  facet normal 0.975703 0.219095 0
    outer loop
      vertex 7.76025 1.94384 0
      vertex 7.84628 1.56072 5
      vertex 7.84628 1.56072 0
    endloop
  endfacet
  facet normal 0.757209 0.653173 0
    outer loop
      vertex 6.18408 5.07515 5
      vertex 5.92761 5.37247 0
      vertex 5.92761 5.37247 5
    endloop
  endfacet
  facet normal 0.757209 0.653173 0
    outer loop
      vertex 5.92761 5.37247 0
      vertex 6.18408 5.07515 5
      vertex 6.18408 5.07515 0
    endloop
  endfacet
  facet normal 0.0735497 0.997292 -0
    outer loop
      vertex 0.784137 7.96148 0
      vertex 0.392541 7.99036 5
      vertex 0.784137 7.96148 5
    endloop
  endfacet
  facet normal 0.0735497 0.997292 0
    outer loop
      vertex 0.392541 7.99036 5
      vertex 0.784137 7.96148 0
      vertex 0.392541 7.99036 0
    endloop
  endfacet
  facet normal 0.449606 0.893227 -0
    outer loop
      vertex 3.77117 7.05537 0
      vertex 3.42044 7.23191 5
      vertex 3.77117 7.05537 5
    endloop
  endfacet
  facet normal 0.449606 0.893227 0
    outer loop
      vertex 3.42044 7.23191 5
      vertex 3.77117 7.05537 0
      vertex 3.42044 7.23191 0
    endloop
  endfacet
  facet normal -0.844856 0.534994 0
    outer loop
      vertex -6.86183 4.11282 0
      vertex -6.65176 4.44456 5
      vertex -6.65176 4.44456 0
    endloop
  endfacet
  facet normal -0.844856 0.534994 0
    outer loop
      vertex -6.65176 4.44456 5
      vertex -6.86183 4.11282 0
      vertex -6.86183 4.11282 5
    endloop
  endfacet
  facet normal -0.997292 0.0735497 0
    outer loop
      vertex -7.99036 0.392541 0
      vertex -7.96148 0.784137 5
      vertex -7.96148 0.784137 0
    endloop
  endfacet
  facet normal -0.997292 0.0735497 0
    outer loop
      vertex -7.96148 0.784137 5
      vertex -7.99036 0.392541 0
      vertex -7.99036 0.392541 5
    endloop
  endfacet
  facet normal -0.653173 0.757209 0
    outer loop
      vertex -5.07515 6.18408 0
      vertex -5.37247 5.92761 5
      vertex -5.07515 6.18408 5
    endloop
  endfacet
  facet normal -0.653173 0.757209 0
    outer loop
      vertex -5.37247 5.92761 5
      vertex -5.07515 6.18408 0
      vertex -5.37247 5.92761 0
    endloop
  endfacet
  facet normal -0.313682 0.949528 0
    outer loop
      vertex -2.32228 7.65552 0
      vertex -2.69512 7.53235 5
      vertex -2.32228 7.65552 5
    endloop
  endfacet
  facet normal -0.313682 0.949528 0
    outer loop
      vertex -2.69512 7.53235 5
      vertex -2.32228 7.65552 0
      vertex -2.69512 7.53235 0
    endloop
  endfacet
  facet normal 0.844856 -0.534994 0
    outer loop
      vertex 6.65176 -4.44456 5
      vertex 6.86183 -4.11282 0
      vertex 6.86183 -4.11282 5
    endloop
  endfacet
  facet normal 0.844856 -0.534994 0
    outer loop
      vertex 6.86183 -4.11282 0
      vertex 6.65176 -4.44456 5
      vertex 6.65176 -4.44456 0
    endloop
  endfacet
  facet normal 0.219095 -0.975703 0
    outer loop
      vertex 1.56072 -7.84628 0
      vertex 1.94384 -7.76025 5
      vertex 1.56072 -7.84628 5
    endloop
  endfacet
  facet normal 0.219095 -0.975703 0
    outer loop
      vertex 1.94384 -7.76025 5
      vertex 1.56072 -7.84628 0
      vertex 1.94384 -7.76025 0
    endloop
  endfacet
  facet normal 0.653173 -0.757209 0
    outer loop
      vertex 5.07515 -6.18408 0
      vertex 5.37247 -5.92761 5
      vertex 5.07515 -6.18408 5
    endloop
  endfacet
  facet normal 0.653173 -0.757209 0
    outer loop
      vertex 5.37247 -5.92761 5
      vertex 5.07515 -6.18408 0
      vertex 5.37247 -5.92761 0
    endloop
  endfacet
  facet normal 0.999699 -0.0245505 0
    outer loop
      vertex 7.99036 -0.392541 5
      vertex 8 0 0
      vertex 8 0 5
    endloop
  endfacet
  facet normal 0.999699 -0.0245505 0
    outer loop
      vertex 8 0 0
      vertex 7.99036 -0.392541 5
      vertex 7.99036 -0.392541 0
    endloop
  endfacet
  facet normal -0.35988 -0.932999 0
    outer loop
      vertex -3.06147 -7.39104 0
      vertex -2.69512 -7.53235 5
      vertex -3.06147 -7.39104 5
    endloop
  endfacet
  facet normal -0.35988 -0.932999 -0
    outer loop
      vertex -2.69512 -7.53235 5
      vertex -3.06147 -7.39104 0
      vertex -2.69512 -7.53235 0
    endloop
  endfacet
  facet normal 0.997292 0.0735497 0
    outer loop
      vertex 7.99036 0.392541 5
      vertex 7.96148 0.784137 0
      vertex 7.96148 0.784137 5
    endloop
  endfacet
  facet normal 0.997292 0.0735497 0
    outer loop
      vertex 7.96148 0.784137 0
      vertex 7.99036 0.392541 5
      vertex 7.99036 0.392541 0
    endloop
  endfacet
  facet normal 0.893227 0.449606 0
    outer loop
      vertex 7.23191 3.42044 5
      vertex 7.05537 3.77117 0
      vertex 7.05537 3.77117 5
    endloop
  endfacet
  facet normal 0.893227 0.449606 0
    outer loop
      vertex 7.05537 3.77117 0
      vertex 7.23191 3.42044 5
      vertex 7.23191 3.42044 0
    endloop
  endfacet
  facet normal 0.78835 0.615227 0
    outer loop
      vertex 6.42566 4.76559 5
      vertex 6.18408 5.07515 0
      vertex 6.18408 5.07515 5
    endloop
  endfacet
  facet normal 0.78835 0.615227 0
    outer loop
      vertex 6.18408 5.07515 0
      vertex 6.42566 4.76559 5
      vertex 6.42566 4.76559 0
    endloop
  endfacet
  facet normal 0.219095 0.975703 -0
    outer loop
      vertex 1.94384 7.76025 0
      vertex 1.56072 7.84628 5
      vertex 1.94384 7.76025 5
    endloop
  endfacet
  facet normal 0.219095 0.975703 0
    outer loop
      vertex 1.56072 7.84628 5
      vertex 1.94384 7.76025 0
      vertex 1.56072 7.84628 0
    endloop
  endfacet
  facet normal 0.122423 0.992478 -0
    outer loop
      vertex 1.17384 7.91341 0
      vertex 0.784137 7.96148 5
      vertex 1.17384 7.91341 5
    endloop
  endfacet
  facet normal 0.122423 0.992478 0
    outer loop
      vertex 0.784137 7.96148 5
      vertex 1.17384 7.91341 0
      vertex 0.784137 7.96148 0
    endloop
  endfacet
  facet normal 0.653173 0.757209 -0
    outer loop
      vertex 5.37247 5.92761 0
      vertex 5.07515 6.18408 5
      vertex 5.37247 5.92761 5
    endloop
  endfacet
  facet normal 0.653173 0.757209 0
    outer loop
      vertex 5.07515 6.18408 5
      vertex 5.37247 5.92761 0
      vertex 5.07515 6.18408 0
    endloop
  endfacet
  facet normal 0.492894 0.87009 -0
    outer loop
      vertex 4.11282 6.86183 0
      vertex 3.77117 7.05537 5
      vertex 4.11282 6.86183 5
    endloop
  endfacet
  facet normal 0.492894 0.87009 0
    outer loop
      vertex 3.77117 7.05537 5
      vertex 4.11282 6.86183 0
      vertex 3.77117 7.05537 0
    endloop
  endfacet
  facet normal -0.975703 0.219095 0
    outer loop
      vertex -7.84628 1.56072 0
      vertex -7.76025 1.94384 5
      vertex -7.76025 1.94384 0
    endloop
  endfacet
  facet normal -0.975703 0.219095 0
    outer loop
      vertex -7.76025 1.94384 5
      vertex -7.84628 1.56072 0
      vertex -7.84628 1.56072 5
    endloop
  endfacet
  facet normal -0.992478 0.122423 0
    outer loop
      vertex -7.96148 0.784137 0
      vertex -7.91341 1.17384 5
      vertex -7.91341 1.17384 0
    endloop
  endfacet
  facet normal -0.992478 0.122423 0
    outer loop
      vertex -7.91341 1.17384 5
      vertex -7.96148 0.784137 0
      vertex -7.96148 0.784137 5
    endloop
  endfacet
  facet normal -0.534994 0.844856 0
    outer loop
      vertex -4.11282 6.86183 0
      vertex -4.44456 6.65176 5
      vertex -4.11282 6.86183 5
    endloop
  endfacet
  facet normal -0.534994 0.844856 0
    outer loop
      vertex -4.44456 6.65176 5
      vertex -4.11282 6.86183 0
      vertex -4.44456 6.65176 0
    endloop
  endfacet
  facet normal -0.615227 0.78835 0
    outer loop
      vertex -4.76559 6.42566 0
      vertex -5.07515 6.18408 5
      vertex -4.76559 6.42566 5
    endloop
  endfacet
  facet normal -0.615227 0.78835 0
    outer loop
      vertex -5.07515 6.18408 5
      vertex -4.76559 6.42566 0
      vertex -5.07515 6.18408 0
    endloop
  endfacet
  facet normal -0.0735497 0.997292 0
    outer loop
      vertex -0.392541 7.99036 0
      vertex -0.784137 7.96148 5
      vertex -0.392541 7.99036 5
    endloop
  endfacet
  facet normal -0.0735497 0.997292 0
    outer loop
      vertex -0.784137 7.96148 5
      vertex -0.392541 7.99036 0
      vertex -0.784137 7.96148 0
    endloop
  endfacet
  facet normal -0.266716 0.963775 0
    outer loop
      vertex -1.94384 7.76025 0
      vertex -2.32228 7.65552 5
      vertex -1.94384 7.76025 5
    endloop
  endfacet
  facet normal -0.266716 0.963775 0
    outer loop
      vertex -2.32228 7.65552 5
      vertex -1.94384 7.76025 0
      vertex -2.32228 7.65552 0
    endloop
  endfacet
  facet normal -0.0735497 -0.997292 0
    outer loop
      vertex -0.784137 -7.96148 0
      vertex -0.392541 -7.99036 5
      vertex -0.784137 -7.96148 5
    endloop
  endfacet
  facet normal -0.0735497 -0.997292 -0
    outer loop
      vertex -0.392541 -7.99036 5
      vertex -0.784137 -7.96148 0
      vertex -0.392541 -7.99036 0
    endloop
  endfacet
  facet normal -0.914201 -0.405262 0
    outer loop
      vertex -7.23191 -3.42044 0
      vertex -7.39104 -3.06147 5
      vertex -7.39104 -3.06147 0
    endloop
  endfacet
  facet normal -0.914201 -0.405262 0
    outer loop
      vertex -7.39104 -3.06147 5
      vertex -7.23191 -3.42044 0
      vertex -7.23191 -3.42044 5
    endloop
  endfacet
  facet normal 0 0 -1
    outer loop
      vertex 2.5 0 0
      vertex 8 0 0
      vertex 7.99036 -0.392541 0
    endloop
  endfacet
  facet normal 0 0 -1
    outer loop
      vertex 2.49699 -0.122668 0
      vertex 7.99036 -0.392541 0
      vertex 7.96148 -0.784137 0
    endloop
  endfacet
  facet normal 0 0 -1
    outer loop
      vertex 8 0 0
      vertex 2.5 0 0
      vertex 7.99036 0.392541 0
    endloop
  endfacet
  facet normal 0 0 -1
    outer loop
      vertex 2.48796 -0.245043 0
      vertex 7.96148 -0.784137 0
      vertex 7.91341 -1.17384 0
    endloop
  endfacet
  facet normal 0 0 -1
    outer loop
      vertex 2.49699 0.122668 0
      vertex 7.99036 0.392541 0
      vertex 2.5 0 0
    endloop
  endfacet
  facet normal 0 0 -1
    outer loop
      vertex 2.47294 -0.366826 0
      vertex 7.91341 -1.17384 0
      vertex 7.84628 -1.56072 0
    endloop
  endfacet
  facet normal -0 0 -1
    outer loop
      vertex 7.99036 0.392541 0
      vertex 2.49699 0.122668 0
      vertex 7.96148 0.784137 0
    endloop
  endfacet
  facet normal 0 0 -1
    outer loop
      vertex 2.45196 -0.487725 0
      vertex 7.84628 -1.56072 0
      vertex 7.76025 -1.94384 0
    endloop
  endfacet
  facet normal 0 0 -1
    outer loop
      vertex 2.48796 0.245043 0
      vertex 7.96148 0.784137 0
      vertex 2.49699 0.122668 0
    endloop
  endfacet
  facet normal 0 0 -1
    outer loop
      vertex 2.42508 -0.60745 0
      vertex 7.76025 -1.94384 0
      vertex 7.65552 -2.32228 0
    endloop
  endfacet
  facet normal -0 0 -1
    outer loop
      vertex 7.96148 0.784137 0
      vertex 2.48796 0.245043 0
      vertex 7.91341 1.17384 0
    endloop
  endfacet
  facet normal 0 0 -1
    outer loop
      vertex 2.39235 -0.725711 0
      vertex 7.65552 -2.32228 0
      vertex 7.53235 -2.69512 0
    endloop
  endfacet
  facet normal 0 0 -1
    outer loop
      vertex 2.47294 0.366826 0
      vertex 7.91341 1.17384 0
      vertex 2.48796 0.245043 0
    endloop
  endfacet
  facet normal 0 0 -1
    outer loop
      vertex 2.35386 -0.842224 0
      vertex 7.53235 -2.69512 0
      vertex 7.39104 -3.06147 0
    endloop
  endfacet
  facet normal -0 0 -1
    outer loop
      vertex 7.91341 1.17384 0
      vertex 2.47294 0.366826 0
      vertex 7.84628 1.56072 0
    endloop
  endfacet
  facet normal 0 0 -1
    outer loop
      vertex 2.3097 -0.956708 0
      vertex 7.39104 -3.06147 0
      vertex 7.23191 -3.42044 0
    endloop
  endfacet
  facet normal 0 0 -1
    outer loop
      vertex 2.45196 0.487725 0
      vertex 7.84628 1.56072 0
      vertex 2.47294 0.366826 0
    endloop
  endfacet
  facet normal 0 0 -1
    outer loop
      vertex 2.25997 -1.06889 0
      vertex 7.23191 -3.42044 0
      vertex 7.05537 -3.77117 0
    endloop
  endfacet
  facet normal -0 0 -1
    outer loop
      vertex 7.84628 1.56072 0
      vertex 2.45196 0.487725 0
      vertex 7.76025 1.94384 0
    endloop
  endfacet
  facet normal 0 0 -1
    outer loop
      vertex 2.2048 -1.17849 0
      vertex 7.05537 -3.77117 0
      vertex 6.86183 -4.11282 0
    endloop
  endfacet
  facet normal 0 0 -1
    outer loop
      vertex 2.42508 0.60745 0
      vertex 7.76025 1.94384 0
      vertex 2.45196 0.487725 0
    endloop
  endfacet
  facet normal 0 0 -1
    outer loop
      vertex 2.14432 -1.28526 0
      vertex 6.86183 -4.11282 0
      vertex 6.65176 -4.44456 0
    endloop
  endfacet
  facet normal -0 0 -1
    outer loop
      vertex 7.76025 1.94384 0
      vertex 2.42508 0.60745 0
      vertex 7.65552 2.32228 0
    endloop
  endfacet
  facet normal 0 0 -1
    outer loop
      vertex 2.07867 -1.38893 0
      vertex 6.65176 -4.44456 0
      vertex 6.42566 -4.76559 0
    endloop
  endfacet
  facet normal 0 0 -1
    outer loop
      vertex 2.39235 0.725711 0
      vertex 7.65552 2.32228 0
      vertex 2.42508 0.60745 0
    endloop
  endfacet
  facet normal 0 0 -1
    outer loop
      vertex 2.00802 -1.48925 0
      vertex 6.42566 -4.76559 0
      vertex 6.18408 -5.07515 0
    endloop
  endfacet
  facet normal -0 0 -1
    outer loop
      vertex 7.65552 2.32228 0
      vertex 2.39235 0.725711 0
      vertex 7.53235 2.69512 0
    endloop
  endfacet
  facet normal 0 0 -1
    outer loop
      vertex 1.93253 -1.58598 0
      vertex 6.18408 -5.07515 0
      vertex 5.92761 -5.37247 0
    endloop
  endfacet
  facet normal 0 0 -1
    outer loop
      vertex 2.35386 0.842224 0
      vertex 7.53235 2.69512 0
      vertex 2.39235 0.725711 0
    endloop
  endfacet
  facet normal 0 0 -1
    outer loop
      vertex 1.85238 -1.6789 0
      vertex 5.92761 -5.37247 0
      vertex 5.65685 -5.65685 0
    endloop
  endfacet
  facet normal -0 0 -1
    outer loop
      vertex 7.53235 2.69512 0
      vertex 2.35386 0.842224 0
      vertex 7.39104 3.06147 0
    endloop
  endfacet
  facet normal 0 0 -1
    outer loop
      vertex 1.76777 -1.76777 0
      vertex 5.65685 -5.65685 0
      vertex 5.37247 -5.92761 0
    endloop
  endfacet
  facet normal 0 0 -1
    outer loop
      vertex 2.3097 0.956708 0
      vertex 7.39104 3.06147 0
      vertex 2.35386 0.842224 0
    endloop
  endfacet
  facet normal 0 0 -1
    outer loop
      vertex 1.6789 -1.85238 0
      vertex 5.37247 -5.92761 0
      vertex 5.07515 -6.18408 0
    endloop
  endfacet
  facet normal -0 0 -1
    outer loop
      vertex 7.39104 3.06147 0
      vertex 2.3097 0.956708 0
      vertex 7.23191 3.42044 0
    endloop
  endfacet
  facet normal 0 0 -1
    outer loop
      vertex 1.58598 -1.93253 0
      vertex 5.07515 -6.18408 0
      vertex 4.76559 -6.42566 0
    endloop
  endfacet
  facet normal 0 0 -1
    outer loop
      vertex 2.25997 1.06889 0
      vertex 7.23191 3.42044 0
      vertex 2.3097 0.956708 0
    endloop
  endfacet
  facet normal 0 0 -1
    outer loop
      vertex 1.48925 -2.00802 0
      vertex 4.76559 -6.42566 0
      vertex 4.44456 -6.65176 0
    endloop
  endfacet
  facet normal -0 0 -1
    outer loop
      vertex 7.23191 3.42044 0
      vertex 2.25997 1.06889 0
      vertex 7.05537 3.77117 0
    endloop
  endfacet
  facet normal 0 0 -1
    outer loop
      vertex 1.38893 -2.07867 0
      vertex 4.44456 -6.65176 0
      vertex 4.11282 -6.86183 0
    endloop
  endfacet
  facet normal 0 0 -1
    outer loop
      vertex 2.2048 1.17849 0
      vertex 7.05537 3.77117 0
      vertex 2.25997 1.06889 0
    endloop
  endfacet
  facet normal 0 0 -1
    outer loop
      vertex 1.28526 -2.14432 0
      vertex 4.11282 -6.86183 0
      vertex 3.77117 -7.05537 0
    endloop
  endfacet
  facet normal -0 0 -1
    outer loop
      vertex 7.05537 3.77117 0
      vertex 2.2048 1.17849 0
      vertex 6.86183 4.11282 0
    endloop
  endfacet
  facet normal 0 0 -1
    outer loop
      vertex 1.17849 -2.2048 0
      vertex 3.77117 -7.05537 0
      vertex 3.42044 -7.23191 0
    endloop
  endfacet
  facet normal 0 0 -1
    outer loop
      vertex 2.14432 1.28526 0
      vertex 6.86183 4.11282 0
      vertex 2.2048 1.17849 0
    endloop
  endfacet
  facet normal 0 0 -1
    outer loop
      vertex 1.06889 -2.25997 0
      vertex 3.42044 -7.23191 0
      vertex 3.06147 -7.39104 0
    endloop
  endfacet
  facet normal -0 0 -1
    outer loop
      vertex 6.86183 4.11282 0
      vertex 2.14432 1.28526 0
      vertex 6.65176 4.44456 0
    endloop
  endfacet
  facet normal 0 0 -1
    outer loop
      vertex 0.956708 -2.3097 0
      vertex 3.06147 -7.39104 0
      vertex 2.69512 -7.53235 0
    endloop
  endfacet
  facet normal 0 0 -1
    outer loop
      vertex 2.07867 1.38893 0
      vertex 6.65176 4.44456 0
      vertex 2.14432 1.28526 0
    endloop
  endfacet
  facet normal -0 0 -1
    outer loop
      vertex 6.65176 4.44456 0
      vertex 2.07867 1.38893 0
      vertex 6.42566 4.76559 0
    endloop
  endfacet
  facet normal 0 0 -1
    outer loop
      vertex 7.99036 -0.392541 0
      vertex 2.49699 -0.122668 0
      vertex 2.5 0 0
    endloop
  endfacet
  facet normal 0 0 -1
    outer loop
      vertex 7.96148 -0.784137 0
      vertex 2.48796 -0.245043 0
      vertex 2.49699 -0.122668 0
    endloop
  endfacet
  facet normal 0 0 -1
    outer loop
      vertex 7.91341 -1.17384 0
      vertex 2.47294 -0.366826 0
      vertex 2.48796 -0.245043 0
    endloop
  endfacet
  facet normal 0 0 -1
    outer loop
      vertex 7.84628 -1.56072 0
      vertex 2.45196 -0.487725 0
      vertex 2.47294 -0.366826 0
    endloop
  endfacet
  facet normal 0 0 -1
    outer loop
      vertex 7.76025 -1.94384 0
      vertex 2.42508 -0.60745 0
      vertex 2.45196 -0.487725 0
    endloop
  endfacet
  facet normal 0 0 -1
    outer loop
      vertex 7.65552 -2.32228 0
      vertex 2.39235 -0.725711 0
      vertex 2.42508 -0.60745 0
    endloop
  endfacet
  facet normal 0 0 -1
    outer loop
      vertex 7.53235 -2.69512 0
      vertex 2.35386 -0.842224 0
      vertex 2.39235 -0.725711 0
    endloop
  endfacet
  facet normal 0 0 -1
    outer loop
      vertex 0.842224 -2.35386 0
      vertex 2.69512 -7.53235 0
      vertex 2.32228 -7.65552 0
    endloop
  endfacet
  facet normal 0 0 -1
    outer loop
      vertex 7.39104 -3.06147 0
      vertex 2.3097 -0.956708 0
      vertex 2.35386 -0.842224 0
    endloop
  endfacet
  facet normal 0 0 -1
    outer loop
      vertex 7.23191 -3.42044 0
      vertex 2.25997 -1.06889 0
      vertex 2.3097 -0.956708 0
    endloop
  endfacet
  facet normal 0 0 -1
    outer loop
      vertex 7.05537 -3.77117 0
      vertex 2.2048 -1.17849 0
      vertex 2.25997 -1.06889 0
    endloop
  endfacet
  facet normal 0 0 -1
    outer loop
      vertex 6.86183 -4.11282 0
      vertex 2.14432 -1.28526 0
      vertex 2.2048 -1.17849 0
    endloop
  endfacet
  facet normal 0 0 -1
    outer loop
      vertex 6.65176 -4.44456 0
      vertex 2.07867 -1.38893 0
      vertex 2.14432 -1.28526 0
    endloop
  endfacet
  facet normal 0 0 -1
    outer loop
      vertex 6.42566 -4.76559 0
      vertex 2.00802 -1.48925 0
      vertex 2.07867 -1.38893 0
    endloop
  endfacet
  facet normal 0 0 -1
    outer loop
      vertex 0.725711 -2.39235 0
      vertex 2.32228 -7.65552 0
      vertex 1.94384 -7.76025 0
    endloop
  endfacet
  facet normal 0 0 -1
    outer loop
      vertex 6.18408 -5.07515 0
      vertex 1.93253 -1.58598 0
      vertex 2.00802 -1.48925 0
    endloop
  endfacet
  facet normal 0 0 -1
    outer loop
      vertex 5.92761 -5.37247 0
      vertex 1.85238 -1.6789 0
      vertex 1.93253 -1.58598 0
    endloop
  endfacet
  facet normal 0 0 -1
    outer loop
      vertex 5.65685 -5.65685 0
      vertex 1.76777 -1.76777 0
      vertex 1.85238 -1.6789 0
    endloop
  endfacet
  facet normal 0 0 -1
    outer loop
      vertex 5.37247 -5.92761 0
      vertex 1.6789 -1.85238 0
      vertex 1.76777 -1.76777 0
    endloop
  endfacet
  facet normal 0 0 -1
    outer loop
      vertex 5.07515 -6.18408 0
      vertex 1.58598 -1.93253 0
      vertex 1.6789 -1.85238 0
    endloop
  endfacet
  facet normal 0 0 -1
    outer loop
      vertex 0.60745 -2.42508 0
      vertex 1.94384 -7.76025 0
      vertex 1.56072 -7.84628 0
    endloop
  endfacet
  facet normal 0 0 -1
    outer loop
      vertex 4.76559 -6.42566 0
      vertex 1.48925 -2.00802 0
      vertex 1.58598 -1.93253 0
    endloop
  endfacet
  facet normal 0 0 -1
    outer loop
      vertex 4.44456 -6.65176 0
      vertex 1.38893 -2.07867 0
      vertex 1.48925 -2.00802 0
    endloop
  endfacet
  facet normal 0 0 -1
    outer loop
      vertex 4.11282 -6.86183 0
      vertex 1.28526 -2.14432 0
      vertex 1.38893 -2.07867 0
    endloop
  endfacet
  facet normal 0 0 -1
    outer loop
      vertex 3.77117 -7.05537 0
      vertex 1.17849 -2.2048 0
      vertex 1.28526 -2.14432 0
    endloop
  endfacet
  facet normal 0 0 -1
    outer loop
      vertex 0.487725 -2.45196 0
      vertex 1.56072 -7.84628 0
      vertex 1.17384 -7.91341 0
    endloop
  endfacet
  facet normal 0 0 -1
    outer loop
      vertex 3.42044 -7.23191 0
      vertex 1.06889 -2.25997 0
      vertex 1.17849 -2.2048 0
    endloop
  endfacet
  facet normal 0 0 -1
    outer loop
      vertex 3.06147 -7.39104 0
      vertex 0.956708 -2.3097 0
      vertex 1.06889 -2.25997 0
    endloop
  endfacet
  facet normal 0 0 -1
    outer loop
      vertex 2.69512 -7.53235 0
      vertex 0.842224 -2.35386 0
      vertex 0.956708 -2.3097 0
    endloop
  endfacet
  facet normal 0 0 -1
    outer loop
      vertex 0.366826 -2.47294 0
      vertex 1.17384 -7.91341 0
      vertex 0.784137 -7.96148 0
    endloop
  endfacet
  facet normal 0 0 -1
    outer loop
      vertex 2.32228 -7.65552 0
      vertex 0.725711 -2.39235 0
      vertex 0.842224 -2.35386 0
    endloop
  endfacet
  facet normal 0 0 -1
    outer loop
      vertex 1.94384 -7.76025 0
      vertex 0.60745 -2.42508 0
      vertex 0.725711 -2.39235 0
    endloop
  endfacet
  facet normal 0 0 -1
    outer loop
      vertex 1.56072 -7.84628 0
      vertex 0.487725 -2.45196 0
      vertex 0.60745 -2.42508 0
    endloop
  endfacet
  facet normal 0 0 -1
    outer loop
      vertex 0.245043 -2.48796 0
      vertex 0.784137 -7.96148 0
      vertex 0.392541 -7.99036 0
    endloop
  endfacet
  facet normal 0 0 -1
    outer loop
      vertex 1.17384 -7.91341 0
      vertex 0.366826 -2.47294 0
      vertex 0.487725 -2.45196 0
    endloop
  endfacet
  facet normal 0 0 -1
    outer loop
      vertex 0.784137 -7.96148 0
      vertex 0.245043 -2.48796 0
      vertex 0.366826 -2.47294 0
    endloop
  endfacet
  facet normal 0 0 -1
    outer loop
      vertex 0.392541 -7.99036 0
      vertex 0.122668 -2.49699 0
      vertex 0.245043 -2.48796 0
    endloop
  endfacet
  facet normal 0 0 -1
    outer loop
      vertex 0 -8 0
      vertex 0.122668 -2.49699 0
      vertex 0.392541 -7.99036 0
    endloop
  endfacet
  facet normal 0 0 -1
    outer loop
      vertex 0 -8 0
      vertex 0 -2.5 0
      vertex 0.122668 -2.49699 0
    endloop
  endfacet
  facet normal 0 0 -1
    outer loop
      vertex 0 -8 0
      vertex -0.122668 -2.49699 0
      vertex 0 -2.5 0
    endloop
  endfacet
  facet normal 0 0 -1
    outer loop
      vertex -0.392541 -7.99036 0
      vertex -0.122668 -2.49699 0
      vertex 0 -8 0
    endloop
  endfacet
  facet normal -0 0 -1
    outer loop
      vertex -0.122668 -2.49699 0
      vertex -0.392541 -7.99036 0
      vertex -0.245043 -2.48796 0
    endloop
  endfacet
  facet normal 0 0 -1
    outer loop
      vertex -0.784137 -7.96148 0
      vertex -0.245043 -2.48796 0
      vertex -0.392541 -7.99036 0
    endloop
  endfacet
  facet normal -0 0 -1
    outer loop
      vertex -0.245043 -2.48796 0
      vertex -0.784137 -7.96148 0
      vertex -0.366826 -2.47294 0
    endloop
  endfacet
  facet normal 0 0 -1
    outer loop
      vertex -1.17384 -7.91341 0
      vertex -0.366826 -2.47294 0
      vertex -0.784137 -7.96148 0
    endloop
  endfacet
  facet normal -0 0 -1
    outer loop
      vertex -0.366826 -2.47294 0
      vertex -1.17384 -7.91341 0
      vertex -0.487725 -2.45196 0
    endloop
  endfacet
  facet normal 0 0 -1
    outer loop
      vertex -1.56072 -7.84628 0
      vertex -0.487725 -2.45196 0
      vertex -1.17384 -7.91341 0
    endloop
  endfacet
  facet normal -0 0 -1
    outer loop
      vertex -0.487725 -2.45196 0
      vertex -1.56072 -7.84628 0
      vertex -0.60745 -2.42508 0
    endloop
  endfacet
  facet normal 0 0 -1
    outer loop
      vertex -1.94384 -7.76025 0
      vertex -0.60745 -2.42508 0
      vertex -1.56072 -7.84628 0
    endloop
  endfacet
  facet normal -0 0 -1
    outer loop
      vertex -0.60745 -2.42508 0
      vertex -1.94384 -7.76025 0
      vertex -0.725711 -2.39235 0
    endloop
  endfacet
  facet normal 0 0 -1
    outer loop
      vertex -2.32228 -7.65552 0
      vertex -0.725711 -2.39235 0
      vertex -1.94384 -7.76025 0
    endloop
  endfacet
  facet normal -0 0 -1
    outer loop
      vertex -0.725711 -2.39235 0
      vertex -2.32228 -7.65552 0
      vertex -0.842224 -2.35386 0
    endloop
  endfacet
  facet normal 0 0 -1
    outer loop
      vertex -2.69512 -7.53235 0
      vertex -0.842224 -2.35386 0
      vertex -2.32228 -7.65552 0
    endloop
  endfacet
  facet normal -0 0 -1
    outer loop
      vertex -0.842224 -2.35386 0
      vertex -2.69512 -7.53235 0
      vertex -0.956708 -2.3097 0
    endloop
  endfacet
  facet normal 0 0 -1
    outer loop
      vertex -3.06147 -7.39104 0
      vertex -0.956708 -2.3097 0
      vertex -2.69512 -7.53235 0
    endloop
  endfacet
  facet normal -0 0 -1
    outer loop
      vertex -0.956708 -2.3097 0
      vertex -3.06147 -7.39104 0
      vertex -1.06889 -2.25997 0
    endloop
  endfacet
  facet normal 0 0 -1
    outer loop
      vertex -3.42044 -7.23191 0
      vertex -1.06889 -2.25997 0
      vertex -3.06147 -7.39104 0
    endloop
  endfacet
  facet normal -0 0 -1
    outer loop
      vertex -1.06889 -2.25997 0
      vertex -3.42044 -7.23191 0
      vertex -1.17849 -2.2048 0
    endloop
  endfacet
  facet normal 0 0 -1
    outer loop
      vertex -3.77117 -7.05537 0
      vertex -1.17849 -2.2048 0
      vertex -3.42044 -7.23191 0
    endloop
  endfacet
  facet normal -0 0 -1
    outer loop
      vertex -1.17849 -2.2048 0
      vertex -3.77117 -7.05537 0
      vertex -1.28526 -2.14432 0
    endloop
  endfacet
  facet normal 0 0 -1
    outer loop
      vertex -4.11282 -6.86183 0
      vertex -1.28526 -2.14432 0
      vertex -3.77117 -7.05537 0
    endloop
  endfacet
  facet normal -0 0 -1
    outer loop
      vertex -1.28526 -2.14432 0
      vertex -4.11282 -6.86183 0
      vertex -1.38893 -2.07867 0
    endloop
  endfacet
  facet normal 0 0 -1
    outer loop
      vertex -4.44456 -6.65176 0
      vertex -1.38893 -2.07867 0
      vertex -4.11282 -6.86183 0
    endloop
  endfacet
  facet normal -0 0 -1
    outer loop
      vertex -1.38893 -2.07867 0
      vertex -4.44456 -6.65176 0
      vertex -1.48925 -2.00802 0
    endloop
  endfacet
  facet normal 0 0 -1
    outer loop
      vertex -4.76559 -6.42566 0
      vertex -1.48925 -2.00802 0
      vertex -4.44456 -6.65176 0
    endloop
  endfacet
  facet normal -0 0 -1
    outer loop
      vertex -1.48925 -2.00802 0
      vertex -4.76559 -6.42566 0
      vertex -1.58598 -1.93253 0
    endloop
  endfacet
  facet normal 0 0 -1
    outer loop
      vertex -5.07515 -6.18408 0
      vertex -1.58598 -1.93253 0
      vertex -4.76559 -6.42566 0
    endloop
  endfacet
  facet normal -0 0 -1
    outer loop
      vertex -1.58598 -1.93253 0
      vertex -5.07515 -6.18408 0
      vertex -1.6789 -1.85238 0
    endloop
  endfacet
  facet normal 0 0 -1
    outer loop
      vertex -5.37247 -5.92761 0
      vertex -1.6789 -1.85238 0
      vertex -5.07515 -6.18408 0
    endloop
  endfacet
  facet normal -0 0 -1
    outer loop
      vertex -1.6789 -1.85238 0
      vertex -5.37247 -5.92761 0
      vertex -1.76777 -1.76777 0
    endloop
  endfacet
  facet normal 0 0 -1
    outer loop
      vertex -5.65685 -5.65685 0
      vertex -1.76777 -1.76777 0
      vertex -5.37247 -5.92761 0
    endloop
  endfacet
  facet normal -0 0 -1
    outer loop
      vertex -1.76777 -1.76777 0
      vertex -5.65685 -5.65685 0
      vertex -1.85238 -1.6789 0
    endloop
  endfacet
  facet normal 0 0 -1
    outer loop
      vertex -5.92761 -5.37247 0
      vertex -1.85238 -1.6789 0
      vertex -5.65685 -5.65685 0
    endloop
  endfacet
  facet normal -0 0 -1
    outer loop
      vertex -1.85238 -1.6789 0
      vertex -5.92761 -5.37247 0
      vertex -1.93253 -1.58598 0
    endloop
  endfacet
  facet normal 0 0 -1
    outer loop
      vertex -6.18408 -5.07515 0
      vertex -1.93253 -1.58598 0
      vertex -5.92761 -5.37247 0
    endloop
  endfacet
  facet normal -0 0 -1
    outer loop
      vertex -1.93253 -1.58598 0
      vertex -6.18408 -5.07515 0
      vertex -2.00802 -1.48925 0
    endloop
  endfacet
  facet normal 0 0 -1
    outer loop
      vertex -6.42566 -4.76559 0
      vertex -2.00802 -1.48925 0
      vertex -6.18408 -5.07515 0
    endloop
  endfacet
  facet normal -0 0 -1
    outer loop
      vertex -2.00802 -1.48925 0
      vertex -6.42566 -4.76559 0
      vertex -2.07867 -1.38893 0
    endloop
  endfacet
  facet normal 0 0 -1
    outer loop
      vertex 2.00802 1.48925 0
      vertex 6.42566 4.76559 0
      vertex 2.07867 1.38893 0
    endloop
  endfacet
  facet normal -0 0 -1
    outer loop
      vertex 6.42566 4.76559 0
      vertex 2.00802 1.48925 0
      vertex 6.18408 5.07515 0
    endloop
  endfacet
  facet normal 0 0 -1
    outer loop
      vertex 1.93253 1.58598 0
      vertex 6.18408 5.07515 0
      vertex 2.00802 1.48925 0
    endloop
  endfacet
  facet normal -0 0 -1
    outer loop
      vertex 6.18408 5.07515 0
      vertex 1.93253 1.58598 0
      vertex 5.92761 5.37247 0
    endloop
  endfacet
  facet normal 0 0 -1
    outer loop
      vertex 1.85238 1.6789 0
      vertex 5.92761 5.37247 0
      vertex 1.93253 1.58598 0
    endloop
  endfacet
  facet normal -0 0 -1
    outer loop
      vertex 5.92761 5.37247 0
      vertex 1.85238 1.6789 0
      vertex 5.65685 5.65685 0
    endloop
  endfacet
  facet normal 0 0 -1
    outer loop
      vertex 1.76777 1.76777 0
      vertex 5.65685 5.65685 0
      vertex 1.85238 1.6789 0
    endloop
  endfacet
  facet normal -0 0 -1
    outer loop
      vertex 5.65685 5.65685 0
      vertex 1.76777 1.76777 0
      vertex 5.37247 5.92761 0
    endloop
  endfacet
  facet normal 0 0 -1
    outer loop
      vertex 1.6789 1.85238 0
      vertex 5.37247 5.92761 0
      vertex 1.76777 1.76777 0
    endloop
  endfacet
  facet normal -0 0 -1
    outer loop
      vertex 5.37247 5.92761 0
      vertex 1.6789 1.85238 0
      vertex 5.07515 6.18408 0
    endloop
  endfacet
  facet normal 0 0 -1
    outer loop
      vertex 1.58598 1.93253 0
      vertex 5.07515 6.18408 0
      vertex 1.6789 1.85238 0
    endloop
  endfacet
  facet normal -0 0 -1
    outer loop
      vertex 5.07515 6.18408 0
      vertex 1.58598 1.93253 0
      vertex 4.76559 6.42566 0
    endloop
  endfacet
  facet normal 0 0 -1
    outer loop
      vertex 1.48925 2.00802 0
      vertex 4.76559 6.42566 0
      vertex 1.58598 1.93253 0
    endloop
  endfacet
  facet normal -0 0 -1
    outer loop
      vertex 4.76559 6.42566 0
      vertex 1.48925 2.00802 0
      vertex 4.44456 6.65176 0
    endloop
  endfacet
  facet normal 0 0 -1
    outer loop
      vertex 1.38893 2.07867 0
      vertex 4.44456 6.65176 0
      vertex 1.48925 2.00802 0
    endloop
  endfacet
  facet normal -0 0 -1
    outer loop
      vertex 4.44456 6.65176 0
      vertex 1.38893 2.07867 0
      vertex 4.11282 6.86183 0
    endloop
  endfacet
  facet normal 0 0 -1
    outer loop
      vertex 1.28526 2.14432 0
      vertex 4.11282 6.86183 0
      vertex 1.38893 2.07867 0
    endloop
  endfacet
  facet normal -0 0 -1
    outer loop
      vertex 4.11282 6.86183 0
      vertex 1.28526 2.14432 0
      vertex 3.77117 7.05537 0
    endloop
  endfacet
  facet normal 0 0 -1
    outer loop
      vertex 1.17849 2.2048 0
      vertex 3.77117 7.05537 0
      vertex 1.28526 2.14432 0
    endloop
  endfacet
  facet normal -0 0 -1
    outer loop
      vertex 3.77117 7.05537 0
      vertex 1.17849 2.2048 0
      vertex 3.42044 7.23191 0
    endloop
  endfacet
  facet normal 0 0 -1
    outer loop
      vertex 1.06889 2.25997 0
      vertex 3.42044 7.23191 0
      vertex 1.17849 2.2048 0
    endloop
  endfacet
  facet normal -0 0 -1
    outer loop
      vertex 3.42044 7.23191 0
      vertex 1.06889 2.25997 0
      vertex 3.06147 7.39104 0
    endloop
  endfacet
  facet normal 0 0 -1
    outer loop
      vertex 0.956708 2.3097 0
      vertex 3.06147 7.39104 0
      vertex 1.06889 2.25997 0
    endloop
  endfacet
  facet normal -0 0 -1
    outer loop
      vertex 3.06147 7.39104 0
      vertex 0.956708 2.3097 0
      vertex 2.69512 7.53235 0
    endloop
  endfacet
  facet normal 0 0 -1
    outer loop
      vertex 0.842224 2.35386 0
      vertex 2.69512 7.53235 0
      vertex 0.956708 2.3097 0
    endloop
  endfacet
  facet normal -0 0 -1
    outer loop
      vertex 2.69512 7.53235 0
      vertex 0.842224 2.35386 0
      vertex 2.32228 7.65552 0
    endloop
  endfacet
  facet normal 0 0 -1
    outer loop
      vertex 0.725711 2.39235 0
      vertex 2.32228 7.65552 0
      vertex 0.842224 2.35386 0
    endloop
  endfacet
  facet normal -0 0 -1
    outer loop
      vertex 2.32228 7.65552 0
      vertex 0.725711 2.39235 0
      vertex 1.94384 7.76025 0
    endloop
  endfacet
  facet normal 0 0 -1
    outer loop
      vertex 0.60745 2.42508 0
      vertex 1.94384 7.76025 0
      vertex 0.725711 2.39235 0
    endloop
  endfacet
  facet normal -0 0 -1
    outer loop
      vertex 1.94384 7.76025 0
      vertex 0.60745 2.42508 0
      vertex 1.56072 7.84628 0
    endloop
  endfacet
  facet normal 0 0 -1
    outer loop
      vertex 0.487725 2.45196 0
      vertex 1.56072 7.84628 0
      vertex 0.60745 2.42508 0
    endloop
  endfacet
  facet normal -0 0 -1
    outer loop
      vertex 1.56072 7.84628 0
      vertex 0.487725 2.45196 0
      vertex 1.17384 7.91341 0
    endloop
  endfacet
  facet normal 0 0 -1
    outer loop
      vertex 0.366826 2.47294 0
      vertex 1.17384 7.91341 0
      vertex 0.487725 2.45196 0
    endloop
  endfacet
  facet normal -0 0 -1
    outer loop
      vertex 1.17384 7.91341 0
      vertex 0.366826 2.47294 0
      vertex 0.784137 7.96148 0
    endloop
  endfacet
  facet normal 0 0 -1
    outer loop
      vertex 0.245043 2.48796 0
      vertex 0.784137 7.96148 0
      vertex 0.366826 2.47294 0
    endloop
  endfacet
  facet normal -0 0 -1
    outer loop
      vertex 0.784137 7.96148 0
      vertex 0.245043 2.48796 0
      vertex 0.392541 7.99036 0
    endloop
  endfacet
  facet normal 0 0 -1
    outer loop
      vertex 0.122668 2.49699 0
      vertex 0.392541 7.99036 0
      vertex 0.245043 2.48796 0
    endloop
  endfacet
  facet normal 0 0 -1
    outer loop
      vertex 0 2.5 0
      vertex 0.392541 7.99036 0
      vertex 0.122668 2.49699 0
    endloop
  endfacet
  facet normal 0 0 -1
    outer loop
      vertex 0 2.5 0
      vertex 0 8 0
      vertex 0.392541 7.99036 0
    endloop
  endfacet
  facet normal 0 0 -1
    outer loop
      vertex -0.122668 2.49699 0
      vertex 0 8 0
      vertex 0 2.5 0
    endloop
  endfacet
  facet normal 0 0 -1
    outer loop
      vertex -0.392541 7.99036 0
      vertex -0.122668 2.49699 0
      vertex -0.245043 2.48796 0
    endloop
  endfacet
  facet normal 0 0 -1
    outer loop
      vertex -0.784137 7.96148 0
      vertex -0.245043 2.48796 0
      vertex -0.366826 2.47294 0
    endloop
  endfacet
  facet normal 0 0 -1
    outer loop
      vertex -0.122668 2.49699 0
      vertex -0.392541 7.99036 0
      vertex 0 8 0
    endloop
  endfacet
  facet normal 0 0 -1
    outer loop
      vertex -1.17384 7.91341 0
      vertex -0.366826 2.47294 0
      vertex -0.487725 2.45196 0
    endloop
  endfacet
  facet normal 0 0 -1
    outer loop
      vertex -1.56072 7.84628 0
      vertex -0.487725 2.45196 0
      vertex -0.60745 2.42508 0
    endloop
  endfacet
  facet normal 0 0 -1
    outer loop
      vertex -1.94384 7.76025 0
      vertex -0.60745 2.42508 0
      vertex -0.725711 2.39235 0
    endloop
  endfacet
  facet normal 0 0 -1
    outer loop
      vertex -0.245043 2.48796 0
      vertex -0.784137 7.96148 0
      vertex -0.392541 7.99036 0
    endloop
  endfacet
  facet normal 0 0 -1
    outer loop
      vertex -2.32228 7.65552 0
      vertex -0.725711 2.39235 0
      vertex -0.842224 2.35386 0
    endloop
  endfacet
  facet normal 0 0 -1
    outer loop
      vertex -2.69512 7.53235 0
      vertex -0.842224 2.35386 0
      vertex -0.956708 2.3097 0
    endloop
  endfacet
  facet normal 0 0 -1
    outer loop
      vertex -3.06147 7.39104 0
      vertex -0.956708 2.3097 0
      vertex -1.06889 2.25997 0
    endloop
  endfacet
  facet normal 0 0 -1
    outer loop
      vertex -0.366826 2.47294 0
      vertex -1.17384 7.91341 0
      vertex -0.784137 7.96148 0
    endloop
  endfacet
  facet normal 0 0 -1
    outer loop
      vertex -3.42044 7.23191 0
      vertex -1.06889 2.25997 0
      vertex -1.17849 2.2048 0
    endloop
  endfacet
  facet normal 0 0 -1
    outer loop
      vertex -3.77117 7.05537 0
      vertex -1.17849 2.2048 0
      vertex -1.28526 2.14432 0
    endloop
  endfacet
  facet normal 0 0 -1
    outer loop
      vertex -4.11282 6.86183 0
      vertex -1.28526 2.14432 0
      vertex -1.38893 2.07867 0
    endloop
  endfacet
  facet normal 0 0 -1
    outer loop
      vertex -4.44456 6.65176 0
      vertex -1.38893 2.07867 0
      vertex -1.48925 2.00802 0
    endloop
  endfacet
  facet normal 0 0 -1
    outer loop
      vertex -0.487725 2.45196 0
      vertex -1.56072 7.84628 0
      vertex -1.17384 7.91341 0
    endloop
  endfacet
  facet normal 0 0 -1
    outer loop
      vertex -4.76559 6.42566 0
      vertex -1.48925 2.00802 0
      vertex -1.58598 1.93253 0
    endloop
  endfacet
  facet normal 0 0 -1
    outer loop
      vertex -5.07515 6.18408 0
      vertex -1.58598 1.93253 0
      vertex -1.6789 1.85238 0
    endloop
  endfacet
  facet normal 0 0 -1
    outer loop
      vertex -5.37247 5.92761 0
      vertex -1.6789 1.85238 0
      vertex -1.76777 1.76777 0
    endloop
  endfacet
  facet normal 0 0 -1
    outer loop
      vertex -5.65685 5.65685 0
      vertex -1.76777 1.76777 0
      vertex -1.85238 1.6789 0
    endloop
  endfacet
  facet normal 0 0 -1
    outer loop
      vertex -5.92761 5.37247 0
      vertex -1.85238 1.6789 0
      vertex -1.93253 1.58598 0
    endloop
  endfacet
  facet normal 0 0 -1
    outer loop
      vertex -0.60745 2.42508 0
      vertex -1.94384 7.76025 0
      vertex -1.56072 7.84628 0
    endloop
  endfacet
  facet normal 0 0 -1
    outer loop
      vertex -6.18408 5.07515 0
      vertex -1.93253 1.58598 0
      vertex -2.00802 1.48925 0
    endloop
  endfacet
  facet normal 0 0 -1
    outer loop
      vertex -6.42566 4.76559 0
      vertex -2.00802 1.48925 0
      vertex -2.07867 1.38893 0
    endloop
  endfacet
  facet normal 0 0 -1
    outer loop
      vertex -6.65176 4.44456 0
      vertex -2.07867 1.38893 0
      vertex -2.14432 1.28526 0
    endloop
  endfacet
  facet normal 0 0 -1
    outer loop
      vertex -6.86183 4.11282 0
      vertex -2.14432 1.28526 0
      vertex -2.2048 1.17849 0
    endloop
  endfacet
  facet normal 0 0 -1
    outer loop
      vertex -7.05537 3.77117 0
      vertex -2.2048 1.17849 0
      vertex -2.25997 1.06889 0
    endloop
  endfacet
  facet normal 0 0 -1
    outer loop
      vertex -7.23191 3.42044 0
      vertex -2.25997 1.06889 0
      vertex -2.3097 0.956708 0
    endloop
  endfacet
  facet normal 0 0 -1
    outer loop
      vertex -0.725711 2.39235 0
      vertex -2.32228 7.65552 0
      vertex -1.94384 7.76025 0
    endloop
  endfacet
  facet normal 0 0 -1
    outer loop
      vertex -7.39104 3.06147 0
      vertex -2.3097 0.956708 0
      vertex -2.35386 0.842224 0
    endloop
  endfacet
  facet normal 0 0 -1
    outer loop
      vertex -7.53235 2.69512 0
      vertex -2.35386 0.842224 0
      vertex -2.39235 0.725711 0
    endloop
  endfacet
  facet normal 0 0 -1
    outer loop
      vertex -7.65552 2.32228 0
      vertex -2.39235 0.725711 0
      vertex -2.42508 0.60745 0
    endloop
  endfacet
  facet normal 0 0 -1
    outer loop
      vertex -7.76025 1.94384 0
      vertex -2.42508 0.60745 0
      vertex -2.45196 0.487725 0
    endloop
  endfacet
  facet normal 0 0 -1
    outer loop
      vertex -7.84628 1.56072 0
      vertex -2.45196 0.487725 0
      vertex -2.47294 0.366826 0
    endloop
  endfacet
  facet normal 0 0 -1
    outer loop
      vertex -7.91341 1.17384 0
      vertex -2.47294 0.366826 0
      vertex -2.48796 0.245043 0
    endloop
  endfacet
  facet normal 0 0 -1
    outer loop
      vertex -7.96148 0.784137 0
      vertex -2.48796 0.245043 0
      vertex -2.49699 0.122668 0
    endloop
  endfacet
  facet normal 0 0 -1
    outer loop
      vertex -7.99036 0.392541 0
      vertex -2.49699 0.122668 0
      vertex -2.5 0 0
    endloop
  endfacet
  facet normal 0 0 -1
    outer loop
      vertex -6.65176 -4.44456 0
      vertex -2.07867 -1.38893 0
      vertex -6.42566 -4.76559 0
    endloop
  endfacet
  facet normal 0 0 -1
    outer loop
      vertex -0.842224 2.35386 0
      vertex -2.69512 7.53235 0
      vertex -2.32228 7.65552 0
    endloop
  endfacet
  facet normal -0 0 -1
    outer loop
      vertex -2.07867 -1.38893 0
      vertex -6.65176 -4.44456 0
      vertex -2.14432 -1.28526 0
    endloop
  endfacet
  facet normal 0 0 -1
    outer loop
      vertex -0.956708 2.3097 0
      vertex -3.06147 7.39104 0
      vertex -2.69512 7.53235 0
    endloop
  endfacet
  facet normal 0 0 -1
    outer loop
      vertex -6.86183 -4.11282 0
      vertex -2.14432 -1.28526 0
      vertex -6.65176 -4.44456 0
    endloop
  endfacet
  facet normal 0 0 -1
    outer loop
      vertex -1.06889 2.25997 0
      vertex -3.42044 7.23191 0
      vertex -3.06147 7.39104 0
    endloop
  endfacet
  facet normal -0 0 -1
    outer loop
      vertex -2.14432 -1.28526 0
      vertex -6.86183 -4.11282 0
      vertex -2.2048 -1.17849 0
    endloop
  endfacet
  facet normal 0 0 -1
    outer loop
      vertex -1.17849 2.2048 0
      vertex -3.77117 7.05537 0
      vertex -3.42044 7.23191 0
    endloop
  endfacet
  facet normal 0 0 -1
    outer loop
      vertex -7.05537 -3.77117 0
      vertex -2.2048 -1.17849 0
      vertex -6.86183 -4.11282 0
    endloop
  endfacet
  facet normal 0 0 -1
    outer loop
      vertex -1.28526 2.14432 0
      vertex -4.11282 6.86183 0
      vertex -3.77117 7.05537 0
    endloop
  endfacet
  facet normal -0 0 -1
    outer loop
      vertex -2.2048 -1.17849 0
      vertex -7.05537 -3.77117 0
      vertex -2.25997 -1.06889 0
    endloop
  endfacet
  facet normal 0 0 -1
    outer loop
      vertex -1.38893 2.07867 0
      vertex -4.44456 6.65176 0
      vertex -4.11282 6.86183 0
    endloop
  endfacet
  facet normal 0 0 -1
    outer loop
      vertex -7.23191 -3.42044 0
      vertex -2.25997 -1.06889 0
      vertex -7.05537 -3.77117 0
    endloop
  endfacet
  facet normal 0 0 -1
    outer loop
      vertex -1.48925 2.00802 0
      vertex -4.76559 6.42566 0
      vertex -4.44456 6.65176 0
    endloop
  endfacet
  facet normal -0 0 -1
    outer loop
      vertex -2.25997 -1.06889 0
      vertex -7.23191 -3.42044 0
      vertex -2.3097 -0.956708 0
    endloop
  endfacet
  facet normal 0 0 -1
    outer loop
      vertex -1.58598 1.93253 0
      vertex -5.07515 6.18408 0
      vertex -4.76559 6.42566 0
    endloop
  endfacet
  facet normal 0 0 -1
    outer loop
      vertex -7.39104 -3.06147 0
      vertex -2.3097 -0.956708 0
      vertex -7.23191 -3.42044 0
    endloop
  endfacet
  facet normal 0 0 -1
    outer loop
      vertex -1.6789 1.85238 0
      vertex -5.37247 5.92761 0
      vertex -5.07515 6.18408 0
    endloop
  endfacet
  facet normal -0 0 -1
    outer loop
      vertex -2.3097 -0.956708 0
      vertex -7.39104 -3.06147 0
      vertex -2.35386 -0.842224 0
    endloop
  endfacet
  facet normal 0 0 -1
    outer loop
      vertex -1.76777 1.76777 0
      vertex -5.65685 5.65685 0
      vertex -5.37247 5.92761 0
    endloop
  endfacet
  facet normal 0 0 -1
    outer loop
      vertex -7.53235 -2.69512 0
      vertex -2.35386 -0.842224 0
      vertex -7.39104 -3.06147 0
    endloop
  endfacet
  facet normal 0 0 -1
    outer loop
      vertex -1.85238 1.6789 0
      vertex -5.92761 5.37247 0
      vertex -5.65685 5.65685 0
    endloop
  endfacet
  facet normal -0 0 -1
    outer loop
      vertex -2.35386 -0.842224 0
      vertex -7.53235 -2.69512 0
      vertex -2.39235 -0.725711 0
    endloop
  endfacet
  facet normal 0 0 -1
    outer loop
      vertex -1.93253 1.58598 0
      vertex -6.18408 5.07515 0
      vertex -5.92761 5.37247 0
    endloop
  endfacet
  facet normal 0 0 -1
    outer loop
      vertex -7.65552 -2.32228 0
      vertex -2.39235 -0.725711 0
      vertex -7.53235 -2.69512 0
    endloop
  endfacet
  facet normal 0 0 -1
    outer loop
      vertex -2.00802 1.48925 0
      vertex -6.42566 4.76559 0
      vertex -6.18408 5.07515 0
    endloop
  endfacet
  facet normal -0 0 -1
    outer loop
      vertex -2.39235 -0.725711 0
      vertex -7.65552 -2.32228 0
      vertex -2.42508 -0.60745 0
    endloop
  endfacet
  facet normal 0 0 -1
    outer loop
      vertex -2.07867 1.38893 0
      vertex -6.65176 4.44456 0
      vertex -6.42566 4.76559 0
    endloop
  endfacet
  facet normal 0 0 -1
    outer loop
      vertex -7.76025 -1.94384 0
      vertex -2.42508 -0.60745 0
      vertex -7.65552 -2.32228 0
    endloop
  endfacet
  facet normal 0 0 -1
    outer loop
      vertex -2.14432 1.28526 0
      vertex -6.86183 4.11282 0
      vertex -6.65176 4.44456 0
    endloop
  endfacet
  facet normal -0 0 -1
    outer loop
      vertex -2.42508 -0.60745 0
      vertex -7.76025 -1.94384 0
      vertex -2.45196 -0.487725 0
    endloop
  endfacet
  facet normal 0 0 -1
    outer loop
      vertex -2.2048 1.17849 0
      vertex -7.05537 3.77117 0
      vertex -6.86183 4.11282 0
    endloop
  endfacet
  facet normal 0 0 -1
    outer loop
      vertex -7.84628 -1.56072 0
      vertex -2.45196 -0.487725 0
      vertex -7.76025 -1.94384 0
    endloop
  endfacet
  facet normal 0 0 -1
    outer loop
      vertex -2.25997 1.06889 0
      vertex -7.23191 3.42044 0
      vertex -7.05537 3.77117 0
    endloop
  endfacet
  facet normal -0 0 -1
    outer loop
      vertex -2.45196 -0.487725 0
      vertex -7.84628 -1.56072 0
      vertex -2.47294 -0.366826 0
    endloop
  endfacet
  facet normal 0 0 -1
    outer loop
      vertex -2.3097 0.956708 0
      vertex -7.39104 3.06147 0
      vertex -7.23191 3.42044 0
    endloop
  endfacet
  facet normal 0 0 -1
    outer loop
      vertex -7.91341 -1.17384 0
      vertex -2.47294 -0.366826 0
      vertex -7.84628 -1.56072 0
    endloop
  endfacet
  facet normal 0 0 -1
    outer loop
      vertex -2.35386 0.842224 0
      vertex -7.53235 2.69512 0
      vertex -7.39104 3.06147 0
    endloop
  endfacet
  facet normal -0 0 -1
    outer loop
      vertex -2.47294 -0.366826 0
      vertex -7.91341 -1.17384 0
      vertex -2.48796 -0.245043 0
    endloop
  endfacet
  facet normal 0 0 -1
    outer loop
      vertex -2.39235 0.725711 0
      vertex -7.65552 2.32228 0
      vertex -7.53235 2.69512 0
    endloop
  endfacet
  facet normal 0 0 -1
    outer loop
      vertex -7.96148 -0.784137 0
      vertex -2.48796 -0.245043 0
      vertex -7.91341 -1.17384 0
    endloop
  endfacet
  facet normal 0 0 -1
    outer loop
      vertex -2.42508 0.60745 0
      vertex -7.76025 1.94384 0
      vertex -7.65552 2.32228 0
    endloop
  endfacet
  facet normal -0 0 -1
    outer loop
      vertex -2.48796 -0.245043 0
      vertex -7.96148 -0.784137 0
      vertex -2.49699 -0.122668 0
    endloop
  endfacet
  facet normal 0 0 -1
    outer loop
      vertex -2.45196 0.487725 0
      vertex -7.84628 1.56072 0
      vertex -7.76025 1.94384 0
    endloop
  endfacet
  facet normal 0 0 -1
    outer loop
      vertex -7.99036 -0.392541 0
      vertex -2.49699 -0.122668 0
      vertex -7.96148 -0.784137 0
    endloop
  endfacet
  facet normal 0 0 -1
    outer loop
      vertex -2.47294 0.366826 0
      vertex -7.91341 1.17384 0
      vertex -7.84628 1.56072 0
    endloop
  endfacet
  facet normal -0 0 -1
    outer loop
      vertex -2.49699 -0.122668 0
      vertex -7.99036 -0.392541 0
      vertex -2.5 0 0
    endloop
  endfacet
  facet normal 0 0 -1
    outer loop
      vertex -2.48796 0.245043 0
      vertex -7.96148 0.784137 0
      vertex -7.91341 1.17384 0
    endloop
  endfacet
  facet normal 0 0 -1
    outer loop
      vertex -8 0 0
      vertex -2.5 0 0
      vertex -7.99036 -0.392541 0
    endloop
  endfacet
  facet normal 0 0 -1
    outer loop
      vertex -2.49699 0.122668 0
      vertex -7.99036 0.392541 0
      vertex -7.96148 0.784137 0
    endloop
  endfacet
  facet normal 0 0 -1
    outer loop
      vertex -2.5 0 0
      vertex -8 0 0
      vertex -7.99036 0.392541 0
    endloop
  endfacet
  facet normal 0.963775 0.266716 0
    outer loop
      vertex 7.76025 1.94384 5
      vertex 7.65552 2.32228 0
      vertex 7.65552 2.32228 5
    endloop
  endfacet
  facet normal 0.963775 0.266716 0
    outer loop
      vertex 7.65552 2.32228 0
      vertex 7.76025 1.94384 5
      vertex 7.76025 1.94384 0
    endloop
  endfacet
  facet normal 0.932999 0.35988 0
    outer loop
      vertex 7.53235 2.69512 5
      vertex 7.39104 3.06147 0
      vertex 7.39104 3.06147 5
    endloop
  endfacet
  facet normal 0.932999 0.35988 0
    outer loop
      vertex 7.39104 3.06147 0
      vertex 7.53235 2.69512 5
      vertex 7.53235 2.69512 0
    endloop
  endfacet
  facet normal 0.949528 0.313682 0
    outer loop
      vertex 7.65552 2.32228 5
      vertex 7.53235 2.69512 0
      vertex 7.53235 2.69512 5
    endloop
  endfacet
  facet normal 0.949528 0.313682 0
    outer loop
      vertex 7.53235 2.69512 0
      vertex 7.65552 2.32228 5
      vertex 7.65552 2.32228 0
    endloop
  endfacet
  facet normal 0.724237 0.689551 0
    outer loop
      vertex 5.92761 5.37247 5
      vertex 5.65685 5.65685 0
      vertex 5.65685 5.65685 5
    endloop
  endfacet
  facet normal 0.724237 0.689551 0
    outer loop
      vertex 5.65685 5.65685 0
      vertex 5.92761 5.37247 5
      vertex 5.92761 5.37247 0
    endloop
  endfacet
  facet normal 0.817579 0.575817 0
    outer loop
      vertex 6.65176 4.44456 5
      vertex 6.42566 4.76559 0
      vertex 6.42566 4.76559 5
    endloop
  endfacet
  facet normal 0.817579 0.575817 0
    outer loop
      vertex 6.42566 4.76559 0
      vertex 6.65176 4.44456 5
      vertex 6.65176 4.44456 0
    endloop
  endfacet
  facet normal 0.87009 0.492894 0
    outer loop
      vertex 7.05537 3.77117 5
      vertex 6.86183 4.11282 0
      vertex 6.86183 4.11282 5
    endloop
  endfacet
  facet normal 0.87009 0.492894 0
    outer loop
      vertex 6.86183 4.11282 0
      vertex 7.05537 3.77117 5
      vertex 7.05537 3.77117 0
    endloop
  endfacet
  facet normal 0.914201 0.405262 0
    outer loop
      vertex 7.39104 3.06147 5
      vertex 7.23191 3.42044 0
      vertex 7.23191 3.42044 5
    endloop
  endfacet
  facet normal 0.914201 0.405262 0
    outer loop
      vertex 7.23191 3.42044 0
      vertex 7.39104 3.06147 5
      vertex 7.39104 3.06147 0
    endloop
  endfacet
  facet normal 0.844856 0.534994 0
    outer loop
      vertex 6.86183 4.11282 5
      vertex 6.65176 4.44456 0
      vertex 6.65176 4.44456 5
    endloop
  endfacet
  facet normal 0.844856 0.534994 0
    outer loop
      vertex 6.65176 4.44456 0
      vertex 6.86183 4.11282 5
      vertex 6.86183 4.11282 0
    endloop
  endfacet
  facet normal 0.0245505 0.999699 -0
    outer loop
      vertex 0.392541 7.99036 0
      vertex 0 8 5
      vertex 0.392541 7.99036 5
    endloop
  endfacet
  facet normal 0.0245505 0.999699 0
    outer loop
      vertex 0 8 5
      vertex 0.392541 7.99036 0
      vertex 0 8 0
    endloop
  endfacet
  facet normal 0.35988 0.932999 -0
    outer loop
      vertex 3.06147 7.39104 0
      vertex 2.69512 7.53235 5
      vertex 3.06147 7.39104 5
    endloop
  endfacet
  facet normal 0.35988 0.932999 0
    outer loop
      vertex 2.69512 7.53235 5
      vertex 3.06147 7.39104 0
      vertex 2.69512 7.53235 0
    endloop
  endfacet
  facet normal 0.313682 0.949528 -0
    outer loop
      vertex 2.69512 7.53235 0
      vertex 2.32228 7.65552 5
      vertex 2.69512 7.53235 5
    endloop
  endfacet
  facet normal 0.313682 0.949528 0
    outer loop
      vertex 2.32228 7.65552 5
      vertex 2.69512 7.53235 0
      vertex 2.32228 7.65552 0
    endloop
  endfacet
  facet normal 0.266716 0.963775 -0
    outer loop
      vertex 2.32228 7.65552 0
      vertex 1.94384 7.76025 5
      vertex 2.32228 7.65552 5
    endloop
  endfacet
  facet normal 0.266716 0.963775 0
    outer loop
      vertex 1.94384 7.76025 5
      vertex 2.32228 7.65552 0
      vertex 1.94384 7.76025 0
    endloop
  endfacet
  facet normal 0.170962 0.985278 -0
    outer loop
      vertex 1.56072 7.84628 0
      vertex 1.17384 7.91341 5
      vertex 1.56072 7.84628 5
    endloop
  endfacet
  facet normal 0.170962 0.985278 0
    outer loop
      vertex 1.17384 7.91341 5
      vertex 1.56072 7.84628 0
      vertex 1.17384 7.91341 0
    endloop
  endfacet
  facet normal 0.405262 0.914201 -0
    outer loop
      vertex 3.42044 7.23191 0
      vertex 3.06147 7.39104 5
      vertex 3.42044 7.23191 5
    endloop
  endfacet
  facet normal 0.405262 0.914201 0
    outer loop
      vertex 3.06147 7.39104 5
      vertex 3.42044 7.23191 0
      vertex 3.06147 7.39104 0
    endloop
  endfacet
  facet normal 0.534994 0.844856 -0
    outer loop
      vertex 4.44456 6.65176 0
      vertex 4.11282 6.86183 5
      vertex 4.44456 6.65176 5
    endloop
  endfacet
  facet normal 0.534994 0.844856 0
    outer loop
      vertex 4.11282 6.86183 5
      vertex 4.44456 6.65176 0
      vertex 4.11282 6.86183 0
    endloop
  endfacet
  facet normal 0.615227 0.78835 -0
    outer loop
      vertex 5.07515 6.18408 0
      vertex 4.76559 6.42566 5
      vertex 5.07515 6.18408 5
    endloop
  endfacet
  facet normal 0.615227 0.78835 0
    outer loop
      vertex 4.76559 6.42566 5
      vertex 5.07515 6.18408 0
      vertex 4.76559 6.42566 0
    endloop
  endfacet
  facet normal 0.689551 0.724237 -0
    outer loop
      vertex 5.65685 5.65685 0
      vertex 5.37247 5.92761 5
      vertex 5.65685 5.65685 5
    endloop
  endfacet
  facet normal 0.689551 0.724237 0
    outer loop
      vertex 5.37247 5.92761 5
      vertex 5.65685 5.65685 0
      vertex 5.37247 5.92761 0
    endloop
  endfacet
  facet normal 0.575817 0.817579 -0
    outer loop
      vertex 4.76559 6.42566 0
      vertex 4.44456 6.65176 5
      vertex 4.76559 6.42566 5
    endloop
  endfacet
  facet normal 0.575817 0.817579 0
    outer loop
      vertex 4.44456 6.65176 5
      vertex 4.76559 6.42566 0
      vertex 4.44456 6.65176 0
    endloop
  endfacet
  facet normal -0.999699 0.0245505 0
    outer loop
      vertex -8 0 0
      vertex -7.99036 0.392541 5
      vertex -7.99036 0.392541 0
    endloop
  endfacet
  facet normal -0.999699 0.0245505 0
    outer loop
      vertex -7.99036 0.392541 5
      vertex -8 0 0
      vertex -8 0 5
    endloop
  endfacet
  facet normal 0 0 1
    outer loop
      vertex 2.5 0 5
      vertex 8 0 5
      vertex 7.99036 0.392541 5
    endloop
  endfacet
  facet normal 0 0 1
    outer loop
      vertex 2.49699 0.122668 5
      vertex 7.99036 0.392541 5
      vertex 7.96148 0.784137 5
    endloop
  endfacet
  facet normal 0 0 1
    outer loop
      vertex 8 0 5
      vertex 2.5 0 5
      vertex 7.99036 -0.392541 5
    endloop
  endfacet
  facet normal 0 0 1
    outer loop
      vertex 2.48796 0.245043 5
      vertex 7.96148 0.784137 5
      vertex 7.91341 1.17384 5
    endloop
  endfacet
  facet normal -0 0 1
    outer loop
      vertex 2.49699 -0.122668 5
      vertex 7.99036 -0.392541 5
      vertex 2.5 0 5
    endloop
  endfacet
  facet normal 0 0 1
    outer loop
      vertex 2.47294 0.366826 5
      vertex 7.91341 1.17384 5
      vertex 7.84628 1.56072 5
    endloop
  endfacet
  facet normal 0 0 1
    outer loop
      vertex 7.99036 -0.392541 5
      vertex 2.49699 -0.122668 5
      vertex 7.96148 -0.784137 5
    endloop
  endfacet
  facet normal 0 0 1
    outer loop
      vertex 2.45196 0.487725 5
      vertex 7.84628 1.56072 5
      vertex 7.76025 1.94384 5
    endloop
  endfacet
  facet normal -0 0 1
    outer loop
      vertex 2.48796 -0.245043 5
      vertex 7.96148 -0.784137 5
      vertex 2.49699 -0.122668 5
    endloop
  endfacet
  facet normal 0 0 1
    outer loop
      vertex 2.42508 0.60745 5
      vertex 7.76025 1.94384 5
      vertex 7.65552 2.32228 5
    endloop
  endfacet
  facet normal 0 0 1
    outer loop
      vertex 7.96148 -0.784137 5
      vertex 2.48796 -0.245043 5
      vertex 7.91341 -1.17384 5
    endloop
  endfacet
  facet normal 0 0 1
    outer loop
      vertex 2.39235 0.725711 5
      vertex 7.65552 2.32228 5
      vertex 7.53235 2.69512 5
    endloop
  endfacet
  facet normal -0 0 1
    outer loop
      vertex 2.47294 -0.366826 5
      vertex 7.91341 -1.17384 5
      vertex 2.48796 -0.245043 5
    endloop
  endfacet
  facet normal 0 0 1
    outer loop
      vertex 2.35386 0.842224 5
      vertex 7.53235 2.69512 5
      vertex 7.39104 3.06147 5
    endloop
  endfacet
  facet normal 0 0 1
    outer loop
      vertex 7.91341 -1.17384 5
      vertex 2.47294 -0.366826 5
      vertex 7.84628 -1.56072 5
    endloop
  endfacet
  facet normal 0 0 1
    outer loop
      vertex 2.3097 0.956708 5
      vertex 7.39104 3.06147 5
      vertex 7.23191 3.42044 5
    endloop
  endfacet
  facet normal -0 0 1
    outer loop
      vertex 2.45196 -0.487725 5
      vertex 7.84628 -1.56072 5
      vertex 2.47294 -0.366826 5
    endloop
  endfacet
  facet normal 0 0 1
    outer loop
      vertex 2.25997 1.06889 5
      vertex 7.23191 3.42044 5
      vertex 7.05537 3.77117 5
    endloop
  endfacet
  facet normal 0 0 1
    outer loop
      vertex 7.84628 -1.56072 5
      vertex 2.45196 -0.487725 5
      vertex 7.76025 -1.94384 5
    endloop
  endfacet
  facet normal 0 0 1
    outer loop
      vertex 2.2048 1.17849 5
      vertex 7.05537 3.77117 5
      vertex 6.86183 4.11282 5
    endloop
  endfacet
  facet normal -0 0 1
    outer loop
      vertex 2.42508 -0.60745 5
      vertex 7.76025 -1.94384 5
      vertex 2.45196 -0.487725 5
    endloop
  endfacet
  facet normal 0 0 1
    outer loop
      vertex 2.14432 1.28526 5
      vertex 6.86183 4.11282 5
      vertex 6.65176 4.44456 5
    endloop
  endfacet
  facet normal 0 0 1
    outer loop
      vertex 7.76025 -1.94384 5
      vertex 2.42508 -0.60745 5
      vertex 7.65552 -2.32228 5
    endloop
  endfacet
  facet normal 0 0 1
    outer loop
      vertex 2.07867 1.38893 5
      vertex 6.65176 4.44456 5
      vertex 6.42566 4.76559 5
    endloop
  endfacet
  facet normal -0 0 1
    outer loop
      vertex 2.39235 -0.725711 5
      vertex 7.65552 -2.32228 5
      vertex 2.42508 -0.60745 5
    endloop
  endfacet
  facet normal 0 0 1
    outer loop
      vertex 2.00802 1.48925 5
      vertex 6.42566 4.76559 5
      vertex 6.18408 5.07515 5
    endloop
  endfacet
  facet normal 0 0 1
    outer loop
      vertex 7.65552 -2.32228 5
      vertex 2.39235 -0.725711 5
      vertex 7.53235 -2.69512 5
    endloop
  endfacet
  facet normal 0 0 1
    outer loop
      vertex 1.93253 1.58598 5
      vertex 6.18408 5.07515 5
      vertex 5.92761 5.37247 5
    endloop
  endfacet
  facet normal -0 0 1
    outer loop
      vertex 2.35386 -0.842224 5
      vertex 7.53235 -2.69512 5
      vertex 2.39235 -0.725711 5
    endloop
  endfacet
  facet normal 0 0 1
    outer loop
      vertex 1.85238 1.6789 5
      vertex 5.92761 5.37247 5
      vertex 5.65685 5.65685 5
    endloop
  endfacet
  facet normal 0 0 1
    outer loop
      vertex 7.53235 -2.69512 5
      vertex 2.35386 -0.842224 5
      vertex 7.39104 -3.06147 5
    endloop
  endfacet
  facet normal 0 0 1
    outer loop
      vertex 1.76777 1.76777 5
      vertex 5.65685 5.65685 5
      vertex 5.37247 5.92761 5
    endloop
  endfacet
  facet normal -0 0 1
    outer loop
      vertex 2.3097 -0.956708 5
      vertex 7.39104 -3.06147 5
      vertex 2.35386 -0.842224 5
    endloop
  endfacet
  facet normal 0 0 1
    outer loop
      vertex 1.6789 1.85238 5
      vertex 5.37247 5.92761 5
      vertex 5.07515 6.18408 5
    endloop
  endfacet
  facet normal 0 0 1
    outer loop
      vertex 7.39104 -3.06147 5
      vertex 2.3097 -0.956708 5
      vertex 7.23191 -3.42044 5
    endloop
  endfacet
  facet normal 0 0 1
    outer loop
      vertex 1.58598 1.93253 5
      vertex 5.07515 6.18408 5
      vertex 4.76559 6.42566 5
    endloop
  endfacet
  facet normal -0 0 1
    outer loop
      vertex 2.25997 -1.06889 5
      vertex 7.23191 -3.42044 5
      vertex 2.3097 -0.956708 5
    endloop
  endfacet
  facet normal 0 0 1
    outer loop
      vertex 1.48925 2.00802 5
      vertex 4.76559 6.42566 5
      vertex 4.44456 6.65176 5
    endloop
  endfacet
  facet normal 0 0 1
    outer loop
      vertex 7.23191 -3.42044 5
      vertex 2.25997 -1.06889 5
      vertex 7.05537 -3.77117 5
    endloop
  endfacet
  facet normal 0 0 1
    outer loop
      vertex 1.38893 2.07867 5
      vertex 4.44456 6.65176 5
      vertex 4.11282 6.86183 5
    endloop
  endfacet
  facet normal -0 0 1
    outer loop
      vertex 2.2048 -1.17849 5
      vertex 7.05537 -3.77117 5
      vertex 2.25997 -1.06889 5
    endloop
  endfacet
  facet normal 0 0 1
    outer loop
      vertex 1.28526 2.14432 5
      vertex 4.11282 6.86183 5
      vertex 3.77117 7.05537 5
    endloop
  endfacet
  facet normal 0 0 1
    outer loop
      vertex 7.05537 -3.77117 5
      vertex 2.2048 -1.17849 5
      vertex 6.86183 -4.11282 5
    endloop
  endfacet
  facet normal 0 0 1
    outer loop
      vertex 1.17849 2.2048 5
      vertex 3.77117 7.05537 5
      vertex 3.42044 7.23191 5
    endloop
  endfacet
  facet normal -0 0 1
    outer loop
      vertex 2.14432 -1.28526 5
      vertex 6.86183 -4.11282 5
      vertex 2.2048 -1.17849 5
    endloop
  endfacet
  facet normal 0 0 1
    outer loop
      vertex 1.06889 2.25997 5
      vertex 3.42044 7.23191 5
      vertex 3.06147 7.39104 5
    endloop
  endfacet
  facet normal 0 0 1
    outer loop
      vertex 6.86183 -4.11282 5
      vertex 2.14432 -1.28526 5
      vertex 6.65176 -4.44456 5
    endloop
  endfacet
  facet normal 0 0 1
    outer loop
      vertex 0.956708 2.3097 5
      vertex 3.06147 7.39104 5
      vertex 2.69512 7.53235 5
    endloop
  endfacet
  facet normal -0 0 1
    outer loop
      vertex 2.07867 -1.38893 5
      vertex 6.65176 -4.44456 5
      vertex 2.14432 -1.28526 5
    endloop
  endfacet
  facet normal 0 0 1
    outer loop
      vertex 6.65176 -4.44456 5
      vertex 2.07867 -1.38893 5
      vertex 6.42566 -4.76559 5
    endloop
  endfacet
  facet normal 0 0 1
    outer loop
      vertex 7.99036 0.392541 5
      vertex 2.49699 0.122668 5
      vertex 2.5 0 5
    endloop
  endfacet
  facet normal 0 0 1
    outer loop
      vertex 7.96148 0.784137 5
      vertex 2.48796 0.245043 5
      vertex 2.49699 0.122668 5
    endloop
  endfacet
  facet normal 0 0 1
    outer loop
      vertex 7.91341 1.17384 5
      vertex 2.47294 0.366826 5
      vertex 2.48796 0.245043 5
    endloop
  endfacet
  facet normal 0 0 1
    outer loop
      vertex 7.84628 1.56072 5
      vertex 2.45196 0.487725 5
      vertex 2.47294 0.366826 5
    endloop
  endfacet
  facet normal 0 0 1
    outer loop
      vertex 7.76025 1.94384 5
      vertex 2.42508 0.60745 5
      vertex 2.45196 0.487725 5
    endloop
  endfacet
  facet normal 0 0 1
    outer loop
      vertex 7.65552 2.32228 5
      vertex 2.39235 0.725711 5
      vertex 2.42508 0.60745 5
    endloop
  endfacet
  facet normal 0 0 1
    outer loop
      vertex 7.53235 2.69512 5
      vertex 2.35386 0.842224 5
      vertex 2.39235 0.725711 5
    endloop
  endfacet
  facet normal 0 0 1
    outer loop
      vertex 0.842224 2.35386 5
      vertex 2.69512 7.53235 5
      vertex 2.32228 7.65552 5
    endloop
  endfacet
  facet normal 0 0 1
    outer loop
      vertex 7.39104 3.06147 5
      vertex 2.3097 0.956708 5
      vertex 2.35386 0.842224 5
    endloop
  endfacet
  facet normal 0 0 1
    outer loop
      vertex 7.23191 3.42044 5
      vertex 2.25997 1.06889 5
      vertex 2.3097 0.956708 5
    endloop
  endfacet
  facet normal 0 0 1
    outer loop
      vertex 7.05537 3.77117 5
      vertex 2.2048 1.17849 5
      vertex 2.25997 1.06889 5
    endloop
  endfacet
  facet normal 0 0 1
    outer loop
      vertex 6.86183 4.11282 5
      vertex 2.14432 1.28526 5
      vertex 2.2048 1.17849 5
    endloop
  endfacet
  facet normal 0 0 1
    outer loop
      vertex 6.65176 4.44456 5
      vertex 2.07867 1.38893 5
      vertex 2.14432 1.28526 5
    endloop
  endfacet
  facet normal 0 0 1
    outer loop
      vertex 6.42566 4.76559 5
      vertex 2.00802 1.48925 5
      vertex 2.07867 1.38893 5
    endloop
  endfacet
  facet normal 0 0 1
    outer loop
      vertex 0.725711 2.39235 5
      vertex 2.32228 7.65552 5
      vertex 1.94384 7.76025 5
    endloop
  endfacet
  facet normal 0 0 1
    outer loop
      vertex 6.18408 5.07515 5
      vertex 1.93253 1.58598 5
      vertex 2.00802 1.48925 5
    endloop
  endfacet
  facet normal 0 0 1
    outer loop
      vertex 5.92761 5.37247 5
      vertex 1.85238 1.6789 5
      vertex 1.93253 1.58598 5
    endloop
  endfacet
  facet normal 0 0 1
    outer loop
      vertex 5.65685 5.65685 5
      vertex 1.76777 1.76777 5
      vertex 1.85238 1.6789 5
    endloop
  endfacet
  facet normal 0 0 1
    outer loop
      vertex 5.37247 5.92761 5
      vertex 1.6789 1.85238 5
      vertex 1.76777 1.76777 5
    endloop
  endfacet
  facet normal 0 0 1
    outer loop
      vertex 5.07515 6.18408 5
      vertex 1.58598 1.93253 5
      vertex 1.6789 1.85238 5
    endloop
  endfacet
  facet normal 0 0 1
    outer loop
      vertex 0.60745 2.42508 5
      vertex 1.94384 7.76025 5
      vertex 1.56072 7.84628 5
    endloop
  endfacet
  facet normal 0 0 1
    outer loop
      vertex 4.76559 6.42566 5
      vertex 1.48925 2.00802 5
      vertex 1.58598 1.93253 5
    endloop
  endfacet
  facet normal 0 0 1
    outer loop
      vertex 4.44456 6.65176 5
      vertex 1.38893 2.07867 5
      vertex 1.48925 2.00802 5
    endloop
  endfacet
  facet normal 0 0 1
    outer loop
      vertex 4.11282 6.86183 5
      vertex 1.28526 2.14432 5
      vertex 1.38893 2.07867 5
    endloop
  endfacet
  facet normal 0 0 1
    outer loop
      vertex 3.77117 7.05537 5
      vertex 1.17849 2.2048 5
      vertex 1.28526 2.14432 5
    endloop
  endfacet
  facet normal 0 0 1
    outer loop
      vertex 0.487725 2.45196 5
      vertex 1.56072 7.84628 5
      vertex 1.17384 7.91341 5
    endloop
  endfacet
  facet normal 0 0 1
    outer loop
      vertex 3.42044 7.23191 5
      vertex 1.06889 2.25997 5
      vertex 1.17849 2.2048 5
    endloop
  endfacet
  facet normal 0 0 1
    outer loop
      vertex 3.06147 7.39104 5
      vertex 0.956708 2.3097 5
      vertex 1.06889 2.25997 5
    endloop
  endfacet
  facet normal 0 0 1
    outer loop
      vertex 2.69512 7.53235 5
      vertex 0.842224 2.35386 5
      vertex 0.956708 2.3097 5
    endloop
  endfacet
  facet normal 0 0 1
    outer loop
      vertex 0.366826 2.47294 5
      vertex 1.17384 7.91341 5
      vertex 0.784137 7.96148 5
    endloop
  endfacet
  facet normal 0 0 1
    outer loop
      vertex 2.32228 7.65552 5
      vertex 0.725711 2.39235 5
      vertex 0.842224 2.35386 5
    endloop
  endfacet
  facet normal 0 0 1
    outer loop
      vertex 1.94384 7.76025 5
      vertex 0.60745 2.42508 5
      vertex 0.725711 2.39235 5
    endloop
  endfacet
  facet normal 0 0 1
    outer loop
      vertex 1.56072 7.84628 5
      vertex 0.487725 2.45196 5
      vertex 0.60745 2.42508 5
    endloop
  endfacet
  facet normal 0 0 1
    outer loop
      vertex 0.245043 2.48796 5
      vertex 0.784137 7.96148 5
      vertex 0.392541 7.99036 5
    endloop
  endfacet
  facet normal 0 0 1
    outer loop
      vertex 1.17384 7.91341 5
      vertex 0.366826 2.47294 5
      vertex 0.487725 2.45196 5
    endloop
  endfacet
  facet normal 0 0 1
    outer loop
      vertex 0.784137 7.96148 5
      vertex 0.245043 2.48796 5
      vertex 0.366826 2.47294 5
    endloop
  endfacet
  facet normal 0 0 1
    outer loop
      vertex 0.392541 7.99036 5
      vertex 0.122668 2.49699 5
      vertex 0.245043 2.48796 5
    endloop
  endfacet
  facet normal 0 0 1
    outer loop
      vertex 0 8 5
      vertex 0.122668 2.49699 5
      vertex 0.392541 7.99036 5
    endloop
  endfacet
  facet normal 0 0 1
    outer loop
      vertex 0 8 5
      vertex 0 2.5 5
      vertex 0.122668 2.49699 5
    endloop
  endfacet
  facet normal 0 0 1
    outer loop
      vertex 0 8 5
      vertex -0.122668 2.49699 5
      vertex 0 2.5 5
    endloop
  endfacet
  facet normal -0 0 1
    outer loop
      vertex -0.392541 7.99036 5
      vertex -0.122668 2.49699 5
      vertex 0 8 5
    endloop
  endfacet
  facet normal 0 0 1
    outer loop
      vertex -0.122668 2.49699 5
      vertex -0.392541 7.99036 5
      vertex -0.245043 2.48796 5
    endloop
  endfacet
  facet normal -0 0 1
    outer loop
      vertex -0.784137 7.96148 5
      vertex -0.245043 2.48796 5
      vertex -0.392541 7.99036 5
    endloop
  endfacet
  facet normal 0 0 1
    outer loop
      vertex -0.245043 2.48796 5
      vertex -0.784137 7.96148 5
      vertex -0.366826 2.47294 5
    endloop
  endfacet
  facet normal -0 0 1
    outer loop
      vertex -1.17384 7.91341 5
      vertex -0.366826 2.47294 5
      vertex -0.784137 7.96148 5
    endloop
  endfacet
  facet normal 0 0 1
    outer loop
      vertex -0.366826 2.47294 5
      vertex -1.17384 7.91341 5
      vertex -0.487725 2.45196 5
    endloop
  endfacet
  facet normal -0 0 1
    outer loop
      vertex -1.56072 7.84628 5
      vertex -0.487725 2.45196 5
      vertex -1.17384 7.91341 5
    endloop
  endfacet
  facet normal 0 0 1
    outer loop
      vertex -0.487725 2.45196 5
      vertex -1.56072 7.84628 5
      vertex -0.60745 2.42508 5
    endloop
  endfacet
  facet normal -0 0 1
    outer loop
      vertex -1.94384 7.76025 5
      vertex -0.60745 2.42508 5
      vertex -1.56072 7.84628 5
    endloop
  endfacet
  facet normal 0 0 1
    outer loop
      vertex -0.60745 2.42508 5
      vertex -1.94384 7.76025 5
      vertex -0.725711 2.39235 5
    endloop
  endfacet
  facet normal -0 0 1
    outer loop
      vertex -2.32228 7.65552 5
      vertex -0.725711 2.39235 5
      vertex -1.94384 7.76025 5
    endloop
  endfacet
  facet normal 0 0 1
    outer loop
      vertex -0.725711 2.39235 5
      vertex -2.32228 7.65552 5
      vertex -0.842224 2.35386 5
    endloop
  endfacet
  facet normal -0 0 1
    outer loop
      vertex -2.69512 7.53235 5
      vertex -0.842224 2.35386 5
      vertex -2.32228 7.65552 5
    endloop
  endfacet
  facet normal 0 0 1
    outer loop
      vertex -0.842224 2.35386 5
      vertex -2.69512 7.53235 5
      vertex -0.956708 2.3097 5
    endloop
  endfacet
  facet normal -0 0 1
    outer loop
      vertex -3.06147 7.39104 5
      vertex -0.956708 2.3097 5
      vertex -2.69512 7.53235 5
    endloop
  endfacet
  facet normal 0 0 1
    outer loop
      vertex -0.956708 2.3097 5
      vertex -3.06147 7.39104 5
      vertex -1.06889 2.25997 5
    endloop
  endfacet
  facet normal -0 0 1
    outer loop
      vertex -3.42044 7.23191 5
      vertex -1.06889 2.25997 5
      vertex -3.06147 7.39104 5
    endloop
  endfacet
  facet normal 0 0 1
    outer loop
      vertex -1.06889 2.25997 5
      vertex -3.42044 7.23191 5
      vertex -1.17849 2.2048 5
    endloop
  endfacet
  facet normal -0 0 1
    outer loop
      vertex -3.77117 7.05537 5
      vertex -1.17849 2.2048 5
      vertex -3.42044 7.23191 5
    endloop
  endfacet
  facet normal 0 0 1
    outer loop
      vertex -1.17849 2.2048 5
      vertex -3.77117 7.05537 5
      vertex -1.28526 2.14432 5
    endloop
  endfacet
  facet normal -0 0 1
    outer loop
      vertex -4.11282 6.86183 5
      vertex -1.28526 2.14432 5
      vertex -3.77117 7.05537 5
    endloop
  endfacet
  facet normal 0 0 1
    outer loop
      vertex -1.28526 2.14432 5
      vertex -4.11282 6.86183 5
      vertex -1.38893 2.07867 5
    endloop
  endfacet
  facet normal -0 0 1
    outer loop
      vertex -4.44456 6.65176 5
      vertex -1.38893 2.07867 5
      vertex -4.11282 6.86183 5
    endloop
  endfacet
  facet normal 0 0 1
    outer loop
      vertex -1.38893 2.07867 5
      vertex -4.44456 6.65176 5
      vertex -1.48925 2.00802 5
    endloop
  endfacet
  facet normal -0 0 1
    outer loop
      vertex -4.76559 6.42566 5
      vertex -1.48925 2.00802 5
      vertex -4.44456 6.65176 5
    endloop
  endfacet
  facet normal 0 0 1
    outer loop
      vertex -1.48925 2.00802 5
      vertex -4.76559 6.42566 5
      vertex -1.58598 1.93253 5
    endloop
  endfacet
  facet normal -0 0 1
    outer loop
      vertex -5.07515 6.18408 5
      vertex -1.58598 1.93253 5
      vertex -4.76559 6.42566 5
    endloop
  endfacet
  facet normal 0 0 1
    outer loop
      vertex -1.58598 1.93253 5
      vertex -5.07515 6.18408 5
      vertex -1.6789 1.85238 5
    endloop
  endfacet
  facet normal -0 0 1
    outer loop
      vertex -5.37247 5.92761 5
      vertex -1.6789 1.85238 5
      vertex -5.07515 6.18408 5
    endloop
  endfacet
  facet normal 0 0 1
    outer loop
      vertex -1.6789 1.85238 5
      vertex -5.37247 5.92761 5
      vertex -1.76777 1.76777 5
    endloop
  endfacet
  facet normal -0 0 1
    outer loop
      vertex -5.65685 5.65685 5
      vertex -1.76777 1.76777 5
      vertex -5.37247 5.92761 5
    endloop
  endfacet
  facet normal 0 0 1
    outer loop
      vertex -1.76777 1.76777 5
      vertex -5.65685 5.65685 5
      vertex -1.85238 1.6789 5
    endloop
  endfacet
  facet normal -0 0 1
    outer loop
      vertex -5.92761 5.37247 5
      vertex -1.85238 1.6789 5
      vertex -5.65685 5.65685 5
    endloop
  endfacet
  facet normal 0 0 1
    outer loop
      vertex -1.85238 1.6789 5
      vertex -5.92761 5.37247 5
      vertex -1.93253 1.58598 5
    endloop
  endfacet
  facet normal -0 0 1
    outer loop
      vertex -6.18408 5.07515 5
      vertex -1.93253 1.58598 5
      vertex -5.92761 5.37247 5
    endloop
  endfacet
  facet normal 0 0 1
    outer loop
      vertex -1.93253 1.58598 5
      vertex -6.18408 5.07515 5
      vertex -2.00802 1.48925 5
    endloop
  endfacet
  facet normal -0 0 1
    outer loop
      vertex -6.42566 4.76559 5
      vertex -2.00802 1.48925 5
      vertex -6.18408 5.07515 5
    endloop
  endfacet
  facet normal 0 0 1
    outer loop
      vertex -2.00802 1.48925 5
      vertex -6.42566 4.76559 5
      vertex -2.07867 1.38893 5
    endloop
  endfacet
  facet normal -0 0 1
    outer loop
      vertex 2.00802 -1.48925 5
      vertex 6.42566 -4.76559 5
      vertex 2.07867 -1.38893 5
    endloop
  endfacet
  facet normal 0 0 1
    outer loop
      vertex 6.42566 -4.76559 5
      vertex 2.00802 -1.48925 5
      vertex 6.18408 -5.07515 5
    endloop
  endfacet
  facet normal -0 0 1
    outer loop
      vertex 1.93253 -1.58598 5
      vertex 6.18408 -5.07515 5
      vertex 2.00802 -1.48925 5
    endloop
  endfacet
  facet normal 0 0 1
    outer loop
      vertex 6.18408 -5.07515 5
      vertex 1.93253 -1.58598 5
      vertex 5.92761 -5.37247 5
    endloop
  endfacet
  facet normal -0 0 1
    outer loop
      vertex 1.85238 -1.6789 5
      vertex 5.92761 -5.37247 5
      vertex 1.93253 -1.58598 5
    endloop
  endfacet
  facet normal 0 0 1
    outer loop
      vertex 5.92761 -5.37247 5
      vertex 1.85238 -1.6789 5
      vertex 5.65685 -5.65685 5
    endloop
  endfacet
  facet normal -0 0 1
    outer loop
      vertex 1.76777 -1.76777 5
      vertex 5.65685 -5.65685 5
      vertex 1.85238 -1.6789 5
    endloop
  endfacet
  facet normal 0 0 1
    outer loop
      vertex 5.65685 -5.65685 5
      vertex 1.76777 -1.76777 5
      vertex 5.37247 -5.92761 5
    endloop
  endfacet
  facet normal -0 0 1
    outer loop
      vertex 1.6789 -1.85238 5
      vertex 5.37247 -5.92761 5
      vertex 1.76777 -1.76777 5
    endloop
  endfacet
  facet normal 0 0 1
    outer loop
      vertex 5.37247 -5.92761 5
      vertex 1.6789 -1.85238 5
      vertex 5.07515 -6.18408 5
    endloop
  endfacet
  facet normal -0 0 1
    outer loop
      vertex 1.58598 -1.93253 5
      vertex 5.07515 -6.18408 5
      vertex 1.6789 -1.85238 5
    endloop
  endfacet
  facet normal 0 0 1
    outer loop
      vertex 5.07515 -6.18408 5
      vertex 1.58598 -1.93253 5
      vertex 4.76559 -6.42566 5
    endloop
  endfacet
  facet normal -0 0 1
    outer loop
      vertex 1.48925 -2.00802 5
      vertex 4.76559 -6.42566 5
      vertex 1.58598 -1.93253 5
    endloop
  endfacet
  facet normal 0 0 1
    outer loop
      vertex 4.76559 -6.42566 5
      vertex 1.48925 -2.00802 5
      vertex 4.44456 -6.65176 5
    endloop
  endfacet
  facet normal -0 0 1
    outer loop
      vertex 1.38893 -2.07867 5
      vertex 4.44456 -6.65176 5
      vertex 1.48925 -2.00802 5
    endloop
  endfacet
  facet normal 0 0 1
    outer loop
      vertex 4.44456 -6.65176 5
      vertex 1.38893 -2.07867 5
      vertex 4.11282 -6.86183 5
    endloop
  endfacet
  facet normal -0 0 1
    outer loop
      vertex 1.28526 -2.14432 5
      vertex 4.11282 -6.86183 5
      vertex 1.38893 -2.07867 5
    endloop
  endfacet
  facet normal 0 0 1
    outer loop
      vertex 4.11282 -6.86183 5
      vertex 1.28526 -2.14432 5
      vertex 3.77117 -7.05537 5
    endloop
  endfacet
  facet normal -0 0 1
    outer loop
      vertex 1.17849 -2.2048 5
      vertex 3.77117 -7.05537 5
      vertex 1.28526 -2.14432 5
    endloop
  endfacet
  facet normal 0 0 1
    outer loop
      vertex 3.77117 -7.05537 5
      vertex 1.17849 -2.2048 5
      vertex 3.42044 -7.23191 5
    endloop
  endfacet
  facet normal -0 0 1
    outer loop
      vertex 1.06889 -2.25997 5
      vertex 3.42044 -7.23191 5
      vertex 1.17849 -2.2048 5
    endloop
  endfacet
  facet normal 0 0 1
    outer loop
      vertex 3.42044 -7.23191 5
      vertex 1.06889 -2.25997 5
      vertex 3.06147 -7.39104 5
    endloop
  endfacet
  facet normal -0 0 1
    outer loop
      vertex 0.956708 -2.3097 5
      vertex 3.06147 -7.39104 5
      vertex 1.06889 -2.25997 5
    endloop
  endfacet
  facet normal 0 0 1
    outer loop
      vertex 3.06147 -7.39104 5
      vertex 0.956708 -2.3097 5
      vertex 2.69512 -7.53235 5
    endloop
  endfacet
  facet normal -0 0 1
    outer loop
      vertex 0.842224 -2.35386 5
      vertex 2.69512 -7.53235 5
      vertex 0.956708 -2.3097 5
    endloop
  endfacet
  facet normal 0 0 1
    outer loop
      vertex 2.69512 -7.53235 5
      vertex 0.842224 -2.35386 5
      vertex 2.32228 -7.65552 5
    endloop
  endfacet
  facet normal -0 0 1
    outer loop
      vertex 0.725711 -2.39235 5
      vertex 2.32228 -7.65552 5
      vertex 0.842224 -2.35386 5
    endloop
  endfacet
  facet normal 0 0 1
    outer loop
      vertex 2.32228 -7.65552 5
      vertex 0.725711 -2.39235 5
      vertex 1.94384 -7.76025 5
    endloop
  endfacet
  facet normal -0 0 1
    outer loop
      vertex 0.60745 -2.42508 5
      vertex 1.94384 -7.76025 5
      vertex 0.725711 -2.39235 5
    endloop
  endfacet
  facet normal 0 0 1
    outer loop
      vertex 1.94384 -7.76025 5
      vertex 0.60745 -2.42508 5
      vertex 1.56072 -7.84628 5
    endloop
  endfacet
  facet normal -0 0 1
    outer loop
      vertex 0.487725 -2.45196 5
      vertex 1.56072 -7.84628 5
      vertex 0.60745 -2.42508 5
    endloop
  endfacet
  facet normal 0 0 1
    outer loop
      vertex 1.56072 -7.84628 5
      vertex 0.487725 -2.45196 5
      vertex 1.17384 -7.91341 5
    endloop
  endfacet
  facet normal -0 0 1
    outer loop
      vertex 0.366826 -2.47294 5
      vertex 1.17384 -7.91341 5
      vertex 0.487725 -2.45196 5
    endloop
  endfacet
  facet normal 0 0 1
    outer loop
      vertex 1.17384 -7.91341 5
      vertex 0.366826 -2.47294 5
      vertex 0.784137 -7.96148 5
    endloop
  endfacet
  facet normal -0 0 1
    outer loop
      vertex 0.245043 -2.48796 5
      vertex 0.784137 -7.96148 5
      vertex 0.366826 -2.47294 5
    endloop
  endfacet
  facet normal 0 0 1
    outer loop
      vertex 0.784137 -7.96148 5
      vertex 0.245043 -2.48796 5
      vertex 0.392541 -7.99036 5
    endloop
  endfacet
  facet normal -0 0 1
    outer loop
      vertex 0.122668 -2.49699 5
      vertex 0.392541 -7.99036 5
      vertex 0.245043 -2.48796 5
    endloop
  endfacet
  facet normal -0 0 1
    outer loop
      vertex 0 -2.5 5
      vertex 0.392541 -7.99036 5
      vertex 0.122668 -2.49699 5
    endloop
  endfacet
  facet normal 0 0 1
    outer loop
      vertex 0 -2.5 5
      vertex 0 -8 5
      vertex 0.392541 -7.99036 5
    endloop
  endfacet
  facet normal 0 0 1
    outer loop
      vertex -0.122668 -2.49699 5
      vertex 0 -8 5
      vertex 0 -2.5 5
    endloop
  endfacet
  facet normal 0 0 1
    outer loop
      vertex -0.392541 -7.99036 5
      vertex -0.122668 -2.49699 5
      vertex -0.245043 -2.48796 5
    endloop
  endfacet
  facet normal 0 0 1
    outer loop
      vertex -0.784137 -7.96148 5
      vertex -0.245043 -2.48796 5
      vertex -0.366826 -2.47294 5
    endloop
  endfacet
  facet normal 0 0 1
    outer loop
      vertex -0.122668 -2.49699 5
      vertex -0.392541 -7.99036 5
      vertex 0 -8 5
    endloop
  endfacet
  facet normal 0 0 1
    outer loop
      vertex -1.17384 -7.91341 5
      vertex -0.366826 -2.47294 5
      vertex -0.487725 -2.45196 5
    endloop
  endfacet
  facet normal 0 0 1
    outer loop
      vertex -1.56072 -7.84628 5
      vertex -0.487725 -2.45196 5
      vertex -0.60745 -2.42508 5
    endloop
  endfacet
  facet normal 0 0 1
    outer loop
      vertex -1.94384 -7.76025 5
      vertex -0.60745 -2.42508 5
      vertex -0.725711 -2.39235 5
    endloop
  endfacet
  facet normal 0 0 1
    outer loop
      vertex -0.245043 -2.48796 5
      vertex -0.784137 -7.96148 5
      vertex -0.392541 -7.99036 5
    endloop
  endfacet
  facet normal 0 0 1
    outer loop
      vertex -2.32228 -7.65552 5
      vertex -0.725711 -2.39235 5
      vertex -0.842224 -2.35386 5
    endloop
  endfacet
  facet normal 0 0 1
    outer loop
      vertex -2.69512 -7.53235 5
      vertex -0.842224 -2.35386 5
      vertex -0.956708 -2.3097 5
    endloop
  endfacet
  facet normal 0 0 1
    outer loop
      vertex -3.06147 -7.39104 5
      vertex -0.956708 -2.3097 5
      vertex -1.06889 -2.25997 5
    endloop
  endfacet
  facet normal 0 0 1
    outer loop
      vertex -0.366826 -2.47294 5
      vertex -1.17384 -7.91341 5
      vertex -0.784137 -7.96148 5
    endloop
  endfacet
  facet normal 0 0 1
    outer loop
      vertex -3.42044 -7.23191 5
      vertex -1.06889 -2.25997 5
      vertex -1.17849 -2.2048 5
    endloop
  endfacet
  facet normal 0 0 1
    outer loop
      vertex -3.77117 -7.05537 5
      vertex -1.17849 -2.2048 5
      vertex -1.28526 -2.14432 5
    endloop
  endfacet
  facet normal 0 0 1
    outer loop
      vertex -4.11282 -6.86183 5
      vertex -1.28526 -2.14432 5
      vertex -1.38893 -2.07867 5
    endloop
  endfacet
  facet normal 0 0 1
    outer loop
      vertex -4.44456 -6.65176 5
      vertex -1.38893 -2.07867 5
      vertex -1.48925 -2.00802 5
    endloop
  endfacet
  facet normal 0 0 1
    outer loop
      vertex -0.487725 -2.45196 5
      vertex -1.56072 -7.84628 5
      vertex -1.17384 -7.91341 5
    endloop
  endfacet
  facet normal 0 0 1
    outer loop
      vertex -4.76559 -6.42566 5
      vertex -1.48925 -2.00802 5
      vertex -1.58598 -1.93253 5
    endloop
  endfacet
  facet normal 0 0 1
    outer loop
      vertex -5.07515 -6.18408 5
      vertex -1.58598 -1.93253 5
      vertex -1.6789 -1.85238 5
    endloop
  endfacet
  facet normal 0 0 1
    outer loop
      vertex -5.37247 -5.92761 5
      vertex -1.6789 -1.85238 5
      vertex -1.76777 -1.76777 5
    endloop
  endfacet
  facet normal 0 0 1
    outer loop
      vertex -5.65685 -5.65685 5
      vertex -1.76777 -1.76777 5
      vertex -1.85238 -1.6789 5
    endloop
  endfacet
  facet normal 0 0 1
    outer loop
      vertex -5.92761 -5.37247 5
      vertex -1.85238 -1.6789 5
      vertex -1.93253 -1.58598 5
    endloop
  endfacet
  facet normal 0 0 1
    outer loop
      vertex -0.60745 -2.42508 5
      vertex -1.94384 -7.76025 5
      vertex -1.56072 -7.84628 5
    endloop
  endfacet
  facet normal 0 0 1
    outer loop
      vertex -6.18408 -5.07515 5
      vertex -1.93253 -1.58598 5
      vertex -2.00802 -1.48925 5
    endloop
  endfacet
  facet normal 0 0 1
    outer loop
      vertex -6.42566 -4.76559 5
      vertex -2.00802 -1.48925 5
      vertex -2.07867 -1.38893 5
    endloop
  endfacet
  facet normal 0 0 1
    outer loop
      vertex -6.65176 -4.44456 5
      vertex -2.07867 -1.38893 5
      vertex -2.14432 -1.28526 5
    endloop
  endfacet
  facet normal 0 0 1
    outer loop
      vertex -6.86183 -4.11282 5
      vertex -2.14432 -1.28526 5
      vertex -2.2048 -1.17849 5
    endloop
  endfacet
  facet normal 0 0 1
    outer loop
      vertex -7.05537 -3.77117 5
      vertex -2.2048 -1.17849 5
      vertex -2.25997 -1.06889 5
    endloop
  endfacet
  facet normal 0 0 1
    outer loop
      vertex -7.23191 -3.42044 5
      vertex -2.25997 -1.06889 5
      vertex -2.3097 -0.956708 5
    endloop
  endfacet
  facet normal 0 0 1
    outer loop
      vertex -0.725711 -2.39235 5
      vertex -2.32228 -7.65552 5
      vertex -1.94384 -7.76025 5
    endloop
  endfacet
  facet normal 0 0 1
    outer loop
      vertex -7.39104 -3.06147 5
      vertex -2.3097 -0.956708 5
      vertex -2.35386 -0.842224 5
    endloop
  endfacet
  facet normal 0 0 1
    outer loop
      vertex -7.53235 -2.69512 5
      vertex -2.35386 -0.842224 5
      vertex -2.39235 -0.725711 5
    endloop
  endfacet
  facet normal 0 0 1
    outer loop
      vertex -7.65552 -2.32228 5
      vertex -2.39235 -0.725711 5
      vertex -2.42508 -0.60745 5
    endloop
  endfacet
  facet normal 0 0 1
    outer loop
      vertex -7.76025 -1.94384 5
      vertex -2.42508 -0.60745 5
      vertex -2.45196 -0.487725 5
    endloop
  endfacet
  facet normal 0 0 1
    outer loop
      vertex -7.84628 -1.56072 5
      vertex -2.45196 -0.487725 5
      vertex -2.47294 -0.366826 5
    endloop
  endfacet
  facet normal 0 0 1
    outer loop
      vertex -7.91341 -1.17384 5
      vertex -2.47294 -0.366826 5
      vertex -2.48796 -0.245043 5
    endloop
  endfacet
  facet normal 0 0 1
    outer loop
      vertex -7.96148 -0.784137 5
      vertex -2.48796 -0.245043 5
      vertex -2.49699 -0.122668 5
    endloop
  endfacet
  facet normal 0 0 1
    outer loop
      vertex -7.99036 -0.392541 5
      vertex -2.49699 -0.122668 5
      vertex -2.5 0 5
    endloop
  endfacet
  facet normal -0 0 1
    outer loop
      vertex -6.65176 4.44456 5
      vertex -2.07867 1.38893 5
      vertex -6.42566 4.76559 5
    endloop
  endfacet
  facet normal 0 0 1
    outer loop
      vertex -0.842224 -2.35386 5
      vertex -2.69512 -7.53235 5
      vertex -2.32228 -7.65552 5
    endloop
  endfacet
  facet normal 0 0 1
    outer loop
      vertex -2.07867 1.38893 5
      vertex -6.65176 4.44456 5
      vertex -2.14432 1.28526 5
    endloop
  endfacet
  facet normal 0 0 1
    outer loop
      vertex -0.956708 -2.3097 5
      vertex -3.06147 -7.39104 5
      vertex -2.69512 -7.53235 5
    endloop
  endfacet
  facet normal -0 0 1
    outer loop
      vertex -6.86183 4.11282 5
      vertex -2.14432 1.28526 5
      vertex -6.65176 4.44456 5
    endloop
  endfacet
  facet normal 0 0 1
    outer loop
      vertex -1.06889 -2.25997 5
      vertex -3.42044 -7.23191 5
      vertex -3.06147 -7.39104 5
    endloop
  endfacet
  facet normal 0 0 1
    outer loop
      vertex -2.14432 1.28526 5
      vertex -6.86183 4.11282 5
      vertex -2.2048 1.17849 5
    endloop
  endfacet
  facet normal 0 0 1
    outer loop
      vertex -1.17849 -2.2048 5
      vertex -3.77117 -7.05537 5
      vertex -3.42044 -7.23191 5
    endloop
  endfacet
  facet normal -0 0 1
    outer loop
      vertex -7.05537 3.77117 5
      vertex -2.2048 1.17849 5
      vertex -6.86183 4.11282 5
    endloop
  endfacet
  facet normal 0 0 1
    outer loop
      vertex -1.28526 -2.14432 5
      vertex -4.11282 -6.86183 5
      vertex -3.77117 -7.05537 5
    endloop
  endfacet
  facet normal 0 0 1
    outer loop
      vertex -2.2048 1.17849 5
      vertex -7.05537 3.77117 5
      vertex -2.25997 1.06889 5
    endloop
  endfacet
  facet normal 0 0 1
    outer loop
      vertex -1.38893 -2.07867 5
      vertex -4.44456 -6.65176 5
      vertex -4.11282 -6.86183 5
    endloop
  endfacet
  facet normal -0 0 1
    outer loop
      vertex -7.23191 3.42044 5
      vertex -2.25997 1.06889 5
      vertex -7.05537 3.77117 5
    endloop
  endfacet
  facet normal 0 0 1
    outer loop
      vertex -1.48925 -2.00802 5
      vertex -4.76559 -6.42566 5
      vertex -4.44456 -6.65176 5
    endloop
  endfacet
  facet normal 0 0 1
    outer loop
      vertex -2.25997 1.06889 5
      vertex -7.23191 3.42044 5
      vertex -2.3097 0.956708 5
    endloop
  endfacet
  facet normal 0 0 1
    outer loop
      vertex -1.58598 -1.93253 5
      vertex -5.07515 -6.18408 5
      vertex -4.76559 -6.42566 5
    endloop
  endfacet
  facet normal -0 0 1
    outer loop
      vertex -7.39104 3.06147 5
      vertex -2.3097 0.956708 5
      vertex -7.23191 3.42044 5
    endloop
  endfacet
  facet normal 0 0 1
    outer loop
      vertex -1.6789 -1.85238 5
      vertex -5.37247 -5.92761 5
      vertex -5.07515 -6.18408 5
    endloop
  endfacet
  facet normal 0 0 1
    outer loop
      vertex -2.3097 0.956708 5
      vertex -7.39104 3.06147 5
      vertex -2.35386 0.842224 5
    endloop
  endfacet
  facet normal 0 0 1
    outer loop
      vertex -1.76777 -1.76777 5
      vertex -5.65685 -5.65685 5
      vertex -5.37247 -5.92761 5
    endloop
  endfacet
  facet normal -0 0 1
    outer loop
      vertex -7.53235 2.69512 5
      vertex -2.35386 0.842224 5
      vertex -7.39104 3.06147 5
    endloop
  endfacet
  facet normal 0 0 1
    outer loop
      vertex -1.85238 -1.6789 5
      vertex -5.92761 -5.37247 5
      vertex -5.65685 -5.65685 5
    endloop
  endfacet
  facet normal 0 0 1
    outer loop
      vertex -2.35386 0.842224 5
      vertex -7.53235 2.69512 5
      vertex -2.39235 0.725711 5
    endloop
  endfacet
  facet normal 0 0 1
    outer loop
      vertex -1.93253 -1.58598 5
      vertex -6.18408 -5.07515 5
      vertex -5.92761 -5.37247 5
    endloop
  endfacet
  facet normal -0 0 1
    outer loop
      vertex -7.65552 2.32228 5
      vertex -2.39235 0.725711 5
      vertex -7.53235 2.69512 5
    endloop
  endfacet
  facet normal 0 0 1
    outer loop
      vertex -2.00802 -1.48925 5
      vertex -6.42566 -4.76559 5
      vertex -6.18408 -5.07515 5
    endloop
  endfacet
  facet normal 0 0 1
    outer loop
      vertex -2.39235 0.725711 5
      vertex -7.65552 2.32228 5
      vertex -2.42508 0.60745 5
    endloop
  endfacet
  facet normal 0 0 1
    outer loop
      vertex -2.07867 -1.38893 5
      vertex -6.65176 -4.44456 5
      vertex -6.42566 -4.76559 5
    endloop
  endfacet
  facet normal -0 0 1
    outer loop
      vertex -7.76025 1.94384 5
      vertex -2.42508 0.60745 5
      vertex -7.65552 2.32228 5
    endloop
  endfacet
  facet normal 0 0 1
    outer loop
      vertex -2.14432 -1.28526 5
      vertex -6.86183 -4.11282 5
      vertex -6.65176 -4.44456 5
    endloop
  endfacet
  facet normal 0 0 1
    outer loop
      vertex -2.42508 0.60745 5
      vertex -7.76025 1.94384 5
      vertex -2.45196 0.487725 5
    endloop
  endfacet
  facet normal 0 0 1
    outer loop
      vertex -2.2048 -1.17849 5
      vertex -7.05537 -3.77117 5
      vertex -6.86183 -4.11282 5
    endloop
  endfacet
  facet normal -0 0 1
    outer loop
      vertex -7.84628 1.56072 5
      vertex -2.45196 0.487725 5
      vertex -7.76025 1.94384 5
    endloop
  endfacet
  facet normal 0 0 1
    outer loop
      vertex -2.25997 -1.06889 5
      vertex -7.23191 -3.42044 5
      vertex -7.05537 -3.77117 5
    endloop
  endfacet
  facet normal 0 0 1
    outer loop
      vertex -2.45196 0.487725 5
      vertex -7.84628 1.56072 5
      vertex -2.47294 0.366826 5
    endloop
  endfacet
  facet normal 0 0 1
    outer loop
      vertex -2.3097 -0.956708 5
      vertex -7.39104 -3.06147 5
      vertex -7.23191 -3.42044 5
    endloop
  endfacet
  facet normal -0 0 1
    outer loop
      vertex -7.91341 1.17384 5
      vertex -2.47294 0.366826 5
      vertex -7.84628 1.56072 5
    endloop
  endfacet
  facet normal 0 0 1
    outer loop
      vertex -2.35386 -0.842224 5
      vertex -7.53235 -2.69512 5
      vertex -7.39104 -3.06147 5
    endloop
  endfacet
  facet normal 0 0 1
    outer loop
      vertex -2.47294 0.366826 5
      vertex -7.91341 1.17384 5
      vertex -2.48796 0.245043 5
    endloop
  endfacet
  facet normal 0 0 1
    outer loop
      vertex -2.39235 -0.725711 5
      vertex -7.65552 -2.32228 5
      vertex -7.53235 -2.69512 5
    endloop
  endfacet
  facet normal -0 0 1
    outer loop
      vertex -7.96148 0.784137 5
      vertex -2.48796 0.245043 5
      vertex -7.91341 1.17384 5
    endloop
  endfacet
  facet normal 0 0 1
    outer loop
      vertex -2.42508 -0.60745 5
      vertex -7.76025 -1.94384 5
      vertex -7.65552 -2.32228 5
    endloop
  endfacet
  facet normal 0 0 1
    outer loop
      vertex -2.48796 0.245043 5
      vertex -7.96148 0.784137 5
      vertex -2.49699 0.122668 5
    endloop
  endfacet
  facet normal 0 0 1
    outer loop
      vertex -2.45196 -0.487725 5
      vertex -7.84628 -1.56072 5
      vertex -7.76025 -1.94384 5
    endloop
  endfacet
  facet normal -0 0 1
    outer loop
      vertex -7.99036 0.392541 5
      vertex -2.49699 0.122668 5
      vertex -7.96148 0.784137 5
    endloop
  endfacet
  facet normal 0 0 1
    outer loop
      vertex -2.47294 -0.366826 5
      vertex -7.91341 -1.17384 5
      vertex -7.84628 -1.56072 5
    endloop
  endfacet
  facet normal 0 0 1
    outer loop
      vertex -2.49699 0.122668 5
      vertex -7.99036 0.392541 5
      vertex -2.5 0 5
    endloop
  endfacet
  facet normal 0 0 1
    outer loop
      vertex -2.48796 -0.245043 5
      vertex -7.96148 -0.784137 5
      vertex -7.91341 -1.17384 5
    endloop
  endfacet
  facet normal 0 0 1
    outer loop
      vertex -8 0 5
      vertex -2.5 0 5
      vertex -7.99036 0.392541 5
    endloop
  endfacet
  facet normal 0 0 1
    outer loop
      vertex -2.49699 -0.122668 5
      vertex -7.99036 -0.392541 5
      vertex -7.96148 -0.784137 5
    endloop
  endfacet
  facet normal 0 0 1
    outer loop
      vertex -2.5 0 5
      vertex -8 0 5
      vertex -7.99036 -0.392541 5
    endloop
  endfacet
  facet normal -0.724237 0.689551 0
    outer loop
      vertex -5.92761 5.37247 0
      vertex -5.65685 5.65685 5
      vertex -5.65685 5.65685 0
    endloop
  endfacet
  facet normal -0.724237 0.689551 0
    outer loop
      vertex -5.65685 5.65685 5
      vertex -5.92761 5.37247 0
      vertex -5.92761 5.37247 5
    endloop
  endfacet
  facet normal -0.87009 0.492894 0
    outer loop
      vertex -7.05537 3.77117 0
      vertex -6.86183 4.11282 5
      vertex -6.86183 4.11282 0
    endloop
  endfacet
  facet normal -0.87009 0.492894 0
    outer loop
      vertex -6.86183 4.11282 5
      vertex -7.05537 3.77117 0
      vertex -7.05537 3.77117 5
    endloop
  endfacet
  facet normal -0.914201 0.405262 0
    outer loop
      vertex -7.39104 3.06147 0
      vertex -7.23191 3.42044 5
      vertex -7.23191 3.42044 0
    endloop
  endfacet
  facet normal -0.914201 0.405262 0
    outer loop
      vertex -7.23191 3.42044 5
      vertex -7.39104 3.06147 0
      vertex -7.39104 3.06147 5
    endloop
  endfacet
  facet normal -0.893227 0.449606 0
    outer loop
      vertex -7.23191 3.42044 0
      vertex -7.05537 3.77117 5
      vertex -7.05537 3.77117 0
    endloop
  endfacet
  facet normal -0.893227 0.449606 0
    outer loop
      vertex -7.05537 3.77117 5
      vertex -7.23191 3.42044 0
      vertex -7.23191 3.42044 5
    endloop
  endfacet
  facet normal -0.932999 0.35988 0
    outer loop
      vertex -7.53235 2.69512 0
      vertex -7.39104 3.06147 5
      vertex -7.39104 3.06147 0
    endloop
  endfacet
  facet normal -0.932999 0.35988 0
    outer loop
      vertex -7.39104 3.06147 5
      vertex -7.53235 2.69512 0
      vertex -7.53235 2.69512 5
    endloop
  endfacet
  facet normal -0.949528 0.313682 0
    outer loop
      vertex -7.65552 2.32228 0
      vertex -7.53235 2.69512 5
      vertex -7.53235 2.69512 0
    endloop
  endfacet
  facet normal -0.949528 0.313682 0
    outer loop
      vertex -7.53235 2.69512 5
      vertex -7.65552 2.32228 0
      vertex -7.65552 2.32228 5
    endloop
  endfacet
  facet normal -0.963775 0.266716 0
    outer loop
      vertex -7.76025 1.94384 0
      vertex -7.65552 2.32228 5
      vertex -7.65552 2.32228 0
    endloop
  endfacet
  facet normal -0.963775 0.266716 0
    outer loop
      vertex -7.65552 2.32228 5
      vertex -7.76025 1.94384 0
      vertex -7.76025 1.94384 5
    endloop
  endfacet
  facet normal -0.985278 0.170962 0
    outer loop
      vertex -7.91341 1.17384 0
      vertex -7.84628 1.56072 5
      vertex -7.84628 1.56072 0
    endloop
  endfacet
  facet normal -0.985278 0.170962 0
    outer loop
      vertex -7.84628 1.56072 5
      vertex -7.91341 1.17384 0
      vertex -7.91341 1.17384 5
    endloop
  endfacet
  facet normal -0.689551 0.724237 0
    outer loop
      vertex -5.37247 5.92761 0
      vertex -5.65685 5.65685 5
      vertex -5.37247 5.92761 5
    endloop
  endfacet
  facet normal -0.689551 0.724237 0
    outer loop
      vertex -5.65685 5.65685 5
      vertex -5.37247 5.92761 0
      vertex -5.65685 5.65685 0
    endloop
  endfacet
  facet normal -0.405262 0.914201 0
    outer loop
      vertex -3.06147 7.39104 0
      vertex -3.42044 7.23191 5
      vertex -3.06147 7.39104 5
    endloop
  endfacet
  facet normal -0.405262 0.914201 0
    outer loop
      vertex -3.42044 7.23191 5
      vertex -3.06147 7.39104 0
      vertex -3.42044 7.23191 0
    endloop
  endfacet
  facet normal -0.449606 0.893227 0
    outer loop
      vertex -3.42044 7.23191 0
      vertex -3.77117 7.05537 5
      vertex -3.42044 7.23191 5
    endloop
  endfacet
  facet normal -0.449606 0.893227 0
    outer loop
      vertex -3.77117 7.05537 5
      vertex -3.42044 7.23191 0
      vertex -3.77117 7.05537 0
    endloop
  endfacet
  facet normal -0.492894 0.87009 0
    outer loop
      vertex -3.77117 7.05537 0
      vertex -4.11282 6.86183 5
      vertex -3.77117 7.05537 5
    endloop
  endfacet
  facet normal -0.492894 0.87009 0
    outer loop
      vertex -4.11282 6.86183 5
      vertex -3.77117 7.05537 0
      vertex -4.11282 6.86183 0
    endloop
  endfacet
  facet normal -0.575817 0.817579 0
    outer loop
      vertex -4.44456 6.65176 0
      vertex -4.76559 6.42566 5
      vertex -4.44456 6.65176 5
    endloop
  endfacet
  facet normal -0.575817 0.817579 0
    outer loop
      vertex -4.76559 6.42566 5
      vertex -4.44456 6.65176 0
      vertex -4.76559 6.42566 0
    endloop
  endfacet
  facet normal -0.35988 0.932999 0
    outer loop
      vertex -2.69512 7.53235 0
      vertex -3.06147 7.39104 5
      vertex -2.69512 7.53235 5
    endloop
  endfacet
  facet normal -0.35988 0.932999 0
    outer loop
      vertex -3.06147 7.39104 5
      vertex -2.69512 7.53235 0
      vertex -3.06147 7.39104 0
    endloop
  endfacet
  facet normal -0.219095 0.975703 0
    outer loop
      vertex -1.56072 7.84628 0
      vertex -1.94384 7.76025 5
      vertex -1.56072 7.84628 5
    endloop
  endfacet
  facet normal -0.219095 0.975703 0
    outer loop
      vertex -1.94384 7.76025 5
      vertex -1.56072 7.84628 0
      vertex -1.94384 7.76025 0
    endloop
  endfacet
  facet normal -0.122423 0.992478 0
    outer loop
      vertex -0.784137 7.96148 0
      vertex -1.17384 7.91341 5
      vertex -0.784137 7.96148 5
    endloop
  endfacet
  facet normal -0.122423 0.992478 0
    outer loop
      vertex -1.17384 7.91341 5
      vertex -0.784137 7.96148 0
      vertex -1.17384 7.91341 0
    endloop
  endfacet
  facet normal -0.0245505 0.999699 0
    outer loop
      vertex 0 8 0
      vertex -0.392541 7.99036 5
      vertex 0 8 5
    endloop
  endfacet
  facet normal -0.0245505 0.999699 0
    outer loop
      vertex -0.392541 7.99036 5
      vertex 0 8 0
      vertex -0.392541 7.99036 0
    endloop
  endfacet
  facet normal -0.170962 0.985278 0
    outer loop
      vertex -1.17384 7.91341 0
      vertex -1.56072 7.84628 5
      vertex -1.17384 7.91341 5
    endloop
  endfacet
  facet normal -0.170962 0.985278 0
    outer loop
      vertex -1.56072 7.84628 5
      vertex -1.17384 7.91341 0
      vertex -1.56072 7.84628 0
    endloop
  endfacet
  facet normal 0.999699 0.0245505 0
    outer loop
      vertex 8 0 5
      vertex 7.99036 0.392541 0
      vertex 7.99036 0.392541 5
    endloop
  endfacet
  facet normal 0.999699 0.0245505 0
    outer loop
      vertex 7.99036 0.392541 0
      vertex 8 0 5
      vertex 8 0 0
    endloop
  endfacet
  facet normal 0.0245505 -0.999699 0
    outer loop
      vertex 0 -8 0
      vertex 0.392541 -7.99036 5
      vertex 0 -8 5
    endloop
  endfacet
  facet normal 0.0245505 -0.999699 0
    outer loop
      vertex 0.392541 -7.99036 5
      vertex 0 -8 0
      vertex 0.392541 -7.99036 0
    endloop
  endfacet
  facet normal 0.122423 -0.992478 0
    outer loop
      vertex 0.784137 -7.96148 0
      vertex 1.17384 -7.91341 5
      vertex 0.784137 -7.96148 5
    endloop
  endfacet
  facet normal 0.122423 -0.992478 0
    outer loop
      vertex 1.17384 -7.91341 5
      vertex 0.784137 -7.96148 0
      vertex 1.17384 -7.91341 0
    endloop
  endfacet
  facet normal 0.313682 -0.949528 0
    outer loop
      vertex 2.32228 -7.65552 0
      vertex 2.69512 -7.53235 5
      vertex 2.32228 -7.65552 5
    endloop
  endfacet
  facet normal 0.313682 -0.949528 0
    outer loop
      vertex 2.69512 -7.53235 5
      vertex 2.32228 -7.65552 0
      vertex 2.69512 -7.53235 0
    endloop
  endfacet
  facet normal 0.575817 -0.817579 0
    outer loop
      vertex 4.44456 -6.65176 0
      vertex 4.76559 -6.42566 5
      vertex 4.44456 -6.65176 5
    endloop
  endfacet
  facet normal 0.575817 -0.817579 0
    outer loop
      vertex 4.76559 -6.42566 5
      vertex 4.44456 -6.65176 0
      vertex 4.76559 -6.42566 0
    endloop
  endfacet
  facet normal 0.492894 -0.87009 0
    outer loop
      vertex 3.77117 -7.05537 0
      vertex 4.11282 -6.86183 5
      vertex 3.77117 -7.05537 5
    endloop
  endfacet
  facet normal 0.492894 -0.87009 0
    outer loop
      vertex 4.11282 -6.86183 5
      vertex 3.77117 -7.05537 0
      vertex 4.11282 -6.86183 0
    endloop
  endfacet
  facet normal 0.405262 -0.914201 0
    outer loop
      vertex 3.06147 -7.39104 0
      vertex 3.42044 -7.23191 5
      vertex 3.06147 -7.39104 5
    endloop
  endfacet
  facet normal 0.405262 -0.914201 0
    outer loop
      vertex 3.42044 -7.23191 5
      vertex 3.06147 -7.39104 0
      vertex 3.42044 -7.23191 0
    endloop
  endfacet
  facet normal 0.534994 -0.844856 0
    outer loop
      vertex 4.11282 -6.86183 0
      vertex 4.44456 -6.65176 5
      vertex 4.11282 -6.86183 5
    endloop
  endfacet
  facet normal 0.534994 -0.844856 0
    outer loop
      vertex 4.44456 -6.65176 5
      vertex 4.11282 -6.86183 0
      vertex 4.44456 -6.65176 0
    endloop
  endfacet
  facet normal 0.724237 -0.689551 0
    outer loop
      vertex 5.65685 -5.65685 5
      vertex 5.92761 -5.37247 0
      vertex 5.92761 -5.37247 5
    endloop
  endfacet
  facet normal 0.724237 -0.689551 0
    outer loop
      vertex 5.92761 -5.37247 0
      vertex 5.65685 -5.65685 5
      vertex 5.65685 -5.65685 0
    endloop
  endfacet
  facet normal 0.78835 -0.615227 0
    outer loop
      vertex 6.18408 -5.07515 5
      vertex 6.42566 -4.76559 0
      vertex 6.42566 -4.76559 5
    endloop
  endfacet
  facet normal 0.78835 -0.615227 0
    outer loop
      vertex 6.42566 -4.76559 0
      vertex 6.18408 -5.07515 5
      vertex 6.18408 -5.07515 0
    endloop
  endfacet
  facet normal 0.893227 -0.449606 0
    outer loop
      vertex 7.05537 -3.77117 5
      vertex 7.23191 -3.42044 0
      vertex 7.23191 -3.42044 5
    endloop
  endfacet
  facet normal 0.893227 -0.449606 0
    outer loop
      vertex 7.23191 -3.42044 0
      vertex 7.05537 -3.77117 5
      vertex 7.05537 -3.77117 0
    endloop
  endfacet
  facet normal 0.932999 -0.35988 0
    outer loop
      vertex 7.39104 -3.06147 5
      vertex 7.53235 -2.69512 0
      vertex 7.53235 -2.69512 5
    endloop
  endfacet
  facet normal 0.932999 -0.35988 0
    outer loop
      vertex 7.53235 -2.69512 0
      vertex 7.39104 -3.06147 5
      vertex 7.39104 -3.06147 0
    endloop
  endfacet
  facet normal 0.985278 -0.170962 0
    outer loop
      vertex 7.84628 -1.56072 5
      vertex 7.91341 -1.17384 0
      vertex 7.91341 -1.17384 5
    endloop
  endfacet
  facet normal 0.985278 -0.170962 0
    outer loop
      vertex 7.91341 -1.17384 0
      vertex 7.84628 -1.56072 5
      vertex 7.84628 -1.56072 0
    endloop
  endfacet
  facet normal 0.997292 -0.0735497 0
    outer loop
      vertex 7.96148 -0.784137 5
      vertex 7.99036 -0.392541 0
      vertex 7.99036 -0.392541 5
    endloop
  endfacet
  facet normal 0.997292 -0.0735497 0
    outer loop
      vertex 7.99036 -0.392541 0
      vertex 7.96148 -0.784137 5
      vertex 7.96148 -0.784137 0
    endloop
  endfacet
  facet normal 0.963775 -0.266716 0
    outer loop
      vertex 7.65552 -2.32228 5
      vertex 7.76025 -1.94384 0
      vertex 7.76025 -1.94384 5
    endloop
  endfacet
  facet normal 0.963775 -0.266716 0
    outer loop
      vertex 7.76025 -1.94384 0
      vertex 7.65552 -2.32228 5
      vertex 7.65552 -2.32228 0
    endloop
  endfacet
  facet normal -0.689551 -0.724237 0
    outer loop
      vertex -5.65685 -5.65685 0
      vertex -5.37247 -5.92761 5
      vertex -5.65685 -5.65685 5
    endloop
  endfacet
  facet normal -0.689551 -0.724237 -0
    outer loop
      vertex -5.37247 -5.92761 5
      vertex -5.65685 -5.65685 0
      vertex -5.37247 -5.92761 0
    endloop
  endfacet
  facet normal -0.405262 -0.914201 0
    outer loop
      vertex -3.42044 -7.23191 0
      vertex -3.06147 -7.39104 5
      vertex -3.42044 -7.23191 5
    endloop
  endfacet
  facet normal -0.405262 -0.914201 -0
    outer loop
      vertex -3.06147 -7.39104 5
      vertex -3.42044 -7.23191 0
      vertex -3.06147 -7.39104 0
    endloop
  endfacet
  facet normal -0.266716 -0.963775 0
    outer loop
      vertex -2.32228 -7.65552 0
      vertex -1.94384 -7.76025 5
      vertex -2.32228 -7.65552 5
    endloop
  endfacet
  facet normal -0.266716 -0.963775 -0
    outer loop
      vertex -1.94384 -7.76025 5
      vertex -2.32228 -7.65552 0
      vertex -1.94384 -7.76025 0
    endloop
  endfacet
  facet normal -0.170962 -0.985278 0
    outer loop
      vertex -1.56072 -7.84628 0
      vertex -1.17384 -7.91341 5
      vertex -1.56072 -7.84628 5
    endloop
  endfacet
  facet normal -0.170962 -0.985278 -0
    outer loop
      vertex -1.17384 -7.91341 5
      vertex -1.56072 -7.84628 0
      vertex -1.17384 -7.91341 0
    endloop
  endfacet
  facet normal -0.534994 -0.844856 0
    outer loop
      vertex -4.44456 -6.65176 0
      vertex -4.11282 -6.86183 5
      vertex -4.44456 -6.65176 5
    endloop
  endfacet
  facet normal -0.534994 -0.844856 -0
    outer loop
      vertex -4.11282 -6.86183 5
      vertex -4.44456 -6.65176 0
      vertex -4.11282 -6.86183 0
    endloop
  endfacet
  facet normal -0.449606 -0.893227 0
    outer loop
      vertex -3.77117 -7.05537 0
      vertex -3.42044 -7.23191 5
      vertex -3.77117 -7.05537 5
    endloop
  endfacet
  facet normal -0.449606 -0.893227 -0
    outer loop
      vertex -3.42044 -7.23191 5
      vertex -3.77117 -7.05537 0
      vertex -3.42044 -7.23191 0
    endloop
  endfacet
  facet normal -0.615227 -0.78835 0
    outer loop
      vertex -5.07515 -6.18408 0
      vertex -4.76559 -6.42566 5
      vertex -5.07515 -6.18408 5
    endloop
  endfacet
  facet normal -0.615227 -0.78835 -0
    outer loop
      vertex -4.76559 -6.42566 5
      vertex -5.07515 -6.18408 0
      vertex -4.76559 -6.42566 0
    endloop
  endfacet
  facet normal -0.817579 -0.575817 0
    outer loop
      vertex -6.42566 -4.76559 0
      vertex -6.65176 -4.44456 5
      vertex -6.65176 -4.44456 0
    endloop
  endfacet
  facet normal -0.817579 -0.575817 0
    outer loop
      vertex -6.65176 -4.44456 5
      vertex -6.42566 -4.76559 0
      vertex -6.42566 -4.76559 5
    endloop
  endfacet
  facet normal -0.757209 -0.653173 0
    outer loop
      vertex -5.92761 -5.37247 0
      vertex -6.18408 -5.07515 5
      vertex -6.18408 -5.07515 0
    endloop
  endfacet
  facet normal -0.757209 -0.653173 0
    outer loop
      vertex -6.18408 -5.07515 5
      vertex -5.92761 -5.37247 0
      vertex -5.92761 -5.37247 5
    endloop
  endfacet
  facet normal -0.87009 -0.492894 0
    outer loop
      vertex -6.86183 -4.11282 0
      vertex -7.05537 -3.77117 5
      vertex -7.05537 -3.77117 0
    endloop
  endfacet
  facet normal -0.87009 -0.492894 0
    outer loop
      vertex -7.05537 -3.77117 5
      vertex -6.86183 -4.11282 0
      vertex -6.86183 -4.11282 5
    endloop
  endfacet
  facet normal -0.992478 -0.122423 0
    outer loop
      vertex -7.91341 -1.17384 0
      vertex -7.96148 -0.784137 5
      vertex -7.96148 -0.784137 0
    endloop
  endfacet
  facet normal -0.992478 -0.122423 0
    outer loop
      vertex -7.96148 -0.784137 5
      vertex -7.91341 -1.17384 0
      vertex -7.91341 -1.17384 5
    endloop
  endfacet
  facet normal -0.999699 -0.0245505 0
    outer loop
      vertex -7.99036 -0.392541 0
      vertex -8 0 5
      vertex -8 0 0
    endloop
  endfacet
  facet normal -0.999699 -0.0245505 0
    outer loop
      vertex -8 0 5
      vertex -7.99036 -0.392541 0
      vertex -7.99036 -0.392541 5
    endloop
  endfacet
  facet normal -0.949528 -0.313682 0
    outer loop
      vertex -7.53235 -2.69512 0
      vertex -7.65552 -2.32228 5
      vertex -7.65552 -2.32228 0
    endloop
  endfacet
  facet normal -0.949528 -0.313682 0
    outer loop
      vertex -7.65552 -2.32228 5
      vertex -7.53235 -2.69512 0
      vertex -7.53235 -2.69512 5
    endloop
  endfacet
  facet normal -0.975703 -0.219095 0
    outer loop
      vertex -7.76025 -1.94384 0
      vertex -7.84628 -1.56072 5
      vertex -7.84628 -1.56072 0
    endloop
  endfacet
  facet normal -0.975703 -0.219095 0
    outer loop
      vertex -7.84628 -1.56072 5
      vertex -7.76025 -1.94384 0
      vertex -7.76025 -1.94384 5
    endloop
  endfacet
  facet normal -0.932999 -0.35988 0
    outer loop
      vertex -7.39104 -3.06147 0
      vertex -7.53235 -2.69512 5
      vertex -7.53235 -2.69512 0
    endloop
  endfacet
  facet normal -0.932999 -0.35988 0
    outer loop
      vertex -7.53235 -2.69512 5
      vertex -7.39104 -3.06147 0
      vertex -7.39104 -3.06147 5
    endloop
  endfacet
  facet normal 0.985278 0.170962 0
    outer loop
      vertex 7.91341 1.17384 5
      vertex 7.84628 1.56072 0
      vertex 7.84628 1.56072 5
    endloop
  endfacet
  facet normal 0.985278 0.170962 0
    outer loop
      vertex 7.84628 1.56072 0
      vertex 7.91341 1.17384 5
      vertex 7.91341 1.17384 0
    endloop
  endfacet
  facet normal 0.992478 0.122423 0
    outer loop
      vertex 7.96148 0.784137 5
      vertex 7.91341 1.17384 0
      vertex 7.91341 1.17384 5
    endloop
  endfacet
  facet normal 0.992478 0.122423 0
    outer loop
      vertex 7.91341 1.17384 0
      vertex 7.96148 0.784137 5
      vertex 7.96148 0.784137 0
    endloop
  endfacet
  facet normal -0.817579 0.575817 0
    outer loop
      vertex -6.65176 4.44456 0
      vertex -6.42566 4.76559 5
      vertex -6.42566 4.76559 0
    endloop
  endfacet
  facet normal -0.817579 0.575817 0
    outer loop
      vertex -6.42566 4.76559 5
      vertex -6.65176 4.44456 0
      vertex -6.65176 4.44456 5
    endloop
  endfacet
  facet normal -0.78835 0.615227 0
    outer loop
      vertex -6.42566 4.76559 0
      vertex -6.18408 5.07515 5
      vertex -6.18408 5.07515 0
    endloop
  endfacet
  facet normal -0.78835 0.615227 0
    outer loop
      vertex -6.18408 5.07515 5
      vertex -6.42566 4.76559 0
      vertex -6.42566 4.76559 5
    endloop
  endfacet
  facet normal -0.757209 0.653173 0
    outer loop
      vertex -6.18408 5.07515 0
      vertex -5.92761 5.37247 5
      vertex -5.92761 5.37247 0
    endloop
  endfacet
  facet normal -0.757209 0.653173 0
    outer loop
      vertex -5.92761 5.37247 5
      vertex -6.18408 5.07515 0
      vertex -6.18408 5.07515 5
    endloop
  endfacet
  facet normal 0.170962 -0.985278 0
    outer loop
      vertex 1.17384 -7.91341 0
      vertex 1.56072 -7.84628 5
      vertex 1.17384 -7.91341 5
    endloop
  endfacet
  facet normal 0.170962 -0.985278 0
    outer loop
      vertex 1.56072 -7.84628 5
      vertex 1.17384 -7.91341 0
      vertex 1.56072 -7.84628 0
    endloop
  endfacet
  facet normal 0.266716 -0.963775 0
    outer loop
      vertex 1.94384 -7.76025 0
      vertex 2.32228 -7.65552 5
      vertex 1.94384 -7.76025 5
    endloop
  endfacet
  facet normal 0.266716 -0.963775 0
    outer loop
      vertex 2.32228 -7.65552 5
      vertex 1.94384 -7.76025 0
      vertex 2.32228 -7.65552 0
    endloop
  endfacet
  facet normal 0.35988 -0.932999 0
    outer loop
      vertex 2.69512 -7.53235 0
      vertex 3.06147 -7.39104 5
      vertex 2.69512 -7.53235 5
    endloop
  endfacet
  facet normal 0.35988 -0.932999 0
    outer loop
      vertex 3.06147 -7.39104 5
      vertex 2.69512 -7.53235 0
      vertex 3.06147 -7.39104 0
    endloop
  endfacet
  facet normal 0.689551 -0.724237 0
    outer loop
      vertex 5.37247 -5.92761 0
      vertex 5.65685 -5.65685 5
      vertex 5.37247 -5.92761 5
    endloop
  endfacet
  facet normal 0.689551 -0.724237 0
    outer loop
      vertex 5.65685 -5.65685 5
      vertex 5.37247 -5.92761 0
      vertex 5.65685 -5.65685 0
    endloop
  endfacet
  facet normal 0.615227 -0.78835 0
    outer loop
      vertex 4.76559 -6.42566 0
      vertex 5.07515 -6.18408 5
      vertex 4.76559 -6.42566 5
    endloop
  endfacet
  facet normal 0.615227 -0.78835 0
    outer loop
      vertex 5.07515 -6.18408 5
      vertex 4.76559 -6.42566 0
      vertex 5.07515 -6.18408 0
    endloop
  endfacet
  facet normal 0.449606 -0.893227 0
    outer loop
      vertex 3.42044 -7.23191 0
      vertex 3.77117 -7.05537 5
      vertex 3.42044 -7.23191 5
    endloop
  endfacet
  facet normal 0.449606 -0.893227 0
    outer loop
      vertex 3.77117 -7.05537 5
      vertex 3.42044 -7.23191 0
      vertex 3.77117 -7.05537 0
    endloop
  endfacet
  facet normal 0.817579 -0.575817 0
    outer loop
      vertex 6.42566 -4.76559 5
      vertex 6.65176 -4.44456 0
      vertex 6.65176 -4.44456 5
    endloop
  endfacet
  facet normal 0.817579 -0.575817 0
    outer loop
      vertex 6.65176 -4.44456 0
      vertex 6.42566 -4.76559 5
      vertex 6.42566 -4.76559 0
    endloop
  endfacet
  facet normal 0.87009 -0.492894 0
    outer loop
      vertex 6.86183 -4.11282 5
      vertex 7.05537 -3.77117 0
      vertex 7.05537 -3.77117 5
    endloop
  endfacet
  facet normal 0.87009 -0.492894 0
    outer loop
      vertex 7.05537 -3.77117 0
      vertex 6.86183 -4.11282 5
      vertex 6.86183 -4.11282 0
    endloop
  endfacet
  facet normal 0.914201 -0.405262 0
    outer loop
      vertex 7.23191 -3.42044 5
      vertex 7.39104 -3.06147 0
      vertex 7.39104 -3.06147 5
    endloop
  endfacet
  facet normal 0.914201 -0.405262 0
    outer loop
      vertex 7.39104 -3.06147 0
      vertex 7.23191 -3.42044 5
      vertex 7.23191 -3.42044 0
    endloop
  endfacet
  facet normal 0.949528 -0.313682 0
    outer loop
      vertex 7.53235 -2.69512 5
      vertex 7.65552 -2.32228 0
      vertex 7.65552 -2.32228 5
    endloop
  endfacet
  facet normal 0.949528 -0.313682 0
    outer loop
      vertex 7.65552 -2.32228 0
      vertex 7.53235 -2.69512 5
      vertex 7.53235 -2.69512 0
    endloop
  endfacet
  facet normal 0.975703 -0.219095 0
    outer loop
      vertex 7.76025 -1.94384 5
      vertex 7.84628 -1.56072 0
      vertex 7.84628 -1.56072 5
    endloop
  endfacet
  facet normal 0.975703 -0.219095 0
    outer loop
      vertex 7.84628 -1.56072 0
      vertex 7.76025 -1.94384 5
      vertex 7.76025 -1.94384 0
    endloop
  endfacet
  facet normal -0.313682 -0.949528 0
    outer loop
      vertex -2.69512 -7.53235 0
      vertex -2.32228 -7.65552 5
      vertex -2.69512 -7.53235 5
    endloop
  endfacet
  facet normal -0.313682 -0.949528 -0
    outer loop
      vertex -2.32228 -7.65552 5
      vertex -2.69512 -7.53235 0
      vertex -2.32228 -7.65552 0
    endloop
  endfacet
  facet normal -0.219095 -0.975703 0
    outer loop
      vertex -1.94384 -7.76025 0
      vertex -1.56072 -7.84628 5
      vertex -1.94384 -7.76025 5
    endloop
  endfacet
  facet normal -0.219095 -0.975703 -0
    outer loop
      vertex -1.56072 -7.84628 5
      vertex -1.94384 -7.76025 0
      vertex -1.56072 -7.84628 0
    endloop
  endfacet
  facet normal -0.0245505 -0.999699 0
    outer loop
      vertex -0.392541 -7.99036 0
      vertex 0 -8 5
      vertex -0.392541 -7.99036 5
    endloop
  endfacet
  facet normal -0.0245505 -0.999699 -0
    outer loop
      vertex 0 -8 5
      vertex -0.392541 -7.99036 0
      vertex 0 -8 0
    endloop
  endfacet
  facet normal -0.122423 -0.992478 0
    outer loop
      vertex -1.17384 -7.91341 0
      vertex -0.784137 -7.96148 5
      vertex -1.17384 -7.91341 5
    endloop
  endfacet
  facet normal -0.122423 -0.992478 -0
    outer loop
      vertex -0.784137 -7.96148 5
      vertex -1.17384 -7.91341 0
      vertex -0.784137 -7.96148 0
    endloop
  endfacet
  facet normal -0.492894 -0.87009 0
    outer loop
      vertex -4.11282 -6.86183 0
      vertex -3.77117 -7.05537 5
      vertex -4.11282 -6.86183 5
    endloop
  endfacet
  facet normal -0.492894 -0.87009 -0
    outer loop
      vertex -3.77117 -7.05537 5
      vertex -4.11282 -6.86183 0
      vertex -3.77117 -7.05537 0
    endloop
  endfacet
  facet normal -0.653173 -0.757209 0
    outer loop
      vertex -5.37247 -5.92761 0
      vertex -5.07515 -6.18408 5
      vertex -5.37247 -5.92761 5
    endloop
  endfacet
  facet normal -0.653173 -0.757209 -0
    outer loop
      vertex -5.07515 -6.18408 5
      vertex -5.37247 -5.92761 0
      vertex -5.07515 -6.18408 0
    endloop
  endfacet
  facet normal -0.575817 -0.817579 0
    outer loop
      vertex -4.76559 -6.42566 0
      vertex -4.44456 -6.65176 5
      vertex -4.76559 -6.42566 5
    endloop
  endfacet
  facet normal -0.575817 -0.817579 -0
    outer loop
      vertex -4.44456 -6.65176 5
      vertex -4.76559 -6.42566 0
      vertex -4.44456 -6.65176 0
    endloop
  endfacet
  facet normal -0.78835 -0.615227 0
    outer loop
      vertex -6.18408 -5.07515 0
      vertex -6.42566 -4.76559 5
      vertex -6.42566 -4.76559 0
    endloop
  endfacet
  facet normal -0.78835 -0.615227 0
    outer loop
      vertex -6.42566 -4.76559 5
      vertex -6.18408 -5.07515 0
      vertex -6.18408 -5.07515 5
    endloop
  endfacet
  facet normal -0.724237 -0.689551 0
    outer loop
      vertex -5.65685 -5.65685 0
      vertex -5.92761 -5.37247 5
      vertex -5.92761 -5.37247 0
    endloop
  endfacet
  facet normal -0.724237 -0.689551 0
    outer loop
      vertex -5.92761 -5.37247 5
      vertex -5.65685 -5.65685 0
      vertex -5.65685 -5.65685 5
    endloop
  endfacet
  facet normal -0.844856 -0.534994 0
    outer loop
      vertex -6.65176 -4.44456 0
      vertex -6.86183 -4.11282 5
      vertex -6.86183 -4.11282 0
    endloop
  endfacet
  facet normal -0.844856 -0.534994 0
    outer loop
      vertex -6.86183 -4.11282 5
      vertex -6.65176 -4.44456 0
      vertex -6.65176 -4.44456 5
    endloop
  endfacet
  facet normal -0.893227 -0.449606 0
    outer loop
      vertex -7.05537 -3.77117 0
      vertex -7.23191 -3.42044 5
      vertex -7.23191 -3.42044 0
    endloop
  endfacet
  facet normal -0.893227 -0.449606 0
    outer loop
      vertex -7.23191 -3.42044 5
      vertex -7.05537 -3.77117 0
      vertex -7.05537 -3.77117 5
    endloop
  endfacet
  facet normal -0.985278 -0.170962 0
    outer loop
      vertex -7.84628 -1.56072 0
      vertex -7.91341 -1.17384 5
      vertex -7.91341 -1.17384 0
    endloop
  endfacet
  facet normal -0.985278 -0.170962 0
    outer loop
      vertex -7.91341 -1.17384 5
      vertex -7.84628 -1.56072 0
      vertex -7.84628 -1.56072 5
    endloop
  endfacet
  facet normal -0.997292 -0.0735497 0
    outer loop
      vertex -7.96148 -0.784137 0
      vertex -7.99036 -0.392541 5
      vertex -7.99036 -0.392541 0
    endloop
  endfacet
  facet normal -0.997292 -0.0735497 0
    outer loop
      vertex -7.99036 -0.392541 5
      vertex -7.96148 -0.784137 0
      vertex -7.96148 -0.784137 5
    endloop
  endfacet
  facet normal -0.963775 -0.266716 0
    outer loop
      vertex -7.65552 -2.32228 0
      vertex -7.76025 -1.94384 5
      vertex -7.76025 -1.94384 0
    endloop
  endfacet
  facet normal -0.963775 -0.266716 0
    outer loop
      vertex -7.76025 -1.94384 5
      vertex -7.65552 -2.32228 0
      vertex -7.65552 -2.32228 5
    endloop
  endfacet
  facet normal 0.0735497 -0.997292 0
    outer loop
      vertex 0.392541 -7.99036 0
      vertex 0.784137 -7.96148 5
      vertex 0.392541 -7.99036 5
    endloop
  endfacet
  facet normal 0.0735497 -0.997292 0
    outer loop
      vertex 0.784137 -7.96148 5
      vertex 0.392541 -7.99036 0
      vertex 0.784137 -7.96148 0
    endloop
  endfacet
  facet normal 0.757209 -0.653173 0
    outer loop
      vertex 5.92761 -5.37247 5
      vertex 6.18408 -5.07515 0
      vertex 6.18408 -5.07515 5
    endloop
  endfacet
  facet normal 0.757209 -0.653173 0
    outer loop
      vertex 6.18408 -5.07515 0
      vertex 5.92761 -5.37247 5
      vertex 5.92761 -5.37247 0
    endloop
  endfacet
  facet normal 0.992478 -0.122423 0
    outer loop
      vertex 7.91341 -1.17384 5
      vertex 7.96148 -0.784137 0
      vertex 7.96148 -0.784137 5
    endloop
  endfacet
  facet normal 0.992478 -0.122423 0
    outer loop
      vertex 7.96148 -0.784137 0
      vertex 7.91341 -1.17384 5
      vertex 7.91341 -1.17384 0
    endloop
  endfacet
  facet normal -0.689535 -0.724252 0
    outer loop
      vertex 1.6789 1.85238 0
      vertex 1.76777 1.76777 5
      vertex 1.6789 1.85238 5
    endloop
  endfacet
  facet normal -0.689535 -0.724252 -0
    outer loop
      vertex 1.76777 1.76777 5
      vertex 1.6789 1.85238 0
      vertex 1.76777 1.76777 0
    endloop
  endfacet
  facet normal 0.359885 -0.932996 0
    outer loop
      vertex -0.956708 2.3097 0
      vertex -0.842224 2.35386 5
      vertex -0.956708 2.3097 5
    endloop
  endfacet
  facet normal 0.359885 -0.932996 0
    outer loop
      vertex -0.842224 2.35386 5
      vertex -0.956708 2.3097 0
      vertex -0.842224 2.35386 0
    endloop
  endfacet
  facet normal 0.9142 -0.405263 0
    outer loop
      vertex -2.3097 0.956708 5
      vertex -2.25997 1.06889 0
      vertex -2.25997 1.06889 5
    endloop
  endfacet
  facet normal 0.9142 -0.405263 0
    outer loop
      vertex -2.25997 1.06889 0
      vertex -2.3097 0.956708 5
      vertex -2.3097 0.956708 0
    endloop
  endfacet
  facet normal 0.405263 0.9142 -0
    outer loop
      vertex -0.956708 -2.3097 0
      vertex -1.06889 -2.25997 5
      vertex -0.956708 -2.3097 5
    endloop
  endfacet
  facet normal 0.405263 0.9142 0
    outer loop
      vertex -1.06889 -2.25997 5
      vertex -0.956708 -2.3097 0
      vertex -1.06889 -2.25997 0
    endloop
  endfacet
  facet normal -0.94953 -0.313677 0
    outer loop
      vertex 2.39235 0.725711 0
      vertex 2.35386 0.842224 5
      vertex 2.35386 0.842224 0
    endloop
  endfacet
  facet normal -0.94953 -0.313677 0
    outer loop
      vertex 2.35386 0.842224 5
      vertex 2.39235 0.725711 0
      vertex 2.39235 0.725711 5
    endloop
  endfacet
  facet normal -0.893218 -0.449624 0
    outer loop
      vertex 2.25997 1.06889 0
      vertex 2.2048 1.17849 5
      vertex 2.2048 1.17849 0
    endloop
  endfacet
  facet normal -0.893218 -0.449624 0
    outer loop
      vertex 2.2048 1.17849 5
      vertex 2.25997 1.06889 0
      vertex 2.25997 1.06889 5
    endloop
  endfacet
  facet normal -0.405263 -0.9142 0
    outer loop
      vertex 0.956708 2.3097 0
      vertex 1.06889 2.25997 5
      vertex 0.956708 2.3097 5
    endloop
  endfacet
  facet normal -0.405263 -0.9142 -0
    outer loop
      vertex 1.06889 2.25997 5
      vertex 0.956708 2.3097 0
      vertex 1.06889 2.25997 0
    endloop
  endfacet
  facet normal 0.724252 -0.689535 0
    outer loop
      vertex -1.85238 1.6789 5
      vertex -1.76777 1.76777 0
      vertex -1.76777 1.76777 5
    endloop
  endfacet
  facet normal 0.724252 -0.689535 0
    outer loop
      vertex -1.76777 1.76777 0
      vertex -1.85238 1.6789 5
      vertex -1.85238 1.6789 0
    endloop
  endfacet
  facet normal 0.170978 -0.985275 0
    outer loop
      vertex -0.487725 2.45196 0
      vertex -0.366826 2.47294 5
      vertex -0.487725 2.45196 5
    endloop
  endfacet
  facet normal 0.170978 -0.985275 0
    outer loop
      vertex -0.366826 2.47294 5
      vertex -0.487725 2.45196 0
      vertex -0.366826 2.47294 0
    endloop
  endfacet
  facet normal -0.932996 0.359885 0
    outer loop
      vertex 2.3097 -0.956708 0
      vertex 2.35386 -0.842224 5
      vertex 2.35386 -0.842224 0
    endloop
  endfacet
  facet normal -0.932996 0.359885 0
    outer loop
      vertex 2.35386 -0.842224 5
      vertex 2.3097 -0.956708 0
      vertex 2.3097 -0.956708 5
    endloop
  endfacet
  facet normal 0.689535 0.724252 -0
    outer loop
      vertex -1.6789 -1.85238 0
      vertex -1.76777 -1.76777 5
      vertex -1.6789 -1.85238 5
    endloop
  endfacet
  facet normal 0.689535 0.724252 0
    outer loop
      vertex -1.76777 -1.76777 5
      vertex -1.6789 -1.85238 0
      vertex -1.76777 -1.76777 0
    endloop
  endfacet
  facet normal -0.975711 -0.219061 0
    outer loop
      vertex 2.45196 0.487725 0
      vertex 2.42508 0.60745 5
      vertex 2.42508 0.60745 0
    endloop
  endfacet
  facet normal -0.975711 -0.219061 0
    outer loop
      vertex 2.42508 0.60745 5
      vertex 2.45196 0.487725 0
      vertex 2.45196 0.487725 5
    endloop
  endfacet
  facet normal -0.844847 -0.535007 0
    outer loop
      vertex 2.14432 1.28526 0
      vertex 2.07867 1.38893 5
      vertex 2.07867 1.38893 0
    endloop
  endfacet
  facet normal -0.844847 -0.535007 0
    outer loop
      vertex 2.07867 1.38893 5
      vertex 2.14432 1.28526 0
      vertex 2.14432 1.28526 5
    endloop
  endfacet
  facet normal -0.57579 -0.817598 0
    outer loop
      vertex 1.38893 2.07867 0
      vertex 1.48925 2.00802 5
      vertex 1.38893 2.07867 5
    endloop
  endfacet
  facet normal -0.57579 -0.817598 -0
    outer loop
      vertex 1.48925 2.00802 5
      vertex 1.38893 2.07867 0
      vertex 1.48925 2.00802 0
    endloop
  endfacet
  facet normal -0.0245304 -0.999699 0
    outer loop
      vertex 0 2.5 0
      vertex 0.122668 2.49699 5
      vertex 0 2.5 5
    endloop
  endfacet
  facet normal -0.0245304 -0.999699 -0
    outer loop
      vertex 0.122668 2.49699 5
      vertex 0 2.5 0
      vertex 0.122668 2.49699 0
    endloop
  endfacet
  facet normal -0.219061 -0.975711 0
    outer loop
      vertex 0.487725 2.45196 0
      vertex 0.60745 2.42508 5
      vertex 0.487725 2.45196 5
    endloop
  endfacet
  facet normal -0.219061 -0.975711 -0
    outer loop
      vertex 0.60745 2.42508 5
      vertex 0.487725 2.45196 0
      vertex 0.60745 2.42508 0
    endloop
  endfacet
  facet normal 0.999699 -0.0245304 0
    outer loop
      vertex -2.5 0 5
      vertex -2.49699 0.122668 0
      vertex -2.49699 0.122668 5
    endloop
  endfacet
  facet normal 0.999699 -0.0245304 0
    outer loop
      vertex -2.49699 0.122668 0
      vertex -2.5 0 5
      vertex -2.5 0 0
    endloop
  endfacet
  facet normal 0.975711 -0.219061 0
    outer loop
      vertex -2.45196 0.487725 5
      vertex -2.42508 0.60745 0
      vertex -2.42508 0.60745 5
    endloop
  endfacet
  facet normal 0.975711 -0.219061 0
    outer loop
      vertex -2.42508 0.60745 0
      vertex -2.45196 0.487725 5
      vertex -2.45196 0.487725 0
    endloop
  endfacet
  facet normal 0.817598 -0.57579 0
    outer loop
      vertex -2.07867 1.38893 5
      vertex -2.00802 1.48925 0
      vertex -2.00802 1.48925 5
    endloop
  endfacet
  facet normal 0.817598 -0.57579 0
    outer loop
      vertex -2.00802 1.48925 0
      vertex -2.07867 1.38893 5
      vertex -2.07867 1.38893 0
    endloop
  endfacet
  facet normal 0.0735895 -0.997289 0
    outer loop
      vertex -0.245043 2.48796 0
      vertex -0.122668 2.49699 5
      vertex -0.245043 2.48796 5
    endloop
  endfacet
  facet normal 0.0735895 -0.997289 0
    outer loop
      vertex -0.122668 2.49699 5
      vertex -0.245043 2.48796 0
      vertex -0.122668 2.49699 0
    endloop
  endfacet
  facet normal 0.535007 -0.844847 0
    outer loop
      vertex -1.38893 2.07867 0
      vertex -1.28526 2.14432 5
      vertex -1.38893 2.07867 5
    endloop
  endfacet
  facet normal 0.535007 -0.844847 0
    outer loop
      vertex -1.28526 2.14432 5
      vertex -1.38893 2.07867 0
      vertex -1.28526 2.14432 0
    endloop
  endfacet
  facet normal 0.449624 -0.893218 0
    outer loop
      vertex -1.17849 2.2048 0
      vertex -1.06889 2.25997 5
      vertex -1.17849 2.2048 5
    endloop
  endfacet
  facet normal 0.449624 -0.893218 0
    outer loop
      vertex -1.06889 2.25997 5
      vertex -1.17849 2.2048 0
      vertex -1.06889 2.25997 0
    endloop
  endfacet
  facet normal -0.999699 -0.0245304 0
    outer loop
      vertex 2.5 0 0
      vertex 2.49699 0.122668 5
      vertex 2.49699 0.122668 0
    endloop
  endfacet
  facet normal -0.999699 -0.0245304 0
    outer loop
      vertex 2.49699 0.122668 5
      vertex 2.5 0 0
      vertex 2.5 0 5
    endloop
  endfacet
  facet normal -0.724252 0.689535 0
    outer loop
      vertex 1.76777 -1.76777 0
      vertex 1.85238 -1.6789 5
      vertex 1.85238 -1.6789 0
    endloop
  endfacet
  facet normal -0.724252 0.689535 0
    outer loop
      vertex 1.85238 -1.6789 5
      vertex 1.76777 -1.76777 0
      vertex 1.76777 -1.76777 5
    endloop
  endfacet
  facet normal 0.0245304 0.999699 -0
    outer loop
      vertex 0 -2.5 0
      vertex -0.122668 -2.49699 5
      vertex 0 -2.5 5
    endloop
  endfacet
  facet normal 0.0245304 0.999699 0
    outer loop
      vertex -0.122668 -2.49699 5
      vertex 0 -2.5 0
      vertex -0.122668 -2.49699 0
    endloop
  endfacet
  facet normal 0.932996 0.359885 0
    outer loop
      vertex -2.3097 -0.956708 5
      vertex -2.35386 -0.842224 0
      vertex -2.35386 -0.842224 5
    endloop
  endfacet
  facet normal 0.932996 0.359885 0
    outer loop
      vertex -2.35386 -0.842224 0
      vertex -2.3097 -0.956708 5
      vertex -2.3097 -0.956708 0
    endloop
  endfacet
  facet normal 0.893218 0.449624 0
    outer loop
      vertex -2.2048 -1.17849 5
      vertex -2.25997 -1.06889 0
      vertex -2.25997 -1.06889 5
    endloop
  endfacet
  facet normal 0.893218 0.449624 0
    outer loop
      vertex -2.25997 -1.06889 0
      vertex -2.2048 -1.17849 5
      vertex -2.2048 -1.17849 0
    endloop
  endfacet
  facet normal 0.817598 0.57579 0
    outer loop
      vertex -2.00802 -1.48925 5
      vertex -2.07867 -1.38893 0
      vertex -2.07867 -1.38893 5
    endloop
  endfacet
  facet normal 0.817598 0.57579 0
    outer loop
      vertex -2.07867 -1.38893 0
      vertex -2.00802 -1.48925 5
      vertex -2.00802 -1.48925 0
    endloop
  endfacet
  facet normal -0.99248 -0.122407 0
    outer loop
      vertex 2.48796 0.245043 0
      vertex 2.47294 0.366826 5
      vertex 2.47294 0.366826 0
    endloop
  endfacet
  facet normal -0.99248 -0.122407 0
    outer loop
      vertex 2.47294 0.366826 5
      vertex 2.48796 0.245043 0
      vertex 2.48796 0.245043 5
    endloop
  endfacet
  facet normal -0.997289 -0.0735895 0
    outer loop
      vertex 2.49699 0.122668 0
      vertex 2.48796 0.245043 5
      vertex 2.48796 0.245043 0
    endloop
  endfacet
  facet normal -0.997289 -0.0735895 0
    outer loop
      vertex 2.48796 0.245043 5
      vertex 2.49699 0.122668 0
      vertex 2.49699 0.122668 5
    endloop
  endfacet
  facet normal -0.985275 -0.170978 0
    outer loop
      vertex 2.47294 0.366826 0
      vertex 2.45196 0.487725 5
      vertex 2.45196 0.487725 0
    endloop
  endfacet
  facet normal -0.985275 -0.170978 0
    outer loop
      vertex 2.45196 0.487725 5
      vertex 2.47294 0.366826 0
      vertex 2.47294 0.366826 5
    endloop
  endfacet
  facet normal -0.9142 -0.405263 0
    outer loop
      vertex 2.3097 0.956708 0
      vertex 2.25997 1.06889 5
      vertex 2.25997 1.06889 0
    endloop
  endfacet
  facet normal -0.9142 -0.405263 0
    outer loop
      vertex 2.25997 1.06889 5
      vertex 2.3097 0.956708 0
      vertex 2.3097 0.956708 5
    endloop
  endfacet
  facet normal -0.932996 -0.359885 0
    outer loop
      vertex 2.35386 0.842224 0
      vertex 2.3097 0.956708 5
      vertex 2.3097 0.956708 0
    endloop
  endfacet
  facet normal -0.932996 -0.359885 0
    outer loop
      vertex 2.3097 0.956708 5
      vertex 2.35386 0.842224 0
      vertex 2.35386 0.842224 5
    endloop
  endfacet
  facet normal -0.96377 -0.266734 0
    outer loop
      vertex 2.42508 0.60745 0
      vertex 2.39235 0.725711 5
      vertex 2.39235 0.725711 0
    endloop
  endfacet
  facet normal -0.96377 -0.266734 0
    outer loop
      vertex 2.39235 0.725711 5
      vertex 2.42508 0.60745 0
      vertex 2.42508 0.60745 5
    endloop
  endfacet
  facet normal -0.870103 -0.492871 0
    outer loop
      vertex 2.2048 1.17849 0
      vertex 2.14432 1.28526 5
      vertex 2.14432 1.28526 0
    endloop
  endfacet
  facet normal -0.870103 -0.492871 0
    outer loop
      vertex 2.14432 1.28526 5
      vertex 2.2048 1.17849 0
      vertex 2.2048 1.17849 5
    endloop
  endfacet
  facet normal -0.788342 -0.615238 0
    outer loop
      vertex 2.00802 1.48925 0
      vertex 1.93253 1.58598 5
      vertex 1.93253 1.58598 0
    endloop
  endfacet
  facet normal -0.788342 -0.615238 0
    outer loop
      vertex 1.93253 1.58598 5
      vertex 2.00802 1.48925 0
      vertex 2.00802 1.48925 5
    endloop
  endfacet
  facet normal -0.757222 -0.653157 0
    outer loop
      vertex 1.93253 1.58598 0
      vertex 1.85238 1.6789 5
      vertex 1.85238 1.6789 0
    endloop
  endfacet
  facet normal -0.757222 -0.653157 0
    outer loop
      vertex 1.85238 1.6789 5
      vertex 1.93253 1.58598 0
      vertex 1.93253 1.58598 5
    endloop
  endfacet
  facet normal -0.817598 -0.57579 0
    outer loop
      vertex 2.07867 1.38893 0
      vertex 2.00802 1.48925 5
      vertex 2.00802 1.48925 0
    endloop
  endfacet
  facet normal -0.817598 -0.57579 0
    outer loop
      vertex 2.00802 1.48925 5
      vertex 2.07867 1.38893 0
      vertex 2.07867 1.38893 5
    endloop
  endfacet
  facet normal -0.724252 -0.689535 0
    outer loop
      vertex 1.85238 1.6789 0
      vertex 1.76777 1.76777 5
      vertex 1.76777 1.76777 0
    endloop
  endfacet
  facet normal -0.724252 -0.689535 0
    outer loop
      vertex 1.76777 1.76777 5
      vertex 1.85238 1.6789 0
      vertex 1.85238 1.6789 5
    endloop
  endfacet
  facet normal -0.653157 -0.757222 0
    outer loop
      vertex 1.58598 1.93253 0
      vertex 1.6789 1.85238 5
      vertex 1.58598 1.93253 5
    endloop
  endfacet
  facet normal -0.653157 -0.757222 -0
    outer loop
      vertex 1.6789 1.85238 5
      vertex 1.58598 1.93253 0
      vertex 1.6789 1.85238 0
    endloop
  endfacet
  facet normal -0.122407 -0.99248 0
    outer loop
      vertex 0.245043 2.48796 0
      vertex 0.366826 2.47294 5
      vertex 0.245043 2.48796 5
    endloop
  endfacet
  facet normal -0.122407 -0.99248 -0
    outer loop
      vertex 0.366826 2.47294 5
      vertex 0.245043 2.48796 0
      vertex 0.366826 2.47294 0
    endloop
  endfacet
  facet normal -0.615238 -0.788342 0
    outer loop
      vertex 1.48925 2.00802 0
      vertex 1.58598 1.93253 5
      vertex 1.48925 2.00802 5
    endloop
  endfacet
  facet normal -0.615238 -0.788342 -0
    outer loop
      vertex 1.58598 1.93253 5
      vertex 1.48925 2.00802 0
      vertex 1.58598 1.93253 0
    endloop
  endfacet
  facet normal -0.492871 -0.870103 0
    outer loop
      vertex 1.17849 2.2048 0
      vertex 1.28526 2.14432 5
      vertex 1.17849 2.2048 5
    endloop
  endfacet
  facet normal -0.492871 -0.870103 -0
    outer loop
      vertex 1.28526 2.14432 5
      vertex 1.17849 2.2048 0
      vertex 1.28526 2.14432 0
    endloop
  endfacet
  facet normal -0.449624 -0.893218 0
    outer loop
      vertex 1.06889 2.25997 0
      vertex 1.17849 2.2048 5
      vertex 1.06889 2.25997 5
    endloop
  endfacet
  facet normal -0.449624 -0.893218 -0
    outer loop
      vertex 1.17849 2.2048 5
      vertex 1.06889 2.25997 0
      vertex 1.17849 2.2048 0
    endloop
  endfacet
  facet normal -0.535007 -0.844847 0
    outer loop
      vertex 1.28526 2.14432 0
      vertex 1.38893 2.07867 5
      vertex 1.28526 2.14432 5
    endloop
  endfacet
  facet normal -0.535007 -0.844847 -0
    outer loop
      vertex 1.38893 2.07867 5
      vertex 1.28526 2.14432 0
      vertex 1.38893 2.07867 0
    endloop
  endfacet
  facet normal -0.313677 -0.94953 0
    outer loop
      vertex 0.725711 2.39235 0
      vertex 0.842224 2.35386 5
      vertex 0.725711 2.39235 5
    endloop
  endfacet
  facet normal -0.313677 -0.94953 -0
    outer loop
      vertex 0.842224 2.35386 5
      vertex 0.725711 2.39235 0
      vertex 0.842224 2.35386 0
    endloop
  endfacet
  facet normal -0.359885 -0.932996 0
    outer loop
      vertex 0.842224 2.35386 0
      vertex 0.956708 2.3097 5
      vertex 0.842224 2.35386 5
    endloop
  endfacet
  facet normal -0.359885 -0.932996 -0
    outer loop
      vertex 0.956708 2.3097 5
      vertex 0.842224 2.35386 0
      vertex 0.956708 2.3097 0
    endloop
  endfacet
  facet normal -0.0735895 -0.997289 0
    outer loop
      vertex 0.122668 2.49699 0
      vertex 0.245043 2.48796 5
      vertex 0.122668 2.49699 5
    endloop
  endfacet
  facet normal -0.0735895 -0.997289 -0
    outer loop
      vertex 0.245043 2.48796 5
      vertex 0.122668 2.49699 0
      vertex 0.245043 2.48796 0
    endloop
  endfacet
  facet normal -0.266734 -0.96377 0
    outer loop
      vertex 0.60745 2.42508 0
      vertex 0.725711 2.39235 5
      vertex 0.60745 2.42508 5
    endloop
  endfacet
  facet normal -0.266734 -0.96377 -0
    outer loop
      vertex 0.725711 2.39235 5
      vertex 0.60745 2.42508 0
      vertex 0.725711 2.39235 0
    endloop
  endfacet
  facet normal 0.99248 -0.122407 0
    outer loop
      vertex -2.48796 0.245043 5
      vertex -2.47294 0.366826 0
      vertex -2.47294 0.366826 5
    endloop
  endfacet
  facet normal 0.99248 -0.122407 0
    outer loop
      vertex -2.47294 0.366826 0
      vertex -2.48796 0.245043 5
      vertex -2.48796 0.245043 0
    endloop
  endfacet
  facet normal 0.94953 -0.313677 0
    outer loop
      vertex -2.39235 0.725711 5
      vertex -2.35386 0.842224 0
      vertex -2.35386 0.842224 5
    endloop
  endfacet
  facet normal 0.94953 -0.313677 0
    outer loop
      vertex -2.35386 0.842224 0
      vertex -2.39235 0.725711 5
      vertex -2.39235 0.725711 0
    endloop
  endfacet
  facet normal 0.932996 -0.359885 0
    outer loop
      vertex -2.35386 0.842224 5
      vertex -2.3097 0.956708 0
      vertex -2.3097 0.956708 5
    endloop
  endfacet
  facet normal 0.932996 -0.359885 0
    outer loop
      vertex -2.3097 0.956708 0
      vertex -2.35386 0.842224 5
      vertex -2.35386 0.842224 0
    endloop
  endfacet
  facet normal 0.997289 -0.0735895 0
    outer loop
      vertex -2.49699 0.122668 5
      vertex -2.48796 0.245043 0
      vertex -2.48796 0.245043 5
    endloop
  endfacet
  facet normal 0.997289 -0.0735895 0
    outer loop
      vertex -2.48796 0.245043 0
      vertex -2.49699 0.122668 5
      vertex -2.49699 0.122668 0
    endloop
  endfacet
  facet normal 0.96377 -0.266734 0
    outer loop
      vertex -2.42508 0.60745 5
      vertex -2.39235 0.725711 0
      vertex -2.39235 0.725711 5
    endloop
  endfacet
  facet normal 0.96377 -0.266734 0
    outer loop
      vertex -2.39235 0.725711 0
      vertex -2.42508 0.60745 5
      vertex -2.42508 0.60745 0
    endloop
  endfacet
  facet normal 0.870103 -0.492871 0
    outer loop
      vertex -2.2048 1.17849 5
      vertex -2.14432 1.28526 0
      vertex -2.14432 1.28526 5
    endloop
  endfacet
  facet normal 0.870103 -0.492871 0
    outer loop
      vertex -2.14432 1.28526 0
      vertex -2.2048 1.17849 5
      vertex -2.2048 1.17849 0
    endloop
  endfacet
  facet normal 0.893218 -0.449624 0
    outer loop
      vertex -2.25997 1.06889 5
      vertex -2.2048 1.17849 0
      vertex -2.2048 1.17849 5
    endloop
  endfacet
  facet normal 0.893218 -0.449624 0
    outer loop
      vertex -2.2048 1.17849 0
      vertex -2.25997 1.06889 5
      vertex -2.25997 1.06889 0
    endloop
  endfacet
  facet normal 0.757222 -0.653157 0
    outer loop
      vertex -1.93253 1.58598 5
      vertex -1.85238 1.6789 0
      vertex -1.85238 1.6789 5
    endloop
  endfacet
  facet normal 0.757222 -0.653157 0
    outer loop
      vertex -1.85238 1.6789 0
      vertex -1.93253 1.58598 5
      vertex -1.93253 1.58598 0
    endloop
  endfacet
  facet normal 0.266734 -0.96377 0
    outer loop
      vertex -0.725711 2.39235 0
      vertex -0.60745 2.42508 5
      vertex -0.725711 2.39235 5
    endloop
  endfacet
  facet normal 0.266734 -0.96377 0
    outer loop
      vertex -0.60745 2.42508 5
      vertex -0.725711 2.39235 0
      vertex -0.60745 2.42508 0
    endloop
  endfacet
  facet normal 0.313677 -0.94953 0
    outer loop
      vertex -0.842224 2.35386 0
      vertex -0.725711 2.39235 5
      vertex -0.842224 2.35386 5
    endloop
  endfacet
  facet normal 0.313677 -0.94953 0
    outer loop
      vertex -0.725711 2.39235 5
      vertex -0.842224 2.35386 0
      vertex -0.725711 2.39235 0
    endloop
  endfacet
  facet normal 0.0245304 -0.999699 0
    outer loop
      vertex -0.122668 2.49699 0
      vertex 0 2.5 5
      vertex -0.122668 2.49699 5
    endloop
  endfacet
  facet normal 0.0245304 -0.999699 0
    outer loop
      vertex 0 2.5 5
      vertex -0.122668 2.49699 0
      vertex 0 2.5 0
    endloop
  endfacet
  facet normal 0.405263 -0.9142 0
    outer loop
      vertex -1.06889 2.25997 0
      vertex -0.956708 2.3097 5
      vertex -1.06889 2.25997 5
    endloop
  endfacet
  facet normal 0.405263 -0.9142 0
    outer loop
      vertex -0.956708 2.3097 5
      vertex -1.06889 2.25997 0
      vertex -0.956708 2.3097 0
    endloop
  endfacet
  facet normal 0.615238 -0.788342 0
    outer loop
      vertex -1.58598 1.93253 0
      vertex -1.48925 2.00802 5
      vertex -1.58598 1.93253 5
    endloop
  endfacet
  facet normal 0.615238 -0.788342 0
    outer loop
      vertex -1.48925 2.00802 5
      vertex -1.58598 1.93253 0
      vertex -1.48925 2.00802 0
    endloop
  endfacet
  facet normal 0.653157 -0.757222 0
    outer loop
      vertex -1.6789 1.85238 0
      vertex -1.58598 1.93253 5
      vertex -1.6789 1.85238 5
    endloop
  endfacet
  facet normal 0.653157 -0.757222 0
    outer loop
      vertex -1.58598 1.93253 5
      vertex -1.6789 1.85238 0
      vertex -1.58598 1.93253 0
    endloop
  endfacet
  facet normal 0.57579 -0.817598 0
    outer loop
      vertex -1.48925 2.00802 0
      vertex -1.38893 2.07867 5
      vertex -1.48925 2.00802 5
    endloop
  endfacet
  facet normal 0.57579 -0.817598 0
    outer loop
      vertex -1.38893 2.07867 5
      vertex -1.48925 2.00802 0
      vertex -1.38893 2.07867 0
    endloop
  endfacet
  facet normal 0.689535 -0.724252 0
    outer loop
      vertex -1.76777 1.76777 0
      vertex -1.6789 1.85238 5
      vertex -1.76777 1.76777 5
    endloop
  endfacet
  facet normal 0.689535 -0.724252 0
    outer loop
      vertex -1.6789 1.85238 5
      vertex -1.76777 1.76777 0
      vertex -1.6789 1.85238 0
    endloop
  endfacet
  facet normal -0.999699 0.0245304 0
    outer loop
      vertex 2.49699 -0.122668 0
      vertex 2.5 0 5
      vertex 2.5 0 0
    endloop
  endfacet
  facet normal -0.999699 0.0245304 0
    outer loop
      vertex 2.5 0 5
      vertex 2.49699 -0.122668 0
      vertex 2.49699 -0.122668 5
    endloop
  endfacet
  facet normal -0.99248 0.122407 0
    outer loop
      vertex 2.47294 -0.366826 0
      vertex 2.48796 -0.245043 5
      vertex 2.48796 -0.245043 0
    endloop
  endfacet
  facet normal -0.99248 0.122407 0
    outer loop
      vertex 2.48796 -0.245043 5
      vertex 2.47294 -0.366826 0
      vertex 2.47294 -0.366826 5
    endloop
  endfacet
  facet normal -0.0245304 0.999699 0
    outer loop
      vertex 0.122668 -2.49699 0
      vertex 0 -2.5 5
      vertex 0.122668 -2.49699 5
    endloop
  endfacet
  facet normal -0.0245304 0.999699 0
    outer loop
      vertex 0 -2.5 5
      vertex 0.122668 -2.49699 0
      vertex 0 -2.5 0
    endloop
  endfacet
  facet normal -0.122407 0.99248 0
    outer loop
      vertex 0.366826 -2.47294 0
      vertex 0.245043 -2.48796 5
      vertex 0.366826 -2.47294 5
    endloop
  endfacet
  facet normal -0.122407 0.99248 0
    outer loop
      vertex 0.245043 -2.48796 5
      vertex 0.366826 -2.47294 0
      vertex 0.245043 -2.48796 0
    endloop
  endfacet
  facet normal -0.313677 0.94953 0
    outer loop
      vertex 0.842224 -2.35386 0
      vertex 0.725711 -2.39235 5
      vertex 0.842224 -2.35386 5
    endloop
  endfacet
  facet normal -0.313677 0.94953 0
    outer loop
      vertex 0.725711 -2.39235 5
      vertex 0.842224 -2.35386 0
      vertex 0.725711 -2.39235 0
    endloop
  endfacet
  facet normal -0.219061 0.975711 0
    outer loop
      vertex 0.60745 -2.42508 0
      vertex 0.487725 -2.45196 5
      vertex 0.60745 -2.42508 5
    endloop
  endfacet
  facet normal -0.219061 0.975711 0
    outer loop
      vertex 0.487725 -2.45196 5
      vertex 0.60745 -2.42508 0
      vertex 0.487725 -2.45196 0
    endloop
  endfacet
  facet normal -0.615238 0.788342 0
    outer loop
      vertex 1.58598 -1.93253 0
      vertex 1.48925 -2.00802 5
      vertex 1.58598 -1.93253 5
    endloop
  endfacet
  facet normal -0.615238 0.788342 0
    outer loop
      vertex 1.48925 -2.00802 5
      vertex 1.58598 -1.93253 0
      vertex 1.48925 -2.00802 0
    endloop
  endfacet
  facet normal -0.57579 0.817598 0
    outer loop
      vertex 1.48925 -2.00802 0
      vertex 1.38893 -2.07867 5
      vertex 1.48925 -2.00802 5
    endloop
  endfacet
  facet normal -0.57579 0.817598 0
    outer loop
      vertex 1.38893 -2.07867 5
      vertex 1.48925 -2.00802 0
      vertex 1.38893 -2.07867 0
    endloop
  endfacet
  facet normal -0.653157 0.757222 0
    outer loop
      vertex 1.6789 -1.85238 0
      vertex 1.58598 -1.93253 5
      vertex 1.6789 -1.85238 5
    endloop
  endfacet
  facet normal -0.653157 0.757222 0
    outer loop
      vertex 1.58598 -1.93253 5
      vertex 1.6789 -1.85238 0
      vertex 1.58598 -1.93253 0
    endloop
  endfacet
  facet normal -0.492871 0.870103 0
    outer loop
      vertex 1.28526 -2.14432 0
      vertex 1.17849 -2.2048 5
      vertex 1.28526 -2.14432 5
    endloop
  endfacet
  facet normal -0.492871 0.870103 0
    outer loop
      vertex 1.17849 -2.2048 5
      vertex 1.28526 -2.14432 0
      vertex 1.17849 -2.2048 0
    endloop
  endfacet
  facet normal -0.535007 0.844847 0
    outer loop
      vertex 1.38893 -2.07867 0
      vertex 1.28526 -2.14432 5
      vertex 1.38893 -2.07867 5
    endloop
  endfacet
  facet normal -0.535007 0.844847 0
    outer loop
      vertex 1.28526 -2.14432 5
      vertex 1.38893 -2.07867 0
      vertex 1.28526 -2.14432 0
    endloop
  endfacet
  facet normal -0.405263 0.9142 0
    outer loop
      vertex 1.06889 -2.25997 0
      vertex 0.956708 -2.3097 5
      vertex 1.06889 -2.25997 5
    endloop
  endfacet
  facet normal -0.405263 0.9142 0
    outer loop
      vertex 0.956708 -2.3097 5
      vertex 1.06889 -2.25997 0
      vertex 0.956708 -2.3097 0
    endloop
  endfacet
  facet normal 0.359885 0.932996 -0
    outer loop
      vertex -0.842224 -2.35386 0
      vertex -0.956708 -2.3097 5
      vertex -0.842224 -2.35386 5
    endloop
  endfacet
  facet normal 0.359885 0.932996 0
    outer loop
      vertex -0.956708 -2.3097 5
      vertex -0.842224 -2.35386 0
      vertex -0.956708 -2.3097 0
    endloop
  endfacet
  facet normal 0.122407 0.99248 -0
    outer loop
      vertex -0.245043 -2.48796 0
      vertex -0.366826 -2.47294 5
      vertex -0.245043 -2.48796 5
    endloop
  endfacet
  facet normal 0.122407 0.99248 0
    outer loop
      vertex -0.366826 -2.47294 5
      vertex -0.245043 -2.48796 0
      vertex -0.366826 -2.47294 0
    endloop
  endfacet
  facet normal 0.170978 0.985275 -0
    outer loop
      vertex -0.366826 -2.47294 0
      vertex -0.487725 -2.45196 5
      vertex -0.366826 -2.47294 5
    endloop
  endfacet
  facet normal 0.170978 0.985275 0
    outer loop
      vertex -0.487725 -2.45196 5
      vertex -0.366826 -2.47294 0
      vertex -0.487725 -2.45196 0
    endloop
  endfacet
  facet normal 0.0735895 0.997289 -0
    outer loop
      vertex -0.122668 -2.49699 0
      vertex -0.245043 -2.48796 5
      vertex -0.122668 -2.49699 5
    endloop
  endfacet
  facet normal 0.0735895 0.997289 0
    outer loop
      vertex -0.245043 -2.48796 5
      vertex -0.122668 -2.49699 0
      vertex -0.245043 -2.48796 0
    endloop
  endfacet
  facet normal 0.266734 0.96377 -0
    outer loop
      vertex -0.60745 -2.42508 0
      vertex -0.725711 -2.39235 5
      vertex -0.60745 -2.42508 5
    endloop
  endfacet
  facet normal 0.266734 0.96377 0
    outer loop
      vertex -0.725711 -2.39235 5
      vertex -0.60745 -2.42508 0
      vertex -0.725711 -2.39235 0
    endloop
  endfacet
  facet normal 0.492871 0.870103 -0
    outer loop
      vertex -1.17849 -2.2048 0
      vertex -1.28526 -2.14432 5
      vertex -1.17849 -2.2048 5
    endloop
  endfacet
  facet normal 0.492871 0.870103 0
    outer loop
      vertex -1.28526 -2.14432 5
      vertex -1.17849 -2.2048 0
      vertex -1.28526 -2.14432 0
    endloop
  endfacet
  facet normal 0.535007 0.844847 -0
    outer loop
      vertex -1.28526 -2.14432 0
      vertex -1.38893 -2.07867 5
      vertex -1.28526 -2.14432 5
    endloop
  endfacet
  facet normal 0.535007 0.844847 0
    outer loop
      vertex -1.38893 -2.07867 5
      vertex -1.28526 -2.14432 0
      vertex -1.38893 -2.07867 0
    endloop
  endfacet
  facet normal 0.449624 0.893218 -0
    outer loop
      vertex -1.06889 -2.25997 0
      vertex -1.17849 -2.2048 5
      vertex -1.06889 -2.25997 5
    endloop
  endfacet
  facet normal 0.449624 0.893218 0
    outer loop
      vertex -1.17849 -2.2048 5
      vertex -1.06889 -2.25997 0
      vertex -1.17849 -2.2048 0
    endloop
  endfacet
  facet normal 0.615238 0.788342 -0
    outer loop
      vertex -1.48925 -2.00802 0
      vertex -1.58598 -1.93253 5
      vertex -1.48925 -2.00802 5
    endloop
  endfacet
  facet normal 0.615238 0.788342 0
    outer loop
      vertex -1.58598 -1.93253 5
      vertex -1.48925 -2.00802 0
      vertex -1.58598 -1.93253 0
    endloop
  endfacet
  facet normal 0.57579 0.817598 -0
    outer loop
      vertex -1.38893 -2.07867 0
      vertex -1.48925 -2.00802 5
      vertex -1.38893 -2.07867 5
    endloop
  endfacet
  facet normal 0.57579 0.817598 0
    outer loop
      vertex -1.48925 -2.00802 5
      vertex -1.38893 -2.07867 0
      vertex -1.48925 -2.00802 0
    endloop
  endfacet
  facet normal 0.96377 0.266734 0
    outer loop
      vertex -2.39235 -0.725711 5
      vertex -2.42508 -0.60745 0
      vertex -2.42508 -0.60745 5
    endloop
  endfacet
  facet normal 0.96377 0.266734 0
    outer loop
      vertex -2.42508 -0.60745 0
      vertex -2.39235 -0.725711 5
      vertex -2.39235 -0.725711 0
    endloop
  endfacet
  facet normal 0.975711 0.219061 0
    outer loop
      vertex -2.42508 -0.60745 5
      vertex -2.45196 -0.487725 0
      vertex -2.45196 -0.487725 5
    endloop
  endfacet
  facet normal 0.975711 0.219061 0
    outer loop
      vertex -2.45196 -0.487725 0
      vertex -2.42508 -0.60745 5
      vertex -2.42508 -0.60745 0
    endloop
  endfacet
  facet normal 0.94953 0.313677 0
    outer loop
      vertex -2.35386 -0.842224 5
      vertex -2.39235 -0.725711 0
      vertex -2.39235 -0.725711 5
    endloop
  endfacet
  facet normal 0.94953 0.313677 0
    outer loop
      vertex -2.39235 -0.725711 0
      vertex -2.35386 -0.842224 5
      vertex -2.35386 -0.842224 0
    endloop
  endfacet
  facet normal 0.99248 0.122407 0
    outer loop
      vertex -2.47294 -0.366826 5
      vertex -2.48796 -0.245043 0
      vertex -2.48796 -0.245043 5
    endloop
  endfacet
  facet normal 0.99248 0.122407 0
    outer loop
      vertex -2.48796 -0.245043 0
      vertex -2.47294 -0.366826 5
      vertex -2.47294 -0.366826 0
    endloop
  endfacet
  facet normal 0.985275 0.170978 0
    outer loop
      vertex -2.45196 -0.487725 5
      vertex -2.47294 -0.366826 0
      vertex -2.47294 -0.366826 5
    endloop
  endfacet
  facet normal 0.985275 0.170978 0
    outer loop
      vertex -2.47294 -0.366826 0
      vertex -2.45196 -0.487725 5
      vertex -2.45196 -0.487725 0
    endloop
  endfacet
  facet normal 0.999699 0.0245304 0
    outer loop
      vertex -2.49699 -0.122668 5
      vertex -2.5 0 0
      vertex -2.5 0 5
    endloop
  endfacet
  facet normal 0.999699 0.0245304 0
    outer loop
      vertex -2.5 0 0
      vertex -2.49699 -0.122668 5
      vertex -2.49699 -0.122668 0
    endloop
  endfacet
  facet normal 0.870103 0.492871 0
    outer loop
      vertex -2.14432 -1.28526 5
      vertex -2.2048 -1.17849 0
      vertex -2.2048 -1.17849 5
    endloop
  endfacet
  facet normal 0.870103 0.492871 0
    outer loop
      vertex -2.2048 -1.17849 0
      vertex -2.14432 -1.28526 5
      vertex -2.14432 -1.28526 0
    endloop
  endfacet
  facet normal 0.9142 0.405263 0
    outer loop
      vertex -2.25997 -1.06889 5
      vertex -2.3097 -0.956708 0
      vertex -2.3097 -0.956708 5
    endloop
  endfacet
  facet normal 0.9142 0.405263 0
    outer loop
      vertex -2.3097 -0.956708 0
      vertex -2.25997 -1.06889 5
      vertex -2.25997 -1.06889 0
    endloop
  endfacet
  facet normal 0.757222 0.653157 0
    outer loop
      vertex -1.85238 -1.6789 5
      vertex -1.93253 -1.58598 0
      vertex -1.93253 -1.58598 5
    endloop
  endfacet
  facet normal 0.757222 0.653157 0
    outer loop
      vertex -1.93253 -1.58598 0
      vertex -1.85238 -1.6789 5
      vertex -1.85238 -1.6789 0
    endloop
  endfacet
  facet normal -0.170978 -0.985275 0
    outer loop
      vertex 0.366826 2.47294 0
      vertex 0.487725 2.45196 5
      vertex 0.366826 2.47294 5
    endloop
  endfacet
  facet normal -0.170978 -0.985275 -0
    outer loop
      vertex 0.487725 2.45196 5
      vertex 0.366826 2.47294 0
      vertex 0.487725 2.45196 0
    endloop
  endfacet
  facet normal 0.985275 -0.170978 0
    outer loop
      vertex -2.47294 0.366826 5
      vertex -2.45196 0.487725 0
      vertex -2.45196 0.487725 5
    endloop
  endfacet
  facet normal 0.985275 -0.170978 0
    outer loop
      vertex -2.45196 0.487725 0
      vertex -2.47294 0.366826 5
      vertex -2.47294 0.366826 0
    endloop
  endfacet
  facet normal 0.844847 -0.535007 0
    outer loop
      vertex -2.14432 1.28526 5
      vertex -2.07867 1.38893 0
      vertex -2.07867 1.38893 5
    endloop
  endfacet
  facet normal 0.844847 -0.535007 0
    outer loop
      vertex -2.07867 1.38893 0
      vertex -2.14432 1.28526 5
      vertex -2.14432 1.28526 0
    endloop
  endfacet
  facet normal 0.788342 -0.615238 0
    outer loop
      vertex -2.00802 1.48925 5
      vertex -1.93253 1.58598 0
      vertex -1.93253 1.58598 5
    endloop
  endfacet
  facet normal 0.788342 -0.615238 0
    outer loop
      vertex -1.93253 1.58598 0
      vertex -2.00802 1.48925 5
      vertex -2.00802 1.48925 0
    endloop
  endfacet
  facet normal 0.219061 -0.975711 0
    outer loop
      vertex -0.60745 2.42508 0
      vertex -0.487725 2.45196 5
      vertex -0.60745 2.42508 5
    endloop
  endfacet
  facet normal 0.219061 -0.975711 0
    outer loop
      vertex -0.487725 2.45196 5
      vertex -0.60745 2.42508 0
      vertex -0.487725 2.45196 0
    endloop
  endfacet
  facet normal 0.122407 -0.99248 0
    outer loop
      vertex -0.366826 2.47294 0
      vertex -0.245043 2.48796 5
      vertex -0.366826 2.47294 5
    endloop
  endfacet
  facet normal 0.122407 -0.99248 0
    outer loop
      vertex -0.245043 2.48796 5
      vertex -0.366826 2.47294 0
      vertex -0.245043 2.48796 0
    endloop
  endfacet
  facet normal 0.492871 -0.870103 0
    outer loop
      vertex -1.28526 2.14432 0
      vertex -1.17849 2.2048 5
      vertex -1.28526 2.14432 5
    endloop
  endfacet
  facet normal 0.492871 -0.870103 0
    outer loop
      vertex -1.17849 2.2048 5
      vertex -1.28526 2.14432 0
      vertex -1.17849 2.2048 0
    endloop
  endfacet
  facet normal -0.997289 0.0735895 0
    outer loop
      vertex 2.48796 -0.245043 0
      vertex 2.49699 -0.122668 5
      vertex 2.49699 -0.122668 0
    endloop
  endfacet
  facet normal -0.997289 0.0735895 0
    outer loop
      vertex 2.49699 -0.122668 5
      vertex 2.48796 -0.245043 0
      vertex 2.48796 -0.245043 5
    endloop
  endfacet
  facet normal -0.975711 0.219061 0
    outer loop
      vertex 2.42508 -0.60745 0
      vertex 2.45196 -0.487725 5
      vertex 2.45196 -0.487725 0
    endloop
  endfacet
  facet normal -0.975711 0.219061 0
    outer loop
      vertex 2.45196 -0.487725 5
      vertex 2.42508 -0.60745 0
      vertex 2.42508 -0.60745 5
    endloop
  endfacet
  facet normal -0.985275 0.170978 0
    outer loop
      vertex 2.45196 -0.487725 0
      vertex 2.47294 -0.366826 5
      vertex 2.47294 -0.366826 0
    endloop
  endfacet
  facet normal -0.985275 0.170978 0
    outer loop
      vertex 2.47294 -0.366826 5
      vertex 2.45196 -0.487725 0
      vertex 2.45196 -0.487725 5
    endloop
  endfacet
  facet normal -0.94953 0.313677 0
    outer loop
      vertex 2.35386 -0.842224 0
      vertex 2.39235 -0.725711 5
      vertex 2.39235 -0.725711 0
    endloop
  endfacet
  facet normal -0.94953 0.313677 0
    outer loop
      vertex 2.39235 -0.725711 5
      vertex 2.35386 -0.842224 0
      vertex 2.35386 -0.842224 5
    endloop
  endfacet
  facet normal -0.893218 0.449624 0
    outer loop
      vertex 2.2048 -1.17849 0
      vertex 2.25997 -1.06889 5
      vertex 2.25997 -1.06889 0
    endloop
  endfacet
  facet normal -0.893218 0.449624 0
    outer loop
      vertex 2.25997 -1.06889 5
      vertex 2.2048 -1.17849 0
      vertex 2.2048 -1.17849 5
    endloop
  endfacet
  facet normal -0.817598 0.57579 0
    outer loop
      vertex 2.00802 -1.48925 0
      vertex 2.07867 -1.38893 5
      vertex 2.07867 -1.38893 0
    endloop
  endfacet
  facet normal -0.817598 0.57579 0
    outer loop
      vertex 2.07867 -1.38893 5
      vertex 2.00802 -1.48925 0
      vertex 2.00802 -1.48925 5
    endloop
  endfacet
  facet normal -0.788342 0.615238 0
    outer loop
      vertex 1.93253 -1.58598 0
      vertex 2.00802 -1.48925 5
      vertex 2.00802 -1.48925 0
    endloop
  endfacet
  facet normal -0.788342 0.615238 0
    outer loop
      vertex 2.00802 -1.48925 5
      vertex 1.93253 -1.58598 0
      vertex 1.93253 -1.58598 5
    endloop
  endfacet
  facet normal -0.0735895 0.997289 0
    outer loop
      vertex 0.245043 -2.48796 0
      vertex 0.122668 -2.49699 5
      vertex 0.245043 -2.48796 5
    endloop
  endfacet
  facet normal -0.0735895 0.997289 0
    outer loop
      vertex 0.122668 -2.49699 5
      vertex 0.245043 -2.48796 0
      vertex 0.122668 -2.49699 0
    endloop
  endfacet
  facet normal -0.170978 0.985275 0
    outer loop
      vertex 0.487725 -2.45196 0
      vertex 0.366826 -2.47294 5
      vertex 0.487725 -2.45196 5
    endloop
  endfacet
  facet normal -0.170978 0.985275 0
    outer loop
      vertex 0.366826 -2.47294 5
      vertex 0.487725 -2.45196 0
      vertex 0.366826 -2.47294 0
    endloop
  endfacet
  facet normal -0.359885 0.932996 0
    outer loop
      vertex 0.956708 -2.3097 0
      vertex 0.842224 -2.35386 5
      vertex 0.956708 -2.3097 5
    endloop
  endfacet
  facet normal -0.359885 0.932996 0
    outer loop
      vertex 0.842224 -2.35386 5
      vertex 0.956708 -2.3097 0
      vertex 0.842224 -2.35386 0
    endloop
  endfacet
  facet normal -0.266734 0.96377 0
    outer loop
      vertex 0.725711 -2.39235 0
      vertex 0.60745 -2.42508 5
      vertex 0.725711 -2.39235 5
    endloop
  endfacet
  facet normal -0.266734 0.96377 0
    outer loop
      vertex 0.60745 -2.42508 5
      vertex 0.725711 -2.39235 0
      vertex 0.60745 -2.42508 0
    endloop
  endfacet
  facet normal -0.689535 0.724252 0
    outer loop
      vertex 1.76777 -1.76777 0
      vertex 1.6789 -1.85238 5
      vertex 1.76777 -1.76777 5
    endloop
  endfacet
  facet normal -0.689535 0.724252 0
    outer loop
      vertex 1.6789 -1.85238 5
      vertex 1.76777 -1.76777 0
      vertex 1.6789 -1.85238 0
    endloop
  endfacet
  facet normal -0.449624 0.893218 0
    outer loop
      vertex 1.17849 -2.2048 0
      vertex 1.06889 -2.25997 5
      vertex 1.17849 -2.2048 5
    endloop
  endfacet
  facet normal -0.449624 0.893218 0
    outer loop
      vertex 1.06889 -2.25997 5
      vertex 1.17849 -2.2048 0
      vertex 1.06889 -2.25997 0
    endloop
  endfacet
  facet normal 0.313677 0.94953 -0
    outer loop
      vertex -0.725711 -2.39235 0
      vertex -0.842224 -2.35386 5
      vertex -0.725711 -2.39235 5
    endloop
  endfacet
  facet normal 0.313677 0.94953 0
    outer loop
      vertex -0.842224 -2.35386 5
      vertex -0.725711 -2.39235 0
      vertex -0.842224 -2.35386 0
    endloop
  endfacet
  facet normal 0.219061 0.975711 -0
    outer loop
      vertex -0.487725 -2.45196 0
      vertex -0.60745 -2.42508 5
      vertex -0.487725 -2.45196 5
    endloop
  endfacet
  facet normal 0.219061 0.975711 0
    outer loop
      vertex -0.60745 -2.42508 5
      vertex -0.487725 -2.45196 0
      vertex -0.60745 -2.42508 0
    endloop
  endfacet
  facet normal 0.653157 0.757222 -0
    outer loop
      vertex -1.58598 -1.93253 0
      vertex -1.6789 -1.85238 5
      vertex -1.58598 -1.93253 5
    endloop
  endfacet
  facet normal 0.653157 0.757222 0
    outer loop
      vertex -1.6789 -1.85238 5
      vertex -1.58598 -1.93253 0
      vertex -1.6789 -1.85238 0
    endloop
  endfacet
  facet normal 0.997289 0.0735895 0
    outer loop
      vertex -2.48796 -0.245043 5
      vertex -2.49699 -0.122668 0
      vertex -2.49699 -0.122668 5
    endloop
  endfacet
  facet normal 0.997289 0.0735895 0
    outer loop
      vertex -2.49699 -0.122668 0
      vertex -2.48796 -0.245043 5
      vertex -2.48796 -0.245043 0
    endloop
  endfacet
  facet normal 0.844847 0.535007 0
    outer loop
      vertex -2.07867 -1.38893 5
      vertex -2.14432 -1.28526 0
      vertex -2.14432 -1.28526 5
    endloop
  endfacet
  facet normal 0.844847 0.535007 0
    outer loop
      vertex -2.14432 -1.28526 0
      vertex -2.07867 -1.38893 5
      vertex -2.07867 -1.38893 0
    endloop
  endfacet
  facet normal 0.788342 0.615238 0
    outer loop
      vertex -1.93253 -1.58598 5
      vertex -2.00802 -1.48925 0
      vertex -2.00802 -1.48925 5
    endloop
  endfacet
  facet normal 0.788342 0.615238 0
    outer loop
      vertex -2.00802 -1.48925 0
      vertex -1.93253 -1.58598 5
      vertex -1.93253 -1.58598 0
    endloop
  endfacet
  facet normal 0.724252 0.689535 0
    outer loop
      vertex -1.76777 -1.76777 5
      vertex -1.85238 -1.6789 0
      vertex -1.85238 -1.6789 5
    endloop
  endfacet
  facet normal 0.724252 0.689535 0
    outer loop
      vertex -1.85238 -1.6789 0
      vertex -1.76777 -1.76777 5
      vertex -1.76777 -1.76777 0
    endloop
  endfacet
  facet normal -0.96377 0.266734 0
    outer loop
      vertex 2.39235 -0.725711 0
      vertex 2.42508 -0.60745 5
      vertex 2.42508 -0.60745 0
    endloop
  endfacet
  facet normal -0.96377 0.266734 0
    outer loop
      vertex 2.42508 -0.60745 5
      vertex 2.39235 -0.725711 0
      vertex 2.39235 -0.725711 5
    endloop
  endfacet
  facet normal -0.9142 0.405263 0
    outer loop
      vertex 2.25997 -1.06889 0
      vertex 2.3097 -0.956708 5
      vertex 2.3097 -0.956708 0
    endloop
  endfacet
  facet normal -0.9142 0.405263 0
    outer loop
      vertex 2.3097 -0.956708 5
      vertex 2.25997 -1.06889 0
      vertex 2.25997 -1.06889 5
    endloop
  endfacet
  facet normal -0.844847 0.535007 0
    outer loop
      vertex 2.07867 -1.38893 0
      vertex 2.14432 -1.28526 5
      vertex 2.14432 -1.28526 0
    endloop
  endfacet
  facet normal -0.844847 0.535007 0
    outer loop
      vertex 2.14432 -1.28526 5
      vertex 2.07867 -1.38893 0
      vertex 2.07867 -1.38893 5
    endloop
  endfacet
  facet normal -0.870103 0.492871 0
    outer loop
      vertex 2.14432 -1.28526 0
      vertex 2.2048 -1.17849 5
      vertex 2.2048 -1.17849 0
    endloop
  endfacet
  facet normal -0.870103 0.492871 0
    outer loop
      vertex 2.2048 -1.17849 5
      vertex 2.14432 -1.28526 0
      vertex 2.14432 -1.28526 5
    endloop
  endfacet
  facet normal -0.757222 0.653157 0
    outer loop
      vertex 1.85238 -1.6789 0
      vertex 1.93253 -1.58598 5
      vertex 1.93253 -1.58598 0
    endloop
  endfacet
  facet normal -0.757222 0.653157 0
    outer loop
      vertex 1.93253 -1.58598 5
      vertex 1.85238 -1.6789 0
      vertex 1.85238 -1.6789 5
    endloop
  endfacet
endsolid OpenSCAD_Model
