solid OpenSCAD_Model
  facet normal -1 0 0
    outer loop
      vertex 9.5 5 0
      vertex 9.5 11 3.75
      vertex 9.5 11 0
    endloop
  endfacet
  facet normal -1 -0 0
    outer loop
      vertex 9.5 11 3.75
      vertex 9.5 5 0
      vertex 9.5 5 3.75
    endloop
  endfacet
  facet normal 0 0 1
    outer loop
      vertex 7.65911 25.6894 5.75
      vertex 16 32 5.75
      vertex 7.68973 25.8434 5.75
    endloop
  endfacet
  facet normal 0 0 1
    outer loop
      vertex 16 32 5.75
      vertex 7.68973 17.1566 5.75
      vertex 7.7 17 5.75
    endloop
  endfacet
  facet normal 0 0 1
    outer loop
      vertex 7.60865 25.5408 5.75
      vertex 16 32 5.75
      vertex 7.65911 25.6894 5.75
    endloop
  endfacet
  facet normal 0 0 1
    outer loop
      vertex 16 32 5.75
      vertex 7.65911 17.3106 5.75
      vertex 7.68973 17.1566 5.75
    endloop
  endfacet
  facet normal 0 0 1
    outer loop
      vertex 7.60865 17.4592 5.75
      vertex 16 32 5.75
      vertex 7.60865 25.5408 5.75
    endloop
  endfacet
  facet normal 0 0 1
    outer loop
      vertex 16 32 5.75
      vertex 7.60865 17.4592 5.75
      vertex 7.65911 17.3106 5.75
    endloop
  endfacet
  facet normal -0 0 1
    outer loop
      vertex 7.53923 25.4 5.75
      vertex 7.60865 17.4592 5.75
      vertex 7.60865 25.5408 5.75
    endloop
  endfacet
  facet normal 0 0 1
    outer loop
      vertex 7.53923 25.4 5.75
      vertex 7.53923 17.6 5.75
      vertex 7.60865 17.4592 5.75
    endloop
  endfacet
  facet normal -0 0 1
    outer loop
      vertex 7.45202 25.2695 5.75
      vertex 7.53923 17.6 5.75
      vertex 7.53923 25.4 5.75
    endloop
  endfacet
  facet normal 0 0 1
    outer loop
      vertex 7.45202 25.2695 5.75
      vertex 7.45202 17.7305 5.75
      vertex 7.53923 17.6 5.75
    endloop
  endfacet
  facet normal -0 0 1
    outer loop
      vertex 7.34853 25.1515 5.75
      vertex 7.45202 17.7305 5.75
      vertex 7.45202 25.2695 5.75
    endloop
  endfacet
  facet normal 0 0 1
    outer loop
      vertex 7.34853 25.1515 5.75
      vertex 7.34853 17.8485 5.75
      vertex 7.45202 17.7305 5.75
    endloop
  endfacet
  facet normal -0 0 1
    outer loop
      vertex 7.23051 25.048 5.75
      vertex 7.34853 17.8485 5.75
      vertex 7.34853 25.1515 5.75
    endloop
  endfacet
  facet normal 0 0 1
    outer loop
      vertex 7.23051 25.048 5.75
      vertex 7.23051 17.952 5.75
      vertex 7.34853 17.8485 5.75
    endloop
  endfacet
  facet normal -0 0 1
    outer loop
      vertex 7.1 24.9608 5.75
      vertex 7.23051 17.952 5.75
      vertex 7.23051 25.048 5.75
    endloop
  endfacet
  facet normal 0 0 1
    outer loop
      vertex 7.1 24.9608 5.75
      vertex 7.1 18.0392 5.75
      vertex 7.23051 17.952 5.75
    endloop
  endfacet
  facet normal -0 0 1
    outer loop
      vertex 6.95922 24.8913 5.75
      vertex 7.1 18.0392 5.75
      vertex 7.1 24.9608 5.75
    endloop
  endfacet
  facet normal 0 0 1
    outer loop
      vertex 6.95922 24.8913 5.75
      vertex 6.95922 18.1087 5.75
      vertex 7.1 18.0392 5.75
    endloop
  endfacet
  facet normal -0 0 1
    outer loop
      vertex 6.81058 24.8409 5.75
      vertex 6.95922 18.1087 5.75
      vertex 6.95922 24.8913 5.75
    endloop
  endfacet
  facet normal 0 0 1
    outer loop
      vertex 6.81058 24.8409 5.75
      vertex 6.81058 18.1591 5.75
      vertex 6.95922 18.1087 5.75
    endloop
  endfacet
  facet normal -0 0 1
    outer loop
      vertex 6.65663 24.8103 5.75
      vertex 6.81058 18.1591 5.75
      vertex 6.81058 24.8409 5.75
    endloop
  endfacet
  facet normal 0 0 1
    outer loop
      vertex 6.65663 24.8103 5.75
      vertex 6.65663 18.1897 5.75
      vertex 6.81058 18.1591 5.75
    endloop
  endfacet
  facet normal -0 0 1
    outer loop
      vertex 6.5 24.8 5.75
      vertex 6.65663 18.1897 5.75
      vertex 6.65663 24.8103 5.75
    endloop
  endfacet
  facet normal 0 0 1
    outer loop
      vertex 6.5 24.8 5.75
      vertex 6.5 18.2 5.75
      vertex 6.65663 18.1897 5.75
    endloop
  endfacet
  facet normal 0 0 1
    outer loop
      vertex 6.34337 24.8103 5.75
      vertex 6.5 18.2 5.75
      vertex 6.5 24.8 5.75
    endloop
  endfacet
  facet normal 0 0 1
    outer loop
      vertex 6.34337 24.8103 5.75
      vertex 6.34337 18.1897 5.75
      vertex 6.5 18.2 5.75
    endloop
  endfacet
  facet normal 0 0 1
    outer loop
      vertex 6.18942 24.8409 5.75
      vertex 6.34337 18.1897 5.75
      vertex 6.34337 24.8103 5.75
    endloop
  endfacet
  facet normal 0 0 1
    outer loop
      vertex 6.18942 24.8409 5.75
      vertex 6.18942 18.1591 5.75
      vertex 6.34337 18.1897 5.75
    endloop
  endfacet
  facet normal 0 0 1
    outer loop
      vertex 6.04078 24.8913 5.75
      vertex 6.18942 18.1591 5.75
      vertex 6.18942 24.8409 5.75
    endloop
  endfacet
  facet normal 0 0 1
    outer loop
      vertex 6.04078 24.8913 5.75
      vertex 6.04078 18.1087 5.75
      vertex 6.18942 18.1591 5.75
    endloop
  endfacet
  facet normal 0 0 1
    outer loop
      vertex 5.9 24.9608 5.75
      vertex 6.04078 18.1087 5.75
      vertex 6.04078 24.8913 5.75
    endloop
  endfacet
  facet normal 0 0 1
    outer loop
      vertex 5.9 24.9608 5.75
      vertex 5.9 18.0392 5.75
      vertex 6.04078 18.1087 5.75
    endloop
  endfacet
  facet normal 0 0 1
    outer loop
      vertex 5.76949 25.048 5.75
      vertex 5.9 18.0392 5.75
      vertex 5.9 24.9608 5.75
    endloop
  endfacet
  facet normal 0 0 1
    outer loop
      vertex 5.76949 25.048 5.75
      vertex 5.76949 17.952 5.75
      vertex 5.9 18.0392 5.75
    endloop
  endfacet
  facet normal 0 0 1
    outer loop
      vertex 5.65147 25.1515 5.75
      vertex 5.76949 17.952 5.75
      vertex 5.76949 25.048 5.75
    endloop
  endfacet
  facet normal 0 0 1
    outer loop
      vertex 5.65147 25.1515 5.75
      vertex 5.65147 17.8485 5.75
      vertex 5.76949 17.952 5.75
    endloop
  endfacet
  facet normal 0 0 1
    outer loop
      vertex 5.54798 25.2695 5.75
      vertex 5.65147 17.8485 5.75
      vertex 5.65147 25.1515 5.75
    endloop
  endfacet
  facet normal 0 0 1
    outer loop
      vertex 5.54798 25.2695 5.75
      vertex 5.54798 17.7305 5.75
      vertex 5.65147 17.8485 5.75
    endloop
  endfacet
  facet normal 0 0 1
    outer loop
      vertex 5.46077 25.4 5.75
      vertex 5.54798 17.7305 5.75
      vertex 5.54798 25.2695 5.75
    endloop
  endfacet
  facet normal 0 0 1
    outer loop
      vertex 5.46077 25.4 5.75
      vertex 5.46077 17.6 5.75
      vertex 5.54798 17.7305 5.75
    endloop
  endfacet
  facet normal 0 0 1
    outer loop
      vertex 5.39134 25.5408 5.75
      vertex 5.46077 17.6 5.75
      vertex 5.46077 25.4 5.75
    endloop
  endfacet
  facet normal 0 0 1
    outer loop
      vertex 5.39134 25.5408 5.75
      vertex 5.39134 17.4592 5.75
      vertex 5.46077 17.6 5.75
    endloop
  endfacet
  facet normal 0 0 1
    outer loop
      vertex 5.34089 25.6894 5.75
      vertex 5.39134 17.4592 5.75
      vertex 5.39134 25.5408 5.75
    endloop
  endfacet
  facet normal 0 0 1
    outer loop
      vertex 5.34089 25.6894 5.75
      vertex 5.34089 17.3106 5.75
      vertex 5.39134 17.4592 5.75
    endloop
  endfacet
  facet normal 0 0 1
    outer loop
      vertex 5.31027 25.8434 5.75
      vertex 5.34089 17.3106 5.75
      vertex 5.34089 25.6894 5.75
    endloop
  endfacet
  facet normal 0 0 1
    outer loop
      vertex 5.31027 25.8434 5.75
      vertex 5.31027 17.1566 5.75
      vertex 5.34089 17.3106 5.75
    endloop
  endfacet
  facet normal 0 0 1
    outer loop
      vertex 1.65147 34.1515 5.75
      vertex 5.31027 25.8434 5.75
      vertex 5.3 26 5.75
    endloop
  endfacet
  facet normal 0 0 1
    outer loop
      vertex 5.31027 25.8434 5.75
      vertex 1.54798 34.2695 5.75
      vertex 5.31027 17.1566 5.75
    endloop
  endfacet
  facet normal -0 0 1
    outer loop
      vertex 7.65911 37.3106 5.75
      vertex 16 32 5.75
      vertex 16 48 5.75
    endloop
  endfacet
  facet normal 0 0 1
    outer loop
      vertex 16 32 5.75
      vertex 7.68973 37.1566 5.75
      vertex 7.7 37 5.75
    endloop
  endfacet
  facet normal 0 0 1
    outer loop
      vertex 16 32 5.75
      vertex 7.65911 37.3106 5.75
      vertex 7.68973 37.1566 5.75
    endloop
  endfacet
  facet normal 0 0 1
    outer loop
      vertex 16 48 5.75
      vertex 7.60865 37.4592 5.75
      vertex 7.65911 37.3106 5.75
    endloop
  endfacet
  facet normal 0 0 1
    outer loop
      vertex 16 48 5.75
      vertex 7.53923 37.6 5.75
      vertex 7.60865 37.4592 5.75
    endloop
  endfacet
  facet normal 0 0 1
    outer loop
      vertex 16 48 5.75
      vertex 7.45202 37.7305 5.75
      vertex 7.53923 37.6 5.75
    endloop
  endfacet
  facet normal 0 0 1
    outer loop
      vertex 16 48 5.75
      vertex 7.34853 37.8485 5.75
      vertex 7.45202 37.7305 5.75
    endloop
  endfacet
  facet normal 0 0 1
    outer loop
      vertex 16 48 5.75
      vertex 7.23051 37.952 5.75
      vertex 7.34853 37.8485 5.75
    endloop
  endfacet
  facet normal 0 0 1
    outer loop
      vertex 16 48 5.75
      vertex 7.1 38.0392 5.75
      vertex 7.23051 37.952 5.75
    endloop
  endfacet
  facet normal -0 0 1
    outer loop
      vertex 3.7 46 5.75
      vertex 7.1 38.0392 5.75
      vertex 16 48 5.75
    endloop
  endfacet
  facet normal 0 0 1
    outer loop
      vertex 7.1 38.0392 5.75
      vertex 3.7 46 5.75
      vertex 6.95922 38.1087 5.75
    endloop
  endfacet
  facet normal 0 0 1
    outer loop
      vertex 6.95922 38.1087 5.75
      vertex 3.7 46 5.75
      vertex 6.81058 38.1591 5.75
    endloop
  endfacet
  facet normal 0 0 1
    outer loop
      vertex 6.81058 38.1591 5.75
      vertex 3.7 46 5.75
      vertex 6.65663 38.1897 5.75
    endloop
  endfacet
  facet normal 0 0 1
    outer loop
      vertex 6.65663 38.1897 5.75
      vertex 3.7 46 5.75
      vertex 6.5 38.2 5.75
    endloop
  endfacet
  facet normal 0 0 1
    outer loop
      vertex 6.5 38.2 5.75
      vertex 3.7 46 5.75
      vertex 6.34337 38.1897 5.75
    endloop
  endfacet
  facet normal 0 0 1
    outer loop
      vertex 6.34337 38.1897 5.75
      vertex 3.7 46 5.75
      vertex 6.18942 38.1591 5.75
    endloop
  endfacet
  facet normal 0 0 1
    outer loop
      vertex 6.18942 38.1591 5.75
      vertex 3.7 46 5.75
      vertex 6.04078 38.1087 5.75
    endloop
  endfacet
  facet normal 0 0 1
    outer loop
      vertex 6.04078 38.1087 5.75
      vertex 3.7 46 5.75
      vertex 5.9 38.0392 5.75
    endloop
  endfacet
  facet normal 0 0 1
    outer loop
      vertex 5.9 38.0392 5.75
      vertex 3.7 46 5.75
      vertex 5.76949 37.952 5.75
    endloop
  endfacet
  facet normal -0 0 1
    outer loop
      vertex 3.60866 34.5408 5.75
      vertex 5.3 26 5.75
      vertex 5.3 37 5.75
    endloop
  endfacet
  facet normal -0 0 1
    outer loop
      vertex 3.45202 34.2695 5.75
      vertex 5.3 26 5.75
      vertex 3.53923 34.4 5.75
    endloop
  endfacet
  facet normal 0 0 1
    outer loop
      vertex 5.31027 37.1566 5.75
      vertex 3.7 35 5.75
      vertex 5.3 37 5.75
    endloop
  endfacet
  facet normal 0 0 1
    outer loop
      vertex 5.34089 37.3106 5.75
      vertex 3.7 35 5.75
      vertex 5.31027 37.1566 5.75
    endloop
  endfacet
  facet normal 0 0 1
    outer loop
      vertex 5.39134 37.4592 5.75
      vertex 3.7 35 5.75
      vertex 5.34089 37.3106 5.75
    endloop
  endfacet
  facet normal 0 0 1
    outer loop
      vertex 3.7 35 5.75
      vertex 5.39134 37.4592 5.75
      vertex 3.7 46 5.75
    endloop
  endfacet
  facet normal 0 0 1
    outer loop
      vertex 5.46077 37.6 5.75
      vertex 3.7 46 5.75
      vertex 5.39134 37.4592 5.75
    endloop
  endfacet
  facet normal 0 0 1
    outer loop
      vertex 5.54798 37.7305 5.75
      vertex 3.7 46 5.75
      vertex 5.46077 37.6 5.75
    endloop
  endfacet
  facet normal 0 0 1
    outer loop
      vertex 5.65147 37.8485 5.75
      vertex 3.7 46 5.75
      vertex 5.54798 37.7305 5.75
    endloop
  endfacet
  facet normal 0 0 1
    outer loop
      vertex 5.76949 37.952 5.75
      vertex 3.7 46 5.75
      vertex 5.65147 37.8485 5.75
    endloop
  endfacet
  facet normal 0 0 1
    outer loop
      vertex 16 48 5.75
      vertex 3.68973 46.1566 5.75
      vertex 3.7 46 5.75
    endloop
  endfacet
  facet normal 0 0 1
    outer loop
      vertex 16 48 5.75
      vertex 3.65911 46.3106 5.75
      vertex 3.68973 46.1566 5.75
    endloop
  endfacet
  facet normal 0 0 1
    outer loop
      vertex 16 48 5.75
      vertex 3.60866 46.4592 5.75
      vertex 3.65911 46.3106 5.75
    endloop
  endfacet
  facet normal 0 0 1
    outer loop
      vertex 16 48 5.75
      vertex 3.53923 46.6 5.75
      vertex 3.60866 46.4592 5.75
    endloop
  endfacet
  facet normal 0 0 1
    outer loop
      vertex 16 48 5.75
      vertex 3.45202 46.7305 5.75
      vertex 3.53923 46.6 5.75
    endloop
  endfacet
  facet normal 0 0 1
    outer loop
      vertex 16 48 5.75
      vertex 3.34853 46.8485 5.75
      vertex 3.45202 46.7305 5.75
    endloop
  endfacet
  facet normal 0 0 1
    outer loop
      vertex 16 48 5.75
      vertex 3.23051 46.952 5.75
      vertex 3.34853 46.8485 5.75
    endloop
  endfacet
  facet normal 0 0 1
    outer loop
      vertex 16 48 5.75
      vertex 3.1 47.0392 5.75
      vertex 3.23051 46.952 5.75
    endloop
  endfacet
  facet normal 0 0 1
    outer loop
      vertex 16 48 5.75
      vertex 2.95922 47.1087 5.75
      vertex 3.1 47.0392 5.75
    endloop
  endfacet
  facet normal 0 0 1
    outer loop
      vertex 16 48 5.75
      vertex 2.81058 47.1591 5.75
      vertex 2.95922 47.1087 5.75
    endloop
  endfacet
  facet normal -0 0 1
    outer loop
      vertex 0 48 5.75
      vertex 2.81058 47.1591 5.75
      vertex 16 48 5.75
    endloop
  endfacet
  facet normal 0 0 1
    outer loop
      vertex 2.81058 47.1591 5.75
      vertex 0 48 5.75
      vertex 2.65663 47.1897 5.75
    endloop
  endfacet
  facet normal 0 0 1
    outer loop
      vertex 1.3 46 5.75
      vertex 0 48 5.75
      vertex 1.3 35 5.75
    endloop
  endfacet
  facet normal 0 0 1
    outer loop
      vertex 1.31027 46.1566 5.75
      vertex 0 48 5.75
      vertex 1.3 46 5.75
    endloop
  endfacet
  facet normal 0 0 1
    outer loop
      vertex 1.34089 46.3106 5.75
      vertex 0 48 5.75
      vertex 1.31027 46.1566 5.75
    endloop
  endfacet
  facet normal 0 0 1
    outer loop
      vertex 1.39135 46.4592 5.75
      vertex 0 48 5.75
      vertex 1.34089 46.3106 5.75
    endloop
  endfacet
  facet normal 0 0 1
    outer loop
      vertex 1.46077 46.6 5.75
      vertex 0 48 5.75
      vertex 1.39135 46.4592 5.75
    endloop
  endfacet
  facet normal 0 0 1
    outer loop
      vertex 1.54798 46.7305 5.75
      vertex 0 48 5.75
      vertex 1.46077 46.6 5.75
    endloop
  endfacet
  facet normal 0 0 1
    outer loop
      vertex 1.65147 46.8485 5.75
      vertex 0 48 5.75
      vertex 1.54798 46.7305 5.75
    endloop
  endfacet
  facet normal 0 0 1
    outer loop
      vertex 1.76949 46.952 5.75
      vertex 0 48 5.75
      vertex 1.65147 46.8485 5.75
    endloop
  endfacet
  facet normal 0 0 1
    outer loop
      vertex 1.9 47.0392 5.75
      vertex 0 48 5.75
      vertex 1.76949 46.952 5.75
    endloop
  endfacet
  facet normal 0 0 1
    outer loop
      vertex 2.04078 47.1087 5.75
      vertex 0 48 5.75
      vertex 1.9 47.0392 5.75
    endloop
  endfacet
  facet normal 0 0 1
    outer loop
      vertex 2.18942 47.1591 5.75
      vertex 0 48 5.75
      vertex 2.04078 47.1087 5.75
    endloop
  endfacet
  facet normal 0 0 1
    outer loop
      vertex 2.34337 47.1897 5.75
      vertex 0 48 5.75
      vertex 2.18942 47.1591 5.75
    endloop
  endfacet
  facet normal 0 0 1
    outer loop
      vertex 2.5 47.2 5.75
      vertex 0 48 5.75
      vertex 2.34337 47.1897 5.75
    endloop
  endfacet
  facet normal 0 0 1
    outer loop
      vertex 2.65663 47.1897 5.75
      vertex 0 48 5.75
      vertex 2.5 47.2 5.75
    endloop
  endfacet
  facet normal 0 0 1
    outer loop
      vertex 54.6897 17.1566 5.75
      vertex 58.452 34.2695 5.75
      vertex 54.6897 25.8434 5.75
    endloop
  endfacet
  facet normal 0 0 1
    outer loop
      vertex 58.452 34.2695 5.75
      vertex 54.6897 17.1566 5.75
      vertex 54.7 17 5.75
    endloop
  endfacet
  facet normal -0 0 1
    outer loop
      vertex 54.6591 25.6894 5.75
      vertex 54.6897 17.1566 5.75
      vertex 54.6897 25.8434 5.75
    endloop
  endfacet
  facet normal 0 0 1
    outer loop
      vertex 54.6591 25.6894 5.75
      vertex 54.6591 17.3106 5.75
      vertex 54.6897 17.1566 5.75
    endloop
  endfacet
  facet normal -0 0 1
    outer loop
      vertex 54.6087 25.5408 5.75
      vertex 54.6591 17.3106 5.75
      vertex 54.6591 25.6894 5.75
    endloop
  endfacet
  facet normal 0 0 1
    outer loop
      vertex 54.6087 25.5408 5.75
      vertex 54.6087 17.4592 5.75
      vertex 54.6591 17.3106 5.75
    endloop
  endfacet
  facet normal -0 0 1
    outer loop
      vertex 54.5392 25.4 5.75
      vertex 54.6087 17.4592 5.75
      vertex 54.6087 25.5408 5.75
    endloop
  endfacet
  facet normal 0 0 1
    outer loop
      vertex 54.5392 25.4 5.75
      vertex 54.5392 17.6 5.75
      vertex 54.6087 17.4592 5.75
    endloop
  endfacet
  facet normal -0 0 1
    outer loop
      vertex 54.452 25.2695 5.75
      vertex 54.5392 17.6 5.75
      vertex 54.5392 25.4 5.75
    endloop
  endfacet
  facet normal 0 0 1
    outer loop
      vertex 54.452 25.2695 5.75
      vertex 54.452 17.7305 5.75
      vertex 54.5392 17.6 5.75
    endloop
  endfacet
  facet normal -0 0 1
    outer loop
      vertex 54.3485 25.1515 5.75
      vertex 54.452 17.7305 5.75
      vertex 54.452 25.2695 5.75
    endloop
  endfacet
  facet normal 0 0 1
    outer loop
      vertex 54.3485 25.1515 5.75
      vertex 54.3485 17.8485 5.75
      vertex 54.452 17.7305 5.75
    endloop
  endfacet
  facet normal -0 0 1
    outer loop
      vertex 54.2305 25.048 5.75
      vertex 54.3485 17.8485 5.75
      vertex 54.3485 25.1515 5.75
    endloop
  endfacet
  facet normal 0 0 1
    outer loop
      vertex 54.2305 25.048 5.75
      vertex 54.2305 17.952 5.75
      vertex 54.3485 17.8485 5.75
    endloop
  endfacet
  facet normal -0 0 1
    outer loop
      vertex 54.1 24.9608 5.75
      vertex 54.2305 17.952 5.75
      vertex 54.2305 25.048 5.75
    endloop
  endfacet
  facet normal 0 0 1
    outer loop
      vertex 54.1 24.9608 5.75
      vertex 54.1 18.0392 5.75
      vertex 54.2305 17.952 5.75
    endloop
  endfacet
  facet normal -0 0 1
    outer loop
      vertex 53.9592 24.8913 5.75
      vertex 54.1 18.0392 5.75
      vertex 54.1 24.9608 5.75
    endloop
  endfacet
  facet normal 0 0 1
    outer loop
      vertex 53.9592 24.8913 5.75
      vertex 53.9592 18.1087 5.75
      vertex 54.1 18.0392 5.75
    endloop
  endfacet
  facet normal -0 0 1
    outer loop
      vertex 53.8106 24.8409 5.75
      vertex 53.9592 18.1087 5.75
      vertex 53.9592 24.8913 5.75
    endloop
  endfacet
  facet normal 0 0 1
    outer loop
      vertex 53.8106 24.8409 5.75
      vertex 53.8106 18.1591 5.75
      vertex 53.9592 18.1087 5.75
    endloop
  endfacet
  facet normal -0 0 1
    outer loop
      vertex 53.6566 24.8103 5.75
      vertex 53.8106 18.1591 5.75
      vertex 53.8106 24.8409 5.75
    endloop
  endfacet
  facet normal 0 0 1
    outer loop
      vertex 53.6566 24.8103 5.75
      vertex 53.6566 18.1897 5.75
      vertex 53.8106 18.1591 5.75
    endloop
  endfacet
  facet normal -0 0 1
    outer loop
      vertex 53.5 24.8 5.75
      vertex 53.6566 18.1897 5.75
      vertex 53.6566 24.8103 5.75
    endloop
  endfacet
  facet normal 0 0 1
    outer loop
      vertex 53.5 24.8 5.75
      vertex 53.5 18.2 5.75
      vertex 53.6566 18.1897 5.75
    endloop
  endfacet
  facet normal 0 0 1
    outer loop
      vertex 53.3434 24.8103 5.75
      vertex 53.5 18.2 5.75
      vertex 53.5 24.8 5.75
    endloop
  endfacet
  facet normal 0 0 1
    outer loop
      vertex 53.3434 24.8103 5.75
      vertex 53.3434 18.1897 5.75
      vertex 53.5 18.2 5.75
    endloop
  endfacet
  facet normal 0 0 1
    outer loop
      vertex 53.1894 24.8409 5.75
      vertex 53.3434 18.1897 5.75
      vertex 53.3434 24.8103 5.75
    endloop
  endfacet
  facet normal 0 0 1
    outer loop
      vertex 53.1894 24.8409 5.75
      vertex 53.1894 18.1591 5.75
      vertex 53.3434 18.1897 5.75
    endloop
  endfacet
  facet normal 0 0 1
    outer loop
      vertex 53.0408 24.8913 5.75
      vertex 53.1894 18.1591 5.75
      vertex 53.1894 24.8409 5.75
    endloop
  endfacet
  facet normal 0 0 1
    outer loop
      vertex 53.0408 24.8913 5.75
      vertex 53.0408 18.1087 5.75
      vertex 53.1894 18.1591 5.75
    endloop
  endfacet
  facet normal 0 0 1
    outer loop
      vertex 52.9 24.9608 5.75
      vertex 53.0408 18.1087 5.75
      vertex 53.0408 24.8913 5.75
    endloop
  endfacet
  facet normal 0 0 1
    outer loop
      vertex 52.9 24.9608 5.75
      vertex 52.9 18.0392 5.75
      vertex 53.0408 18.1087 5.75
    endloop
  endfacet
  facet normal 0 0 1
    outer loop
      vertex 52.7695 25.048 5.75
      vertex 52.9 18.0392 5.75
      vertex 52.9 24.9608 5.75
    endloop
  endfacet
  facet normal 0 0 1
    outer loop
      vertex 52.7695 25.048 5.75
      vertex 52.7695 17.952 5.75
      vertex 52.9 18.0392 5.75
    endloop
  endfacet
  facet normal 0 0 1
    outer loop
      vertex 52.6515 25.1515 5.75
      vertex 52.7695 17.952 5.75
      vertex 52.7695 25.048 5.75
    endloop
  endfacet
  facet normal 0 0 1
    outer loop
      vertex 52.6515 25.1515 5.75
      vertex 52.6515 17.8485 5.75
      vertex 52.7695 17.952 5.75
    endloop
  endfacet
  facet normal 0 0 1
    outer loop
      vertex 52.548 25.2695 5.75
      vertex 52.6515 17.8485 5.75
      vertex 52.6515 25.1515 5.75
    endloop
  endfacet
  facet normal 0 0 1
    outer loop
      vertex 52.548 25.2695 5.75
      vertex 52.548 17.7305 5.75
      vertex 52.6515 17.8485 5.75
    endloop
  endfacet
  facet normal 0 0 1
    outer loop
      vertex 52.4608 25.4 5.75
      vertex 52.548 17.7305 5.75
      vertex 52.548 25.2695 5.75
    endloop
  endfacet
  facet normal 0 0 1
    outer loop
      vertex 52.4608 25.4 5.75
      vertex 52.4608 17.6 5.75
      vertex 52.548 17.7305 5.75
    endloop
  endfacet
  facet normal 0 0 1
    outer loop
      vertex 52.3913 25.5408 5.75
      vertex 52.4608 17.6 5.75
      vertex 52.4608 25.4 5.75
    endloop
  endfacet
  facet normal 0 0 1
    outer loop
      vertex 52.3913 25.5408 5.75
      vertex 52.3913 17.4592 5.75
      vertex 52.4608 17.6 5.75
    endloop
  endfacet
  facet normal 0 0 1
    outer loop
      vertex 44 32 5.75
      vertex 52.3913 25.5408 5.75
      vertex 52.3409 25.6894 5.75
    endloop
  endfacet
  facet normal 0 0 1
    outer loop
      vertex 52.3913 25.5408 5.75
      vertex 44 32 5.75
      vertex 52.3913 17.4592 5.75
    endloop
  endfacet
  facet normal 0 0 1
    outer loop
      vertex 44 32 5.75
      vertex 52.3409 25.6894 5.75
      vertex 52.3103 25.8434 5.75
    endloop
  endfacet
  facet normal 0 0 1
    outer loop
      vertex 52.3913 17.4592 5.75
      vertex 44 32 5.75
      vertex 52.3409 17.3106 5.75
    endloop
  endfacet
  facet normal 0 0 1
    outer loop
      vertex 44 32 5.75
      vertex 52.3103 25.8434 5.75
      vertex 52.3 26 5.75
    endloop
  endfacet
  facet normal 0 0 1
    outer loop
      vertex 52.3409 17.3106 5.75
      vertex 44 32 5.75
      vertex 52.3103 17.1566 5.75
    endloop
  endfacet
  facet normal 0 0 1
    outer loop
      vertex 58.7 35 5.75
      vertex 60 48 5.75
      vertex 58.7 46 5.75
    endloop
  endfacet
  facet normal 0 0 1
    outer loop
      vertex 60 48 5.75
      vertex 58.6897 46.1566 5.75
      vertex 58.7 46 5.75
    endloop
  endfacet
  facet normal 0 0 1
    outer loop
      vertex 60 48 5.75
      vertex 58.6591 46.3106 5.75
      vertex 58.6897 46.1566 5.75
    endloop
  endfacet
  facet normal 0 0 1
    outer loop
      vertex 60 48 5.75
      vertex 58.6087 46.4592 5.75
      vertex 58.6591 46.3106 5.75
    endloop
  endfacet
  facet normal 0 0 1
    outer loop
      vertex 60 48 5.75
      vertex 58.5392 46.6 5.75
      vertex 58.6087 46.4592 5.75
    endloop
  endfacet
  facet normal 0 0 1
    outer loop
      vertex 60 48 5.75
      vertex 58.452 46.7305 5.75
      vertex 58.5392 46.6 5.75
    endloop
  endfacet
  facet normal 0 0 1
    outer loop
      vertex 60 48 5.75
      vertex 58.3485 46.8485 5.75
      vertex 58.452 46.7305 5.75
    endloop
  endfacet
  facet normal 0 0 1
    outer loop
      vertex 60 48 5.75
      vertex 58.2305 46.952 5.75
      vertex 58.3485 46.8485 5.75
    endloop
  endfacet
  facet normal 0 0 1
    outer loop
      vertex 60 48 5.75
      vertex 58.1 47.0392 5.75
      vertex 58.2305 46.952 5.75
    endloop
  endfacet
  facet normal 0 0 1
    outer loop
      vertex 60 48 5.75
      vertex 57.9592 47.1087 5.75
      vertex 58.1 47.0392 5.75
    endloop
  endfacet
  facet normal 0 0 1
    outer loop
      vertex 60 48 5.75
      vertex 57.8106 47.1591 5.75
      vertex 57.9592 47.1087 5.75
    endloop
  endfacet
  facet normal 0 0 1
    outer loop
      vertex 60 48 5.75
      vertex 57.6566 47.1897 5.75
      vertex 57.8106 47.1591 5.75
    endloop
  endfacet
  facet normal 0 0 1
    outer loop
      vertex 60 48 5.75
      vertex 57.5 47.2 5.75
      vertex 57.6566 47.1897 5.75
    endloop
  endfacet
  facet normal 0 0 1
    outer loop
      vertex 60 48 5.75
      vertex 57.3434 47.1897 5.75
      vertex 57.5 47.2 5.75
    endloop
  endfacet
  facet normal 0 0 1
    outer loop
      vertex 60 48 5.75
      vertex 57.1894 47.1591 5.75
      vertex 57.3434 47.1897 5.75
    endloop
  endfacet
  facet normal -0 0 1
    outer loop
      vertex 54.6087 37.4592 5.75
      vertex 56.3 35 5.75
      vertex 56.3 46 5.75
    endloop
  endfacet
  facet normal 0 0 1
    outer loop
      vertex 44 48 5.75
      vertex 56.3 46 5.75
      vertex 56.3103 46.1566 5.75
    endloop
  endfacet
  facet normal 0 0 1
    outer loop
      vertex 56.3 35 5.75
      vertex 54.6897 37.1566 5.75
      vertex 54.7 37 5.75
    endloop
  endfacet
  facet normal 0 0 1
    outer loop
      vertex 56.3 35 5.75
      vertex 54.6591 37.3106 5.75
      vertex 54.6897 37.1566 5.75
    endloop
  endfacet
  facet normal 0 0 1
    outer loop
      vertex 56.3 35 5.75
      vertex 54.6087 37.4592 5.75
      vertex 54.6591 37.3106 5.75
    endloop
  endfacet
  facet normal 0 0 1
    outer loop
      vertex 56.3 46 5.75
      vertex 54.5392 37.6 5.75
      vertex 54.6087 37.4592 5.75
    endloop
  endfacet
  facet normal 0 0 1
    outer loop
      vertex 44 48 5.75
      vertex 56.3103 46.1566 5.75
      vertex 56.3409 46.3106 5.75
    endloop
  endfacet
  facet normal 0 0 1
    outer loop
      vertex 56.3 46 5.75
      vertex 54.452 37.7305 5.75
      vertex 54.5392 37.6 5.75
    endloop
  endfacet
  facet normal 0 0 1
    outer loop
      vertex 56.3 46 5.75
      vertex 54.3485 37.8485 5.75
      vertex 54.452 37.7305 5.75
    endloop
  endfacet
  facet normal 0 0 1
    outer loop
      vertex 56.3 46 5.75
      vertex 54.2305 37.952 5.75
      vertex 54.3485 37.8485 5.75
    endloop
  endfacet
  facet normal 0 0 1
    outer loop
      vertex 56.3 46 5.75
      vertex 54.1 38.0392 5.75
      vertex 54.2305 37.952 5.75
    endloop
  endfacet
  facet normal 0 0 1
    outer loop
      vertex 56.3 46 5.75
      vertex 53.9592 38.1087 5.75
      vertex 54.1 38.0392 5.75
    endloop
  endfacet
  facet normal 0 0 1
    outer loop
      vertex 56.3 46 5.75
      vertex 53.8106 38.1591 5.75
      vertex 53.9592 38.1087 5.75
    endloop
  endfacet
  facet normal 0 0 1
    outer loop
      vertex 56.3 46 5.75
      vertex 53.6566 38.1897 5.75
      vertex 53.8106 38.1591 5.75
    endloop
  endfacet
  facet normal 0 0 1
    outer loop
      vertex 56.3 46 5.75
      vertex 53.5 38.2 5.75
      vertex 53.6566 38.1897 5.75
    endloop
  endfacet
  facet normal 0 0 1
    outer loop
      vertex 44 48 5.75
      vertex 56.3409 46.3106 5.75
      vertex 56.3913 46.4592 5.75
    endloop
  endfacet
  facet normal 0 0 1
    outer loop
      vertex 56.3 46 5.75
      vertex 53.3434 38.1897 5.75
      vertex 53.5 38.2 5.75
    endloop
  endfacet
  facet normal 0 0 1
    outer loop
      vertex 56.3 46 5.75
      vertex 53.1894 38.1591 5.75
      vertex 53.3434 38.1897 5.75
    endloop
  endfacet
  facet normal 0 0 1
    outer loop
      vertex 56.3 46 5.75
      vertex 53.0408 38.1087 5.75
      vertex 53.1894 38.1591 5.75
    endloop
  endfacet
  facet normal 0 0 1
    outer loop
      vertex 56.3 46 5.75
      vertex 52.9 38.0392 5.75
      vertex 53.0408 38.1087 5.75
    endloop
  endfacet
  facet normal 0 0 1
    outer loop
      vertex 56.3 46 5.75
      vertex 44 48 5.75
      vertex 52.9 38.0392 5.75
    endloop
  endfacet
  facet normal 0 0 1
    outer loop
      vertex 52.9 38.0392 5.75
      vertex 44 48 5.75
      vertex 52.7695 37.952 5.75
    endloop
  endfacet
  facet normal 0 0 1
    outer loop
      vertex 52.7695 37.952 5.75
      vertex 44 48 5.75
      vertex 52.6515 37.8485 5.75
    endloop
  endfacet
  facet normal 0 0 1
    outer loop
      vertex 52.6515 37.8485 5.75
      vertex 44 48 5.75
      vertex 52.548 37.7305 5.75
    endloop
  endfacet
  facet normal 0 0 1
    outer loop
      vertex 52.548 37.7305 5.75
      vertex 44 48 5.75
      vertex 52.4608 37.6 5.75
    endloop
  endfacet
  facet normal -0 0 1
    outer loop
      vertex 44 32 5.75
      vertex 52.3 26 5.75
      vertex 52.3 37 5.75
    endloop
  endfacet
  facet normal 0 0 1
    outer loop
      vertex 52.3103 17.1566 5.75
      vertex 44 32 5.75
      vertex 52.3 17 5.75
    endloop
  endfacet
  facet normal 0 0 1
    outer loop
      vertex 52.3103 37.1566 5.75
      vertex 44 32 5.75
      vertex 52.3 37 5.75
    endloop
  endfacet
  facet normal 0 0 1
    outer loop
      vertex 52.3409 37.3106 5.75
      vertex 44 32 5.75
      vertex 52.3103 37.1566 5.75
    endloop
  endfacet
  facet normal 0 0 1
    outer loop
      vertex 44 32 5.75
      vertex 52.3409 37.3106 5.75
      vertex 44 48 5.75
    endloop
  endfacet
  facet normal 0 0 1
    outer loop
      vertex 52.3913 37.4592 5.75
      vertex 44 48 5.75
      vertex 52.3409 37.3106 5.75
    endloop
  endfacet
  facet normal 0 0 1
    outer loop
      vertex 52.4608 37.6 5.75
      vertex 44 48 5.75
      vertex 52.3913 37.4592 5.75
    endloop
  endfacet
  facet normal 0 0 1
    outer loop
      vertex 56.4608 46.6 5.75
      vertex 44 48 5.75
      vertex 56.3913 46.4592 5.75
    endloop
  endfacet
  facet normal 0 0 1
    outer loop
      vertex 56.548 46.7305 5.75
      vertex 44 48 5.75
      vertex 56.4608 46.6 5.75
    endloop
  endfacet
  facet normal 0 0 1
    outer loop
      vertex 56.6515 46.8485 5.75
      vertex 44 48 5.75
      vertex 56.548 46.7305 5.75
    endloop
  endfacet
  facet normal 0 0 1
    outer loop
      vertex 56.7695 46.952 5.75
      vertex 44 48 5.75
      vertex 56.6515 46.8485 5.75
    endloop
  endfacet
  facet normal 0 0 1
    outer loop
      vertex 56.9 47.0392 5.75
      vertex 44 48 5.75
      vertex 56.7695 46.952 5.75
    endloop
  endfacet
  facet normal 0 0 1
    outer loop
      vertex 57.0408 47.1087 5.75
      vertex 44 48 5.75
      vertex 56.9 47.0392 5.75
    endloop
  endfacet
  facet normal 0 0 1
    outer loop
      vertex 57.1894 47.1591 5.75
      vertex 44 48 5.75
      vertex 57.0408 47.1087 5.75
    endloop
  endfacet
  facet normal -0 0 1
    outer loop
      vertex 44 48 5.75
      vertex 57.1894 47.1591 5.75
      vertex 60 48 5.75
    endloop
  endfacet
  facet normal 0 0 1
    outer loop
      vertex 60 48 5.75
      vertex 58.7 35 5.75
      vertex 60 0 5.75
    endloop
  endfacet
  facet normal -0 0 1
    outer loop
      vertex 58.6897 34.8434 5.75
      vertex 60 0 5.75
      vertex 58.7 35 5.75
    endloop
  endfacet
  facet normal -0 0 1
    outer loop
      vertex 58.6591 34.6894 5.75
      vertex 60 0 5.75
      vertex 58.6897 34.8434 5.75
    endloop
  endfacet
  facet normal -0 0 1
    outer loop
      vertex 58.6087 34.5408 5.75
      vertex 60 0 5.75
      vertex 58.6591 34.6894 5.75
    endloop
  endfacet
  facet normal -0 0 1
    outer loop
      vertex 58.5392 34.4 5.75
      vertex 60 0 5.75
      vertex 58.6087 34.5408 5.75
    endloop
  endfacet
  facet normal 0 0 1
    outer loop
      vertex 54.7 17 5.75
      vertex 58.5392 34.4 5.75
      vertex 58.452 34.2695 5.75
    endloop
  endfacet
  facet normal 0 0 1
    outer loop
      vertex 54.6897 25.8434 5.75
      vertex 58.3485 34.1515 5.75
      vertex 54.7 26 5.75
    endloop
  endfacet
  facet normal 0 0 1
    outer loop
      vertex 54.7 26 5.75
      vertex 58.3485 34.1515 5.75
      vertex 58.2305 34.048 5.75
    endloop
  endfacet
  facet normal 0 0 1
    outer loop
      vertex 54.7 26 5.75
      vertex 58.2305 34.048 5.75
      vertex 58.1 33.9608 5.75
    endloop
  endfacet
  facet normal 0 0 1
    outer loop
      vertex 54.7 26 5.75
      vertex 58.1 33.9608 5.75
      vertex 57.9592 33.8913 5.75
    endloop
  endfacet
  facet normal 0 0 1
    outer loop
      vertex 54.7 26 5.75
      vertex 57.9592 33.8913 5.75
      vertex 57.8106 33.8409 5.75
    endloop
  endfacet
  facet normal 0 0 1
    outer loop
      vertex 54.7 26 5.75
      vertex 57.8106 33.8409 5.75
      vertex 57.6566 33.8103 5.75
    endloop
  endfacet
  facet normal 0 0 1
    outer loop
      vertex 54.7 26 5.75
      vertex 57.6566 33.8103 5.75
      vertex 57.5 33.8 5.75
    endloop
  endfacet
  facet normal 0 0 1
    outer loop
      vertex 54.7 26 5.75
      vertex 57.5 33.8 5.75
      vertex 57.3434 33.8103 5.75
    endloop
  endfacet
  facet normal 0 0 1
    outer loop
      vertex 54.7 26 5.75
      vertex 57.3434 33.8103 5.75
      vertex 57.1894 33.8409 5.75
    endloop
  endfacet
  facet normal 0 0 1
    outer loop
      vertex 54.7 26 5.75
      vertex 57.1894 33.8409 5.75
      vertex 57.0408 33.8913 5.75
    endloop
  endfacet
  facet normal 0 0 1
    outer loop
      vertex 54.7 26 5.75
      vertex 57.0408 33.8913 5.75
      vertex 56.9 33.9608 5.75
    endloop
  endfacet
  facet normal 0 0 1
    outer loop
      vertex 54.7 26 5.75
      vertex 56.9 33.9608 5.75
      vertex 56.7695 34.048 5.75
    endloop
  endfacet
  facet normal 0 0 1
    outer loop
      vertex 54.7 26 5.75
      vertex 56.7695 34.048 5.75
      vertex 56.6515 34.1515 5.75
    endloop
  endfacet
  facet normal 0 0 1
    outer loop
      vertex 54.7 26 5.75
      vertex 56.6515 34.1515 5.75
      vertex 56.548 34.2695 5.75
    endloop
  endfacet
  facet normal 0 0 1
    outer loop
      vertex 54.7 26 5.75
      vertex 56.548 34.2695 5.75
      vertex 56.4608 34.4 5.75
    endloop
  endfacet
  facet normal 0 0 1
    outer loop
      vertex 54.7 26 5.75
      vertex 56.4608 34.4 5.75
      vertex 56.3913 34.5408 5.75
    endloop
  endfacet
  facet normal 0 0 1
    outer loop
      vertex 54.7 37 5.75
      vertex 56.3913 34.5408 5.75
      vertex 56.3409 34.6894 5.75
    endloop
  endfacet
  facet normal 0 0 1
    outer loop
      vertex 54.7 37 5.75
      vertex 56.3409 34.6894 5.75
      vertex 56.3103 34.8434 5.75
    endloop
  endfacet
  facet normal 0 0 1
    outer loop
      vertex 54.7 37 5.75
      vertex 56.3103 34.8434 5.75
      vertex 56.3 35 5.75
    endloop
  endfacet
  facet normal 0 0 1
    outer loop
      vertex 56.3913 34.5408 5.75
      vertex 54.7 37 5.75
      vertex 54.7 26 5.75
    endloop
  endfacet
  facet normal -0 0 1
    outer loop
      vertex 58.3485 34.1515 5.75
      vertex 54.6897 25.8434 5.75
      vertex 58.452 34.2695 5.75
    endloop
  endfacet
  facet normal 0 0 1
    outer loop
      vertex 58.5392 34.4 5.75
      vertex 54.7 17 5.75
      vertex 60 0 5.75
    endloop
  endfacet
  facet normal -0 0 1
    outer loop
      vertex 54.7 6 5.75
      vertex 60 0 5.75
      vertex 54.7 17 5.75
    endloop
  endfacet
  facet normal -0 0 1
    outer loop
      vertex 54.6897 5.84337 5.75
      vertex 60 0 5.75
      vertex 54.7 6 5.75
    endloop
  endfacet
  facet normal -0 0 1
    outer loop
      vertex 54.6591 5.68942 5.75
      vertex 60 0 5.75
      vertex 54.6897 5.84337 5.75
    endloop
  endfacet
  facet normal -0 0 1
    outer loop
      vertex 54.6087 5.54078 5.75
      vertex 60 0 5.75
      vertex 54.6591 5.68942 5.75
    endloop
  endfacet
  facet normal -0 0 1
    outer loop
      vertex 54.5392 5.4 5.75
      vertex 60 0 5.75
      vertex 54.6087 5.54078 5.75
    endloop
  endfacet
  facet normal -0 0 1
    outer loop
      vertex 54.452 5.26949 5.75
      vertex 60 0 5.75
      vertex 54.5392 5.4 5.75
    endloop
  endfacet
  facet normal -0 0 1
    outer loop
      vertex 54.3485 5.15147 5.75
      vertex 60 0 5.75
      vertex 54.452 5.26949 5.75
    endloop
  endfacet
  facet normal -0 0 1
    outer loop
      vertex 54.2305 5.04798 5.75
      vertex 60 0 5.75
      vertex 54.3485 5.15147 5.75
    endloop
  endfacet
  facet normal -0 0 1
    outer loop
      vertex 54.1 4.96077 5.75
      vertex 60 0 5.75
      vertex 54.2305 5.04798 5.75
    endloop
  endfacet
  facet normal -0 0 1
    outer loop
      vertex 53.9592 4.89134 5.75
      vertex 60 0 5.75
      vertex 54.1 4.96077 5.75
    endloop
  endfacet
  facet normal -0 0 1
    outer loop
      vertex 53.8106 4.84089 5.75
      vertex 60 0 5.75
      vertex 53.9592 4.89134 5.75
    endloop
  endfacet
  facet normal -0 0 1
    outer loop
      vertex 53.6566 4.81027 5.75
      vertex 60 0 5.75
      vertex 53.8106 4.84089 5.75
    endloop
  endfacet
  facet normal -0 0 1
    outer loop
      vertex 53.5 4.8 5.75
      vertex 60 0 5.75
      vertex 53.6566 4.81027 5.75
    endloop
  endfacet
  facet normal 0 0 1
    outer loop
      vertex 53.3434 4.81027 5.75
      vertex 60 0 5.75
      vertex 53.5 4.8 5.75
    endloop
  endfacet
  facet normal 0 0 1
    outer loop
      vertex 53.1894 4.84089 5.75
      vertex 60 0 5.75
      vertex 53.3434 4.81027 5.75
    endloop
  endfacet
  facet normal 0 0 1
    outer loop
      vertex 53.0408 4.89134 5.75
      vertex 60 0 5.75
      vertex 53.1894 4.84089 5.75
    endloop
  endfacet
  facet normal 0 0 1
    outer loop
      vertex 52.9 4.96077 5.75
      vertex 60 0 5.75
      vertex 53.0408 4.89134 5.75
    endloop
  endfacet
  facet normal 0 0 1
    outer loop
      vertex 7.1 4.96077 5.75
      vertex 52.9 4.96077 5.75
      vertex 52.7695 5.04798 5.75
    endloop
  endfacet
  facet normal 0 0 1
    outer loop
      vertex 7.7 17 5.75
      vertex 52.3 17 5.75
      vertex 44 32 5.75
    endloop
  endfacet
  facet normal 0 0 1
    outer loop
      vertex 52.3 17 5.75
      vertex 7.7 17 5.75
      vertex 52.3 6 5.75
    endloop
  endfacet
  facet normal 0 0 1
    outer loop
      vertex 7.7 6 5.75
      vertex 52.3 6 5.75
      vertex 7.7 17 5.75
    endloop
  endfacet
  facet normal 0 0 1
    outer loop
      vertex 7.7 17 5.75
      vertex 44 32 5.75
      vertex 16 32 5.75
    endloop
  endfacet
  facet normal 0 0 1
    outer loop
      vertex 52.3 6 5.75
      vertex 7.7 6 5.75
      vertex 52.3103 5.84337 5.75
    endloop
  endfacet
  facet normal 0 0 1
    outer loop
      vertex 7.68973 5.84337 5.75
      vertex 52.3103 5.84337 5.75
      vertex 7.7 6 5.75
    endloop
  endfacet
  facet normal 0 0 1
    outer loop
      vertex 52.3103 5.84337 5.75
      vertex 7.68973 5.84337 5.75
      vertex 52.3409 5.68942 5.75
    endloop
  endfacet
  facet normal 0 0 1
    outer loop
      vertex 7.65911 5.68942 5.75
      vertex 52.3409 5.68942 5.75
      vertex 7.68973 5.84337 5.75
    endloop
  endfacet
  facet normal 0 0 1
    outer loop
      vertex 52.3409 5.68942 5.75
      vertex 7.65911 5.68942 5.75
      vertex 52.3913 5.54078 5.75
    endloop
  endfacet
  facet normal 0 0 1
    outer loop
      vertex 7.7 26 5.75
      vertex 16 32 5.75
      vertex 7.7 37 5.75
    endloop
  endfacet
  facet normal 0 0 1
    outer loop
      vertex 7.68973 25.8434 5.75
      vertex 16 32 5.75
      vertex 7.7 26 5.75
    endloop
  endfacet
  facet normal 0 0 1
    outer loop
      vertex 7.60865 5.54078 5.75
      vertex 52.3913 5.54078 5.75
      vertex 7.65911 5.68942 5.75
    endloop
  endfacet
  facet normal 0 0 1
    outer loop
      vertex 52.3913 5.54078 5.75
      vertex 7.60865 5.54078 5.75
      vertex 52.4608 5.4 5.75
    endloop
  endfacet
  facet normal 0 0 1
    outer loop
      vertex 7.53923 5.4 5.75
      vertex 52.4608 5.4 5.75
      vertex 7.60865 5.54078 5.75
    endloop
  endfacet
  facet normal 0 0 1
    outer loop
      vertex 52.4608 5.4 5.75
      vertex 7.53923 5.4 5.75
      vertex 52.548 5.26949 5.75
    endloop
  endfacet
  facet normal 0 0 1
    outer loop
      vertex 7.45202 5.26949 5.75
      vertex 52.548 5.26949 5.75
      vertex 7.53923 5.4 5.75
    endloop
  endfacet
  facet normal 0 0 1
    outer loop
      vertex 52.548 5.26949 5.75
      vertex 7.45202 5.26949 5.75
      vertex 52.6515 5.15147 5.75
    endloop
  endfacet
  facet normal 0 0 1
    outer loop
      vertex 7.34853 5.15147 5.75
      vertex 52.6515 5.15147 5.75
      vertex 7.45202 5.26949 5.75
    endloop
  endfacet
  facet normal 0 0 1
    outer loop
      vertex 52.6515 5.15147 5.75
      vertex 7.34853 5.15147 5.75
      vertex 52.7695 5.04798 5.75
    endloop
  endfacet
  facet normal 0 0 1
    outer loop
      vertex 7.23051 5.04798 5.75
      vertex 52.7695 5.04798 5.75
      vertex 7.34853 5.15147 5.75
    endloop
  endfacet
  facet normal 0 0 1
    outer loop
      vertex 7.1 4.96077 5.75
      vertex 52.7695 5.04798 5.75
      vertex 7.23051 5.04798 5.75
    endloop
  endfacet
  facet normal 0 0 1
    outer loop
      vertex 52.9 4.96077 5.75
      vertex 7.1 4.96077 5.75
      vertex 60 0 5.75
    endloop
  endfacet
  facet normal 0 0 1
    outer loop
      vertex 0 0 5.75
      vertex 7.1 4.96077 5.75
      vertex 6.95922 4.89134 5.75
    endloop
  endfacet
  facet normal 0 0 1
    outer loop
      vertex 0 0 5.75
      vertex 6.95922 4.89134 5.75
      vertex 6.81058 4.84089 5.75
    endloop
  endfacet
  facet normal 0 0 1
    outer loop
      vertex 0 0 5.75
      vertex 6.81058 4.84089 5.75
      vertex 6.65663 4.81027 5.75
    endloop
  endfacet
  facet normal 0 0 1
    outer loop
      vertex 0 0 5.75
      vertex 6.65663 4.81027 5.75
      vertex 6.5 4.8 5.75
    endloop
  endfacet
  facet normal 0 0 1
    outer loop
      vertex 0 0 5.75
      vertex 6.5 4.8 5.75
      vertex 6.34337 4.81027 5.75
    endloop
  endfacet
  facet normal 0 0 1
    outer loop
      vertex 3.68973 34.8434 5.75
      vertex 5.3 37 5.75
      vertex 3.7 35 5.75
    endloop
  endfacet
  facet normal 0 0 1
    outer loop
      vertex 3.65911 34.6894 5.75
      vertex 5.3 37 5.75
      vertex 3.68973 34.8434 5.75
    endloop
  endfacet
  facet normal 0 0 1
    outer loop
      vertex 3.60866 34.5408 5.75
      vertex 5.3 37 5.75
      vertex 3.65911 34.6894 5.75
    endloop
  endfacet
  facet normal 0 0 1
    outer loop
      vertex 5.3 26 5.75
      vertex 3.60866 34.5408 5.75
      vertex 3.53923 34.4 5.75
    endloop
  endfacet
  facet normal -0 0 1
    outer loop
      vertex 3.34853 34.1515 5.75
      vertex 5.3 26 5.75
      vertex 3.45202 34.2695 5.75
    endloop
  endfacet
  facet normal -0 0 1
    outer loop
      vertex 3.23051 34.048 5.75
      vertex 5.3 26 5.75
      vertex 3.34853 34.1515 5.75
    endloop
  endfacet
  facet normal -0 0 1
    outer loop
      vertex 3.1 33.9608 5.75
      vertex 5.3 26 5.75
      vertex 3.23051 34.048 5.75
    endloop
  endfacet
  facet normal -0 0 1
    outer loop
      vertex 2.95922 33.8913 5.75
      vertex 5.3 26 5.75
      vertex 3.1 33.9608 5.75
    endloop
  endfacet
  facet normal -0 0 1
    outer loop
      vertex 2.81058 33.8409 5.75
      vertex 5.3 26 5.75
      vertex 2.95922 33.8913 5.75
    endloop
  endfacet
  facet normal -0 0 1
    outer loop
      vertex 2.65663 33.8103 5.75
      vertex 5.3 26 5.75
      vertex 2.81058 33.8409 5.75
    endloop
  endfacet
  facet normal -0 0 1
    outer loop
      vertex 2.5 33.8 5.75
      vertex 5.3 26 5.75
      vertex 2.65663 33.8103 5.75
    endloop
  endfacet
  facet normal 0 0 1
    outer loop
      vertex 2.34337 33.8103 5.75
      vertex 5.3 26 5.75
      vertex 2.5 33.8 5.75
    endloop
  endfacet
  facet normal 0 0 1
    outer loop
      vertex 2.18942 33.8409 5.75
      vertex 5.3 26 5.75
      vertex 2.34337 33.8103 5.75
    endloop
  endfacet
  facet normal 0 0 1
    outer loop
      vertex 2.04078 33.8913 5.75
      vertex 5.3 26 5.75
      vertex 2.18942 33.8409 5.75
    endloop
  endfacet
  facet normal 0 0 1
    outer loop
      vertex 1.9 33.9608 5.75
      vertex 5.3 26 5.75
      vertex 2.04078 33.8913 5.75
    endloop
  endfacet
  facet normal 0 0 1
    outer loop
      vertex 1.76949 34.048 5.75
      vertex 5.3 26 5.75
      vertex 1.9 33.9608 5.75
    endloop
  endfacet
  facet normal 0 0 1
    outer loop
      vertex 1.65147 34.1515 5.75
      vertex 5.3 26 5.75
      vertex 1.76949 34.048 5.75
    endloop
  endfacet
  facet normal 0 0 1
    outer loop
      vertex 5.31027 25.8434 5.75
      vertex 1.65147 34.1515 5.75
      vertex 1.54798 34.2695 5.75
    endloop
  endfacet
  facet normal 0 0 1
    outer loop
      vertex 1.46077 34.4 5.75
      vertex 5.31027 17.1566 5.75
      vertex 1.54798 34.2695 5.75
    endloop
  endfacet
  facet normal 0 0 1
    outer loop
      vertex 5.3 17 5.75
      vertex 0 0 5.75
      vertex 5.3 6 5.75
    endloop
  endfacet
  facet normal 0 0 1
    outer loop
      vertex 5.31027 17.1566 5.75
      vertex 1.46077 34.4 5.75
      vertex 5.3 17 5.75
    endloop
  endfacet
  facet normal 0 0 1
    outer loop
      vertex 5.3 17 5.75
      vertex 1.46077 34.4 5.75
      vertex 0 0 5.75
    endloop
  endfacet
  facet normal 0 0 1
    outer loop
      vertex 0 0 5.75
      vertex 1.46077 34.4 5.75
      vertex 1.39135 34.5408 5.75
    endloop
  endfacet
  facet normal 0 0 1
    outer loop
      vertex 0 0 5.75
      vertex 1.39135 34.5408 5.75
      vertex 1.34089 34.6894 5.75
    endloop
  endfacet
  facet normal 0 0 1
    outer loop
      vertex 0 0 5.75
      vertex 1.34089 34.6894 5.75
      vertex 1.31027 34.8434 5.75
    endloop
  endfacet
  facet normal 0 0 1
    outer loop
      vertex 0 48 5.75
      vertex 1.31027 34.8434 5.75
      vertex 1.3 35 5.75
    endloop
  endfacet
  facet normal 0 0 1
    outer loop
      vertex 7.1 4.96077 5.75
      vertex 0 0 5.75
      vertex 60 0 5.75
    endloop
  endfacet
  facet normal 0 0 1
    outer loop
      vertex 6.18942 4.84089 5.75
      vertex 0 0 5.75
      vertex 6.34337 4.81027 5.75
    endloop
  endfacet
  facet normal 0 0 1
    outer loop
      vertex 6.04078 4.89134 5.75
      vertex 0 0 5.75
      vertex 6.18942 4.84089 5.75
    endloop
  endfacet
  facet normal 0 0 1
    outer loop
      vertex 5.9 4.96077 5.75
      vertex 0 0 5.75
      vertex 6.04078 4.89134 5.75
    endloop
  endfacet
  facet normal 0 0 1
    outer loop
      vertex 5.76949 5.04798 5.75
      vertex 0 0 5.75
      vertex 5.9 4.96077 5.75
    endloop
  endfacet
  facet normal 0 0 1
    outer loop
      vertex 5.65147 5.15147 5.75
      vertex 0 0 5.75
      vertex 5.76949 5.04798 5.75
    endloop
  endfacet
  facet normal 0 0 1
    outer loop
      vertex 5.54798 5.26949 5.75
      vertex 0 0 5.75
      vertex 5.65147 5.15147 5.75
    endloop
  endfacet
  facet normal 0 0 1
    outer loop
      vertex 5.46077 5.4 5.75
      vertex 0 0 5.75
      vertex 5.54798 5.26949 5.75
    endloop
  endfacet
  facet normal 0 0 1
    outer loop
      vertex 5.39134 5.54078 5.75
      vertex 0 0 5.75
      vertex 5.46077 5.4 5.75
    endloop
  endfacet
  facet normal 0 0 1
    outer loop
      vertex 5.34089 5.68942 5.75
      vertex 0 0 5.75
      vertex 5.39134 5.54078 5.75
    endloop
  endfacet
  facet normal 0 0 1
    outer loop
      vertex 5.31027 5.84337 5.75
      vertex 0 0 5.75
      vertex 5.34089 5.68942 5.75
    endloop
  endfacet
  facet normal 0 0 1
    outer loop
      vertex 5.3 6 5.75
      vertex 0 0 5.75
      vertex 5.31027 5.84337 5.75
    endloop
  endfacet
  facet normal 0 0 1
    outer loop
      vertex 0 0 5.75
      vertex 1.31027 34.8434 5.75
      vertex 0 48 5.75
    endloop
  endfacet
  facet normal 1 -0 0
    outer loop
      vertex 15.5 5 3.75
      vertex 15.5 11 0
      vertex 15.5 11 3.75
    endloop
  endfacet
  facet normal 1 0 0
    outer loop
      vertex 15.5 11 0
      vertex 15.5 5 3.75
      vertex 15.5 5 0
    endloop
  endfacet
  facet normal 0 1 -0
    outer loop
      vertex 15.5 11 0
      vertex 9.5 11 3.75
      vertex 15.5 11 3.75
    endloop
  endfacet
  facet normal 0 1 0
    outer loop
      vertex 9.5 11 3.75
      vertex 15.5 11 0
      vertex 9.5 11 0
    endloop
  endfacet
  facet normal 0 0 -1
    outer loop
      vertex 9.5 5 0
      vertex 15.5 11 0
      vertex 15.5 5 0
    endloop
  endfacet
  facet normal -0 0 -1
    outer loop
      vertex 15.5 11 0
      vertex 9.5 5 0
      vertex 9.5 11 0
    endloop
  endfacet
  facet normal 0 -1 0
    outer loop
      vertex 9.5 5 0
      vertex 15.5 5 3.75
      vertex 9.5 5 3.75
    endloop
  endfacet
  facet normal 0 -1 -0
    outer loop
      vertex 15.5 5 3.75
      vertex 9.5 5 0
      vertex 15.5 5 0
    endloop
  endfacet
  facet normal -1 0 0
    outer loop
      vertex 9.5 30 0
      vertex 9.5 36 3.75
      vertex 9.5 36 0
    endloop
  endfacet
  facet normal -1 -0 0
    outer loop
      vertex 9.5 36 3.75
      vertex 9.5 30 0
      vertex 9.5 30 3.75
    endloop
  endfacet
  facet normal 1 -0 0
    outer loop
      vertex 15.5 30 3.75
      vertex 15.5 36 0
      vertex 15.5 36 3.75
    endloop
  endfacet
  facet normal 1 0 0
    outer loop
      vertex 15.5 36 0
      vertex 15.5 30 3.75
      vertex 15.5 30 0
    endloop
  endfacet
  facet normal 0 1 -0
    outer loop
      vertex 15.5 36 0
      vertex 9.5 36 3.75
      vertex 15.5 36 3.75
    endloop
  endfacet
  facet normal 0 1 0
    outer loop
      vertex 9.5 36 3.75
      vertex 15.5 36 0
      vertex 9.5 36 0
    endloop
  endfacet
  facet normal 0 0 -1
    outer loop
      vertex 9.5 30 0
      vertex 15.5 36 0
      vertex 15.5 30 0
    endloop
  endfacet
  facet normal -0 0 -1
    outer loop
      vertex 15.5 36 0
      vertex 9.5 30 0
      vertex 9.5 36 0
    endloop
  endfacet
  facet normal 0 -1 0
    outer loop
      vertex 9.5 30 0
      vertex 15.5 30 3.75
      vertex 9.5 30 3.75
    endloop
  endfacet
  facet normal 0 -1 -0
    outer loop
      vertex 15.5 30 3.75
      vertex 9.5 30 0
      vertex 15.5 30 0
    endloop
  endfacet
  facet normal -1 0 0
    outer loop
      vertex 44.5 5 0
      vertex 44.5 11 3.75
      vertex 44.5 11 0
    endloop
  endfacet
  facet normal -1 -0 0
    outer loop
      vertex 44.5 11 3.75
      vertex 44.5 5 0
      vertex 44.5 5 3.75
    endloop
  endfacet
  facet normal 1 -0 0
    outer loop
      vertex 50.5 5 3.75
      vertex 50.5 11 0
      vertex 50.5 11 3.75
    endloop
  endfacet
  facet normal 1 0 0
    outer loop
      vertex 50.5 11 0
      vertex 50.5 5 3.75
      vertex 50.5 5 0
    endloop
  endfacet
  facet normal 0 0 -1
    outer loop
      vertex 44.5 5 0
      vertex 50.5 11 0
      vertex 50.5 5 0
    endloop
  endfacet
  facet normal -0 0 -1
    outer loop
      vertex 50.5 11 0
      vertex 44.5 5 0
      vertex 44.5 11 0
    endloop
  endfacet
  facet normal 0 -1 0
    outer loop
      vertex 44.5 5 0
      vertex 50.5 5 3.75
      vertex 44.5 5 3.75
    endloop
  endfacet
  facet normal 0 -1 -0
    outer loop
      vertex 50.5 5 3.75
      vertex 44.5 5 0
      vertex 50.5 5 0
    endloop
  endfacet
  facet normal 0 1 -0
    outer loop
      vertex 50.5 11 0
      vertex 44.5 11 3.75
      vertex 50.5 11 3.75
    endloop
  endfacet
  facet normal 0 1 0
    outer loop
      vertex 44.5 11 3.75
      vertex 50.5 11 0
      vertex 44.5 11 0
    endloop
  endfacet
  facet normal -1 0 0
    outer loop
      vertex 44.5 30 0
      vertex 44.5 36 3.75
      vertex 44.5 36 0
    endloop
  endfacet
  facet normal -1 -0 0
    outer loop
      vertex 44.5 36 3.75
      vertex 44.5 30 0
      vertex 44.5 30 3.75
    endloop
  endfacet
  facet normal 1 -0 0
    outer loop
      vertex 50.5 30 3.75
      vertex 50.5 36 0
      vertex 50.5 36 3.75
    endloop
  endfacet
  facet normal 1 0 0
    outer loop
      vertex 50.5 36 0
      vertex 50.5 30 3.75
      vertex 50.5 30 0
    endloop
  endfacet
  facet normal 0 1 -0
    outer loop
      vertex 50.5 36 0
      vertex 44.5 36 3.75
      vertex 50.5 36 3.75
    endloop
  endfacet
  facet normal 0 1 0
    outer loop
      vertex 44.5 36 3.75
      vertex 50.5 36 0
      vertex 44.5 36 0
    endloop
  endfacet
  facet normal 0 0 -1
    outer loop
      vertex 44.5 30 0
      vertex 50.5 36 0
      vertex 50.5 30 0
    endloop
  endfacet
  facet normal -0 0 -1
    outer loop
      vertex 50.5 36 0
      vertex 44.5 30 0
      vertex 44.5 36 0
    endloop
  endfacet
  facet normal 0 -1 0
    outer loop
      vertex 44.5 30 0
      vertex 50.5 30 3.75
      vertex 44.5 30 3.75
    endloop
  endfacet
  facet normal 0 -1 -0
    outer loop
      vertex 50.5 30 3.75
      vertex 44.5 30 0
      vertex 50.5 30 0
    endloop
  endfacet
  facet normal -1 0 0
    outer loop
      vertex 0 0 3.75
      vertex 0 48 5.75
      vertex 0 48 3.75
    endloop
  endfacet
  facet normal -1 -0 0
    outer loop
      vertex 0 48 5.75
      vertex 0 0 3.75
      vertex 0 0 5.75
    endloop
  endfacet
  facet normal 1 -0 0
    outer loop
      vertex 60 0 5.75
      vertex 60 48 3.75
      vertex 60 48 5.75
    endloop
  endfacet
  facet normal 1 0 0
    outer loop
      vertex 60 48 3.75
      vertex 60 0 5.75
      vertex 60 0 3.75
    endloop
  endfacet
  facet normal 0 1 -0
    outer loop
      vertex 60 48 3.75
      vertex 44 48 5.75
      vertex 60 48 5.75
    endloop
  endfacet
  facet normal 0 1 0
    outer loop
      vertex 44 48 5.75
      vertex 60 48 3.75
      vertex 44 48 3.75
    endloop
  endfacet
  facet normal 0 1 -0
    outer loop
      vertex 16 48 3.75
      vertex 0 48 5.75
      vertex 16 48 5.75
    endloop
  endfacet
  facet normal 0 1 0
    outer loop
      vertex 0 48 5.75
      vertex 16 48 3.75
      vertex 0 48 3.75
    endloop
  endfacet
  facet normal 0 0 -1
    outer loop
      vertex 15.5 11 3.75
      vertex 7.65911 17.3106 3.75
      vertex 15.5 30 3.75
    endloop
  endfacet
  facet normal 0 0 -1
    outer loop
      vertex 15.5 30 3.75
      vertex 7.68973 25.8434 3.75
      vertex 7.7 26 3.75
    endloop
  endfacet
  facet normal 0 0 -1
    outer loop
      vertex 7.60865 17.4592 3.75
      vertex 15.5 30 3.75
      vertex 7.65911 17.3106 3.75
    endloop
  endfacet
  facet normal 0 0 -1
    outer loop
      vertex 15.5 30 3.75
      vertex 7.65911 25.6894 3.75
      vertex 7.68973 25.8434 3.75
    endloop
  endfacet
  facet normal 0 0 -1
    outer loop
      vertex 7.53923 17.6 3.75
      vertex 15.5 30 3.75
      vertex 7.60865 17.4592 3.75
    endloop
  endfacet
  facet normal 0 0 -1
    outer loop
      vertex 15.5 30 3.75
      vertex 7.60865 25.5408 3.75
      vertex 7.65911 25.6894 3.75
    endloop
  endfacet
  facet normal 0 0 -1
    outer loop
      vertex 7.53923 25.4 3.75
      vertex 15.5 30 3.75
      vertex 7.53923 17.6 3.75
    endloop
  endfacet
  facet normal 0 0 -1
    outer loop
      vertex 15.5 30 3.75
      vertex 7.53923 25.4 3.75
      vertex 7.60865 25.5408 3.75
    endloop
  endfacet
  facet normal 0 0 -1
    outer loop
      vertex 7.45202 17.7305 3.75
      vertex 7.53923 25.4 3.75
      vertex 7.53923 17.6 3.75
    endloop
  endfacet
  facet normal 0 0 -1
    outer loop
      vertex 7.45202 17.7305 3.75
      vertex 7.45202 25.2695 3.75
      vertex 7.53923 25.4 3.75
    endloop
  endfacet
  facet normal 0 0 -1
    outer loop
      vertex 7.34853 17.8485 3.75
      vertex 7.45202 25.2695 3.75
      vertex 7.45202 17.7305 3.75
    endloop
  endfacet
  facet normal 0 0 -1
    outer loop
      vertex 7.34853 17.8485 3.75
      vertex 7.34853 25.1515 3.75
      vertex 7.45202 25.2695 3.75
    endloop
  endfacet
  facet normal 0 0 -1
    outer loop
      vertex 7.23051 17.952 3.75
      vertex 7.34853 25.1515 3.75
      vertex 7.34853 17.8485 3.75
    endloop
  endfacet
  facet normal 0 0 -1
    outer loop
      vertex 7.23051 17.952 3.75
      vertex 7.23051 25.048 3.75
      vertex 7.34853 25.1515 3.75
    endloop
  endfacet
  facet normal 0 0 -1
    outer loop
      vertex 7.1 18.0392 3.75
      vertex 7.23051 25.048 3.75
      vertex 7.23051 17.952 3.75
    endloop
  endfacet
  facet normal 0 0 -1
    outer loop
      vertex 7.1 18.0392 3.75
      vertex 7.1 24.9608 3.75
      vertex 7.23051 25.048 3.75
    endloop
  endfacet
  facet normal 0 0 -1
    outer loop
      vertex 6.95922 18.1087 3.75
      vertex 7.1 24.9608 3.75
      vertex 7.1 18.0392 3.75
    endloop
  endfacet
  facet normal 0 0 -1
    outer loop
      vertex 6.95922 18.1087 3.75
      vertex 6.95922 24.8913 3.75
      vertex 7.1 24.9608 3.75
    endloop
  endfacet
  facet normal 0 0 -1
    outer loop
      vertex 6.81058 18.1591 3.75
      vertex 6.95922 24.8913 3.75
      vertex 6.95922 18.1087 3.75
    endloop
  endfacet
  facet normal 0 0 -1
    outer loop
      vertex 6.81058 18.1591 3.75
      vertex 6.81058 24.8409 3.75
      vertex 6.95922 24.8913 3.75
    endloop
  endfacet
  facet normal 0 0 -1
    outer loop
      vertex 6.65663 18.1897 3.75
      vertex 6.81058 24.8409 3.75
      vertex 6.81058 18.1591 3.75
    endloop
  endfacet
  facet normal 0 0 -1
    outer loop
      vertex 6.65663 18.1897 3.75
      vertex 6.65663 24.8103 3.75
      vertex 6.81058 24.8409 3.75
    endloop
  endfacet
  facet normal 0 0 -1
    outer loop
      vertex 6.5 18.2 3.75
      vertex 6.65663 24.8103 3.75
      vertex 6.65663 18.1897 3.75
    endloop
  endfacet
  facet normal 0 0 -1
    outer loop
      vertex 6.5 18.2 3.75
      vertex 6.5 24.8 3.75
      vertex 6.65663 24.8103 3.75
    endloop
  endfacet
  facet normal 0 0 -1
    outer loop
      vertex 6.34337 18.1897 3.75
      vertex 6.5 24.8 3.75
      vertex 6.5 18.2 3.75
    endloop
  endfacet
  facet normal 0 0 -1
    outer loop
      vertex 6.34337 18.1897 3.75
      vertex 6.34337 24.8103 3.75
      vertex 6.5 24.8 3.75
    endloop
  endfacet
  facet normal 0 0 -1
    outer loop
      vertex 6.18942 18.1591 3.75
      vertex 6.34337 24.8103 3.75
      vertex 6.34337 18.1897 3.75
    endloop
  endfacet
  facet normal 0 0 -1
    outer loop
      vertex 6.18942 18.1591 3.75
      vertex 6.18942 24.8409 3.75
      vertex 6.34337 24.8103 3.75
    endloop
  endfacet
  facet normal 0 0 -1
    outer loop
      vertex 6.04078 18.1087 3.75
      vertex 6.18942 24.8409 3.75
      vertex 6.18942 18.1591 3.75
    endloop
  endfacet
  facet normal 0 0 -1
    outer loop
      vertex 6.04078 18.1087 3.75
      vertex 6.04078 24.8913 3.75
      vertex 6.18942 24.8409 3.75
    endloop
  endfacet
  facet normal 0 0 -1
    outer loop
      vertex 5.9 18.0392 3.75
      vertex 6.04078 24.8913 3.75
      vertex 6.04078 18.1087 3.75
    endloop
  endfacet
  facet normal 0 0 -1
    outer loop
      vertex 5.9 18.0392 3.75
      vertex 5.9 24.9608 3.75
      vertex 6.04078 24.8913 3.75
    endloop
  endfacet
  facet normal 0 0 -1
    outer loop
      vertex 5.76949 17.952 3.75
      vertex 5.9 24.9608 3.75
      vertex 5.9 18.0392 3.75
    endloop
  endfacet
  facet normal 0 0 -1
    outer loop
      vertex 5.76949 17.952 3.75
      vertex 5.76949 25.048 3.75
      vertex 5.9 24.9608 3.75
    endloop
  endfacet
  facet normal 0 0 -1
    outer loop
      vertex 5.65147 17.8485 3.75
      vertex 5.76949 25.048 3.75
      vertex 5.76949 17.952 3.75
    endloop
  endfacet
  facet normal 0 0 -1
    outer loop
      vertex 5.65147 17.8485 3.75
      vertex 5.65147 25.1515 3.75
      vertex 5.76949 25.048 3.75
    endloop
  endfacet
  facet normal 0 0 -1
    outer loop
      vertex 5.54798 17.7305 3.75
      vertex 5.65147 25.1515 3.75
      vertex 5.65147 17.8485 3.75
    endloop
  endfacet
  facet normal 0 0 -1
    outer loop
      vertex 5.54798 17.7305 3.75
      vertex 5.54798 25.2695 3.75
      vertex 5.65147 25.1515 3.75
    endloop
  endfacet
  facet normal 0 0 -1
    outer loop
      vertex 5.46077 17.6 3.75
      vertex 5.54798 25.2695 3.75
      vertex 5.54798 17.7305 3.75
    endloop
  endfacet
  facet normal 0 0 -1
    outer loop
      vertex 5.46077 17.6 3.75
      vertex 5.46077 25.4 3.75
      vertex 5.54798 25.2695 3.75
    endloop
  endfacet
  facet normal 0 0 -1
    outer loop
      vertex 5.39134 17.4592 3.75
      vertex 5.46077 25.4 3.75
      vertex 5.46077 17.6 3.75
    endloop
  endfacet
  facet normal 0 0 -1
    outer loop
      vertex 5.39134 17.4592 3.75
      vertex 5.39134 25.5408 3.75
      vertex 5.46077 25.4 3.75
    endloop
  endfacet
  facet normal 0 0 -1
    outer loop
      vertex 5.34089 17.3106 3.75
      vertex 5.39134 25.5408 3.75
      vertex 5.39134 17.4592 3.75
    endloop
  endfacet
  facet normal 0 0 -1
    outer loop
      vertex 5.34089 17.3106 3.75
      vertex 5.34089 25.6894 3.75
      vertex 5.39134 25.5408 3.75
    endloop
  endfacet
  facet normal 0 0 -1
    outer loop
      vertex 5.31027 17.1566 3.75
      vertex 5.34089 25.6894 3.75
      vertex 5.34089 17.3106 3.75
    endloop
  endfacet
  facet normal 0 0 -1
    outer loop
      vertex 5.31027 17.1566 3.75
      vertex 5.31027 25.8434 3.75
      vertex 5.34089 25.6894 3.75
    endloop
  endfacet
  facet normal 0 0 -1
    outer loop
      vertex 1.46077 34.4 3.75
      vertex 5.31027 17.1566 3.75
      vertex 5.3 17 3.75
    endloop
  endfacet
  facet normal 0 0 -1
    outer loop
      vertex 5.31027 17.1566 3.75
      vertex 1.54798 34.2695 3.75
      vertex 5.31027 25.8434 3.75
    endloop
  endfacet
  facet normal 0 0 -1
    outer loop
      vertex 7.7 17 3.75
      vertex 15.5 11 3.75
      vertex 9.5 11 3.75
    endloop
  endfacet
  facet normal 0 0 -1
    outer loop
      vertex 7.68973 17.1566 3.75
      vertex 15.5 11 3.75
      vertex 7.7 17 3.75
    endloop
  endfacet
  facet normal 0 0 -1
    outer loop
      vertex 52.3913 25.5408 3.75
      vertex 44.5 30 3.75
      vertex 52.3409 25.6894 3.75
    endloop
  endfacet
  facet normal 0 0 -1
    outer loop
      vertex 52.3409 25.6894 3.75
      vertex 44.5 30 3.75
      vertex 50.5 30 3.75
    endloop
  endfacet
  facet normal 0 0 -1
    outer loop
      vertex 54.6897 25.8434 3.75
      vertex 58.452 34.2695 3.75
      vertex 54.6897 17.1566 3.75
    endloop
  endfacet
  facet normal 0 0 -1
    outer loop
      vertex 58.452 34.2695 3.75
      vertex 54.6897 25.8434 3.75
      vertex 54.7 26 3.75
    endloop
  endfacet
  facet normal 0 0 -1
    outer loop
      vertex 54.6591 17.3106 3.75
      vertex 54.6897 25.8434 3.75
      vertex 54.6897 17.1566 3.75
    endloop
  endfacet
  facet normal 0 0 -1
    outer loop
      vertex 54.6591 17.3106 3.75
      vertex 54.6591 25.6894 3.75
      vertex 54.6897 25.8434 3.75
    endloop
  endfacet
  facet normal 0 0 -1
    outer loop
      vertex 54.6087 17.4592 3.75
      vertex 54.6591 25.6894 3.75
      vertex 54.6591 17.3106 3.75
    endloop
  endfacet
  facet normal 0 0 -1
    outer loop
      vertex 54.6087 17.4592 3.75
      vertex 54.6087 25.5408 3.75
      vertex 54.6591 25.6894 3.75
    endloop
  endfacet
  facet normal 0 0 -1
    outer loop
      vertex 54.5392 17.6 3.75
      vertex 54.6087 25.5408 3.75
      vertex 54.6087 17.4592 3.75
    endloop
  endfacet
  facet normal 0 0 -1
    outer loop
      vertex 54.5392 17.6 3.75
      vertex 54.5392 25.4 3.75
      vertex 54.6087 25.5408 3.75
    endloop
  endfacet
  facet normal 0 0 -1
    outer loop
      vertex 54.452 17.7305 3.75
      vertex 54.5392 25.4 3.75
      vertex 54.5392 17.6 3.75
    endloop
  endfacet
  facet normal 0 0 -1
    outer loop
      vertex 54.452 17.7305 3.75
      vertex 54.452 25.2695 3.75
      vertex 54.5392 25.4 3.75
    endloop
  endfacet
  facet normal 0 0 -1
    outer loop
      vertex 54.3485 17.8485 3.75
      vertex 54.452 25.2695 3.75
      vertex 54.452 17.7305 3.75
    endloop
  endfacet
  facet normal 0 0 -1
    outer loop
      vertex 54.3485 17.8485 3.75
      vertex 54.3485 25.1515 3.75
      vertex 54.452 25.2695 3.75
    endloop
  endfacet
  facet normal 0 0 -1
    outer loop
      vertex 54.2305 17.952 3.75
      vertex 54.3485 25.1515 3.75
      vertex 54.3485 17.8485 3.75
    endloop
  endfacet
  facet normal 0 0 -1
    outer loop
      vertex 54.2305 17.952 3.75
      vertex 54.2305 25.048 3.75
      vertex 54.3485 25.1515 3.75
    endloop
  endfacet
  facet normal 0 0 -1
    outer loop
      vertex 54.1 18.0392 3.75
      vertex 54.2305 25.048 3.75
      vertex 54.2305 17.952 3.75
    endloop
  endfacet
  facet normal 0 0 -1
    outer loop
      vertex 54.1 18.0392 3.75
      vertex 54.1 24.9608 3.75
      vertex 54.2305 25.048 3.75
    endloop
  endfacet
  facet normal 0 0 -1
    outer loop
      vertex 53.9592 18.1087 3.75
      vertex 54.1 24.9608 3.75
      vertex 54.1 18.0392 3.75
    endloop
  endfacet
  facet normal 0 0 -1
    outer loop
      vertex 53.9592 18.1087 3.75
      vertex 53.9592 24.8913 3.75
      vertex 54.1 24.9608 3.75
    endloop
  endfacet
  facet normal 0 0 -1
    outer loop
      vertex 53.8106 18.1591 3.75
      vertex 53.9592 24.8913 3.75
      vertex 53.9592 18.1087 3.75
    endloop
  endfacet
  facet normal 0 0 -1
    outer loop
      vertex 53.8106 18.1591 3.75
      vertex 53.8106 24.8409 3.75
      vertex 53.9592 24.8913 3.75
    endloop
  endfacet
  facet normal 0 0 -1
    outer loop
      vertex 53.6566 18.1897 3.75
      vertex 53.8106 24.8409 3.75
      vertex 53.8106 18.1591 3.75
    endloop
  endfacet
  facet normal 0 0 -1
    outer loop
      vertex 53.6566 18.1897 3.75
      vertex 53.6566 24.8103 3.75
      vertex 53.8106 24.8409 3.75
    endloop
  endfacet
  facet normal 0 0 -1
    outer loop
      vertex 53.5 18.2 3.75
      vertex 53.6566 24.8103 3.75
      vertex 53.6566 18.1897 3.75
    endloop
  endfacet
  facet normal 0 0 -1
    outer loop
      vertex 53.5 18.2 3.75
      vertex 53.5 24.8 3.75
      vertex 53.6566 24.8103 3.75
    endloop
  endfacet
  facet normal 0 0 -1
    outer loop
      vertex 53.3434 18.1897 3.75
      vertex 53.5 24.8 3.75
      vertex 53.5 18.2 3.75
    endloop
  endfacet
  facet normal 0 0 -1
    outer loop
      vertex 53.3434 18.1897 3.75
      vertex 53.3434 24.8103 3.75
      vertex 53.5 24.8 3.75
    endloop
  endfacet
  facet normal 0 0 -1
    outer loop
      vertex 53.1894 18.1591 3.75
      vertex 53.3434 24.8103 3.75
      vertex 53.3434 18.1897 3.75
    endloop
  endfacet
  facet normal 0 0 -1
    outer loop
      vertex 53.1894 18.1591 3.75
      vertex 53.1894 24.8409 3.75
      vertex 53.3434 24.8103 3.75
    endloop
  endfacet
  facet normal 0 0 -1
    outer loop
      vertex 53.0408 18.1087 3.75
      vertex 53.1894 24.8409 3.75
      vertex 53.1894 18.1591 3.75
    endloop
  endfacet
  facet normal 0 0 -1
    outer loop
      vertex 53.0408 18.1087 3.75
      vertex 53.0408 24.8913 3.75
      vertex 53.1894 24.8409 3.75
    endloop
  endfacet
  facet normal 0 0 -1
    outer loop
      vertex 52.9 18.0392 3.75
      vertex 53.0408 24.8913 3.75
      vertex 53.0408 18.1087 3.75
    endloop
  endfacet
  facet normal 0 0 -1
    outer loop
      vertex 52.9 18.0392 3.75
      vertex 52.9 24.9608 3.75
      vertex 53.0408 24.8913 3.75
    endloop
  endfacet
  facet normal 0 0 -1
    outer loop
      vertex 52.7695 17.952 3.75
      vertex 52.9 24.9608 3.75
      vertex 52.9 18.0392 3.75
    endloop
  endfacet
  facet normal 0 0 -1
    outer loop
      vertex 52.7695 17.952 3.75
      vertex 52.7695 25.048 3.75
      vertex 52.9 24.9608 3.75
    endloop
  endfacet
  facet normal 0 0 -1
    outer loop
      vertex 52.6515 17.8485 3.75
      vertex 52.7695 25.048 3.75
      vertex 52.7695 17.952 3.75
    endloop
  endfacet
  facet normal 0 0 -1
    outer loop
      vertex 52.6515 17.8485 3.75
      vertex 52.6515 25.1515 3.75
      vertex 52.7695 25.048 3.75
    endloop
  endfacet
  facet normal 0 0 -1
    outer loop
      vertex 52.548 17.7305 3.75
      vertex 52.6515 25.1515 3.75
      vertex 52.6515 17.8485 3.75
    endloop
  endfacet
  facet normal 0 0 -1
    outer loop
      vertex 52.548 17.7305 3.75
      vertex 52.548 25.2695 3.75
      vertex 52.6515 25.1515 3.75
    endloop
  endfacet
  facet normal 0 0 -1
    outer loop
      vertex 52.4608 17.6 3.75
      vertex 52.548 25.2695 3.75
      vertex 52.548 17.7305 3.75
    endloop
  endfacet
  facet normal 0 0 -1
    outer loop
      vertex 52.4608 17.6 3.75
      vertex 52.4608 25.4 3.75
      vertex 52.548 25.2695 3.75
    endloop
  endfacet
  facet normal 0 0 -1
    outer loop
      vertex 44.5 30 3.75
      vertex 52.4608 17.6 3.75
      vertex 52.3913 17.4592 3.75
    endloop
  endfacet
  facet normal 0 0 -1
    outer loop
      vertex 52.4608 17.6 3.75
      vertex 44.5 30 3.75
      vertex 52.4608 25.4 3.75
    endloop
  endfacet
  facet normal 0 0 -1
    outer loop
      vertex 44.5 11 3.75
      vertex 52.3913 17.4592 3.75
      vertex 52.3409 17.3106 3.75
    endloop
  endfacet
  facet normal 0 0 -1
    outer loop
      vertex 44.5 30 3.75
      vertex 52.3913 17.4592 3.75
      vertex 44.5 11 3.75
    endloop
  endfacet
  facet normal 0 0 -1
    outer loop
      vertex 44.5 11 3.75
      vertex 52.3409 17.3106 3.75
      vertex 52.3103 17.1566 3.75
    endloop
  endfacet
  facet normal 0 0 -1
    outer loop
      vertex 52.4608 25.4 3.75
      vertex 44.5 30 3.75
      vertex 52.3913 25.5408 3.75
    endloop
  endfacet
  facet normal 0 0 -1
    outer loop
      vertex 44.5 11 3.75
      vertex 52.3 17 3.75
      vertex 50.5 11 3.75
    endloop
  endfacet
  facet normal 0 0 -1
    outer loop
      vertex 52.3409 25.6894 3.75
      vertex 50.5 30 3.75
      vertex 52.3103 25.8434 3.75
    endloop
  endfacet
  facet normal 0 0 -1
    outer loop
      vertex 60 0 3.75
      vertex 58.7 35 3.75
      vertex 60 48 3.75
    endloop
  endfacet
  facet normal 0 0 -1
    outer loop
      vertex 60 0 3.75
      vertex 58.6897 34.8434 3.75
      vertex 58.7 35 3.75
    endloop
  endfacet
  facet normal 0 0 -1
    outer loop
      vertex 60 0 3.75
      vertex 58.6591 34.6894 3.75
      vertex 58.6897 34.8434 3.75
    endloop
  endfacet
  facet normal 0 0 -1
    outer loop
      vertex 60 0 3.75
      vertex 58.6087 34.5408 3.75
      vertex 58.6591 34.6894 3.75
    endloop
  endfacet
  facet normal 0 0 -1
    outer loop
      vertex 60 0 3.75
      vertex 58.5392 34.4 3.75
      vertex 58.6087 34.5408 3.75
    endloop
  endfacet
  facet normal 0 0 -1
    outer loop
      vertex 54.7 17 3.75
      vertex 58.5392 34.4 3.75
      vertex 60 0 3.75
    endloop
  endfacet
  facet normal 0 0 -1
    outer loop
      vertex 54.6897 17.1566 3.75
      vertex 58.5392 34.4 3.75
      vertex 54.7 17 3.75
    endloop
  endfacet
  facet normal 0 0 -1
    outer loop
      vertex 58.5392 34.4 3.75
      vertex 54.6897 17.1566 3.75
      vertex 58.452 34.2695 3.75
    endloop
  endfacet
  facet normal 0 0 -1
    outer loop
      vertex 58.452 34.2695 3.75
      vertex 54.7 26 3.75
      vertex 58.3485 34.1515 3.75
    endloop
  endfacet
  facet normal 0 0 -1
    outer loop
      vertex 58.3485 34.1515 3.75
      vertex 54.7 26 3.75
      vertex 58.2305 34.048 3.75
    endloop
  endfacet
  facet normal 0 0 -1
    outer loop
      vertex 58.2305 34.048 3.75
      vertex 54.7 26 3.75
      vertex 58.1 33.9608 3.75
    endloop
  endfacet
  facet normal 0 0 -1
    outer loop
      vertex 58.1 33.9608 3.75
      vertex 54.7 26 3.75
      vertex 57.9592 33.8913 3.75
    endloop
  endfacet
  facet normal 0 0 -1
    outer loop
      vertex 57.9592 33.8913 3.75
      vertex 54.7 26 3.75
      vertex 57.8106 33.8409 3.75
    endloop
  endfacet
  facet normal 0 0 -1
    outer loop
      vertex 57.8106 33.8409 3.75
      vertex 54.7 26 3.75
      vertex 57.6566 33.8103 3.75
    endloop
  endfacet
  facet normal 0 0 -1
    outer loop
      vertex 57.6566 33.8103 3.75
      vertex 54.7 26 3.75
      vertex 57.5 33.8 3.75
    endloop
  endfacet
  facet normal -0 0 -1
    outer loop
      vertex 57.5 33.8 3.75
      vertex 54.7 26 3.75
      vertex 57.3434 33.8103 3.75
    endloop
  endfacet
  facet normal -0 0 -1
    outer loop
      vertex 57.3434 33.8103 3.75
      vertex 54.7 26 3.75
      vertex 57.1894 33.8409 3.75
    endloop
  endfacet
  facet normal -0 0 -1
    outer loop
      vertex 57.1894 33.8409 3.75
      vertex 54.7 26 3.75
      vertex 57.0408 33.8913 3.75
    endloop
  endfacet
  facet normal -0 0 -1
    outer loop
      vertex 57.0408 33.8913 3.75
      vertex 54.7 26 3.75
      vertex 56.9 33.9608 3.75
    endloop
  endfacet
  facet normal -0 0 -1
    outer loop
      vertex 56.9 33.9608 3.75
      vertex 54.7 26 3.75
      vertex 56.7695 34.048 3.75
    endloop
  endfacet
  facet normal -0 0 -1
    outer loop
      vertex 56.7695 34.048 3.75
      vertex 54.7 26 3.75
      vertex 56.6515 34.1515 3.75
    endloop
  endfacet
  facet normal -0 0 -1
    outer loop
      vertex 56.548 34.2695 3.75
      vertex 54.7 26 3.75
      vertex 56.4608 34.4 3.75
    endloop
  endfacet
  facet normal -0 0 -1
    outer loop
      vertex 56.4608 34.4 3.75
      vertex 54.7 26 3.75
      vertex 56.3913 34.5408 3.75
    endloop
  endfacet
  facet normal 0 0 -1
    outer loop
      vertex 54.7 37 3.75
      vertex 56.3913 34.5408 3.75
      vertex 54.7 26 3.75
    endloop
  endfacet
  facet normal 0 0 -1
    outer loop
      vertex 56.3913 34.5408 3.75
      vertex 54.7 37 3.75
      vertex 56.3409 34.6894 3.75
    endloop
  endfacet
  facet normal -0 0 -1
    outer loop
      vertex 56.6515 34.1515 3.75
      vertex 54.7 26 3.75
      vertex 56.548 34.2695 3.75
    endloop
  endfacet
  facet normal 0 0 -1
    outer loop
      vertex 54.7 17 3.75
      vertex 60 0 3.75
      vertex 54.7 6 3.75
    endloop
  endfacet
  facet normal 0 0 -1
    outer loop
      vertex 60 0 3.75
      vertex 54.6897 5.84337 3.75
      vertex 54.7 6 3.75
    endloop
  endfacet
  facet normal 0 0 -1
    outer loop
      vertex 60 0 3.75
      vertex 54.6591 5.68942 3.75
      vertex 54.6897 5.84337 3.75
    endloop
  endfacet
  facet normal 0 0 -1
    outer loop
      vertex 60 0 3.75
      vertex 54.6087 5.54078 3.75
      vertex 54.6591 5.68942 3.75
    endloop
  endfacet
  facet normal 0 0 -1
    outer loop
      vertex 60 0 3.75
      vertex 54.5392 5.4 3.75
      vertex 54.6087 5.54078 3.75
    endloop
  endfacet
  facet normal 0 0 -1
    outer loop
      vertex 60 0 3.75
      vertex 54.452 5.26949 3.75
      vertex 54.5392 5.4 3.75
    endloop
  endfacet
  facet normal 0 0 -1
    outer loop
      vertex 60 0 3.75
      vertex 54.3485 5.15147 3.75
      vertex 54.452 5.26949 3.75
    endloop
  endfacet
  facet normal 0 0 -1
    outer loop
      vertex 60 0 3.75
      vertex 54.2305 5.04798 3.75
      vertex 54.3485 5.15147 3.75
    endloop
  endfacet
  facet normal 0 0 -1
    outer loop
      vertex 60 0 3.75
      vertex 54.1 4.96077 3.75
      vertex 54.2305 5.04798 3.75
    endloop
  endfacet
  facet normal 0 0 -1
    outer loop
      vertex 60 0 3.75
      vertex 53.9592 4.89134 3.75
      vertex 54.1 4.96077 3.75
    endloop
  endfacet
  facet normal 0 0 -1
    outer loop
      vertex 60 0 3.75
      vertex 53.8106 4.84089 3.75
      vertex 53.9592 4.89134 3.75
    endloop
  endfacet
  facet normal 0 0 -1
    outer loop
      vertex 60 0 3.75
      vertex 53.6566 4.81027 3.75
      vertex 53.8106 4.84089 3.75
    endloop
  endfacet
  facet normal 0 0 -1
    outer loop
      vertex 60 0 3.75
      vertex 53.5 4.8 3.75
      vertex 53.6566 4.81027 3.75
    endloop
  endfacet
  facet normal 0 0 -1
    outer loop
      vertex 60 0 3.75
      vertex 53.3434 4.81027 3.75
      vertex 53.5 4.8 3.75
    endloop
  endfacet
  facet normal 0 0 -1
    outer loop
      vertex 60 0 3.75
      vertex 53.1894 4.84089 3.75
      vertex 53.3434 4.81027 3.75
    endloop
  endfacet
  facet normal 0 0 -1
    outer loop
      vertex 50.5 5 3.75
      vertex 53.1894 4.84089 3.75
      vertex 60 0 3.75
    endloop
  endfacet
  facet normal 0 0 -1
    outer loop
      vertex 53.1894 4.84089 3.75
      vertex 50.5 5 3.75
      vertex 53.0408 4.89134 3.75
    endloop
  endfacet
  facet normal 0 0 -1
    outer loop
      vertex 53.0408 4.89134 3.75
      vertex 50.5 5 3.75
      vertex 52.9 4.96077 3.75
    endloop
  endfacet
  facet normal 0 0 -1
    outer loop
      vertex 50.5 11 3.75
      vertex 52.3 17 3.75
      vertex 52.3 6 3.75
    endloop
  endfacet
  facet normal -0 0 -1
    outer loop
      vertex 52.3 17 3.75
      vertex 44.5 11 3.75
      vertex 52.3103 17.1566 3.75
    endloop
  endfacet
  facet normal 0 0 -1
    outer loop
      vertex 50.5 11 3.75
      vertex 52.3 6 3.75
      vertex 50.5 5 3.75
    endloop
  endfacet
  facet normal -0 0 -1
    outer loop
      vertex 52.3103 5.84337 3.75
      vertex 50.5 5 3.75
      vertex 52.3 6 3.75
    endloop
  endfacet
  facet normal -0 0 -1
    outer loop
      vertex 52.3409 5.68942 3.75
      vertex 50.5 5 3.75
      vertex 52.3103 5.84337 3.75
    endloop
  endfacet
  facet normal -0 0 -1
    outer loop
      vertex 52.3913 5.54078 3.75
      vertex 50.5 5 3.75
      vertex 52.3409 5.68942 3.75
    endloop
  endfacet
  facet normal -0 0 -1
    outer loop
      vertex 52.4608 5.4 3.75
      vertex 50.5 5 3.75
      vertex 52.3913 5.54078 3.75
    endloop
  endfacet
  facet normal -0 0 -1
    outer loop
      vertex 52.548 5.26949 3.75
      vertex 50.5 5 3.75
      vertex 52.4608 5.4 3.75
    endloop
  endfacet
  facet normal -0 0 -1
    outer loop
      vertex 52.6515 5.15147 3.75
      vertex 50.5 5 3.75
      vertex 52.548 5.26949 3.75
    endloop
  endfacet
  facet normal -0 0 -1
    outer loop
      vertex 52.7695 5.04798 3.75
      vertex 50.5 5 3.75
      vertex 52.6515 5.15147 3.75
    endloop
  endfacet
  facet normal 0 0 -1
    outer loop
      vertex 52.9 4.96077 3.75
      vertex 50.5 5 3.75
      vertex 52.7695 5.04798 3.75
    endloop
  endfacet
  facet normal 0 0 -1
    outer loop
      vertex 60 0 3.75
      vertex 44.5 5 3.75
      vertex 50.5 5 3.75
    endloop
  endfacet
  facet normal 0 0 -1
    outer loop
      vertex 15.5 11 3.75
      vertex 44.5 11 3.75
      vertex 44.5 5 3.75
    endloop
  endfacet
  facet normal 0 0 -1
    outer loop
      vertex 44.5 11 3.75
      vertex 15.5 11 3.75
      vertex 44.5 30 3.75
    endloop
  endfacet
  facet normal 0 0 -1
    outer loop
      vertex 44.5 30 3.75
      vertex 44 32 3.75
      vertex 44.5 36 3.75
    endloop
  endfacet
  facet normal 0 0 -1
    outer loop
      vertex 15.5 30 3.75
      vertex 44.5 30 3.75
      vertex 15.5 11 3.75
    endloop
  endfacet
  facet normal 0 0 -1
    outer loop
      vertex 44.5 30 3.75
      vertex 15.5 30 3.75
      vertex 44 32 3.75
    endloop
  endfacet
  facet normal 0 0 -1
    outer loop
      vertex 15.5 11 3.75
      vertex 44.5 5 3.75
      vertex 15.5 5 3.75
    endloop
  endfacet
  facet normal 0 0 -1
    outer loop
      vertex 60 0 3.75
      vertex 15.5 5 3.75
      vertex 44.5 5 3.75
    endloop
  endfacet
  facet normal 0 0 -1
    outer loop
      vertex 0 0 3.75
      vertex 15.5 5 3.75
      vertex 60 0 3.75
    endloop
  endfacet
  facet normal 0 0 -1
    outer loop
      vertex 7.7 6 3.75
      vertex 9.5 11 3.75
      vertex 9.5 5 3.75
    endloop
  endfacet
  facet normal 0 0 -1
    outer loop
      vertex 7.65911 17.3106 3.75
      vertex 15.5 11 3.75
      vertex 7.68973 17.1566 3.75
    endloop
  endfacet
  facet normal -0 0 -1
    outer loop
      vertex 9.5 11 3.75
      vertex 7.7 6 3.75
      vertex 7.7 17 3.75
    endloop
  endfacet
  facet normal 0 0 -1
    outer loop
      vertex 9.5 5 3.75
      vertex 7.68973 5.84337 3.75
      vertex 7.7 6 3.75
    endloop
  endfacet
  facet normal 0 0 -1
    outer loop
      vertex 9.5 5 3.75
      vertex 7.65911 5.68942 3.75
      vertex 7.68973 5.84337 3.75
    endloop
  endfacet
  facet normal 0 0 -1
    outer loop
      vertex 9.5 5 3.75
      vertex 7.60865 5.54078 3.75
      vertex 7.65911 5.68942 3.75
    endloop
  endfacet
  facet normal 0 0 -1
    outer loop
      vertex 9.5 5 3.75
      vertex 7.53923 5.4 3.75
      vertex 7.60865 5.54078 3.75
    endloop
  endfacet
  facet normal 0 0 -1
    outer loop
      vertex 9.5 5 3.75
      vertex 7.45202 5.26949 3.75
      vertex 7.53923 5.4 3.75
    endloop
  endfacet
  facet normal 0 0 -1
    outer loop
      vertex 9.5 5 3.75
      vertex 7.34853 5.15147 3.75
      vertex 7.45202 5.26949 3.75
    endloop
  endfacet
  facet normal -0 0 -1
    outer loop
      vertex 15.5 5 3.75
      vertex 0 0 3.75
      vertex 9.5 5 3.75
    endloop
  endfacet
  facet normal 0 0 -1
    outer loop
      vertex 9.5 5 3.75
      vertex 7.23051 5.04798 3.75
      vertex 7.34853 5.15147 3.75
    endloop
  endfacet
  facet normal -0 0 -1
    outer loop
      vertex 9.5 5 3.75
      vertex 7.1 4.96077 3.75
      vertex 7.23051 5.04798 3.75
    endloop
  endfacet
  facet normal 0 -0 -1
    outer loop
      vertex 6.81058 4.84089 3.75
      vertex 9.5 5 3.75
      vertex 0 0 3.75
    endloop
  endfacet
  facet normal 0 0 -1
    outer loop
      vertex 9.5 5 3.75
      vertex 6.95922 4.89134 3.75
      vertex 7.1 4.96077 3.75
    endloop
  endfacet
  facet normal 0 0 -1
    outer loop
      vertex 9.5 5 3.75
      vertex 6.81058 4.84089 3.75
      vertex 6.95922 4.89134 3.75
    endloop
  endfacet
  facet normal 0 0 -1
    outer loop
      vertex 6.81058 4.84089 3.75
      vertex 0 0 3.75
      vertex 6.65663 4.81027 3.75
    endloop
  endfacet
  facet normal 0 0 -1
    outer loop
      vertex 6.65663 4.81027 3.75
      vertex 0 0 3.75
      vertex 6.5 4.8 3.75
    endloop
  endfacet
  facet normal 0 0 -1
    outer loop
      vertex 0 0 3.75
      vertex 5.3 17 3.75
      vertex 5.3 6 3.75
    endloop
  endfacet
  facet normal 0 -0 -1
    outer loop
      vertex 1.46077 34.4 3.75
      vertex 5.3 17 3.75
      vertex 0 0 3.75
    endloop
  endfacet
  facet normal 0 -0 -1
    outer loop
      vertex 3.60866 34.5408 3.75
      vertex 5.3 26 3.75
      vertex 3.53923 34.4 3.75
    endloop
  endfacet
  facet normal 0 0 -1
    outer loop
      vertex 5.3 37 3.75
      vertex 3.68973 34.8434 3.75
      vertex 3.7 35 3.75
    endloop
  endfacet
  facet normal 0 0 -1
    outer loop
      vertex 5.3 37 3.75
      vertex 3.65911 34.6894 3.75
      vertex 3.68973 34.8434 3.75
    endloop
  endfacet
  facet normal 0 0 -1
    outer loop
      vertex 5.3 37 3.75
      vertex 3.60866 34.5408 3.75
      vertex 3.65911 34.6894 3.75
    endloop
  endfacet
  facet normal 0 0 -1
    outer loop
      vertex 5.3 26 3.75
      vertex 3.60866 34.5408 3.75
      vertex 5.3 37 3.75
    endloop
  endfacet
  facet normal 0 0 -1
    outer loop
      vertex 5.3 26 3.75
      vertex 3.45202 34.2695 3.75
      vertex 3.53923 34.4 3.75
    endloop
  endfacet
  facet normal 0 0 -1
    outer loop
      vertex 5.3 26 3.75
      vertex 3.34853 34.1515 3.75
      vertex 3.45202 34.2695 3.75
    endloop
  endfacet
  facet normal 0 0 -1
    outer loop
      vertex 0 0 3.75
      vertex 5.3 6 3.75
      vertex 5.31027 5.84337 3.75
    endloop
  endfacet
  facet normal 0 0 -1
    outer loop
      vertex 5.3 26 3.75
      vertex 3.23051 34.048 3.75
      vertex 3.34853 34.1515 3.75
    endloop
  endfacet
  facet normal 0 0 -1
    outer loop
      vertex 5.3 26 3.75
      vertex 3.1 33.9608 3.75
      vertex 3.23051 34.048 3.75
    endloop
  endfacet
  facet normal 0 0 -1
    outer loop
      vertex 5.3 26 3.75
      vertex 2.95922 33.8913 3.75
      vertex 3.1 33.9608 3.75
    endloop
  endfacet
  facet normal 0 0 -1
    outer loop
      vertex 5.3 26 3.75
      vertex 2.81058 33.8409 3.75
      vertex 2.95922 33.8913 3.75
    endloop
  endfacet
  facet normal 0 0 -1
    outer loop
      vertex 5.3 26 3.75
      vertex 2.65663 33.8103 3.75
      vertex 2.81058 33.8409 3.75
    endloop
  endfacet
  facet normal 0 0 -1
    outer loop
      vertex 5.3 26 3.75
      vertex 2.5 33.8 3.75
      vertex 2.65663 33.8103 3.75
    endloop
  endfacet
  facet normal 0 0 -1
    outer loop
      vertex 5.3 26 3.75
      vertex 2.34337 33.8103 3.75
      vertex 2.5 33.8 3.75
    endloop
  endfacet
  facet normal 0 0 -1
    outer loop
      vertex 5.3 26 3.75
      vertex 2.18942 33.8409 3.75
      vertex 2.34337 33.8103 3.75
    endloop
  endfacet
  facet normal 0 0 -1
    outer loop
      vertex 5.3 26 3.75
      vertex 2.04078 33.8913 3.75
      vertex 2.18942 33.8409 3.75
    endloop
  endfacet
  facet normal 0 0 -1
    outer loop
      vertex 5.3 26 3.75
      vertex 1.9 33.9608 3.75
      vertex 2.04078 33.8913 3.75
    endloop
  endfacet
  facet normal 0 0 -1
    outer loop
      vertex 5.3 26 3.75
      vertex 1.76949 34.048 3.75
      vertex 1.9 33.9608 3.75
    endloop
  endfacet
  facet normal 0 0 -1
    outer loop
      vertex 5.3 26 3.75
      vertex 1.65147 34.1515 3.75
      vertex 1.76949 34.048 3.75
    endloop
  endfacet
  facet normal -0 -0 -1
    outer loop
      vertex 1.65147 34.1515 3.75
      vertex 5.31027 25.8434 3.75
      vertex 1.54798 34.2695 3.75
    endloop
  endfacet
  facet normal 0 0 -1
    outer loop
      vertex 5.31027 25.8434 3.75
      vertex 1.65147 34.1515 3.75
      vertex 5.3 26 3.75
    endloop
  endfacet
  facet normal 0 0 -1
    outer loop
      vertex 5.31027 17.1566 3.75
      vertex 1.46077 34.4 3.75
      vertex 1.54798 34.2695 3.75
    endloop
  endfacet
  facet normal -0 0 -1
    outer loop
      vertex 1.46077 34.4 3.75
      vertex 0 0 3.75
      vertex 1.39135 34.5408 3.75
    endloop
  endfacet
  facet normal -0 0 -1
    outer loop
      vertex 1.39135 34.5408 3.75
      vertex 0 0 3.75
      vertex 1.34089 34.6894 3.75
    endloop
  endfacet
  facet normal 0 0 -1
    outer loop
      vertex 0 48 3.75
      vertex 1.3 35 3.75
      vertex 0 0 3.75
    endloop
  endfacet
  facet normal -0 0 -1
    outer loop
      vertex 1.31027 34.8434 3.75
      vertex 0 0 3.75
      vertex 1.3 35 3.75
    endloop
  endfacet
  facet normal -0 0 -1
    outer loop
      vertex 1.34089 34.6894 3.75
      vertex 0 0 3.75
      vertex 1.31027 34.8434 3.75
    endloop
  endfacet
  facet normal -0 0 -1
    outer loop
      vertex 5.34089 5.68942 3.75
      vertex 0 0 3.75
      vertex 5.31027 5.84337 3.75
    endloop
  endfacet
  facet normal -0 0 -1
    outer loop
      vertex 5.39134 5.54078 3.75
      vertex 0 0 3.75
      vertex 5.34089 5.68942 3.75
    endloop
  endfacet
  facet normal -0 0 -1
    outer loop
      vertex 5.46077 5.4 3.75
      vertex 0 0 3.75
      vertex 5.39134 5.54078 3.75
    endloop
  endfacet
  facet normal -0 0 -1
    outer loop
      vertex 5.54798 5.26949 3.75
      vertex 0 0 3.75
      vertex 5.46077 5.4 3.75
    endloop
  endfacet
  facet normal -0 0 -1
    outer loop
      vertex 5.65147 5.15147 3.75
      vertex 0 0 3.75
      vertex 5.54798 5.26949 3.75
    endloop
  endfacet
  facet normal -0 0 -1
    outer loop
      vertex 5.76949 5.04798 3.75
      vertex 0 0 3.75
      vertex 5.65147 5.15147 3.75
    endloop
  endfacet
  facet normal -0 0 -1
    outer loop
      vertex 5.9 4.96077 3.75
      vertex 0 0 3.75
      vertex 5.76949 5.04798 3.75
    endloop
  endfacet
  facet normal -0 0 -1
    outer loop
      vertex 6.04078 4.89134 3.75
      vertex 0 0 3.75
      vertex 5.9 4.96077 3.75
    endloop
  endfacet
  facet normal -0 0 -1
    outer loop
      vertex 6.18942 4.84089 3.75
      vertex 0 0 3.75
      vertex 6.04078 4.89134 3.75
    endloop
  endfacet
  facet normal -0 0 -1
    outer loop
      vertex 6.34337 4.81027 3.75
      vertex 0 0 3.75
      vertex 6.18942 4.84089 3.75
    endloop
  endfacet
  facet normal -0 0 -1
    outer loop
      vertex 6.5 4.8 3.75
      vertex 0 0 3.75
      vertex 6.34337 4.81027 3.75
    endloop
  endfacet
  facet normal 0 0 -1
    outer loop
      vertex 58.7 46 3.75
      vertex 60 48 3.75
      vertex 58.7 35 3.75
    endloop
  endfacet
  facet normal 0 0 -1
    outer loop
      vertex 58.6897 46.1566 3.75
      vertex 60 48 3.75
      vertex 58.7 46 3.75
    endloop
  endfacet
  facet normal 0 0 -1
    outer loop
      vertex 58.6591 46.3106 3.75
      vertex 60 48 3.75
      vertex 58.6897 46.1566 3.75
    endloop
  endfacet
  facet normal 0 0 -1
    outer loop
      vertex 58.6087 46.4592 3.75
      vertex 60 48 3.75
      vertex 58.6591 46.3106 3.75
    endloop
  endfacet
  facet normal 0 0 -1
    outer loop
      vertex 58.5392 46.6 3.75
      vertex 60 48 3.75
      vertex 58.6087 46.4592 3.75
    endloop
  endfacet
  facet normal 0 0 -1
    outer loop
      vertex 58.452 46.7305 3.75
      vertex 60 48 3.75
      vertex 58.5392 46.6 3.75
    endloop
  endfacet
  facet normal 0 0 -1
    outer loop
      vertex 58.3485 46.8485 3.75
      vertex 60 48 3.75
      vertex 58.452 46.7305 3.75
    endloop
  endfacet
  facet normal 0 0 -1
    outer loop
      vertex 58.2305 46.952 3.75
      vertex 60 48 3.75
      vertex 58.3485 46.8485 3.75
    endloop
  endfacet
  facet normal 0 0 -1
    outer loop
      vertex 58.1 47.0392 3.75
      vertex 60 48 3.75
      vertex 58.2305 46.952 3.75
    endloop
  endfacet
  facet normal 0 0 -1
    outer loop
      vertex 57.9592 47.1087 3.75
      vertex 60 48 3.75
      vertex 58.1 47.0392 3.75
    endloop
  endfacet
  facet normal 0 0 -1
    outer loop
      vertex 57.8106 47.1591 3.75
      vertex 60 48 3.75
      vertex 57.9592 47.1087 3.75
    endloop
  endfacet
  facet normal 0 0 -1
    outer loop
      vertex 57.6566 47.1897 3.75
      vertex 60 48 3.75
      vertex 57.8106 47.1591 3.75
    endloop
  endfacet
  facet normal 0 0 -1
    outer loop
      vertex 57.5 47.2 3.75
      vertex 60 48 3.75
      vertex 57.6566 47.1897 3.75
    endloop
  endfacet
  facet normal 0 0 -1
    outer loop
      vertex 57.3434 47.1897 3.75
      vertex 60 48 3.75
      vertex 57.5 47.2 3.75
    endloop
  endfacet
  facet normal 0 0 -1
    outer loop
      vertex 57.1894 47.1591 3.75
      vertex 60 48 3.75
      vertex 57.3434 47.1897 3.75
    endloop
  endfacet
  facet normal 0 0 -1
    outer loop
      vertex 56.3409 34.6894 3.75
      vertex 54.7 37 3.75
      vertex 56.3103 34.8434 3.75
    endloop
  endfacet
  facet normal 0 0 -1
    outer loop
      vertex 56.3103 34.8434 3.75
      vertex 54.7 37 3.75
      vertex 56.3 35 3.75
    endloop
  endfacet
  facet normal 0 0 -1
    outer loop
      vertex 54.6897 37.1566 3.75
      vertex 56.3 35 3.75
      vertex 54.7 37 3.75
    endloop
  endfacet
  facet normal 0 0 -1
    outer loop
      vertex 54.6591 37.3106 3.75
      vertex 56.3 35 3.75
      vertex 54.6897 37.1566 3.75
    endloop
  endfacet
  facet normal 0 0 -1
    outer loop
      vertex 54.6087 37.4592 3.75
      vertex 56.3 35 3.75
      vertex 54.6591 37.3106 3.75
    endloop
  endfacet
  facet normal 0 0 -1
    outer loop
      vertex 56.3 35 3.75
      vertex 54.6087 37.4592 3.75
      vertex 56.3 46 3.75
    endloop
  endfacet
  facet normal 0 0 -1
    outer loop
      vertex 54.5392 37.6 3.75
      vertex 56.3 46 3.75
      vertex 54.6087 37.4592 3.75
    endloop
  endfacet
  facet normal 0 0 -1
    outer loop
      vertex 54.452 37.7305 3.75
      vertex 56.3 46 3.75
      vertex 54.5392 37.6 3.75
    endloop
  endfacet
  facet normal 0 0 -1
    outer loop
      vertex 54.3485 37.8485 3.75
      vertex 56.3 46 3.75
      vertex 54.452 37.7305 3.75
    endloop
  endfacet
  facet normal 0 0 -1
    outer loop
      vertex 54.2305 37.952 3.75
      vertex 56.3 46 3.75
      vertex 54.3485 37.8485 3.75
    endloop
  endfacet
  facet normal 0 0 -1
    outer loop
      vertex 54.1 38.0392 3.75
      vertex 56.3 46 3.75
      vertex 54.2305 37.952 3.75
    endloop
  endfacet
  facet normal 0 0 -1
    outer loop
      vertex 53.9592 38.1087 3.75
      vertex 56.3 46 3.75
      vertex 54.1 38.0392 3.75
    endloop
  endfacet
  facet normal 0 0 -1
    outer loop
      vertex 53.8106 38.1591 3.75
      vertex 56.3 46 3.75
      vertex 53.9592 38.1087 3.75
    endloop
  endfacet
  facet normal 0 0 -1
    outer loop
      vertex 53.6566 38.1897 3.75
      vertex 56.3 46 3.75
      vertex 53.8106 38.1591 3.75
    endloop
  endfacet
  facet normal 0 0 -1
    outer loop
      vertex 53.5 38.2 3.75
      vertex 56.3 46 3.75
      vertex 53.6566 38.1897 3.75
    endloop
  endfacet
  facet normal 0 0 -1
    outer loop
      vertex 53.3434 38.1897 3.75
      vertex 56.3 46 3.75
      vertex 53.5 38.2 3.75
    endloop
  endfacet
  facet normal 0 0 -1
    outer loop
      vertex 53.1894 38.1591 3.75
      vertex 56.3 46 3.75
      vertex 53.3434 38.1897 3.75
    endloop
  endfacet
  facet normal 0 0 -1
    outer loop
      vertex 53.0408 38.1087 3.75
      vertex 56.3 46 3.75
      vertex 53.1894 38.1591 3.75
    endloop
  endfacet
  facet normal 0 0 -1
    outer loop
      vertex 52.9 38.0392 3.75
      vertex 56.3 46 3.75
      vertex 53.0408 38.1087 3.75
    endloop
  endfacet
  facet normal 0 0 -1
    outer loop
      vertex 44 48 3.75
      vertex 56.3 46 3.75
      vertex 52.9 38.0392 3.75
    endloop
  endfacet
  facet normal 0 0 -1
    outer loop
      vertex 56.3 46 3.75
      vertex 44 48 3.75
      vertex 56.3103 46.1566 3.75
    endloop
  endfacet
  facet normal 0 0 -1
    outer loop
      vertex 56.3103 46.1566 3.75
      vertex 44 48 3.75
      vertex 56.3409 46.3106 3.75
    endloop
  endfacet
  facet normal 0 0 -1
    outer loop
      vertex 44 48 3.75
      vertex 52.9 38.0392 3.75
      vertex 52.7695 37.952 3.75
    endloop
  endfacet
  facet normal 0 0 -1
    outer loop
      vertex 44 48 3.75
      vertex 52.7695 37.952 3.75
      vertex 52.6515 37.8485 3.75
    endloop
  endfacet
  facet normal 0 0 -1
    outer loop
      vertex 44 48 3.75
      vertex 52.6515 37.8485 3.75
      vertex 52.548 37.7305 3.75
    endloop
  endfacet
  facet normal 0 0 -1
    outer loop
      vertex 50.5 36 3.75
      vertex 52.548 37.7305 3.75
      vertex 52.4608 37.6 3.75
    endloop
  endfacet
  facet normal 0 0 -1
    outer loop
      vertex 50.5 36 3.75
      vertex 52.4608 37.6 3.75
      vertex 52.3913 37.4592 3.75
    endloop
  endfacet
  facet normal 0 0 -1
    outer loop
      vertex 52.3103 25.8434 3.75
      vertex 50.5 30 3.75
      vertex 52.3 26 3.75
    endloop
  endfacet
  facet normal 0 0 -1
    outer loop
      vertex 52.3 26 3.75
      vertex 50.5 30 3.75
      vertex 52.3 37 3.75
    endloop
  endfacet
  facet normal 0 0 -1
    outer loop
      vertex 50.5 36 3.75
      vertex 52.3 37 3.75
      vertex 50.5 30 3.75
    endloop
  endfacet
  facet normal -0 0 -1
    outer loop
      vertex 52.3 37 3.75
      vertex 50.5 36 3.75
      vertex 52.3103 37.1566 3.75
    endloop
  endfacet
  facet normal -0 0 -1
    outer loop
      vertex 52.3103 37.1566 3.75
      vertex 50.5 36 3.75
      vertex 52.3409 37.3106 3.75
    endloop
  endfacet
  facet normal 0 0 -1
    outer loop
      vertex 50.5 36 3.75
      vertex 52.3913 37.4592 3.75
      vertex 52.3409 37.3106 3.75
    endloop
  endfacet
  facet normal 0 0 -1
    outer loop
      vertex 52.548 37.7305 3.75
      vertex 50.5 36 3.75
      vertex 44.5 36 3.75
    endloop
  endfacet
  facet normal 0 0 -1
    outer loop
      vertex 56.3409 46.3106 3.75
      vertex 44 48 3.75
      vertex 56.3913 46.4592 3.75
    endloop
  endfacet
  facet normal -0 0 -1
    outer loop
      vertex 52.548 37.7305 3.75
      vertex 44.5 36 3.75
      vertex 44 48 3.75
    endloop
  endfacet
  facet normal 0 0 -1
    outer loop
      vertex 56.3913 46.4592 3.75
      vertex 44 48 3.75
      vertex 56.4608 46.6 3.75
    endloop
  endfacet
  facet normal 0 0 -1
    outer loop
      vertex 56.4608 46.6 3.75
      vertex 44 48 3.75
      vertex 56.548 46.7305 3.75
    endloop
  endfacet
  facet normal 0 0 -1
    outer loop
      vertex 57.1894 47.1591 3.75
      vertex 44 48 3.75
      vertex 60 48 3.75
    endloop
  endfacet
  facet normal 0 0 -1
    outer loop
      vertex 57.0408 47.1087 3.75
      vertex 44 48 3.75
      vertex 57.1894 47.1591 3.75
    endloop
  endfacet
  facet normal 0 0 -1
    outer loop
      vertex 56.9 47.0392 3.75
      vertex 44 48 3.75
      vertex 57.0408 47.1087 3.75
    endloop
  endfacet
  facet normal 0 0 -1
    outer loop
      vertex 56.7695 46.952 3.75
      vertex 44 48 3.75
      vertex 56.9 47.0392 3.75
    endloop
  endfacet
  facet normal 0 0 -1
    outer loop
      vertex 56.6515 46.8485 3.75
      vertex 44 48 3.75
      vertex 56.7695 46.952 3.75
    endloop
  endfacet
  facet normal 0 0 -1
    outer loop
      vertex 56.548 46.7305 3.75
      vertex 44 48 3.75
      vertex 56.6515 46.8485 3.75
    endloop
  endfacet
  facet normal 0 0 -1
    outer loop
      vertex 44 48 3.75
      vertex 44.5 36 3.75
      vertex 44 32 3.75
    endloop
  endfacet
  facet normal -0 0 -1
    outer loop
      vertex 44 32 3.75
      vertex 15.5 30 3.75
      vertex 16 32 3.75
    endloop
  endfacet
  facet normal 0 0 -1
    outer loop
      vertex 15.5 36 3.75
      vertex 16 32 3.75
      vertex 15.5 30 3.75
    endloop
  endfacet
  facet normal 0 0 -1
    outer loop
      vertex 16 32 3.75
      vertex 15.5 36 3.75
      vertex 16 48 3.75
    endloop
  endfacet
  facet normal 0 0 -1
    outer loop
      vertex 7.45202 37.7305 3.75
      vertex 15.5 36 3.75
      vertex 9.5 36 3.75
    endloop
  endfacet
  facet normal -0 0 -1
    outer loop
      vertex 15.5 30 3.75
      vertex 7.7 26 3.75
      vertex 9.5 30 3.75
    endloop
  endfacet
  facet normal 0 0 -1
    outer loop
      vertex 7.7 37 3.75
      vertex 9.5 30 3.75
      vertex 7.7 26 3.75
    endloop
  endfacet
  facet normal 0 0 -1
    outer loop
      vertex 9.5 30 3.75
      vertex 7.7 37 3.75
      vertex 9.5 36 3.75
    endloop
  endfacet
  facet normal 0 0 -1
    outer loop
      vertex 7.68973 37.1566 3.75
      vertex 9.5 36 3.75
      vertex 7.7 37 3.75
    endloop
  endfacet
  facet normal 0 0 -1
    outer loop
      vertex 7.65911 37.3106 3.75
      vertex 9.5 36 3.75
      vertex 7.68973 37.1566 3.75
    endloop
  endfacet
  facet normal 0 0 -1
    outer loop
      vertex 7.60865 37.4592 3.75
      vertex 9.5 36 3.75
      vertex 7.65911 37.3106 3.75
    endloop
  endfacet
  facet normal 0 0 -1
    outer loop
      vertex 7.53923 37.6 3.75
      vertex 9.5 36 3.75
      vertex 7.60865 37.4592 3.75
    endloop
  endfacet
  facet normal 0 0 -1
    outer loop
      vertex 7.45202 37.7305 3.75
      vertex 9.5 36 3.75
      vertex 7.53923 37.6 3.75
    endloop
  endfacet
  facet normal 0 0 -1
    outer loop
      vertex 15.5 36 3.75
      vertex 7.45202 37.7305 3.75
      vertex 16 48 3.75
    endloop
  endfacet
  facet normal 0 0 -1
    outer loop
      vertex 7.34853 37.8485 3.75
      vertex 16 48 3.75
      vertex 7.45202 37.7305 3.75
    endloop
  endfacet
  facet normal 0 0 -1
    outer loop
      vertex 7.23051 37.952 3.75
      vertex 16 48 3.75
      vertex 7.34853 37.8485 3.75
    endloop
  endfacet
  facet normal 0 0 -1
    outer loop
      vertex 7.1 38.0392 3.75
      vertex 16 48 3.75
      vertex 7.23051 37.952 3.75
    endloop
  endfacet
  facet normal 0 0 -1
    outer loop
      vertex 3.7 46 3.75
      vertex 7.1 38.0392 3.75
      vertex 6.95922 38.1087 3.75
    endloop
  endfacet
  facet normal 0 0 -1
    outer loop
      vertex 3.7 46 3.75
      vertex 6.95922 38.1087 3.75
      vertex 6.81058 38.1591 3.75
    endloop
  endfacet
  facet normal 0 0 -1
    outer loop
      vertex 3.7 46 3.75
      vertex 6.81058 38.1591 3.75
      vertex 6.65663 38.1897 3.75
    endloop
  endfacet
  facet normal 0 0 -1
    outer loop
      vertex 3.7 46 3.75
      vertex 6.65663 38.1897 3.75
      vertex 6.5 38.2 3.75
    endloop
  endfacet
  facet normal 0 0 -1
    outer loop
      vertex 3.7 46 3.75
      vertex 6.5 38.2 3.75
      vertex 6.34337 38.1897 3.75
    endloop
  endfacet
  facet normal 0 0 -1
    outer loop
      vertex 3.7 46 3.75
      vertex 6.34337 38.1897 3.75
      vertex 6.18942 38.1591 3.75
    endloop
  endfacet
  facet normal 0 0 -1
    outer loop
      vertex 3.7 46 3.75
      vertex 6.18942 38.1591 3.75
      vertex 6.04078 38.1087 3.75
    endloop
  endfacet
  facet normal 0 0 -1
    outer loop
      vertex 3.7 46 3.75
      vertex 6.04078 38.1087 3.75
      vertex 5.9 38.0392 3.75
    endloop
  endfacet
  facet normal 0 0 -1
    outer loop
      vertex 3.7 46 3.75
      vertex 5.9 38.0392 3.75
      vertex 5.76949 37.952 3.75
    endloop
  endfacet
  facet normal 0 0 -1
    outer loop
      vertex 3.7 46 3.75
      vertex 5.76949 37.952 3.75
      vertex 5.65147 37.8485 3.75
    endloop
  endfacet
  facet normal 0 0 -1
    outer loop
      vertex 3.7 35 3.75
      vertex 5.31027 37.1566 3.75
      vertex 5.3 37 3.75
    endloop
  endfacet
  facet normal 0 0 -1
    outer loop
      vertex 3.7 35 3.75
      vertex 5.34089 37.3106 3.75
      vertex 5.31027 37.1566 3.75
    endloop
  endfacet
  facet normal 0 0 -1
    outer loop
      vertex 3.7 35 3.75
      vertex 5.39134 37.4592 3.75
      vertex 5.34089 37.3106 3.75
    endloop
  endfacet
  facet normal 0 0 -1
    outer loop
      vertex 3.7 46 3.75
      vertex 5.39134 37.4592 3.75
      vertex 3.7 35 3.75
    endloop
  endfacet
  facet normal 0 0 -1
    outer loop
      vertex 5.39134 37.4592 3.75
      vertex 3.7 46 3.75
      vertex 5.46077 37.6 3.75
    endloop
  endfacet
  facet normal 0 0 -1
    outer loop
      vertex 5.46077 37.6 3.75
      vertex 3.7 46 3.75
      vertex 5.54798 37.7305 3.75
    endloop
  endfacet
  facet normal 0 0 -1
    outer loop
      vertex 3.7 46 3.75
      vertex 5.65147 37.8485 3.75
      vertex 5.54798 37.7305 3.75
    endloop
  endfacet
  facet normal 0 0 -1
    outer loop
      vertex 7.1 38.0392 3.75
      vertex 3.7 46 3.75
      vertex 16 48 3.75
    endloop
  endfacet
  facet normal 0 0 -1
    outer loop
      vertex 3.68973 46.1566 3.75
      vertex 16 48 3.75
      vertex 3.7 46 3.75
    endloop
  endfacet
  facet normal 0 0 -1
    outer loop
      vertex 3.65911 46.3106 3.75
      vertex 16 48 3.75
      vertex 3.68973 46.1566 3.75
    endloop
  endfacet
  facet normal 0 0 -1
    outer loop
      vertex 3.60866 46.4592 3.75
      vertex 16 48 3.75
      vertex 3.65911 46.3106 3.75
    endloop
  endfacet
  facet normal 0 0 -1
    outer loop
      vertex 3.53923 46.6 3.75
      vertex 16 48 3.75
      vertex 3.60866 46.4592 3.75
    endloop
  endfacet
  facet normal 0 0 -1
    outer loop
      vertex 3.45202 46.7305 3.75
      vertex 16 48 3.75
      vertex 3.53923 46.6 3.75
    endloop
  endfacet
  facet normal 0 0 -1
    outer loop
      vertex 3.34853 46.8485 3.75
      vertex 16 48 3.75
      vertex 3.45202 46.7305 3.75
    endloop
  endfacet
  facet normal 0 0 -1
    outer loop
      vertex 3.23051 46.952 3.75
      vertex 16 48 3.75
      vertex 3.34853 46.8485 3.75
    endloop
  endfacet
  facet normal 0 0 -1
    outer loop
      vertex 3.1 47.0392 3.75
      vertex 16 48 3.75
      vertex 3.23051 46.952 3.75
    endloop
  endfacet
  facet normal 0 0 -1
    outer loop
      vertex 2.95922 47.1087 3.75
      vertex 16 48 3.75
      vertex 3.1 47.0392 3.75
    endloop
  endfacet
  facet normal 0 0 -1
    outer loop
      vertex 2.81058 47.1591 3.75
      vertex 16 48 3.75
      vertex 2.95922 47.1087 3.75
    endloop
  endfacet
  facet normal 0 0 -1
    outer loop
      vertex 0 48 3.75
      vertex 2.81058 47.1591 3.75
      vertex 2.65663 47.1897 3.75
    endloop
  endfacet
  facet normal 0 0 -1
    outer loop
      vertex 0 48 3.75
      vertex 2.65663 47.1897 3.75
      vertex 2.5 47.2 3.75
    endloop
  endfacet
  facet normal 0 0 -1
    outer loop
      vertex 2.81058 47.1591 3.75
      vertex 0 48 3.75
      vertex 16 48 3.75
    endloop
  endfacet
  facet normal 0 0 -1
    outer loop
      vertex 2.34337 47.1897 3.75
      vertex 0 48 3.75
      vertex 2.5 47.2 3.75
    endloop
  endfacet
  facet normal 0 0 -1
    outer loop
      vertex 2.18942 47.1591 3.75
      vertex 0 48 3.75
      vertex 2.34337 47.1897 3.75
    endloop
  endfacet
  facet normal 0 0 -1
    outer loop
      vertex 2.04078 47.1087 3.75
      vertex 0 48 3.75
      vertex 2.18942 47.1591 3.75
    endloop
  endfacet
  facet normal 0 0 -1
    outer loop
      vertex 1.9 47.0392 3.75
      vertex 0 48 3.75
      vertex 2.04078 47.1087 3.75
    endloop
  endfacet
  facet normal 0 0 -1
    outer loop
      vertex 1.76949 46.952 3.75
      vertex 0 48 3.75
      vertex 1.9 47.0392 3.75
    endloop
  endfacet
  facet normal 0 0 -1
    outer loop
      vertex 1.65147 46.8485 3.75
      vertex 0 48 3.75
      vertex 1.76949 46.952 3.75
    endloop
  endfacet
  facet normal 0 0 -1
    outer loop
      vertex 1.54798 46.7305 3.75
      vertex 0 48 3.75
      vertex 1.65147 46.8485 3.75
    endloop
  endfacet
  facet normal 0 0 -1
    outer loop
      vertex 1.46077 46.6 3.75
      vertex 0 48 3.75
      vertex 1.54798 46.7305 3.75
    endloop
  endfacet
  facet normal 0 0 -1
    outer loop
      vertex 1.39135 46.4592 3.75
      vertex 0 48 3.75
      vertex 1.46077 46.6 3.75
    endloop
  endfacet
  facet normal 0 0 -1
    outer loop
      vertex 1.34089 46.3106 3.75
      vertex 0 48 3.75
      vertex 1.39135 46.4592 3.75
    endloop
  endfacet
  facet normal 0 0 -1
    outer loop
      vertex 1.31027 46.1566 3.75
      vertex 0 48 3.75
      vertex 1.34089 46.3106 3.75
    endloop
  endfacet
  facet normal 0 0 -1
    outer loop
      vertex 1.3 46 3.75
      vertex 0 48 3.75
      vertex 1.31027 46.1566 3.75
    endloop
  endfacet
  facet normal 0 0 -1
    outer loop
      vertex 1.3 35 3.75
      vertex 0 48 3.75
      vertex 1.3 46 3.75
    endloop
  endfacet
  facet normal 0 -1 0
    outer loop
      vertex 0 0 3.75
      vertex 60 0 5.75
      vertex 0 0 5.75
    endloop
  endfacet
  facet normal 0 -1 -0
    outer loop
      vertex 60 0 5.75
      vertex 0 0 3.75
      vertex 60 0 3.75
    endloop
  endfacet
  facet normal -1 0 0
    outer loop
      vertex 7.7 6 3.75
      vertex 7.7 17 5.75
      vertex 7.7 17 3.75
    endloop
  endfacet
  facet normal -1 -0 0
    outer loop
      vertex 7.7 17 5.75
      vertex 7.7 6 3.75
      vertex 7.7 6 5.75
    endloop
  endfacet
  facet normal 0.0656183 -0.997845 0
    outer loop
      vertex 6.34337 18.1897 3.75
      vertex 6.5 18.2 5.75
      vertex 6.34337 18.1897 5.75
    endloop
  endfacet
  facet normal 0.0656183 -0.997845 0
    outer loop
      vertex 6.5 18.2 5.75
      vertex 6.34337 18.1897 3.75
      vertex 6.5 18.2 3.75
    endloop
  endfacet
  facet normal 0.321402 0.946943 -0
    outer loop
      vertex 6.18942 4.84089 3.75
      vertex 6.04078 4.89134 5.75
      vertex 6.18942 4.84089 5.75
    endloop
  endfacet
  facet normal 0.321402 0.946943 0
    outer loop
      vertex 6.04078 4.89134 5.75
      vertex 6.18942 4.84089 3.75
      vertex 6.04078 4.89134 3.75
    endloop
  endfacet
  facet normal 0.980788 0.195075 0
    outer loop
      vertex 5.34089 5.68942 5.75
      vertex 5.31027 5.84337 3.75
      vertex 5.31027 5.84337 5.75
    endloop
  endfacet
  facet normal 0.980788 0.195075 0
    outer loop
      vertex 5.31027 5.84337 3.75
      vertex 5.34089 5.68942 5.75
      vertex 5.34089 5.68942 3.75
    endloop
  endfacet
  facet normal -0.442314 0.89686 0
    outer loop
      vertex 7.1 4.96077 3.75
      vertex 6.95922 4.89134 5.75
      vertex 7.1 4.96077 5.75
    endloop
  endfacet
  facet normal -0.442314 0.89686 0
    outer loop
      vertex 6.95922 4.89134 5.75
      vertex 7.1 4.96077 3.75
      vertex 6.95922 4.89134 3.75
    endloop
  endfacet
  facet normal 0.659307 0.751874 -0
    outer loop
      vertex 5.76949 5.04798 3.75
      vertex 5.65147 5.15147 5.75
      vertex 5.76949 5.04798 5.75
    endloop
  endfacet
  facet normal 0.659307 0.751874 0
    outer loop
      vertex 5.65147 5.15147 5.75
      vertex 5.76949 5.04798 3.75
      vertex 5.65147 5.15147 3.75
    endloop
  endfacet
  facet normal -0.659343 -0.751842 0
    outer loop
      vertex 7.23051 17.952 3.75
      vertex 7.34853 17.8485 5.75
      vertex 7.23051 17.952 5.75
    endloop
  endfacet
  facet normal -0.659343 -0.751842 -0
    outer loop
      vertex 7.34853 17.8485 5.75
      vertex 7.23051 17.952 3.75
      vertex 7.34853 17.8485 3.75
    endloop
  endfacet
  facet normal -0.555597 0.831452 0
    outer loop
      vertex 7.23051 5.04798 3.75
      vertex 7.1 4.96077 5.75
      vertex 7.23051 5.04798 5.75
    endloop
  endfacet
  facet normal -0.555597 0.831452 0
    outer loop
      vertex 7.1 4.96077 5.75
      vertex 7.23051 5.04798 3.75
      vertex 7.1 4.96077 3.75
    endloop
  endfacet
  facet normal -0.997857 0.065428 0
    outer loop
      vertex 7.68973 5.84337 3.75
      vertex 7.7 6 5.75
      vertex 7.7 6 3.75
    endloop
  endfacet
  facet normal -0.997857 0.065428 0
    outer loop
      vertex 7.7 6 5.75
      vertex 7.68973 5.84337 3.75
      vertex 7.68973 5.84337 5.75
    endloop
  endfacet
  facet normal 0.442314 0.89686 -0
    outer loop
      vertex 6.04078 4.89134 3.75
      vertex 5.9 4.96077 5.75
      vertex 6.04078 4.89134 5.75
    endloop
  endfacet
  facet normal 0.442314 0.89686 0
    outer loop
      vertex 5.9 4.96077 5.75
      vertex 6.04078 4.89134 3.75
      vertex 5.9 4.96077 3.75
    endloop
  endfacet
  facet normal 0.980801 -0.195014 0
    outer loop
      vertex 5.31027 17.1566 5.75
      vertex 5.34089 17.3106 3.75
      vertex 5.34089 17.3106 5.75
    endloop
  endfacet
  facet normal 0.980801 -0.195014 0
    outer loop
      vertex 5.34089 17.3106 3.75
      vertex 5.31027 17.1566 5.75
      vertex 5.31027 17.1566 3.75
    endloop
  endfacet
  facet normal -0.0656183 -0.997845 0
    outer loop
      vertex 6.5 18.2 3.75
      vertex 6.65663 18.1897 5.75
      vertex 6.5 18.2 5.75
    endloop
  endfacet
  facet normal -0.0656183 -0.997845 -0
    outer loop
      vertex 6.65663 18.1897 5.75
      vertex 6.5 18.2 3.75
      vertex 6.65663 18.1897 3.75
    endloop
  endfacet
  facet normal -0.831432 -0.555626 0
    outer loop
      vertex 7.53923 17.6 3.75
      vertex 7.45202 17.7305 5.75
      vertex 7.45202 17.7305 3.75
    endloop
  endfacet
  facet normal -0.831432 -0.555626 0
    outer loop
      vertex 7.45202 17.7305 5.75
      vertex 7.53923 17.6 3.75
      vertex 7.53923 17.6 5.75
    endloop
  endfacet
  facet normal 0.831452 0.555597 0
    outer loop
      vertex 5.54798 5.26949 5.75
      vertex 5.46077 5.4 3.75
      vertex 5.46077 5.4 5.75
    endloop
  endfacet
  facet normal 0.831452 0.555597 0
    outer loop
      vertex 5.46077 5.4 3.75
      vertex 5.54798 5.26949 5.75
      vertex 5.54798 5.26949 3.75
    endloop
  endfacet
  facet normal 0.89686 0.442314 0
    outer loop
      vertex 5.46077 5.4 5.75
      vertex 5.39134 5.54078 3.75
      vertex 5.39134 5.54078 5.75
    endloop
  endfacet
  facet normal 0.89686 0.442314 0
    outer loop
      vertex 5.39134 5.54078 3.75
      vertex 5.46077 5.4 5.75
      vertex 5.46077 5.4 3.75
    endloop
  endfacet
  facet normal -0.065428 0.997857 0
    outer loop
      vertex 6.65663 4.81027 3.75
      vertex 6.5 4.8 5.75
      vertex 6.65663 4.81027 5.75
    endloop
  endfacet
  facet normal -0.065428 0.997857 0
    outer loop
      vertex 6.5 4.8 5.75
      vertex 6.65663 4.81027 3.75
      vertex 6.5 4.8 3.75
    endloop
  endfacet
  facet normal -0.751874 0.659307 0
    outer loop
      vertex 7.34853 5.15147 3.75
      vertex 7.45202 5.26949 5.75
      vertex 7.45202 5.26949 3.75
    endloop
  endfacet
  facet normal -0.751874 0.659307 0
    outer loop
      vertex 7.45202 5.26949 5.75
      vertex 7.34853 5.15147 3.75
      vertex 7.34853 5.15147 5.75
    endloop
  endfacet
  facet normal -0.659307 0.751874 0
    outer loop
      vertex 7.34853 5.15147 3.75
      vertex 7.23051 5.04798 5.75
      vertex 7.34853 5.15147 5.75
    endloop
  endfacet
  facet normal -0.659307 0.751874 0
    outer loop
      vertex 7.23051 5.04798 5.75
      vertex 7.34853 5.15147 3.75
      vertex 7.23051 5.04798 3.75
    endloop
  endfacet
  facet normal -0.831452 0.555597 0
    outer loop
      vertex 7.45202 5.26949 3.75
      vertex 7.53923 5.4 5.75
      vertex 7.53923 5.4 3.75
    endloop
  endfacet
  facet normal -0.831452 0.555597 0
    outer loop
      vertex 7.53923 5.4 5.75
      vertex 7.45202 5.26949 3.75
      vertex 7.45202 5.26949 5.75
    endloop
  endfacet
  facet normal -0.896885 0.442263 0
    outer loop
      vertex 7.53923 5.4 3.75
      vertex 7.60865 5.54078 5.75
      vertex 7.60865 5.54078 3.75
    endloop
  endfacet
  facet normal -0.896885 0.442263 0
    outer loop
      vertex 7.60865 5.54078 5.75
      vertex 7.53923 5.4 3.75
      vertex 7.53923 5.4 5.75
    endloop
  endfacet
  facet normal -0.946897 -0.321537 0
    outer loop
      vertex 7.65911 17.3106 3.75
      vertex 7.60865 17.4592 5.75
      vertex 7.60865 17.4592 3.75
    endloop
  endfacet
  facet normal -0.946897 -0.321537 0
    outer loop
      vertex 7.60865 17.4592 5.75
      vertex 7.65911 17.3106 3.75
      vertex 7.65911 17.3106 5.75
    endloop
  endfacet
  facet normal 0.751818 -0.65937 0
    outer loop
      vertex 5.54798 17.7305 5.75
      vertex 5.65147 17.8485 3.75
      vertex 5.65147 17.8485 5.75
    endloop
  endfacet
  facet normal 0.751818 -0.65937 0
    outer loop
      vertex 5.65147 17.8485 3.75
      vertex 5.54798 17.7305 5.75
      vertex 5.54798 17.7305 3.75
    endloop
  endfacet
  facet normal 0.997857 0.065428 0
    outer loop
      vertex 5.31027 5.84337 5.75
      vertex 5.3 6 3.75
      vertex 5.3 6 5.75
    endloop
  endfacet
  facet normal 0.997857 0.065428 0
    outer loop
      vertex 5.3 6 3.75
      vertex 5.31027 5.84337 5.75
      vertex 5.31027 5.84337 3.75
    endloop
  endfacet
  facet normal 1 -0 0
    outer loop
      vertex 5.3 6 5.75
      vertex 5.3 17 3.75
      vertex 5.3 17 5.75
    endloop
  endfacet
  facet normal 1 0 0
    outer loop
      vertex 5.3 17 3.75
      vertex 5.3 6 5.75
      vertex 5.3 6 3.75
    endloop
  endfacet
  facet normal 0.997856 -0.0654405 0
    outer loop
      vertex 5.3 17 5.75
      vertex 5.31027 17.1566 3.75
      vertex 5.31027 17.1566 5.75
    endloop
  endfacet
  facet normal 0.997856 -0.0654405 0
    outer loop
      vertex 5.31027 17.1566 3.75
      vertex 5.3 17 5.75
      vertex 5.3 17 3.75
    endloop
  endfacet
  facet normal -0.442673 -0.896683 0
    outer loop
      vertex 6.95922 18.1087 3.75
      vertex 7.1 18.0392 5.75
      vertex 6.95922 18.1087 5.75
    endloop
  endfacet
  facet normal -0.442673 -0.896683 -0
    outer loop
      vertex 7.1 18.0392 5.75
      vertex 6.95922 18.1087 3.75
      vertex 7.1 18.0392 3.75
    endloop
  endfacet
  facet normal -0.194952 -0.980813 0
    outer loop
      vertex 6.65663 18.1897 3.75
      vertex 6.81058 18.1591 5.75
      vertex 6.65663 18.1897 5.75
    endloop
  endfacet
  facet normal -0.194952 -0.980813 -0
    outer loop
      vertex 6.81058 18.1591 5.75
      vertex 6.65663 18.1897 3.75
      vertex 6.81058 18.1591 3.75
    endloop
  endfacet
  facet normal -0.751818 -0.65937 0
    outer loop
      vertex 7.45202 17.7305 3.75
      vertex 7.34853 17.8485 5.75
      vertex 7.34853 17.8485 3.75
    endloop
  endfacet
  facet normal -0.751818 -0.65937 0
    outer loop
      vertex 7.34853 17.8485 5.75
      vertex 7.45202 17.7305 3.75
      vertex 7.45202 17.7305 5.75
    endloop
  endfacet
  facet normal 0.555597 0.831452 -0
    outer loop
      vertex 5.9 4.96077 3.75
      vertex 5.76949 5.04798 5.75
      vertex 5.9 4.96077 5.75
    endloop
  endfacet
  facet normal 0.555597 0.831452 0
    outer loop
      vertex 5.76949 5.04798 5.75
      vertex 5.9 4.96077 3.75
      vertex 5.76949 5.04798 3.75
    endloop
  endfacet
  facet normal 0.751874 0.659307 0
    outer loop
      vertex 5.65147 5.15147 5.75
      vertex 5.54798 5.26949 3.75
      vertex 5.54798 5.26949 5.75
    endloop
  endfacet
  facet normal 0.751874 0.659307 0
    outer loop
      vertex 5.54798 5.26949 3.75
      vertex 5.65147 5.15147 5.75
      vertex 5.65147 5.15147 3.75
    endloop
  endfacet
  facet normal 0.065428 0.997857 -0
    outer loop
      vertex 6.5 4.8 3.75
      vertex 6.34337 4.81027 5.75
      vertex 6.5 4.8 5.75
    endloop
  endfacet
  facet normal 0.065428 0.997857 0
    outer loop
      vertex 6.34337 4.81027 5.75
      vertex 6.5 4.8 3.75
      vertex 6.34337 4.81027 3.75
    endloop
  endfacet
  facet normal 0.195075 0.980788 -0
    outer loop
      vertex 6.34337 4.81027 3.75
      vertex 6.18942 4.84089 5.75
      vertex 6.34337 4.81027 5.75
    endloop
  endfacet
  facet normal 0.195075 0.980788 0
    outer loop
      vertex 6.18942 4.84089 5.75
      vertex 6.34337 4.81027 3.75
      vertex 6.18942 4.84089 3.75
    endloop
  endfacet
  facet normal -0.946923 0.32146 0
    outer loop
      vertex 7.60865 5.54078 3.75
      vertex 7.65911 5.68942 5.75
      vertex 7.65911 5.68942 3.75
    endloop
  endfacet
  facet normal -0.946923 0.32146 0
    outer loop
      vertex 7.65911 5.68942 5.75
      vertex 7.60865 5.54078 3.75
      vertex 7.60865 5.54078 5.75
    endloop
  endfacet
  facet normal -0.89691 -0.442212 0
    outer loop
      vertex 7.60865 17.4592 3.75
      vertex 7.53923 17.6 5.75
      vertex 7.53923 17.6 3.75
    endloop
  endfacet
  facet normal -0.89691 -0.442212 0
    outer loop
      vertex 7.53923 17.6 5.75
      vertex 7.60865 17.4592 3.75
      vertex 7.60865 17.4592 5.75
    endloop
  endfacet
  facet normal 0.194952 -0.980813 0
    outer loop
      vertex 6.18942 18.1591 3.75
      vertex 6.34337 18.1897 5.75
      vertex 6.18942 18.1591 5.75
    endloop
  endfacet
  facet normal 0.194952 -0.980813 0
    outer loop
      vertex 6.34337 18.1897 5.75
      vertex 6.18942 18.1591 3.75
      vertex 6.34337 18.1897 3.75
    endloop
  endfacet
  facet normal 0.555553 -0.831481 0
    outer loop
      vertex 5.76949 17.952 3.75
      vertex 5.9 18.0392 5.75
      vertex 5.76949 17.952 5.75
    endloop
  endfacet
  facet normal 0.555553 -0.831481 0
    outer loop
      vertex 5.9 18.0392 5.75
      vertex 5.76949 17.952 3.75
      vertex 5.9 18.0392 3.75
    endloop
  endfacet
  facet normal -0.555553 -0.831481 0
    outer loop
      vertex 7.1 18.0392 3.75
      vertex 7.23051 17.952 5.75
      vertex 7.1 18.0392 5.75
    endloop
  endfacet
  facet normal -0.555553 -0.831481 -0
    outer loop
      vertex 7.23051 17.952 5.75
      vertex 7.1 18.0392 3.75
      vertex 7.23051 17.952 3.75
    endloop
  endfacet
  facet normal -0.321117 -0.94704 0
    outer loop
      vertex 6.81058 18.1591 3.75
      vertex 6.95922 18.1087 5.75
      vertex 6.81058 18.1591 5.75
    endloop
  endfacet
  facet normal -0.321117 -0.94704 -0
    outer loop
      vertex 6.95922 18.1087 5.75
      vertex 6.81058 18.1591 3.75
      vertex 6.95922 18.1087 3.75
    endloop
  endfacet
  facet normal 0.946943 0.321402 0
    outer loop
      vertex 5.39134 5.54078 5.75
      vertex 5.34089 5.68942 3.75
      vertex 5.34089 5.68942 5.75
    endloop
  endfacet
  facet normal 0.946943 0.321402 0
    outer loop
      vertex 5.34089 5.68942 3.75
      vertex 5.39134 5.54078 5.75
      vertex 5.39134 5.54078 3.75
    endloop
  endfacet
  facet normal -0.195075 0.980788 0
    outer loop
      vertex 6.81058 4.84089 3.75
      vertex 6.65663 4.81027 5.75
      vertex 6.81058 4.84089 5.75
    endloop
  endfacet
  facet normal -0.195075 0.980788 0
    outer loop
      vertex 6.65663 4.81027 5.75
      vertex 6.81058 4.84089 3.75
      vertex 6.65663 4.81027 3.75
    endloop
  endfacet
  facet normal -0.980788 0.195075 0
    outer loop
      vertex 7.65911 5.68942 3.75
      vertex 7.68973 5.84337 5.75
      vertex 7.68973 5.84337 3.75
    endloop
  endfacet
  facet normal -0.980788 0.195075 0
    outer loop
      vertex 7.68973 5.84337 5.75
      vertex 7.65911 5.68942 3.75
      vertex 7.65911 5.68942 5.75
    endloop
  endfacet
  facet normal -0.980801 -0.195014 0
    outer loop
      vertex 7.68973 17.1566 3.75
      vertex 7.65911 17.3106 5.75
      vertex 7.65911 17.3106 3.75
    endloop
  endfacet
  facet normal -0.980801 -0.195014 0
    outer loop
      vertex 7.65911 17.3106 5.75
      vertex 7.68973 17.1566 3.75
      vertex 7.68973 17.1566 5.75
    endloop
  endfacet
  facet normal -0.997856 -0.0654405 0
    outer loop
      vertex 7.7 17 3.75
      vertex 7.68973 17.1566 5.75
      vertex 7.68973 17.1566 3.75
    endloop
  endfacet
  facet normal -0.997856 -0.0654405 0
    outer loop
      vertex 7.68973 17.1566 5.75
      vertex 7.7 17 3.75
      vertex 7.7 17 5.75
    endloop
  endfacet
  facet normal 0.442673 -0.896683 0
    outer loop
      vertex 5.9 18.0392 3.75
      vertex 6.04078 18.1087 5.75
      vertex 5.9 18.0392 5.75
    endloop
  endfacet
  facet normal 0.442673 -0.896683 0
    outer loop
      vertex 6.04078 18.1087 5.75
      vertex 5.9 18.0392 3.75
      vertex 6.04078 18.1087 3.75
    endloop
  endfacet
  facet normal 0.321117 -0.94704 0
    outer loop
      vertex 6.04078 18.1087 3.75
      vertex 6.18942 18.1591 5.75
      vertex 6.04078 18.1087 5.75
    endloop
  endfacet
  facet normal 0.321117 -0.94704 0
    outer loop
      vertex 6.18942 18.1591 5.75
      vertex 6.04078 18.1087 3.75
      vertex 6.18942 18.1591 3.75
    endloop
  endfacet
  facet normal 0.946916 -0.32148 0
    outer loop
      vertex 5.34089 17.3106 5.75
      vertex 5.39134 17.4592 3.75
      vertex 5.39134 17.4592 5.75
    endloop
  endfacet
  facet normal 0.946916 -0.32148 0
    outer loop
      vertex 5.39134 17.4592 3.75
      vertex 5.34089 17.3106 5.75
      vertex 5.34089 17.3106 3.75
    endloop
  endfacet
  facet normal 0.896885 -0.442264 0
    outer loop
      vertex 5.39134 17.4592 5.75
      vertex 5.46077 17.6 3.75
      vertex 5.46077 17.6 5.75
    endloop
  endfacet
  facet normal 0.896885 -0.442264 0
    outer loop
      vertex 5.46077 17.6 3.75
      vertex 5.39134 17.4592 5.75
      vertex 5.39134 17.4592 3.75
    endloop
  endfacet
  facet normal 0.831432 -0.555626 0
    outer loop
      vertex 5.46077 17.6 5.75
      vertex 5.54798 17.7305 3.75
      vertex 5.54798 17.7305 5.75
    endloop
  endfacet
  facet normal 0.831432 -0.555626 0
    outer loop
      vertex 5.54798 17.7305 3.75
      vertex 5.46077 17.6 5.75
      vertex 5.46077 17.6 3.75
    endloop
  endfacet
  facet normal 0.659343 -0.751842 0
    outer loop
      vertex 5.65147 17.8485 3.75
      vertex 5.76949 17.952 5.75
      vertex 5.65147 17.8485 5.75
    endloop
  endfacet
  facet normal 0.659343 -0.751842 0
    outer loop
      vertex 5.76949 17.952 5.75
      vertex 5.65147 17.8485 3.75
      vertex 5.76949 17.952 3.75
    endloop
  endfacet
  facet normal -0.321402 0.946943 0
    outer loop
      vertex 6.95922 4.89134 3.75
      vertex 6.81058 4.84089 5.75
      vertex 6.95922 4.89134 5.75
    endloop
  endfacet
  facet normal -0.321402 0.946943 0
    outer loop
      vertex 6.81058 4.84089 5.75
      vertex 6.95922 4.89134 3.75
      vertex 6.81058 4.84089 3.75
    endloop
  endfacet
  facet normal 0.0656183 0.997845 -0
    outer loop
      vertex 6.5 24.8 3.75
      vertex 6.34337 24.8103 5.75
      vertex 6.5 24.8 5.75
    endloop
  endfacet
  facet normal 0.0656183 0.997845 0
    outer loop
      vertex 6.34337 24.8103 5.75
      vertex 6.5 24.8 3.75
      vertex 6.34337 24.8103 3.75
    endloop
  endfacet
  facet normal 0.997856 0.0654405 0
    outer loop
      vertex 5.31027 25.8434 5.75
      vertex 5.3 26 3.75
      vertex 5.3 26 5.75
    endloop
  endfacet
  facet normal 0.997856 0.0654405 0
    outer loop
      vertex 5.3 26 3.75
      vertex 5.31027 25.8434 5.75
      vertex 5.31027 25.8434 3.75
    endloop
  endfacet
  facet normal 1 -0 0
    outer loop
      vertex 5.3 26 5.75
      vertex 5.3 37 3.75
      vertex 5.3 37 5.75
    endloop
  endfacet
  facet normal 1 0 0
    outer loop
      vertex 5.3 37 3.75
      vertex 5.3 26 5.75
      vertex 5.3 26 3.75
    endloop
  endfacet
  facet normal -0.997856 -0.0654405 0
    outer loop
      vertex 7.7 37 3.75
      vertex 7.68973 37.1566 5.75
      vertex 7.68973 37.1566 3.75
    endloop
  endfacet
  facet normal -0.997856 -0.0654405 0
    outer loop
      vertex 7.68973 37.1566 5.75
      vertex 7.7 37 3.75
      vertex 7.7 37 5.75
    endloop
  endfacet
  facet normal -0.442673 0.896683 0
    outer loop
      vertex 7.1 24.9608 3.75
      vertex 6.95922 24.8913 5.75
      vertex 7.1 24.9608 5.75
    endloop
  endfacet
  facet normal -0.442673 0.896683 0
    outer loop
      vertex 6.95922 24.8913 5.75
      vertex 7.1 24.9608 3.75
      vertex 6.95922 24.8913 3.75
    endloop
  endfacet
  facet normal -0.0656183 0.997845 0
    outer loop
      vertex 6.65663 24.8103 3.75
      vertex 6.5 24.8 5.75
      vertex 6.65663 24.8103 5.75
    endloop
  endfacet
  facet normal -0.0656183 0.997845 0
    outer loop
      vertex 6.5 24.8 5.75
      vertex 6.65663 24.8103 3.75
      vertex 6.5 24.8 3.75
    endloop
  endfacet
  facet normal -0.751818 0.65937 0
    outer loop
      vertex 7.34853 25.1515 3.75
      vertex 7.45202 25.2695 5.75
      vertex 7.45202 25.2695 3.75
    endloop
  endfacet
  facet normal -0.751818 0.65937 0
    outer loop
      vertex 7.45202 25.2695 5.75
      vertex 7.34853 25.1515 3.75
      vertex 7.34853 25.1515 5.75
    endloop
  endfacet
  facet normal -0.997856 0.0654405 0
    outer loop
      vertex 7.68973 25.8434 3.75
      vertex 7.7 26 5.75
      vertex 7.7 26 3.75
    endloop
  endfacet
  facet normal -0.997856 0.0654405 0
    outer loop
      vertex 7.7 26 5.75
      vertex 7.68973 25.8434 3.75
      vertex 7.68973 25.8434 5.75
    endloop
  endfacet
  facet normal 0.321117 0.94704 -0
    outer loop
      vertex 6.18942 24.8409 3.75
      vertex 6.04078 24.8913 5.75
      vertex 6.18942 24.8409 5.75
    endloop
  endfacet
  facet normal 0.321117 0.94704 0
    outer loop
      vertex 6.04078 24.8913 5.75
      vertex 6.18942 24.8409 3.75
      vertex 6.04078 24.8913 3.75
    endloop
  endfacet
  facet normal 0.751818 0.65937 0
    outer loop
      vertex 5.65147 25.1515 5.75
      vertex 5.54798 25.2695 3.75
      vertex 5.54798 25.2695 5.75
    endloop
  endfacet
  facet normal 0.751818 0.65937 0
    outer loop
      vertex 5.54798 25.2695 3.75
      vertex 5.65147 25.1515 5.75
      vertex 5.65147 25.1515 3.75
    endloop
  endfacet
  facet normal 0.980801 -0.195014 0
    outer loop
      vertex 5.31027 37.1566 5.75
      vertex 5.34089 37.3106 3.75
      vertex 5.34089 37.3106 5.75
    endloop
  endfacet
  facet normal 0.980801 -0.195014 0
    outer loop
      vertex 5.34089 37.3106 3.75
      vertex 5.31027 37.1566 5.75
      vertex 5.31027 37.1566 3.75
    endloop
  endfacet
  facet normal -0.89691 -0.442212 0
    outer loop
      vertex 7.60865 37.4592 3.75
      vertex 7.53923 37.6 5.75
      vertex 7.53923 37.6 3.75
    endloop
  endfacet
  facet normal -0.89691 -0.442212 0
    outer loop
      vertex 7.53923 37.6 5.75
      vertex 7.60865 37.4592 3.75
      vertex 7.60865 37.4592 5.75
    endloop
  endfacet
  facet normal -0.555553 0.831481 0
    outer loop
      vertex 7.23051 25.048 3.75
      vertex 7.1 24.9608 5.75
      vertex 7.23051 25.048 5.75
    endloop
  endfacet
  facet normal -0.555553 0.831481 0
    outer loop
      vertex 7.1 24.9608 5.75
      vertex 7.23051 25.048 3.75
      vertex 7.1 24.9608 3.75
    endloop
  endfacet
  facet normal -0.659343 0.751842 0
    outer loop
      vertex 7.34853 25.1515 3.75
      vertex 7.23051 25.048 5.75
      vertex 7.34853 25.1515 5.75
    endloop
  endfacet
  facet normal -0.659343 0.751842 0
    outer loop
      vertex 7.23051 25.048 5.75
      vertex 7.34853 25.1515 3.75
      vertex 7.23051 25.048 3.75
    endloop
  endfacet
  facet normal -0.194952 0.980813 0
    outer loop
      vertex 6.81058 24.8409 3.75
      vertex 6.65663 24.8103 5.75
      vertex 6.81058 24.8409 5.75
    endloop
  endfacet
  facet normal -0.194952 0.980813 0
    outer loop
      vertex 6.65663 24.8103 5.75
      vertex 6.81058 24.8409 3.75
      vertex 6.65663 24.8103 3.75
    endloop
  endfacet
  facet normal 0.659343 0.751842 -0
    outer loop
      vertex 5.76949 25.048 3.75
      vertex 5.65147 25.1515 5.75
      vertex 5.76949 25.048 5.75
    endloop
  endfacet
  facet normal 0.659343 0.751842 0
    outer loop
      vertex 5.65147 25.1515 5.75
      vertex 5.76949 25.048 3.75
      vertex 5.65147 25.1515 3.75
    endloop
  endfacet
  facet normal -0.442673 -0.896683 0
    outer loop
      vertex 6.95922 38.1087 3.75
      vertex 7.1 38.0392 5.75
      vertex 6.95922 38.1087 5.75
    endloop
  endfacet
  facet normal -0.442673 -0.896683 -0
    outer loop
      vertex 7.1 38.0392 5.75
      vertex 6.95922 38.1087 3.75
      vertex 7.1 38.0392 3.75
    endloop
  endfacet
  facet normal 0.321117 -0.94704 0
    outer loop
      vertex 6.04078 38.1087 3.75
      vertex 6.18942 38.1591 5.75
      vertex 6.04078 38.1087 5.75
    endloop
  endfacet
  facet normal 0.321117 -0.94704 0
    outer loop
      vertex 6.18942 38.1591 5.75
      vertex 6.04078 38.1087 3.75
      vertex 6.18942 38.1591 3.75
    endloop
  endfacet
  facet normal -1 0 0
    outer loop
      vertex 7.7 26 3.75
      vertex 7.7 37 5.75
      vertex 7.7 37 3.75
    endloop
  endfacet
  facet normal -1 -0 0
    outer loop
      vertex 7.7 37 5.75
      vertex 7.7 26 3.75
      vertex 7.7 26 5.75
    endloop
  endfacet
  facet normal -0.89691 0.442212 0
    outer loop
      vertex 7.53923 25.4 3.75
      vertex 7.60865 25.5408 5.75
      vertex 7.60865 25.5408 3.75
    endloop
  endfacet
  facet normal -0.89691 0.442212 0
    outer loop
      vertex 7.60865 25.5408 5.75
      vertex 7.53923 25.4 3.75
      vertex 7.53923 25.4 5.75
    endloop
  endfacet
  facet normal 0.194952 0.980813 -0
    outer loop
      vertex 6.34337 24.8103 3.75
      vertex 6.18942 24.8409 5.75
      vertex 6.34337 24.8103 5.75
    endloop
  endfacet
  facet normal 0.194952 0.980813 0
    outer loop
      vertex 6.18942 24.8409 5.75
      vertex 6.34337 24.8103 3.75
      vertex 6.18942 24.8409 3.75
    endloop
  endfacet
  facet normal 0.831432 0.555626 0
    outer loop
      vertex 5.54798 25.2695 5.75
      vertex 5.46077 25.4 3.75
      vertex 5.46077 25.4 5.75
    endloop
  endfacet
  facet normal 0.831432 0.555626 0
    outer loop
      vertex 5.46077 25.4 3.75
      vertex 5.54798 25.2695 5.75
      vertex 5.54798 25.2695 3.75
    endloop
  endfacet
  facet normal 0.946916 0.32148 0
    outer loop
      vertex 5.39134 25.5408 5.75
      vertex 5.34089 25.6894 3.75
      vertex 5.34089 25.6894 5.75
    endloop
  endfacet
  facet normal 0.946916 0.32148 0
    outer loop
      vertex 5.34089 25.6894 3.75
      vertex 5.39134 25.5408 5.75
      vertex 5.39134 25.5408 3.75
    endloop
  endfacet
  facet normal 0.997856 -0.0654405 0
    outer loop
      vertex 5.3 37 5.75
      vertex 5.31027 37.1566 3.75
      vertex 5.31027 37.1566 5.75
    endloop
  endfacet
  facet normal 0.997856 -0.0654405 0
    outer loop
      vertex 5.31027 37.1566 3.75
      vertex 5.3 37 5.75
      vertex 5.3 37 3.75
    endloop
  endfacet
  facet normal 0.896885 -0.442264 0
    outer loop
      vertex 5.39134 37.4592 5.75
      vertex 5.46077 37.6 3.75
      vertex 5.46077 37.6 5.75
    endloop
  endfacet
  facet normal 0.896885 -0.442264 0
    outer loop
      vertex 5.46077 37.6 3.75
      vertex 5.39134 37.4592 5.75
      vertex 5.39134 37.4592 3.75
    endloop
  endfacet
  facet normal 0.831432 -0.555626 0
    outer loop
      vertex 5.46077 37.6 5.75
      vertex 5.54798 37.7305 3.75
      vertex 5.54798 37.7305 5.75
    endloop
  endfacet
  facet normal 0.831432 -0.555626 0
    outer loop
      vertex 5.54798 37.7305 3.75
      vertex 5.46077 37.6 5.75
      vertex 5.46077 37.6 3.75
    endloop
  endfacet
  facet normal -0.946897 -0.321537 0
    outer loop
      vertex 7.65911 37.3106 3.75
      vertex 7.60865 37.4592 5.75
      vertex 7.60865 37.4592 3.75
    endloop
  endfacet
  facet normal -0.946897 -0.321537 0
    outer loop
      vertex 7.60865 37.4592 5.75
      vertex 7.65911 37.3106 3.75
      vertex 7.65911 37.3106 5.75
    endloop
  endfacet
  facet normal 0.0656183 -0.997845 0
    outer loop
      vertex 6.34337 38.1897 3.75
      vertex 6.5 38.2 5.75
      vertex 6.34337 38.1897 5.75
    endloop
  endfacet
  facet normal 0.0656183 -0.997845 0
    outer loop
      vertex 6.5 38.2 5.75
      vertex 6.34337 38.1897 3.75
      vertex 6.5 38.2 3.75
    endloop
  endfacet
  facet normal -0.751818 -0.65937 0
    outer loop
      vertex 7.45202 37.7305 3.75
      vertex 7.34853 37.8485 5.75
      vertex 7.34853 37.8485 3.75
    endloop
  endfacet
  facet normal -0.751818 -0.65937 0
    outer loop
      vertex 7.34853 37.8485 5.75
      vertex 7.45202 37.7305 3.75
      vertex 7.45202 37.7305 5.75
    endloop
  endfacet
  facet normal -0.831432 0.555626 0
    outer loop
      vertex 7.45202 25.2695 3.75
      vertex 7.53923 25.4 5.75
      vertex 7.53923 25.4 3.75
    endloop
  endfacet
  facet normal -0.831432 0.555626 0
    outer loop
      vertex 7.53923 25.4 5.75
      vertex 7.45202 25.2695 3.75
      vertex 7.45202 25.2695 5.75
    endloop
  endfacet
  facet normal -0.946897 0.321537 0
    outer loop
      vertex 7.60865 25.5408 3.75
      vertex 7.65911 25.6894 5.75
      vertex 7.65911 25.6894 3.75
    endloop
  endfacet
  facet normal -0.946897 0.321537 0
    outer loop
      vertex 7.65911 25.6894 5.75
      vertex 7.60865 25.5408 3.75
      vertex 7.60865 25.5408 5.75
    endloop
  endfacet
  facet normal -0.321117 0.94704 0
    outer loop
      vertex 6.95922 24.8913 3.75
      vertex 6.81058 24.8409 5.75
      vertex 6.95922 24.8913 5.75
    endloop
  endfacet
  facet normal -0.321117 0.94704 0
    outer loop
      vertex 6.81058 24.8409 5.75
      vertex 6.95922 24.8913 3.75
      vertex 6.81058 24.8409 3.75
    endloop
  endfacet
  facet normal 0.980801 0.195014 0
    outer loop
      vertex 5.34089 25.6894 5.75
      vertex 5.31027 25.8434 3.75
      vertex 5.31027 25.8434 5.75
    endloop
  endfacet
  facet normal 0.980801 0.195014 0
    outer loop
      vertex 5.31027 25.8434 3.75
      vertex 5.34089 25.6894 5.75
      vertex 5.34089 25.6894 3.75
    endloop
  endfacet
  facet normal 0.896885 0.442264 0
    outer loop
      vertex 5.46077 25.4 5.75
      vertex 5.39134 25.5408 3.75
      vertex 5.39134 25.5408 5.75
    endloop
  endfacet
  facet normal 0.896885 0.442264 0
    outer loop
      vertex 5.39134 25.5408 3.75
      vertex 5.46077 25.4 5.75
      vertex 5.46077 25.4 3.75
    endloop
  endfacet
  facet normal 0.555553 0.831481 -0
    outer loop
      vertex 5.9 24.9608 3.75
      vertex 5.76949 25.048 5.75
      vertex 5.9 24.9608 5.75
    endloop
  endfacet
  facet normal 0.555553 0.831481 0
    outer loop
      vertex 5.76949 25.048 5.75
      vertex 5.9 24.9608 3.75
      vertex 5.76949 25.048 3.75
    endloop
  endfacet
  facet normal 0.442673 0.896683 -0
    outer loop
      vertex 6.04078 24.8913 3.75
      vertex 5.9 24.9608 5.75
      vertex 6.04078 24.8913 5.75
    endloop
  endfacet
  facet normal 0.442673 0.896683 0
    outer loop
      vertex 5.9 24.9608 5.75
      vertex 6.04078 24.8913 3.75
      vertex 5.9 24.9608 3.75
    endloop
  endfacet
  facet normal 0.946916 -0.32148 0
    outer loop
      vertex 5.34089 37.3106 5.75
      vertex 5.39134 37.4592 3.75
      vertex 5.39134 37.4592 5.75
    endloop
  endfacet
  facet normal 0.946916 -0.32148 0
    outer loop
      vertex 5.39134 37.4592 3.75
      vertex 5.34089 37.3106 5.75
      vertex 5.34089 37.3106 3.75
    endloop
  endfacet
  facet normal 0.751818 -0.65937 0
    outer loop
      vertex 5.54798 37.7305 5.75
      vertex 5.65147 37.8485 3.75
      vertex 5.65147 37.8485 5.75
    endloop
  endfacet
  facet normal 0.751818 -0.65937 0
    outer loop
      vertex 5.65147 37.8485 3.75
      vertex 5.54798 37.7305 5.75
      vertex 5.54798 37.7305 3.75
    endloop
  endfacet
  facet normal -0.980801 -0.195014 0
    outer loop
      vertex 7.68973 37.1566 3.75
      vertex 7.65911 37.3106 5.75
      vertex 7.65911 37.3106 3.75
    endloop
  endfacet
  facet normal -0.980801 -0.195014 0
    outer loop
      vertex 7.65911 37.3106 5.75
      vertex 7.68973 37.1566 3.75
      vertex 7.68973 37.1566 5.75
    endloop
  endfacet
  facet normal 0.659343 -0.751842 0
    outer loop
      vertex 5.65147 37.8485 3.75
      vertex 5.76949 37.952 5.75
      vertex 5.65147 37.8485 5.75
    endloop
  endfacet
  facet normal 0.659343 -0.751842 0
    outer loop
      vertex 5.76949 37.952 5.75
      vertex 5.65147 37.8485 3.75
      vertex 5.76949 37.952 3.75
    endloop
  endfacet
  facet normal 0.555553 -0.831481 0
    outer loop
      vertex 5.76949 37.952 3.75
      vertex 5.9 38.0392 5.75
      vertex 5.76949 37.952 5.75
    endloop
  endfacet
  facet normal 0.555553 -0.831481 0
    outer loop
      vertex 5.9 38.0392 5.75
      vertex 5.76949 37.952 3.75
      vertex 5.9 38.0392 3.75
    endloop
  endfacet
  facet normal 0.442673 -0.896683 0
    outer loop
      vertex 5.9 38.0392 3.75
      vertex 6.04078 38.1087 5.75
      vertex 5.9 38.0392 5.75
    endloop
  endfacet
  facet normal 0.442673 -0.896683 0
    outer loop
      vertex 6.04078 38.1087 5.75
      vertex 5.9 38.0392 3.75
      vertex 6.04078 38.1087 3.75
    endloop
  endfacet
  facet normal 0.194952 -0.980813 0
    outer loop
      vertex 6.18942 38.1591 3.75
      vertex 6.34337 38.1897 5.75
      vertex 6.18942 38.1591 5.75
    endloop
  endfacet
  facet normal 0.194952 -0.980813 0
    outer loop
      vertex 6.34337 38.1897 5.75
      vertex 6.18942 38.1591 3.75
      vertex 6.34337 38.1897 3.75
    endloop
  endfacet
  facet normal -0.0656183 -0.997845 0
    outer loop
      vertex 6.5 38.2 3.75
      vertex 6.65663 38.1897 5.75
      vertex 6.5 38.2 5.75
    endloop
  endfacet
  facet normal -0.0656183 -0.997845 -0
    outer loop
      vertex 6.65663 38.1897 5.75
      vertex 6.5 38.2 3.75
      vertex 6.65663 38.1897 3.75
    endloop
  endfacet
  facet normal -0.831432 -0.555626 0
    outer loop
      vertex 7.53923 37.6 3.75
      vertex 7.45202 37.7305 5.75
      vertex 7.45202 37.7305 3.75
    endloop
  endfacet
  facet normal -0.831432 -0.555626 0
    outer loop
      vertex 7.45202 37.7305 5.75
      vertex 7.53923 37.6 3.75
      vertex 7.53923 37.6 5.75
    endloop
  endfacet
  facet normal -0.980801 0.195014 0
    outer loop
      vertex 7.65911 25.6894 3.75
      vertex 7.68973 25.8434 5.75
      vertex 7.68973 25.8434 3.75
    endloop
  endfacet
  facet normal -0.980801 0.195014 0
    outer loop
      vertex 7.68973 25.8434 5.75
      vertex 7.65911 25.6894 3.75
      vertex 7.65911 25.6894 5.75
    endloop
  endfacet
  facet normal -0.194952 -0.980813 0
    outer loop
      vertex 6.65663 38.1897 3.75
      vertex 6.81058 38.1591 5.75
      vertex 6.65663 38.1897 5.75
    endloop
  endfacet
  facet normal -0.194952 -0.980813 -0
    outer loop
      vertex 6.81058 38.1591 5.75
      vertex 6.65663 38.1897 3.75
      vertex 6.81058 38.1591 3.75
    endloop
  endfacet
  facet normal -0.321117 -0.94704 0
    outer loop
      vertex 6.81058 38.1591 3.75
      vertex 6.95922 38.1087 5.75
      vertex 6.81058 38.1591 5.75
    endloop
  endfacet
  facet normal -0.321117 -0.94704 -0
    outer loop
      vertex 6.95922 38.1087 5.75
      vertex 6.81058 38.1591 3.75
      vertex 6.95922 38.1087 3.75
    endloop
  endfacet
  facet normal -0.555553 -0.831481 0
    outer loop
      vertex 7.1 38.0392 3.75
      vertex 7.23051 37.952 5.75
      vertex 7.1 38.0392 5.75
    endloop
  endfacet
  facet normal -0.555553 -0.831481 -0
    outer loop
      vertex 7.23051 37.952 5.75
      vertex 7.1 38.0392 3.75
      vertex 7.23051 37.952 3.75
    endloop
  endfacet
  facet normal -0.659343 -0.751842 0
    outer loop
      vertex 7.23051 37.952 3.75
      vertex 7.34853 37.8485 5.75
      vertex 7.23051 37.952 5.75
    endloop
  endfacet
  facet normal -0.659343 -0.751842 -0
    outer loop
      vertex 7.34853 37.8485 5.75
      vertex 7.23051 37.952 3.75
      vertex 7.34853 37.8485 3.75
    endloop
  endfacet
  facet normal -0.980825 -0.194891 0
    outer loop
      vertex 54.6897 17.1566 3.75
      vertex 54.6591 17.3106 5.75
      vertex 54.6591 17.3106 3.75
    endloop
  endfacet
  facet normal -0.980825 -0.194891 0
    outer loop
      vertex 54.6591 17.3106 5.75
      vertex 54.6897 17.1566 3.75
      vertex 54.6897 17.1566 5.75
    endloop
  endfacet
  facet normal -0.997844 -0.0656309 0
    outer loop
      vertex 54.7 17 3.75
      vertex 54.6897 17.1566 5.75
      vertex 54.6897 17.1566 3.75
    endloop
  endfacet
  facet normal -0.997844 -0.0656309 0
    outer loop
      vertex 54.6897 17.1566 5.75
      vertex 54.7 17 3.75
      vertex 54.7 17 5.75
    endloop
  endfacet
  facet normal -0.0654405 0.997856 0
    outer loop
      vertex 53.6566 4.81027 3.75
      vertex 53.5 4.8 5.75
      vertex 53.6566 4.81027 5.75
    endloop
  endfacet
  facet normal -0.0654405 0.997856 0
    outer loop
      vertex 53.5 4.8 5.75
      vertex 53.6566 4.81027 3.75
      vertex 53.5 4.8 3.75
    endloop
  endfacet
  facet normal 0.997844 -0.0656309 0
    outer loop
      vertex 52.3 17 5.75
      vertex 52.3103 17.1566 3.75
      vertex 52.3103 17.1566 5.75
    endloop
  endfacet
  facet normal 0.997844 -0.0656309 0
    outer loop
      vertex 52.3103 17.1566 3.75
      vertex 52.3 17 5.75
      vertex 52.3 17 3.75
    endloop
  endfacet
  facet normal -0.831462 -0.555582 0
    outer loop
      vertex 54.5392 17.6 3.75
      vertex 54.452 17.7305 5.75
      vertex 54.452 17.7305 3.75
    endloop
  endfacet
  facet normal -0.831462 -0.555582 0
    outer loop
      vertex 54.452 17.7305 5.75
      vertex 54.5392 17.6 3.75
      vertex 54.5392 17.6 5.75
    endloop
  endfacet
  facet normal 0.980825 -0.194891 0
    outer loop
      vertex 52.3103 17.1566 5.75
      vertex 52.3409 17.3106 3.75
      vertex 52.3409 17.3106 5.75
    endloop
  endfacet
  facet normal 0.980825 -0.194891 0
    outer loop
      vertex 52.3409 17.3106 3.75
      vertex 52.3103 17.1566 5.75
      vertex 52.3103 17.1566 3.75
    endloop
  endfacet
  facet normal -0.555626 0.831432 0
    outer loop
      vertex 54.2305 5.04798 3.75
      vertex 54.1 4.96077 5.75
      vertex 54.2305 5.04798 5.75
    endloop
  endfacet
  facet normal -0.555626 0.831432 0
    outer loop
      vertex 54.1 4.96077 5.75
      vertex 54.2305 5.04798 3.75
      vertex 54.1 4.96077 3.75
    endloop
  endfacet
  facet normal 0.442264 0.896885 -0
    outer loop
      vertex 53.0408 4.89134 3.75
      vertex 52.9 4.96077 5.75
      vertex 53.0408 4.89134 5.75
    endloop
  endfacet
  facet normal 0.442264 0.896885 0
    outer loop
      vertex 52.9 4.96077 5.75
      vertex 53.0408 4.89134 3.75
      vertex 52.9 4.96077 3.75
    endloop
  endfacet
  facet normal 0.0654405 0.997856 -0
    outer loop
      vertex 53.5 4.8 3.75
      vertex 53.3434 4.81027 5.75
      vertex 53.5 4.8 5.75
    endloop
  endfacet
  facet normal 0.0654405 0.997856 0
    outer loop
      vertex 53.3434 4.81027 5.75
      vertex 53.5 4.8 3.75
      vertex 53.3434 4.81027 3.75
    endloop
  endfacet
  facet normal 1 -0 0
    outer loop
      vertex 52.3 6 5.75
      vertex 52.3 17 3.75
      vertex 52.3 17 5.75
    endloop
  endfacet
  facet normal 1 0 0
    outer loop
      vertex 52.3 17 3.75
      vertex 52.3 6 5.75
      vertex 52.3 6 3.75
    endloop
  endfacet
  facet normal -0.896683 0.442673 0
    outer loop
      vertex 54.5392 5.4 3.75
      vertex 54.6087 5.54078 5.75
      vertex 54.6087 5.54078 3.75
    endloop
  endfacet
  facet normal -0.896683 0.442673 0
    outer loop
      vertex 54.6087 5.54078 5.75
      vertex 54.5392 5.4 3.75
      vertex 54.5392 5.4 5.75
    endloop
  endfacet
  facet normal 0.195014 0.980801 -0
    outer loop
      vertex 53.3434 4.81027 3.75
      vertex 53.1894 4.84089 5.75
      vertex 53.3434 4.81027 5.75
    endloop
  endfacet
  facet normal 0.195014 0.980801 0
    outer loop
      vertex 53.1894 4.84089 5.75
      vertex 53.3434 4.81027 3.75
      vertex 53.1894 4.84089 3.75
    endloop
  endfacet
  facet normal 0.32148 0.946916 -0
    outer loop
      vertex 53.1894 4.84089 3.75
      vertex 53.0408 4.89134 5.75
      vertex 53.1894 4.84089 5.75
    endloop
  endfacet
  facet normal 0.32148 0.946916 0
    outer loop
      vertex 53.0408 4.89134 5.75
      vertex 53.1894 4.84089 3.75
      vertex 53.0408 4.89134 3.75
    endloop
  endfacet
  facet normal -0.32148 0.946916 0
    outer loop
      vertex 53.9592 4.89134 3.75
      vertex 53.8106 4.84089 5.75
      vertex 53.9592 4.89134 5.75
    endloop
  endfacet
  facet normal -0.32148 0.946916 0
    outer loop
      vertex 53.8106 4.84089 5.75
      vertex 53.9592 4.89134 3.75
      vertex 53.8106 4.84089 3.75
    endloop
  endfacet
  facet normal -0.442264 0.896885 0
    outer loop
      vertex 54.1 4.96077 3.75
      vertex 53.9592 4.89134 5.75
      vertex 54.1 4.96077 5.75
    endloop
  endfacet
  facet normal -0.442264 0.896885 0
    outer loop
      vertex 53.9592 4.89134 5.75
      vertex 54.1 4.96077 3.75
      vertex 53.9592 4.89134 3.75
    endloop
  endfacet
  facet normal 0.997845 0.0656183 0
    outer loop
      vertex 52.3103 5.84337 5.75
      vertex 52.3 6 3.75
      vertex 52.3 6 5.75
    endloop
  endfacet
  facet normal 0.997845 0.0656183 0
    outer loop
      vertex 52.3 6 3.75
      vertex 52.3103 5.84337 5.75
      vertex 52.3103 5.84337 3.75
    endloop
  endfacet
  facet normal -0.896708 -0.442622 0
    outer loop
      vertex 54.6087 17.4592 3.75
      vertex 54.5392 17.6 5.75
      vertex 54.5392 17.6 3.75
    endloop
  endfacet
  facet normal -0.896708 -0.442622 0
    outer loop
      vertex 54.5392 17.6 5.75
      vertex 54.6087 17.4592 3.75
      vertex 54.6087 17.4592 5.75
    endloop
  endfacet
  facet normal -0.442622 -0.896708 0
    outer loop
      vertex 53.9592 18.1087 3.75
      vertex 54.1 18.0392 5.75
      vertex 53.9592 18.1087 5.75
    endloop
  endfacet
  facet normal -0.442622 -0.896708 -0
    outer loop
      vertex 54.1 18.0392 5.75
      vertex 53.9592 18.1087 3.75
      vertex 54.1 18.0392 3.75
    endloop
  endfacet
  facet normal -0.0656309 -0.997844 0
    outer loop
      vertex 53.5 18.2 3.75
      vertex 53.6566 18.1897 5.75
      vertex 53.5 18.2 5.75
    endloop
  endfacet
  facet normal -0.0656309 -0.997844 -0
    outer loop
      vertex 53.6566 18.1897 5.75
      vertex 53.5 18.2 3.75
      vertex 53.6566 18.1897 3.75
    endloop
  endfacet
  facet normal -1 0 0
    outer loop
      vertex 54.7 6 3.75
      vertex 54.7 17 5.75
      vertex 54.7 17 3.75
    endloop
  endfacet
  facet normal -1 -0 0
    outer loop
      vertex 54.7 17 5.75
      vertex 54.7 6 3.75
      vertex 54.7 6 5.75
    endloop
  endfacet
  facet normal -0.751842 0.659343 0
    outer loop
      vertex 54.3485 5.15147 3.75
      vertex 54.452 5.26949 5.75
      vertex 54.452 5.26949 3.75
    endloop
  endfacet
  facet normal -0.751842 0.659343 0
    outer loop
      vertex 54.452 5.26949 5.75
      vertex 54.3485 5.15147 3.75
      vertex 54.3485 5.15147 5.75
    endloop
  endfacet
  facet normal -0.980813 0.194952 0
    outer loop
      vertex 54.6591 5.68942 3.75
      vertex 54.6897 5.84337 5.75
      vertex 54.6897 5.84337 3.75
    endloop
  endfacet
  facet normal -0.980813 0.194952 0
    outer loop
      vertex 54.6897 5.84337 5.75
      vertex 54.6591 5.68942 3.75
      vertex 54.6591 5.68942 5.75
    endloop
  endfacet
  facet normal -0.94704 0.321117 0
    outer loop
      vertex 54.6087 5.54078 3.75
      vertex 54.6591 5.68942 5.75
      vertex 54.6591 5.68942 3.75
    endloop
  endfacet
  facet normal -0.94704 0.321117 0
    outer loop
      vertex 54.6591 5.68942 5.75
      vertex 54.6087 5.54078 3.75
      vertex 54.6087 5.54078 5.75
    endloop
  endfacet
  facet normal -0.997845 0.0656183 0
    outer loop
      vertex 54.6897 5.84337 3.75
      vertex 54.7 6 5.75
      vertex 54.7 6 3.75
    endloop
  endfacet
  facet normal -0.997845 0.0656183 0
    outer loop
      vertex 54.7 6 5.75
      vertex 54.6897 5.84337 3.75
      vertex 54.6897 5.84337 5.75
    endloop
  endfacet
  facet normal -0.65937 0.751818 0
    outer loop
      vertex 54.3485 5.15147 3.75
      vertex 54.2305 5.04798 5.75
      vertex 54.3485 5.15147 5.75
    endloop
  endfacet
  facet normal -0.65937 0.751818 0
    outer loop
      vertex 54.2305 5.04798 5.75
      vertex 54.3485 5.15147 3.75
      vertex 54.2305 5.04798 3.75
    endloop
  endfacet
  facet normal 0.65937 0.751818 -0
    outer loop
      vertex 52.7695 5.04798 3.75
      vertex 52.6515 5.15147 5.75
      vertex 52.7695 5.04798 5.75
    endloop
  endfacet
  facet normal 0.65937 0.751818 0
    outer loop
      vertex 52.6515 5.15147 5.75
      vertex 52.7695 5.04798 3.75
      vertex 52.6515 5.15147 3.75
    endloop
  endfacet
  facet normal -0.195014 0.980801 0
    outer loop
      vertex 53.8106 4.84089 3.75
      vertex 53.6566 4.81027 5.75
      vertex 53.8106 4.84089 5.75
    endloop
  endfacet
  facet normal -0.195014 0.980801 0
    outer loop
      vertex 53.6566 4.81027 5.75
      vertex 53.8106 4.84089 3.75
      vertex 53.6566 4.81027 3.75
    endloop
  endfacet
  facet normal 0.980813 0.194952 0
    outer loop
      vertex 52.3409 5.68942 5.75
      vertex 52.3103 5.84337 3.75
      vertex 52.3103 5.84337 5.75
    endloop
  endfacet
  facet normal 0.980813 0.194952 0
    outer loop
      vertex 52.3103 5.84337 3.75
      vertex 52.3409 5.68942 5.75
      vertex 52.3409 5.68942 3.75
    endloop
  endfacet
  facet normal 0.94704 0.321117 0
    outer loop
      vertex 52.3913 5.54078 5.75
      vertex 52.3409 5.68942 3.75
      vertex 52.3409 5.68942 5.75
    endloop
  endfacet
  facet normal 0.94704 0.321117 0
    outer loop
      vertex 52.3409 5.68942 3.75
      vertex 52.3913 5.54078 5.75
      vertex 52.3913 5.54078 3.75
    endloop
  endfacet
  facet normal 0.831481 0.555553 0
    outer loop
      vertex 52.548 5.26949 5.75
      vertex 52.4608 5.4 3.75
      vertex 52.4608 5.4 5.75
    endloop
  endfacet
  facet normal 0.831481 0.555553 0
    outer loop
      vertex 52.4608 5.4 3.75
      vertex 52.548 5.26949 5.75
      vertex 52.548 5.26949 3.75
    endloop
  endfacet
  facet normal 0.896683 0.442673 0
    outer loop
      vertex 52.4608 5.4 5.75
      vertex 52.3913 5.54078 3.75
      vertex 52.3913 5.54078 5.75
    endloop
  endfacet
  facet normal 0.896683 0.442673 0
    outer loop
      vertex 52.3913 5.54078 3.75
      vertex 52.4608 5.4 5.75
      vertex 52.4608 5.4 3.75
    endloop
  endfacet
  facet normal -0.947013 -0.321194 0
    outer loop
      vertex 54.6591 17.3106 3.75
      vertex 54.6087 17.4592 5.75
      vertex 54.6087 17.4592 3.75
    endloop
  endfacet
  facet normal -0.947013 -0.321194 0
    outer loop
      vertex 54.6087 17.4592 5.75
      vertex 54.6591 17.3106 3.75
      vertex 54.6591 17.3106 5.75
    endloop
  endfacet
  facet normal -0.751787 -0.659406 0
    outer loop
      vertex 54.452 17.7305 3.75
      vertex 54.3485 17.8485 5.75
      vertex 54.3485 17.8485 3.75
    endloop
  endfacet
  facet normal -0.751787 -0.659406 0
    outer loop
      vertex 54.3485 17.8485 5.75
      vertex 54.452 17.7305 3.75
      vertex 54.452 17.7305 5.75
    endloop
  endfacet
  facet normal 0.659406 -0.751787 0
    outer loop
      vertex 52.6515 17.8485 3.75
      vertex 52.7695 17.952 5.75
      vertex 52.6515 17.8485 5.75
    endloop
  endfacet
  facet normal 0.659406 -0.751787 0
    outer loop
      vertex 52.7695 17.952 5.75
      vertex 52.6515 17.8485 3.75
      vertex 52.7695 17.952 3.75
    endloop
  endfacet
  facet normal 0.555582 -0.831462 0
    outer loop
      vertex 52.7695 17.952 3.75
      vertex 52.9 18.0392 5.75
      vertex 52.7695 17.952 5.75
    endloop
  endfacet
  facet normal 0.555582 -0.831462 0
    outer loop
      vertex 52.9 18.0392 5.75
      vertex 52.7695 17.952 3.75
      vertex 52.9 18.0392 3.75
    endloop
  endfacet
  facet normal 0.831462 -0.555582 0
    outer loop
      vertex 52.4608 17.6 5.75
      vertex 52.548 17.7305 3.75
      vertex 52.548 17.7305 5.75
    endloop
  endfacet
  facet normal 0.831462 -0.555582 0
    outer loop
      vertex 52.548 17.7305 3.75
      vertex 52.4608 17.6 5.75
      vertex 52.4608 17.6 3.75
    endloop
  endfacet
  facet normal -0.831481 0.555553 0
    outer loop
      vertex 54.452 5.26949 3.75
      vertex 54.5392 5.4 5.75
      vertex 54.5392 5.4 3.75
    endloop
  endfacet
  facet normal -0.831481 0.555553 0
    outer loop
      vertex 54.5392 5.4 5.75
      vertex 54.452 5.26949 3.75
      vertex 54.452 5.26949 5.75
    endloop
  endfacet
  facet normal 0.751842 0.659343 0
    outer loop
      vertex 52.6515 5.15147 5.75
      vertex 52.548 5.26949 3.75
      vertex 52.548 5.26949 5.75
    endloop
  endfacet
  facet normal 0.751842 0.659343 0
    outer loop
      vertex 52.548 5.26949 3.75
      vertex 52.6515 5.15147 5.75
      vertex 52.6515 5.15147 3.75
    endloop
  endfacet
  facet normal 0.555626 0.831432 -0
    outer loop
      vertex 52.9 4.96077 3.75
      vertex 52.7695 5.04798 5.75
      vertex 52.9 4.96077 5.75
    endloop
  endfacet
  facet normal 0.555626 0.831432 0
    outer loop
      vertex 52.7695 5.04798 5.75
      vertex 52.9 4.96077 3.75
      vertex 52.7695 5.04798 3.75
    endloop
  endfacet
  facet normal -0.659406 -0.751787 0
    outer loop
      vertex 54.2305 17.952 3.75
      vertex 54.3485 17.8485 5.75
      vertex 54.2305 17.952 5.75
    endloop
  endfacet
  facet normal -0.659406 -0.751787 -0
    outer loop
      vertex 54.3485 17.8485 5.75
      vertex 54.2305 17.952 3.75
      vertex 54.3485 17.8485 3.75
    endloop
  endfacet
  facet normal -0.194891 -0.980825 0
    outer loop
      vertex 53.6566 18.1897 3.75
      vertex 53.8106 18.1591 5.75
      vertex 53.6566 18.1897 5.75
    endloop
  endfacet
  facet normal -0.194891 -0.980825 -0
    outer loop
      vertex 53.8106 18.1591 5.75
      vertex 53.6566 18.1897 3.75
      vertex 53.8106 18.1591 3.75
    endloop
  endfacet
  facet normal -0.321194 -0.947013 0
    outer loop
      vertex 53.8106 18.1591 3.75
      vertex 53.9592 18.1087 5.75
      vertex 53.8106 18.1591 5.75
    endloop
  endfacet
  facet normal -0.321194 -0.947013 -0
    outer loop
      vertex 53.9592 18.1087 5.75
      vertex 53.8106 18.1591 3.75
      vertex 53.9592 18.1087 3.75
    endloop
  endfacet
  facet normal 0.442622 -0.896708 0
    outer loop
      vertex 52.9 18.0392 3.75
      vertex 53.0408 18.1087 5.75
      vertex 52.9 18.0392 5.75
    endloop
  endfacet
  facet normal 0.442622 -0.896708 0
    outer loop
      vertex 53.0408 18.1087 5.75
      vertex 52.9 18.0392 3.75
      vertex 53.0408 18.1087 3.75
    endloop
  endfacet
  facet normal 0.321194 -0.947013 0
    outer loop
      vertex 53.0408 18.1087 3.75
      vertex 53.1894 18.1591 5.75
      vertex 53.0408 18.1087 5.75
    endloop
  endfacet
  facet normal 0.321194 -0.947013 0
    outer loop
      vertex 53.1894 18.1591 5.75
      vertex 53.0408 18.1087 3.75
      vertex 53.1894 18.1591 3.75
    endloop
  endfacet
  facet normal 0.194891 -0.980825 0
    outer loop
      vertex 53.1894 18.1591 3.75
      vertex 53.3434 18.1897 5.75
      vertex 53.1894 18.1591 5.75
    endloop
  endfacet
  facet normal 0.194891 -0.980825 0
    outer loop
      vertex 53.3434 18.1897 5.75
      vertex 53.1894 18.1591 3.75
      vertex 53.3434 18.1897 3.75
    endloop
  endfacet
  facet normal 0.0656309 -0.997844 0
    outer loop
      vertex 53.3434 18.1897 3.75
      vertex 53.5 18.2 5.75
      vertex 53.3434 18.1897 5.75
    endloop
  endfacet
  facet normal 0.0656309 -0.997844 0
    outer loop
      vertex 53.5 18.2 5.75
      vertex 53.3434 18.1897 3.75
      vertex 53.5 18.2 3.75
    endloop
  endfacet
  facet normal 0.896708 -0.442622 0
    outer loop
      vertex 52.3913 17.4592 5.75
      vertex 52.4608 17.6 3.75
      vertex 52.4608 17.6 5.75
    endloop
  endfacet
  facet normal 0.896708 -0.442622 0
    outer loop
      vertex 52.4608 17.6 3.75
      vertex 52.3913 17.4592 5.75
      vertex 52.3913 17.4592 3.75
    endloop
  endfacet
  facet normal 0.751787 -0.659406 0
    outer loop
      vertex 52.548 17.7305 5.75
      vertex 52.6515 17.8485 3.75
      vertex 52.6515 17.8485 5.75
    endloop
  endfacet
  facet normal 0.751787 -0.659406 0
    outer loop
      vertex 52.6515 17.8485 3.75
      vertex 52.548 17.7305 5.75
      vertex 52.548 17.7305 3.75
    endloop
  endfacet
  facet normal -0.555582 -0.831462 0
    outer loop
      vertex 54.1 18.0392 3.75
      vertex 54.2305 17.952 5.75
      vertex 54.1 18.0392 5.75
    endloop
  endfacet
  facet normal -0.555582 -0.831462 -0
    outer loop
      vertex 54.2305 17.952 5.75
      vertex 54.1 18.0392 3.75
      vertex 54.2305 17.952 3.75
    endloop
  endfacet
  facet normal 0.947013 -0.321194 0
    outer loop
      vertex 52.3409 17.3106 5.75
      vertex 52.3913 17.4592 3.75
      vertex 52.3913 17.4592 5.75
    endloop
  endfacet
  facet normal 0.947013 -0.321194 0
    outer loop
      vertex 52.3913 17.4592 3.75
      vertex 52.3409 17.3106 5.75
      vertex 52.3409 17.3106 3.75
    endloop
  endfacet
  facet normal 0.0656309 -0.997844 0
    outer loop
      vertex 53.3434 38.1897 3.75
      vertex 53.5 38.2 5.75
      vertex 53.3434 38.1897 5.75
    endloop
  endfacet
  facet normal 0.0656309 -0.997844 0
    outer loop
      vertex 53.5 38.2 5.75
      vertex 53.3434 38.1897 3.75
      vertex 53.5 38.2 3.75
    endloop
  endfacet
  facet normal -0.997844 -0.0656309 0
    outer loop
      vertex 54.7 37 3.75
      vertex 54.6897 37.1566 5.75
      vertex 54.6897 37.1566 3.75
    endloop
  endfacet
  facet normal -0.997844 -0.0656309 0
    outer loop
      vertex 54.6897 37.1566 5.75
      vertex 54.7 37 3.75
      vertex 54.7 37 5.75
    endloop
  endfacet
  facet normal -1 0 0
    outer loop
      vertex 54.7 26 3.75
      vertex 54.7 37 5.75
      vertex 54.7 37 3.75
    endloop
  endfacet
  facet normal -1 -0 0
    outer loop
      vertex 54.7 37 5.75
      vertex 54.7 26 3.75
      vertex 54.7 26 5.75
    endloop
  endfacet
  facet normal -0.555582 0.831462 0
    outer loop
      vertex 54.2305 25.048 3.75
      vertex 54.1 24.9608 5.75
      vertex 54.2305 25.048 5.75
    endloop
  endfacet
  facet normal -0.555582 0.831462 0
    outer loop
      vertex 54.1 24.9608 5.75
      vertex 54.2305 25.048 3.75
      vertex 54.1 24.9608 3.75
    endloop
  endfacet
  facet normal -0.659406 -0.751787 0
    outer loop
      vertex 54.2305 37.952 3.75
      vertex 54.3485 37.8485 5.75
      vertex 54.2305 37.952 5.75
    endloop
  endfacet
  facet normal -0.659406 -0.751787 -0
    outer loop
      vertex 54.3485 37.8485 5.75
      vertex 54.2305 37.952 3.75
      vertex 54.3485 37.8485 3.75
    endloop
  endfacet
  facet normal 1 -0 0
    outer loop
      vertex 52.3 26 5.75
      vertex 52.3 37 3.75
      vertex 52.3 37 5.75
    endloop
  endfacet
  facet normal 1 0 0
    outer loop
      vertex 52.3 37 3.75
      vertex 52.3 26 5.75
      vertex 52.3 26 3.75
    endloop
  endfacet
  facet normal 0.997844 -0.0656309 0
    outer loop
      vertex 52.3 37 5.75
      vertex 52.3103 37.1566 3.75
      vertex 52.3103 37.1566 5.75
    endloop
  endfacet
  facet normal 0.997844 -0.0656309 0
    outer loop
      vertex 52.3103 37.1566 3.75
      vertex 52.3 37 5.75
      vertex 52.3 37 3.75
    endloop
  endfacet
  facet normal 0.997844 0.0656309 0
    outer loop
      vertex 52.3103 25.8434 5.75
      vertex 52.3 26 3.75
      vertex 52.3 26 5.75
    endloop
  endfacet
  facet normal 0.997844 0.0656309 0
    outer loop
      vertex 52.3 26 3.75
      vertex 52.3103 25.8434 5.75
      vertex 52.3103 25.8434 3.75
    endloop
  endfacet
  facet normal -0.997844 0.0656309 0
    outer loop
      vertex 54.6897 25.8434 3.75
      vertex 54.7 26 5.75
      vertex 54.7 26 3.75
    endloop
  endfacet
  facet normal -0.997844 0.0656309 0
    outer loop
      vertex 54.7 26 5.75
      vertex 54.6897 25.8434 3.75
      vertex 54.6897 25.8434 5.75
    endloop
  endfacet
  facet normal -0.194891 0.980825 0
    outer loop
      vertex 53.8106 24.8409 3.75
      vertex 53.6566 24.8103 5.75
      vertex 53.8106 24.8409 5.75
    endloop
  endfacet
  facet normal -0.194891 0.980825 0
    outer loop
      vertex 53.6566 24.8103 5.75
      vertex 53.8106 24.8409 3.75
      vertex 53.6566 24.8103 3.75
    endloop
  endfacet
  facet normal 0.896708 0.442622 0
    outer loop
      vertex 52.4608 25.4 5.75
      vertex 52.3913 25.5408 3.75
      vertex 52.3913 25.5408 5.75
    endloop
  endfacet
  facet normal 0.896708 0.442622 0
    outer loop
      vertex 52.3913 25.5408 3.75
      vertex 52.4608 25.4 5.75
      vertex 52.4608 25.4 3.75
    endloop
  endfacet
  facet normal 0.831462 -0.555582 0
    outer loop
      vertex 52.4608 37.6 5.75
      vertex 52.548 37.7305 3.75
      vertex 52.548 37.7305 5.75
    endloop
  endfacet
  facet normal 0.831462 -0.555582 0
    outer loop
      vertex 52.548 37.7305 3.75
      vertex 52.4608 37.6 5.75
      vertex 52.4608 37.6 3.75
    endloop
  endfacet
  facet normal 0.751787 -0.659406 0
    outer loop
      vertex 52.548 37.7305 5.75
      vertex 52.6515 37.8485 3.75
      vertex 52.6515 37.8485 5.75
    endloop
  endfacet
  facet normal 0.751787 -0.659406 0
    outer loop
      vertex 52.6515 37.8485 3.75
      vertex 52.548 37.7305 5.75
      vertex 52.548 37.7305 3.75
    endloop
  endfacet
  facet normal 0.896708 -0.442622 0
    outer loop
      vertex 52.3913 37.4592 5.75
      vertex 52.4608 37.6 3.75
      vertex 52.4608 37.6 5.75
    endloop
  endfacet
  facet normal 0.896708 -0.442622 0
    outer loop
      vertex 52.4608 37.6 3.75
      vertex 52.3913 37.4592 5.75
      vertex 52.3913 37.4592 3.75
    endloop
  endfacet
  facet normal 0.659406 -0.751787 0
    outer loop
      vertex 52.6515 37.8485 3.75
      vertex 52.7695 37.952 5.75
      vertex 52.6515 37.8485 5.75
    endloop
  endfacet
  facet normal 0.659406 -0.751787 0
    outer loop
      vertex 52.7695 37.952 5.75
      vertex 52.6515 37.8485 3.75
      vertex 52.7695 37.952 3.75
    endloop
  endfacet
  facet normal 0.555582 -0.831462 0
    outer loop
      vertex 52.7695 37.952 3.75
      vertex 52.9 38.0392 5.75
      vertex 52.7695 37.952 5.75
    endloop
  endfacet
  facet normal 0.555582 -0.831462 0
    outer loop
      vertex 52.9 38.0392 5.75
      vertex 52.7695 37.952 3.75
      vertex 52.9 38.0392 3.75
    endloop
  endfacet
  facet normal 0.442622 -0.896708 0
    outer loop
      vertex 52.9 38.0392 3.75
      vertex 53.0408 38.1087 5.75
      vertex 52.9 38.0392 5.75
    endloop
  endfacet
  facet normal 0.442622 -0.896708 0
    outer loop
      vertex 53.0408 38.1087 5.75
      vertex 52.9 38.0392 3.75
      vertex 53.0408 38.1087 3.75
    endloop
  endfacet
  facet normal 0.321194 -0.947013 0
    outer loop
      vertex 53.0408 38.1087 3.75
      vertex 53.1894 38.1591 5.75
      vertex 53.0408 38.1087 5.75
    endloop
  endfacet
  facet normal 0.321194 -0.947013 0
    outer loop
      vertex 53.1894 38.1591 5.75
      vertex 53.0408 38.1087 3.75
      vertex 53.1894 38.1591 3.75
    endloop
  endfacet
  facet normal -0.0656309 -0.997844 0
    outer loop
      vertex 53.5 38.2 3.75
      vertex 53.6566 38.1897 5.75
      vertex 53.5 38.2 5.75
    endloop
  endfacet
  facet normal -0.0656309 -0.997844 -0
    outer loop
      vertex 53.6566 38.1897 5.75
      vertex 53.5 38.2 3.75
      vertex 53.6566 38.1897 3.75
    endloop
  endfacet
  facet normal -0.442622 -0.896708 0
    outer loop
      vertex 53.9592 38.1087 3.75
      vertex 54.1 38.0392 5.75
      vertex 53.9592 38.1087 5.75
    endloop
  endfacet
  facet normal -0.442622 -0.896708 -0
    outer loop
      vertex 54.1 38.0392 5.75
      vertex 53.9592 38.1087 3.75
      vertex 54.1 38.0392 3.75
    endloop
  endfacet
  facet normal -0.321194 -0.947013 0
    outer loop
      vertex 53.8106 38.1591 3.75
      vertex 53.9592 38.1087 5.75
      vertex 53.8106 38.1591 5.75
    endloop
  endfacet
  facet normal -0.321194 -0.947013 -0
    outer loop
      vertex 53.9592 38.1087 5.75
      vertex 53.8106 38.1591 3.75
      vertex 53.9592 38.1087 3.75
    endloop
  endfacet
  facet normal -0.555582 -0.831462 0
    outer loop
      vertex 54.1 38.0392 3.75
      vertex 54.2305 37.952 5.75
      vertex 54.1 38.0392 5.75
    endloop
  endfacet
  facet normal -0.555582 -0.831462 -0
    outer loop
      vertex 54.2305 37.952 5.75
      vertex 54.1 38.0392 3.75
      vertex 54.2305 37.952 3.75
    endloop
  endfacet
  facet normal -0.896708 -0.442622 0
    outer loop
      vertex 54.6087 37.4592 3.75
      vertex 54.5392 37.6 5.75
      vertex 54.5392 37.6 3.75
    endloop
  endfacet
  facet normal -0.896708 -0.442622 0
    outer loop
      vertex 54.5392 37.6 5.75
      vertex 54.6087 37.4592 3.75
      vertex 54.6087 37.4592 5.75
    endloop
  endfacet
  facet normal -0.947013 -0.321194 0
    outer loop
      vertex 54.6591 37.3106 3.75
      vertex 54.6087 37.4592 5.75
      vertex 54.6087 37.4592 3.75
    endloop
  endfacet
  facet normal -0.947013 -0.321194 0
    outer loop
      vertex 54.6087 37.4592 5.75
      vertex 54.6591 37.3106 3.75
      vertex 54.6591 37.3106 5.75
    endloop
  endfacet
  facet normal -0.321194 0.947013 0
    outer loop
      vertex 53.9592 24.8913 3.75
      vertex 53.8106 24.8409 5.75
      vertex 53.9592 24.8913 5.75
    endloop
  endfacet
  facet normal -0.321194 0.947013 0
    outer loop
      vertex 53.8106 24.8409 5.75
      vertex 53.9592 24.8913 3.75
      vertex 53.8106 24.8409 3.75
    endloop
  endfacet
  facet normal -0.947013 0.321194 0
    outer loop
      vertex 54.6087 25.5408 3.75
      vertex 54.6591 25.6894 5.75
      vertex 54.6591 25.6894 3.75
    endloop
  endfacet
  facet normal -0.947013 0.321194 0
    outer loop
      vertex 54.6591 25.6894 5.75
      vertex 54.6087 25.5408 3.75
      vertex 54.6087 25.5408 5.75
    endloop
  endfacet
  facet normal -0.442622 0.896708 0
    outer loop
      vertex 54.1 24.9608 3.75
      vertex 53.9592 24.8913 5.75
      vertex 54.1 24.9608 5.75
    endloop
  endfacet
  facet normal -0.442622 0.896708 0
    outer loop
      vertex 53.9592 24.8913 5.75
      vertex 54.1 24.9608 3.75
      vertex 53.9592 24.8913 3.75
    endloop
  endfacet
  facet normal -0.659406 0.751787 0
    outer loop
      vertex 54.3485 25.1515 3.75
      vertex 54.2305 25.048 5.75
      vertex 54.3485 25.1515 5.75
    endloop
  endfacet
  facet normal -0.659406 0.751787 0
    outer loop
      vertex 54.2305 25.048 5.75
      vertex 54.3485 25.1515 3.75
      vertex 54.2305 25.048 3.75
    endloop
  endfacet
  facet normal -0.751787 0.659406 0
    outer loop
      vertex 54.3485 25.1515 3.75
      vertex 54.452 25.2695 5.75
      vertex 54.452 25.2695 3.75
    endloop
  endfacet
  facet normal -0.751787 0.659406 0
    outer loop
      vertex 54.452 25.2695 5.75
      vertex 54.3485 25.1515 3.75
      vertex 54.3485 25.1515 5.75
    endloop
  endfacet
  facet normal -0.896708 0.442622 0
    outer loop
      vertex 54.5392 25.4 3.75
      vertex 54.6087 25.5408 5.75
      vertex 54.6087 25.5408 3.75
    endloop
  endfacet
  facet normal -0.896708 0.442622 0
    outer loop
      vertex 54.6087 25.5408 5.75
      vertex 54.5392 25.4 3.75
      vertex 54.5392 25.4 5.75
    endloop
  endfacet
  facet normal -0.980825 0.194891 0
    outer loop
      vertex 54.6591 25.6894 3.75
      vertex 54.6897 25.8434 5.75
      vertex 54.6897 25.8434 3.75
    endloop
  endfacet
  facet normal -0.980825 0.194891 0
    outer loop
      vertex 54.6897 25.8434 5.75
      vertex 54.6591 25.6894 3.75
      vertex 54.6591 25.6894 5.75
    endloop
  endfacet
  facet normal 0.555582 0.831462 -0
    outer loop
      vertex 52.9 24.9608 3.75
      vertex 52.7695 25.048 5.75
      vertex 52.9 24.9608 5.75
    endloop
  endfacet
  facet normal 0.555582 0.831462 0
    outer loop
      vertex 52.7695 25.048 5.75
      vertex 52.9 24.9608 3.75
      vertex 52.7695 25.048 3.75
    endloop
  endfacet
  facet normal 0.659406 0.751787 -0
    outer loop
      vertex 52.7695 25.048 3.75
      vertex 52.6515 25.1515 5.75
      vertex 52.7695 25.048 5.75
    endloop
  endfacet
  facet normal 0.659406 0.751787 0
    outer loop
      vertex 52.6515 25.1515 5.75
      vertex 52.7695 25.048 3.75
      vertex 52.6515 25.1515 3.75
    endloop
  endfacet
  facet normal 0.831462 0.555582 0
    outer loop
      vertex 52.548 25.2695 5.75
      vertex 52.4608 25.4 3.75
      vertex 52.4608 25.4 5.75
    endloop
  endfacet
  facet normal 0.831462 0.555582 0
    outer loop
      vertex 52.4608 25.4 3.75
      vertex 52.548 25.2695 5.75
      vertex 52.548 25.2695 3.75
    endloop
  endfacet
  facet normal 0.980825 0.194891 0
    outer loop
      vertex 52.3409 25.6894 5.75
      vertex 52.3103 25.8434 3.75
      vertex 52.3103 25.8434 5.75
    endloop
  endfacet
  facet normal 0.980825 0.194891 0
    outer loop
      vertex 52.3103 25.8434 3.75
      vertex 52.3409 25.6894 5.75
      vertex 52.3409 25.6894 3.75
    endloop
  endfacet
  facet normal 0.980825 -0.194891 0
    outer loop
      vertex 52.3103 37.1566 5.75
      vertex 52.3409 37.3106 3.75
      vertex 52.3409 37.3106 5.75
    endloop
  endfacet
  facet normal 0.980825 -0.194891 0
    outer loop
      vertex 52.3409 37.3106 3.75
      vertex 52.3103 37.1566 5.75
      vertex 52.3103 37.1566 3.75
    endloop
  endfacet
  facet normal 0.947013 -0.321194 0
    outer loop
      vertex 52.3409 37.3106 5.75
      vertex 52.3913 37.4592 3.75
      vertex 52.3913 37.4592 5.75
    endloop
  endfacet
  facet normal 0.947013 -0.321194 0
    outer loop
      vertex 52.3913 37.4592 3.75
      vertex 52.3409 37.3106 5.75
      vertex 52.3409 37.3106 3.75
    endloop
  endfacet
  facet normal 0.194891 -0.980825 0
    outer loop
      vertex 53.1894 38.1591 3.75
      vertex 53.3434 38.1897 5.75
      vertex 53.1894 38.1591 5.75
    endloop
  endfacet
  facet normal 0.194891 -0.980825 0
    outer loop
      vertex 53.3434 38.1897 5.75
      vertex 53.1894 38.1591 3.75
      vertex 53.3434 38.1897 3.75
    endloop
  endfacet
  facet normal -0.194891 -0.980825 0
    outer loop
      vertex 53.6566 38.1897 3.75
      vertex 53.8106 38.1591 5.75
      vertex 53.6566 38.1897 5.75
    endloop
  endfacet
  facet normal -0.194891 -0.980825 -0
    outer loop
      vertex 53.8106 38.1591 5.75
      vertex 53.6566 38.1897 3.75
      vertex 53.8106 38.1591 3.75
    endloop
  endfacet
  facet normal -0.751787 -0.659406 0
    outer loop
      vertex 54.452 37.7305 3.75
      vertex 54.3485 37.8485 5.75
      vertex 54.3485 37.8485 3.75
    endloop
  endfacet
  facet normal -0.751787 -0.659406 0
    outer loop
      vertex 54.3485 37.8485 5.75
      vertex 54.452 37.7305 3.75
      vertex 54.452 37.7305 5.75
    endloop
  endfacet
  facet normal -0.831462 -0.555582 0
    outer loop
      vertex 54.5392 37.6 3.75
      vertex 54.452 37.7305 5.75
      vertex 54.452 37.7305 3.75
    endloop
  endfacet
  facet normal -0.831462 -0.555582 0
    outer loop
      vertex 54.452 37.7305 5.75
      vertex 54.5392 37.6 3.75
      vertex 54.5392 37.6 5.75
    endloop
  endfacet
  facet normal -0.980825 -0.194891 0
    outer loop
      vertex 54.6897 37.1566 3.75
      vertex 54.6591 37.3106 5.75
      vertex 54.6591 37.3106 3.75
    endloop
  endfacet
  facet normal -0.980825 -0.194891 0
    outer loop
      vertex 54.6591 37.3106 5.75
      vertex 54.6897 37.1566 3.75
      vertex 54.6897 37.1566 5.75
    endloop
  endfacet
  facet normal -0.831462 0.555582 0
    outer loop
      vertex 54.452 25.2695 3.75
      vertex 54.5392 25.4 5.75
      vertex 54.5392 25.4 3.75
    endloop
  endfacet
  facet normal -0.831462 0.555582 0
    outer loop
      vertex 54.5392 25.4 5.75
      vertex 54.452 25.2695 3.75
      vertex 54.452 25.2695 5.75
    endloop
  endfacet
  facet normal 0.321194 0.947013 -0
    outer loop
      vertex 53.1894 24.8409 3.75
      vertex 53.0408 24.8913 5.75
      vertex 53.1894 24.8409 5.75
    endloop
  endfacet
  facet normal 0.321194 0.947013 0
    outer loop
      vertex 53.0408 24.8913 5.75
      vertex 53.1894 24.8409 3.75
      vertex 53.0408 24.8913 3.75
    endloop
  endfacet
  facet normal 0.0656309 0.997844 -0
    outer loop
      vertex 53.5 24.8 3.75
      vertex 53.3434 24.8103 5.75
      vertex 53.5 24.8 5.75
    endloop
  endfacet
  facet normal 0.0656309 0.997844 0
    outer loop
      vertex 53.3434 24.8103 5.75
      vertex 53.5 24.8 3.75
      vertex 53.3434 24.8103 3.75
    endloop
  endfacet
  facet normal 0.194891 0.980825 -0
    outer loop
      vertex 53.3434 24.8103 3.75
      vertex 53.1894 24.8409 5.75
      vertex 53.3434 24.8103 5.75
    endloop
  endfacet
  facet normal 0.194891 0.980825 0
    outer loop
      vertex 53.1894 24.8409 5.75
      vertex 53.3434 24.8103 3.75
      vertex 53.1894 24.8409 3.75
    endloop
  endfacet
  facet normal 0.751787 0.659406 0
    outer loop
      vertex 52.6515 25.1515 5.75
      vertex 52.548 25.2695 3.75
      vertex 52.548 25.2695 5.75
    endloop
  endfacet
  facet normal 0.751787 0.659406 0
    outer loop
      vertex 52.548 25.2695 3.75
      vertex 52.6515 25.1515 5.75
      vertex 52.6515 25.1515 3.75
    endloop
  endfacet
  facet normal 0.947013 0.321194 0
    outer loop
      vertex 52.3913 25.5408 5.75
      vertex 52.3409 25.6894 3.75
      vertex 52.3409 25.6894 5.75
    endloop
  endfacet
  facet normal 0.947013 0.321194 0
    outer loop
      vertex 52.3409 25.6894 3.75
      vertex 52.3913 25.5408 5.75
      vertex 52.3913 25.5408 3.75
    endloop
  endfacet
  facet normal 0.442622 0.896708 -0
    outer loop
      vertex 53.0408 24.8913 3.75
      vertex 52.9 24.9608 5.75
      vertex 53.0408 24.8913 5.75
    endloop
  endfacet
  facet normal 0.442622 0.896708 0
    outer loop
      vertex 52.9 24.9608 5.75
      vertex 53.0408 24.8913 3.75
      vertex 52.9 24.9608 3.75
    endloop
  endfacet
  facet normal -0.0656309 0.997844 0
    outer loop
      vertex 53.6566 24.8103 3.75
      vertex 53.5 24.8 5.75
      vertex 53.6566 24.8103 5.75
    endloop
  endfacet
  facet normal -0.0656309 0.997844 0
    outer loop
      vertex 53.5 24.8 5.75
      vertex 53.6566 24.8103 3.75
      vertex 53.5 24.8 3.75
    endloop
  endfacet
  facet normal 0.0656183 -0.997845 0
    outer loop
      vertex 2.34337 47.1897 3.75
      vertex 2.5 47.2 5.75
      vertex 2.34337 47.1897 5.75
    endloop
  endfacet
  facet normal 0.0656183 -0.997845 0
    outer loop
      vertex 2.5 47.2 5.75
      vertex 2.34337 47.1897 3.75
      vertex 2.5 47.2 3.75
    endloop
  endfacet
  facet normal 0.997856 0.0654405 0
    outer loop
      vertex 1.31027 34.8434 5.75
      vertex 1.3 35 3.75
      vertex 1.3 35 5.75
    endloop
  endfacet
  facet normal 0.997856 0.0654405 0
    outer loop
      vertex 1.3 35 3.75
      vertex 1.31027 34.8434 5.75
      vertex 1.31027 34.8434 3.75
    endloop
  endfacet
  facet normal 0.194952 0.980813 -0
    outer loop
      vertex 2.34337 33.8103 3.75
      vertex 2.18942 33.8409 5.75
      vertex 2.34337 33.8103 5.75
    endloop
  endfacet
  facet normal 0.194952 0.980813 0
    outer loop
      vertex 2.18942 33.8409 5.75
      vertex 2.34337 33.8103 3.75
      vertex 2.18942 33.8409 3.75
    endloop
  endfacet
  facet normal 0.659343 0.751842 -0
    outer loop
      vertex 1.76949 34.048 3.75
      vertex 1.65147 34.1515 5.75
      vertex 1.76949 34.048 5.75
    endloop
  endfacet
  facet normal 0.659343 0.751842 0
    outer loop
      vertex 1.65147 34.1515 5.75
      vertex 1.76949 34.048 3.75
      vertex 1.65147 34.1515 3.75
    endloop
  endfacet
  facet normal 0.997856 -0.0654405 0
    outer loop
      vertex 1.3 46 5.75
      vertex 1.31027 46.1566 3.75
      vertex 1.31027 46.1566 5.75
    endloop
  endfacet
  facet normal 0.997856 -0.0654405 0
    outer loop
      vertex 1.31027 46.1566 3.75
      vertex 1.3 46 5.75
      vertex 1.3 46 3.75
    endloop
  endfacet
  facet normal -0.997856 -0.0654405 0
    outer loop
      vertex 3.7 46 3.75
      vertex 3.68973 46.1566 5.75
      vertex 3.68973 46.1566 3.75
    endloop
  endfacet
  facet normal -0.997856 -0.0654405 0
    outer loop
      vertex 3.68973 46.1566 5.75
      vertex 3.7 46 3.75
      vertex 3.7 46 5.75
    endloop
  endfacet
  facet normal 0.831432 -0.555626 0
    outer loop
      vertex 1.46077 46.6 5.75
      vertex 1.54798 46.7305 3.75
      vertex 1.54798 46.7305 5.75
    endloop
  endfacet
  facet normal 0.831432 -0.555626 0
    outer loop
      vertex 1.54798 46.7305 3.75
      vertex 1.46077 46.6 5.75
      vertex 1.46077 46.6 3.75
    endloop
  endfacet
  facet normal 0.321117 0.94704 -0
    outer loop
      vertex 2.18942 33.8409 3.75
      vertex 2.04078 33.8913 5.75
      vertex 2.18942 33.8409 5.75
    endloop
  endfacet
  facet normal 0.321117 0.94704 0
    outer loop
      vertex 2.04078 33.8913 5.75
      vertex 2.18942 33.8409 3.75
      vertex 2.04078 33.8913 3.75
    endloop
  endfacet
  facet normal -0.0656183 0.997845 0
    outer loop
      vertex 2.65663 33.8103 3.75
      vertex 2.5 33.8 5.75
      vertex 2.65663 33.8103 5.75
    endloop
  endfacet
  facet normal -0.0656183 0.997845 0
    outer loop
      vertex 2.5 33.8 5.75
      vertex 2.65663 33.8103 3.75
      vertex 2.5 33.8 3.75
    endloop
  endfacet
  facet normal 1 -0 0
    outer loop
      vertex 1.3 35 5.75
      vertex 1.3 46 3.75
      vertex 1.3 46 5.75
    endloop
  endfacet
  facet normal 1 0 0
    outer loop
      vertex 1.3 46 3.75
      vertex 1.3 35 5.75
      vertex 1.3 35 3.75
    endloop
  endfacet
  facet normal -0.980801 0.195014 0
    outer loop
      vertex 3.65911 34.6894 3.75
      vertex 3.68973 34.8434 5.75
      vertex 3.68973 34.8434 3.75
    endloop
  endfacet
  facet normal -0.980801 0.195014 0
    outer loop
      vertex 3.68973 34.8434 5.75
      vertex 3.65911 34.6894 3.75
      vertex 3.65911 34.6894 5.75
    endloop
  endfacet
  facet normal -0.321117 -0.94704 0
    outer loop
      vertex 2.81058 47.1591 3.75
      vertex 2.95922 47.1087 5.75
      vertex 2.81058 47.1591 5.75
    endloop
  endfacet
  facet normal -0.321117 -0.94704 -0
    outer loop
      vertex 2.95922 47.1087 5.75
      vertex 2.81058 47.1591 3.75
      vertex 2.95922 47.1087 3.75
    endloop
  endfacet
  facet normal 0.751818 -0.65937 0
    outer loop
      vertex 1.54798 46.7305 5.75
      vertex 1.65147 46.8485 3.75
      vertex 1.65147 46.8485 5.75
    endloop
  endfacet
  facet normal 0.751818 -0.65937 0
    outer loop
      vertex 1.65147 46.8485 3.75
      vertex 1.54798 46.7305 5.75
      vertex 1.54798 46.7305 3.75
    endloop
  endfacet
  facet normal 0.89691 -0.442212 0
    outer loop
      vertex 1.39135 46.4592 5.75
      vertex 1.46077 46.6 3.75
      vertex 1.46077 46.6 5.75
    endloop
  endfacet
  facet normal 0.89691 -0.442212 0
    outer loop
      vertex 1.46077 46.6 3.75
      vertex 1.39135 46.4592 5.75
      vertex 1.39135 46.4592 3.75
    endloop
  endfacet
  facet normal -0.442673 0.896683 0
    outer loop
      vertex 3.1 33.9608 3.75
      vertex 2.95922 33.8913 5.75
      vertex 3.1 33.9608 5.75
    endloop
  endfacet
  facet normal -0.442673 0.896683 0
    outer loop
      vertex 2.95922 33.8913 5.75
      vertex 3.1 33.9608 3.75
      vertex 2.95922 33.8913 3.75
    endloop
  endfacet
  facet normal -0.751818 0.65937 0
    outer loop
      vertex 3.34853 34.1515 3.75
      vertex 3.45202 34.2695 5.75
      vertex 3.45202 34.2695 3.75
    endloop
  endfacet
  facet normal -0.751818 0.65937 0
    outer loop
      vertex 3.45202 34.2695 5.75
      vertex 3.34853 34.1515 3.75
      vertex 3.34853 34.1515 5.75
    endloop
  endfacet
  facet normal 0.831432 0.555626 0
    outer loop
      vertex 1.54798 34.2695 5.75
      vertex 1.46077 34.4 3.75
      vertex 1.46077 34.4 5.75
    endloop
  endfacet
  facet normal 0.831432 0.555626 0
    outer loop
      vertex 1.46077 34.4 3.75
      vertex 1.54798 34.2695 5.75
      vertex 1.54798 34.2695 3.75
    endloop
  endfacet
  facet normal -1 0 0
    outer loop
      vertex 3.7 35 3.75
      vertex 3.7 46 5.75
      vertex 3.7 46 3.75
    endloop
  endfacet
  facet normal -1 -0 0
    outer loop
      vertex 3.7 46 5.75
      vertex 3.7 35 3.75
      vertex 3.7 35 5.75
    endloop
  endfacet
  facet normal -0.997856 0.0654405 0
    outer loop
      vertex 3.68973 34.8434 3.75
      vertex 3.7 35 5.75
      vertex 3.7 35 3.75
    endloop
  endfacet
  facet normal -0.997856 0.0654405 0
    outer loop
      vertex 3.7 35 5.75
      vertex 3.68973 34.8434 3.75
      vertex 3.68973 34.8434 5.75
    endloop
  endfacet
  facet normal -0.659343 -0.751842 0
    outer loop
      vertex 3.23051 46.952 3.75
      vertex 3.34853 46.8485 5.75
      vertex 3.23051 46.952 5.75
    endloop
  endfacet
  facet normal -0.659343 -0.751842 -0
    outer loop
      vertex 3.34853 46.8485 5.75
      vertex 3.23051 46.952 3.75
      vertex 3.34853 46.8485 3.75
    endloop
  endfacet
  facet normal 0.980801 -0.195014 0
    outer loop
      vertex 1.31027 46.1566 5.75
      vertex 1.34089 46.3106 3.75
      vertex 1.34089 46.3106 5.75
    endloop
  endfacet
  facet normal 0.980801 -0.195014 0
    outer loop
      vertex 1.34089 46.3106 3.75
      vertex 1.31027 46.1566 5.75
      vertex 1.31027 46.1566 3.75
    endloop
  endfacet
  facet normal 0.442673 -0.896683 0
    outer loop
      vertex 1.9 47.0392 3.75
      vertex 2.04078 47.1087 5.75
      vertex 1.9 47.0392 5.75
    endloop
  endfacet
  facet normal 0.442673 -0.896683 0
    outer loop
      vertex 2.04078 47.1087 5.75
      vertex 1.9 47.0392 3.75
      vertex 2.04078 47.1087 3.75
    endloop
  endfacet
  facet normal 0.659343 -0.751842 0
    outer loop
      vertex 1.65147 46.8485 3.75
      vertex 1.76949 46.952 5.75
      vertex 1.65147 46.8485 5.75
    endloop
  endfacet
  facet normal 0.659343 -0.751842 0
    outer loop
      vertex 1.76949 46.952 5.75
      vertex 1.65147 46.8485 3.75
      vertex 1.76949 46.952 3.75
    endloop
  endfacet
  facet normal 0.946897 -0.321537 0
    outer loop
      vertex 1.34089 46.3106 5.75
      vertex 1.39135 46.4592 3.75
      vertex 1.39135 46.4592 5.75
    endloop
  endfacet
  facet normal 0.946897 -0.321537 0
    outer loop
      vertex 1.39135 46.4592 3.75
      vertex 1.34089 46.3106 5.75
      vertex 1.34089 46.3106 3.75
    endloop
  endfacet
  facet normal 0.0656183 0.997845 -0
    outer loop
      vertex 2.5 33.8 3.75
      vertex 2.34337 33.8103 5.75
      vertex 2.5 33.8 5.75
    endloop
  endfacet
  facet normal 0.0656183 0.997845 0
    outer loop
      vertex 2.34337 33.8103 5.75
      vertex 2.5 33.8 3.75
      vertex 2.34337 33.8103 3.75
    endloop
  endfacet
  facet normal -0.194952 0.980813 0
    outer loop
      vertex 2.81058 33.8409 3.75
      vertex 2.65663 33.8103 5.75
      vertex 2.81058 33.8409 5.75
    endloop
  endfacet
  facet normal -0.194952 0.980813 0
    outer loop
      vertex 2.65663 33.8103 5.75
      vertex 2.81058 33.8409 3.75
      vertex 2.65663 33.8103 3.75
    endloop
  endfacet
  facet normal -0.831432 0.555626 0
    outer loop
      vertex 3.45202 34.2695 3.75
      vertex 3.53923 34.4 5.75
      vertex 3.53923 34.4 3.75
    endloop
  endfacet
  facet normal -0.831432 0.555626 0
    outer loop
      vertex 3.53923 34.4 5.75
      vertex 3.45202 34.2695 3.75
      vertex 3.45202 34.2695 5.75
    endloop
  endfacet
  facet normal 0.442673 0.896683 -0
    outer loop
      vertex 2.04078 33.8913 3.75
      vertex 1.9 33.9608 5.75
      vertex 2.04078 33.8913 5.75
    endloop
  endfacet
  facet normal 0.442673 0.896683 0
    outer loop
      vertex 1.9 33.9608 5.75
      vertex 2.04078 33.8913 3.75
      vertex 1.9 33.9608 3.75
    endloop
  endfacet
  facet normal 0.555553 0.831481 -0
    outer loop
      vertex 1.9 33.9608 3.75
      vertex 1.76949 34.048 5.75
      vertex 1.9 33.9608 5.75
    endloop
  endfacet
  facet normal 0.555553 0.831481 0
    outer loop
      vertex 1.76949 34.048 5.75
      vertex 1.9 33.9608 3.75
      vertex 1.76949 34.048 3.75
    endloop
  endfacet
  facet normal 0.751818 0.65937 0
    outer loop
      vertex 1.65147 34.1515 5.75
      vertex 1.54798 34.2695 3.75
      vertex 1.54798 34.2695 5.75
    endloop
  endfacet
  facet normal 0.751818 0.65937 0
    outer loop
      vertex 1.54798 34.2695 3.75
      vertex 1.65147 34.1515 5.75
      vertex 1.65147 34.1515 3.75
    endloop
  endfacet
  facet normal 0.89691 0.442212 0
    outer loop
      vertex 1.46077 34.4 5.75
      vertex 1.39135 34.5408 3.75
      vertex 1.39135 34.5408 5.75
    endloop
  endfacet
  facet normal 0.89691 0.442212 0
    outer loop
      vertex 1.39135 34.5408 3.75
      vertex 1.46077 34.4 5.75
      vertex 1.46077 34.4 3.75
    endloop
  endfacet
  facet normal 0.980801 0.195014 0
    outer loop
      vertex 1.34089 34.6894 5.75
      vertex 1.31027 34.8434 3.75
      vertex 1.31027 34.8434 5.75
    endloop
  endfacet
  facet normal 0.980801 0.195014 0
    outer loop
      vertex 1.31027 34.8434 3.75
      vertex 1.34089 34.6894 5.75
      vertex 1.34089 34.6894 3.75
    endloop
  endfacet
  facet normal -0.0656183 -0.997845 0
    outer loop
      vertex 2.5 47.2 3.75
      vertex 2.65663 47.1897 5.75
      vertex 2.5 47.2 5.75
    endloop
  endfacet
  facet normal -0.0656183 -0.997845 -0
    outer loop
      vertex 2.65663 47.1897 5.75
      vertex 2.5 47.2 3.75
      vertex 2.65663 47.1897 3.75
    endloop
  endfacet
  facet normal -0.194952 -0.980813 0
    outer loop
      vertex 2.65663 47.1897 3.75
      vertex 2.81058 47.1591 5.75
      vertex 2.65663 47.1897 5.75
    endloop
  endfacet
  facet normal -0.194952 -0.980813 -0
    outer loop
      vertex 2.81058 47.1591 5.75
      vertex 2.65663 47.1897 3.75
      vertex 2.81058 47.1591 3.75
    endloop
  endfacet
  facet normal 0.555553 -0.831481 0
    outer loop
      vertex 1.76949 46.952 3.75
      vertex 1.9 47.0392 5.75
      vertex 1.76949 46.952 5.75
    endloop
  endfacet
  facet normal 0.555553 -0.831481 0
    outer loop
      vertex 1.9 47.0392 5.75
      vertex 1.76949 46.952 3.75
      vertex 1.9 47.0392 3.75
    endloop
  endfacet
  facet normal -0.321117 0.94704 0
    outer loop
      vertex 2.95922 33.8913 3.75
      vertex 2.81058 33.8409 5.75
      vertex 2.95922 33.8913 5.75
    endloop
  endfacet
  facet normal -0.321117 0.94704 0
    outer loop
      vertex 2.81058 33.8409 5.75
      vertex 2.95922 33.8913 3.75
      vertex 2.81058 33.8409 3.75
    endloop
  endfacet
  facet normal -0.896885 0.442264 0
    outer loop
      vertex 3.53923 34.4 3.75
      vertex 3.60866 34.5408 5.75
      vertex 3.60866 34.5408 3.75
    endloop
  endfacet
  facet normal -0.896885 0.442264 0
    outer loop
      vertex 3.60866 34.5408 5.75
      vertex 3.53923 34.4 3.75
      vertex 3.53923 34.4 5.75
    endloop
  endfacet
  facet normal -0.946916 0.32148 0
    outer loop
      vertex 3.60866 34.5408 3.75
      vertex 3.65911 34.6894 5.75
      vertex 3.65911 34.6894 3.75
    endloop
  endfacet
  facet normal -0.946916 0.32148 0
    outer loop
      vertex 3.65911 34.6894 5.75
      vertex 3.60866 34.5408 3.75
      vertex 3.60866 34.5408 5.75
    endloop
  endfacet
  facet normal 0.946897 0.321537 0
    outer loop
      vertex 1.39135 34.5408 5.75
      vertex 1.34089 34.6894 3.75
      vertex 1.34089 34.6894 5.75
    endloop
  endfacet
  facet normal 0.946897 0.321537 0
    outer loop
      vertex 1.34089 34.6894 3.75
      vertex 1.39135 34.5408 5.75
      vertex 1.39135 34.5408 3.75
    endloop
  endfacet
  facet normal -0.896885 -0.442264 0
    outer loop
      vertex 3.60866 46.4592 3.75
      vertex 3.53923 46.6 5.75
      vertex 3.53923 46.6 3.75
    endloop
  endfacet
  facet normal -0.896885 -0.442264 0
    outer loop
      vertex 3.53923 46.6 5.75
      vertex 3.60866 46.4592 3.75
      vertex 3.60866 46.4592 5.75
    endloop
  endfacet
  facet normal -0.442673 -0.896683 0
    outer loop
      vertex 2.95922 47.1087 3.75
      vertex 3.1 47.0392 5.75
      vertex 2.95922 47.1087 5.75
    endloop
  endfacet
  facet normal -0.442673 -0.896683 -0
    outer loop
      vertex 3.1 47.0392 5.75
      vertex 2.95922 47.1087 3.75
      vertex 3.1 47.0392 3.75
    endloop
  endfacet
  facet normal -0.555553 -0.831481 0
    outer loop
      vertex 3.1 47.0392 3.75
      vertex 3.23051 46.952 5.75
      vertex 3.1 47.0392 5.75
    endloop
  endfacet
  facet normal -0.555553 -0.831481 -0
    outer loop
      vertex 3.23051 46.952 5.75
      vertex 3.1 47.0392 3.75
      vertex 3.23051 46.952 3.75
    endloop
  endfacet
  facet normal 0.321117 -0.94704 0
    outer loop
      vertex 2.04078 47.1087 3.75
      vertex 2.18942 47.1591 5.75
      vertex 2.04078 47.1087 5.75
    endloop
  endfacet
  facet normal 0.321117 -0.94704 0
    outer loop
      vertex 2.18942 47.1591 5.75
      vertex 2.04078 47.1087 3.75
      vertex 2.18942 47.1591 3.75
    endloop
  endfacet
  facet normal 0.194952 -0.980813 0
    outer loop
      vertex 2.18942 47.1591 3.75
      vertex 2.34337 47.1897 5.75
      vertex 2.18942 47.1591 5.75
    endloop
  endfacet
  facet normal 0.194952 -0.980813 0
    outer loop
      vertex 2.34337 47.1897 5.75
      vertex 2.18942 47.1591 3.75
      vertex 2.34337 47.1897 3.75
    endloop
  endfacet
  facet normal -0.659343 0.751842 0
    outer loop
      vertex 3.34853 34.1515 3.75
      vertex 3.23051 34.048 5.75
      vertex 3.34853 34.1515 5.75
    endloop
  endfacet
  facet normal -0.659343 0.751842 0
    outer loop
      vertex 3.23051 34.048 5.75
      vertex 3.34853 34.1515 3.75
      vertex 3.23051 34.048 3.75
    endloop
  endfacet
  facet normal -0.555553 0.831481 0
    outer loop
      vertex 3.23051 34.048 3.75
      vertex 3.1 33.9608 5.75
      vertex 3.23051 34.048 5.75
    endloop
  endfacet
  facet normal -0.555553 0.831481 0
    outer loop
      vertex 3.1 33.9608 5.75
      vertex 3.23051 34.048 3.75
      vertex 3.1 33.9608 3.75
    endloop
  endfacet
  facet normal -0.751818 -0.65937 0
    outer loop
      vertex 3.45202 46.7305 3.75
      vertex 3.34853 46.8485 5.75
      vertex 3.34853 46.8485 3.75
    endloop
  endfacet
  facet normal -0.751818 -0.65937 0
    outer loop
      vertex 3.34853 46.8485 5.75
      vertex 3.45202 46.7305 3.75
      vertex 3.45202 46.7305 5.75
    endloop
  endfacet
  facet normal -0.831432 -0.555626 0
    outer loop
      vertex 3.53923 46.6 3.75
      vertex 3.45202 46.7305 5.75
      vertex 3.45202 46.7305 3.75
    endloop
  endfacet
  facet normal -0.831432 -0.555626 0
    outer loop
      vertex 3.45202 46.7305 5.75
      vertex 3.53923 46.6 3.75
      vertex 3.53923 46.6 5.75
    endloop
  endfacet
  facet normal -0.946916 -0.32148 0
    outer loop
      vertex 3.65911 46.3106 3.75
      vertex 3.60866 46.4592 5.75
      vertex 3.60866 46.4592 3.75
    endloop
  endfacet
  facet normal -0.946916 -0.32148 0
    outer loop
      vertex 3.60866 46.4592 5.75
      vertex 3.65911 46.3106 3.75
      vertex 3.65911 46.3106 5.75
    endloop
  endfacet
  facet normal -0.980801 -0.195014 0
    outer loop
      vertex 3.68973 46.1566 3.75
      vertex 3.65911 46.3106 5.75
      vertex 3.65911 46.3106 3.75
    endloop
  endfacet
  facet normal -0.980801 -0.195014 0
    outer loop
      vertex 3.65911 46.3106 5.75
      vertex 3.68973 46.1566 3.75
      vertex 3.68973 46.1566 5.75
    endloop
  endfacet
  facet normal 0.0656309 -0.997844 0
    outer loop
      vertex 57.3434 47.1897 3.75
      vertex 57.5 47.2 5.75
      vertex 57.3434 47.1897 5.75
    endloop
  endfacet
  facet normal 0.0656309 -0.997844 0
    outer loop
      vertex 57.5 47.2 5.75
      vertex 57.3434 47.1897 3.75
      vertex 57.5 47.2 3.75
    endloop
  endfacet
  facet normal -0.997844 -0.0656309 0
    outer loop
      vertex 58.7 46 3.75
      vertex 58.6897 46.1566 5.75
      vertex 58.6897 46.1566 3.75
    endloop
  endfacet
  facet normal -0.997844 -0.0656309 0
    outer loop
      vertex 58.6897 46.1566 5.75
      vertex 58.7 46 3.75
      vertex 58.7 46 5.75
    endloop
  endfacet
  facet normal -0.194891 0.980825 0
    outer loop
      vertex 57.8106 33.8409 3.75
      vertex 57.6566 33.8103 5.75
      vertex 57.8106 33.8409 5.75
    endloop
  endfacet
  facet normal -0.194891 0.980825 0
    outer loop
      vertex 57.6566 33.8103 5.75
      vertex 57.8106 33.8409 3.75
      vertex 57.6566 33.8103 3.75
    endloop
  endfacet
  facet normal -0.751787 -0.659406 0
    outer loop
      vertex 58.452 46.7305 3.75
      vertex 58.3485 46.8485 5.75
      vertex 58.3485 46.8485 3.75
    endloop
  endfacet
  facet normal -0.751787 -0.659406 0
    outer loop
      vertex 58.3485 46.8485 5.75
      vertex 58.452 46.7305 3.75
      vertex 58.452 46.7305 5.75
    endloop
  endfacet
  facet normal -1 0 0
    outer loop
      vertex 58.7 35 3.75
      vertex 58.7 46 5.75
      vertex 58.7 46 3.75
    endloop
  endfacet
  facet normal -1 -0 0
    outer loop
      vertex 58.7 46 5.75
      vertex 58.7 35 3.75
      vertex 58.7 35 5.75
    endloop
  endfacet
  facet normal -0.751787 0.659406 0
    outer loop
      vertex 58.3485 34.1515 3.75
      vertex 58.452 34.2695 5.75
      vertex 58.452 34.2695 3.75
    endloop
  endfacet
  facet normal -0.751787 0.659406 0
    outer loop
      vertex 58.452 34.2695 5.75
      vertex 58.3485 34.1515 3.75
      vertex 58.3485 34.1515 5.75
    endloop
  endfacet
  facet normal -0.896708 -0.442622 0
    outer loop
      vertex 58.6087 46.4592 3.75
      vertex 58.5392 46.6 5.75
      vertex 58.5392 46.6 3.75
    endloop
  endfacet
  facet normal -0.896708 -0.442622 0
    outer loop
      vertex 58.5392 46.6 5.75
      vertex 58.6087 46.4592 3.75
      vertex 58.6087 46.4592 5.75
    endloop
  endfacet
  facet normal 1 -0 0
    outer loop
      vertex 56.3 35 5.75
      vertex 56.3 46 3.75
      vertex 56.3 46 5.75
    endloop
  endfacet
  facet normal 1 0 0
    outer loop
      vertex 56.3 46 3.75
      vertex 56.3 35 5.75
      vertex 56.3 35 3.75
    endloop
  endfacet
  facet normal 0.997844 -0.0656309 0
    outer loop
      vertex 56.3 46 5.75
      vertex 56.3103 46.1566 3.75
      vertex 56.3103 46.1566 5.75
    endloop
  endfacet
  facet normal 0.997844 -0.0656309 0
    outer loop
      vertex 56.3103 46.1566 3.75
      vertex 56.3 46 5.75
      vertex 56.3 46 3.75
    endloop
  endfacet
  facet normal 0.997844 0.0656309 0
    outer loop
      vertex 56.3103 34.8434 5.75
      vertex 56.3 35 3.75
      vertex 56.3 35 5.75
    endloop
  endfacet
  facet normal 0.997844 0.0656309 0
    outer loop
      vertex 56.3 35 3.75
      vertex 56.3103 34.8434 5.75
      vertex 56.3103 34.8434 3.75
    endloop
  endfacet
  facet normal 0.194891 0.980825 -0
    outer loop
      vertex 57.3434 33.8103 3.75
      vertex 57.1894 33.8409 5.75
      vertex 57.3434 33.8103 5.75
    endloop
  endfacet
  facet normal 0.194891 0.980825 0
    outer loop
      vertex 57.1894 33.8409 5.75
      vertex 57.3434 33.8103 3.75
      vertex 57.1894 33.8409 3.75
    endloop
  endfacet
  facet normal -0.555582 0.831462 0
    outer loop
      vertex 58.2305 34.048 3.75
      vertex 58.1 33.9608 5.75
      vertex 58.2305 34.048 5.75
    endloop
  endfacet
  facet normal -0.555582 0.831462 0
    outer loop
      vertex 58.1 33.9608 5.75
      vertex 58.2305 34.048 3.75
      vertex 58.1 33.9608 3.75
    endloop
  endfacet
  facet normal -0.659406 0.751787 0
    outer loop
      vertex 58.3485 34.1515 3.75
      vertex 58.2305 34.048 5.75
      vertex 58.3485 34.1515 5.75
    endloop
  endfacet
  facet normal -0.659406 0.751787 0
    outer loop
      vertex 58.2305 34.048 5.75
      vertex 58.3485 34.1515 3.75
      vertex 58.2305 34.048 3.75
    endloop
  endfacet
  facet normal 0.831462 -0.555582 0
    outer loop
      vertex 56.4608 46.6 5.75
      vertex 56.548 46.7305 3.75
      vertex 56.548 46.7305 5.75
    endloop
  endfacet
  facet normal 0.831462 -0.555582 0
    outer loop
      vertex 56.548 46.7305 3.75
      vertex 56.4608 46.6 5.75
      vertex 56.4608 46.6 3.75
    endloop
  endfacet
  facet normal 0.751787 -0.659406 0
    outer loop
      vertex 56.548 46.7305 5.75
      vertex 56.6515 46.8485 3.75
      vertex 56.6515 46.8485 5.75
    endloop
  endfacet
  facet normal 0.751787 -0.659406 0
    outer loop
      vertex 56.6515 46.8485 3.75
      vertex 56.548 46.7305 5.75
      vertex 56.548 46.7305 3.75
    endloop
  endfacet
  facet normal 0.896708 -0.442622 0
    outer loop
      vertex 56.3913 46.4592 5.75
      vertex 56.4608 46.6 3.75
      vertex 56.4608 46.6 5.75
    endloop
  endfacet
  facet normal 0.896708 -0.442622 0
    outer loop
      vertex 56.4608 46.6 3.75
      vertex 56.3913 46.4592 5.75
      vertex 56.3913 46.4592 3.75
    endloop
  endfacet
  facet normal 0.980825 -0.194891 0
    outer loop
      vertex 56.3103 46.1566 5.75
      vertex 56.3409 46.3106 3.75
      vertex 56.3409 46.3106 5.75
    endloop
  endfacet
  facet normal 0.980825 -0.194891 0
    outer loop
      vertex 56.3409 46.3106 3.75
      vertex 56.3103 46.1566 5.75
      vertex 56.3103 46.1566 3.75
    endloop
  endfacet
  facet normal 0.659406 -0.751787 0
    outer loop
      vertex 56.6515 46.8485 3.75
      vertex 56.7695 46.952 5.75
      vertex 56.6515 46.8485 5.75
    endloop
  endfacet
  facet normal 0.659406 -0.751787 0
    outer loop
      vertex 56.7695 46.952 5.75
      vertex 56.6515 46.8485 3.75
      vertex 56.7695 46.952 3.75
    endloop
  endfacet
  facet normal 0.555582 -0.831462 0
    outer loop
      vertex 56.7695 46.952 3.75
      vertex 56.9 47.0392 5.75
      vertex 56.7695 46.952 5.75
    endloop
  endfacet
  facet normal 0.555582 -0.831462 0
    outer loop
      vertex 56.9 47.0392 5.75
      vertex 56.7695 46.952 3.75
      vertex 56.9 47.0392 3.75
    endloop
  endfacet
  facet normal 0.442622 -0.896708 0
    outer loop
      vertex 56.9 47.0392 3.75
      vertex 57.0408 47.1087 5.75
      vertex 56.9 47.0392 5.75
    endloop
  endfacet
  facet normal 0.442622 -0.896708 0
    outer loop
      vertex 57.0408 47.1087 5.75
      vertex 56.9 47.0392 3.75
      vertex 57.0408 47.1087 3.75
    endloop
  endfacet
  facet normal -0.0656309 -0.997844 0
    outer loop
      vertex 57.5 47.2 3.75
      vertex 57.6566 47.1897 5.75
      vertex 57.5 47.2 5.75
    endloop
  endfacet
  facet normal -0.0656309 -0.997844 -0
    outer loop
      vertex 57.6566 47.1897 5.75
      vertex 57.5 47.2 3.75
      vertex 57.6566 47.1897 3.75
    endloop
  endfacet
  facet normal -0.442622 -0.896708 0
    outer loop
      vertex 57.9592 47.1087 3.75
      vertex 58.1 47.0392 5.75
      vertex 57.9592 47.1087 5.75
    endloop
  endfacet
  facet normal -0.442622 -0.896708 -0
    outer loop
      vertex 58.1 47.0392 5.75
      vertex 57.9592 47.1087 3.75
      vertex 58.1 47.0392 3.75
    endloop
  endfacet
  facet normal -0.831462 -0.555582 0
    outer loop
      vertex 58.5392 46.6 3.75
      vertex 58.452 46.7305 5.75
      vertex 58.452 46.7305 3.75
    endloop
  endfacet
  facet normal -0.831462 -0.555582 0
    outer loop
      vertex 58.452 46.7305 5.75
      vertex 58.5392 46.6 3.75
      vertex 58.5392 46.6 5.75
    endloop
  endfacet
  facet normal -0.0656309 0.997844 0
    outer loop
      vertex 57.6566 33.8103 3.75
      vertex 57.5 33.8 5.75
      vertex 57.6566 33.8103 5.75
    endloop
  endfacet
  facet normal -0.0656309 0.997844 0
    outer loop
      vertex 57.5 33.8 5.75
      vertex 57.6566 33.8103 3.75
      vertex 57.5 33.8 3.75
    endloop
  endfacet
  facet normal 0.555582 0.831462 -0
    outer loop
      vertex 56.9 33.9608 3.75
      vertex 56.7695 34.048 5.75
      vertex 56.9 33.9608 5.75
    endloop
  endfacet
  facet normal 0.555582 0.831462 0
    outer loop
      vertex 56.7695 34.048 5.75
      vertex 56.9 33.9608 3.75
      vertex 56.7695 34.048 3.75
    endloop
  endfacet
  facet normal 0.321194 0.947013 -0
    outer loop
      vertex 57.1894 33.8409 3.75
      vertex 57.0408 33.8913 5.75
      vertex 57.1894 33.8409 5.75
    endloop
  endfacet
  facet normal 0.321194 0.947013 0
    outer loop
      vertex 57.0408 33.8913 5.75
      vertex 57.1894 33.8409 3.75
      vertex 57.0408 33.8913 3.75
    endloop
  endfacet
  facet normal 0.0656309 0.997844 -0
    outer loop
      vertex 57.5 33.8 3.75
      vertex 57.3434 33.8103 5.75
      vertex 57.5 33.8 5.75
    endloop
  endfacet
  facet normal 0.0656309 0.997844 0
    outer loop
      vertex 57.3434 33.8103 5.75
      vertex 57.5 33.8 3.75
      vertex 57.3434 33.8103 3.75
    endloop
  endfacet
  facet normal 0.831462 0.555582 0
    outer loop
      vertex 56.548 34.2695 5.75
      vertex 56.4608 34.4 3.75
      vertex 56.4608 34.4 5.75
    endloop
  endfacet
  facet normal 0.831462 0.555582 0
    outer loop
      vertex 56.4608 34.4 3.75
      vertex 56.548 34.2695 5.75
      vertex 56.548 34.2695 3.75
    endloop
  endfacet
  facet normal 0.659406 0.751787 -0
    outer loop
      vertex 56.7695 34.048 3.75
      vertex 56.6515 34.1515 5.75
      vertex 56.7695 34.048 5.75
    endloop
  endfacet
  facet normal 0.659406 0.751787 0
    outer loop
      vertex 56.6515 34.1515 5.75
      vertex 56.7695 34.048 3.75
      vertex 56.6515 34.1515 3.75
    endloop
  endfacet
  facet normal 0.896708 0.442622 0
    outer loop
      vertex 56.4608 34.4 5.75
      vertex 56.3913 34.5408 3.75
      vertex 56.3913 34.5408 5.75
    endloop
  endfacet
  facet normal 0.896708 0.442622 0
    outer loop
      vertex 56.3913 34.5408 3.75
      vertex 56.4608 34.4 5.75
      vertex 56.4608 34.4 3.75
    endloop
  endfacet
  facet normal 0.980825 0.194891 0
    outer loop
      vertex 56.3409 34.6894 5.75
      vertex 56.3103 34.8434 3.75
      vertex 56.3103 34.8434 5.75
    endloop
  endfacet
  facet normal 0.980825 0.194891 0
    outer loop
      vertex 56.3103 34.8434 3.75
      vertex 56.3409 34.6894 5.75
      vertex 56.3409 34.6894 3.75
    endloop
  endfacet
  facet normal -0.442622 0.896708 0
    outer loop
      vertex 58.1 33.9608 3.75
      vertex 57.9592 33.8913 5.75
      vertex 58.1 33.9608 5.75
    endloop
  endfacet
  facet normal -0.442622 0.896708 0
    outer loop
      vertex 57.9592 33.8913 5.75
      vertex 58.1 33.9608 3.75
      vertex 57.9592 33.8913 3.75
    endloop
  endfacet
  facet normal -0.997844 0.0656309 0
    outer loop
      vertex 58.6897 34.8434 3.75
      vertex 58.7 35 5.75
      vertex 58.7 35 3.75
    endloop
  endfacet
  facet normal -0.997844 0.0656309 0
    outer loop
      vertex 58.7 35 5.75
      vertex 58.6897 34.8434 3.75
      vertex 58.6897 34.8434 5.75
    endloop
  endfacet
  facet normal 0.947013 -0.321194 0
    outer loop
      vertex 56.3409 46.3106 5.75
      vertex 56.3913 46.4592 3.75
      vertex 56.3913 46.4592 5.75
    endloop
  endfacet
  facet normal 0.947013 -0.321194 0
    outer loop
      vertex 56.3913 46.4592 3.75
      vertex 56.3409 46.3106 5.75
      vertex 56.3409 46.3106 3.75
    endloop
  endfacet
  facet normal 0.321194 -0.947013 0
    outer loop
      vertex 57.0408 47.1087 3.75
      vertex 57.1894 47.1591 5.75
      vertex 57.0408 47.1087 5.75
    endloop
  endfacet
  facet normal 0.321194 -0.947013 0
    outer loop
      vertex 57.1894 47.1591 5.75
      vertex 57.0408 47.1087 3.75
      vertex 57.1894 47.1591 3.75
    endloop
  endfacet
  facet normal 0.194891 -0.980825 0
    outer loop
      vertex 57.1894 47.1591 3.75
      vertex 57.3434 47.1897 5.75
      vertex 57.1894 47.1591 5.75
    endloop
  endfacet
  facet normal 0.194891 -0.980825 0
    outer loop
      vertex 57.3434 47.1897 5.75
      vertex 57.1894 47.1591 3.75
      vertex 57.3434 47.1897 3.75
    endloop
  endfacet
  facet normal -0.194891 -0.980825 0
    outer loop
      vertex 57.6566 47.1897 3.75
      vertex 57.8106 47.1591 5.75
      vertex 57.6566 47.1897 5.75
    endloop
  endfacet
  facet normal -0.194891 -0.980825 -0
    outer loop
      vertex 57.8106 47.1591 5.75
      vertex 57.6566 47.1897 3.75
      vertex 57.8106 47.1591 3.75
    endloop
  endfacet
  facet normal -0.321194 -0.947013 0
    outer loop
      vertex 57.8106 47.1591 3.75
      vertex 57.9592 47.1087 5.75
      vertex 57.8106 47.1591 5.75
    endloop
  endfacet
  facet normal -0.321194 -0.947013 -0
    outer loop
      vertex 57.9592 47.1087 5.75
      vertex 57.8106 47.1591 3.75
      vertex 57.9592 47.1087 3.75
    endloop
  endfacet
  facet normal -0.659406 -0.751787 0
    outer loop
      vertex 58.2305 46.952 3.75
      vertex 58.3485 46.8485 5.75
      vertex 58.2305 46.952 5.75
    endloop
  endfacet
  facet normal -0.659406 -0.751787 -0
    outer loop
      vertex 58.3485 46.8485 5.75
      vertex 58.2305 46.952 3.75
      vertex 58.3485 46.8485 3.75
    endloop
  endfacet
  facet normal -0.555582 -0.831462 0
    outer loop
      vertex 58.1 47.0392 3.75
      vertex 58.2305 46.952 5.75
      vertex 58.1 47.0392 5.75
    endloop
  endfacet
  facet normal -0.555582 -0.831462 -0
    outer loop
      vertex 58.2305 46.952 5.75
      vertex 58.1 47.0392 3.75
      vertex 58.2305 46.952 3.75
    endloop
  endfacet
  facet normal -0.947013 -0.321194 0
    outer loop
      vertex 58.6591 46.3106 3.75
      vertex 58.6087 46.4592 5.75
      vertex 58.6087 46.4592 3.75
    endloop
  endfacet
  facet normal -0.947013 -0.321194 0
    outer loop
      vertex 58.6087 46.4592 5.75
      vertex 58.6591 46.3106 3.75
      vertex 58.6591 46.3106 5.75
    endloop
  endfacet
  facet normal -0.980825 -0.194891 0
    outer loop
      vertex 58.6897 46.1566 3.75
      vertex 58.6591 46.3106 5.75
      vertex 58.6591 46.3106 3.75
    endloop
  endfacet
  facet normal -0.980825 -0.194891 0
    outer loop
      vertex 58.6591 46.3106 5.75
      vertex 58.6897 46.1566 3.75
      vertex 58.6897 46.1566 5.75
    endloop
  endfacet
  facet normal 0.442622 0.896708 -0
    outer loop
      vertex 57.0408 33.8913 3.75
      vertex 56.9 33.9608 5.75
      vertex 57.0408 33.8913 5.75
    endloop
  endfacet
  facet normal 0.442622 0.896708 0
    outer loop
      vertex 56.9 33.9608 5.75
      vertex 57.0408 33.8913 3.75
      vertex 56.9 33.9608 3.75
    endloop
  endfacet
  facet normal 0.751787 0.659406 0
    outer loop
      vertex 56.6515 34.1515 5.75
      vertex 56.548 34.2695 3.75
      vertex 56.548 34.2695 5.75
    endloop
  endfacet
  facet normal 0.751787 0.659406 0
    outer loop
      vertex 56.548 34.2695 3.75
      vertex 56.6515 34.1515 5.75
      vertex 56.6515 34.1515 3.75
    endloop
  endfacet
  facet normal 0.947013 0.321194 0
    outer loop
      vertex 56.3913 34.5408 5.75
      vertex 56.3409 34.6894 3.75
      vertex 56.3409 34.6894 5.75
    endloop
  endfacet
  facet normal 0.947013 0.321194 0
    outer loop
      vertex 56.3409 34.6894 3.75
      vertex 56.3913 34.5408 5.75
      vertex 56.3913 34.5408 3.75
    endloop
  endfacet
  facet normal -0.896708 0.442622 0
    outer loop
      vertex 58.5392 34.4 3.75
      vertex 58.6087 34.5408 5.75
      vertex 58.6087 34.5408 3.75
    endloop
  endfacet
  facet normal -0.896708 0.442622 0
    outer loop
      vertex 58.6087 34.5408 5.75
      vertex 58.5392 34.4 3.75
      vertex 58.5392 34.4 5.75
    endloop
  endfacet
  facet normal -0.947013 0.321194 0
    outer loop
      vertex 58.6087 34.5408 3.75
      vertex 58.6591 34.6894 5.75
      vertex 58.6591 34.6894 3.75
    endloop
  endfacet
  facet normal -0.947013 0.321194 0
    outer loop
      vertex 58.6591 34.6894 5.75
      vertex 58.6087 34.5408 3.75
      vertex 58.6087 34.5408 5.75
    endloop
  endfacet
  facet normal -0.980825 0.194891 0
    outer loop
      vertex 58.6591 34.6894 3.75
      vertex 58.6897 34.8434 5.75
      vertex 58.6897 34.8434 3.75
    endloop
  endfacet
  facet normal -0.980825 0.194891 0
    outer loop
      vertex 58.6897 34.8434 5.75
      vertex 58.6591 34.6894 3.75
      vertex 58.6591 34.6894 5.75
    endloop
  endfacet
  facet normal -0.321194 0.947013 0
    outer loop
      vertex 57.9592 33.8913 3.75
      vertex 57.8106 33.8409 5.75
      vertex 57.9592 33.8913 5.75
    endloop
  endfacet
  facet normal -0.321194 0.947013 0
    outer loop
      vertex 57.8106 33.8409 5.75
      vertex 57.9592 33.8913 3.75
      vertex 57.8106 33.8409 3.75
    endloop
  endfacet
  facet normal -0.831462 0.555582 0
    outer loop
      vertex 58.452 34.2695 3.75
      vertex 58.5392 34.4 5.75
      vertex 58.5392 34.4 3.75
    endloop
  endfacet
  facet normal -0.831462 0.555582 0
    outer loop
      vertex 58.5392 34.4 5.75
      vertex 58.452 34.2695 3.75
      vertex 58.452 34.2695 5.75
    endloop
  endfacet
  facet normal 1 -0 0
    outer loop
      vertex 16 32 5.75
      vertex 16 48 3.75
      vertex 16 48 5.75
    endloop
  endfacet
  facet normal 1 0 0
    outer loop
      vertex 16 48 3.75
      vertex 16 32 5.75
      vertex 16 32 3.75
    endloop
  endfacet
  facet normal -1 0 0
    outer loop
      vertex 44 32 3.75
      vertex 44 48 5.75
      vertex 44 48 3.75
    endloop
  endfacet
  facet normal -1 -0 0
    outer loop
      vertex 44 48 5.75
      vertex 44 32 3.75
      vertex 44 32 5.75
    endloop
  endfacet
  facet normal 0 1 -0
    outer loop
      vertex 44 32 3.75
      vertex 16 32 5.75
      vertex 44 32 5.75
    endloop
  endfacet
  facet normal 0 1 0
    outer loop
      vertex 16 32 5.75
      vertex 44 32 3.75
      vertex 16 32 3.75
    endloop
  endfacet
endsolid OpenSCAD_Model
