solid OpenSCAD_Model
  facet normal -0.997856 -0.0654405 0
    outer loop
      vertex 4.95 19 -7.62939e-07
      vertex 4.93973 19.1566 0.999999
      vertex 4.93973 19.1566 -7.62939e-07
    endloop
  endfacet
  facet normal -0.997856 -0.0654405 0
    outer loop
      vertex 4.93973 19.1566 0.999999
      vertex 4.95 19 -7.62939e-07
      vertex 4.95 19 0.999999
    endloop
  endfacet
  facet normal 0.0656183 -0.997845 0
    outer loop
      vertex 3.59337 20.1897 -7.62939e-07
      vertex 3.75 20.2 0.999999
      vertex 3.59337 20.1897 0.999999
    endloop
  endfacet
  facet normal 0.0656183 -0.997845 0
    outer loop
      vertex 3.75 20.2 0.999999
      vertex 3.59337 20.1897 -7.62939e-07
      vertex 3.75 20.2 -7.62939e-07
    endloop
  endfacet
  facet normal -0.0656183 0.997845 0
    outer loop
      vertex 3.90663 17.8103 -7.62939e-07
      vertex 3.75 17.8 0.999999
      vertex 3.90663 17.8103 0.999999
    endloop
  endfacet
  facet normal -0.0656183 0.997845 0
    outer loop
      vertex 3.75 17.8 0.999999
      vertex 3.90663 17.8103 -7.62939e-07
      vertex 3.75 17.8 -7.62939e-07
    endloop
  endfacet
  facet normal -0.659343 -0.751842 0
    outer loop
      vertex 4.48051 19.952 -7.62939e-07
      vertex 4.59853 19.8485 0.999999
      vertex 4.48051 19.952 0.999999
    endloop
  endfacet
  facet normal -0.659343 -0.751842 -0
    outer loop
      vertex 4.59853 19.8485 0.999999
      vertex 4.48051 19.952 -7.62939e-07
      vertex 4.59853 19.8485 -7.62939e-07
    endloop
  endfacet
  facet normal 0.751818 -0.65937 0
    outer loop
      vertex 2.79798 19.7305 0.999999
      vertex 2.90147 19.8485 -7.62939e-07
      vertex 2.90147 19.8485 0.999999
    endloop
  endfacet
  facet normal 0.751818 -0.65937 0
    outer loop
      vertex 2.90147 19.8485 -7.62939e-07
      vertex 2.79798 19.7305 0.999999
      vertex 2.79798 19.7305 -7.62939e-07
    endloop
  endfacet
  facet normal 0.442673 -0.896683 0
    outer loop
      vertex 3.15 20.0392 -7.62939e-07
      vertex 3.29078 20.1087 0.999999
      vertex 3.15 20.0392 0.999999
    endloop
  endfacet
  facet normal 0.442673 -0.896683 0
    outer loop
      vertex 3.29078 20.1087 0.999999
      vertex 3.15 20.0392 -7.62939e-07
      vertex 3.29078 20.1087 -7.62939e-07
    endloop
  endfacet
  facet normal -0.89691 -0.442212 0
    outer loop
      vertex 4.85865 19.4592 -7.62939e-07
      vertex 4.78923 19.6 0.999999
      vertex 4.78923 19.6 -7.62939e-07
    endloop
  endfacet
  facet normal -0.89691 -0.442212 0
    outer loop
      vertex 4.78923 19.6 0.999999
      vertex 4.85865 19.4592 -7.62939e-07
      vertex 4.85865 19.4592 0.999999
    endloop
  endfacet
  facet normal -0.321117 -0.94704 0
    outer loop
      vertex 4.06058 20.1591 -7.62939e-07
      vertex 4.20922 20.1087 0.999999
      vertex 4.06058 20.1591 0.999999
    endloop
  endfacet
  facet normal -0.321117 -0.94704 -0
    outer loop
      vertex 4.20922 20.1087 0.999999
      vertex 4.06058 20.1591 -7.62939e-07
      vertex 4.20922 20.1087 -7.62939e-07
    endloop
  endfacet
  facet normal -0.194952 -0.980813 0
    outer loop
      vertex 3.90663 20.1897 -7.62939e-07
      vertex 4.06058 20.1591 0.999999
      vertex 3.90663 20.1897 0.999999
    endloop
  endfacet
  facet normal -0.194952 -0.980813 -0
    outer loop
      vertex 4.06058 20.1591 0.999999
      vertex 3.90663 20.1897 -7.62939e-07
      vertex 4.06058 20.1591 -7.62939e-07
    endloop
  endfacet
  facet normal -0.442673 -0.896683 0
    outer loop
      vertex 4.20922 20.1087 -7.62939e-07
      vertex 4.35 20.0392 0.999999
      vertex 4.20922 20.1087 0.999999
    endloop
  endfacet
  facet normal -0.442673 -0.896683 -0
    outer loop
      vertex 4.35 20.0392 0.999999
      vertex 4.20922 20.1087 -7.62939e-07
      vertex 4.35 20.0392 -7.62939e-07
    endloop
  endfacet
  facet normal 0.946916 -0.32148 0
    outer loop
      vertex 2.59089 19.3106 0.999999
      vertex 2.64134 19.4592 -7.62939e-07
      vertex 2.64134 19.4592 0.999999
    endloop
  endfacet
  facet normal 0.946916 -0.32148 0
    outer loop
      vertex 2.64134 19.4592 -7.62939e-07
      vertex 2.59089 19.3106 0.999999
      vertex 2.59089 19.3106 -7.62939e-07
    endloop
  endfacet
  facet normal 0.896885 -0.442264 0
    outer loop
      vertex 2.64134 19.4592 0.999999
      vertex 2.71077 19.6 -7.62939e-07
      vertex 2.71077 19.6 0.999999
    endloop
  endfacet
  facet normal 0.896885 -0.442264 0
    outer loop
      vertex 2.71077 19.6 -7.62939e-07
      vertex 2.64134 19.4592 0.999999
      vertex 2.64134 19.4592 -7.62939e-07
    endloop
  endfacet
  facet normal 0.980788 -0.195075 0
    outer loop
      vertex 2.56026 19.1566 0.999999
      vertex 2.59089 19.3106 -7.62939e-07
      vertex 2.59089 19.3106 0.999999
    endloop
  endfacet
  facet normal 0.980788 -0.195075 0
    outer loop
      vertex 2.59089 19.3106 -7.62939e-07
      vertex 2.56026 19.1566 0.999999
      vertex 2.56026 19.1566 -7.62939e-07
    endloop
  endfacet
  facet normal 0.659375 -0.751815 0
    outer loop
      vertex 2.90147 19.8485 -7.62939e-07
      vertex 3.01948 19.952 0.999999
      vertex 2.90147 19.8485 0.999999
    endloop
  endfacet
  facet normal 0.659375 -0.751815 0
    outer loop
      vertex 3.01948 19.952 0.999999
      vertex 2.90147 19.8485 -7.62939e-07
      vertex 3.01948 19.952 -7.62939e-07
    endloop
  endfacet
  facet normal 0.321117 -0.94704 0
    outer loop
      vertex 3.29078 20.1087 -7.62939e-07
      vertex 3.43942 20.1591 0.999999
      vertex 3.29078 20.1087 0.999999
    endloop
  endfacet
  facet normal 0.321117 -0.94704 0
    outer loop
      vertex 3.43942 20.1591 0.999999
      vertex 3.29078 20.1087 -7.62939e-07
      vertex 3.43942 20.1591 -7.62939e-07
    endloop
  endfacet
  facet normal -0.194952 0.980813 0
    outer loop
      vertex 4.06058 17.8409 -7.62939e-07
      vertex 3.90663 17.8103 0.999999
      vertex 4.06058 17.8409 0.999999
    endloop
  endfacet
  facet normal -0.194952 0.980813 0
    outer loop
      vertex 3.90663 17.8103 0.999999
      vertex 4.06058 17.8409 -7.62939e-07
      vertex 3.90663 17.8103 -7.62939e-07
    endloop
  endfacet
  facet normal -0.946897 -0.321537 0
    outer loop
      vertex 4.90911 19.3106 -7.62939e-07
      vertex 4.85865 19.4592 0.999999
      vertex 4.85865 19.4592 -7.62939e-07
    endloop
  endfacet
  facet normal -0.946897 -0.321537 0
    outer loop
      vertex 4.85865 19.4592 0.999999
      vertex 4.90911 19.3106 -7.62939e-07
      vertex 4.90911 19.3106 0.999999
    endloop
  endfacet
  facet normal -0.980801 -0.195014 0
    outer loop
      vertex 4.93973 19.1566 -7.62939e-07
      vertex 4.90911 19.3106 0.999999
      vertex 4.90911 19.3106 -7.62939e-07
    endloop
  endfacet
  facet normal -0.980801 -0.195014 0
    outer loop
      vertex 4.90911 19.3106 0.999999
      vertex 4.93973 19.1566 -7.62939e-07
      vertex 4.93973 19.1566 0.999999
    endloop
  endfacet
  facet normal -0.751818 -0.65937 0
    outer loop
      vertex 4.70202 19.7305 -7.62939e-07
      vertex 4.59853 19.8485 0.999999
      vertex 4.59853 19.8485 -7.62939e-07
    endloop
  endfacet
  facet normal -0.751818 -0.65937 0
    outer loop
      vertex 4.59853 19.8485 0.999999
      vertex 4.70202 19.7305 -7.62939e-07
      vertex 4.70202 19.7305 0.999999
    endloop
  endfacet
  facet normal -0.831432 -0.555626 0
    outer loop
      vertex 4.78923 19.6 -7.62939e-07
      vertex 4.70202 19.7305 0.999999
      vertex 4.70202 19.7305 -7.62939e-07
    endloop
  endfacet
  facet normal -0.831432 -0.555626 0
    outer loop
      vertex 4.70202 19.7305 0.999999
      vertex 4.78923 19.6 -7.62939e-07
      vertex 4.78923 19.6 0.999999
    endloop
  endfacet
  facet normal -0.0656183 -0.997845 0
    outer loop
      vertex 3.75 20.2 -7.62939e-07
      vertex 3.90663 20.1897 0.999999
      vertex 3.75 20.2 0.999999
    endloop
  endfacet
  facet normal -0.0656183 -0.997845 -0
    outer loop
      vertex 3.90663 20.1897 0.999999
      vertex 3.75 20.2 -7.62939e-07
      vertex 3.90663 20.1897 -7.62939e-07
    endloop
  endfacet
  facet normal -0.555553 -0.831481 0
    outer loop
      vertex 4.35 20.0392 -7.62939e-07
      vertex 4.48051 19.952 0.999999
      vertex 4.35 20.0392 0.999999
    endloop
  endfacet
  facet normal -0.555553 -0.831481 -0
    outer loop
      vertex 4.48051 19.952 0.999999
      vertex 4.35 20.0392 -7.62939e-07
      vertex 4.48051 19.952 -7.62939e-07
    endloop
  endfacet
  facet normal 0.997861 -0.0653771 0
    outer loop
      vertex 2.55 19 0.999999
      vertex 2.56026 19.1566 -7.62939e-07
      vertex 2.56026 19.1566 0.999999
    endloop
  endfacet
  facet normal 0.997861 -0.0653771 0
    outer loop
      vertex 2.56026 19.1566 -7.62939e-07
      vertex 2.55 19 0.999999
      vertex 2.55 19 -7.62939e-07
    endloop
  endfacet
  facet normal 0.194952 -0.980813 0
    outer loop
      vertex 3.43942 20.1591 -7.62939e-07
      vertex 3.59337 20.1897 0.999999
      vertex 3.43942 20.1591 0.999999
    endloop
  endfacet
  facet normal 0.194952 -0.980813 0
    outer loop
      vertex 3.59337 20.1897 0.999999
      vertex 3.43942 20.1591 -7.62939e-07
      vertex 3.59337 20.1897 -7.62939e-07
    endloop
  endfacet
  facet normal -0.997856 0.0654405 0
    outer loop
      vertex 4.93973 18.8434 -7.62939e-07
      vertex 4.95 19 0.999999
      vertex 4.95 19 -7.62939e-07
    endloop
  endfacet
  facet normal -0.997856 0.0654405 0
    outer loop
      vertex 4.95 19 0.999999
      vertex 4.93973 18.8434 -7.62939e-07
      vertex 4.93973 18.8434 0.999999
    endloop
  endfacet
  facet normal -0.751818 0.65937 0
    outer loop
      vertex 4.59853 18.1515 -7.62939e-07
      vertex 4.70202 18.2695 0.999999
      vertex 4.70202 18.2695 -7.62939e-07
    endloop
  endfacet
  facet normal -0.751818 0.65937 0
    outer loop
      vertex 4.70202 18.2695 0.999999
      vertex 4.59853 18.1515 -7.62939e-07
      vertex 4.59853 18.1515 0.999999
    endloop
  endfacet
  facet normal -0.946897 0.321537 0
    outer loop
      vertex 4.85865 18.5408 -7.62939e-07
      vertex 4.90911 18.6894 0.999999
      vertex 4.90911 18.6894 -7.62939e-07
    endloop
  endfacet
  facet normal -0.946897 0.321537 0
    outer loop
      vertex 4.90911 18.6894 0.999999
      vertex 4.85865 18.5408 -7.62939e-07
      vertex 4.85865 18.5408 0.999999
    endloop
  endfacet
  facet normal -0.980801 0.195014 0
    outer loop
      vertex 4.90911 18.6894 -7.62939e-07
      vertex 4.93973 18.8434 0.999999
      vertex 4.93973 18.8434 -7.62939e-07
    endloop
  endfacet
  facet normal -0.980801 0.195014 0
    outer loop
      vertex 4.93973 18.8434 0.999999
      vertex 4.90911 18.6894 -7.62939e-07
      vertex 4.90911 18.6894 0.999999
    endloop
  endfacet
  facet normal -0.442673 0.896683 0
    outer loop
      vertex 4.35 17.9608 -7.62939e-07
      vertex 4.20922 17.8913 0.999999
      vertex 4.35 17.9608 0.999999
    endloop
  endfacet
  facet normal -0.442673 0.896683 0
    outer loop
      vertex 4.20922 17.8913 0.999999
      vertex 4.35 17.9608 -7.62939e-07
      vertex 4.20922 17.8913 -7.62939e-07
    endloop
  endfacet
  facet normal 0.831432 -0.555626 0
    outer loop
      vertex 2.71077 19.6 0.999999
      vertex 2.79798 19.7305 -7.62939e-07
      vertex 2.79798 19.7305 0.999999
    endloop
  endfacet
  facet normal 0.831432 -0.555626 0
    outer loop
      vertex 2.79798 19.7305 -7.62939e-07
      vertex 2.71077 19.6 0.999999
      vertex 2.71077 19.6 -7.62939e-07
    endloop
  endfacet
  facet normal 0.997861 0.0653771 0
    outer loop
      vertex 2.56026 18.8434 0.999999
      vertex 2.55 19 -7.62939e-07
      vertex 2.55 19 0.999999
    endloop
  endfacet
  facet normal 0.997861 0.0653771 0
    outer loop
      vertex 2.55 19 -7.62939e-07
      vertex 2.56026 18.8434 0.999999
      vertex 2.56026 18.8434 -7.62939e-07
    endloop
  endfacet
  facet normal 0.555523 -0.831501 0
    outer loop
      vertex 3.01948 19.952 -7.62939e-07
      vertex 3.15 20.0392 0.999999
      vertex 3.01948 19.952 0.999999
    endloop
  endfacet
  facet normal 0.555523 -0.831501 0
    outer loop
      vertex 3.15 20.0392 0.999999
      vertex 3.01948 19.952 -7.62939e-07
      vertex 3.15 20.0392 -7.62939e-07
    endloop
  endfacet
  facet normal -0.831432 0.555626 0
    outer loop
      vertex 4.70202 18.2695 -7.62939e-07
      vertex 4.78923 18.4 0.999999
      vertex 4.78923 18.4 -7.62939e-07
    endloop
  endfacet
  facet normal -0.831432 0.555626 0
    outer loop
      vertex 4.78923 18.4 0.999999
      vertex 4.70202 18.2695 -7.62939e-07
      vertex 4.70202 18.2695 0.999999
    endloop
  endfacet
  facet normal -0.555553 0.831481 0
    outer loop
      vertex 4.48051 18.048 -7.62939e-07
      vertex 4.35 17.9608 0.999999
      vertex 4.48051 18.048 0.999999
    endloop
  endfacet
  facet normal -0.555553 0.831481 0
    outer loop
      vertex 4.35 17.9608 0.999999
      vertex 4.48051 18.048 -7.62939e-07
      vertex 4.35 17.9608 -7.62939e-07
    endloop
  endfacet
  facet normal 0.321117 0.94704 -0
    outer loop
      vertex 3.43942 17.8409 -7.62939e-07
      vertex 3.29078 17.8913 0.999999
      vertex 3.43942 17.8409 0.999999
    endloop
  endfacet
  facet normal 0.321117 0.94704 0
    outer loop
      vertex 3.29078 17.8913 0.999999
      vertex 3.43942 17.8409 -7.62939e-07
      vertex 3.29078 17.8913 -7.62939e-07
    endloop
  endfacet
  facet normal 0.659375 0.751815 -0
    outer loop
      vertex 3.01948 18.048 -7.62939e-07
      vertex 2.90147 18.1515 0.999999
      vertex 3.01948 18.048 0.999999
    endloop
  endfacet
  facet normal 0.659375 0.751815 0
    outer loop
      vertex 2.90147 18.1515 0.999999
      vertex 3.01948 18.048 -7.62939e-07
      vertex 2.90147 18.1515 -7.62939e-07
    endloop
  endfacet
  facet normal 0.896885 0.442264 0
    outer loop
      vertex 2.71077 18.4 0.999999
      vertex 2.64134 18.5408 -7.62939e-07
      vertex 2.64134 18.5408 0.999999
    endloop
  endfacet
  facet normal 0.896885 0.442264 0
    outer loop
      vertex 2.64134 18.5408 -7.62939e-07
      vertex 2.71077 18.4 0.999999
      vertex 2.71077 18.4 -7.62939e-07
    endloop
  endfacet
  facet normal -0.321117 0.94704 0
    outer loop
      vertex 4.20922 17.8913 -7.62939e-07
      vertex 4.06058 17.8409 0.999999
      vertex 4.20922 17.8913 0.999999
    endloop
  endfacet
  facet normal -0.321117 0.94704 0
    outer loop
      vertex 4.06058 17.8409 0.999999
      vertex 4.20922 17.8913 -7.62939e-07
      vertex 4.06058 17.8409 -7.62939e-07
    endloop
  endfacet
  facet normal -0.89691 0.442212 0
    outer loop
      vertex 4.78923 18.4 -7.62939e-07
      vertex 4.85865 18.5408 0.999999
      vertex 4.85865 18.5408 -7.62939e-07
    endloop
  endfacet
  facet normal -0.89691 0.442212 0
    outer loop
      vertex 4.85865 18.5408 0.999999
      vertex 4.78923 18.4 -7.62939e-07
      vertex 4.78923 18.4 0.999999
    endloop
  endfacet
  facet normal -0.659343 0.751842 0
    outer loop
      vertex 4.59853 18.1515 -7.62939e-07
      vertex 4.48051 18.048 0.999999
      vertex 4.59853 18.1515 0.999999
    endloop
  endfacet
  facet normal -0.659343 0.751842 0
    outer loop
      vertex 4.48051 18.048 0.999999
      vertex 4.59853 18.1515 -7.62939e-07
      vertex 4.48051 18.048 -7.62939e-07
    endloop
  endfacet
  facet normal 0.0656183 0.997845 -0
    outer loop
      vertex 3.75 17.8 -7.62939e-07
      vertex 3.59337 17.8103 0.999999
      vertex 3.75 17.8 0.999999
    endloop
  endfacet
  facet normal 0.0656183 0.997845 0
    outer loop
      vertex 3.59337 17.8103 0.999999
      vertex 3.75 17.8 -7.62939e-07
      vertex 3.59337 17.8103 -7.62939e-07
    endloop
  endfacet
  facet normal 0.194952 0.980813 -0
    outer loop
      vertex 3.59337 17.8103 -7.62939e-07
      vertex 3.43942 17.8409 0.999999
      vertex 3.59337 17.8103 0.999999
    endloop
  endfacet
  facet normal 0.194952 0.980813 0
    outer loop
      vertex 3.43942 17.8409 0.999999
      vertex 3.59337 17.8103 -7.62939e-07
      vertex 3.43942 17.8409 -7.62939e-07
    endloop
  endfacet
  facet normal 0.751818 0.65937 0
    outer loop
      vertex 2.90147 18.1515 0.999999
      vertex 2.79798 18.2695 -7.62939e-07
      vertex 2.79798 18.2695 0.999999
    endloop
  endfacet
  facet normal 0.751818 0.65937 0
    outer loop
      vertex 2.79798 18.2695 -7.62939e-07
      vertex 2.90147 18.1515 0.999999
      vertex 2.90147 18.1515 -7.62939e-07
    endloop
  endfacet
  facet normal 0.831432 0.555626 0
    outer loop
      vertex 2.79798 18.2695 0.999999
      vertex 2.71077 18.4 -7.62939e-07
      vertex 2.71077 18.4 0.999999
    endloop
  endfacet
  facet normal 0.831432 0.555626 0
    outer loop
      vertex 2.71077 18.4 -7.62939e-07
      vertex 2.79798 18.2695 0.999999
      vertex 2.79798 18.2695 -7.62939e-07
    endloop
  endfacet
  facet normal 0.946916 0.32148 0
    outer loop
      vertex 2.64134 18.5408 0.999999
      vertex 2.59089 18.6894 -7.62939e-07
      vertex 2.59089 18.6894 0.999999
    endloop
  endfacet
  facet normal 0.946916 0.32148 0
    outer loop
      vertex 2.59089 18.6894 -7.62939e-07
      vertex 2.64134 18.5408 0.999999
      vertex 2.64134 18.5408 -7.62939e-07
    endloop
  endfacet
  facet normal 0.980788 0.195075 0
    outer loop
      vertex 2.59089 18.6894 0.999999
      vertex 2.56026 18.8434 -7.62939e-07
      vertex 2.56026 18.8434 0.999999
    endloop
  endfacet
  facet normal 0.980788 0.195075 0
    outer loop
      vertex 2.56026 18.8434 -7.62939e-07
      vertex 2.59089 18.6894 0.999999
      vertex 2.59089 18.6894 -7.62939e-07
    endloop
  endfacet
  facet normal 0.555523 0.831501 -0
    outer loop
      vertex 3.15 17.9608 -7.62939e-07
      vertex 3.01948 18.048 0.999999
      vertex 3.15 17.9608 0.999999
    endloop
  endfacet
  facet normal 0.555523 0.831501 0
    outer loop
      vertex 3.01948 18.048 0.999999
      vertex 3.15 17.9608 -7.62939e-07
      vertex 3.01948 18.048 -7.62939e-07
    endloop
  endfacet
  facet normal 0.442673 0.896683 -0
    outer loop
      vertex 3.29078 17.8913 -7.62939e-07
      vertex 3.15 17.9608 0.999999
      vertex 3.29078 17.8913 0.999999
    endloop
  endfacet
  facet normal 0.442673 0.896683 0
    outer loop
      vertex 3.15 17.9608 0.999999
      vertex 3.29078 17.8913 -7.62939e-07
      vertex 3.15 17.9608 -7.62939e-07
    endloop
  endfacet
  facet normal 0.0656183 -0.997845 0
    outer loop
      vertex 3.59337 40.1897 -7.62939e-07
      vertex 3.75 40.2 0.999999
      vertex 3.59337 40.1897 0.999999
    endloop
  endfacet
  facet normal 0.0656183 -0.997845 0
    outer loop
      vertex 3.75 40.2 0.999999
      vertex 3.59337 40.1897 -7.62939e-07
      vertex 3.75 40.2 -7.62939e-07
    endloop
  endfacet
  facet normal -0.0656183 0.997845 0
    outer loop
      vertex 3.90663 37.8103 -7.62939e-07
      vertex 3.75 37.8 0.999999
      vertex 3.90663 37.8103 0.999999
    endloop
  endfacet
  facet normal -0.0656183 0.997845 0
    outer loop
      vertex 3.75 37.8 0.999999
      vertex 3.90663 37.8103 -7.62939e-07
      vertex 3.75 37.8 -7.62939e-07
    endloop
  endfacet
  facet normal -0.659514 -0.751692 0
    outer loop
      vertex 4.48051 39.952 -7.62939e-07
      vertex 4.5 39.9349 0.999999
      vertex 4.48051 39.952 0.999999
    endloop
  endfacet
  facet normal -0.659514 -0.751692 -0
    outer loop
      vertex 4.5 39.9349 0.999999
      vertex 4.48051 39.952 -7.62939e-07
      vertex 4.5 39.9349 -7.62939e-07
    endloop
  endfacet
  facet normal 0.751818 -0.65937 0
    outer loop
      vertex 2.79798 39.7305 0.999999
      vertex 2.90147 39.8485 -7.62939e-07
      vertex 2.90147 39.8485 0.999999
    endloop
  endfacet
  facet normal 0.751818 -0.65937 0
    outer loop
      vertex 2.90147 39.8485 -7.62939e-07
      vertex 2.79798 39.7305 0.999999
      vertex 2.79798 39.7305 -7.62939e-07
    endloop
  endfacet
  facet normal 0.442673 -0.896683 0
    outer loop
      vertex 3.15 40.0392 -7.62939e-07
      vertex 3.29078 40.1087 0.999999
      vertex 3.15 40.0392 0.999999
    endloop
  endfacet
  facet normal 0.442673 -0.896683 0
    outer loop
      vertex 3.29078 40.1087 0.999999
      vertex 3.15 40.0392 -7.62939e-07
      vertex 3.29078 40.1087 -7.62939e-07
    endloop
  endfacet
  facet normal -0.321117 -0.94704 0
    outer loop
      vertex 4.06058 40.1591 -7.62939e-07
      vertex 4.20922 40.1087 0.999999
      vertex 4.06058 40.1591 0.999999
    endloop
  endfacet
  facet normal -0.321117 -0.94704 -0
    outer loop
      vertex 4.20922 40.1087 0.999999
      vertex 4.06058 40.1591 -7.62939e-07
      vertex 4.20922 40.1087 -7.62939e-07
    endloop
  endfacet
  facet normal -0.194952 -0.980813 0
    outer loop
      vertex 3.90663 40.1897 -7.62939e-07
      vertex 4.06058 40.1591 0.999999
      vertex 3.90663 40.1897 0.999999
    endloop
  endfacet
  facet normal -0.194952 -0.980813 -0
    outer loop
      vertex 4.06058 40.1591 0.999999
      vertex 3.90663 40.1897 -7.62939e-07
      vertex 4.06058 40.1591 -7.62939e-07
    endloop
  endfacet
  facet normal -0.442673 -0.896683 0
    outer loop
      vertex 4.20922 40.1087 -7.62939e-07
      vertex 4.35 40.0392 0.999999
      vertex 4.20922 40.1087 0.999999
    endloop
  endfacet
  facet normal -0.442673 -0.896683 -0
    outer loop
      vertex 4.35 40.0392 0.999999
      vertex 4.20922 40.1087 -7.62939e-07
      vertex 4.35 40.0392 -7.62939e-07
    endloop
  endfacet
  facet normal 0.946916 -0.32148 0
    outer loop
      vertex 2.59089 39.3106 0.999999
      vertex 2.64134 39.4592 -7.62939e-07
      vertex 2.64134 39.4592 0.999999
    endloop
  endfacet
  facet normal 0.946916 -0.32148 0
    outer loop
      vertex 2.64134 39.4592 -7.62939e-07
      vertex 2.59089 39.3106 0.999999
      vertex 2.59089 39.3106 -7.62939e-07
    endloop
  endfacet
  facet normal 0.980788 -0.195075 0
    outer loop
      vertex 2.56026 39.1566 0.999999
      vertex 2.59089 39.3106 -7.62939e-07
      vertex 2.59089 39.3106 0.999999
    endloop
  endfacet
  facet normal 0.980788 -0.195075 0
    outer loop
      vertex 2.59089 39.3106 -7.62939e-07
      vertex 2.56026 39.1566 0.999999
      vertex 2.56026 39.1566 -7.62939e-07
    endloop
  endfacet
  facet normal 0.321117 -0.94704 0
    outer loop
      vertex 3.29078 40.1087 -7.62939e-07
      vertex 3.43942 40.1591 0.999999
      vertex 3.29078 40.1087 0.999999
    endloop
  endfacet
  facet normal 0.321117 -0.94704 0
    outer loop
      vertex 3.43942 40.1591 0.999999
      vertex 3.29078 40.1087 -7.62939e-07
      vertex 3.43942 40.1591 -7.62939e-07
    endloop
  endfacet
  facet normal -0.194952 0.980813 0
    outer loop
      vertex 4.06058 37.8409 -7.62939e-07
      vertex 3.90663 37.8103 0.999999
      vertex 4.06058 37.8409 0.999999
    endloop
  endfacet
  facet normal -0.194952 0.980813 0
    outer loop
      vertex 3.90663 37.8103 0.999999
      vertex 4.06058 37.8409 -7.62939e-07
      vertex 3.90663 37.8103 -7.62939e-07
    endloop
  endfacet
  facet normal -0.0656183 -0.997845 0
    outer loop
      vertex 3.75 40.2 -7.62939e-07
      vertex 3.90663 40.1897 0.999999
      vertex 3.75 40.2 0.999999
    endloop
  endfacet
  facet normal -0.0656183 -0.997845 -0
    outer loop
      vertex 3.90663 40.1897 0.999999
      vertex 3.75 40.2 -7.62939e-07
      vertex 3.90663 40.1897 -7.62939e-07
    endloop
  endfacet
  facet normal -0.555553 -0.831481 0
    outer loop
      vertex 4.35 40.0392 -7.62939e-07
      vertex 4.48051 39.952 0.999999
      vertex 4.35 40.0392 0.999999
    endloop
  endfacet
  facet normal -0.555553 -0.831481 -0
    outer loop
      vertex 4.48051 39.952 0.999999
      vertex 4.35 40.0392 -7.62939e-07
      vertex 4.48051 39.952 -7.62939e-07
    endloop
  endfacet
  facet normal 0.896885 -0.442264 0
    outer loop
      vertex 2.64134 39.4592 0.999999
      vertex 2.71077 39.6 -7.62939e-07
      vertex 2.71077 39.6 0.999999
    endloop
  endfacet
  facet normal 0.896885 -0.442264 0
    outer loop
      vertex 2.71077 39.6 -7.62939e-07
      vertex 2.64134 39.4592 0.999999
      vertex 2.64134 39.4592 -7.62939e-07
    endloop
  endfacet
  facet normal 0.831432 -0.555626 0
    outer loop
      vertex 2.71077 39.6 0.999999
      vertex 2.79798 39.7305 -7.62939e-07
      vertex 2.79798 39.7305 0.999999
    endloop
  endfacet
  facet normal 0.831432 -0.555626 0
    outer loop
      vertex 2.79798 39.7305 -7.62939e-07
      vertex 2.71077 39.6 0.999999
      vertex 2.71077 39.6 -7.62939e-07
    endloop
  endfacet
  facet normal 0.997861 -0.0653771 0
    outer loop
      vertex 2.55 39 0.999999
      vertex 2.56026 39.1566 -7.62939e-07
      vertex 2.56026 39.1566 0.999999
    endloop
  endfacet
  facet normal 0.997861 -0.0653771 0
    outer loop
      vertex 2.56026 39.1566 -7.62939e-07
      vertex 2.55 39 0.999999
      vertex 2.55 39 -7.62939e-07
    endloop
  endfacet
  facet normal 0.555523 -0.831501 0
    outer loop
      vertex 3.01948 39.952 -7.62939e-07
      vertex 3.15 40.0392 0.999999
      vertex 3.01948 39.952 0.999999
    endloop
  endfacet
  facet normal 0.555523 -0.831501 0
    outer loop
      vertex 3.15 40.0392 0.999999
      vertex 3.01948 39.952 -7.62939e-07
      vertex 3.15 40.0392 -7.62939e-07
    endloop
  endfacet
  facet normal 0.659375 -0.751815 0
    outer loop
      vertex 2.90147 39.8485 -7.62939e-07
      vertex 3.01948 39.952 0.999999
      vertex 2.90147 39.8485 0.999999
    endloop
  endfacet
  facet normal 0.659375 -0.751815 0
    outer loop
      vertex 3.01948 39.952 0.999999
      vertex 2.90147 39.8485 -7.62939e-07
      vertex 3.01948 39.952 -7.62939e-07
    endloop
  endfacet
  facet normal 0.194952 -0.980813 0
    outer loop
      vertex 3.43942 40.1591 -7.62939e-07
      vertex 3.59337 40.1897 0.999999
      vertex 3.43942 40.1591 0.999999
    endloop
  endfacet
  facet normal 0.194952 -0.980813 0
    outer loop
      vertex 3.59337 40.1897 0.999999
      vertex 3.43942 40.1591 -7.62939e-07
      vertex 3.59337 40.1897 -7.62939e-07
    endloop
  endfacet
  facet normal -0.751818 0.65937 0
    outer loop
      vertex 4.59853 38.1515 -7.62939e-07
      vertex 4.70202 38.2695 0.999999
      vertex 4.70202 38.2695 -7.62939e-07
    endloop
  endfacet
  facet normal -0.751818 0.65937 0
    outer loop
      vertex 4.70202 38.2695 0.999999
      vertex 4.59853 38.1515 -7.62939e-07
      vertex 4.59853 38.1515 0.999999
    endloop
  endfacet
  facet normal -0.946897 0.321537 0
    outer loop
      vertex 4.85865 38.5408 -7.62939e-07
      vertex 4.90911 38.6894 0.999999
      vertex 4.90911 38.6894 -7.62939e-07
    endloop
  endfacet
  facet normal -0.946897 0.321537 0
    outer loop
      vertex 4.90911 38.6894 0.999999
      vertex 4.85865 38.5408 -7.62939e-07
      vertex 4.85865 38.5408 0.999999
    endloop
  endfacet
  facet normal -0.980801 0.195014 0
    outer loop
      vertex 4.90911 38.6894 -7.62939e-07
      vertex 4.93973 38.8434 0.999999
      vertex 4.93973 38.8434 -7.62939e-07
    endloop
  endfacet
  facet normal -0.980801 0.195014 0
    outer loop
      vertex 4.93973 38.8434 0.999999
      vertex 4.90911 38.6894 -7.62939e-07
      vertex 4.90911 38.6894 0.999999
    endloop
  endfacet
  facet normal 0.997861 0.0653771 0
    outer loop
      vertex 2.56026 38.8434 0.999999
      vertex 2.55 39 -7.62939e-07
      vertex 2.55 39 0.999999
    endloop
  endfacet
  facet normal 0.997861 0.0653771 0
    outer loop
      vertex 2.55 39 -7.62939e-07
      vertex 2.56026 38.8434 0.999999
      vertex 2.56026 38.8434 -7.62939e-07
    endloop
  endfacet
  facet normal -0.831432 0.555626 0
    outer loop
      vertex 4.70202 38.2695 -7.62939e-07
      vertex 4.78923 38.4 0.999999
      vertex 4.78923 38.4 -7.62939e-07
    endloop
  endfacet
  facet normal -0.831432 0.555626 0
    outer loop
      vertex 4.78923 38.4 0.999999
      vertex 4.70202 38.2695 -7.62939e-07
      vertex 4.70202 38.2695 0.999999
    endloop
  endfacet
  facet normal -0.997856 0.0654405 0
    outer loop
      vertex 4.93973 38.8434 -7.62939e-07
      vertex 4.95 39 0.999999
      vertex 4.95 39 -7.62939e-07
    endloop
  endfacet
  facet normal -0.997856 0.0654405 0
    outer loop
      vertex 4.95 39 0.999999
      vertex 4.93973 38.8434 -7.62939e-07
      vertex 4.93973 38.8434 0.999999
    endloop
  endfacet
  facet normal 0.659375 0.751815 -0
    outer loop
      vertex 3.01948 38.048 -7.62939e-07
      vertex 2.90147 38.1515 0.999999
      vertex 3.01948 38.048 0.999999
    endloop
  endfacet
  facet normal 0.659375 0.751815 0
    outer loop
      vertex 2.90147 38.1515 0.999999
      vertex 3.01948 38.048 -7.62939e-07
      vertex 2.90147 38.1515 -7.62939e-07
    endloop
  endfacet
  facet normal 0.896885 0.442264 0
    outer loop
      vertex 2.71077 38.4 0.999999
      vertex 2.64134 38.5408 -7.62939e-07
      vertex 2.64134 38.5408 0.999999
    endloop
  endfacet
  facet normal 0.896885 0.442264 0
    outer loop
      vertex 2.64134 38.5408 -7.62939e-07
      vertex 2.71077 38.4 0.999999
      vertex 2.71077 38.4 -7.62939e-07
    endloop
  endfacet
  facet normal 0.980788 0.195075 0
    outer loop
      vertex 2.59089 38.6894 0.999999
      vertex 2.56026 38.8434 -7.62939e-07
      vertex 2.56026 38.8434 0.999999
    endloop
  endfacet
  facet normal 0.980788 0.195075 0
    outer loop
      vertex 2.56026 38.8434 -7.62939e-07
      vertex 2.59089 38.6894 0.999999
      vertex 2.59089 38.6894 -7.62939e-07
    endloop
  endfacet
  facet normal -0.442673 0.896683 0
    outer loop
      vertex 4.35 37.9608 -7.62939e-07
      vertex 4.20922 37.8913 0.999999
      vertex 4.35 37.9608 0.999999
    endloop
  endfacet
  facet normal -0.442673 0.896683 0
    outer loop
      vertex 4.20922 37.8913 0.999999
      vertex 4.35 37.9608 -7.62939e-07
      vertex 4.20922 37.8913 -7.62939e-07
    endloop
  endfacet
  facet normal -0.321117 0.94704 0
    outer loop
      vertex 4.20922 37.8913 -7.62939e-07
      vertex 4.06058 37.8409 0.999999
      vertex 4.20922 37.8913 0.999999
    endloop
  endfacet
  facet normal -0.321117 0.94704 0
    outer loop
      vertex 4.06058 37.8409 0.999999
      vertex 4.20922 37.8913 -7.62939e-07
      vertex 4.06058 37.8409 -7.62939e-07
    endloop
  endfacet
  facet normal -0.89691 0.442212 0
    outer loop
      vertex 4.78923 38.4 -7.62939e-07
      vertex 4.85865 38.5408 0.999999
      vertex 4.85865 38.5408 -7.62939e-07
    endloop
  endfacet
  facet normal -0.89691 0.442212 0
    outer loop
      vertex 4.85865 38.5408 0.999999
      vertex 4.78923 38.4 -7.62939e-07
      vertex 4.78923 38.4 0.999999
    endloop
  endfacet
  facet normal -0.659343 0.751842 0
    outer loop
      vertex 4.59853 38.1515 -7.62939e-07
      vertex 4.48051 38.048 0.999999
      vertex 4.59853 38.1515 0.999999
    endloop
  endfacet
  facet normal -0.659343 0.751842 0
    outer loop
      vertex 4.48051 38.048 0.999999
      vertex 4.59853 38.1515 -7.62939e-07
      vertex 4.48051 38.048 -7.62939e-07
    endloop
  endfacet
  facet normal -0.555553 0.831481 0
    outer loop
      vertex 4.48051 38.048 -7.62939e-07
      vertex 4.35 37.9608 0.999999
      vertex 4.48051 38.048 0.999999
    endloop
  endfacet
  facet normal -0.555553 0.831481 0
    outer loop
      vertex 4.35 37.9608 0.999999
      vertex 4.48051 38.048 -7.62939e-07
      vertex 4.35 37.9608 -7.62939e-07
    endloop
  endfacet
  facet normal 0.321117 0.94704 -0
    outer loop
      vertex 3.43942 37.8409 -7.62939e-07
      vertex 3.29078 37.8913 0.999999
      vertex 3.43942 37.8409 0.999999
    endloop
  endfacet
  facet normal 0.321117 0.94704 0
    outer loop
      vertex 3.29078 37.8913 0.999999
      vertex 3.43942 37.8409 -7.62939e-07
      vertex 3.29078 37.8913 -7.62939e-07
    endloop
  endfacet
  facet normal 0.194952 0.980813 -0
    outer loop
      vertex 3.59337 37.8103 -7.62939e-07
      vertex 3.43942 37.8409 0.999999
      vertex 3.59337 37.8103 0.999999
    endloop
  endfacet
  facet normal 0.194952 0.980813 0
    outer loop
      vertex 3.43942 37.8409 0.999999
      vertex 3.59337 37.8103 -7.62939e-07
      vertex 3.43942 37.8409 -7.62939e-07
    endloop
  endfacet
  facet normal 0.751818 0.65937 0
    outer loop
      vertex 2.90147 38.1515 0.999999
      vertex 2.79798 38.2695 -7.62939e-07
      vertex 2.79798 38.2695 0.999999
    endloop
  endfacet
  facet normal 0.751818 0.65937 0
    outer loop
      vertex 2.79798 38.2695 -7.62939e-07
      vertex 2.90147 38.1515 0.999999
      vertex 2.90147 38.1515 -7.62939e-07
    endloop
  endfacet
  facet normal 0.831432 0.555626 0
    outer loop
      vertex 2.79798 38.2695 0.999999
      vertex 2.71077 38.4 -7.62939e-07
      vertex 2.71077 38.4 0.999999
    endloop
  endfacet
  facet normal 0.831432 0.555626 0
    outer loop
      vertex 2.71077 38.4 -7.62939e-07
      vertex 2.79798 38.2695 0.999999
      vertex 2.79798 38.2695 -7.62939e-07
    endloop
  endfacet
  facet normal 0.946916 0.32148 0
    outer loop
      vertex 2.64134 38.5408 0.999999
      vertex 2.59089 38.6894 -7.62939e-07
      vertex 2.59089 38.6894 0.999999
    endloop
  endfacet
  facet normal 0.946916 0.32148 0
    outer loop
      vertex 2.59089 38.6894 -7.62939e-07
      vertex 2.64134 38.5408 0.999999
      vertex 2.64134 38.5408 -7.62939e-07
    endloop
  endfacet
  facet normal 0.555523 0.831501 -0
    outer loop
      vertex 3.15 37.9608 -7.62939e-07
      vertex 3.01948 38.048 0.999999
      vertex 3.15 37.9608 0.999999
    endloop
  endfacet
  facet normal 0.555523 0.831501 0
    outer loop
      vertex 3.01948 38.048 0.999999
      vertex 3.15 37.9608 -7.62939e-07
      vertex 3.01948 38.048 -7.62939e-07
    endloop
  endfacet
  facet normal 0.442673 0.896683 -0
    outer loop
      vertex 3.29078 37.8913 -7.62939e-07
      vertex 3.15 37.9608 0.999999
      vertex 3.29078 37.8913 0.999999
    endloop
  endfacet
  facet normal 0.442673 0.896683 0
    outer loop
      vertex 3.15 37.9608 0.999999
      vertex 3.29078 37.8913 -7.62939e-07
      vertex 3.15 37.9608 -7.62939e-07
    endloop
  endfacet
  facet normal 0.0656183 0.997845 -0
    outer loop
      vertex 3.75 37.8 -7.62939e-07
      vertex 3.59337 37.8103 0.999999
      vertex 3.75 37.8 0.999999
    endloop
  endfacet
  facet normal 0.0656183 0.997845 0
    outer loop
      vertex 3.59337 37.8103 0.999999
      vertex 3.75 37.8 -7.62939e-07
      vertex 3.59337 37.8103 -7.62939e-07
    endloop
  endfacet
  facet normal -0.896708 -0.442622 0
    outer loop
      vertex 51.8587 19.4592 -7.62939e-07
      vertex 51.7892 19.6 0.999999
      vertex 51.7892 19.6 -7.62939e-07
    endloop
  endfacet
  facet normal -0.896708 -0.442622 0
    outer loop
      vertex 51.7892 19.6 0.999999
      vertex 51.8587 19.4592 -7.62939e-07
      vertex 51.8587 19.4592 0.999999
    endloop
  endfacet
  facet normal 0.980825 -0.194891 0
    outer loop
      vertex 49.5603 19.1566 0.999999
      vertex 49.5909 19.3106 -7.62939e-07
      vertex 49.5909 19.3106 0.999999
    endloop
  endfacet
  facet normal 0.980825 -0.194891 0
    outer loop
      vertex 49.5909 19.3106 -7.62939e-07
      vertex 49.5603 19.1566 0.999999
      vertex 49.5603 19.1566 -7.62939e-07
    endloop
  endfacet
  facet normal -0.831462 -0.555582 0
    outer loop
      vertex 51.7892 19.6 -7.62939e-07
      vertex 51.702 19.7305 0.999999
      vertex 51.702 19.7305 -7.62939e-07
    endloop
  endfacet
  facet normal -0.831462 -0.555582 0
    outer loop
      vertex 51.702 19.7305 0.999999
      vertex 51.7892 19.6 -7.62939e-07
      vertex 51.7892 19.6 0.999999
    endloop
  endfacet
  facet normal -0.321194 -0.947013 0
    outer loop
      vertex 51.0606 20.1591 -7.62939e-07
      vertex 51.2092 20.1087 0.999999
      vertex 51.0606 20.1591 0.999999
    endloop
  endfacet
  facet normal -0.321194 -0.947013 -0
    outer loop
      vertex 51.2092 20.1087 0.999999
      vertex 51.0606 20.1591 -7.62939e-07
      vertex 51.2092 20.1087 -7.62939e-07
    endloop
  endfacet
  facet normal 0.442622 -0.896708 0
    outer loop
      vertex 50.15 20.0392 -7.62939e-07
      vertex 50.2908 20.1087 0.999999
      vertex 50.15 20.0392 0.999999
    endloop
  endfacet
  facet normal 0.442622 -0.896708 0
    outer loop
      vertex 50.2908 20.1087 0.999999
      vertex 50.15 20.0392 -7.62939e-07
      vertex 50.2908 20.1087 -7.62939e-07
    endloop
  endfacet
  facet normal 0.947013 -0.321194 0
    outer loop
      vertex 49.5909 19.3106 0.999999
      vertex 49.6413 19.4592 -7.62939e-07
      vertex 49.6413 19.4592 0.999999
    endloop
  endfacet
  facet normal 0.947013 -0.321194 0
    outer loop
      vertex 49.6413 19.4592 -7.62939e-07
      vertex 49.5909 19.3106 0.999999
      vertex 49.5909 19.3106 -7.62939e-07
    endloop
  endfacet
  facet normal -0.980825 0.194891 0
    outer loop
      vertex 51.9091 18.6894 -7.62939e-07
      vertex 51.9397 18.8434 0.999999
      vertex 51.9397 18.8434 -7.62939e-07
    endloop
  endfacet
  facet normal -0.980825 0.194891 0
    outer loop
      vertex 51.9397 18.8434 0.999999
      vertex 51.9091 18.6894 -7.62939e-07
      vertex 51.9091 18.6894 0.999999
    endloop
  endfacet
  facet normal -0.442622 0.896708 0
    outer loop
      vertex 51.35 17.9608 -7.62939e-07
      vertex 51.2092 17.8913 0.999999
      vertex 51.35 17.9608 0.999999
    endloop
  endfacet
  facet normal -0.442622 0.896708 0
    outer loop
      vertex 51.2092 17.8913 0.999999
      vertex 51.35 17.9608 -7.62939e-07
      vertex 51.2092 17.8913 -7.62939e-07
    endloop
  endfacet
  facet normal -0.659406 -0.751787 0
    outer loop
      vertex 51.4805 19.952 -7.62939e-07
      vertex 51.5985 19.8485 0.999999
      vertex 51.4805 19.952 0.999999
    endloop
  endfacet
  facet normal -0.659406 -0.751787 -0
    outer loop
      vertex 51.5985 19.8485 0.999999
      vertex 51.4805 19.952 -7.62939e-07
      vertex 51.5985 19.8485 -7.62939e-07
    endloop
  endfacet
  facet normal -0.0656309 -0.997844 0
    outer loop
      vertex 50.75 20.2 -7.62939e-07
      vertex 50.9066 20.1897 0.999999
      vertex 50.75 20.2 0.999999
    endloop
  endfacet
  facet normal -0.0656309 -0.997844 -0
    outer loop
      vertex 50.9066 20.1897 0.999999
      vertex 50.75 20.2 -7.62939e-07
      vertex 50.9066 20.1897 -7.62939e-07
    endloop
  endfacet
  facet normal 0.997844 0.0656309 0
    outer loop
      vertex 49.5603 18.8434 0.999999
      vertex 49.55 19 -7.62939e-07
      vertex 49.55 19 0.999999
    endloop
  endfacet
  facet normal 0.997844 0.0656309 0
    outer loop
      vertex 49.55 19 -7.62939e-07
      vertex 49.5603 18.8434 0.999999
      vertex 49.5603 18.8434 -7.62939e-07
    endloop
  endfacet
  facet normal 0.831462 -0.555582 0
    outer loop
      vertex 49.7108 19.6 0.999999
      vertex 49.798 19.7305 -7.62939e-07
      vertex 49.798 19.7305 0.999999
    endloop
  endfacet
  facet normal 0.831462 -0.555582 0
    outer loop
      vertex 49.798 19.7305 -7.62939e-07
      vertex 49.7108 19.6 0.999999
      vertex 49.7108 19.6 -7.62939e-07
    endloop
  endfacet
  facet normal 0.751787 -0.659406 0
    outer loop
      vertex 49.798 19.7305 0.999999
      vertex 49.9015 19.8485 -7.62939e-07
      vertex 49.9015 19.8485 0.999999
    endloop
  endfacet
  facet normal 0.751787 -0.659406 0
    outer loop
      vertex 49.9015 19.8485 -7.62939e-07
      vertex 49.798 19.7305 0.999999
      vertex 49.798 19.7305 -7.62939e-07
    endloop
  endfacet
  facet normal -0.947013 0.321194 0
    outer loop
      vertex 51.8587 18.5408 -7.62939e-07
      vertex 51.9091 18.6894 0.999999
      vertex 51.9091 18.6894 -7.62939e-07
    endloop
  endfacet
  facet normal -0.947013 0.321194 0
    outer loop
      vertex 51.9091 18.6894 0.999999
      vertex 51.8587 18.5408 -7.62939e-07
      vertex 51.8587 18.5408 0.999999
    endloop
  endfacet
  facet normal -0.321194 0.947013 0
    outer loop
      vertex 51.2092 17.8913 -7.62939e-07
      vertex 51.0606 17.8409 0.999999
      vertex 51.2092 17.8913 0.999999
    endloop
  endfacet
  facet normal -0.321194 0.947013 0
    outer loop
      vertex 51.0606 17.8409 0.999999
      vertex 51.2092 17.8913 -7.62939e-07
      vertex 51.0606 17.8409 -7.62939e-07
    endloop
  endfacet
  facet normal -0.980825 -0.194891 0
    outer loop
      vertex 51.9397 19.1566 -7.62939e-07
      vertex 51.9091 19.3106 0.999999
      vertex 51.9091 19.3106 -7.62939e-07
    endloop
  endfacet
  facet normal -0.980825 -0.194891 0
    outer loop
      vertex 51.9091 19.3106 0.999999
      vertex 51.9397 19.1566 -7.62939e-07
      vertex 51.9397 19.1566 0.999999
    endloop
  endfacet
  facet normal -0.947013 -0.321194 0
    outer loop
      vertex 51.9091 19.3106 -7.62939e-07
      vertex 51.8587 19.4592 0.999999
      vertex 51.8587 19.4592 -7.62939e-07
    endloop
  endfacet
  facet normal -0.947013 -0.321194 0
    outer loop
      vertex 51.8587 19.4592 0.999999
      vertex 51.9091 19.3106 -7.62939e-07
      vertex 51.9091 19.3106 0.999999
    endloop
  endfacet
  facet normal -0.751787 -0.659406 0
    outer loop
      vertex 51.702 19.7305 -7.62939e-07
      vertex 51.5985 19.8485 0.999999
      vertex 51.5985 19.8485 -7.62939e-07
    endloop
  endfacet
  facet normal -0.751787 -0.659406 0
    outer loop
      vertex 51.5985 19.8485 0.999999
      vertex 51.702 19.7305 -7.62939e-07
      vertex 51.702 19.7305 0.999999
    endloop
  endfacet
  facet normal 0.0656309 -0.997844 0
    outer loop
      vertex 50.5934 20.1897 -7.62939e-07
      vertex 50.75 20.2 0.999999
      vertex 50.5934 20.1897 0.999999
    endloop
  endfacet
  facet normal 0.0656309 -0.997844 0
    outer loop
      vertex 50.75 20.2 0.999999
      vertex 50.5934 20.1897 -7.62939e-07
      vertex 50.75 20.2 -7.62939e-07
    endloop
  endfacet
  facet normal -0.194891 -0.980825 0
    outer loop
      vertex 50.9066 20.1897 -7.62939e-07
      vertex 51.0606 20.1591 0.999999
      vertex 50.9066 20.1897 0.999999
    endloop
  endfacet
  facet normal -0.194891 -0.980825 -0
    outer loop
      vertex 51.0606 20.1591 0.999999
      vertex 50.9066 20.1897 -7.62939e-07
      vertex 51.0606 20.1591 -7.62939e-07
    endloop
  endfacet
  facet normal -0.555582 -0.831462 0
    outer loop
      vertex 51.35 20.0392 -7.62939e-07
      vertex 51.4805 19.952 0.999999
      vertex 51.35 20.0392 0.999999
    endloop
  endfacet
  facet normal -0.555582 -0.831462 -0
    outer loop
      vertex 51.4805 19.952 0.999999
      vertex 51.35 20.0392 -7.62939e-07
      vertex 51.4805 19.952 -7.62939e-07
    endloop
  endfacet
  facet normal -0.442622 -0.896708 0
    outer loop
      vertex 51.2092 20.1087 -7.62939e-07
      vertex 51.35 20.0392 0.999999
      vertex 51.2092 20.1087 0.999999
    endloop
  endfacet
  facet normal -0.442622 -0.896708 -0
    outer loop
      vertex 51.35 20.0392 0.999999
      vertex 51.2092 20.1087 -7.62939e-07
      vertex 51.35 20.0392 -7.62939e-07
    endloop
  endfacet
  facet normal 0.997844 -0.0656309 0
    outer loop
      vertex 49.55 19 0.999999
      vertex 49.5603 19.1566 -7.62939e-07
      vertex 49.5603 19.1566 0.999999
    endloop
  endfacet
  facet normal 0.997844 -0.0656309 0
    outer loop
      vertex 49.5603 19.1566 -7.62939e-07
      vertex 49.55 19 0.999999
      vertex 49.55 19 -7.62939e-07
    endloop
  endfacet
  facet normal 0.896708 -0.442622 0
    outer loop
      vertex 49.6413 19.4592 0.999999
      vertex 49.7108 19.6 -7.62939e-07
      vertex 49.7108 19.6 0.999999
    endloop
  endfacet
  facet normal 0.896708 -0.442622 0
    outer loop
      vertex 49.7108 19.6 -7.62939e-07
      vertex 49.6413 19.4592 0.999999
      vertex 49.6413 19.4592 -7.62939e-07
    endloop
  endfacet
  facet normal 0.194891 -0.980825 0
    outer loop
      vertex 50.4394 20.1591 -7.62939e-07
      vertex 50.5934 20.1897 0.999999
      vertex 50.4394 20.1591 0.999999
    endloop
  endfacet
  facet normal 0.194891 -0.980825 0
    outer loop
      vertex 50.5934 20.1897 0.999999
      vertex 50.4394 20.1591 -7.62939e-07
      vertex 50.5934 20.1897 -7.62939e-07
    endloop
  endfacet
  facet normal 0.321194 -0.947013 0
    outer loop
      vertex 50.2908 20.1087 -7.62939e-07
      vertex 50.4394 20.1591 0.999999
      vertex 50.2908 20.1087 0.999999
    endloop
  endfacet
  facet normal 0.321194 -0.947013 0
    outer loop
      vertex 50.4394 20.1591 0.999999
      vertex 50.2908 20.1087 -7.62939e-07
      vertex 50.4394 20.1591 -7.62939e-07
    endloop
  endfacet
  facet normal 0.555582 -0.831462 0
    outer loop
      vertex 50.0195 19.952 -7.62939e-07
      vertex 50.15 20.0392 0.999999
      vertex 50.0195 19.952 0.999999
    endloop
  endfacet
  facet normal 0.555582 -0.831462 0
    outer loop
      vertex 50.15 20.0392 0.999999
      vertex 50.0195 19.952 -7.62939e-07
      vertex 50.15 20.0392 -7.62939e-07
    endloop
  endfacet
  facet normal 0.659406 -0.751787 0
    outer loop
      vertex 49.9015 19.8485 -7.62939e-07
      vertex 50.0195 19.952 0.999999
      vertex 49.9015 19.8485 0.999999
    endloop
  endfacet
  facet normal 0.659406 -0.751787 0
    outer loop
      vertex 50.0195 19.952 0.999999
      vertex 49.9015 19.8485 -7.62939e-07
      vertex 50.0195 19.952 -7.62939e-07
    endloop
  endfacet
  facet normal -0.997844 -0.0656309 0
    outer loop
      vertex 51.95 19 -7.62939e-07
      vertex 51.9397 19.1566 0.999999
      vertex 51.9397 19.1566 -7.62939e-07
    endloop
  endfacet
  facet normal -0.997844 -0.0656309 0
    outer loop
      vertex 51.9397 19.1566 0.999999
      vertex 51.95 19 -7.62939e-07
      vertex 51.95 19 0.999999
    endloop
  endfacet
  facet normal -0.896708 0.442622 0
    outer loop
      vertex 51.7892 18.4 -7.62939e-07
      vertex 51.8587 18.5408 0.999999
      vertex 51.8587 18.5408 -7.62939e-07
    endloop
  endfacet
  facet normal -0.896708 0.442622 0
    outer loop
      vertex 51.8587 18.5408 0.999999
      vertex 51.7892 18.4 -7.62939e-07
      vertex 51.7892 18.4 0.999999
    endloop
  endfacet
  facet normal -0.194891 0.980825 0
    outer loop
      vertex 51.0606 17.8409 -7.62939e-07
      vertex 50.9066 17.8103 0.999999
      vertex 51.0606 17.8409 0.999999
    endloop
  endfacet
  facet normal -0.194891 0.980825 0
    outer loop
      vertex 50.9066 17.8103 0.999999
      vertex 51.0606 17.8409 -7.62939e-07
      vertex 50.9066 17.8103 -7.62939e-07
    endloop
  endfacet
  facet normal -0.997844 0.0656309 0
    outer loop
      vertex 51.9397 18.8434 -7.62939e-07
      vertex 51.95 19 0.999999
      vertex 51.95 19 -7.62939e-07
    endloop
  endfacet
  facet normal -0.997844 0.0656309 0
    outer loop
      vertex 51.95 19 0.999999
      vertex 51.9397 18.8434 -7.62939e-07
      vertex 51.9397 18.8434 0.999999
    endloop
  endfacet
  facet normal -0.555582 0.831462 0
    outer loop
      vertex 51.4805 18.048 -7.62939e-07
      vertex 51.35 17.9608 0.999999
      vertex 51.4805 18.048 0.999999
    endloop
  endfacet
  facet normal -0.555582 0.831462 0
    outer loop
      vertex 51.35 17.9608 0.999999
      vertex 51.4805 18.048 -7.62939e-07
      vertex 51.35 17.9608 -7.62939e-07
    endloop
  endfacet
  facet normal -0.751787 0.659406 0
    outer loop
      vertex 51.5985 18.1515 -7.62939e-07
      vertex 51.702 18.2695 0.999999
      vertex 51.702 18.2695 -7.62939e-07
    endloop
  endfacet
  facet normal -0.751787 0.659406 0
    outer loop
      vertex 51.702 18.2695 0.999999
      vertex 51.5985 18.1515 -7.62939e-07
      vertex 51.5985 18.1515 0.999999
    endloop
  endfacet
  facet normal 0.321194 0.947013 -0
    outer loop
      vertex 50.4394 17.8409 -7.62939e-07
      vertex 50.2908 17.8913 0.999999
      vertex 50.4394 17.8409 0.999999
    endloop
  endfacet
  facet normal 0.321194 0.947013 0
    outer loop
      vertex 50.2908 17.8913 0.999999
      vertex 50.4394 17.8409 -7.62939e-07
      vertex 50.2908 17.8913 -7.62939e-07
    endloop
  endfacet
  facet normal 0.0656309 0.997844 -0
    outer loop
      vertex 50.75 17.8 -7.62939e-07
      vertex 50.5934 17.8103 0.999999
      vertex 50.75 17.8 0.999999
    endloop
  endfacet
  facet normal 0.0656309 0.997844 0
    outer loop
      vertex 50.5934 17.8103 0.999999
      vertex 50.75 17.8 -7.62939e-07
      vertex 50.5934 17.8103 -7.62939e-07
    endloop
  endfacet
  facet normal 0.980825 0.194891 0
    outer loop
      vertex 49.5909 18.6894 0.999999
      vertex 49.5603 18.8434 -7.62939e-07
      vertex 49.5603 18.8434 0.999999
    endloop
  endfacet
  facet normal 0.980825 0.194891 0
    outer loop
      vertex 49.5603 18.8434 -7.62939e-07
      vertex 49.5909 18.6894 0.999999
      vertex 49.5909 18.6894 -7.62939e-07
    endloop
  endfacet
  facet normal 0.896708 0.442622 0
    outer loop
      vertex 49.7108 18.4 0.999999
      vertex 49.6413 18.5408 -7.62939e-07
      vertex 49.6413 18.5408 0.999999
    endloop
  endfacet
  facet normal 0.896708 0.442622 0
    outer loop
      vertex 49.6413 18.5408 -7.62939e-07
      vertex 49.7108 18.4 0.999999
      vertex 49.7108 18.4 -7.62939e-07
    endloop
  endfacet
  facet normal 0.659406 0.751787 -0
    outer loop
      vertex 50.0195 18.048 -7.62939e-07
      vertex 49.9015 18.1515 0.999999
      vertex 50.0195 18.048 0.999999
    endloop
  endfacet
  facet normal 0.659406 0.751787 0
    outer loop
      vertex 49.9015 18.1515 0.999999
      vertex 50.0195 18.048 -7.62939e-07
      vertex 49.9015 18.1515 -7.62939e-07
    endloop
  endfacet
  facet normal -0.659406 0.751787 0
    outer loop
      vertex 51.5985 18.1515 -7.62939e-07
      vertex 51.4805 18.048 0.999999
      vertex 51.5985 18.1515 0.999999
    endloop
  endfacet
  facet normal -0.659406 0.751787 0
    outer loop
      vertex 51.4805 18.048 0.999999
      vertex 51.5985 18.1515 -7.62939e-07
      vertex 51.4805 18.048 -7.62939e-07
    endloop
  endfacet
  facet normal -0.831462 0.555582 0
    outer loop
      vertex 51.702 18.2695 -7.62939e-07
      vertex 51.7892 18.4 0.999999
      vertex 51.7892 18.4 -7.62939e-07
    endloop
  endfacet
  facet normal -0.831462 0.555582 0
    outer loop
      vertex 51.7892 18.4 0.999999
      vertex 51.702 18.2695 -7.62939e-07
      vertex 51.702 18.2695 0.999999
    endloop
  endfacet
  facet normal -0.0656309 0.997844 0
    outer loop
      vertex 50.9066 17.8103 -7.62939e-07
      vertex 50.75 17.8 0.999999
      vertex 50.9066 17.8103 0.999999
    endloop
  endfacet
  facet normal -0.0656309 0.997844 0
    outer loop
      vertex 50.75 17.8 0.999999
      vertex 50.9066 17.8103 -7.62939e-07
      vertex 50.75 17.8 -7.62939e-07
    endloop
  endfacet
  facet normal 0.194891 0.980825 -0
    outer loop
      vertex 50.5934 17.8103 -7.62939e-07
      vertex 50.4394 17.8409 0.999999
      vertex 50.5934 17.8103 0.999999
    endloop
  endfacet
  facet normal 0.194891 0.980825 0
    outer loop
      vertex 50.4394 17.8409 0.999999
      vertex 50.5934 17.8103 -7.62939e-07
      vertex 50.4394 17.8409 -7.62939e-07
    endloop
  endfacet
  facet normal 0.947013 0.321194 0
    outer loop
      vertex 49.6413 18.5408 0.999999
      vertex 49.5909 18.6894 -7.62939e-07
      vertex 49.5909 18.6894 0.999999
    endloop
  endfacet
  facet normal 0.947013 0.321194 0
    outer loop
      vertex 49.5909 18.6894 -7.62939e-07
      vertex 49.6413 18.5408 0.999999
      vertex 49.6413 18.5408 -7.62939e-07
    endloop
  endfacet
  facet normal 0.751787 0.659406 0
    outer loop
      vertex 49.9015 18.1515 0.999999
      vertex 49.798 18.2695 -7.62939e-07
      vertex 49.798 18.2695 0.999999
    endloop
  endfacet
  facet normal 0.751787 0.659406 0
    outer loop
      vertex 49.798 18.2695 -7.62939e-07
      vertex 49.9015 18.1515 0.999999
      vertex 49.9015 18.1515 -7.62939e-07
    endloop
  endfacet
  facet normal 0.831462 0.555582 0
    outer loop
      vertex 49.798 18.2695 0.999999
      vertex 49.7108 18.4 -7.62939e-07
      vertex 49.7108 18.4 0.999999
    endloop
  endfacet
  facet normal 0.831462 0.555582 0
    outer loop
      vertex 49.7108 18.4 -7.62939e-07
      vertex 49.798 18.2695 0.999999
      vertex 49.798 18.2695 -7.62939e-07
    endloop
  endfacet
  facet normal 0.555582 0.831462 -0
    outer loop
      vertex 50.15 17.9608 -7.62939e-07
      vertex 50.0195 18.048 0.999999
      vertex 50.15 17.9608 0.999999
    endloop
  endfacet
  facet normal 0.555582 0.831462 0
    outer loop
      vertex 50.0195 18.048 0.999999
      vertex 50.15 17.9608 -7.62939e-07
      vertex 50.0195 18.048 -7.62939e-07
    endloop
  endfacet
  facet normal 0.442622 0.896708 -0
    outer loop
      vertex 50.2908 17.8913 -7.62939e-07
      vertex 50.15 17.9608 0.999999
      vertex 50.2908 17.8913 0.999999
    endloop
  endfacet
  facet normal 0.442622 0.896708 0
    outer loop
      vertex 50.15 17.9608 0.999999
      vertex 50.2908 17.8913 -7.62939e-07
      vertex 50.15 17.9608 -7.62939e-07
    endloop
  endfacet
  facet normal -0.997844 -0.0656309 0
    outer loop
      vertex 51.95 39 -7.62939e-07
      vertex 51.9397 39.1566 0.999999
      vertex 51.9397 39.1566 -7.62939e-07
    endloop
  endfacet
  facet normal -0.997844 -0.0656309 0
    outer loop
      vertex 51.9397 39.1566 0.999999
      vertex 51.95 39 -7.62939e-07
      vertex 51.95 39 0.999999
    endloop
  endfacet
  facet normal 0.0656309 -0.997844 0
    outer loop
      vertex 50.5934 40.1897 -7.62939e-07
      vertex 50.75 40.2 0.999999
      vertex 50.5934 40.1897 0.999999
    endloop
  endfacet
  facet normal 0.0656309 -0.997844 0
    outer loop
      vertex 50.75 40.2 0.999999
      vertex 50.5934 40.1897 -7.62939e-07
      vertex 50.75 40.2 -7.62939e-07
    endloop
  endfacet
  facet normal -0.0656309 0.997844 0
    outer loop
      vertex 50.9066 37.8103 -7.62939e-07
      vertex 50.75 37.8 0.999999
      vertex 50.9066 37.8103 0.999999
    endloop
  endfacet
  facet normal -0.0656309 0.997844 0
    outer loop
      vertex 50.75 37.8 0.999999
      vertex 50.9066 37.8103 -7.62939e-07
      vertex 50.75 37.8 -7.62939e-07
    endloop
  endfacet
  facet normal -0.659406 -0.751787 0
    outer loop
      vertex 51.4805 39.952 -7.62939e-07
      vertex 51.5985 39.8485 0.999999
      vertex 51.4805 39.952 0.999999
    endloop
  endfacet
  facet normal -0.659406 -0.751787 -0
    outer loop
      vertex 51.5985 39.8485 0.999999
      vertex 51.4805 39.952 -7.62939e-07
      vertex 51.5985 39.8485 -7.62939e-07
    endloop
  endfacet
  facet normal 0.751787 -0.659406 0
    outer loop
      vertex 49.798 39.7305 0.999999
      vertex 49.9015 39.8485 -7.62939e-07
      vertex 49.9015 39.8485 0.999999
    endloop
  endfacet
  facet normal 0.751787 -0.659406 0
    outer loop
      vertex 49.9015 39.8485 -7.62939e-07
      vertex 49.798 39.7305 0.999999
      vertex 49.798 39.7305 -7.62939e-07
    endloop
  endfacet
  facet normal 0.442622 -0.896708 0
    outer loop
      vertex 50.15 40.0392 -7.62939e-07
      vertex 50.2908 40.1087 0.999999
      vertex 50.15 40.0392 0.999999
    endloop
  endfacet
  facet normal 0.442622 -0.896708 0
    outer loop
      vertex 50.2908 40.1087 0.999999
      vertex 50.15 40.0392 -7.62939e-07
      vertex 50.2908 40.1087 -7.62939e-07
    endloop
  endfacet
  facet normal -0.896708 -0.442622 0
    outer loop
      vertex 51.8587 39.4592 -7.62939e-07
      vertex 51.7892 39.6 0.999999
      vertex 51.7892 39.6 -7.62939e-07
    endloop
  endfacet
  facet normal -0.896708 -0.442622 0
    outer loop
      vertex 51.7892 39.6 0.999999
      vertex 51.8587 39.4592 -7.62939e-07
      vertex 51.8587 39.4592 0.999999
    endloop
  endfacet
  facet normal -0.321194 -0.947013 0
    outer loop
      vertex 51.0606 40.1591 -7.62939e-07
      vertex 51.2092 40.1087 0.999999
      vertex 51.0606 40.1591 0.999999
    endloop
  endfacet
  facet normal -0.321194 -0.947013 -0
    outer loop
      vertex 51.2092 40.1087 0.999999
      vertex 51.0606 40.1591 -7.62939e-07
      vertex 51.2092 40.1087 -7.62939e-07
    endloop
  endfacet
  facet normal -0.194891 -0.980825 0
    outer loop
      vertex 50.9066 40.1897 -7.62939e-07
      vertex 51.0606 40.1591 0.999999
      vertex 50.9066 40.1897 0.999999
    endloop
  endfacet
  facet normal -0.194891 -0.980825 -0
    outer loop
      vertex 51.0606 40.1591 0.999999
      vertex 50.9066 40.1897 -7.62939e-07
      vertex 51.0606 40.1591 -7.62939e-07
    endloop
  endfacet
  facet normal -0.442622 -0.896708 0
    outer loop
      vertex 51.2092 40.1087 -7.62939e-07
      vertex 51.35 40.0392 0.999999
      vertex 51.2092 40.1087 0.999999
    endloop
  endfacet
  facet normal -0.442622 -0.896708 -0
    outer loop
      vertex 51.35 40.0392 0.999999
      vertex 51.2092 40.1087 -7.62939e-07
      vertex 51.35 40.0392 -7.62939e-07
    endloop
  endfacet
  facet normal 0.947013 -0.321194 0
    outer loop
      vertex 49.5909 39.3106 0.999999
      vertex 49.6413 39.4592 -7.62939e-07
      vertex 49.6413 39.4592 0.999999
    endloop
  endfacet
  facet normal 0.947013 -0.321194 0
    outer loop
      vertex 49.6413 39.4592 -7.62939e-07
      vertex 49.5909 39.3106 0.999999
      vertex 49.5909 39.3106 -7.62939e-07
    endloop
  endfacet
  facet normal 0.980825 -0.194891 0
    outer loop
      vertex 49.5603 39.1566 0.999999
      vertex 49.5909 39.3106 -7.62939e-07
      vertex 49.5909 39.3106 0.999999
    endloop
  endfacet
  facet normal 0.980825 -0.194891 0
    outer loop
      vertex 49.5909 39.3106 -7.62939e-07
      vertex 49.5603 39.1566 0.999999
      vertex 49.5603 39.1566 -7.62939e-07
    endloop
  endfacet
  facet normal 0.321194 -0.947013 0
    outer loop
      vertex 50.2908 40.1087 -7.62939e-07
      vertex 50.4394 40.1591 0.999999
      vertex 50.2908 40.1087 0.999999
    endloop
  endfacet
  facet normal 0.321194 -0.947013 0
    outer loop
      vertex 50.4394 40.1591 0.999999
      vertex 50.2908 40.1087 -7.62939e-07
      vertex 50.4394 40.1591 -7.62939e-07
    endloop
  endfacet
  facet normal 0.831462 0.555582 0
    outer loop
      vertex 49.798 38.2695 0.999999
      vertex 49.7108 38.4 -7.62939e-07
      vertex 49.7108 38.4 0.999999
    endloop
  endfacet
  facet normal 0.831462 0.555582 0
    outer loop
      vertex 49.7108 38.4 -7.62939e-07
      vertex 49.798 38.2695 0.999999
      vertex 49.798 38.2695 -7.62939e-07
    endloop
  endfacet
  facet normal -0.194891 0.980825 0
    outer loop
      vertex 51.0606 37.8409 -7.62939e-07
      vertex 50.9066 37.8103 0.999999
      vertex 51.0606 37.8409 0.999999
    endloop
  endfacet
  facet normal -0.194891 0.980825 0
    outer loop
      vertex 50.9066 37.8103 0.999999
      vertex 51.0606 37.8409 -7.62939e-07
      vertex 50.9066 37.8103 -7.62939e-07
    endloop
  endfacet
  facet normal -0.442622 0.896708 0
    outer loop
      vertex 51.35 37.9608 -7.62939e-07
      vertex 51.2092 37.8913 0.999999
      vertex 51.35 37.9608 0.999999
    endloop
  endfacet
  facet normal -0.442622 0.896708 0
    outer loop
      vertex 51.2092 37.8913 0.999999
      vertex 51.35 37.9608 -7.62939e-07
      vertex 51.2092 37.8913 -7.62939e-07
    endloop
  endfacet
  facet normal -0.947013 -0.321194 0
    outer loop
      vertex 51.9091 39.3106 -7.62939e-07
      vertex 51.8587 39.4592 0.999999
      vertex 51.8587 39.4592 -7.62939e-07
    endloop
  endfacet
  facet normal -0.947013 -0.321194 0
    outer loop
      vertex 51.8587 39.4592 0.999999
      vertex 51.9091 39.3106 -7.62939e-07
      vertex 51.9091 39.3106 0.999999
    endloop
  endfacet
  facet normal -0.980825 -0.194891 0
    outer loop
      vertex 51.9397 39.1566 -7.62939e-07
      vertex 51.9091 39.3106 0.999999
      vertex 51.9091 39.3106 -7.62939e-07
    endloop
  endfacet
  facet normal -0.980825 -0.194891 0
    outer loop
      vertex 51.9091 39.3106 0.999999
      vertex 51.9397 39.1566 -7.62939e-07
      vertex 51.9397 39.1566 0.999999
    endloop
  endfacet
  facet normal -0.751787 -0.659406 0
    outer loop
      vertex 51.702 39.7305 -7.62939e-07
      vertex 51.5985 39.8485 0.999999
      vertex 51.5985 39.8485 -7.62939e-07
    endloop
  endfacet
  facet normal -0.751787 -0.659406 0
    outer loop
      vertex 51.5985 39.8485 0.999999
      vertex 51.702 39.7305 -7.62939e-07
      vertex 51.702 39.7305 0.999999
    endloop
  endfacet
  facet normal -0.831462 -0.555582 0
    outer loop
      vertex 51.7892 39.6 -7.62939e-07
      vertex 51.702 39.7305 0.999999
      vertex 51.702 39.7305 -7.62939e-07
    endloop
  endfacet
  facet normal -0.831462 -0.555582 0
    outer loop
      vertex 51.702 39.7305 0.999999
      vertex 51.7892 39.6 -7.62939e-07
      vertex 51.7892 39.6 0.999999
    endloop
  endfacet
  facet normal -0.0656309 -0.997844 0
    outer loop
      vertex 50.75 40.2 -7.62939e-07
      vertex 50.9066 40.1897 0.999999
      vertex 50.75 40.2 0.999999
    endloop
  endfacet
  facet normal -0.0656309 -0.997844 -0
    outer loop
      vertex 50.9066 40.1897 0.999999
      vertex 50.75 40.2 -7.62939e-07
      vertex 50.9066 40.1897 -7.62939e-07
    endloop
  endfacet
  facet normal -0.555582 -0.831462 0
    outer loop
      vertex 51.35 40.0392 -7.62939e-07
      vertex 51.4805 39.952 0.999999
      vertex 51.35 40.0392 0.999999
    endloop
  endfacet
  facet normal -0.555582 -0.831462 -0
    outer loop
      vertex 51.4805 39.952 0.999999
      vertex 51.35 40.0392 -7.62939e-07
      vertex 51.4805 39.952 -7.62939e-07
    endloop
  endfacet
  facet normal 0.896708 -0.442622 0
    outer loop
      vertex 49.6413 39.4592 0.999999
      vertex 49.7108 39.6 -7.62939e-07
      vertex 49.7108 39.6 0.999999
    endloop
  endfacet
  facet normal 0.896708 -0.442622 0
    outer loop
      vertex 49.7108 39.6 -7.62939e-07
      vertex 49.6413 39.4592 0.999999
      vertex 49.6413 39.4592 -7.62939e-07
    endloop
  endfacet
  facet normal 0.831462 -0.555582 0
    outer loop
      vertex 49.7108 39.6 0.999999
      vertex 49.798 39.7305 -7.62939e-07
      vertex 49.798 39.7305 0.999999
    endloop
  endfacet
  facet normal 0.831462 -0.555582 0
    outer loop
      vertex 49.798 39.7305 -7.62939e-07
      vertex 49.7108 39.6 0.999999
      vertex 49.7108 39.6 -7.62939e-07
    endloop
  endfacet
  facet normal 0.997844 -0.0656309 0
    outer loop
      vertex 49.55 39 0.999999
      vertex 49.5603 39.1566 -7.62939e-07
      vertex 49.5603 39.1566 0.999999
    endloop
  endfacet
  facet normal 0.997844 -0.0656309 0
    outer loop
      vertex 49.5603 39.1566 -7.62939e-07
      vertex 49.55 39 0.999999
      vertex 49.55 39 -7.62939e-07
    endloop
  endfacet
  facet normal 0.555582 -0.831462 0
    outer loop
      vertex 50.0195 39.952 -7.62939e-07
      vertex 50.15 40.0392 0.999999
      vertex 50.0195 39.952 0.999999
    endloop
  endfacet
  facet normal 0.555582 -0.831462 0
    outer loop
      vertex 50.15 40.0392 0.999999
      vertex 50.0195 39.952 -7.62939e-07
      vertex 50.15 40.0392 -7.62939e-07
    endloop
  endfacet
  facet normal 0.659406 -0.751787 0
    outer loop
      vertex 49.9015 39.8485 -7.62939e-07
      vertex 50.0195 39.952 0.999999
      vertex 49.9015 39.8485 0.999999
    endloop
  endfacet
  facet normal 0.659406 -0.751787 0
    outer loop
      vertex 50.0195 39.952 0.999999
      vertex 49.9015 39.8485 -7.62939e-07
      vertex 50.0195 39.952 -7.62939e-07
    endloop
  endfacet
  facet normal 0.194891 -0.980825 0
    outer loop
      vertex 50.4394 40.1591 -7.62939e-07
      vertex 50.5934 40.1897 0.999999
      vertex 50.4394 40.1591 0.999999
    endloop
  endfacet
  facet normal 0.194891 -0.980825 0
    outer loop
      vertex 50.5934 40.1897 0.999999
      vertex 50.4394 40.1591 -7.62939e-07
      vertex 50.5934 40.1897 -7.62939e-07
    endloop
  endfacet
  facet normal -0.997844 0.0656309 0
    outer loop
      vertex 51.9397 38.8434 -7.62939e-07
      vertex 51.95 39 0.999999
      vertex 51.95 39 -7.62939e-07
    endloop
  endfacet
  facet normal -0.997844 0.0656309 0
    outer loop
      vertex 51.95 39 0.999999
      vertex 51.9397 38.8434 -7.62939e-07
      vertex 51.9397 38.8434 0.999999
    endloop
  endfacet
  facet normal -0.751787 0.659406 0
    outer loop
      vertex 51.5985 38.1515 -7.62939e-07
      vertex 51.702 38.2695 0.999999
      vertex 51.702 38.2695 -7.62939e-07
    endloop
  endfacet
  facet normal -0.751787 0.659406 0
    outer loop
      vertex 51.702 38.2695 0.999999
      vertex 51.5985 38.1515 -7.62939e-07
      vertex 51.5985 38.1515 0.999999
    endloop
  endfacet
  facet normal -0.947013 0.321194 0
    outer loop
      vertex 51.8587 38.5408 -7.62939e-07
      vertex 51.9091 38.6894 0.999999
      vertex 51.9091 38.6894 -7.62939e-07
    endloop
  endfacet
  facet normal -0.947013 0.321194 0
    outer loop
      vertex 51.9091 38.6894 0.999999
      vertex 51.8587 38.5408 -7.62939e-07
      vertex 51.8587 38.5408 0.999999
    endloop
  endfacet
  facet normal -0.980825 0.194891 0
    outer loop
      vertex 51.9091 38.6894 -7.62939e-07
      vertex 51.9397 38.8434 0.999999
      vertex 51.9397 38.8434 -7.62939e-07
    endloop
  endfacet
  facet normal -0.980825 0.194891 0
    outer loop
      vertex 51.9397 38.8434 0.999999
      vertex 51.9091 38.6894 -7.62939e-07
      vertex 51.9091 38.6894 0.999999
    endloop
  endfacet
  facet normal 0.997844 0.0656309 0
    outer loop
      vertex 49.5603 38.8434 0.999999
      vertex 49.55 39 -7.62939e-07
      vertex 49.55 39 0.999999
    endloop
  endfacet
  facet normal 0.997844 0.0656309 0
    outer loop
      vertex 49.55 39 -7.62939e-07
      vertex 49.5603 38.8434 0.999999
      vertex 49.5603 38.8434 -7.62939e-07
    endloop
  endfacet
  facet normal -0.831462 0.555582 0
    outer loop
      vertex 51.702 38.2695 -7.62939e-07
      vertex 51.7892 38.4 0.999999
      vertex 51.7892 38.4 -7.62939e-07
    endloop
  endfacet
  facet normal -0.831462 0.555582 0
    outer loop
      vertex 51.7892 38.4 0.999999
      vertex 51.702 38.2695 -7.62939e-07
      vertex 51.702 38.2695 0.999999
    endloop
  endfacet
  facet normal 0.659406 0.751787 -0
    outer loop
      vertex 50.0195 38.048 -7.62939e-07
      vertex 49.9015 38.1515 0.999999
      vertex 50.0195 38.048 0.999999
    endloop
  endfacet
  facet normal 0.659406 0.751787 0
    outer loop
      vertex 49.9015 38.1515 0.999999
      vertex 50.0195 38.048 -7.62939e-07
      vertex 49.9015 38.1515 -7.62939e-07
    endloop
  endfacet
  facet normal 0.896708 0.442622 0
    outer loop
      vertex 49.7108 38.4 0.999999
      vertex 49.6413 38.5408 -7.62939e-07
      vertex 49.6413 38.5408 0.999999
    endloop
  endfacet
  facet normal 0.896708 0.442622 0
    outer loop
      vertex 49.6413 38.5408 -7.62939e-07
      vertex 49.7108 38.4 0.999999
      vertex 49.7108 38.4 -7.62939e-07
    endloop
  endfacet
  facet normal -0.321194 0.947013 0
    outer loop
      vertex 51.2092 37.8913 -7.62939e-07
      vertex 51.0606 37.8409 0.999999
      vertex 51.2092 37.8913 0.999999
    endloop
  endfacet
  facet normal -0.321194 0.947013 0
    outer loop
      vertex 51.0606 37.8409 0.999999
      vertex 51.2092 37.8913 -7.62939e-07
      vertex 51.0606 37.8409 -7.62939e-07
    endloop
  endfacet
  facet normal -0.896708 0.442622 0
    outer loop
      vertex 51.7892 38.4 -7.62939e-07
      vertex 51.8587 38.5408 0.999999
      vertex 51.8587 38.5408 -7.62939e-07
    endloop
  endfacet
  facet normal -0.896708 0.442622 0
    outer loop
      vertex 51.8587 38.5408 0.999999
      vertex 51.7892 38.4 -7.62939e-07
      vertex 51.7892 38.4 0.999999
    endloop
  endfacet
  facet normal -0.659406 0.751787 0
    outer loop
      vertex 51.5985 38.1515 -7.62939e-07
      vertex 51.4805 38.048 0.999999
      vertex 51.5985 38.1515 0.999999
    endloop
  endfacet
  facet normal -0.659406 0.751787 0
    outer loop
      vertex 51.4805 38.048 0.999999
      vertex 51.5985 38.1515 -7.62939e-07
      vertex 51.4805 38.048 -7.62939e-07
    endloop
  endfacet
  facet normal -0.555582 0.831462 0
    outer loop
      vertex 51.4805 38.048 -7.62939e-07
      vertex 51.35 37.9608 0.999999
      vertex 51.4805 38.048 0.999999
    endloop
  endfacet
  facet normal -0.555582 0.831462 0
    outer loop
      vertex 51.35 37.9608 0.999999
      vertex 51.4805 38.048 -7.62939e-07
      vertex 51.35 37.9608 -7.62939e-07
    endloop
  endfacet
  facet normal 0.0656309 0.997844 -0
    outer loop
      vertex 50.75 37.8 -7.62939e-07
      vertex 50.5934 37.8103 0.999999
      vertex 50.75 37.8 0.999999
    endloop
  endfacet
  facet normal 0.0656309 0.997844 0
    outer loop
      vertex 50.5934 37.8103 0.999999
      vertex 50.75 37.8 -7.62939e-07
      vertex 50.5934 37.8103 -7.62939e-07
    endloop
  endfacet
  facet normal 0.321194 0.947013 -0
    outer loop
      vertex 50.4394 37.8409 -7.62939e-07
      vertex 50.2908 37.8913 0.999999
      vertex 50.4394 37.8409 0.999999
    endloop
  endfacet
  facet normal 0.321194 0.947013 0
    outer loop
      vertex 50.2908 37.8913 0.999999
      vertex 50.4394 37.8409 -7.62939e-07
      vertex 50.2908 37.8913 -7.62939e-07
    endloop
  endfacet
  facet normal 0.194891 0.980825 -0
    outer loop
      vertex 50.5934 37.8103 -7.62939e-07
      vertex 50.4394 37.8409 0.999999
      vertex 50.5934 37.8103 0.999999
    endloop
  endfacet
  facet normal 0.194891 0.980825 0
    outer loop
      vertex 50.4394 37.8409 0.999999
      vertex 50.5934 37.8103 -7.62939e-07
      vertex 50.4394 37.8409 -7.62939e-07
    endloop
  endfacet
  facet normal 0.751787 0.659406 0
    outer loop
      vertex 49.9015 38.1515 0.999999
      vertex 49.798 38.2695 -7.62939e-07
      vertex 49.798 38.2695 0.999999
    endloop
  endfacet
  facet normal 0.751787 0.659406 0
    outer loop
      vertex 49.798 38.2695 -7.62939e-07
      vertex 49.9015 38.1515 0.999999
      vertex 49.9015 38.1515 -7.62939e-07
    endloop
  endfacet
  facet normal 0.947013 0.321194 0
    outer loop
      vertex 49.6413 38.5408 0.999999
      vertex 49.5909 38.6894 -7.62939e-07
      vertex 49.5909 38.6894 0.999999
    endloop
  endfacet
  facet normal 0.947013 0.321194 0
    outer loop
      vertex 49.5909 38.6894 -7.62939e-07
      vertex 49.6413 38.5408 0.999999
      vertex 49.6413 38.5408 -7.62939e-07
    endloop
  endfacet
  facet normal 0.980825 0.194891 0
    outer loop
      vertex 49.5909 38.6894 0.999999
      vertex 49.5603 38.8434 -7.62939e-07
      vertex 49.5603 38.8434 0.999999
    endloop
  endfacet
  facet normal 0.980825 0.194891 0
    outer loop
      vertex 49.5603 38.8434 -7.62939e-07
      vertex 49.5909 38.6894 0.999999
      vertex 49.5909 38.6894 -7.62939e-07
    endloop
  endfacet
  facet normal 0.442622 0.896708 -0
    outer loop
      vertex 50.2908 37.8913 -7.62939e-07
      vertex 50.15 37.9608 0.999999
      vertex 50.2908 37.8913 0.999999
    endloop
  endfacet
  facet normal 0.442622 0.896708 0
    outer loop
      vertex 50.15 37.9608 0.999999
      vertex 50.2908 37.8913 -7.62939e-07
      vertex 50.15 37.9608 -7.62939e-07
    endloop
  endfacet
  facet normal 0.555582 0.831462 -0
    outer loop
      vertex 50.15 37.9608 -7.62939e-07
      vertex 50.0195 38.048 0.999999
      vertex 50.15 37.9608 0.999999
    endloop
  endfacet
  facet normal 0.555582 0.831462 0
    outer loop
      vertex 50.0195 38.048 0.999999
      vertex 50.15 37.9608 -7.62939e-07
      vertex 50.0195 38.048 -7.62939e-07
    endloop
  endfacet
  facet normal 1 -0 0
    outer loop
      vertex 4.5 21 0.999999
      vertex 4.5 26 -7.62939e-07
      vertex 4.5 26 0.999999
    endloop
  endfacet
  facet normal 1 0 0
    outer loop
      vertex 4.5 26 -7.62939e-07
      vertex 4.5 21 0.999999
      vertex 4.5 21 -7.62939e-07
    endloop
  endfacet
  facet normal -1 0 0
    outer loop
      vertex 6.1 21 -7.62939e-07
      vertex 6.1 26 0.999999
      vertex 6.1 26 -7.62939e-07
    endloop
  endfacet
  facet normal -1 -0 0
    outer loop
      vertex 6.1 26 0.999999
      vertex 6.1 21 -7.62939e-07
      vertex 6.1 21 0.999999
    endloop
  endfacet
  facet normal 0 -1 0
    outer loop
      vertex 4.5 26 -7.62939e-07
      vertex 6.1 26 0.999999
      vertex 4.5 26 0.999999
    endloop
  endfacet
  facet normal 0 -1 -0
    outer loop
      vertex 6.1 26 0.999999
      vertex 4.5 26 -7.62939e-07
      vertex 6.1 26 -7.62939e-07
    endloop
  endfacet
  facet normal 0 1 -0
    outer loop
      vertex 6.1 21 -7.62939e-07
      vertex 4.5 21 0.999999
      vertex 6.1 21 0.999999
    endloop
  endfacet
  facet normal 0 1 0
    outer loop
      vertex 4.5 21 0.999999
      vertex 6.1 21 -7.62939e-07
      vertex 4.5 21 -7.62939e-07
    endloop
  endfacet
  facet normal 1 -0 0
    outer loop
      vertex 4.5 39.9349 0.999999
      vertex 4.5 44 -7.62939e-07
      vertex 4.5 44 0.999999
    endloop
  endfacet
  facet normal 1 0 0
    outer loop
      vertex 4.5 44 -7.62939e-07
      vertex 4.5 39.9349 0.999999
      vertex 4.5 39.9349 -7.62939e-07
    endloop
  endfacet
  facet normal -1 0 0
    outer loop
      vertex 6.1 39 -7.62939e-07
      vertex 6.1 44 0.999999
      vertex 6.1 44 -7.62939e-07
    endloop
  endfacet
  facet normal -1 -0 0
    outer loop
      vertex 6.1 44 0.999999
      vertex 6.1 39 -7.62939e-07
      vertex 6.1 39 0.999999
    endloop
  endfacet
  facet normal 0 1 -0
    outer loop
      vertex 6.1 39 -7.62939e-07
      vertex 4.95 39 0.999999
      vertex 6.1 39 0.999999
    endloop
  endfacet
  facet normal 0 1 0
    outer loop
      vertex 4.95 39 0.999999
      vertex 6.1 39 -7.62939e-07
      vertex 4.95 39 -7.62939e-07
    endloop
  endfacet
  facet normal 0 -1 0
    outer loop
      vertex 4.5 44 -7.62939e-07
      vertex 6.1 44 0.999999
      vertex 4.5 44 0.999999
    endloop
  endfacet
  facet normal 0 -1 -0
    outer loop
      vertex 6.1 44 0.999999
      vertex 4.5 44 -7.62939e-07
      vertex 6.1 44 -7.62939e-07
    endloop
  endfacet
  facet normal 1 0 0
    outer loop
      vertex 23 24.2 0.999999
      vertex 23 21 0.999999
      vertex 23 24.2 0.9
    endloop
  endfacet
  facet normal 1 -0 0
    outer loop
      vertex 23 24.2 0.9
      vertex 23 26 -7.62939e-07
      vertex 23 26 0.9
    endloop
  endfacet
  facet normal 1 0 0
    outer loop
      vertex 23 21 -7.62939e-07
      vertex 23 24.2 0.9
      vertex 23 21 0.999999
    endloop
  endfacet
  facet normal 1 0 0
    outer loop
      vertex 23 24.2 0.9
      vertex 23 21 -7.62939e-07
      vertex 23 26 -7.62939e-07
    endloop
  endfacet
  facet normal -1 0 0
    outer loop
      vertex 24.6 26 -7.62939e-07
      vertex 24.6 24.2 0.9
      vertex 24.6 26 0.9
    endloop
  endfacet
  facet normal -1 0 0
    outer loop
      vertex 24.6 21 -7.62939e-07
      vertex 24.6 24.2 0.9
      vertex 24.6 26 -7.62939e-07
    endloop
  endfacet
  facet normal -1 0 0
    outer loop
      vertex 24.6 21 0.999999
      vertex 24.6 24.2 0.9
      vertex 24.6 21 -7.62939e-07
    endloop
  endfacet
  facet normal -1 0 0
    outer loop
      vertex 24.6 24.2 0.9
      vertex 24.6 21 0.999999
      vertex 24.6 24.2 0.999999
    endloop
  endfacet
  facet normal 0 -1 0
    outer loop
      vertex 23 26 -7.62939e-07
      vertex 24.6 26 0.9
      vertex 23 26 0.9
    endloop
  endfacet
  facet normal 0 -1 -0
    outer loop
      vertex 24.6 26 0.9
      vertex 23 26 -7.62939e-07
      vertex 24.6 26 -7.62939e-07
    endloop
  endfacet
  facet normal 0 1 -0
    outer loop
      vertex 24.6 21 -7.62939e-07
      vertex 23 21 0.999999
      vertex 24.6 21 0.999999
    endloop
  endfacet
  facet normal 0 1 0
    outer loop
      vertex 23 21 0.999999
      vertex 24.6 21 -7.62939e-07
      vertex 23 21 -7.62939e-07
    endloop
  endfacet
  facet normal 1 -0 0
    outer loop
      vertex 23 39 0.999999
      vertex 23 44 -7.62939e-07
      vertex 23 44 0.999999
    endloop
  endfacet
  facet normal 1 0 0
    outer loop
      vertex 23 44 -7.62939e-07
      vertex 23 39 0.999999
      vertex 23 39 -7.62939e-07
    endloop
  endfacet
  facet normal -1 0 0
    outer loop
      vertex 24.6 39 -7.62939e-07
      vertex 24.6 44 0.999999
      vertex 24.6 44 -7.62939e-07
    endloop
  endfacet
  facet normal -1 -0 0
    outer loop
      vertex 24.6 44 0.999999
      vertex 24.6 39 -7.62939e-07
      vertex 24.6 39 0.999999
    endloop
  endfacet
  facet normal 0 1 -0
    outer loop
      vertex 24.6 39 -7.62939e-07
      vertex 23 39 0.999999
      vertex 24.6 39 0.999999
    endloop
  endfacet
  facet normal 0 1 0
    outer loop
      vertex 23 39 0.999999
      vertex 24.6 39 -7.62939e-07
      vertex 23 39 -7.62939e-07
    endloop
  endfacet
  facet normal 0 -1 0
    outer loop
      vertex 23 44 -7.62939e-07
      vertex 24.6 44 0.999999
      vertex 23 44 0.999999
    endloop
  endfacet
  facet normal 0 -1 -0
    outer loop
      vertex 24.6 44 0.999999
      vertex 23 44 -7.62939e-07
      vertex 24.6 44 -7.62939e-07
    endloop
  endfacet
  facet normal 1 0 0
    outer loop
      vertex 26.5 24.2 0.999999
      vertex 26.5 20 0.999999
      vertex 26.5 24.2 0.9
    endloop
  endfacet
  facet normal 1 -0 0
    outer loop
      vertex 26.5 24.2 0.9
      vertex 26.5 25 -7.62939e-07
      vertex 26.5 25 0.9
    endloop
  endfacet
  facet normal 1 0 0
    outer loop
      vertex 26.5 20 -7.62939e-07
      vertex 26.5 24.2 0.9
      vertex 26.5 20 0.999999
    endloop
  endfacet
  facet normal 1 0 0
    outer loop
      vertex 26.5 24.2 0.9
      vertex 26.5 20 -7.62939e-07
      vertex 26.5 25 -7.62939e-07
    endloop
  endfacet
  facet normal -1 0 0
    outer loop
      vertex 28.1 20 -7.62939e-07
      vertex 28.1 25 0.999999
      vertex 28.1 25 -7.62939e-07
    endloop
  endfacet
  facet normal -1 -0 0
    outer loop
      vertex 28.1 25 0.999999
      vertex 28.1 20 -7.62939e-07
      vertex 28.1 20 0.999999
    endloop
  endfacet
  facet normal 0 -1 0
    outer loop
      vertex 26.5 25 0.9
      vertex 26.5 25 -7.62939e-07
      vertex 28 25 0.9
    endloop
  endfacet
  facet normal 0 -1 0
    outer loop
      vertex 28 25 0.9
      vertex 28.1 25 0.999999
      vertex 28 25 0.999999
    endloop
  endfacet
  facet normal 0 -1 0
    outer loop
      vertex 28 25 0.9
      vertex 28.1 25 -7.62939e-07
      vertex 28.1 25 0.999999
    endloop
  endfacet
  facet normal 0 -1 0
    outer loop
      vertex 28.1 25 -7.62939e-07
      vertex 28 25 0.9
      vertex 26.5 25 -7.62939e-07
    endloop
  endfacet
  facet normal 0 1 -0
    outer loop
      vertex 28.1 20 -7.62939e-07
      vertex 26.5 20 0.999999
      vertex 28.1 20 0.999999
    endloop
  endfacet
  facet normal 0 1 0
    outer loop
      vertex 26.5 20 0.999999
      vertex 28.1 20 -7.62939e-07
      vertex 26.5 20 -7.62939e-07
    endloop
  endfacet
  facet normal 1 -0 0
    outer loop
      vertex 26.5 37 0.999999
      vertex 26.5 42 -7.62939e-07
      vertex 26.5 42 0.999999
    endloop
  endfacet
  facet normal 1 0 0
    outer loop
      vertex 26.5 42 -7.62939e-07
      vertex 26.5 37 0.999999
      vertex 26.5 37 -7.62939e-07
    endloop
  endfacet
  facet normal -1 0 0
    outer loop
      vertex 28.1 37 -7.62939e-07
      vertex 28.1 42 0.999999
      vertex 28.1 42 -7.62939e-07
    endloop
  endfacet
  facet normal -1 -0 0
    outer loop
      vertex 28.1 42 0.999999
      vertex 28.1 37 -7.62939e-07
      vertex 28.1 37 0.999999
    endloop
  endfacet
  facet normal 0 1 -0
    outer loop
      vertex 28.1 37 -7.62939e-07
      vertex 26.5 37 0.999999
      vertex 28.1 37 0.999999
    endloop
  endfacet
  facet normal 0 1 0
    outer loop
      vertex 26.5 37 0.999999
      vertex 28.1 37 -7.62939e-07
      vertex 26.5 37 -7.62939e-07
    endloop
  endfacet
  facet normal 0 -1 0
    outer loop
      vertex 26.5 42 -7.62939e-07
      vertex 28.1 42 0.999999
      vertex 26.5 42 0.999999
    endloop
  endfacet
  facet normal 0 -1 -0
    outer loop
      vertex 28.1 42 0.999999
      vertex 26.5 42 -7.62939e-07
      vertex 28.1 42 -7.62939e-07
    endloop
  endfacet
  facet normal 1 0 0
    outer loop
      vertex 47.5 22 0.999999
      vertex 47.5 20 0.999999
      vertex 47.5 22 0.9
    endloop
  endfacet
  facet normal 1 -0 0
    outer loop
      vertex 47.5 22 0.9
      vertex 47.5 25 -7.62939e-07
      vertex 47.5 25 0.9
    endloop
  endfacet
  facet normal 1 0 0
    outer loop
      vertex 47.5 20 -7.62939e-07
      vertex 47.5 22 0.9
      vertex 47.5 20 0.999999
    endloop
  endfacet
  facet normal 1 0 0
    outer loop
      vertex 47.5 22 0.9
      vertex 47.5 20 -7.62939e-07
      vertex 47.5 25 -7.62939e-07
    endloop
  endfacet
  facet normal -1 0 0
    outer loop
      vertex 49.1 20 -7.62939e-07
      vertex 49.1 25 0.999999
      vertex 49.1 25 -7.62939e-07
    endloop
  endfacet
  facet normal -1 -0 0
    outer loop
      vertex 49.1 25 0.999999
      vertex 49.1 20 -7.62939e-07
      vertex 49.1 20 0.999999
    endloop
  endfacet
  facet normal 0 -1 0
    outer loop
      vertex 47.5 25 0.9
      vertex 47.5 25 -7.62939e-07
      vertex 47.7 25 0.9
    endloop
  endfacet
  facet normal 0 -1 0
    outer loop
      vertex 47.7 25 0.9
      vertex 49.1 25 0.999999
      vertex 47.7 25 0.999999
    endloop
  endfacet
  facet normal 0 -1 0
    outer loop
      vertex 49.1 25 -7.62939e-07
      vertex 47.7 25 0.9
      vertex 47.5 25 -7.62939e-07
    endloop
  endfacet
  facet normal 0 -1 0
    outer loop
      vertex 47.7 25 0.9
      vertex 49.1 25 -7.62939e-07
      vertex 49.1 25 0.999999
    endloop
  endfacet
  facet normal 0 1 -0
    outer loop
      vertex 49.1 20 -7.62939e-07
      vertex 47.5 20 0.999999
      vertex 49.1 20 0.999999
    endloop
  endfacet
  facet normal 0 1 0
    outer loop
      vertex 47.5 20 0.999999
      vertex 49.1 20 -7.62939e-07
      vertex 47.5 20 -7.62939e-07
    endloop
  endfacet
  facet normal 1 -0 0
    outer loop
      vertex 47.5 37 0.999999
      vertex 47.5 42 -7.62939e-07
      vertex 47.5 42 0.999999
    endloop
  endfacet
  facet normal 1 0 0
    outer loop
      vertex 47.5 42 -7.62939e-07
      vertex 47.5 37 0.999999
      vertex 47.5 37 -7.62939e-07
    endloop
  endfacet
  facet normal -1 0 0
    outer loop
      vertex 49.1 37 -7.62939e-07
      vertex 49.1 42 0.999999
      vertex 49.1 42 -7.62939e-07
    endloop
  endfacet
  facet normal -1 -0 0
    outer loop
      vertex 49.1 42 0.999999
      vertex 49.1 37 -7.62939e-07
      vertex 49.1 37 0.999999
    endloop
  endfacet
  facet normal 0 1 -0
    outer loop
      vertex 49.1 37 -7.62939e-07
      vertex 47.5 37 0.999999
      vertex 49.1 37 0.999999
    endloop
  endfacet
  facet normal 0 1 0
    outer loop
      vertex 47.5 37 0.999999
      vertex 49.1 37 -7.62939e-07
      vertex 47.5 37 -7.62939e-07
    endloop
  endfacet
  facet normal 0 -1 0
    outer loop
      vertex 47.5 42 -7.62939e-07
      vertex 49.1 42 0.999999
      vertex 47.5 42 0.999999
    endloop
  endfacet
  facet normal 0 -1 -0
    outer loop
      vertex 49.1 42 0.999999
      vertex 47.5 42 -7.62939e-07
      vertex 49.1 42 -7.62939e-07
    endloop
  endfacet
  facet normal -1 0 0
    outer loop
      vertex 1.25 48 -7.62939e-07
      vertex 1.25 32.9 0.7
      vertex 1.25 48 0.999999
    endloop
  endfacet
  facet normal -1 0 0
    outer loop
      vertex 1.25 48 -7.62939e-07
      vertex 1.25 27.1 0.7
      vertex 1.25 32.9 0.7
    endloop
  endfacet
  facet normal -1 0 0
    outer loop
      vertex 1.25 0 -7.62939e-07
      vertex 1.25 27.1 0.7
      vertex 1.25 48 -7.62939e-07
    endloop
  endfacet
  facet normal -1 0 0
    outer loop
      vertex 1.25 0 0.999999
      vertex 1.25 27.1 0.7
      vertex 1.25 0 -7.62939e-07
    endloop
  endfacet
  facet normal -1 0 0
    outer loop
      vertex 1.25 27.1 0.7
      vertex 1.25 0 0.999999
      vertex 1.25 27.1 0.999999
    endloop
  endfacet
  facet normal -1 -0 0
    outer loop
      vertex 1.25 48 0.999999
      vertex 1.25 32.9 0.7
      vertex 1.25 32.9 0.999999
    endloop
  endfacet
  facet normal 0 0 1
    outer loop
      vertex 6.1 21 0.999999
      vertex 4.93973 19.1566 0.999999
      vertex 4.95 19 0.999999
    endloop
  endfacet
  facet normal 0 0 1
    outer loop
      vertex 6.1 21 0.999999
      vertex 4.90911 19.3106 0.999999
      vertex 4.93973 19.1566 0.999999
    endloop
  endfacet
  facet normal 0 0 1
    outer loop
      vertex 6.1 21 0.999999
      vertex 4.85865 19.4592 0.999999
      vertex 4.90911 19.3106 0.999999
    endloop
  endfacet
  facet normal 0 0 1
    outer loop
      vertex 6.1 21 0.999999
      vertex 4.78923 19.6 0.999999
      vertex 4.85865 19.4592 0.999999
    endloop
  endfacet
  facet normal 0 0 1
    outer loop
      vertex 6.1 21 0.999999
      vertex 4.70202 19.7305 0.999999
      vertex 4.78923 19.6 0.999999
    endloop
  endfacet
  facet normal 0 0 1
    outer loop
      vertex 6.1 21 0.999999
      vertex 4.59853 19.8485 0.999999
      vertex 4.70202 19.7305 0.999999
    endloop
  endfacet
  facet normal -0 0 1
    outer loop
      vertex 4.5 21 0.999999
      vertex 4.59853 19.8485 0.999999
      vertex 6.1 21 0.999999
    endloop
  endfacet
  facet normal 0 0 1
    outer loop
      vertex 4.59853 19.8485 0.999999
      vertex 4.5 21 0.999999
      vertex 4.48051 19.952 0.999999
    endloop
  endfacet
  facet normal 0 0 1
    outer loop
      vertex 22.5 30.2 0.999999
      vertex 5 32.9 0.999999
      vertex 6.1 26 0.999999
    endloop
  endfacet
  facet normal 0 0 1
    outer loop
      vertex 4.93973 38.8434 0.999999
      vertex 6.1 39 0.999999
      vertex 4.95 39 0.999999
    endloop
  endfacet
  facet normal 0 0 1
    outer loop
      vertex 4.90911 38.6894 0.999999
      vertex 6.1 39 0.999999
      vertex 4.93973 38.8434 0.999999
    endloop
  endfacet
  facet normal 0 0 1
    outer loop
      vertex 4.85865 38.5408 0.999999
      vertex 6.1 39 0.999999
      vertex 4.90911 38.6894 0.999999
    endloop
  endfacet
  facet normal 0 0 1
    outer loop
      vertex 4.78923 38.4 0.999999
      vertex 6.1 39 0.999999
      vertex 4.85865 38.5408 0.999999
    endloop
  endfacet
  facet normal 0 0 1
    outer loop
      vertex 4.70202 38.2695 0.999999
      vertex 6.1 39 0.999999
      vertex 4.78923 38.4 0.999999
    endloop
  endfacet
  facet normal 0 0 1
    outer loop
      vertex 4.59853 38.1515 0.999999
      vertex 6.1 39 0.999999
      vertex 4.70202 38.2695 0.999999
    endloop
  endfacet
  facet normal 0 0 1
    outer loop
      vertex 6.1 39 0.999999
      vertex 4.59853 38.1515 0.999999
      vertex 5 32.9 0.999999
    endloop
  endfacet
  facet normal -0 0 1
    outer loop
      vertex 4.48051 38.048 0.999999
      vertex 5 32.9 0.999999
      vertex 4.59853 38.1515 0.999999
    endloop
  endfacet
  facet normal -0 0 1
    outer loop
      vertex 4.35 37.9608 0.999999
      vertex 5 32.9 0.999999
      vertex 4.48051 38.048 0.999999
    endloop
  endfacet
  facet normal -0 0 1
    outer loop
      vertex 4.20922 37.8913 0.999999
      vertex 5 32.9 0.999999
      vertex 4.35 37.9608 0.999999
    endloop
  endfacet
  facet normal -0 0 1
    outer loop
      vertex 4.06058 37.8409 0.999999
      vertex 5 32.9 0.999999
      vertex 4.20922 37.8913 0.999999
    endloop
  endfacet
  facet normal -0 0 1
    outer loop
      vertex 3.90663 37.8103 0.999999
      vertex 5 32.9 0.999999
      vertex 4.06058 37.8409 0.999999
    endloop
  endfacet
  facet normal -0 0 1
    outer loop
      vertex 3.75 37.8 0.999999
      vertex 5 32.9 0.999999
      vertex 3.90663 37.8103 0.999999
    endloop
  endfacet
  facet normal 0 0 1
    outer loop
      vertex 3.59337 37.8103 0.999999
      vertex 5 32.9 0.999999
      vertex 3.75 37.8 0.999999
    endloop
  endfacet
  facet normal 0 0 1
    outer loop
      vertex 1.25 32.9 0.999999
      vertex 3.59337 37.8103 0.999999
      vertex 3.43942 37.8409 0.999999
    endloop
  endfacet
  facet normal 0 0 1
    outer loop
      vertex 1.25 32.9 0.999999
      vertex 3.43942 37.8409 0.999999
      vertex 3.29078 37.8913 0.999999
    endloop
  endfacet
  facet normal 0 0 1
    outer loop
      vertex 1.25 32.9 0.999999
      vertex 3.29078 37.8913 0.999999
      vertex 3.15 37.9608 0.999999
    endloop
  endfacet
  facet normal 0 0 1
    outer loop
      vertex 1.25 32.9 0.999999
      vertex 3.15 37.9608 0.999999
      vertex 3.01948 38.048 0.999999
    endloop
  endfacet
  facet normal 0 0 1
    outer loop
      vertex 1.25 32.9 0.999999
      vertex 3.01948 38.048 0.999999
      vertex 2.90147 38.1515 0.999999
    endloop
  endfacet
  facet normal 0 0 1
    outer loop
      vertex 1.25 32.9 0.999999
      vertex 2.90147 38.1515 0.999999
      vertex 2.79798 38.2695 0.999999
    endloop
  endfacet
  facet normal 0 0 1
    outer loop
      vertex 1.25 32.9 0.999999
      vertex 2.79798 38.2695 0.999999
      vertex 2.71077 38.4 0.999999
    endloop
  endfacet
  facet normal 0 0 1
    outer loop
      vertex 1.25 32.9 0.999999
      vertex 2.71077 38.4 0.999999
      vertex 2.64134 38.5408 0.999999
    endloop
  endfacet
  facet normal 0 0 1
    outer loop
      vertex 1.25 32.9 0.999999
      vertex 2.55 39 0.999999
      vertex 1.25 48 0.999999
    endloop
  endfacet
  facet normal 0 0 1
    outer loop
      vertex 3.59337 37.8103 0.999999
      vertex 1.25 32.9 0.999999
      vertex 5 32.9 0.999999
    endloop
  endfacet
  facet normal 0 0 1
    outer loop
      vertex 2.59089 38.6894 0.999999
      vertex 1.25 32.9 0.999999
      vertex 2.64134 38.5408 0.999999
    endloop
  endfacet
  facet normal 0 0 1
    outer loop
      vertex 2.56026 38.8434 0.999999
      vertex 1.25 32.9 0.999999
      vertex 2.59089 38.6894 0.999999
    endloop
  endfacet
  facet normal 0 0 1
    outer loop
      vertex 2.55 39 0.999999
      vertex 1.25 32.9 0.999999
      vertex 2.56026 38.8434 0.999999
    endloop
  endfacet
  facet normal 0 0 1
    outer loop
      vertex 23 24.2 0.999999
      vertex 22.5 24.2 0.999999
      vertex 23 21 0.999999
    endloop
  endfacet
  facet normal 0 0 1
    outer loop
      vertex 24.6 21 0.999999
      vertex 26.5 24.2 0.999999
      vertex 24.6 24.2 0.999999
    endloop
  endfacet
  facet normal -0 0 1
    outer loop
      vertex 22.5 30.2 0.999999
      vertex 28 29.8 0.999999
      vertex 28 30.2 0.999999
    endloop
  endfacet
  facet normal 0 0 1
    outer loop
      vertex 28 29.8 0.999999
      vertex 22.5 30.2 0.999999
      vertex 22.5 29.8 0.999999
    endloop
  endfacet
  facet normal 0 0 1
    outer loop
      vertex 28 30.2 0.999999
      vertex 28.25 36 0.999999
      vertex 28 35.8 0.999999
    endloop
  endfacet
  facet normal -0 0 1
    outer loop
      vertex 26.5 37 0.999999
      vertex 28 35.8 0.999999
      vertex 28.1 37 0.999999
    endloop
  endfacet
  facet normal 0 0 1
    outer loop
      vertex 26.5 42 0.999999
      vertex 24.6 39 0.999999
      vertex 26.5 37 0.999999
    endloop
  endfacet
  facet normal 0 0 1
    outer loop
      vertex 22.5 35.8 0.999999
      vertex 24.6 39 0.999999
      vertex 23 39 0.999999
    endloop
  endfacet
  facet normal 0 0 1
    outer loop
      vertex 24.6 39 0.999999
      vertex 22.5 35.8 0.999999
      vertex 26.5 37 0.999999
    endloop
  endfacet
  facet normal 0 0 1
    outer loop
      vertex 26.5 37 0.999999
      vertex 22.5 35.8 0.999999
      vertex 28 35.8 0.999999
    endloop
  endfacet
  facet normal 0 0 1
    outer loop
      vertex 28.1 42 0.999999
      vertex 38.5 47.2 0.999999
      vertex 38.5 48 0.999999
    endloop
  endfacet
  facet normal 0 0 1
    outer loop
      vertex 38.5 47.2 0.999999
      vertex 29.15 36 0.999999
      vertex 38.5 16.8 0.999999
    endloop
  endfacet
  facet normal -0 0 1
    outer loop
      vertex 29.15 22 0.999999
      vertex 38.5 16.8 0.999999
      vertex 29.15 36 0.999999
    endloop
  endfacet
  facet normal 0 0 1
    outer loop
      vertex 38.5 47.2 0.999999
      vertex 28.1 42 0.999999
      vertex 29.15 36 0.999999
    endloop
  endfacet
  facet normal 0 0 1
    outer loop
      vertex 29.15 36 0.999999
      vertex 28.1 37 0.999999
      vertex 28.25 36 0.999999
    endloop
  endfacet
  facet normal 0 0 1
    outer loop
      vertex 29.15 36 0.999999
      vertex 28.1 42 0.999999
      vertex 28.1 37 0.999999
    endloop
  endfacet
  facet normal -0 0 1
    outer loop
      vertex 24.6 44 0.999999
      vertex 28.1 42 0.999999
      vertex 38.5 48 0.999999
    endloop
  endfacet
  facet normal 0 0 1
    outer loop
      vertex 24.6 39 0.999999
      vertex 26.5 42 0.999999
      vertex 24.6 44 0.999999
    endloop
  endfacet
  facet normal 0 0 1
    outer loop
      vertex 28.1 42 0.999999
      vertex 24.6 44 0.999999
      vertex 26.5 42 0.999999
    endloop
  endfacet
  facet normal 0 0 1
    outer loop
      vertex 38.5 48 0.999999
      vertex 23 44 0.999999
      vertex 24.6 44 0.999999
    endloop
  endfacet
  facet normal 0 0 1
    outer loop
      vertex 6.1 39 0.999999
      vertex 23 39 0.999999
      vertex 23 44 0.999999
    endloop
  endfacet
  facet normal 0 0 1
    outer loop
      vertex 5 32.9 0.999999
      vertex 22.5 35.8 0.999999
      vertex 6.1 39 0.999999
    endloop
  endfacet
  facet normal 0 0 1
    outer loop
      vertex 22.5 35.8 0.999999
      vertex 5 32.9 0.999999
      vertex 22.5 30.2 0.999999
    endloop
  endfacet
  facet normal 0 0 1
    outer loop
      vertex 23 39 0.999999
      vertex 6.1 39 0.999999
      vertex 22.5 35.8 0.999999
    endloop
  endfacet
  facet normal 0 0 1
    outer loop
      vertex 6.1 39 0.999999
      vertex 23 44 0.999999
      vertex 6.1 44 0.999999
    endloop
  endfacet
  facet normal -0 0 1
    outer loop
      vertex 1.25 48 0.999999
      vertex 23 44 0.999999
      vertex 38.5 48 0.999999
    endloop
  endfacet
  facet normal 0 0 1
    outer loop
      vertex 23 44 0.999999
      vertex 1.25 48 0.999999
      vertex 6.1 44 0.999999
    endloop
  endfacet
  facet normal 0 0 1
    outer loop
      vertex 4.5 44 0.999999
      vertex 4.48051 39.952 0.999999
      vertex 4.5 39.9349 0.999999
    endloop
  endfacet
  facet normal 0 0 1
    outer loop
      vertex 4.5 44 0.999999
      vertex 4.35 40.0392 0.999999
      vertex 4.48051 39.952 0.999999
    endloop
  endfacet
  facet normal 0 0 1
    outer loop
      vertex 4.5 44 0.999999
      vertex 4.20922 40.1087 0.999999
      vertex 4.35 40.0392 0.999999
    endloop
  endfacet
  facet normal 0 0 1
    outer loop
      vertex 4.5 44 0.999999
      vertex 4.06058 40.1591 0.999999
      vertex 4.20922 40.1087 0.999999
    endloop
  endfacet
  facet normal 0 0 1
    outer loop
      vertex 4.5 44 0.999999
      vertex 3.90663 40.1897 0.999999
      vertex 4.06058 40.1591 0.999999
    endloop
  endfacet
  facet normal 0 0 1
    outer loop
      vertex 4.5 44 0.999999
      vertex 3.75 40.2 0.999999
      vertex 3.90663 40.1897 0.999999
    endloop
  endfacet
  facet normal 0 0 1
    outer loop
      vertex 4.5 44 0.999999
      vertex 3.59337 40.1897 0.999999
      vertex 3.75 40.2 0.999999
    endloop
  endfacet
  facet normal 0 0 1
    outer loop
      vertex 4.5 44 0.999999
      vertex 3.43942 40.1591 0.999999
      vertex 3.59337 40.1897 0.999999
    endloop
  endfacet
  facet normal 0 0 1
    outer loop
      vertex 4.5 44 0.999999
      vertex 3.29078 40.1087 0.999999
      vertex 3.43942 40.1591 0.999999
    endloop
  endfacet
  facet normal 0 0 1
    outer loop
      vertex 4.5 44 0.999999
      vertex 3.15 40.0392 0.999999
      vertex 3.29078 40.1087 0.999999
    endloop
  endfacet
  facet normal 0 0 1
    outer loop
      vertex 4.5 44 0.999999
      vertex 3.01948 39.952 0.999999
      vertex 3.15 40.0392 0.999999
    endloop
  endfacet
  facet normal 0 0 1
    outer loop
      vertex 4.5 44 0.999999
      vertex 2.90147 39.8485 0.999999
      vertex 3.01948 39.952 0.999999
    endloop
  endfacet
  facet normal 0 0 1
    outer loop
      vertex 1.25 48 0.999999
      vertex 2.90147 39.8485 0.999999
      vertex 4.5 44 0.999999
    endloop
  endfacet
  facet normal 0 0 1
    outer loop
      vertex 2.90147 39.8485 0.999999
      vertex 1.25 48 0.999999
      vertex 2.79798 39.7305 0.999999
    endloop
  endfacet
  facet normal 0 0 1
    outer loop
      vertex 2.79798 39.7305 0.999999
      vertex 1.25 48 0.999999
      vertex 2.71077 39.6 0.999999
    endloop
  endfacet
  facet normal 0 0 1
    outer loop
      vertex 2.56026 39.1566 0.999999
      vertex 1.25 48 0.999999
      vertex 2.55 39 0.999999
    endloop
  endfacet
  facet normal 0 0 1
    outer loop
      vertex 2.59089 39.3106 0.999999
      vertex 1.25 48 0.999999
      vertex 2.56026 39.1566 0.999999
    endloop
  endfacet
  facet normal 0 0 1
    outer loop
      vertex 2.64134 39.4592 0.999999
      vertex 1.25 48 0.999999
      vertex 2.59089 39.3106 0.999999
    endloop
  endfacet
  facet normal 0 0 1
    outer loop
      vertex 2.71077 39.6 0.999999
      vertex 1.25 48 0.999999
      vertex 2.64134 39.4592 0.999999
    endloop
  endfacet
  facet normal 0 0 1
    outer loop
      vertex 6.1 44 0.999999
      vertex 1.25 48 0.999999
      vertex 4.5 44 0.999999
    endloop
  endfacet
  facet normal 0 0 1
    outer loop
      vertex 38.5 16.8 0.999999
      vertex 45.3 36 0.999999
      vertex 38.5 47.2 0.999999
    endloop
  endfacet
  facet normal 0 0 1
    outer loop
      vertex 45.3 36 0.999999
      vertex 38.5 16.8 0.999999
      vertex 42.5 16.8 0.999999
    endloop
  endfacet
  facet normal 0 0 1
    outer loop
      vertex 28.25 36 0.999999
      vertex 28 30.2 0.999999
      vertex 28.1 25 0.999999
    endloop
  endfacet
  facet normal -0 0 1
    outer loop
      vertex 28 29.8 0.999999
      vertex 28.1 25 0.999999
      vertex 28 30.2 0.999999
    endloop
  endfacet
  facet normal 0 0 1
    outer loop
      vertex 28.1 25 0.999999
      vertex 28 29.8 0.999999
      vertex 28 25 0.999999
    endloop
  endfacet
  facet normal -0 0 1
    outer loop
      vertex 5 27.1 0.999999
      vertex 6.1 26 0.999999
      vertex 5 32.9 0.999999
    endloop
  endfacet
  facet normal 0 0 1
    outer loop
      vertex 5 27.1 0.999999
      vertex 4.5 26 0.999999
      vertex 6.1 26 0.999999
    endloop
  endfacet
  facet normal 0 0 1
    outer loop
      vertex 1.25 27.1 0.999999
      vertex 4.5 21 0.999999
      vertex 4.5 26 0.999999
    endloop
  endfacet
  facet normal 0 0 1
    outer loop
      vertex 4.5 21 0.999999
      vertex 4.35 20.0392 0.999999
      vertex 4.48051 19.952 0.999999
    endloop
  endfacet
  facet normal 0 0 1
    outer loop
      vertex 4.5 21 0.999999
      vertex 4.20922 20.1087 0.999999
      vertex 4.35 20.0392 0.999999
    endloop
  endfacet
  facet normal 0 0 1
    outer loop
      vertex 4.5 21 0.999999
      vertex 4.06058 20.1591 0.999999
      vertex 4.20922 20.1087 0.999999
    endloop
  endfacet
  facet normal 0 0 1
    outer loop
      vertex 4.5 21 0.999999
      vertex 3.90663 20.1897 0.999999
      vertex 4.06058 20.1591 0.999999
    endloop
  endfacet
  facet normal 0 0 1
    outer loop
      vertex 4.5 21 0.999999
      vertex 3.75 20.2 0.999999
      vertex 3.90663 20.1897 0.999999
    endloop
  endfacet
  facet normal 0 0 1
    outer loop
      vertex 4.5 21 0.999999
      vertex 3.59337 20.1897 0.999999
      vertex 3.75 20.2 0.999999
    endloop
  endfacet
  facet normal 0 0 1
    outer loop
      vertex 4.5 21 0.999999
      vertex 3.43942 20.1591 0.999999
      vertex 3.59337 20.1897 0.999999
    endloop
  endfacet
  facet normal 0 0 1
    outer loop
      vertex 4.5 21 0.999999
      vertex 3.29078 20.1087 0.999999
      vertex 3.43942 20.1591 0.999999
    endloop
  endfacet
  facet normal 0 0 1
    outer loop
      vertex 4.5 21 0.999999
      vertex 1.25 27.1 0.999999
      vertex 3.29078 20.1087 0.999999
    endloop
  endfacet
  facet normal 0 0 1
    outer loop
      vertex 3.29078 20.1087 0.999999
      vertex 1.25 27.1 0.999999
      vertex 3.15 20.0392 0.999999
    endloop
  endfacet
  facet normal 0 0 1
    outer loop
      vertex 3.15 20.0392 0.999999
      vertex 1.25 27.1 0.999999
      vertex 3.01948 19.952 0.999999
    endloop
  endfacet
  facet normal 0 0 1
    outer loop
      vertex 3.01948 19.952 0.999999
      vertex 1.25 27.1 0.999999
      vertex 2.90147 19.8485 0.999999
    endloop
  endfacet
  facet normal 0 0 1
    outer loop
      vertex 2.90147 19.8485 0.999999
      vertex 1.25 27.1 0.999999
      vertex 2.79798 19.7305 0.999999
    endloop
  endfacet
  facet normal 0 0 1
    outer loop
      vertex 2.79798 19.7305 0.999999
      vertex 1.25 27.1 0.999999
      vertex 2.71077 19.6 0.999999
    endloop
  endfacet
  facet normal 0 0 1
    outer loop
      vertex 2.71077 19.6 0.999999
      vertex 1.25 27.1 0.999999
      vertex 2.64134 19.4592 0.999999
    endloop
  endfacet
  facet normal 0 0 1
    outer loop
      vertex 2.56026 19.1566 0.999999
      vertex 1.25 27.1 0.999999
      vertex 2.55 19 0.999999
    endloop
  endfacet
  facet normal 0 0 1
    outer loop
      vertex 2.59089 19.3106 0.999999
      vertex 1.25 27.1 0.999999
      vertex 2.56026 19.1566 0.999999
    endloop
  endfacet
  facet normal 0 0 1
    outer loop
      vertex 2.64134 19.4592 0.999999
      vertex 1.25 27.1 0.999999
      vertex 2.59089 19.3106 0.999999
    endloop
  endfacet
  facet normal -0 0 1
    outer loop
      vertex 1.25 27.1 0.999999
      vertex 4.5 26 0.999999
      vertex 5 27.1 0.999999
    endloop
  endfacet
  facet normal 0 0 1
    outer loop
      vertex 47.5 22 0.999999
      vertex 45.3 22 0.999999
      vertex 47.5 20 0.999999
    endloop
  endfacet
  facet normal 0 0 1
    outer loop
      vertex 49.1 37 0.999999
      vertex 47.7 36 0.999999
      vertex 49.1 25 0.999999
    endloop
  endfacet
  facet normal -0 0 1
    outer loop
      vertex 47.5 37 0.999999
      vertex 47.7 36 0.999999
      vertex 49.1 37 0.999999
    endloop
  endfacet
  facet normal 0 0 1
    outer loop
      vertex 47.7 36 0.999999
      vertex 47.5 37 0.999999
      vertex 45.3 36 0.999999
    endloop
  endfacet
  facet normal 0 0 1
    outer loop
      vertex 51.9397 19.1566 0.999999
      vertex 53.25 44 0.999999
      vertex 51.9397 38.8434 0.999999
    endloop
  endfacet
  facet normal 0 0 1
    outer loop
      vertex 53.25 44 0.999999
      vertex 51.9397 19.1566 0.999999
      vertex 51.95 19 0.999999
    endloop
  endfacet
  facet normal -0 0 1
    outer loop
      vertex 51.9091 38.6894 0.999999
      vertex 51.9397 19.1566 0.999999
      vertex 51.9397 38.8434 0.999999
    endloop
  endfacet
  facet normal 0 0 1
    outer loop
      vertex 51.9091 38.6894 0.999999
      vertex 51.9091 19.3106 0.999999
      vertex 51.9397 19.1566 0.999999
    endloop
  endfacet
  facet normal -0 0 1
    outer loop
      vertex 51.8587 38.5408 0.999999
      vertex 51.9091 19.3106 0.999999
      vertex 51.9091 38.6894 0.999999
    endloop
  endfacet
  facet normal 0 0 1
    outer loop
      vertex 51.8587 38.5408 0.999999
      vertex 51.8587 19.4592 0.999999
      vertex 51.9091 19.3106 0.999999
    endloop
  endfacet
  facet normal -0 0 1
    outer loop
      vertex 51.7892 38.4 0.999999
      vertex 51.8587 19.4592 0.999999
      vertex 51.8587 38.5408 0.999999
    endloop
  endfacet
  facet normal 0 0 1
    outer loop
      vertex 51.7892 38.4 0.999999
      vertex 51.7892 19.6 0.999999
      vertex 51.8587 19.4592 0.999999
    endloop
  endfacet
  facet normal -0 0 1
    outer loop
      vertex 51.702 38.2695 0.999999
      vertex 51.7892 19.6 0.999999
      vertex 51.7892 38.4 0.999999
    endloop
  endfacet
  facet normal 0 0 1
    outer loop
      vertex 51.702 38.2695 0.999999
      vertex 51.702 19.7305 0.999999
      vertex 51.7892 19.6 0.999999
    endloop
  endfacet
  facet normal 0 0 1
    outer loop
      vertex 49.1 25 0.999999
      vertex 51.702 38.2695 0.999999
      vertex 51.5985 38.1515 0.999999
    endloop
  endfacet
  facet normal 0 0 1
    outer loop
      vertex 51.702 38.2695 0.999999
      vertex 49.1 25 0.999999
      vertex 51.702 19.7305 0.999999
    endloop
  endfacet
  facet normal 0 0 1
    outer loop
      vertex 49.1 25 0.999999
      vertex 51.5985 38.1515 0.999999
      vertex 51.4805 38.048 0.999999
    endloop
  endfacet
  facet normal 0 0 1
    outer loop
      vertex 51.702 19.7305 0.999999
      vertex 49.1 25 0.999999
      vertex 51.5985 19.8485 0.999999
    endloop
  endfacet
  facet normal 0 0 1
    outer loop
      vertex 49.1 25 0.999999
      vertex 51.4805 38.048 0.999999
      vertex 51.35 37.9608 0.999999
    endloop
  endfacet
  facet normal 0 0 1
    outer loop
      vertex 51.5985 19.8485 0.999999
      vertex 49.1 25 0.999999
      vertex 51.4805 19.952 0.999999
    endloop
  endfacet
  facet normal 0 0 1
    outer loop
      vertex 49.1 25 0.999999
      vertex 51.35 37.9608 0.999999
      vertex 51.2092 37.8913 0.999999
    endloop
  endfacet
  facet normal 0 0 1
    outer loop
      vertex 51.4805 19.952 0.999999
      vertex 49.1 25 0.999999
      vertex 51.35 20.0392 0.999999
    endloop
  endfacet
  facet normal 0 0 1
    outer loop
      vertex 49.1 25 0.999999
      vertex 51.2092 37.8913 0.999999
      vertex 51.0606 37.8409 0.999999
    endloop
  endfacet
  facet normal 0 0 1
    outer loop
      vertex 51.35 20.0392 0.999999
      vertex 49.1 25 0.999999
      vertex 51.2092 20.1087 0.999999
    endloop
  endfacet
  facet normal 0 0 1
    outer loop
      vertex 49.1 37 0.999999
      vertex 51.0606 37.8409 0.999999
      vertex 50.9066 37.8103 0.999999
    endloop
  endfacet
  facet normal 0 0 1
    outer loop
      vertex 51.2092 20.1087 0.999999
      vertex 49.1 25 0.999999
      vertex 51.0606 20.1591 0.999999
    endloop
  endfacet
  facet normal 0 0 1
    outer loop
      vertex 49.1 37 0.999999
      vertex 50.9066 37.8103 0.999999
      vertex 50.75 37.8 0.999999
    endloop
  endfacet
  facet normal 0 0 1
    outer loop
      vertex 51.0606 20.1591 0.999999
      vertex 49.1 25 0.999999
      vertex 50.9066 20.1897 0.999999
    endloop
  endfacet
  facet normal 0 0 1
    outer loop
      vertex 49.1 37 0.999999
      vertex 50.75 37.8 0.999999
      vertex 50.5934 37.8103 0.999999
    endloop
  endfacet
  facet normal 0 0 1
    outer loop
      vertex 50.9066 20.1897 0.999999
      vertex 49.1 25 0.999999
      vertex 50.75 20.2 0.999999
    endloop
  endfacet
  facet normal 0 0 1
    outer loop
      vertex 49.1 37 0.999999
      vertex 50.5934 37.8103 0.999999
      vertex 50.4394 37.8409 0.999999
    endloop
  endfacet
  facet normal 0 0 1
    outer loop
      vertex 50.75 20.2 0.999999
      vertex 49.1 25 0.999999
      vertex 50.5934 20.1897 0.999999
    endloop
  endfacet
  facet normal 0 0 1
    outer loop
      vertex 49.1 37 0.999999
      vertex 50.4394 37.8409 0.999999
      vertex 50.2908 37.8913 0.999999
    endloop
  endfacet
  facet normal 0 0 1
    outer loop
      vertex 50.5934 20.1897 0.999999
      vertex 49.1 25 0.999999
      vertex 50.4394 20.1591 0.999999
    endloop
  endfacet
  facet normal 0 0 1
    outer loop
      vertex 49.1 37 0.999999
      vertex 50.2908 37.8913 0.999999
      vertex 50.15 37.9608 0.999999
    endloop
  endfacet
  facet normal 0 0 1
    outer loop
      vertex 50.4394 20.1591 0.999999
      vertex 49.1 25 0.999999
      vertex 50.2908 20.1087 0.999999
    endloop
  endfacet
  facet normal 0 0 1
    outer loop
      vertex 49.1 37 0.999999
      vertex 50.15 37.9608 0.999999
      vertex 50.0195 38.048 0.999999
    endloop
  endfacet
  facet normal 0 0 1
    outer loop
      vertex 49.1 20 0.999999
      vertex 50.2908 20.1087 0.999999
      vertex 49.1 25 0.999999
    endloop
  endfacet
  facet normal 0 0 1
    outer loop
      vertex 49.1 37 0.999999
      vertex 50.0195 38.048 0.999999
      vertex 49.9015 38.1515 0.999999
    endloop
  endfacet
  facet normal 0 0 1
    outer loop
      vertex 50.2908 20.1087 0.999999
      vertex 49.1 20 0.999999
      vertex 50.15 20.0392 0.999999
    endloop
  endfacet
  facet normal 0 0 1
    outer loop
      vertex 49.1 37 0.999999
      vertex 49.9015 38.1515 0.999999
      vertex 49.798 38.2695 0.999999
    endloop
  endfacet
  facet normal 0 0 1
    outer loop
      vertex 50.15 20.0392 0.999999
      vertex 49.1 20 0.999999
      vertex 50.0195 19.952 0.999999
    endloop
  endfacet
  facet normal 0 0 1
    outer loop
      vertex 49.1 37 0.999999
      vertex 49.798 38.2695 0.999999
      vertex 49.7108 38.4 0.999999
    endloop
  endfacet
  facet normal 0 0 1
    outer loop
      vertex 50.0195 19.952 0.999999
      vertex 49.1 20 0.999999
      vertex 49.9015 19.8485 0.999999
    endloop
  endfacet
  facet normal 0 0 1
    outer loop
      vertex 49.1 37 0.999999
      vertex 49.7108 38.4 0.999999
      vertex 49.6413 38.5408 0.999999
    endloop
  endfacet
  facet normal 0 0 1
    outer loop
      vertex 49.9015 19.8485 0.999999
      vertex 49.1 20 0.999999
      vertex 49.798 19.7305 0.999999
    endloop
  endfacet
  facet normal 0 0 1
    outer loop
      vertex 49.1 37 0.999999
      vertex 49.6413 38.5408 0.999999
      vertex 49.5909 38.6894 0.999999
    endloop
  endfacet
  facet normal 0 0 1
    outer loop
      vertex 49.798 19.7305 0.999999
      vertex 49.1 20 0.999999
      vertex 49.7108 19.6 0.999999
    endloop
  endfacet
  facet normal 0 0 1
    outer loop
      vertex 49.1 37 0.999999
      vertex 49.5909 38.6894 0.999999
      vertex 49.5603 38.8434 0.999999
    endloop
  endfacet
  facet normal 0 0 1
    outer loop
      vertex 49.7108 19.6 0.999999
      vertex 49.1 20 0.999999
      vertex 49.6413 19.4592 0.999999
    endloop
  endfacet
  facet normal 0 0 1
    outer loop
      vertex 49.1 37 0.999999
      vertex 49.5603 38.8434 0.999999
      vertex 49.55 39 0.999999
    endloop
  endfacet
  facet normal 0 0 1
    outer loop
      vertex 49.6413 19.4592 0.999999
      vertex 49.1 20 0.999999
      vertex 49.5909 19.3106 0.999999
    endloop
  endfacet
  facet normal 0 0 1
    outer loop
      vertex 49.1 42 0.999999
      vertex 52.5 44 0.999999
      vertex 52.5 48 0.999999
    endloop
  endfacet
  facet normal 0 0 1
    outer loop
      vertex 52.5 44 0.999999
      vertex 51.9397 39.1566 0.999999
      vertex 51.95 39 0.999999
    endloop
  endfacet
  facet normal 0 0 1
    outer loop
      vertex 52.5 44 0.999999
      vertex 51.9091 39.3106 0.999999
      vertex 51.9397 39.1566 0.999999
    endloop
  endfacet
  facet normal 0 0 1
    outer loop
      vertex 52.5 44 0.999999
      vertex 51.8587 39.4592 0.999999
      vertex 51.9091 39.3106 0.999999
    endloop
  endfacet
  facet normal 0 0 1
    outer loop
      vertex 52.5 44 0.999999
      vertex 51.7892 39.6 0.999999
      vertex 51.8587 39.4592 0.999999
    endloop
  endfacet
  facet normal 0 0 1
    outer loop
      vertex 52.5 44 0.999999
      vertex 51.702 39.7305 0.999999
      vertex 51.7892 39.6 0.999999
    endloop
  endfacet
  facet normal 0 0 1
    outer loop
      vertex 52.5 44 0.999999
      vertex 51.5985 39.8485 0.999999
      vertex 51.702 39.7305 0.999999
    endloop
  endfacet
  facet normal 0 0 1
    outer loop
      vertex 52.5 44 0.999999
      vertex 51.4805 39.952 0.999999
      vertex 51.5985 39.8485 0.999999
    endloop
  endfacet
  facet normal 0 0 1
    outer loop
      vertex 52.5 44 0.999999
      vertex 51.35 40.0392 0.999999
      vertex 51.4805 39.952 0.999999
    endloop
  endfacet
  facet normal 0 0 1
    outer loop
      vertex 52.5 44 0.999999
      vertex 51.2092 40.1087 0.999999
      vertex 51.35 40.0392 0.999999
    endloop
  endfacet
  facet normal 0 -0 1
    outer loop
      vertex 50.9066 40.1897 0.999999
      vertex 52.5 44 0.999999
      vertex 49.1 42 0.999999
    endloop
  endfacet
  facet normal 0 0 1
    outer loop
      vertex 52.5 44 0.999999
      vertex 51.0606 40.1591 0.999999
      vertex 51.2092 40.1087 0.999999
    endloop
  endfacet
  facet normal 0 0 1
    outer loop
      vertex 52.5 44 0.999999
      vertex 50.9066 40.1897 0.999999
      vertex 51.0606 40.1591 0.999999
    endloop
  endfacet
  facet normal 0 0 1
    outer loop
      vertex 50.9066 40.1897 0.999999
      vertex 49.1 42 0.999999
      vertex 50.75 40.2 0.999999
    endloop
  endfacet
  facet normal 0 0 1
    outer loop
      vertex 50.75 40.2 0.999999
      vertex 49.1 42 0.999999
      vertex 50.5934 40.1897 0.999999
    endloop
  endfacet
  facet normal 0 0 1
    outer loop
      vertex 50.5934 40.1897 0.999999
      vertex 49.1 42 0.999999
      vertex 50.4394 40.1591 0.999999
    endloop
  endfacet
  facet normal 0 0 1
    outer loop
      vertex 50.4394 40.1591 0.999999
      vertex 49.1 42 0.999999
      vertex 50.2908 40.1087 0.999999
    endloop
  endfacet
  facet normal 0 0 1
    outer loop
      vertex 50.2908 40.1087 0.999999
      vertex 49.1 42 0.999999
      vertex 50.15 40.0392 0.999999
    endloop
  endfacet
  facet normal 0 0 1
    outer loop
      vertex 50.15 40.0392 0.999999
      vertex 49.1 42 0.999999
      vertex 50.0195 39.952 0.999999
    endloop
  endfacet
  facet normal 0 0 1
    outer loop
      vertex 50.0195 39.952 0.999999
      vertex 49.1 42 0.999999
      vertex 49.9015 39.8485 0.999999
    endloop
  endfacet
  facet normal 0 0 1
    outer loop
      vertex 49.9015 39.8485 0.999999
      vertex 49.1 42 0.999999
      vertex 49.798 39.7305 0.999999
    endloop
  endfacet
  facet normal 0 0 1
    outer loop
      vertex 49.798 39.7305 0.999999
      vertex 49.1 42 0.999999
      vertex 49.7108 39.6 0.999999
    endloop
  endfacet
  facet normal 0 0 1
    outer loop
      vertex 49.7108 39.6 0.999999
      vertex 49.1 42 0.999999
      vertex 49.6413 39.4592 0.999999
    endloop
  endfacet
  facet normal 0 0 1
    outer loop
      vertex 49.1 37 0.999999
      vertex 49.55 39 0.999999
      vertex 49.1 42 0.999999
    endloop
  endfacet
  facet normal 0 0 1
    outer loop
      vertex 49.5603 39.1566 0.999999
      vertex 49.1 42 0.999999
      vertex 49.55 39 0.999999
    endloop
  endfacet
  facet normal 0 0 1
    outer loop
      vertex 49.5909 39.3106 0.999999
      vertex 49.1 42 0.999999
      vertex 49.5603 39.1566 0.999999
    endloop
  endfacet
  facet normal 0 0 1
    outer loop
      vertex 49.6413 39.4592 0.999999
      vertex 49.1 42 0.999999
      vertex 49.5909 39.3106 0.999999
    endloop
  endfacet
  facet normal 0 0 1
    outer loop
      vertex 52.5 48 0.999999
      vertex 47.5 42 0.999999
      vertex 49.1 42 0.999999
    endloop
  endfacet
  facet normal 0 0 1
    outer loop
      vertex 47.5 42 0.999999
      vertex 45.3 36 0.999999
      vertex 47.5 37 0.999999
    endloop
  endfacet
  facet normal 0 0 1
    outer loop
      vertex 47.5 42 0.999999
      vertex 42.5 47.2 0.999999
      vertex 45.3 36 0.999999
    endloop
  endfacet
  facet normal 0 0 1
    outer loop
      vertex 52.5 48 0.999999
      vertex 42.5 47.2 0.999999
      vertex 47.5 42 0.999999
    endloop
  endfacet
  facet normal 0 0 1
    outer loop
      vertex 42.5 47.2 0.999999
      vertex 52.5 48 0.999999
      vertex 42.5 48 0.999999
    endloop
  endfacet
  facet normal 0 0 1
    outer loop
      vertex 51.95 39 0.999999
      vertex 53.25 44 0.999999
      vertex 52.5 44 0.999999
    endloop
  endfacet
  facet normal 0 0 1
    outer loop
      vertex 51.9397 38.8434 0.999999
      vertex 53.25 44 0.999999
      vertex 51.95 39 0.999999
    endloop
  endfacet
  facet normal 0 0 1
    outer loop
      vertex 53.25 44 0.999999
      vertex 51.95 19 0.999999
      vertex 53.25 0 0.999999
    endloop
  endfacet
  facet normal -0 0 1
    outer loop
      vertex 51.9397 18.8434 0.999999
      vertex 53.25 0 0.999999
      vertex 51.95 19 0.999999
    endloop
  endfacet
  facet normal -0 0 1
    outer loop
      vertex 51.9091 18.6894 0.999999
      vertex 53.25 0 0.999999
      vertex 51.9397 18.8434 0.999999
    endloop
  endfacet
  facet normal -0 0 1
    outer loop
      vertex 51.8587 18.5408 0.999999
      vertex 53.25 0 0.999999
      vertex 51.9091 18.6894 0.999999
    endloop
  endfacet
  facet normal -0 0 1
    outer loop
      vertex 51.7892 18.4 0.999999
      vertex 53.25 0 0.999999
      vertex 51.8587 18.5408 0.999999
    endloop
  endfacet
  facet normal -0 0 1
    outer loop
      vertex 51.702 18.2695 0.999999
      vertex 53.25 0 0.999999
      vertex 51.7892 18.4 0.999999
    endloop
  endfacet
  facet normal -0 0 1
    outer loop
      vertex 51.5985 18.1515 0.999999
      vertex 53.25 0 0.999999
      vertex 51.702 18.2695 0.999999
    endloop
  endfacet
  facet normal -0 0 1
    outer loop
      vertex 51.4805 18.048 0.999999
      vertex 53.25 0 0.999999
      vertex 51.5985 18.1515 0.999999
    endloop
  endfacet
  facet normal -0 0 1
    outer loop
      vertex 51.35 17.9608 0.999999
      vertex 53.25 0 0.999999
      vertex 51.4805 18.048 0.999999
    endloop
  endfacet
  facet normal -0 0 1
    outer loop
      vertex 51.2092 17.8913 0.999999
      vertex 53.25 0 0.999999
      vertex 51.35 17.9608 0.999999
    endloop
  endfacet
  facet normal -0 0 1
    outer loop
      vertex 51.0606 17.8409 0.999999
      vertex 53.25 0 0.999999
      vertex 51.2092 17.8913 0.999999
    endloop
  endfacet
  facet normal -0 0 1
    outer loop
      vertex 50.9066 17.8103 0.999999
      vertex 53.25 0 0.999999
      vertex 51.0606 17.8409 0.999999
    endloop
  endfacet
  facet normal -0 0 1
    outer loop
      vertex 50.75 17.8 0.999999
      vertex 53.25 0 0.999999
      vertex 50.9066 17.8103 0.999999
    endloop
  endfacet
  facet normal 0 0 1
    outer loop
      vertex 50.5934 17.8103 0.999999
      vertex 53.25 0 0.999999
      vertex 50.75 17.8 0.999999
    endloop
  endfacet
  facet normal 0 0 1
    outer loop
      vertex 50.4394 17.8409 0.999999
      vertex 53.25 0 0.999999
      vertex 50.5934 17.8103 0.999999
    endloop
  endfacet
  facet normal 0 0 1
    outer loop
      vertex 42.5 16 0.999999
      vertex 50.4394 17.8409 0.999999
      vertex 50.2908 17.8913 0.999999
    endloop
  endfacet
  facet normal 0 0 1
    outer loop
      vertex 42.5 16 0.999999
      vertex 50.2908 17.8913 0.999999
      vertex 50.15 17.9608 0.999999
    endloop
  endfacet
  facet normal 0 0 1
    outer loop
      vertex 42.5 16 0.999999
      vertex 50.15 17.9608 0.999999
      vertex 50.0195 18.048 0.999999
    endloop
  endfacet
  facet normal 0 0 1
    outer loop
      vertex 42.5 16 0.999999
      vertex 50.0195 18.048 0.999999
      vertex 49.9015 18.1515 0.999999
    endloop
  endfacet
  facet normal 0 0 1
    outer loop
      vertex 42.5 16 0.999999
      vertex 49.9015 18.1515 0.999999
      vertex 49.798 18.2695 0.999999
    endloop
  endfacet
  facet normal 0 0 1
    outer loop
      vertex 42.5 16 0.999999
      vertex 49.798 18.2695 0.999999
      vertex 49.7108 18.4 0.999999
    endloop
  endfacet
  facet normal 0 0 1
    outer loop
      vertex 47.5 20 0.999999
      vertex 49.7108 18.4 0.999999
      vertex 49.6413 18.5408 0.999999
    endloop
  endfacet
  facet normal 0 0 1
    outer loop
      vertex 47.5 20 0.999999
      vertex 49.6413 18.5408 0.999999
      vertex 49.5909 18.6894 0.999999
    endloop
  endfacet
  facet normal 0 0 1
    outer loop
      vertex 47.5 20 0.999999
      vertex 49.5909 18.6894 0.999999
      vertex 49.5603 18.8434 0.999999
    endloop
  endfacet
  facet normal 0 0 1
    outer loop
      vertex 51.0606 37.8409 0.999999
      vertex 49.1 37 0.999999
      vertex 49.1 25 0.999999
    endloop
  endfacet
  facet normal 0 0 1
    outer loop
      vertex 49.5909 19.3106 0.999999
      vertex 49.1 20 0.999999
      vertex 49.5603 19.1566 0.999999
    endloop
  endfacet
  facet normal 0 0 1
    outer loop
      vertex 49.5603 19.1566 0.999999
      vertex 49.1 20 0.999999
      vertex 49.55 19 0.999999
    endloop
  endfacet
  facet normal -0 0 1
    outer loop
      vertex 47.5 20 0.999999
      vertex 49.55 19 0.999999
      vertex 49.1 20 0.999999
    endloop
  endfacet
  facet normal 0 0 1
    outer loop
      vertex 49.55 19 0.999999
      vertex 47.5 20 0.999999
      vertex 49.5603 18.8434 0.999999
    endloop
  endfacet
  facet normal 0 0 1
    outer loop
      vertex 49.7108 18.4 0.999999
      vertex 47.5 20 0.999999
      vertex 42.5 16 0.999999
    endloop
  endfacet
  facet normal 0 0 1
    outer loop
      vertex 42.5 16.8 0.999999
      vertex 47.5 20 0.999999
      vertex 45.3 22 0.999999
    endloop
  endfacet
  facet normal -0 0 1
    outer loop
      vertex 38.5 47.2 0.999999
      vertex 45.3 36 0.999999
      vertex 42.5 47.2 0.999999
    endloop
  endfacet
  facet normal 0 0 1
    outer loop
      vertex 45.3 36 0.999999
      vertex 42.5 16.8 0.999999
      vertex 45.3 22 0.999999
    endloop
  endfacet
  facet normal 0 0 1
    outer loop
      vertex 47.5 20 0.999999
      vertex 42.5 16.8 0.999999
      vertex 42.5 16 0.999999
    endloop
  endfacet
  facet normal 0 0 1
    outer loop
      vertex 50.4394 17.8409 0.999999
      vertex 42.5 16 0.999999
      vertex 53.25 0 0.999999
    endloop
  endfacet
  facet normal -0 0 1
    outer loop
      vertex 38.5 16 0.999999
      vertex 53.25 0 0.999999
      vertex 42.5 16 0.999999
    endloop
  endfacet
  facet normal -0 0 1
    outer loop
      vertex 28.1 20 0.999999
      vertex 38.5 16.8 0.999999
      vertex 29.15 22 0.999999
    endloop
  endfacet
  facet normal 0 0 1
    outer loop
      vertex 38.5 16.8 0.999999
      vertex 28.1 20 0.999999
      vertex 38.5 16 0.999999
    endloop
  endfacet
  facet normal 0 0 1
    outer loop
      vertex 28.1 20 0.999999
      vertex 29.15 22 0.999999
      vertex 28.25 22 0.999999
    endloop
  endfacet
  facet normal 0 0 1
    outer loop
      vertex 28 35.8 0.999999
      vertex 28.25 36 0.999999
      vertex 28.1 37 0.999999
    endloop
  endfacet
  facet normal 0 0 1
    outer loop
      vertex 28.25 36 0.999999
      vertex 28.1 25 0.999999
      vertex 28.25 22 0.999999
    endloop
  endfacet
  facet normal 0 0 1
    outer loop
      vertex 28.1 20 0.999999
      vertex 28.25 22 0.999999
      vertex 28.1 25 0.999999
    endloop
  endfacet
  facet normal -0 0 1
    outer loop
      vertex 26.5 20 0.999999
      vertex 38.5 16 0.999999
      vertex 28.1 20 0.999999
    endloop
  endfacet
  facet normal 0 0 1
    outer loop
      vertex 1.25 0 0.999999
      vertex 38.5 16 0.999999
      vertex 26.5 20 0.999999
    endloop
  endfacet
  facet normal 0 0 1
    outer loop
      vertex 26.5 24.2 0.999999
      vertex 24.6 21 0.999999
      vertex 26.5 20 0.999999
    endloop
  endfacet
  facet normal -0 0 1
    outer loop
      vertex 23 21 0.999999
      vertex 26.5 20 0.999999
      vertex 24.6 21 0.999999
    endloop
  endfacet
  facet normal 0 0 1
    outer loop
      vertex 26.5 20 0.999999
      vertex 23 21 0.999999
      vertex 1.25 0 0.999999
    endloop
  endfacet
  facet normal 0 0 1
    outer loop
      vertex 22.5 30.2 0.999999
      vertex 6.1 26 0.999999
      vertex 22.5 29.8 0.999999
    endloop
  endfacet
  facet normal 0 0 1
    outer loop
      vertex 22.5 29.8 0.999999
      vertex 6.1 26 0.999999
      vertex 22.5 24.2 0.999999
    endloop
  endfacet
  facet normal 0 0 1
    outer loop
      vertex 6.1 21 0.999999
      vertex 22.5 24.2 0.999999
      vertex 6.1 26 0.999999
    endloop
  endfacet
  facet normal 0 0 1
    outer loop
      vertex 22.5 24.2 0.999999
      vertex 6.1 21 0.999999
      vertex 23 21 0.999999
    endloop
  endfacet
  facet normal 0 0 1
    outer loop
      vertex 4.85865 18.5408 0.999999
      vertex 23 21 0.999999
      vertex 6.1 21 0.999999
    endloop
  endfacet
  facet normal 0 0 1
    outer loop
      vertex 4.93973 18.8434 0.999999
      vertex 6.1 21 0.999999
      vertex 4.95 19 0.999999
    endloop
  endfacet
  facet normal 0 0 1
    outer loop
      vertex 4.90911 18.6894 0.999999
      vertex 6.1 21 0.999999
      vertex 4.93973 18.8434 0.999999
    endloop
  endfacet
  facet normal 0 0 1
    outer loop
      vertex 4.85865 18.5408 0.999999
      vertex 6.1 21 0.999999
      vertex 4.90911 18.6894 0.999999
    endloop
  endfacet
  facet normal 0 0 1
    outer loop
      vertex 4.78923 18.4 0.999999
      vertex 23 21 0.999999
      vertex 4.85865 18.5408 0.999999
    endloop
  endfacet
  facet normal 0 0 1
    outer loop
      vertex 4.70202 18.2695 0.999999
      vertex 23 21 0.999999
      vertex 4.78923 18.4 0.999999
    endloop
  endfacet
  facet normal 0 0 1
    outer loop
      vertex 4.59853 18.1515 0.999999
      vertex 23 21 0.999999
      vertex 4.70202 18.2695 0.999999
    endloop
  endfacet
  facet normal 0 0 1
    outer loop
      vertex 23 21 0.999999
      vertex 4.59853 18.1515 0.999999
      vertex 1.25 0 0.999999
    endloop
  endfacet
  facet normal 0 0 1
    outer loop
      vertex 1.25 0 0.999999
      vertex 4.59853 18.1515 0.999999
      vertex 4.48051 18.048 0.999999
    endloop
  endfacet
  facet normal 0 0 1
    outer loop
      vertex 1.25 0 0.999999
      vertex 4.48051 18.048 0.999999
      vertex 4.35 17.9608 0.999999
    endloop
  endfacet
  facet normal 0 0 1
    outer loop
      vertex 1.25 0 0.999999
      vertex 4.35 17.9608 0.999999
      vertex 4.20922 17.8913 0.999999
    endloop
  endfacet
  facet normal 0 0 1
    outer loop
      vertex 1.25 0 0.999999
      vertex 4.20922 17.8913 0.999999
      vertex 4.06058 17.8409 0.999999
    endloop
  endfacet
  facet normal 0 0 1
    outer loop
      vertex 1.25 0 0.999999
      vertex 4.06058 17.8409 0.999999
      vertex 3.90663 17.8103 0.999999
    endloop
  endfacet
  facet normal 0 0 1
    outer loop
      vertex 1.25 0 0.999999
      vertex 3.90663 17.8103 0.999999
      vertex 3.75 17.8 0.999999
    endloop
  endfacet
  facet normal 0 0 1
    outer loop
      vertex 1.25 0 0.999999
      vertex 3.75 17.8 0.999999
      vertex 3.59337 17.8103 0.999999
    endloop
  endfacet
  facet normal 0 0 1
    outer loop
      vertex 1.25 0 0.999999
      vertex 3.59337 17.8103 0.999999
      vertex 3.43942 17.8409 0.999999
    endloop
  endfacet
  facet normal 0 0 1
    outer loop
      vertex 1.25 0 0.999999
      vertex 3.43942 17.8409 0.999999
      vertex 3.29078 17.8913 0.999999
    endloop
  endfacet
  facet normal 0 0 1
    outer loop
      vertex 1.25 27.1 0.999999
      vertex 2.56026 18.8434 0.999999
      vertex 2.55 19 0.999999
    endloop
  endfacet
  facet normal 0 0 1
    outer loop
      vertex 38.5 16 0.999999
      vertex 1.25 0 0.999999
      vertex 53.25 0 0.999999
    endloop
  endfacet
  facet normal 0 0 1
    outer loop
      vertex 3.15 17.9608 0.999999
      vertex 1.25 0 0.999999
      vertex 3.29078 17.8913 0.999999
    endloop
  endfacet
  facet normal 0 0 1
    outer loop
      vertex 3.01948 18.048 0.999999
      vertex 1.25 0 0.999999
      vertex 3.15 17.9608 0.999999
    endloop
  endfacet
  facet normal 0 0 1
    outer loop
      vertex 2.90147 18.1515 0.999999
      vertex 1.25 0 0.999999
      vertex 3.01948 18.048 0.999999
    endloop
  endfacet
  facet normal 0 0 1
    outer loop
      vertex 2.79798 18.2695 0.999999
      vertex 1.25 0 0.999999
      vertex 2.90147 18.1515 0.999999
    endloop
  endfacet
  facet normal 0 0 1
    outer loop
      vertex 2.71077 18.4 0.999999
      vertex 1.25 0 0.999999
      vertex 2.79798 18.2695 0.999999
    endloop
  endfacet
  facet normal 0 0 1
    outer loop
      vertex 2.64134 18.5408 0.999999
      vertex 1.25 0 0.999999
      vertex 2.71077 18.4 0.999999
    endloop
  endfacet
  facet normal 0 0 1
    outer loop
      vertex 2.59089 18.6894 0.999999
      vertex 1.25 0 0.999999
      vertex 2.64134 18.5408 0.999999
    endloop
  endfacet
  facet normal 0 0 1
    outer loop
      vertex 2.56026 18.8434 0.999999
      vertex 1.25 0 0.999999
      vertex 2.59089 18.6894 0.999999
    endloop
  endfacet
  facet normal 0 0 1
    outer loop
      vertex 1.25 0 0.999999
      vertex 2.56026 18.8434 0.999999
      vertex 1.25 27.1 0.999999
    endloop
  endfacet
  facet normal 0 0 1
    outer loop
      vertex 49.1 25 0.999999
      vertex 47.7 36 0.999999
      vertex 47.7 25 0.999999
    endloop
  endfacet
  facet normal 1 -0 0
    outer loop
      vertex 53.25 0 0.999999
      vertex 53.25 44 -7.62939e-07
      vertex 53.25 44 0.999999
    endloop
  endfacet
  facet normal 1 0 0
    outer loop
      vertex 53.25 44 -7.62939e-07
      vertex 53.25 0 0.999999
      vertex 53.25 0 -7.62939e-07
    endloop
  endfacet
  facet normal 0 1 -0
    outer loop
      vertex 52.5 48 -7.62939e-07
      vertex 42.5 48 0.999999
      vertex 52.5 48 0.999999
    endloop
  endfacet
  facet normal 0 1 0
    outer loop
      vertex 42.5 48 0.999999
      vertex 52.5 48 -7.62939e-07
      vertex 38.5 48 0.999999
    endloop
  endfacet
  facet normal 0 1 0
    outer loop
      vertex 1.25 48 -7.62939e-07
      vertex 38.5 48 0.999999
      vertex 52.5 48 -7.62939e-07
    endloop
  endfacet
  facet normal 0 1 0
    outer loop
      vertex 38.5 48 0.999999
      vertex 1.25 48 -7.62939e-07
      vertex 1.25 48 0.999999
    endloop
  endfacet
  facet normal 0 1 -0
    outer loop
      vertex 42.5 48 0.999999
      vertex 38.5 48 4.9
      vertex 42.5 48 4.9
    endloop
  endfacet
  facet normal 0 1 0
    outer loop
      vertex 38.5 48 4.9
      vertex 42.5 48 0.999999
      vertex 38.5 48 0.999999
    endloop
  endfacet
  facet normal 0 0 -1
    outer loop
      vertex 4.5 39.9349 -7.62939e-07
      vertex 4.48051 39.952 -7.62939e-07
      vertex 4.5 44 -7.62939e-07
    endloop
  endfacet
  facet normal 0 0 -1
    outer loop
      vertex 4.48051 38.048 -7.62939e-07
      vertex 6.1 39 -7.62939e-07
      vertex 6.1 26 -7.62939e-07
    endloop
  endfacet
  facet normal -0 0 -1
    outer loop
      vertex 6.1 39 -7.62939e-07
      vertex 4.93973 38.8434 -7.62939e-07
      vertex 4.95 39 -7.62939e-07
    endloop
  endfacet
  facet normal 0 0 -1
    outer loop
      vertex 6.1 39 -7.62939e-07
      vertex 4.90911 38.6894 -7.62939e-07
      vertex 4.93973 38.8434 -7.62939e-07
    endloop
  endfacet
  facet normal 0 0 -1
    outer loop
      vertex 6.1 39 -7.62939e-07
      vertex 4.85865 38.5408 -7.62939e-07
      vertex 4.90911 38.6894 -7.62939e-07
    endloop
  endfacet
  facet normal 0 0 -1
    outer loop
      vertex 6.1 39 -7.62939e-07
      vertex 4.78923 38.4 -7.62939e-07
      vertex 4.85865 38.5408 -7.62939e-07
    endloop
  endfacet
  facet normal 0 0 -1
    outer loop
      vertex 6.1 39 -7.62939e-07
      vertex 4.70202 38.2695 -7.62939e-07
      vertex 4.78923 38.4 -7.62939e-07
    endloop
  endfacet
  facet normal 0 0 -1
    outer loop
      vertex 6.1 39 -7.62939e-07
      vertex 4.59853 38.1515 -7.62939e-07
      vertex 4.70202 38.2695 -7.62939e-07
    endloop
  endfacet
  facet normal 0 0 -1
    outer loop
      vertex 4.06058 37.8409 -7.62939e-07
      vertex 6.1 26 -7.62939e-07
      vertex 4.5 26 -7.62939e-07
    endloop
  endfacet
  facet normal 0 0 -1
    outer loop
      vertex 6.1 39 -7.62939e-07
      vertex 4.48051 38.048 -7.62939e-07
      vertex 4.59853 38.1515 -7.62939e-07
    endloop
  endfacet
  facet normal 0 0 -1
    outer loop
      vertex 4.20922 20.1087 -7.62939e-07
      vertex 4.5 21 -7.62939e-07
      vertex 4.35 20.0392 -7.62939e-07
    endloop
  endfacet
  facet normal 0 0 -1
    outer loop
      vertex 4.06058 20.1591 -7.62939e-07
      vertex 4.5 21 -7.62939e-07
      vertex 4.20922 20.1087 -7.62939e-07
    endloop
  endfacet
  facet normal 0 0 -1
    outer loop
      vertex 6.1 26 -7.62939e-07
      vertex 4.35 37.9608 -7.62939e-07
      vertex 4.48051 38.048 -7.62939e-07
    endloop
  endfacet
  facet normal 0 0 -1
    outer loop
      vertex 3.90663 20.1897 -7.62939e-07
      vertex 4.5 21 -7.62939e-07
      vertex 4.06058 20.1591 -7.62939e-07
    endloop
  endfacet
  facet normal 0 0 -1
    outer loop
      vertex 6.1 26 -7.62939e-07
      vertex 4.20922 37.8913 -7.62939e-07
      vertex 4.35 37.9608 -7.62939e-07
    endloop
  endfacet
  facet normal 0 0 -1
    outer loop
      vertex 3.75 20.2 -7.62939e-07
      vertex 4.5 21 -7.62939e-07
      vertex 3.90663 20.1897 -7.62939e-07
    endloop
  endfacet
  facet normal 0 0 -1
    outer loop
      vertex 6.1 26 -7.62939e-07
      vertex 4.06058 37.8409 -7.62939e-07
      vertex 4.20922 37.8913 -7.62939e-07
    endloop
  endfacet
  facet normal 0 0 -1
    outer loop
      vertex 3.59337 20.1897 -7.62939e-07
      vertex 4.5 21 -7.62939e-07
      vertex 3.75 20.2 -7.62939e-07
    endloop
  endfacet
  facet normal 0 0 -1
    outer loop
      vertex 4.5 26 -7.62939e-07
      vertex 3.90663 37.8103 -7.62939e-07
      vertex 4.06058 37.8409 -7.62939e-07
    endloop
  endfacet
  facet normal 0 0 -1
    outer loop
      vertex 3.43942 20.1591 -7.62939e-07
      vertex 4.5 21 -7.62939e-07
      vertex 3.59337 20.1897 -7.62939e-07
    endloop
  endfacet
  facet normal 0 0 -1
    outer loop
      vertex 4.5 26 -7.62939e-07
      vertex 3.75 37.8 -7.62939e-07
      vertex 3.90663 37.8103 -7.62939e-07
    endloop
  endfacet
  facet normal 0 0 -1
    outer loop
      vertex 3.29078 20.1087 -7.62939e-07
      vertex 4.5 21 -7.62939e-07
      vertex 3.43942 20.1591 -7.62939e-07
    endloop
  endfacet
  facet normal 0 0 -1
    outer loop
      vertex 4.5 26 -7.62939e-07
      vertex 3.59337 37.8103 -7.62939e-07
      vertex 3.75 37.8 -7.62939e-07
    endloop
  endfacet
  facet normal -0 0 -1
    outer loop
      vertex 4.5 21 -7.62939e-07
      vertex 3.29078 20.1087 -7.62939e-07
      vertex 4.5 26 -7.62939e-07
    endloop
  endfacet
  facet normal 0 0 -1
    outer loop
      vertex 4.5 26 -7.62939e-07
      vertex 3.43942 37.8409 -7.62939e-07
      vertex 3.59337 37.8103 -7.62939e-07
    endloop
  endfacet
  facet normal 0 0 -1
    outer loop
      vertex 3.15 20.0392 -7.62939e-07
      vertex 4.5 26 -7.62939e-07
      vertex 3.29078 20.1087 -7.62939e-07
    endloop
  endfacet
  facet normal 0 0 -1
    outer loop
      vertex 4.5 26 -7.62939e-07
      vertex 3.29078 37.8913 -7.62939e-07
      vertex 3.43942 37.8409 -7.62939e-07
    endloop
  endfacet
  facet normal 0 0 -1
    outer loop
      vertex 3.01948 19.952 -7.62939e-07
      vertex 4.5 26 -7.62939e-07
      vertex 3.15 20.0392 -7.62939e-07
    endloop
  endfacet
  facet normal 0 0 -1
    outer loop
      vertex 4.5 26 -7.62939e-07
      vertex 3.15 37.9608 -7.62939e-07
      vertex 3.29078 37.8913 -7.62939e-07
    endloop
  endfacet
  facet normal 0 0 -1
    outer loop
      vertex 2.90147 19.8485 -7.62939e-07
      vertex 4.5 26 -7.62939e-07
      vertex 3.01948 19.952 -7.62939e-07
    endloop
  endfacet
  facet normal 0 0 -1
    outer loop
      vertex 4.5 26 -7.62939e-07
      vertex 3.01948 38.048 -7.62939e-07
      vertex 3.15 37.9608 -7.62939e-07
    endloop
  endfacet
  facet normal 0 0 -1
    outer loop
      vertex 2.79798 19.7305 -7.62939e-07
      vertex 4.5 26 -7.62939e-07
      vertex 2.90147 19.8485 -7.62939e-07
    endloop
  endfacet
  facet normal 0 0 -1
    outer loop
      vertex 4.5 26 -7.62939e-07
      vertex 2.90147 38.1515 -7.62939e-07
      vertex 3.01948 38.048 -7.62939e-07
    endloop
  endfacet
  facet normal 0 0 -1
    outer loop
      vertex 2.71077 19.6 -7.62939e-07
      vertex 4.5 26 -7.62939e-07
      vertex 2.79798 19.7305 -7.62939e-07
    endloop
  endfacet
  facet normal 0 0 -1
    outer loop
      vertex 4.5 26 -7.62939e-07
      vertex 2.79798 38.2695 -7.62939e-07
      vertex 2.90147 38.1515 -7.62939e-07
    endloop
  endfacet
  facet normal 0 0 -1
    outer loop
      vertex 2.64134 19.4592 -7.62939e-07
      vertex 4.5 26 -7.62939e-07
      vertex 2.71077 19.6 -7.62939e-07
    endloop
  endfacet
  facet normal 0 0 -1
    outer loop
      vertex 4.5 26 -7.62939e-07
      vertex 2.71077 38.4 -7.62939e-07
      vertex 2.79798 38.2695 -7.62939e-07
    endloop
  endfacet
  facet normal 0 0 -1
    outer loop
      vertex 2.64134 38.5408 -7.62939e-07
      vertex 4.5 26 -7.62939e-07
      vertex 2.64134 19.4592 -7.62939e-07
    endloop
  endfacet
  facet normal 0 0 -1
    outer loop
      vertex 4.5 26 -7.62939e-07
      vertex 2.64134 38.5408 -7.62939e-07
      vertex 2.71077 38.4 -7.62939e-07
    endloop
  endfacet
  facet normal 0 0 -1
    outer loop
      vertex 2.59089 19.3106 -7.62939e-07
      vertex 2.64134 38.5408 -7.62939e-07
      vertex 2.64134 19.4592 -7.62939e-07
    endloop
  endfacet
  facet normal 0 0 -1
    outer loop
      vertex 2.59089 19.3106 -7.62939e-07
      vertex 2.59089 38.6894 -7.62939e-07
      vertex 2.64134 38.5408 -7.62939e-07
    endloop
  endfacet
  facet normal 0 0 -1
    outer loop
      vertex 2.56026 19.1566 -7.62939e-07
      vertex 2.59089 38.6894 -7.62939e-07
      vertex 2.59089 19.3106 -7.62939e-07
    endloop
  endfacet
  facet normal 0 0 -1
    outer loop
      vertex 2.56026 19.1566 -7.62939e-07
      vertex 2.56026 38.8434 -7.62939e-07
      vertex 2.59089 38.6894 -7.62939e-07
    endloop
  endfacet
  facet normal 0 0 -1
    outer loop
      vertex 1.25 48 -7.62939e-07
      vertex 2.56026 19.1566 -7.62939e-07
      vertex 2.55 19 -7.62939e-07
    endloop
  endfacet
  facet normal 0 0 -1
    outer loop
      vertex 2.56026 19.1566 -7.62939e-07
      vertex 1.25 48 -7.62939e-07
      vertex 2.56026 38.8434 -7.62939e-07
    endloop
  endfacet
  facet normal 0 0 -1
    outer loop
      vertex 4.93973 19.1566 -7.62939e-07
      vertex 6.1 21 -7.62939e-07
      vertex 4.95 19 -7.62939e-07
    endloop
  endfacet
  facet normal 0 0 -1
    outer loop
      vertex 4.90911 19.3106 -7.62939e-07
      vertex 6.1 21 -7.62939e-07
      vertex 4.93973 19.1566 -7.62939e-07
    endloop
  endfacet
  facet normal 0 0 -1
    outer loop
      vertex 4.85865 19.4592 -7.62939e-07
      vertex 6.1 21 -7.62939e-07
      vertex 4.90911 19.3106 -7.62939e-07
    endloop
  endfacet
  facet normal 0 0 -1
    outer loop
      vertex 4.78923 19.6 -7.62939e-07
      vertex 6.1 21 -7.62939e-07
      vertex 4.85865 19.4592 -7.62939e-07
    endloop
  endfacet
  facet normal 0 0 -1
    outer loop
      vertex 4.70202 19.7305 -7.62939e-07
      vertex 6.1 21 -7.62939e-07
      vertex 4.78923 19.6 -7.62939e-07
    endloop
  endfacet
  facet normal 0 0 -1
    outer loop
      vertex 4.59853 19.8485 -7.62939e-07
      vertex 6.1 21 -7.62939e-07
      vertex 4.70202 19.7305 -7.62939e-07
    endloop
  endfacet
  facet normal 0 0 -1
    outer loop
      vertex 4.59853 19.8485 -7.62939e-07
      vertex 4.5 21 -7.62939e-07
      vertex 6.1 21 -7.62939e-07
    endloop
  endfacet
  facet normal 0 0 -1
    outer loop
      vertex 4.35 20.0392 -7.62939e-07
      vertex 4.5 21 -7.62939e-07
      vertex 4.48051 19.952 -7.62939e-07
    endloop
  endfacet
  facet normal 0 0 -1
    outer loop
      vertex 4.48051 19.952 -7.62939e-07
      vertex 4.5 21 -7.62939e-07
      vertex 4.59853 19.8485 -7.62939e-07
    endloop
  endfacet
  facet normal 0 0 -1
    outer loop
      vertex 23 39 -7.62939e-07
      vertex 24.6515 33.8485 -7.62939e-07
      vertex 24.548 33.7305 -7.62939e-07
    endloop
  endfacet
  facet normal 0 0 -1
    outer loop
      vertex 23 39 -7.62939e-07
      vertex 24.548 33.7305 -7.62939e-07
      vertex 24.4608 33.6 -7.62939e-07
    endloop
  endfacet
  facet normal 0 0 -1
    outer loop
      vertex 23 39 -7.62939e-07
      vertex 24.4608 33.6 -7.62939e-07
      vertex 24.3913 33.4592 -7.62939e-07
    endloop
  endfacet
  facet normal 0 0 -1
    outer loop
      vertex 23 39 -7.62939e-07
      vertex 24.3913 33.4592 -7.62939e-07
      vertex 24.3409 33.3106 -7.62939e-07
    endloop
  endfacet
  facet normal 0 0 -1
    outer loop
      vertex 23 39 -7.62939e-07
      vertex 24.3409 33.3106 -7.62939e-07
      vertex 24.3103 33.1566 -7.62939e-07
    endloop
  endfacet
  facet normal 0 0 -1
    outer loop
      vertex 6.1 39 -7.62939e-07
      vertex 24.3103 33.1566 -7.62939e-07
      vertex 24.3 33 -7.62939e-07
    endloop
  endfacet
  facet normal -0 0 -1
    outer loop
      vertex 24.3103 32.8434 -7.62939e-07
      vertex 6.1 26 -7.62939e-07
      vertex 24.3 33 -7.62939e-07
    endloop
  endfacet
  facet normal 0 0 -1
    outer loop
      vertex 24.6515 33.8485 -7.62939e-07
      vertex 23 39 -7.62939e-07
      vertex 24.6 39 -7.62939e-07
    endloop
  endfacet
  facet normal -0 0 -1
    outer loop
      vertex 24.7695 26.048 -7.62939e-07
      vertex 24.6 26 -7.62939e-07
      vertex 24.6515 26.1515 -7.62939e-07
    endloop
  endfacet
  facet normal 0 0 -1
    outer loop
      vertex 24.6 26 -7.62939e-07
      vertex 24.548 26.2695 -7.62939e-07
      vertex 24.6515 26.1515 -7.62939e-07
    endloop
  endfacet
  facet normal 0 0 -1
    outer loop
      vertex 24.6 26 -7.62939e-07
      vertex 24.4608 26.4 -7.62939e-07
      vertex 24.548 26.2695 -7.62939e-07
    endloop
  endfacet
  facet normal 0 0 -1
    outer loop
      vertex 23 26 -7.62939e-07
      vertex 24.4608 26.4 -7.62939e-07
      vertex 24.6 26 -7.62939e-07
    endloop
  endfacet
  facet normal 0 0 -1
    outer loop
      vertex 6.1 26 -7.62939e-07
      vertex 24.3103 32.8434 -7.62939e-07
      vertex 23 26 -7.62939e-07
    endloop
  endfacet
  facet normal -0 0 -1
    outer loop
      vertex 24.3103 26.8434 -7.62939e-07
      vertex 23 26 -7.62939e-07
      vertex 24.3 27 -7.62939e-07
    endloop
  endfacet
  facet normal -0 0 -1
    outer loop
      vertex 24.3409 26.6894 -7.62939e-07
      vertex 23 26 -7.62939e-07
      vertex 24.3103 26.8434 -7.62939e-07
    endloop
  endfacet
  facet normal -0 0 -1
    outer loop
      vertex 24.3913 26.5408 -7.62939e-07
      vertex 23 26 -7.62939e-07
      vertex 24.3409 26.6894 -7.62939e-07
    endloop
  endfacet
  facet normal -0 0 -1
    outer loop
      vertex 24.4608 26.4 -7.62939e-07
      vertex 23 26 -7.62939e-07
      vertex 24.3913 26.5408 -7.62939e-07
    endloop
  endfacet
  facet normal 0 0 -1
    outer loop
      vertex 26.6591 27.3106 -7.62939e-07
      vertex 28.1 25 -7.62939e-07
      vertex 26.6897 27.1566 -7.62939e-07
    endloop
  endfacet
  facet normal 0 0 -1
    outer loop
      vertex 28.1 25 -7.62939e-07
      vertex 26.6897 32.8434 -7.62939e-07
      vertex 26.7 33 -7.62939e-07
    endloop
  endfacet
  facet normal 0 0 -1
    outer loop
      vertex 26.6087 27.4592 -7.62939e-07
      vertex 28.1 25 -7.62939e-07
      vertex 26.6591 27.3106 -7.62939e-07
    endloop
  endfacet
  facet normal 0 0 -1
    outer loop
      vertex 28.1 25 -7.62939e-07
      vertex 26.6591 32.6894 -7.62939e-07
      vertex 26.6897 32.8434 -7.62939e-07
    endloop
  endfacet
  facet normal 0 0 -1
    outer loop
      vertex 26.6087 32.5408 -7.62939e-07
      vertex 28.1 25 -7.62939e-07
      vertex 26.6087 27.4592 -7.62939e-07
    endloop
  endfacet
  facet normal 0 0 -1
    outer loop
      vertex 28.1 25 -7.62939e-07
      vertex 26.6087 32.5408 -7.62939e-07
      vertex 26.6591 32.6894 -7.62939e-07
    endloop
  endfacet
  facet normal 0 0 -1
    outer loop
      vertex 26.5392 27.6 -7.62939e-07
      vertex 26.6087 32.5408 -7.62939e-07
      vertex 26.6087 27.4592 -7.62939e-07
    endloop
  endfacet
  facet normal 0 0 -1
    outer loop
      vertex 26.5392 27.6 -7.62939e-07
      vertex 26.5392 32.4 -7.62939e-07
      vertex 26.6087 32.5408 -7.62939e-07
    endloop
  endfacet
  facet normal 0 0 -1
    outer loop
      vertex 26.452 27.7305 -7.62939e-07
      vertex 26.5392 32.4 -7.62939e-07
      vertex 26.5392 27.6 -7.62939e-07
    endloop
  endfacet
  facet normal 0 0 -1
    outer loop
      vertex 26.452 27.7305 -7.62939e-07
      vertex 26.452 32.2695 -7.62939e-07
      vertex 26.5392 32.4 -7.62939e-07
    endloop
  endfacet
  facet normal 0 0 -1
    outer loop
      vertex 26.3485 27.8485 -7.62939e-07
      vertex 26.452 32.2695 -7.62939e-07
      vertex 26.452 27.7305 -7.62939e-07
    endloop
  endfacet
  facet normal 0 0 -1
    outer loop
      vertex 26.3485 27.8485 -7.62939e-07
      vertex 26.3485 32.1515 -7.62939e-07
      vertex 26.452 32.2695 -7.62939e-07
    endloop
  endfacet
  facet normal 0 0 -1
    outer loop
      vertex 26.2305 27.952 -7.62939e-07
      vertex 26.3485 32.1515 -7.62939e-07
      vertex 26.3485 27.8485 -7.62939e-07
    endloop
  endfacet
  facet normal 0 0 -1
    outer loop
      vertex 26.2305 27.952 -7.62939e-07
      vertex 26.2305 32.048 -7.62939e-07
      vertex 26.3485 32.1515 -7.62939e-07
    endloop
  endfacet
  facet normal 0 0 -1
    outer loop
      vertex 26.1 28.0392 -7.62939e-07
      vertex 26.2305 32.048 -7.62939e-07
      vertex 26.2305 27.952 -7.62939e-07
    endloop
  endfacet
  facet normal 0 0 -1
    outer loop
      vertex 26.1 28.0392 -7.62939e-07
      vertex 26.1 31.9608 -7.62939e-07
      vertex 26.2305 32.048 -7.62939e-07
    endloop
  endfacet
  facet normal 0 0 -1
    outer loop
      vertex 25.9592 28.1087 -7.62939e-07
      vertex 26.1 31.9608 -7.62939e-07
      vertex 26.1 28.0392 -7.62939e-07
    endloop
  endfacet
  facet normal 0 0 -1
    outer loop
      vertex 25.9592 28.1087 -7.62939e-07
      vertex 25.9592 31.8913 -7.62939e-07
      vertex 26.1 31.9608 -7.62939e-07
    endloop
  endfacet
  facet normal 0 0 -1
    outer loop
      vertex 25.8106 28.1591 -7.62939e-07
      vertex 25.9592 31.8913 -7.62939e-07
      vertex 25.9592 28.1087 -7.62939e-07
    endloop
  endfacet
  facet normal 0 0 -1
    outer loop
      vertex 25.8106 28.1591 -7.62939e-07
      vertex 25.8106 31.8409 -7.62939e-07
      vertex 25.9592 31.8913 -7.62939e-07
    endloop
  endfacet
  facet normal 0 0 -1
    outer loop
      vertex 25.6566 28.1897 -7.62939e-07
      vertex 25.8106 31.8409 -7.62939e-07
      vertex 25.8106 28.1591 -7.62939e-07
    endloop
  endfacet
  facet normal 0 0 -1
    outer loop
      vertex 25.6566 28.1897 -7.62939e-07
      vertex 25.6566 31.8103 -7.62939e-07
      vertex 25.8106 31.8409 -7.62939e-07
    endloop
  endfacet
  facet normal 0 0 -1
    outer loop
      vertex 25.5 28.2 -7.62939e-07
      vertex 25.6566 31.8103 -7.62939e-07
      vertex 25.6566 28.1897 -7.62939e-07
    endloop
  endfacet
  facet normal 0 0 -1
    outer loop
      vertex 25.5 28.2 -7.62939e-07
      vertex 25.5 31.8 -7.62939e-07
      vertex 25.6566 31.8103 -7.62939e-07
    endloop
  endfacet
  facet normal 0 0 -1
    outer loop
      vertex 25.3434 28.1897 -7.62939e-07
      vertex 25.5 31.8 -7.62939e-07
      vertex 25.5 28.2 -7.62939e-07
    endloop
  endfacet
  facet normal 0 0 -1
    outer loop
      vertex 25.3434 28.1897 -7.62939e-07
      vertex 25.3434 31.8103 -7.62939e-07
      vertex 25.5 31.8 -7.62939e-07
    endloop
  endfacet
  facet normal 0 0 -1
    outer loop
      vertex 25.1894 28.1591 -7.62939e-07
      vertex 25.3434 31.8103 -7.62939e-07
      vertex 25.3434 28.1897 -7.62939e-07
    endloop
  endfacet
  facet normal 0 0 -1
    outer loop
      vertex 25.1894 28.1591 -7.62939e-07
      vertex 25.1894 31.8409 -7.62939e-07
      vertex 25.3434 31.8103 -7.62939e-07
    endloop
  endfacet
  facet normal 0 0 -1
    outer loop
      vertex 25.0408 28.1087 -7.62939e-07
      vertex 25.1894 31.8409 -7.62939e-07
      vertex 25.1894 28.1591 -7.62939e-07
    endloop
  endfacet
  facet normal 0 0 -1
    outer loop
      vertex 25.0408 28.1087 -7.62939e-07
      vertex 25.0408 31.8913 -7.62939e-07
      vertex 25.1894 31.8409 -7.62939e-07
    endloop
  endfacet
  facet normal 0 0 -1
    outer loop
      vertex 24.9 28.0392 -7.62939e-07
      vertex 25.0408 31.8913 -7.62939e-07
      vertex 25.0408 28.1087 -7.62939e-07
    endloop
  endfacet
  facet normal 0 0 -1
    outer loop
      vertex 24.9 28.0392 -7.62939e-07
      vertex 24.9 31.9608 -7.62939e-07
      vertex 25.0408 31.8913 -7.62939e-07
    endloop
  endfacet
  facet normal 0 0 -1
    outer loop
      vertex 24.7695 27.952 -7.62939e-07
      vertex 24.9 31.9608 -7.62939e-07
      vertex 24.9 28.0392 -7.62939e-07
    endloop
  endfacet
  facet normal 0 0 -1
    outer loop
      vertex 24.7695 27.952 -7.62939e-07
      vertex 24.7695 32.048 -7.62939e-07
      vertex 24.9 31.9608 -7.62939e-07
    endloop
  endfacet
  facet normal 0 0 -1
    outer loop
      vertex 24.6515 27.8485 -7.62939e-07
      vertex 24.7695 32.048 -7.62939e-07
      vertex 24.7695 27.952 -7.62939e-07
    endloop
  endfacet
  facet normal 0 0 -1
    outer loop
      vertex 24.6515 27.8485 -7.62939e-07
      vertex 24.6515 32.1515 -7.62939e-07
      vertex 24.7695 32.048 -7.62939e-07
    endloop
  endfacet
  facet normal 0 0 -1
    outer loop
      vertex 24.548 27.7305 -7.62939e-07
      vertex 24.6515 32.1515 -7.62939e-07
      vertex 24.6515 27.8485 -7.62939e-07
    endloop
  endfacet
  facet normal 0 0 -1
    outer loop
      vertex 24.548 27.7305 -7.62939e-07
      vertex 24.548 32.2695 -7.62939e-07
      vertex 24.6515 32.1515 -7.62939e-07
    endloop
  endfacet
  facet normal 0 0 -1
    outer loop
      vertex 24.4608 27.6 -7.62939e-07
      vertex 24.548 32.2695 -7.62939e-07
      vertex 24.548 27.7305 -7.62939e-07
    endloop
  endfacet
  facet normal 0 0 -1
    outer loop
      vertex 24.4608 27.6 -7.62939e-07
      vertex 24.4608 32.4 -7.62939e-07
      vertex 24.548 32.2695 -7.62939e-07
    endloop
  endfacet
  facet normal 0 0 -1
    outer loop
      vertex 23 26 -7.62939e-07
      vertex 24.4608 27.6 -7.62939e-07
      vertex 24.3913 27.4592 -7.62939e-07
    endloop
  endfacet
  facet normal -0 0 -1
    outer loop
      vertex 24.4608 27.6 -7.62939e-07
      vertex 23 26 -7.62939e-07
      vertex 24.4608 32.4 -7.62939e-07
    endloop
  endfacet
  facet normal 0 0 -1
    outer loop
      vertex 23 26 -7.62939e-07
      vertex 24.3913 27.4592 -7.62939e-07
      vertex 24.3409 27.3106 -7.62939e-07
    endloop
  endfacet
  facet normal -0 0 -1
    outer loop
      vertex 24.4608 32.4 -7.62939e-07
      vertex 23 26 -7.62939e-07
      vertex 24.3913 32.5408 -7.62939e-07
    endloop
  endfacet
  facet normal 0 0 -1
    outer loop
      vertex 23 26 -7.62939e-07
      vertex 24.3409 27.3106 -7.62939e-07
      vertex 24.3103 27.1566 -7.62939e-07
    endloop
  endfacet
  facet normal -0 0 -1
    outer loop
      vertex 24.3913 32.5408 -7.62939e-07
      vertex 23 26 -7.62939e-07
      vertex 24.3409 32.6894 -7.62939e-07
    endloop
  endfacet
  facet normal 0 0 -1
    outer loop
      vertex 23 26 -7.62939e-07
      vertex 24.3103 27.1566 -7.62939e-07
      vertex 24.3 27 -7.62939e-07
    endloop
  endfacet
  facet normal -0 0 -1
    outer loop
      vertex 24.3409 32.6894 -7.62939e-07
      vertex 23 26 -7.62939e-07
      vertex 24.3103 32.8434 -7.62939e-07
    endloop
  endfacet
  facet normal 0 0 -1
    outer loop
      vertex 26.6897 27.1566 -7.62939e-07
      vertex 28.1 25 -7.62939e-07
      vertex 26.7 27 -7.62939e-07
    endloop
  endfacet
  facet normal 0 0 -1
    outer loop
      vertex 28.1 25 -7.62939e-07
      vertex 26.6897 26.8434 -7.62939e-07
      vertex 26.7 27 -7.62939e-07
    endloop
  endfacet
  facet normal 0 0 -1
    outer loop
      vertex 28.1 25 -7.62939e-07
      vertex 26.6591 26.6894 -7.62939e-07
      vertex 26.6897 26.8434 -7.62939e-07
    endloop
  endfacet
  facet normal 0 0 -1
    outer loop
      vertex 28.1 25 -7.62939e-07
      vertex 26.6087 26.5408 -7.62939e-07
      vertex 26.6591 26.6894 -7.62939e-07
    endloop
  endfacet
  facet normal 0 0 -1
    outer loop
      vertex 28.1 25 -7.62939e-07
      vertex 26.5392 26.4 -7.62939e-07
      vertex 26.6087 26.5408 -7.62939e-07
    endloop
  endfacet
  facet normal 0 0 -1
    outer loop
      vertex 26.452 26.2695 -7.62939e-07
      vertex 28.1 25 -7.62939e-07
      vertex 26.5 25 -7.62939e-07
    endloop
  endfacet
  facet normal 0 0 -1
    outer loop
      vertex 28.1 25 -7.62939e-07
      vertex 26.452 26.2695 -7.62939e-07
      vertex 26.5392 26.4 -7.62939e-07
    endloop
  endfacet
  facet normal 0 0 -1
    outer loop
      vertex 47.5 25 -7.62939e-07
      vertex 49.1 37 -7.62939e-07
      vertex 49.1 25 -7.62939e-07
    endloop
  endfacet
  facet normal -0 0 -1
    outer loop
      vertex 49.1 37 -7.62939e-07
      vertex 47.5 25 -7.62939e-07
      vertex 47.5 37 -7.62939e-07
    endloop
  endfacet
  facet normal 0 0 -1
    outer loop
      vertex 51.9397 38.8434 -7.62939e-07
      vertex 53.25 44 -7.62939e-07
      vertex 51.9397 19.1566 -7.62939e-07
    endloop
  endfacet
  facet normal 0 0 -1
    outer loop
      vertex 53.25 44 -7.62939e-07
      vertex 51.9397 38.8434 -7.62939e-07
      vertex 51.95 39 -7.62939e-07
    endloop
  endfacet
  facet normal 0 0 -1
    outer loop
      vertex 51.9091 19.3106 -7.62939e-07
      vertex 51.9397 38.8434 -7.62939e-07
      vertex 51.9397 19.1566 -7.62939e-07
    endloop
  endfacet
  facet normal 0 0 -1
    outer loop
      vertex 51.9091 19.3106 -7.62939e-07
      vertex 51.9091 38.6894 -7.62939e-07
      vertex 51.9397 38.8434 -7.62939e-07
    endloop
  endfacet
  facet normal 0 0 -1
    outer loop
      vertex 51.8587 19.4592 -7.62939e-07
      vertex 51.9091 38.6894 -7.62939e-07
      vertex 51.9091 19.3106 -7.62939e-07
    endloop
  endfacet
  facet normal 0 0 -1
    outer loop
      vertex 51.8587 19.4592 -7.62939e-07
      vertex 51.8587 38.5408 -7.62939e-07
      vertex 51.9091 38.6894 -7.62939e-07
    endloop
  endfacet
  facet normal 0 0 -1
    outer loop
      vertex 51.7892 19.6 -7.62939e-07
      vertex 51.8587 38.5408 -7.62939e-07
      vertex 51.8587 19.4592 -7.62939e-07
    endloop
  endfacet
  facet normal 0 0 -1
    outer loop
      vertex 51.7892 19.6 -7.62939e-07
      vertex 51.7892 38.4 -7.62939e-07
      vertex 51.8587 38.5408 -7.62939e-07
    endloop
  endfacet
  facet normal 0 0 -1
    outer loop
      vertex 51.702 19.7305 -7.62939e-07
      vertex 51.7892 38.4 -7.62939e-07
      vertex 51.7892 19.6 -7.62939e-07
    endloop
  endfacet
  facet normal 0 0 -1
    outer loop
      vertex 51.702 19.7305 -7.62939e-07
      vertex 51.702 38.2695 -7.62939e-07
      vertex 51.7892 38.4 -7.62939e-07
    endloop
  endfacet
  facet normal 0 0 -1
    outer loop
      vertex 49.1 25 -7.62939e-07
      vertex 51.702 19.7305 -7.62939e-07
      vertex 51.5985 19.8485 -7.62939e-07
    endloop
  endfacet
  facet normal 0 0 -1
    outer loop
      vertex 51.702 19.7305 -7.62939e-07
      vertex 49.1 25 -7.62939e-07
      vertex 51.702 38.2695 -7.62939e-07
    endloop
  endfacet
  facet normal 0 0 -1
    outer loop
      vertex 49.1 25 -7.62939e-07
      vertex 51.5985 19.8485 -7.62939e-07
      vertex 51.4805 19.952 -7.62939e-07
    endloop
  endfacet
  facet normal 0 0 -1
    outer loop
      vertex 51.702 38.2695 -7.62939e-07
      vertex 49.1 25 -7.62939e-07
      vertex 51.5985 38.1515 -7.62939e-07
    endloop
  endfacet
  facet normal 0 0 -1
    outer loop
      vertex 49.1 25 -7.62939e-07
      vertex 51.4805 19.952 -7.62939e-07
      vertex 51.35 20.0392 -7.62939e-07
    endloop
  endfacet
  facet normal 0 0 -1
    outer loop
      vertex 51.5985 38.1515 -7.62939e-07
      vertex 49.1 25 -7.62939e-07
      vertex 51.4805 38.048 -7.62939e-07
    endloop
  endfacet
  facet normal 0 0 -1
    outer loop
      vertex 49.1 25 -7.62939e-07
      vertex 51.35 20.0392 -7.62939e-07
      vertex 51.2092 20.1087 -7.62939e-07
    endloop
  endfacet
  facet normal 0 0 -1
    outer loop
      vertex 51.4805 38.048 -7.62939e-07
      vertex 49.1 25 -7.62939e-07
      vertex 51.35 37.9608 -7.62939e-07
    endloop
  endfacet
  facet normal 0 0 -1
    outer loop
      vertex 49.1 25 -7.62939e-07
      vertex 51.2092 20.1087 -7.62939e-07
      vertex 51.0606 20.1591 -7.62939e-07
    endloop
  endfacet
  facet normal 0 0 -1
    outer loop
      vertex 51.35 37.9608 -7.62939e-07
      vertex 49.1 25 -7.62939e-07
      vertex 51.2092 37.8913 -7.62939e-07
    endloop
  endfacet
  facet normal 0 0 -1
    outer loop
      vertex 49.1 25 -7.62939e-07
      vertex 51.0606 20.1591 -7.62939e-07
      vertex 50.9066 20.1897 -7.62939e-07
    endloop
  endfacet
  facet normal 0 0 -1
    outer loop
      vertex 51.2092 37.8913 -7.62939e-07
      vertex 49.1 25 -7.62939e-07
      vertex 51.0606 37.8409 -7.62939e-07
    endloop
  endfacet
  facet normal 0 0 -1
    outer loop
      vertex 49.1 25 -7.62939e-07
      vertex 50.9066 20.1897 -7.62939e-07
      vertex 50.75 20.2 -7.62939e-07
    endloop
  endfacet
  facet normal 0 0 -1
    outer loop
      vertex 49.1 37 -7.62939e-07
      vertex 51.0606 37.8409 -7.62939e-07
      vertex 49.1 25 -7.62939e-07
    endloop
  endfacet
  facet normal 0 0 -1
    outer loop
      vertex 49.1 25 -7.62939e-07
      vertex 50.75 20.2 -7.62939e-07
      vertex 50.5934 20.1897 -7.62939e-07
    endloop
  endfacet
  facet normal 0 0 -1
    outer loop
      vertex 51.0606 37.8409 -7.62939e-07
      vertex 49.1 37 -7.62939e-07
      vertex 50.9066 37.8103 -7.62939e-07
    endloop
  endfacet
  facet normal 0 0 -1
    outer loop
      vertex 49.1 25 -7.62939e-07
      vertex 50.5934 20.1897 -7.62939e-07
      vertex 50.4394 20.1591 -7.62939e-07
    endloop
  endfacet
  facet normal 0 0 -1
    outer loop
      vertex 50.9066 37.8103 -7.62939e-07
      vertex 49.1 37 -7.62939e-07
      vertex 50.75 37.8 -7.62939e-07
    endloop
  endfacet
  facet normal 0 0 -1
    outer loop
      vertex 49.1 25 -7.62939e-07
      vertex 50.4394 20.1591 -7.62939e-07
      vertex 50.2908 20.1087 -7.62939e-07
    endloop
  endfacet
  facet normal -0 0 -1
    outer loop
      vertex 50.75 37.8 -7.62939e-07
      vertex 49.1 37 -7.62939e-07
      vertex 50.5934 37.8103 -7.62939e-07
    endloop
  endfacet
  facet normal 0 0 -1
    outer loop
      vertex 49.1 20 -7.62939e-07
      vertex 50.2908 20.1087 -7.62939e-07
      vertex 50.15 20.0392 -7.62939e-07
    endloop
  endfacet
  facet normal -0 0 -1
    outer loop
      vertex 50.5934 37.8103 -7.62939e-07
      vertex 49.1 37 -7.62939e-07
      vertex 50.4394 37.8409 -7.62939e-07
    endloop
  endfacet
  facet normal 0 0 -1
    outer loop
      vertex 49.1 20 -7.62939e-07
      vertex 50.15 20.0392 -7.62939e-07
      vertex 50.0195 19.952 -7.62939e-07
    endloop
  endfacet
  facet normal -0 0 -1
    outer loop
      vertex 50.4394 37.8409 -7.62939e-07
      vertex 49.1 37 -7.62939e-07
      vertex 50.2908 37.8913 -7.62939e-07
    endloop
  endfacet
  facet normal 0 0 -1
    outer loop
      vertex 49.1 20 -7.62939e-07
      vertex 50.0195 19.952 -7.62939e-07
      vertex 49.9015 19.8485 -7.62939e-07
    endloop
  endfacet
  facet normal -0 0 -1
    outer loop
      vertex 50.2908 37.8913 -7.62939e-07
      vertex 49.1 37 -7.62939e-07
      vertex 50.15 37.9608 -7.62939e-07
    endloop
  endfacet
  facet normal 0 0 -1
    outer loop
      vertex 49.1 20 -7.62939e-07
      vertex 49.9015 19.8485 -7.62939e-07
      vertex 49.798 19.7305 -7.62939e-07
    endloop
  endfacet
  facet normal -0 0 -1
    outer loop
      vertex 50.15 37.9608 -7.62939e-07
      vertex 49.1 37 -7.62939e-07
      vertex 50.0195 38.048 -7.62939e-07
    endloop
  endfacet
  facet normal 0 0 -1
    outer loop
      vertex 49.1 20 -7.62939e-07
      vertex 49.798 19.7305 -7.62939e-07
      vertex 49.7108 19.6 -7.62939e-07
    endloop
  endfacet
  facet normal -0 0 -1
    outer loop
      vertex 50.0195 38.048 -7.62939e-07
      vertex 49.1 37 -7.62939e-07
      vertex 49.9015 38.1515 -7.62939e-07
    endloop
  endfacet
  facet normal 0 0 -1
    outer loop
      vertex 49.1 20 -7.62939e-07
      vertex 49.7108 19.6 -7.62939e-07
      vertex 49.6413 19.4592 -7.62939e-07
    endloop
  endfacet
  facet normal -0 0 -1
    outer loop
      vertex 49.9015 38.1515 -7.62939e-07
      vertex 49.1 37 -7.62939e-07
      vertex 49.798 38.2695 -7.62939e-07
    endloop
  endfacet
  facet normal 0 0 -1
    outer loop
      vertex 49.1 20 -7.62939e-07
      vertex 49.6413 19.4592 -7.62939e-07
      vertex 49.5909 19.3106 -7.62939e-07
    endloop
  endfacet
  facet normal -0 0 -1
    outer loop
      vertex 49.798 38.2695 -7.62939e-07
      vertex 49.1 37 -7.62939e-07
      vertex 49.7108 38.4 -7.62939e-07
    endloop
  endfacet
  facet normal 0 0 -1
    outer loop
      vertex 49.1 20 -7.62939e-07
      vertex 49.5909 19.3106 -7.62939e-07
      vertex 49.5603 19.1566 -7.62939e-07
    endloop
  endfacet
  facet normal -0 0 -1
    outer loop
      vertex 49.7108 38.4 -7.62939e-07
      vertex 49.1 37 -7.62939e-07
      vertex 49.6413 38.5408 -7.62939e-07
    endloop
  endfacet
  facet normal 0 0 -1
    outer loop
      vertex 49.1 20 -7.62939e-07
      vertex 49.5603 19.1566 -7.62939e-07
      vertex 49.55 19 -7.62939e-07
    endloop
  endfacet
  facet normal -0 0 -1
    outer loop
      vertex 49.6413 38.5408 -7.62939e-07
      vertex 49.1 37 -7.62939e-07
      vertex 49.5909 38.6894 -7.62939e-07
    endloop
  endfacet
  facet normal 0 0 -1
    outer loop
      vertex 51.95 19 -7.62939e-07
      vertex 53.25 44 -7.62939e-07
      vertex 53.25 0 -7.62939e-07
    endloop
  endfacet
  facet normal 0 0 -1
    outer loop
      vertex 51.9397 39.1566 -7.62939e-07
      vertex 53.25 44 -7.62939e-07
      vertex 51.95 39 -7.62939e-07
    endloop
  endfacet
  facet normal 0 0 -1
    outer loop
      vertex 51.9397 19.1566 -7.62939e-07
      vertex 53.25 44 -7.62939e-07
      vertex 51.95 19 -7.62939e-07
    endloop
  endfacet
  facet normal 0 0 -1
    outer loop
      vertex 53.25 0 -7.62939e-07
      vertex 51.9397 18.8434 -7.62939e-07
      vertex 51.95 19 -7.62939e-07
    endloop
  endfacet
  facet normal 0 0 -1
    outer loop
      vertex 53.25 0 -7.62939e-07
      vertex 51.9091 18.6894 -7.62939e-07
      vertex 51.9397 18.8434 -7.62939e-07
    endloop
  endfacet
  facet normal 0 0 -1
    outer loop
      vertex 53.25 0 -7.62939e-07
      vertex 51.8587 18.5408 -7.62939e-07
      vertex 51.9091 18.6894 -7.62939e-07
    endloop
  endfacet
  facet normal 0 0 -1
    outer loop
      vertex 53.25 0 -7.62939e-07
      vertex 51.7892 18.4 -7.62939e-07
      vertex 51.8587 18.5408 -7.62939e-07
    endloop
  endfacet
  facet normal 0 0 -1
    outer loop
      vertex 53.25 0 -7.62939e-07
      vertex 51.702 18.2695 -7.62939e-07
      vertex 51.7892 18.4 -7.62939e-07
    endloop
  endfacet
  facet normal 0 0 -1
    outer loop
      vertex 53.25 0 -7.62939e-07
      vertex 51.5985 18.1515 -7.62939e-07
      vertex 51.702 18.2695 -7.62939e-07
    endloop
  endfacet
  facet normal 0 0 -1
    outer loop
      vertex 53.25 0 -7.62939e-07
      vertex 51.4805 18.048 -7.62939e-07
      vertex 51.5985 18.1515 -7.62939e-07
    endloop
  endfacet
  facet normal 0 0 -1
    outer loop
      vertex 53.25 0 -7.62939e-07
      vertex 51.35 17.9608 -7.62939e-07
      vertex 51.4805 18.048 -7.62939e-07
    endloop
  endfacet
  facet normal 0 0 -1
    outer loop
      vertex 53.25 0 -7.62939e-07
      vertex 51.2092 17.8913 -7.62939e-07
      vertex 51.35 17.9608 -7.62939e-07
    endloop
  endfacet
  facet normal 0 0 -1
    outer loop
      vertex 53.25 0 -7.62939e-07
      vertex 51.0606 17.8409 -7.62939e-07
      vertex 51.2092 17.8913 -7.62939e-07
    endloop
  endfacet
  facet normal 0 0 -1
    outer loop
      vertex 53.25 0 -7.62939e-07
      vertex 50.9066 17.8103 -7.62939e-07
      vertex 51.0606 17.8409 -7.62939e-07
    endloop
  endfacet
  facet normal 0 0 -1
    outer loop
      vertex 53.25 0 -7.62939e-07
      vertex 50.75 17.8 -7.62939e-07
      vertex 50.9066 17.8103 -7.62939e-07
    endloop
  endfacet
  facet normal 0 0 -1
    outer loop
      vertex 53.25 0 -7.62939e-07
      vertex 50.5934 17.8103 -7.62939e-07
      vertex 50.75 17.8 -7.62939e-07
    endloop
  endfacet
  facet normal 0 0 -1
    outer loop
      vertex 53.25 0 -7.62939e-07
      vertex 50.4394 17.8409 -7.62939e-07
      vertex 50.5934 17.8103 -7.62939e-07
    endloop
  endfacet
  facet normal 0 0 -1
    outer loop
      vertex 53.25 0 -7.62939e-07
      vertex 50.2908 17.8913 -7.62939e-07
      vertex 50.4394 17.8409 -7.62939e-07
    endloop
  endfacet
  facet normal 0 0 -1
    outer loop
      vertex 53.25 0 -7.62939e-07
      vertex 50.15 17.9608 -7.62939e-07
      vertex 50.2908 17.8913 -7.62939e-07
    endloop
  endfacet
  facet normal 0 0 -1
    outer loop
      vertex 53.25 0 -7.62939e-07
      vertex 50.0195 18.048 -7.62939e-07
      vertex 50.15 17.9608 -7.62939e-07
    endloop
  endfacet
  facet normal 0 0 -1
    outer loop
      vertex 53.25 0 -7.62939e-07
      vertex 49.9015 18.1515 -7.62939e-07
      vertex 50.0195 18.048 -7.62939e-07
    endloop
  endfacet
  facet normal 0 0 -1
    outer loop
      vertex 47.5 20 -7.62939e-07
      vertex 49.9015 18.1515 -7.62939e-07
      vertex 53.25 0 -7.62939e-07
    endloop
  endfacet
  facet normal 0 0 -1
    outer loop
      vertex 49.9015 18.1515 -7.62939e-07
      vertex 47.5 20 -7.62939e-07
      vertex 49.798 18.2695 -7.62939e-07
    endloop
  endfacet
  facet normal 0 0 -1
    outer loop
      vertex 49.798 18.2695 -7.62939e-07
      vertex 47.5 20 -7.62939e-07
      vertex 49.7108 18.4 -7.62939e-07
    endloop
  endfacet
  facet normal 0 0 -1
    outer loop
      vertex 49.7108 18.4 -7.62939e-07
      vertex 47.5 20 -7.62939e-07
      vertex 49.6413 18.5408 -7.62939e-07
    endloop
  endfacet
  facet normal 0 0 -1
    outer loop
      vertex 49.6413 18.5408 -7.62939e-07
      vertex 47.5 20 -7.62939e-07
      vertex 49.5909 18.6894 -7.62939e-07
    endloop
  endfacet
  facet normal -0 0 -1
    outer loop
      vertex 50.2908 20.1087 -7.62939e-07
      vertex 49.1 20 -7.62939e-07
      vertex 49.1 25 -7.62939e-07
    endloop
  endfacet
  facet normal 0 0 -1
    outer loop
      vertex 47.5 20 -7.62939e-07
      vertex 49.55 19 -7.62939e-07
      vertex 49.5603 18.8434 -7.62939e-07
    endloop
  endfacet
  facet normal 0 0 -1
    outer loop
      vertex 49.5909 18.6894 -7.62939e-07
      vertex 47.5 20 -7.62939e-07
      vertex 49.5603 18.8434 -7.62939e-07
    endloop
  endfacet
  facet normal 0 0 -1
    outer loop
      vertex 49.55 19 -7.62939e-07
      vertex 47.5 20 -7.62939e-07
      vertex 49.1 20 -7.62939e-07
    endloop
  endfacet
  facet normal 0 0 -1
    outer loop
      vertex 28.1 25 -7.62939e-07
      vertex 47.5 25 -7.62939e-07
      vertex 47.5 20 -7.62939e-07
    endloop
  endfacet
  facet normal 0 0 -1
    outer loop
      vertex 47.5 25 -7.62939e-07
      vertex 28.1 25 -7.62939e-07
      vertex 47.5 37 -7.62939e-07
    endloop
  endfacet
  facet normal 0 0 -1
    outer loop
      vertex 28.1 25 -7.62939e-07
      vertex 47.5 20 -7.62939e-07
      vertex 28.1 20 -7.62939e-07
    endloop
  endfacet
  facet normal 0 0 -1
    outer loop
      vertex 53.25 0 -7.62939e-07
      vertex 28.1 20 -7.62939e-07
      vertex 47.5 20 -7.62939e-07
    endloop
  endfacet
  facet normal 0 0 -1
    outer loop
      vertex 53.25 0 -7.62939e-07
      vertex 26.5 20 -7.62939e-07
      vertex 28.1 20 -7.62939e-07
    endloop
  endfacet
  facet normal 0 0 -1
    outer loop
      vertex 24.6 21 -7.62939e-07
      vertex 26.5 25 -7.62939e-07
      vertex 26.5 20 -7.62939e-07
    endloop
  endfacet
  facet normal 0 0 -1
    outer loop
      vertex 26.5 25 -7.62939e-07
      vertex 26.3485 26.1515 -7.62939e-07
      vertex 26.452 26.2695 -7.62939e-07
    endloop
  endfacet
  facet normal 0 0 -1
    outer loop
      vertex 26.5 25 -7.62939e-07
      vertex 26.2305 26.048 -7.62939e-07
      vertex 26.3485 26.1515 -7.62939e-07
    endloop
  endfacet
  facet normal 0 0 -1
    outer loop
      vertex 26.5 25 -7.62939e-07
      vertex 26.1 25.9608 -7.62939e-07
      vertex 26.2305 26.048 -7.62939e-07
    endloop
  endfacet
  facet normal 0 0 -1
    outer loop
      vertex 26.5 25 -7.62939e-07
      vertex 25.9592 25.8913 -7.62939e-07
      vertex 26.1 25.9608 -7.62939e-07
    endloop
  endfacet
  facet normal 0 0 -1
    outer loop
      vertex 26.5 25 -7.62939e-07
      vertex 25.8106 25.8409 -7.62939e-07
      vertex 25.9592 25.8913 -7.62939e-07
    endloop
  endfacet
  facet normal 0 -0 -1
    outer loop
      vertex 25.1894 25.8409 -7.62939e-07
      vertex 26.5 25 -7.62939e-07
      vertex 24.6 21 -7.62939e-07
    endloop
  endfacet
  facet normal 0 0 -1
    outer loop
      vertex 26.5 25 -7.62939e-07
      vertex 25.6566 25.8103 -7.62939e-07
      vertex 25.8106 25.8409 -7.62939e-07
    endloop
  endfacet
  facet normal 0 0 -1
    outer loop
      vertex 26.5 25 -7.62939e-07
      vertex 25.5 25.8 -7.62939e-07
      vertex 25.6566 25.8103 -7.62939e-07
    endloop
  endfacet
  facet normal 0 0 -1
    outer loop
      vertex 26.5 25 -7.62939e-07
      vertex 25.3434 25.8103 -7.62939e-07
      vertex 25.5 25.8 -7.62939e-07
    endloop
  endfacet
  facet normal 0 0 -1
    outer loop
      vertex 26.5 25 -7.62939e-07
      vertex 25.1894 25.8409 -7.62939e-07
      vertex 25.3434 25.8103 -7.62939e-07
    endloop
  endfacet
  facet normal -0 0 -1
    outer loop
      vertex 25.1894 25.8409 -7.62939e-07
      vertex 24.6 21 -7.62939e-07
      vertex 25.0408 25.8913 -7.62939e-07
    endloop
  endfacet
  facet normal 0 0 -1
    outer loop
      vertex 24.6 26 -7.62939e-07
      vertex 25.0408 25.8913 -7.62939e-07
      vertex 24.6 21 -7.62939e-07
    endloop
  endfacet
  facet normal 0 0 -1
    outer loop
      vertex 25.0408 25.8913 -7.62939e-07
      vertex 24.6 26 -7.62939e-07
      vertex 24.9 25.9608 -7.62939e-07
    endloop
  endfacet
  facet normal 0 0 -1
    outer loop
      vertex 24.9 25.9608 -7.62939e-07
      vertex 24.6 26 -7.62939e-07
      vertex 24.7695 26.048 -7.62939e-07
    endloop
  endfacet
  facet normal 0 0 -1
    outer loop
      vertex 1.25 0 -7.62939e-07
      vertex 26.5 20 -7.62939e-07
      vertex 53.25 0 -7.62939e-07
    endloop
  endfacet
  facet normal 0 -0 -1
    outer loop
      vertex 23 21 -7.62939e-07
      vertex 26.5 20 -7.62939e-07
      vertex 1.25 0 -7.62939e-07
    endloop
  endfacet
  facet normal 0 0 -1
    outer loop
      vertex 6.1 26 -7.62939e-07
      vertex 23 26 -7.62939e-07
      vertex 23 21 -7.62939e-07
    endloop
  endfacet
  facet normal 0 0 -1
    outer loop
      vertex 6.1 39 -7.62939e-07
      vertex 24.3 33 -7.62939e-07
      vertex 6.1 26 -7.62939e-07
    endloop
  endfacet
  facet normal 0 0 -1
    outer loop
      vertex 6.1 26 -7.62939e-07
      vertex 23 21 -7.62939e-07
      vertex 6.1 21 -7.62939e-07
    endloop
  endfacet
  facet normal 0 0 -1
    outer loop
      vertex 26.5 20 -7.62939e-07
      vertex 23 21 -7.62939e-07
      vertex 24.6 21 -7.62939e-07
    endloop
  endfacet
  facet normal -0 0 -1
    outer loop
      vertex 23 21 -7.62939e-07
      vertex 4.85865 18.5408 -7.62939e-07
      vertex 6.1 21 -7.62939e-07
    endloop
  endfacet
  facet normal 0 0 -1
    outer loop
      vertex 6.1 21 -7.62939e-07
      vertex 4.93973 18.8434 -7.62939e-07
      vertex 4.95 19 -7.62939e-07
    endloop
  endfacet
  facet normal 0 0 -1
    outer loop
      vertex 6.1 21 -7.62939e-07
      vertex 4.90911 18.6894 -7.62939e-07
      vertex 4.93973 18.8434 -7.62939e-07
    endloop
  endfacet
  facet normal 0 0 -1
    outer loop
      vertex 6.1 21 -7.62939e-07
      vertex 4.85865 18.5408 -7.62939e-07
      vertex 4.90911 18.6894 -7.62939e-07
    endloop
  endfacet
  facet normal 0 0 -1
    outer loop
      vertex 23 21 -7.62939e-07
      vertex 4.78923 18.4 -7.62939e-07
      vertex 4.85865 18.5408 -7.62939e-07
    endloop
  endfacet
  facet normal 0 -0 -1
    outer loop
      vertex 4.59853 18.1515 -7.62939e-07
      vertex 23 21 -7.62939e-07
      vertex 1.25 0 -7.62939e-07
    endloop
  endfacet
  facet normal 0 0 -1
    outer loop
      vertex 23 21 -7.62939e-07
      vertex 4.70202 18.2695 -7.62939e-07
      vertex 4.78923 18.4 -7.62939e-07
    endloop
  endfacet
  facet normal 0 0 -1
    outer loop
      vertex 23 21 -7.62939e-07
      vertex 4.59853 18.1515 -7.62939e-07
      vertex 4.70202 18.2695 -7.62939e-07
    endloop
  endfacet
  facet normal 0 0 -1
    outer loop
      vertex 4.59853 18.1515 -7.62939e-07
      vertex 1.25 0 -7.62939e-07
      vertex 4.48051 18.048 -7.62939e-07
    endloop
  endfacet
  facet normal 0 0 -1
    outer loop
      vertex 4.48051 18.048 -7.62939e-07
      vertex 1.25 0 -7.62939e-07
      vertex 4.35 17.9608 -7.62939e-07
    endloop
  endfacet
  facet normal 0 0 -1
    outer loop
      vertex 4.35 17.9608 -7.62939e-07
      vertex 1.25 0 -7.62939e-07
      vertex 4.20922 17.8913 -7.62939e-07
    endloop
  endfacet
  facet normal 0 0 -1
    outer loop
      vertex 4.20922 17.8913 -7.62939e-07
      vertex 1.25 0 -7.62939e-07
      vertex 4.06058 17.8409 -7.62939e-07
    endloop
  endfacet
  facet normal 0 0 -1
    outer loop
      vertex 4.06058 17.8409 -7.62939e-07
      vertex 1.25 0 -7.62939e-07
      vertex 3.90663 17.8103 -7.62939e-07
    endloop
  endfacet
  facet normal 0 0 -1
    outer loop
      vertex 3.90663 17.8103 -7.62939e-07
      vertex 1.25 0 -7.62939e-07
      vertex 3.75 17.8 -7.62939e-07
    endloop
  endfacet
  facet normal -0 0 -1
    outer loop
      vertex 3.75 17.8 -7.62939e-07
      vertex 1.25 0 -7.62939e-07
      vertex 3.59337 17.8103 -7.62939e-07
    endloop
  endfacet
  facet normal -0 0 -1
    outer loop
      vertex 3.59337 17.8103 -7.62939e-07
      vertex 1.25 0 -7.62939e-07
      vertex 3.43942 17.8409 -7.62939e-07
    endloop
  endfacet
  facet normal 0 0 -1
    outer loop
      vertex 1.25 48 -7.62939e-07
      vertex 2.55 19 -7.62939e-07
      vertex 1.25 0 -7.62939e-07
    endloop
  endfacet
  facet normal -0 0 -1
    outer loop
      vertex 2.56026 18.8434 -7.62939e-07
      vertex 1.25 0 -7.62939e-07
      vertex 2.55 19 -7.62939e-07
    endloop
  endfacet
  facet normal -0 0 -1
    outer loop
      vertex 2.59089 18.6894 -7.62939e-07
      vertex 1.25 0 -7.62939e-07
      vertex 2.56026 18.8434 -7.62939e-07
    endloop
  endfacet
  facet normal -0 0 -1
    outer loop
      vertex 2.64134 18.5408 -7.62939e-07
      vertex 1.25 0 -7.62939e-07
      vertex 2.59089 18.6894 -7.62939e-07
    endloop
  endfacet
  facet normal -0 0 -1
    outer loop
      vertex 2.71077 18.4 -7.62939e-07
      vertex 1.25 0 -7.62939e-07
      vertex 2.64134 18.5408 -7.62939e-07
    endloop
  endfacet
  facet normal -0 0 -1
    outer loop
      vertex 2.79798 18.2695 -7.62939e-07
      vertex 1.25 0 -7.62939e-07
      vertex 2.71077 18.4 -7.62939e-07
    endloop
  endfacet
  facet normal -0 0 -1
    outer loop
      vertex 2.90147 18.1515 -7.62939e-07
      vertex 1.25 0 -7.62939e-07
      vertex 2.79798 18.2695 -7.62939e-07
    endloop
  endfacet
  facet normal -0 0 -1
    outer loop
      vertex 3.01948 18.048 -7.62939e-07
      vertex 1.25 0 -7.62939e-07
      vertex 2.90147 18.1515 -7.62939e-07
    endloop
  endfacet
  facet normal -0 0 -1
    outer loop
      vertex 3.15 17.9608 -7.62939e-07
      vertex 1.25 0 -7.62939e-07
      vertex 3.01948 18.048 -7.62939e-07
    endloop
  endfacet
  facet normal -0 0 -1
    outer loop
      vertex 3.29078 17.8913 -7.62939e-07
      vertex 1.25 0 -7.62939e-07
      vertex 3.15 17.9608 -7.62939e-07
    endloop
  endfacet
  facet normal -0 0 -1
    outer loop
      vertex 3.43942 17.8409 -7.62939e-07
      vertex 1.25 0 -7.62939e-07
      vertex 3.29078 17.8913 -7.62939e-07
    endloop
  endfacet
  facet normal 0 0 -1
    outer loop
      vertex 51.9091 39.3106 -7.62939e-07
      vertex 53.25 44 -7.62939e-07
      vertex 51.9397 39.1566 -7.62939e-07
    endloop
  endfacet
  facet normal 0 0 -1
    outer loop
      vertex 51.8587 39.4592 -7.62939e-07
      vertex 53.25 44 -7.62939e-07
      vertex 51.9091 39.3106 -7.62939e-07
    endloop
  endfacet
  facet normal 0 0 -1
    outer loop
      vertex 51.7892 39.6 -7.62939e-07
      vertex 53.25 44 -7.62939e-07
      vertex 51.8587 39.4592 -7.62939e-07
    endloop
  endfacet
  facet normal 0 0 -1
    outer loop
      vertex 51.702 39.7305 -7.62939e-07
      vertex 53.25 44 -7.62939e-07
      vertex 51.7892 39.6 -7.62939e-07
    endloop
  endfacet
  facet normal 0 0 -1
    outer loop
      vertex 51.5985 39.8485 -7.62939e-07
      vertex 53.25 44 -7.62939e-07
      vertex 51.702 39.7305 -7.62939e-07
    endloop
  endfacet
  facet normal 0 0 -1
    outer loop
      vertex 51.4805 39.952 -7.62939e-07
      vertex 53.25 44 -7.62939e-07
      vertex 51.5985 39.8485 -7.62939e-07
    endloop
  endfacet
  facet normal -0 0 -1
    outer loop
      vertex 53.25 44 -7.62939e-07
      vertex 51.4805 39.952 -7.62939e-07
      vertex 52.5 44 -7.62939e-07
    endloop
  endfacet
  facet normal 0 0 -1
    outer loop
      vertex 51.35 40.0392 -7.62939e-07
      vertex 52.5 44 -7.62939e-07
      vertex 51.4805 39.952 -7.62939e-07
    endloop
  endfacet
  facet normal 0 0 -1
    outer loop
      vertex 51.2092 40.1087 -7.62939e-07
      vertex 52.5 44 -7.62939e-07
      vertex 51.35 40.0392 -7.62939e-07
    endloop
  endfacet
  facet normal 0 0 -1
    outer loop
      vertex 51.0606 40.1591 -7.62939e-07
      vertex 52.5 44 -7.62939e-07
      vertex 51.2092 40.1087 -7.62939e-07
    endloop
  endfacet
  facet normal 0 0 -1
    outer loop
      vertex 50.9066 40.1897 -7.62939e-07
      vertex 52.5 44 -7.62939e-07
      vertex 51.0606 40.1591 -7.62939e-07
    endloop
  endfacet
  facet normal 0 0 -1
    outer loop
      vertex 52.5 44 -7.62939e-07
      vertex 50.9066 40.1897 -7.62939e-07
      vertex 49.1 42 -7.62939e-07
    endloop
  endfacet
  facet normal 0 0 -1
    outer loop
      vertex 49.1 42 -7.62939e-07
      vertex 50.9066 40.1897 -7.62939e-07
      vertex 50.75 40.2 -7.62939e-07
    endloop
  endfacet
  facet normal 0 0 -1
    outer loop
      vertex 49.1 42 -7.62939e-07
      vertex 50.75 40.2 -7.62939e-07
      vertex 50.5934 40.1897 -7.62939e-07
    endloop
  endfacet
  facet normal 0 0 -1
    outer loop
      vertex 49.1 42 -7.62939e-07
      vertex 50.5934 40.1897 -7.62939e-07
      vertex 50.4394 40.1591 -7.62939e-07
    endloop
  endfacet
  facet normal 0 0 -1
    outer loop
      vertex 49.1 42 -7.62939e-07
      vertex 50.4394 40.1591 -7.62939e-07
      vertex 50.2908 40.1087 -7.62939e-07
    endloop
  endfacet
  facet normal 0 0 -1
    outer loop
      vertex 49.1 42 -7.62939e-07
      vertex 50.2908 40.1087 -7.62939e-07
      vertex 50.15 40.0392 -7.62939e-07
    endloop
  endfacet
  facet normal 0 0 -1
    outer loop
      vertex 49.1 42 -7.62939e-07
      vertex 50.15 40.0392 -7.62939e-07
      vertex 50.0195 39.952 -7.62939e-07
    endloop
  endfacet
  facet normal 0 0 -1
    outer loop
      vertex 49.1 42 -7.62939e-07
      vertex 50.0195 39.952 -7.62939e-07
      vertex 49.9015 39.8485 -7.62939e-07
    endloop
  endfacet
  facet normal 0 0 -1
    outer loop
      vertex 49.1 42 -7.62939e-07
      vertex 49.9015 39.8485 -7.62939e-07
      vertex 49.798 39.7305 -7.62939e-07
    endloop
  endfacet
  facet normal 0 0 -1
    outer loop
      vertex 49.1 42 -7.62939e-07
      vertex 49.798 39.7305 -7.62939e-07
      vertex 49.7108 39.6 -7.62939e-07
    endloop
  endfacet
  facet normal 0 0 -1
    outer loop
      vertex 49.1 42 -7.62939e-07
      vertex 49.7108 39.6 -7.62939e-07
      vertex 49.6413 39.4592 -7.62939e-07
    endloop
  endfacet
  facet normal 0 0 -1
    outer loop
      vertex 49.1 42 -7.62939e-07
      vertex 49.6413 39.4592 -7.62939e-07
      vertex 49.5909 39.3106 -7.62939e-07
    endloop
  endfacet
  facet normal -0 0 -1
    outer loop
      vertex 49.5909 38.6894 -7.62939e-07
      vertex 49.1 37 -7.62939e-07
      vertex 49.5603 38.8434 -7.62939e-07
    endloop
  endfacet
  facet normal -0 0 -1
    outer loop
      vertex 49.5603 38.8434 -7.62939e-07
      vertex 49.1 37 -7.62939e-07
      vertex 49.55 39 -7.62939e-07
    endloop
  endfacet
  facet normal 0 0 -1
    outer loop
      vertex 49.1 37 -7.62939e-07
      vertex 49.5603 39.1566 -7.62939e-07
      vertex 49.55 39 -7.62939e-07
    endloop
  endfacet
  facet normal 0 0 -1
    outer loop
      vertex 49.1 42 -7.62939e-07
      vertex 49.5603 39.1566 -7.62939e-07
      vertex 49.1 37 -7.62939e-07
    endloop
  endfacet
  facet normal 0 0 -1
    outer loop
      vertex 49.5603 39.1566 -7.62939e-07
      vertex 49.1 42 -7.62939e-07
      vertex 49.5909 39.3106 -7.62939e-07
    endloop
  endfacet
  facet normal -0 0 -1
    outer loop
      vertex 52.5 44 -7.62939e-07
      vertex 49.1 42 -7.62939e-07
      vertex 52.5 48 -7.62939e-07
    endloop
  endfacet
  facet normal 0 0 -1
    outer loop
      vertex 47.5 42 -7.62939e-07
      vertex 52.5 48 -7.62939e-07
      vertex 49.1 42 -7.62939e-07
    endloop
  endfacet
  facet normal 0 0 -1
    outer loop
      vertex 28.1 37 -7.62939e-07
      vertex 47.5 37 -7.62939e-07
      vertex 28.1 25 -7.62939e-07
    endloop
  endfacet
  facet normal 0 0 -1
    outer loop
      vertex 47.5 37 -7.62939e-07
      vertex 28.1 37 -7.62939e-07
      vertex 47.5 42 -7.62939e-07
    endloop
  endfacet
  facet normal 0 0 -1
    outer loop
      vertex 28.1 42 -7.62939e-07
      vertex 47.5 42 -7.62939e-07
      vertex 28.1 37 -7.62939e-07
    endloop
  endfacet
  facet normal 0 0 -1
    outer loop
      vertex 47.5 42 -7.62939e-07
      vertex 28.1 42 -7.62939e-07
      vertex 52.5 48 -7.62939e-07
    endloop
  endfacet
  facet normal 0 0 -1
    outer loop
      vertex 24.6 44 -7.62939e-07
      vertex 28.1 42 -7.62939e-07
      vertex 26.5 42 -7.62939e-07
    endloop
  endfacet
  facet normal -0 0 -1
    outer loop
      vertex 28.1 37 -7.62939e-07
      vertex 26.2305 33.952 -7.62939e-07
      vertex 26.5 37 -7.62939e-07
    endloop
  endfacet
  facet normal 0 0 -1
    outer loop
      vertex 26.1 34.0392 -7.62939e-07
      vertex 26.5 37 -7.62939e-07
      vertex 26.2305 33.952 -7.62939e-07
    endloop
  endfacet
  facet normal 0 0 -1
    outer loop
      vertex 25.9592 34.1087 -7.62939e-07
      vertex 26.5 37 -7.62939e-07
      vertex 26.1 34.0392 -7.62939e-07
    endloop
  endfacet
  facet normal 0 0 -1
    outer loop
      vertex 25.8106 34.1591 -7.62939e-07
      vertex 26.5 37 -7.62939e-07
      vertex 25.9592 34.1087 -7.62939e-07
    endloop
  endfacet
  facet normal 0 0 -1
    outer loop
      vertex 25.6566 34.1897 -7.62939e-07
      vertex 26.5 37 -7.62939e-07
      vertex 25.8106 34.1591 -7.62939e-07
    endloop
  endfacet
  facet normal 0 0 -1
    outer loop
      vertex 25.5 34.2 -7.62939e-07
      vertex 26.5 37 -7.62939e-07
      vertex 25.6566 34.1897 -7.62939e-07
    endloop
  endfacet
  facet normal 0 0 -1
    outer loop
      vertex 25.3434 34.1897 -7.62939e-07
      vertex 26.5 37 -7.62939e-07
      vertex 25.5 34.2 -7.62939e-07
    endloop
  endfacet
  facet normal 0 0 -1
    outer loop
      vertex 25.1894 34.1591 -7.62939e-07
      vertex 26.5 37 -7.62939e-07
      vertex 25.3434 34.1897 -7.62939e-07
    endloop
  endfacet
  facet normal 0 0 -1
    outer loop
      vertex 25.0408 34.1087 -7.62939e-07
      vertex 26.5 37 -7.62939e-07
      vertex 25.1894 34.1591 -7.62939e-07
    endloop
  endfacet
  facet normal -0 0 -1
    outer loop
      vertex 26.5 37 -7.62939e-07
      vertex 25.0408 34.1087 -7.62939e-07
      vertex 24.6 39 -7.62939e-07
    endloop
  endfacet
  facet normal 0 0 -1
    outer loop
      vertex 24.6 39 -7.62939e-07
      vertex 25.0408 34.1087 -7.62939e-07
      vertex 24.9 34.0392 -7.62939e-07
    endloop
  endfacet
  facet normal 0 0 -1
    outer loop
      vertex 24.6 39 -7.62939e-07
      vertex 24.9 34.0392 -7.62939e-07
      vertex 24.7695 33.952 -7.62939e-07
    endloop
  endfacet
  facet normal 0 0 -1
    outer loop
      vertex 24.6 39 -7.62939e-07
      vertex 24.7695 33.952 -7.62939e-07
      vertex 24.6515 33.8485 -7.62939e-07
    endloop
  endfacet
  facet normal 0 0 -1
    outer loop
      vertex 26.5 37 -7.62939e-07
      vertex 24.6 39 -7.62939e-07
      vertex 26.5 42 -7.62939e-07
    endloop
  endfacet
  facet normal 0 0 -1
    outer loop
      vertex 24.6 44 -7.62939e-07
      vertex 26.5 42 -7.62939e-07
      vertex 24.6 39 -7.62939e-07
    endloop
  endfacet
  facet normal 0 0 -1
    outer loop
      vertex 28.1 42 -7.62939e-07
      vertex 24.6 44 -7.62939e-07
      vertex 52.5 48 -7.62939e-07
    endloop
  endfacet
  facet normal 0 0 -1
    outer loop
      vertex 1.25 48 -7.62939e-07
      vertex 24.6 44 -7.62939e-07
      vertex 23 44 -7.62939e-07
    endloop
  endfacet
  facet normal 0 0 -1
    outer loop
      vertex 24.3103 33.1566 -7.62939e-07
      vertex 6.1 39 -7.62939e-07
      vertex 23 39 -7.62939e-07
    endloop
  endfacet
  facet normal 0 0 -1
    outer loop
      vertex 23 39 -7.62939e-07
      vertex 6.1 39 -7.62939e-07
      vertex 23 44 -7.62939e-07
    endloop
  endfacet
  facet normal 0 0 -1
    outer loop
      vertex 6.1 44 -7.62939e-07
      vertex 23 44 -7.62939e-07
      vertex 6.1 39 -7.62939e-07
    endloop
  endfacet
  facet normal 0 0 -1
    outer loop
      vertex 1.25 48 -7.62939e-07
      vertex 23 44 -7.62939e-07
      vertex 6.1 44 -7.62939e-07
    endloop
  endfacet
  facet normal 0 0 -1
    outer loop
      vertex 1.25 48 -7.62939e-07
      vertex 6.1 44 -7.62939e-07
      vertex 4.5 44 -7.62939e-07
    endloop
  endfacet
  facet normal 0 0 -1
    outer loop
      vertex 4.35 40.0392 -7.62939e-07
      vertex 4.5 44 -7.62939e-07
      vertex 4.48051 39.952 -7.62939e-07
    endloop
  endfacet
  facet normal 0 0 -1
    outer loop
      vertex 4.20922 40.1087 -7.62939e-07
      vertex 4.5 44 -7.62939e-07
      vertex 4.35 40.0392 -7.62939e-07
    endloop
  endfacet
  facet normal 0 0 -1
    outer loop
      vertex 4.06058 40.1591 -7.62939e-07
      vertex 4.5 44 -7.62939e-07
      vertex 4.20922 40.1087 -7.62939e-07
    endloop
  endfacet
  facet normal 0 0 -1
    outer loop
      vertex 3.90663 40.1897 -7.62939e-07
      vertex 4.5 44 -7.62939e-07
      vertex 4.06058 40.1591 -7.62939e-07
    endloop
  endfacet
  facet normal 0 0 -1
    outer loop
      vertex 3.75 40.2 -7.62939e-07
      vertex 4.5 44 -7.62939e-07
      vertex 3.90663 40.1897 -7.62939e-07
    endloop
  endfacet
  facet normal 0 0 -1
    outer loop
      vertex 3.59337 40.1897 -7.62939e-07
      vertex 4.5 44 -7.62939e-07
      vertex 3.75 40.2 -7.62939e-07
    endloop
  endfacet
  facet normal 0 0 -1
    outer loop
      vertex 3.43942 40.1591 -7.62939e-07
      vertex 4.5 44 -7.62939e-07
      vertex 3.59337 40.1897 -7.62939e-07
    endloop
  endfacet
  facet normal 0 0 -1
    outer loop
      vertex 3.29078 40.1087 -7.62939e-07
      vertex 4.5 44 -7.62939e-07
      vertex 3.43942 40.1591 -7.62939e-07
    endloop
  endfacet
  facet normal 0 0 -1
    outer loop
      vertex 3.15 40.0392 -7.62939e-07
      vertex 4.5 44 -7.62939e-07
      vertex 3.29078 40.1087 -7.62939e-07
    endloop
  endfacet
  facet normal 0 0 -1
    outer loop
      vertex 3.01948 39.952 -7.62939e-07
      vertex 4.5 44 -7.62939e-07
      vertex 3.15 40.0392 -7.62939e-07
    endloop
  endfacet
  facet normal 0 0 -1
    outer loop
      vertex 2.90147 39.8485 -7.62939e-07
      vertex 4.5 44 -7.62939e-07
      vertex 3.01948 39.952 -7.62939e-07
    endloop
  endfacet
  facet normal 0 0 -1
    outer loop
      vertex 1.25 48 -7.62939e-07
      vertex 2.90147 39.8485 -7.62939e-07
      vertex 2.79798 39.7305 -7.62939e-07
    endloop
  endfacet
  facet normal 0 0 -1
    outer loop
      vertex 1.25 48 -7.62939e-07
      vertex 2.79798 39.7305 -7.62939e-07
      vertex 2.71077 39.6 -7.62939e-07
    endloop
  endfacet
  facet normal 0 0 -1
    outer loop
      vertex 1.25 48 -7.62939e-07
      vertex 2.71077 39.6 -7.62939e-07
      vertex 2.64134 39.4592 -7.62939e-07
    endloop
  endfacet
  facet normal 0 0 -1
    outer loop
      vertex 24.6 44 -7.62939e-07
      vertex 1.25 48 -7.62939e-07
      vertex 52.5 48 -7.62939e-07
    endloop
  endfacet
  facet normal 0 0 -1
    outer loop
      vertex 2.90147 39.8485 -7.62939e-07
      vertex 1.25 48 -7.62939e-07
      vertex 4.5 44 -7.62939e-07
    endloop
  endfacet
  facet normal 0 0 -1
    outer loop
      vertex 2.59089 39.3106 -7.62939e-07
      vertex 1.25 48 -7.62939e-07
      vertex 2.64134 39.4592 -7.62939e-07
    endloop
  endfacet
  facet normal 0 0 -1
    outer loop
      vertex 2.56026 39.1566 -7.62939e-07
      vertex 1.25 48 -7.62939e-07
      vertex 2.59089 39.3106 -7.62939e-07
    endloop
  endfacet
  facet normal 0 0 -1
    outer loop
      vertex 2.55 39 -7.62939e-07
      vertex 1.25 48 -7.62939e-07
      vertex 2.56026 39.1566 -7.62939e-07
    endloop
  endfacet
  facet normal 0 0 -1
    outer loop
      vertex 2.56026 38.8434 -7.62939e-07
      vertex 1.25 48 -7.62939e-07
      vertex 2.55 39 -7.62939e-07
    endloop
  endfacet
  facet normal 0 0 -1
    outer loop
      vertex 28.1 25 -7.62939e-07
      vertex 26.7 33 -7.62939e-07
      vertex 28.1 37 -7.62939e-07
    endloop
  endfacet
  facet normal 0 0 -1
    outer loop
      vertex 26.6897 33.1566 -7.62939e-07
      vertex 28.1 37 -7.62939e-07
      vertex 26.7 33 -7.62939e-07
    endloop
  endfacet
  facet normal 0 0 -1
    outer loop
      vertex 26.6591 33.3106 -7.62939e-07
      vertex 28.1 37 -7.62939e-07
      vertex 26.6897 33.1566 -7.62939e-07
    endloop
  endfacet
  facet normal 0 0 -1
    outer loop
      vertex 26.6087 33.4592 -7.62939e-07
      vertex 28.1 37 -7.62939e-07
      vertex 26.6591 33.3106 -7.62939e-07
    endloop
  endfacet
  facet normal 0 0 -1
    outer loop
      vertex 26.5392 33.6 -7.62939e-07
      vertex 28.1 37 -7.62939e-07
      vertex 26.6087 33.4592 -7.62939e-07
    endloop
  endfacet
  facet normal 0 0 -1
    outer loop
      vertex 26.452 33.7305 -7.62939e-07
      vertex 28.1 37 -7.62939e-07
      vertex 26.5392 33.6 -7.62939e-07
    endloop
  endfacet
  facet normal 0 0 -1
    outer loop
      vertex 26.2305 33.952 -7.62939e-07
      vertex 28.1 37 -7.62939e-07
      vertex 26.3485 33.8485 -7.62939e-07
    endloop
  endfacet
  facet normal 0 0 -1
    outer loop
      vertex 26.3485 33.8485 -7.62939e-07
      vertex 28.1 37 -7.62939e-07
      vertex 26.452 33.7305 -7.62939e-07
    endloop
  endfacet
  facet normal 0 -1 0
    outer loop
      vertex 1.25 0 -7.62939e-07
      vertex 53.25 0 0.999999
      vertex 1.25 0 0.999999
    endloop
  endfacet
  facet normal 0 -1 -0
    outer loop
      vertex 53.25 0 0.999999
      vertex 1.25 0 -7.62939e-07
      vertex 53.25 0 -7.62939e-07
    endloop
  endfacet
  facet normal 1 -0 0
    outer loop
      vertex 52.5 44 0.999999
      vertex 52.5 48 -7.62939e-07
      vertex 52.5 48 0.999999
    endloop
  endfacet
  facet normal 1 0 0
    outer loop
      vertex 52.5 48 -7.62939e-07
      vertex 52.5 44 0.999999
      vertex 52.5 44 -7.62939e-07
    endloop
  endfacet
  facet normal 0 1 -0
    outer loop
      vertex 53.25 44 -7.62939e-07
      vertex 52.5 44 0.999999
      vertex 53.25 44 0.999999
    endloop
  endfacet
  facet normal 0 1 0
    outer loop
      vertex 52.5 44 0.999999
      vertex 53.25 44 -7.62939e-07
      vertex 52.5 44 -7.62939e-07
    endloop
  endfacet
  facet normal -1 0 0
    outer loop
      vertex 0 31.4 4.3
      vertex 0 32.9 0.7
      vertex 0 31.4 3
    endloop
  endfacet
  facet normal -1 0 0
    outer loop
      vertex 0 32.9 0.7
      vertex 0 28.6 3
      vertex 0 31.4 3
    endloop
  endfacet
  facet normal -1 -0 0
    outer loop
      vertex 0 28.6 3
      vertex 0 27.1 0.7
      vertex 0 28.6 4.3
    endloop
  endfacet
  facet normal -1 0 0
    outer loop
      vertex 0 27.1 0.7
      vertex 0 28.6 3
      vertex 0 32.9 0.7
    endloop
  endfacet
  facet normal -1 0 0
    outer loop
      vertex 0 32.9 0.7
      vertex 0 31.4 4.3
      vertex 0 32.9 8.5
    endloop
  endfacet
  facet normal -1 0 0
    outer loop
      vertex 0 28.6 4.3
      vertex 0 32.9 8.5
      vertex 0 31.4 4.3
    endloop
  endfacet
  facet normal -1 0 0
    outer loop
      vertex 0 28.6 4.3
      vertex 0 27.1 8.5
      vertex 0 32.9 8.5
    endloop
  endfacet
  facet normal -1 0 0
    outer loop
      vertex 0 27.1 8.5
      vertex 0 28.6 4.3
      vertex 0 27.1 0.7
    endloop
  endfacet
  facet normal -0 0 1
    outer loop
      vertex 3.75 32.9 8.5
      vertex 5 27.1 8.5
      vertex 5 32.9 8.5
    endloop
  endfacet
  facet normal 0 0 1
    outer loop
      vertex 5 27.1 8.5
      vertex 3.75 32.9 8.5
      vertex 3.75 27.1 8.5
    endloop
  endfacet
  facet normal -0 0 1
    outer loop
      vertex 0 32.9 8.5
      vertex 1.25 27.1 8.5
      vertex 1.25 32.9 8.5
    endloop
  endfacet
  facet normal 0 0 1
    outer loop
      vertex 1.25 27.1 8.5
      vertex 0 32.9 8.5
      vertex 0 27.1 8.5
    endloop
  endfacet
  facet normal 1 0 0
    outer loop
      vertex 5 32.9 8.5
      vertex 5 31.4 4.3
      vertex 5 32.9 0.999999
    endloop
  endfacet
  facet normal 1 0 0
    outer loop
      vertex 5 32.9 8.5
      vertex 5 28.6 4.3
      vertex 5 31.4 4.3
    endloop
  endfacet
  facet normal 1 0 0
    outer loop
      vertex 5 27.1 0.999999
      vertex 5 28.6 4.3
      vertex 5 27.1 8.5
    endloop
  endfacet
  facet normal 1 -0 0
    outer loop
      vertex 5 27.1 8.5
      vertex 5 28.6 4.3
      vertex 5 32.9 8.5
    endloop
  endfacet
  facet normal 1 -0 0
    outer loop
      vertex 5 31.4 3
      vertex 5 32.9 0.999999
      vertex 5 31.4 4.3
    endloop
  endfacet
  facet normal 1 -0 0
    outer loop
      vertex 5 28.6 3
      vertex 5 32.9 0.999999
      vertex 5 31.4 3
    endloop
  endfacet
  facet normal 1 0 0
    outer loop
      vertex 5 28.6 3
      vertex 5 27.1 0.999999
      vertex 5 32.9 0.999999
    endloop
  endfacet
  facet normal 1 0 0
    outer loop
      vertex 5 28.6 4.3
      vertex 5 27.1 0.999999
      vertex 5 28.6 3
    endloop
  endfacet
  facet normal 0 1 0
    outer loop
      vertex 5 32.9 8.5
      vertex 3.75 32.9 5.9
      vertex 3.75 32.9 8.5
    endloop
  endfacet
  facet normal 0 1 0
    outer loop
      vertex 3.75 32.9 5.9
      vertex 3.125 32.9 5.84143
      vertex 3.21174 32.9 5.9
    endloop
  endfacet
  facet normal 0 1 0
    outer loop
      vertex 3.75 32.9 5.9
      vertex 3.08264 32.9 5.82032
      vertex 3.125 32.9 5.84143
    endloop
  endfacet
  facet normal 0 1 0
    outer loop
      vertex 3.75 32.9 5.9
      vertex 2.97835 32.9 5.76834
      vertex 3.08264 32.9 5.82032
    endloop
  endfacet
  facet normal 0 1 0
    outer loop
      vertex 5 32.9 0.999999
      vertex 2.97835 32.9 5.76834
      vertex 3.75 32.9 5.9
    endloop
  endfacet
  facet normal 0 1 0
    outer loop
      vertex 2.97835 32.9 5.76834
      vertex 5 32.9 0.999999
      vertex 2.86843 32.9 5.73064
    endloop
  endfacet
  facet normal 0 1 0
    outer loop
      vertex 2.86843 32.9 5.73064
      vertex 5 32.9 0.999999
      vertex 2.82352 32.9 5.71523
    endloop
  endfacet
  facet normal 0 1 0
    outer loop
      vertex 2.82352 32.9 5.71523
      vertex 5 32.9 0.999999
      vertex 2.77696 32.9 5.70587
    endloop
  endfacet
  facet normal 0 1 0
    outer loop
      vertex 2.66316 32.9 5.68299
      vertex 1.25 32.9 0.999999
      vertex 2.54744 32.9 5.67533
    endloop
  endfacet
  facet normal 0 1 0
    outer loop
      vertex 1.25 32.9 0.999999
      vertex 2.66316 32.9 5.68299
      vertex 5 32.9 0.999999
    endloop
  endfacet
  facet normal 0 1 0
    outer loop
      vertex 2.77696 32.9 5.70587
      vertex 5 32.9 0.999999
      vertex 2.66316 32.9 5.68299
    endloop
  endfacet
  facet normal 0 1 -0
    outer loop
      vertex 5 32.9 0.999999
      vertex 3.75 32.9 5.9
      vertex 5 32.9 8.5
    endloop
  endfacet
  facet normal 0 1 0
    outer loop
      vertex 1.78826 32.9 5.9
      vertex 1.875 32.9 5.84143
      vertex 1.25 32.9 5.9
    endloop
  endfacet
  facet normal 0 1 -0
    outer loop
      vertex 1.25 32.9 5.9
      vertex 0 32.9 8.5
      vertex 1.25 32.9 8.5
    endloop
  endfacet
  facet normal 0 1 0
    outer loop
      vertex 1.91736 32.9 5.82032
      vertex 1.25 32.9 5.9
      vertex 1.875 32.9 5.84143
    endloop
  endfacet
  facet normal 0 1 0
    outer loop
      vertex 2.02165 32.9 5.76834
      vertex 1.25 32.9 5.9
      vertex 1.91736 32.9 5.82032
    endloop
  endfacet
  facet normal 0 1 0
    outer loop
      vertex 1.25 32.9 0.999999
      vertex 2.02165 32.9 5.76834
      vertex 2.13157 32.9 5.73064
    endloop
  endfacet
  facet normal 0 1 0
    outer loop
      vertex 1.25 32.9 0.999999
      vertex 2.13157 32.9 5.73064
      vertex 2.17648 32.9 5.71523
    endloop
  endfacet
  facet normal 0 1 0
    outer loop
      vertex 1.25 32.9 0.999999
      vertex 2.17648 32.9 5.71523
      vertex 2.22304 32.9 5.70587
    endloop
  endfacet
  facet normal 0 1 0
    outer loop
      vertex 1.25 32.9 0.999999
      vertex 2.22304 32.9 5.70587
      vertex 2.33684 32.9 5.68299
    endloop
  endfacet
  facet normal 0 1 0
    outer loop
      vertex 2.54744 32.9 5.67533
      vertex 1.25 32.9 0.999999
      vertex 2.5 32.9 5.67219
    endloop
  endfacet
  facet normal 0 1 0
    outer loop
      vertex 2.5 32.9 5.67219
      vertex 1.25 32.9 0.999999
      vertex 2.45256 32.9 5.67533
    endloop
  endfacet
  facet normal 0 1 0
    outer loop
      vertex 2.45256 32.9 5.67533
      vertex 1.25 32.9 0.999999
      vertex 2.33684 32.9 5.68299
    endloop
  endfacet
  facet normal 0 1 0
    outer loop
      vertex 2.02165 32.9 5.76834
      vertex 1.25 32.9 0.999999
      vertex 1.25 32.9 5.9
    endloop
  endfacet
  facet normal 0 1 0
    outer loop
      vertex 0 32.9 0.7
      vertex 1.25 32.9 5.9
      vertex 1.25 32.9 0.999999
    endloop
  endfacet
  facet normal 0 1 0
    outer loop
      vertex 0 32.9 0.7
      vertex 1.25 32.9 0.999999
      vertex 1.25 32.9 0.7
    endloop
  endfacet
  facet normal 0 1 0
    outer loop
      vertex 1.25 32.9 5.9
      vertex 0 32.9 0.7
      vertex 0 32.9 8.5
    endloop
  endfacet
  facet normal 0 0 -1
    outer loop
      vertex 0 27.1 0.7
      vertex 1.25 32.9 0.7
      vertex 1.25 27.1 0.7
    endloop
  endfacet
  facet normal -0 0 -1
    outer loop
      vertex 1.25 32.9 0.7
      vertex 0 27.1 0.7
      vertex 0 32.9 0.7
    endloop
  endfacet
  facet normal 0 -1 -0
    outer loop
      vertex 3.73444 27.1 5.9
      vertex 3.71344 27.1 5.79327
      vertex 3.75 27.1 5.9
    endloop
  endfacet
  facet normal 0 -1 0
    outer loop
      vertex 3.75 27.1 5.9
      vertex 5 27.1 8.5
      vertex 3.75 27.1 8.5
    endloop
  endfacet
  facet normal 0 -1 0
    outer loop
      vertex 3.70741 27.1 5.76264
      vertex 3.75 27.1 5.9
      vertex 3.71344 27.1 5.79327
    endloop
  endfacet
  facet normal 0 -1 -0
    outer loop
      vertex 3.75 27.1 5.9
      vertex 3.70741 27.1 5.76264
      vertex 5 27.1 0.999999
    endloop
  endfacet
  facet normal 0 -1 0
    outer loop
      vertex 5 27.1 0.999999
      vertex 3.70741 27.1 5.76264
      vertex 3.69751 27.1 5.73318
    endloop
  endfacet
  facet normal 0 -1 0
    outer loop
      vertex 5 27.1 0.999999
      vertex 3.69751 27.1 5.73318
      vertex 3.65485 27.1 5.60617
    endloop
  endfacet
  facet normal 0 -1 0
    outer loop
      vertex 5 27.1 0.999999
      vertex 3.00443 27.1 4.93551
      vertex 2.97835 27.1 4.92252
    endloop
  endfacet
  facet normal 0 -1 0
    outer loop
      vertex 5 27.1 0.999999
      vertex 2.69147 27.1 4.84286
      vertex 2.66316 27.1 4.83717
    endloop
  endfacet
  facet normal 0 -1 0
    outer loop
      vertex 1.25 27.1 0.999999
      vertex 2.63436 27.1 4.83526
      vertex 2.5 27.1 4.82636
    endloop
  endfacet
  facet normal 0 -1 0
    outer loop
      vertex 1.25 27.1 0.999999
      vertex 2.66316 27.1 4.83717
      vertex 2.63436 27.1 4.83526
    endloop
  endfacet
  facet normal 0 -1 0
    outer loop
      vertex 5 27.1 0.999999
      vertex 2.66316 27.1 4.83717
      vertex 1.25 27.1 0.999999
    endloop
  endfacet
  facet normal 0 -1 0
    outer loop
      vertex 2.69147 27.1 4.84286
      vertex 5 27.1 0.999999
      vertex 2.82352 27.1 4.8694
    endloop
  endfacet
  facet normal 0 -1 0
    outer loop
      vertex 2.82352 27.1 4.8694
      vertex 5 27.1 0.999999
      vertex 2.95087 27.1 4.91309
    endloop
  endfacet
  facet normal 0 -1 0
    outer loop
      vertex 2.95087 27.1 4.91309
      vertex 5 27.1 0.999999
      vertex 2.97835 27.1 4.92252
    endloop
  endfacet
  facet normal 0 -1 0
    outer loop
      vertex 3.00443 27.1 4.93551
      vertex 5 27.1 0.999999
      vertex 3.125 27.1 4.9956
    endloop
  endfacet
  facet normal 0 -1 0
    outer loop
      vertex 3.125 27.1 4.9956
      vertex 5 27.1 0.999999
      vertex 3.26095 27.1 5.0874
    endloop
  endfacet
  facet normal 0 -1 0
    outer loop
      vertex 3.26095 27.1 5.0874
      vertex 5 27.1 0.999999
      vertex 3.38388 27.1 5.19635
    endloop
  endfacet
  facet normal 0 -1 0
    outer loop
      vertex 3.38388 27.1 5.19635
      vertex 5 27.1 0.999999
      vertex 3.49169 27.1 5.32058
    endloop
  endfacet
  facet normal 0 -1 0
    outer loop
      vertex 3.49169 27.1 5.32058
      vertex 5 27.1 0.999999
      vertex 3.56579 27.1 5.43265
    endloop
  endfacet
  facet normal 0 -1 0
    outer loop
      vertex 3.75 27.1 5.9
      vertex 5 27.1 0.999999
      vertex 5 27.1 8.5
    endloop
  endfacet
  facet normal 0 -1 0
    outer loop
      vertex 3.59591 27.1 5.48539
      vertex 5 27.1 0.999999
      vertex 3.65485 27.1 5.60617
    endloop
  endfacet
  facet normal 0 -1 0
    outer loop
      vertex 3.58253 27.1 5.45797
      vertex 5 27.1 0.999999
      vertex 3.59591 27.1 5.48539
    endloop
  endfacet
  facet normal 0 -1 0
    outer loop
      vertex 3.56579 27.1 5.43265
      vertex 5 27.1 0.999999
      vertex 3.58253 27.1 5.45797
    endloop
  endfacet
  facet normal 0 -1 0
    outer loop
      vertex 0 27.1 8.5
      vertex 1.25 27.1 5.9
      vertex 1.25 27.1 8.5
    endloop
  endfacet
  facet normal 0 -1 0
    outer loop
      vertex 1.25 27.1 5.9
      vertex 1.28656 27.1 5.79327
      vertex 1.26556 27.1 5.9
    endloop
  endfacet
  facet normal 0 -1 0
    outer loop
      vertex 0 27.1 0.7
      vertex 1.25 27.1 5.9
      vertex 0 27.1 8.5
    endloop
  endfacet
  facet normal 0 -1 0
    outer loop
      vertex 1.25 27.1 5.9
      vertex 1.29259 27.1 5.76264
      vertex 1.28656 27.1 5.79327
    endloop
  endfacet
  facet normal 0 -1 -0
    outer loop
      vertex 1.25 27.1 5.9
      vertex 0 27.1 0.7
      vertex 1.29259 27.1 5.76264
    endloop
  endfacet
  facet normal 0 -1 -0
    outer loop
      vertex 1.29259 27.1 5.76264
      vertex 0 27.1 0.7
      vertex 1.30249 27.1 5.73318
    endloop
  endfacet
  facet normal 0 -1 0
    outer loop
      vertex 1.25 27.1 0.999999
      vertex 1.99557 27.1 4.93551
      vertex 1.875 27.1 4.9956
    endloop
  endfacet
  facet normal 0 -1 0
    outer loop
      vertex 1.25 27.1 0.999999
      vertex 2.30853 27.1 4.84286
      vertex 2.17648 27.1 4.8694
    endloop
  endfacet
  facet normal 0 -1 -0
    outer loop
      vertex 2.36564 27.1 4.83526
      vertex 1.25 27.1 0.999999
      vertex 2.5 27.1 4.82636
    endloop
  endfacet
  facet normal 0 -1 -0
    outer loop
      vertex 2.33684 27.1 4.83717
      vertex 1.25 27.1 0.999999
      vertex 2.36564 27.1 4.83526
    endloop
  endfacet
  facet normal 0 -1 -0
    outer loop
      vertex 2.30853 27.1 4.84286
      vertex 1.25 27.1 0.999999
      vertex 2.33684 27.1 4.83717
    endloop
  endfacet
  facet normal 0 -1 -0
    outer loop
      vertex 2.04913 27.1 4.91309
      vertex 1.25 27.1 0.999999
      vertex 2.17648 27.1 4.8694
    endloop
  endfacet
  facet normal 0 -1 -0
    outer loop
      vertex 2.02165 27.1 4.92252
      vertex 1.25 27.1 0.999999
      vertex 2.04913 27.1 4.91309
    endloop
  endfacet
  facet normal 0 -1 -0
    outer loop
      vertex 1.99557 27.1 4.93551
      vertex 1.25 27.1 0.999999
      vertex 2.02165 27.1 4.92252
    endloop
  endfacet
  facet normal 0 -1 -0
    outer loop
      vertex 1.73905 27.1 5.0874
      vertex 1.25 27.1 0.999999
      vertex 1.875 27.1 4.9956
    endloop
  endfacet
  facet normal 0 -1 0
    outer loop
      vertex 0 27.1 0.7
      vertex 1.73905 27.1 5.0874
      vertex 1.61612 27.1 5.19635
    endloop
  endfacet
  facet normal 0 -1 0
    outer loop
      vertex 0 27.1 0.7
      vertex 1.61612 27.1 5.19635
      vertex 1.50831 27.1 5.32058
    endloop
  endfacet
  facet normal 0 -1 0
    outer loop
      vertex 0 27.1 0.7
      vertex 1.50831 27.1 5.32058
      vertex 1.43421 27.1 5.43265
    endloop
  endfacet
  facet normal 0 -1 0
    outer loop
      vertex 0 27.1 0.7
      vertex 1.43421 27.1 5.43265
      vertex 1.41747 27.1 5.45797
    endloop
  endfacet
  facet normal 0 -1 0
    outer loop
      vertex 0 27.1 0.7
      vertex 1.41747 27.1 5.45797
      vertex 1.40409 27.1 5.48539
    endloop
  endfacet
  facet normal 0 -1 0
    outer loop
      vertex 0 27.1 0.7
      vertex 1.40409 27.1 5.48539
      vertex 1.34515 27.1 5.60617
    endloop
  endfacet
  facet normal 0 -1 -0
    outer loop
      vertex 1.30249 27.1 5.73318
      vertex 0 27.1 0.7
      vertex 1.34515 27.1 5.60617
    endloop
  endfacet
  facet normal 0 -1 0
    outer loop
      vertex 1.73905 27.1 5.0874
      vertex 0 27.1 0.7
      vertex 1.25 27.1 0.999999
    endloop
  endfacet
  facet normal 0 -1 -0
    outer loop
      vertex 1.25 27.1 0.999999
      vertex 0 27.1 0.7
      vertex 1.25 27.1 0.7
    endloop
  endfacet
  facet normal -0.946935 -0.0463823 0.318061
    outer loop
      vertex 3.65485 27.1 5.60617
      vertex 3.6914 28.3687 5.9
      vertex 3.65485 29.1149 5.9
    endloop
  endfacet
  facet normal -0.946937 -0.0463813 0.318056
    outer loop
      vertex 3.6914 28.3687 5.9
      vertex 3.65485 27.1 5.60617
      vertex 3.69751 27.1 5.73318
    endloop
  endfacet
  facet normal 0.0653614 -0.143997 0.987417
    outer loop
      vertex 2.33684 32.9 5.68299
      vertex 2.36564 27.1 4.83526
      vertex 2.45256 32.9 5.67533
    endloop
  endfacet
  facet normal 0.0654844 -0.143995 0.987409
    outer loop
      vertex 2.36564 27.1 4.83526
      vertex 2.33684 32.9 5.68299
      vertex 2.33684 27.1 4.83717
    endloop
  endfacet
  facet normal 0.065356 -0.143998 0.987417
    outer loop
      vertex 2.45256 32.9 5.67533
      vertex 2.5 27.1 4.82636
      vertex 2.5 32.9 5.67219
    endloop
  endfacet
  facet normal 0.0654063 -0.143997 0.987414
    outer loop
      vertex 2.5 27.1 4.82636
      vertex 2.45256 32.9 5.67533
      vertex 2.36564 27.1 4.83526
    endloop
  endfacet
  facet normal -0.321535 -0.136642 0.936987
    outer loop
      vertex 2.97835 32.9 5.76834
      vertex 2.95087 27.1 4.91309
      vertex 2.97835 27.1 4.92252
    endloop
  endfacet
  facet normal -0.321382 -0.13665 0.937038
    outer loop
      vertex 2.95087 27.1 4.91309
      vertex 2.97835 32.9 5.76834
      vertex 2.86843 32.9 5.73064
    endloop
  endfacet
  facet normal -0.195126 -0.141531 0.970513
    outer loop
      vertex 2.66316 32.9 5.68299
      vertex 2.69147 27.1 4.84286
      vertex 2.77696 32.9 5.70587
    endloop
  endfacet
  facet normal -0.195065 -0.141533 0.970525
    outer loop
      vertex 2.69147 27.1 4.84286
      vertex 2.66316 32.9 5.68299
      vertex 2.66316 27.1 4.83717
    endloop
  endfacet
  facet normal -0.555566 -0.119962 0.822773
    outer loop
      vertex 3.125 32.9 5.84143
      vertex 3.26095 32.6721 5.9
      vertex 3.21174 32.9 5.9
    endloop
  endfacet
  facet normal -0.555593 -0.119984 0.822751
    outer loop
      vertex 3.125 27.1 4.9956
      vertex 3.26095 32.6721 5.9
      vertex 3.125 32.9 5.84143
    endloop
  endfacet
  facet normal -0.555571 -0.119987 0.822766
    outer loop
      vertex 3.26095 32.6721 5.9
      vertex 3.125 27.1 4.9956
      vertex 3.26095 27.1 5.0874
    endloop
  endfacet
  facet normal -0.442279 -0.129425 0.88749
    outer loop
      vertex 3.08264 32.9 5.82032
      vertex 3.125 27.1 4.9956
      vertex 3.125 32.9 5.84143
    endloop
  endfacet
  facet normal -0.442304 -0.129424 0.887478
    outer loop
      vertex 3.125 27.1 4.9956
      vertex 3.08264 32.9 5.82032
      vertex 3.00443 27.1 4.93551
    endloop
  endfacet
  facet normal -0.751839 -0.095147 0.652446
    outer loop
      vertex 3.38388 27.1 5.19635
      vertex 3.49169 31.0732 5.9
      vertex 3.38388 31.9251 5.9
    endloop
  endfacet
  facet normal -0.751829 -0.0951491 0.652457
    outer loop
      vertex 3.49169 31.0732 5.9
      vertex 3.38388 27.1 5.19635
      vertex 3.49169 27.1 5.32058
    endloop
  endfacet
  facet normal -0.980784 -0.0281535 0.193053
    outer loop
      vertex 3.70741 27.1 5.76264
      vertex 3.71539 27.7639 5.9
      vertex 3.70741 28.0419 5.9
    endloop
  endfacet
  facet normal -0.980779 -0.0281595 0.193082
    outer loop
      vertex 3.71539 27.7639 5.9
      vertex 3.70741 27.1 5.76264
      vertex 3.71344 27.1 5.79327
    endloop
  endfacet
  facet normal -0.980799 -0.0281431 0.19298
    outer loop
      vertex 3.73444 27.1 5.9
      vertex 3.71539 27.7639 5.9
      vertex 3.71344 27.1 5.79327
    endloop
  endfacet
  facet normal -0.896871 -0.0638235 0.437663
    outer loop
      vertex 3.59591 27.1 5.48539
      vertex 3.65485 29.1149 5.9
      vertex 3.61322 29.6999 5.9
    endloop
  endfacet
  facet normal -0.896869 -0.0638244 0.437667
    outer loop
      vertex 3.65485 29.1149 5.9
      vertex 3.59591 27.1 5.48539
      vertex 3.65485 27.1 5.60617
    endloop
  endfacet
  facet normal -0.83144 -0.0801784 0.549799
    outer loop
      vertex 3.49169 27.1 5.32058
      vertex 3.53657 30.6078 5.9
      vertex 3.49169 31.0732 5.9
    endloop
  endfacet
  facet normal -0.831466 -0.0801716 0.54976
    outer loop
      vertex 3.53657 30.6078 5.9
      vertex 3.49169 27.1 5.32058
      vertex 3.56579 27.1 5.43265
    endloop
  endfacet
  facet normal 0.896869 -0.0638244 0.437667
    outer loop
      vertex 1.40409 27.1 5.48539
      vertex 1.34515 29.1149 5.9
      vertex 1.34515 27.1 5.60617
    endloop
  endfacet
  facet normal 0.896871 -0.0638235 0.437663
    outer loop
      vertex 1.34515 29.1149 5.9
      vertex 1.40409 27.1 5.48539
      vertex 1.38678 29.6999 5.9
    endloop
  endfacet
  facet normal -0.195104 -0.141533 0.970517
    outer loop
      vertex 2.77696 32.9 5.70587
      vertex 2.82352 27.1 4.8694
      vertex 2.82352 32.9 5.71523
    endloop
  endfacet
  facet normal -0.195061 -0.141534 0.970525
    outer loop
      vertex 2.82352 27.1 4.8694
      vertex 2.77696 32.9 5.70587
      vertex 2.69147 27.1 4.84286
    endloop
  endfacet
  facet normal -0.065356 -0.143998 0.987417
    outer loop
      vertex 2.5 27.1 4.82636
      vertex 2.54744 32.9 5.67533
      vertex 2.5 32.9 5.67219
    endloop
  endfacet
  facet normal -0.0654063 -0.143997 0.987414
    outer loop
      vertex 2.54744 32.9 5.67533
      vertex 2.5 27.1 4.82636
      vertex 2.63436 27.1 4.83526
    endloop
  endfacet
  facet normal 0.442279 -0.129425 0.88749
    outer loop
      vertex 1.875 27.1 4.9956
      vertex 1.91736 32.9 5.82032
      vertex 1.875 32.9 5.84143
    endloop
  endfacet
  facet normal 0.442304 -0.129424 0.887478
    outer loop
      vertex 1.91736 32.9 5.82032
      vertex 1.875 27.1 4.9956
      vertex 1.99557 27.1 4.93551
    endloop
  endfacet
  facet normal -0.946915 -0.0463896 0.31812
    outer loop
      vertex 3.69751 27.1 5.73318
      vertex 3.70741 28.0419 5.9
      vertex 3.6914 28.3687 5.9
    endloop
  endfacet
  facet normal -0.946887 -0.0464041 0.3182
    outer loop
      vertex 3.70741 28.0419 5.9
      vertex 3.69751 27.1 5.73318
      vertex 3.70741 27.1 5.76264
    endloop
  endfacet
  facet normal -0.321512 -0.136644 0.936994
    outer loop
      vertex 2.82352 27.1 4.8694
      vertex 2.86843 32.9 5.73064
      vertex 2.82352 32.9 5.71523
    endloop
  endfacet
  facet normal -0.321461 -0.136647 0.937011
    outer loop
      vertex 2.86843 32.9 5.73064
      vertex 2.82352 27.1 4.8694
      vertex 2.95087 27.1 4.91309
    endloop
  endfacet
  facet normal -0.442329 -0.129421 0.887466
    outer loop
      vertex 2.97835 32.9 5.76834
      vertex 3.00443 27.1 4.93551
      vertex 3.08264 32.9 5.82032
    endloop
  endfacet
  facet normal -0.44209 -0.129437 0.887583
    outer loop
      vertex 3.00443 27.1 4.93551
      vertex 2.97835 32.9 5.76834
      vertex 2.97835 27.1 4.92252
    endloop
  endfacet
  facet normal 0.44209 -0.129437 0.887583
    outer loop
      vertex 2.02165 32.9 5.76834
      vertex 1.99557 27.1 4.93551
      vertex 2.02165 27.1 4.92252
    endloop
  endfacet
  facet normal 0.442329 -0.129421 0.887466
    outer loop
      vertex 1.99557 27.1 4.93551
      vertex 2.02165 32.9 5.76834
      vertex 1.91736 32.9 5.82032
    endloop
  endfacet
  facet normal -0.0654844 -0.143995 0.987409
    outer loop
      vertex 2.66316 32.9 5.68299
      vertex 2.63436 27.1 4.83526
      vertex 2.66316 27.1 4.83717
    endloop
  endfacet
  facet normal -0.0653614 -0.143997 0.987417
    outer loop
      vertex 2.63436 27.1 4.83526
      vertex 2.66316 32.9 5.68299
      vertex 2.54744 32.9 5.67533
    endloop
  endfacet
  facet normal 0.321382 -0.13665 0.937038
    outer loop
      vertex 2.02165 32.9 5.76834
      vertex 2.04913 27.1 4.91309
      vertex 2.13157 32.9 5.73064
    endloop
  endfacet
  facet normal 0.321535 -0.136642 0.936987
    outer loop
      vertex 2.04913 27.1 4.91309
      vertex 2.02165 32.9 5.76834
      vertex 2.02165 27.1 4.92252
    endloop
  endfacet
  facet normal 0.946887 -0.0464041 0.3182
    outer loop
      vertex 1.30249 27.1 5.73318
      vertex 1.29259 28.0419 5.9
      vertex 1.29259 27.1 5.76264
    endloop
  endfacet
  facet normal 0.946915 -0.0463896 0.31812
    outer loop
      vertex 1.29259 28.0419 5.9
      vertex 1.30249 27.1 5.73318
      vertex 1.3086 28.3687 5.9
    endloop
  endfacet
  facet normal -0.831493 -0.0801666 0.549721
    outer loop
      vertex 3.56579 27.1 5.43265
      vertex 3.58253 30.1311 5.9
      vertex 3.53657 30.6078 5.9
    endloop
  endfacet
  facet normal -0.831488 -0.0801677 0.549728
    outer loop
      vertex 3.58253 30.1311 5.9
      vertex 3.56579 27.1 5.43265
      vertex 3.58253 27.1 5.45797
    endloop
  endfacet
  facet normal -0.659314 -0.1085 0.743998
    outer loop
      vertex 3.26095 27.1 5.0874
      vertex 3.38388 31.9251 5.9
      vertex 3.26095 32.6721 5.9
    endloop
  endfacet
  facet normal -0.659356 -0.108493 0.743962
    outer loop
      vertex 3.38388 31.9251 5.9
      vertex 3.26095 27.1 5.0874
      vertex 3.38388 27.1 5.19635
    endloop
  endfacet
  facet normal 0.555566 -0.119962 0.822773
    outer loop
      vertex 1.73905 32.6721 5.9
      vertex 1.875 32.9 5.84143
      vertex 1.78826 32.9 5.9
    endloop
  endfacet
  facet normal 0.555593 -0.119984 0.822751
    outer loop
      vertex 1.875 32.9 5.84143
      vertex 1.73905 32.6721 5.9
      vertex 1.875 27.1 4.9956
    endloop
  endfacet
  facet normal 0.555571 -0.119987 0.822766
    outer loop
      vertex 1.875 27.1 4.9956
      vertex 1.73905 32.6721 5.9
      vertex 1.73905 27.1 5.0874
    endloop
  endfacet
  facet normal 0.195065 -0.141533 0.970525
    outer loop
      vertex 2.33684 32.9 5.68299
      vertex 2.30853 27.1 4.84286
      vertex 2.33684 27.1 4.83717
    endloop
  endfacet
  facet normal 0.195126 -0.141531 0.970513
    outer loop
      vertex 2.30853 27.1 4.84286
      vertex 2.33684 32.9 5.68299
      vertex 2.22304 32.9 5.70587
    endloop
  endfacet
  facet normal 0.321512 -0.136644 0.936994
    outer loop
      vertex 2.13157 32.9 5.73064
      vertex 2.17648 27.1 4.8694
      vertex 2.17648 32.9 5.71523
    endloop
  endfacet
  facet normal 0.321461 -0.136647 0.937011
    outer loop
      vertex 2.17648 27.1 4.8694
      vertex 2.13157 32.9 5.73064
      vertex 2.04913 27.1 4.91309
    endloop
  endfacet
  facet normal 0.195104 -0.141533 0.970517
    outer loop
      vertex 2.17648 27.1 4.8694
      vertex 2.22304 32.9 5.70587
      vertex 2.17648 32.9 5.71523
    endloop
  endfacet
  facet normal 0.195061 -0.141534 0.970525
    outer loop
      vertex 2.22304 32.9 5.70587
      vertex 2.17648 27.1 4.8694
      vertex 2.30853 27.1 4.84286
    endloop
  endfacet
  facet normal 0.946937 -0.0463813 0.318056
    outer loop
      vertex 1.34515 27.1 5.60617
      vertex 1.3086 28.3687 5.9
      vertex 1.30249 27.1 5.73318
    endloop
  endfacet
  facet normal 0.946935 -0.0463823 0.318061
    outer loop
      vertex 1.3086 28.3687 5.9
      vertex 1.34515 27.1 5.60617
      vertex 1.34515 29.1149 5.9
    endloop
  endfacet
  facet normal 0.831466 -0.0801716 0.54976
    outer loop
      vertex 1.50831 27.1 5.32058
      vertex 1.46343 30.6078 5.9
      vertex 1.43421 27.1 5.43265
    endloop
  endfacet
  facet normal 0.83144 -0.0801784 0.549799
    outer loop
      vertex 1.46343 30.6078 5.9
      vertex 1.50831 27.1 5.32058
      vertex 1.50831 31.0732 5.9
    endloop
  endfacet
  facet normal -0.896848 -0.0638318 0.437709
    outer loop
      vertex 3.58253 27.1 5.45797
      vertex 3.61322 29.6999 5.9
      vertex 3.58253 30.1311 5.9
    endloop
  endfacet
  facet normal -0.89688 -0.0638207 0.437646
    outer loop
      vertex 3.61322 29.6999 5.9
      vertex 3.58253 27.1 5.45797
      vertex 3.59591 27.1 5.48539
    endloop
  endfacet
  facet normal 0.980799 -0.0281431 0.19298
    outer loop
      vertex 1.28656 27.1 5.79327
      vertex 1.28461 27.7639 5.9
      vertex 1.26556 27.1 5.9
    endloop
  endfacet
  facet normal 0.980779 -0.0281595 0.193082
    outer loop
      vertex 1.29259 27.1 5.76264
      vertex 1.28461 27.7639 5.9
      vertex 1.28656 27.1 5.79327
    endloop
  endfacet
  facet normal 0.980784 -0.0281535 0.193053
    outer loop
      vertex 1.28461 27.7639 5.9
      vertex 1.29259 27.1 5.76264
      vertex 1.29259 28.0419 5.9
    endloop
  endfacet
  facet normal 0.89688 -0.0638207 0.437646
    outer loop
      vertex 1.41747 27.1 5.45797
      vertex 1.38678 29.6999 5.9
      vertex 1.40409 27.1 5.48539
    endloop
  endfacet
  facet normal 0.896848 -0.0638318 0.437709
    outer loop
      vertex 1.38678 29.6999 5.9
      vertex 1.41747 27.1 5.45797
      vertex 1.41747 30.1311 5.9
    endloop
  endfacet
  facet normal 0.831488 -0.0801677 0.549728
    outer loop
      vertex 1.43421 27.1 5.43265
      vertex 1.41747 30.1311 5.9
      vertex 1.41747 27.1 5.45797
    endloop
  endfacet
  facet normal 0.831493 -0.0801666 0.549721
    outer loop
      vertex 1.41747 30.1311 5.9
      vertex 1.43421 27.1 5.43265
      vertex 1.46343 30.6078 5.9
    endloop
  endfacet
  facet normal 0.751829 -0.0951491 0.652457
    outer loop
      vertex 1.61612 27.1 5.19635
      vertex 1.50831 31.0732 5.9
      vertex 1.50831 27.1 5.32058
    endloop
  endfacet
  facet normal 0.751839 -0.095147 0.652446
    outer loop
      vertex 1.50831 31.0732 5.9
      vertex 1.61612 27.1 5.19635
      vertex 1.61612 31.9251 5.9
    endloop
  endfacet
  facet normal 0.659314 -0.1085 0.743998
    outer loop
      vertex 1.61612 31.9251 5.9
      vertex 1.73905 27.1 5.0874
      vertex 1.73905 32.6721 5.9
    endloop
  endfacet
  facet normal 0.659356 -0.108493 0.743962
    outer loop
      vertex 1.73905 27.1 5.0874
      vertex 1.61612 31.9251 5.9
      vertex 1.61612 27.1 5.19635
    endloop
  endfacet
  facet normal 1 -0 0
    outer loop
      vertex 1.25 27.1 8.5
      vertex 1.25 32.9 5.9
      vertex 1.25 32.9 8.5
    endloop
  endfacet
  facet normal 1 0 0
    outer loop
      vertex 1.25 32.9 5.9
      vertex 1.25 27.1 8.5
      vertex 1.25 27.1 5.9
    endloop
  endfacet
  facet normal -1 0 0
    outer loop
      vertex 3.75 27.1 5.9
      vertex 3.75 32.9 8.5
      vertex 3.75 32.9 5.9
    endloop
  endfacet
  facet normal -1 -0 0
    outer loop
      vertex 3.75 32.9 8.5
      vertex 3.75 27.1 5.9
      vertex 3.75 27.1 8.5
    endloop
  endfacet
  facet normal -0 0 1
    outer loop
      vertex 1.25 32.9 5.9
      vertex 1.73905 32.6721 5.9
      vertex 1.78826 32.9 5.9
    endloop
  endfacet
  facet normal 0 0 1
    outer loop
      vertex 1.25 32.9 5.9
      vertex 1.61612 31.9251 5.9
      vertex 1.73905 32.6721 5.9
    endloop
  endfacet
  facet normal 0 0 1
    outer loop
      vertex 1.25 32.9 5.9
      vertex 1.50831 31.0732 5.9
      vertex 1.61612 31.9251 5.9
    endloop
  endfacet
  facet normal 0 0 1
    outer loop
      vertex 1.25 32.9 5.9
      vertex 1.46343 30.6078 5.9
      vertex 1.50831 31.0732 5.9
    endloop
  endfacet
  facet normal 0 0 1
    outer loop
      vertex 1.25 32.9 5.9
      vertex 1.41747 30.1311 5.9
      vertex 1.46343 30.6078 5.9
    endloop
  endfacet
  facet normal 0 0 1
    outer loop
      vertex 1.25 32.9 5.9
      vertex 1.38678 29.6999 5.9
      vertex 1.41747 30.1311 5.9
    endloop
  endfacet
  facet normal 0 0 1
    outer loop
      vertex 1.25 32.9 5.9
      vertex 1.34515 29.1149 5.9
      vertex 1.38678 29.6999 5.9
    endloop
  endfacet
  facet normal 0 0 1
    outer loop
      vertex 1.25 32.9 5.9
      vertex 1.3086 28.3687 5.9
      vertex 1.34515 29.1149 5.9
    endloop
  endfacet
  facet normal 0 0 1
    outer loop
      vertex 1.25 32.9 5.9
      vertex 1.29259 28.0419 5.9
      vertex 1.3086 28.3687 5.9
    endloop
  endfacet
  facet normal 0 0 1
    outer loop
      vertex 1.25 27.1 5.9
      vertex 1.29259 28.0419 5.9
      vertex 1.25 32.9 5.9
    endloop
  endfacet
  facet normal 0 0 1
    outer loop
      vertex 1.29259 28.0419 5.9
      vertex 1.25 27.1 5.9
      vertex 1.28461 27.7639 5.9
    endloop
  endfacet
  facet normal 0 0 1
    outer loop
      vertex 1.28461 27.7639 5.9
      vertex 1.25 27.1 5.9
      vertex 1.26556 27.1 5.9
    endloop
  endfacet
  facet normal -0 0 1
    outer loop
      vertex 3.70741 28.0419 5.9
      vertex 3.75 27.1 5.9
      vertex 3.75 32.9 5.9
    endloop
  endfacet
  facet normal 0 0 1
    outer loop
      vertex 3.75 27.1 5.9
      vertex 3.71539 27.7639 5.9
      vertex 3.73444 27.1 5.9
    endloop
  endfacet
  facet normal 0 0 1
    outer loop
      vertex 3.75 27.1 5.9
      vertex 3.70741 28.0419 5.9
      vertex 3.71539 27.7639 5.9
    endloop
  endfacet
  facet normal 0 0 1
    outer loop
      vertex 3.75 32.9 5.9
      vertex 3.6914 28.3687 5.9
      vertex 3.70741 28.0419 5.9
    endloop
  endfacet
  facet normal 0 0 1
    outer loop
      vertex 3.75 32.9 5.9
      vertex 3.65485 29.1149 5.9
      vertex 3.6914 28.3687 5.9
    endloop
  endfacet
  facet normal 0 0 1
    outer loop
      vertex 3.75 32.9 5.9
      vertex 3.61322 29.6999 5.9
      vertex 3.65485 29.1149 5.9
    endloop
  endfacet
  facet normal 0 0 1
    outer loop
      vertex 3.75 32.9 5.9
      vertex 3.58253 30.1311 5.9
      vertex 3.61322 29.6999 5.9
    endloop
  endfacet
  facet normal 0 0 1
    outer loop
      vertex 3.75 32.9 5.9
      vertex 3.53657 30.6078 5.9
      vertex 3.58253 30.1311 5.9
    endloop
  endfacet
  facet normal 0 0 1
    outer loop
      vertex 3.75 32.9 5.9
      vertex 3.49169 31.0732 5.9
      vertex 3.53657 30.6078 5.9
    endloop
  endfacet
  facet normal 0 0 1
    outer loop
      vertex 3.75 32.9 5.9
      vertex 3.38388 31.9251 5.9
      vertex 3.49169 31.0732 5.9
    endloop
  endfacet
  facet normal 0 0 1
    outer loop
      vertex 3.75 32.9 5.9
      vertex 3.26095 32.6721 5.9
      vertex 3.38388 31.9251 5.9
    endloop
  endfacet
  facet normal 0 -0 1
    outer loop
      vertex 3.26095 32.6721 5.9
      vertex 3.75 32.9 5.9
      vertex 3.21174 32.9 5.9
    endloop
  endfacet
  facet normal 0 0 -1
    outer loop
      vertex 0 28.6 4.3
      vertex 5 31.4 4.3
      vertex 5 28.6 4.3
    endloop
  endfacet
  facet normal -0 0 -1
    outer loop
      vertex 5 31.4 4.3
      vertex 0 28.6 4.3
      vertex 0 31.4 4.3
    endloop
  endfacet
  facet normal -0 0 1
    outer loop
      vertex 0 31.4 3
      vertex 5 28.6 3
      vertex 5 31.4 3
    endloop
  endfacet
  facet normal 0 0 1
    outer loop
      vertex 5 28.6 3
      vertex 0 31.4 3
      vertex 0 28.6 3
    endloop
  endfacet
  facet normal 0 1 -0
    outer loop
      vertex 5 28.6 3
      vertex 0 28.6 4.3
      vertex 5 28.6 4.3
    endloop
  endfacet
  facet normal 0 1 0
    outer loop
      vertex 0 28.6 4.3
      vertex 5 28.6 3
      vertex 0 28.6 3
    endloop
  endfacet
  facet normal 0 -1 0
    outer loop
      vertex 0 31.4 3
      vertex 5 31.4 4.3
      vertex 0 31.4 4.3
    endloop
  endfacet
  facet normal 0 -1 -0
    outer loop
      vertex 5 31.4 4.3
      vertex 0 31.4 3
      vertex 5 31.4 3
    endloop
  endfacet
  facet normal -1 0 0
    outer loop
      vertex 22.5 29.55 3.1
      vertex 22.5 29.8 0.999999
      vertex 22.5 29.55 1.3
    endloop
  endfacet
  facet normal -1 0 0
    outer loop
      vertex 22.5 29.8 0.999999
      vertex 22.5 24.45 1.3
      vertex 22.5 29.55 1.3
    endloop
  endfacet
  facet normal -1 -0 0
    outer loop
      vertex 22.5 24.45 1.3
      vertex 22.5 24.2 0.999999
      vertex 22.5 24.45 3.1
    endloop
  endfacet
  facet normal -1 0 0
    outer loop
      vertex 22.5 24.2 0.999999
      vertex 22.5 24.45 1.3
      vertex 22.5 29.8 0.999999
    endloop
  endfacet
  facet normal -1 0 0
    outer loop
      vertex 22.5 29.8 0.999999
      vertex 22.5 29.55 3.1
      vertex 22.5 29.8 4.8
    endloop
  endfacet
  facet normal -1 0 0
    outer loop
      vertex 22.5 24.45 3.1
      vertex 22.5 29.8 4.8
      vertex 22.5 29.55 3.1
    endloop
  endfacet
  facet normal -1 0 0
    outer loop
      vertex 22.5 24.45 3.1
      vertex 22.5 24.2 4.8
      vertex 22.5 29.8 4.8
    endloop
  endfacet
  facet normal -1 0 0
    outer loop
      vertex 22.5 24.2 4.8
      vertex 22.5 24.45 3.1
      vertex 22.5 24.2 0.999999
    endloop
  endfacet
  facet normal 0 0 1
    outer loop
      vertex 28 29.8 4.8
      vertex 26.7 27 4.8
      vertex 28 24.2 4.8
    endloop
  endfacet
  facet normal 0 0 1
    outer loop
      vertex 28 29.8 4.8
      vertex 26.6897 27.1566 4.8
      vertex 26.7 27 4.8
    endloop
  endfacet
  facet normal 0 0 1
    outer loop
      vertex 28 29.8 4.8
      vertex 26.6591 27.3106 4.8
      vertex 26.6897 27.1566 4.8
    endloop
  endfacet
  facet normal 0 0 1
    outer loop
      vertex 28 29.8 4.8
      vertex 26.6087 27.4592 4.8
      vertex 26.6591 27.3106 4.8
    endloop
  endfacet
  facet normal 0 0 1
    outer loop
      vertex 28 29.8 4.8
      vertex 26.5392 27.6 4.8
      vertex 26.6087 27.4592 4.8
    endloop
  endfacet
  facet normal 0 0 1
    outer loop
      vertex 28 29.8 4.8
      vertex 26.452 27.7305 4.8
      vertex 26.5392 27.6 4.8
    endloop
  endfacet
  facet normal 0 0 1
    outer loop
      vertex 28 29.8 4.8
      vertex 26.3485 27.8485 4.8
      vertex 26.452 27.7305 4.8
    endloop
  endfacet
  facet normal 0 0 1
    outer loop
      vertex 28 29.8 4.8
      vertex 26.2305 27.952 4.8
      vertex 26.3485 27.8485 4.8
    endloop
  endfacet
  facet normal 0 0 1
    outer loop
      vertex 28 29.8 4.8
      vertex 26.1 28.0392 4.8
      vertex 26.2305 27.952 4.8
    endloop
  endfacet
  facet normal 0 0 1
    outer loop
      vertex 28 29.8 4.8
      vertex 25.9592 28.1087 4.8
      vertex 26.1 28.0392 4.8
    endloop
  endfacet
  facet normal 0 0 1
    outer loop
      vertex 28 29.8 4.8
      vertex 25.8106 28.1591 4.8
      vertex 25.9592 28.1087 4.8
    endloop
  endfacet
  facet normal 0 0 1
    outer loop
      vertex 28 29.8 4.8
      vertex 25.6566 28.1897 4.8
      vertex 25.8106 28.1591 4.8
    endloop
  endfacet
  facet normal 0 0 1
    outer loop
      vertex 28 29.8 4.8
      vertex 25.5 28.2 4.8
      vertex 25.6566 28.1897 4.8
    endloop
  endfacet
  facet normal -0 0 1
    outer loop
      vertex 22.5 29.8 4.8
      vertex 25.5 28.2 4.8
      vertex 28 29.8 4.8
    endloop
  endfacet
  facet normal 0 0 1
    outer loop
      vertex 25.5 28.2 4.8
      vertex 22.5 29.8 4.8
      vertex 25.3434 28.1897 4.8
    endloop
  endfacet
  facet normal 0 0 1
    outer loop
      vertex 25.3434 28.1897 4.8
      vertex 22.5 29.8 4.8
      vertex 25.1894 28.1591 4.8
    endloop
  endfacet
  facet normal 0 0 1
    outer loop
      vertex 25.1894 28.1591 4.8
      vertex 22.5 29.8 4.8
      vertex 25.0408 28.1087 4.8
    endloop
  endfacet
  facet normal 0 0 1
    outer loop
      vertex 24.3103 27.1566 4.8
      vertex 22.5 29.8 4.8
      vertex 24.3 27 4.8
    endloop
  endfacet
  facet normal 0 0 1
    outer loop
      vertex 24.3409 27.3106 4.8
      vertex 22.5 29.8 4.8
      vertex 24.3103 27.1566 4.8
    endloop
  endfacet
  facet normal 0 0 1
    outer loop
      vertex 24.3913 27.4592 4.8
      vertex 22.5 29.8 4.8
      vertex 24.3409 27.3106 4.8
    endloop
  endfacet
  facet normal 0 0 1
    outer loop
      vertex 24.4608 27.6 4.8
      vertex 22.5 29.8 4.8
      vertex 24.3913 27.4592 4.8
    endloop
  endfacet
  facet normal 0 0 1
    outer loop
      vertex 24.548 27.7305 4.8
      vertex 22.5 29.8 4.8
      vertex 24.4608 27.6 4.8
    endloop
  endfacet
  facet normal 0 0 1
    outer loop
      vertex 24.6515 27.8485 4.8
      vertex 22.5 29.8 4.8
      vertex 24.548 27.7305 4.8
    endloop
  endfacet
  facet normal 0 0 1
    outer loop
      vertex 24.7695 27.952 4.8
      vertex 22.5 29.8 4.8
      vertex 24.6515 27.8485 4.8
    endloop
  endfacet
  facet normal 0 0 1
    outer loop
      vertex 24.9 28.0392 4.8
      vertex 22.5 29.8 4.8
      vertex 24.7695 27.952 4.8
    endloop
  endfacet
  facet normal 0 0 1
    outer loop
      vertex 25.0408 28.1087 4.8
      vertex 22.5 29.8 4.8
      vertex 24.9 28.0392 4.8
    endloop
  endfacet
  facet normal -0 0 1
    outer loop
      vertex 26.6897 26.8434 4.8
      vertex 28 24.2 4.8
      vertex 26.7 27 4.8
    endloop
  endfacet
  facet normal -0 0 1
    outer loop
      vertex 26.6591 26.6894 4.8
      vertex 28 24.2 4.8
      vertex 26.6897 26.8434 4.8
    endloop
  endfacet
  facet normal -0 0 1
    outer loop
      vertex 26.6087 26.5408 4.8
      vertex 28 24.2 4.8
      vertex 26.6591 26.6894 4.8
    endloop
  endfacet
  facet normal -0 0 1
    outer loop
      vertex 26.5392 26.4 4.8
      vertex 28 24.2 4.8
      vertex 26.6087 26.5408 4.8
    endloop
  endfacet
  facet normal -0 0 1
    outer loop
      vertex 26.452 26.2695 4.8
      vertex 28 24.2 4.8
      vertex 26.5392 26.4 4.8
    endloop
  endfacet
  facet normal -0 0 1
    outer loop
      vertex 26.3485 26.1515 4.8
      vertex 28 24.2 4.8
      vertex 26.452 26.2695 4.8
    endloop
  endfacet
  facet normal -0 0 1
    outer loop
      vertex 26.2305 26.048 4.8
      vertex 28 24.2 4.8
      vertex 26.3485 26.1515 4.8
    endloop
  endfacet
  facet normal -0 0 1
    outer loop
      vertex 26.1 25.9608 4.8
      vertex 28 24.2 4.8
      vertex 26.2305 26.048 4.8
    endloop
  endfacet
  facet normal -0 0 1
    outer loop
      vertex 25.9592 25.8913 4.8
      vertex 28 24.2 4.8
      vertex 26.1 25.9608 4.8
    endloop
  endfacet
  facet normal -0 0 1
    outer loop
      vertex 25.8106 25.8409 4.8
      vertex 28 24.2 4.8
      vertex 25.9592 25.8913 4.8
    endloop
  endfacet
  facet normal -0 0 1
    outer loop
      vertex 25.6566 25.8103 4.8
      vertex 28 24.2 4.8
      vertex 25.8106 25.8409 4.8
    endloop
  endfacet
  facet normal -0 0 1
    outer loop
      vertex 25.5 25.8 4.8
      vertex 28 24.2 4.8
      vertex 25.6566 25.8103 4.8
    endloop
  endfacet
  facet normal 0 0 1
    outer loop
      vertex 22.5 24.2 4.8
      vertex 25.5 25.8 4.8
      vertex 25.3434 25.8103 4.8
    endloop
  endfacet
  facet normal 0 0 1
    outer loop
      vertex 22.5 24.2 4.8
      vertex 25.3434 25.8103 4.8
      vertex 25.1894 25.8409 4.8
    endloop
  endfacet
  facet normal 0 0 1
    outer loop
      vertex 22.5 24.2 4.8
      vertex 25.1894 25.8409 4.8
      vertex 25.0408 25.8913 4.8
    endloop
  endfacet
  facet normal 0 0 1
    outer loop
      vertex 22.5 24.2 4.8
      vertex 25.0408 25.8913 4.8
      vertex 24.9 25.9608 4.8
    endloop
  endfacet
  facet normal 0 0 1
    outer loop
      vertex 22.5 24.2 4.8
      vertex 24.3 27 4.8
      vertex 22.5 29.8 4.8
    endloop
  endfacet
  facet normal 0 0 1
    outer loop
      vertex 24.3 27 4.8
      vertex 22.5 24.2 4.8
      vertex 24.3103 26.8434 4.8
    endloop
  endfacet
  facet normal 0 0 1
    outer loop
      vertex 24.3103 26.8434 4.8
      vertex 22.5 24.2 4.8
      vertex 24.3409 26.6894 4.8
    endloop
  endfacet
  facet normal 0 0 1
    outer loop
      vertex 24.3409 26.6894 4.8
      vertex 22.5 24.2 4.8
      vertex 24.3913 26.5408 4.8
    endloop
  endfacet
  facet normal 0 0 1
    outer loop
      vertex 25.5 25.8 4.8
      vertex 22.5 24.2 4.8
      vertex 28 24.2 4.8
    endloop
  endfacet
  facet normal 0 0 1
    outer loop
      vertex 24.7695 26.048 4.8
      vertex 22.5 24.2 4.8
      vertex 24.9 25.9608 4.8
    endloop
  endfacet
  facet normal 0 0 1
    outer loop
      vertex 24.6515 26.1515 4.8
      vertex 22.5 24.2 4.8
      vertex 24.7695 26.048 4.8
    endloop
  endfacet
  facet normal 0 0 1
    outer loop
      vertex 24.548 26.2695 4.8
      vertex 22.5 24.2 4.8
      vertex 24.6515 26.1515 4.8
    endloop
  endfacet
  facet normal 0 0 1
    outer loop
      vertex 24.4608 26.4 4.8
      vertex 22.5 24.2 4.8
      vertex 24.548 26.2695 4.8
    endloop
  endfacet
  facet normal 0 0 1
    outer loop
      vertex 24.3913 26.5408 4.8
      vertex 22.5 24.2 4.8
      vertex 24.4608 26.4 4.8
    endloop
  endfacet
  facet normal 1 0 0
    outer loop
      vertex 28 29.8 4.8
      vertex 28 25 0.999999
      vertex 28 29.8 0.999999
    endloop
  endfacet
  facet normal 1 -0 0
    outer loop
      vertex 28 24.2 4.8
      vertex 28 25 0.999999
      vertex 28 29.8 4.8
    endloop
  endfacet
  facet normal 1 0 0
    outer loop
      vertex 28 24.2 0.9
      vertex 28 25 0.999999
      vertex 28 24.2 4.8
    endloop
  endfacet
  facet normal 1 0 0
    outer loop
      vertex 28 25 0.999999
      vertex 28 24.2 0.9
      vertex 28 25 0.9
    endloop
  endfacet
  facet normal 0 1 -0
    outer loop
      vertex 28 29.8 0.999999
      vertex 22.5 29.8 4.8
      vertex 28 29.8 4.8
    endloop
  endfacet
  facet normal 0 1 0
    outer loop
      vertex 22.5 29.8 4.8
      vertex 28 29.8 0.999999
      vertex 22.5 29.8 0.999999
    endloop
  endfacet
  facet normal 0 0 -1
    outer loop
      vertex 26.5 24.2 0.9
      vertex 28 25 0.9
      vertex 28 24.2 0.9
    endloop
  endfacet
  facet normal -0 0 -1
    outer loop
      vertex 28 25 0.9
      vertex 26.5 24.2 0.9
      vertex 26.5 25 0.9
    endloop
  endfacet
  facet normal 0 0 -1
    outer loop
      vertex 23 24.2 0.9
      vertex 24.6 26 0.9
      vertex 24.6 24.2 0.9
    endloop
  endfacet
  facet normal -0 0 -1
    outer loop
      vertex 24.6 26 0.9
      vertex 23 24.2 0.9
      vertex 23 26 0.9
    endloop
  endfacet
  facet normal 0 -1 0
    outer loop
      vertex 23 24.2 0.9
      vertex 24.6 24.2 0.999999
      vertex 23 24.2 0.999999
    endloop
  endfacet
  facet normal 0 -1 -0
    outer loop
      vertex 24.6 24.2 0.999999
      vertex 23 24.2 0.9
      vertex 24.6 24.2 0.9
    endloop
  endfacet
  facet normal 0 -1 0
    outer loop
      vertex 23 24.2 0.999999
      vertex 22.5 24.2 4.8
      vertex 22.5 24.2 0.999999
    endloop
  endfacet
  facet normal 0 -1 0
    outer loop
      vertex 24.6 24.2 0.999999
      vertex 22.5 24.2 4.8
      vertex 23 24.2 0.999999
    endloop
  endfacet
  facet normal 0 -1 0
    outer loop
      vertex 22.5 24.2 4.8
      vertex 24.6 24.2 0.999999
      vertex 28 24.2 4.8
    endloop
  endfacet
  facet normal 0 -1 0
    outer loop
      vertex 26.5 24.2 0.999999
      vertex 28 24.2 4.8
      vertex 24.6 24.2 0.999999
    endloop
  endfacet
  facet normal 0 -1 0
    outer loop
      vertex 28 24.2 0.9
      vertex 26.5 24.2 0.999999
      vertex 26.5 24.2 0.9
    endloop
  endfacet
  facet normal 0 -1 0
    outer loop
      vertex 26.5 24.2 0.999999
      vertex 28 24.2 0.9
      vertex 28 24.2 4.8
    endloop
  endfacet
  facet normal -1 0 0
    outer loop
      vertex 22.5 35.55 3.1
      vertex 22.5 35.8 0.999999
      vertex 22.5 35.55 1.3
    endloop
  endfacet
  facet normal -1 0 0
    outer loop
      vertex 22.5 35.8 0.999999
      vertex 22.5 30.45 1.3
      vertex 22.5 35.55 1.3
    endloop
  endfacet
  facet normal -1 -0 0
    outer loop
      vertex 22.5 30.45 1.3
      vertex 22.5 30.2 0.999999
      vertex 22.5 30.45 3.1
    endloop
  endfacet
  facet normal -1 0 0
    outer loop
      vertex 22.5 30.2 0.999999
      vertex 22.5 30.45 1.3
      vertex 22.5 35.8 0.999999
    endloop
  endfacet
  facet normal -1 0 0
    outer loop
      vertex 22.5 35.8 0.999999
      vertex 22.5 35.55 3.1
      vertex 22.5 35.8 4.8
    endloop
  endfacet
  facet normal -1 0 0
    outer loop
      vertex 22.5 30.45 3.1
      vertex 22.5 35.8 4.8
      vertex 22.5 35.55 3.1
    endloop
  endfacet
  facet normal -1 0 0
    outer loop
      vertex 22.5 30.45 3.1
      vertex 22.5 30.2 4.8
      vertex 22.5 35.8 4.8
    endloop
  endfacet
  facet normal -1 0 0
    outer loop
      vertex 22.5 30.2 4.8
      vertex 22.5 30.45 3.1
      vertex 22.5 30.2 0.999999
    endloop
  endfacet
  facet normal 0 0 1
    outer loop
      vertex 28 35.8 4.8
      vertex 26.7 33 4.8
      vertex 28 30.2 4.8
    endloop
  endfacet
  facet normal 0 0 1
    outer loop
      vertex 28 35.8 4.8
      vertex 26.6897 33.1566 4.8
      vertex 26.7 33 4.8
    endloop
  endfacet
  facet normal 0 0 1
    outer loop
      vertex 28 35.8 4.8
      vertex 26.6591 33.3106 4.8
      vertex 26.6897 33.1566 4.8
    endloop
  endfacet
  facet normal 0 0 1
    outer loop
      vertex 28 35.8 4.8
      vertex 26.6087 33.4592 4.8
      vertex 26.6591 33.3106 4.8
    endloop
  endfacet
  facet normal 0 0 1
    outer loop
      vertex 28 35.8 4.8
      vertex 26.5392 33.6 4.8
      vertex 26.6087 33.4592 4.8
    endloop
  endfacet
  facet normal 0 0 1
    outer loop
      vertex 28 35.8 4.8
      vertex 26.452 33.7305 4.8
      vertex 26.5392 33.6 4.8
    endloop
  endfacet
  facet normal 0 0 1
    outer loop
      vertex 28 35.8 4.8
      vertex 26.3485 33.8485 4.8
      vertex 26.452 33.7305 4.8
    endloop
  endfacet
  facet normal 0 0 1
    outer loop
      vertex 28 35.8 4.8
      vertex 26.2305 33.952 4.8
      vertex 26.3485 33.8485 4.8
    endloop
  endfacet
  facet normal 0 0 1
    outer loop
      vertex 28 35.8 4.8
      vertex 26.1 34.0392 4.8
      vertex 26.2305 33.952 4.8
    endloop
  endfacet
  facet normal 0 0 1
    outer loop
      vertex 28 35.8 4.8
      vertex 25.9592 34.1087 4.8
      vertex 26.1 34.0392 4.8
    endloop
  endfacet
  facet normal 0 0 1
    outer loop
      vertex 28 35.8 4.8
      vertex 25.8106 34.1591 4.8
      vertex 25.9592 34.1087 4.8
    endloop
  endfacet
  facet normal 0 0 1
    outer loop
      vertex 28 35.8 4.8
      vertex 25.6566 34.1897 4.8
      vertex 25.8106 34.1591 4.8
    endloop
  endfacet
  facet normal 0 0 1
    outer loop
      vertex 28 35.8 4.8
      vertex 25.5 34.2 4.8
      vertex 25.6566 34.1897 4.8
    endloop
  endfacet
  facet normal -0 0 1
    outer loop
      vertex 22.5 35.8 4.8
      vertex 25.5 34.2 4.8
      vertex 28 35.8 4.8
    endloop
  endfacet
  facet normal 0 0 1
    outer loop
      vertex 25.5 34.2 4.8
      vertex 22.5 35.8 4.8
      vertex 25.3434 34.1897 4.8
    endloop
  endfacet
  facet normal 0 0 1
    outer loop
      vertex 25.3434 34.1897 4.8
      vertex 22.5 35.8 4.8
      vertex 25.1894 34.1591 4.8
    endloop
  endfacet
  facet normal 0 0 1
    outer loop
      vertex 25.1894 34.1591 4.8
      vertex 22.5 35.8 4.8
      vertex 25.0408 34.1087 4.8
    endloop
  endfacet
  facet normal 0 0 1
    outer loop
      vertex 24.3103 33.1566 4.8
      vertex 22.5 35.8 4.8
      vertex 24.3 33 4.8
    endloop
  endfacet
  facet normal 0 0 1
    outer loop
      vertex 24.3409 33.3106 4.8
      vertex 22.5 35.8 4.8
      vertex 24.3103 33.1566 4.8
    endloop
  endfacet
  facet normal 0 0 1
    outer loop
      vertex 24.3913 33.4592 4.8
      vertex 22.5 35.8 4.8
      vertex 24.3409 33.3106 4.8
    endloop
  endfacet
  facet normal 0 0 1
    outer loop
      vertex 24.4608 33.6 4.8
      vertex 22.5 35.8 4.8
      vertex 24.3913 33.4592 4.8
    endloop
  endfacet
  facet normal 0 0 1
    outer loop
      vertex 24.548 33.7305 4.8
      vertex 22.5 35.8 4.8
      vertex 24.4608 33.6 4.8
    endloop
  endfacet
  facet normal 0 0 1
    outer loop
      vertex 24.6515 33.8485 4.8
      vertex 22.5 35.8 4.8
      vertex 24.548 33.7305 4.8
    endloop
  endfacet
  facet normal 0 0 1
    outer loop
      vertex 24.7695 33.952 4.8
      vertex 22.5 35.8 4.8
      vertex 24.6515 33.8485 4.8
    endloop
  endfacet
  facet normal 0 0 1
    outer loop
      vertex 24.9 34.0392 4.8
      vertex 22.5 35.8 4.8
      vertex 24.7695 33.952 4.8
    endloop
  endfacet
  facet normal 0 0 1
    outer loop
      vertex 25.0408 34.1087 4.8
      vertex 22.5 35.8 4.8
      vertex 24.9 34.0392 4.8
    endloop
  endfacet
  facet normal -0 0 1
    outer loop
      vertex 26.6897 32.8434 4.8
      vertex 28 30.2 4.8
      vertex 26.7 33 4.8
    endloop
  endfacet
  facet normal -0 0 1
    outer loop
      vertex 26.6591 32.6894 4.8
      vertex 28 30.2 4.8
      vertex 26.6897 32.8434 4.8
    endloop
  endfacet
  facet normal -0 0 1
    outer loop
      vertex 26.6087 32.5408 4.8
      vertex 28 30.2 4.8
      vertex 26.6591 32.6894 4.8
    endloop
  endfacet
  facet normal -0 0 1
    outer loop
      vertex 26.5392 32.4 4.8
      vertex 28 30.2 4.8
      vertex 26.6087 32.5408 4.8
    endloop
  endfacet
  facet normal -0 0 1
    outer loop
      vertex 26.452 32.2695 4.8
      vertex 28 30.2 4.8
      vertex 26.5392 32.4 4.8
    endloop
  endfacet
  facet normal -0 0 1
    outer loop
      vertex 26.3485 32.1515 4.8
      vertex 28 30.2 4.8
      vertex 26.452 32.2695 4.8
    endloop
  endfacet
  facet normal -0 0 1
    outer loop
      vertex 26.2305 32.048 4.8
      vertex 28 30.2 4.8
      vertex 26.3485 32.1515 4.8
    endloop
  endfacet
  facet normal -0 0 1
    outer loop
      vertex 26.1 31.9608 4.8
      vertex 28 30.2 4.8
      vertex 26.2305 32.048 4.8
    endloop
  endfacet
  facet normal -0 0 1
    outer loop
      vertex 25.9592 31.8913 4.8
      vertex 28 30.2 4.8
      vertex 26.1 31.9608 4.8
    endloop
  endfacet
  facet normal -0 0 1
    outer loop
      vertex 25.8106 31.8409 4.8
      vertex 28 30.2 4.8
      vertex 25.9592 31.8913 4.8
    endloop
  endfacet
  facet normal -0 0 1
    outer loop
      vertex 25.6566 31.8103 4.8
      vertex 28 30.2 4.8
      vertex 25.8106 31.8409 4.8
    endloop
  endfacet
  facet normal -0 0 1
    outer loop
      vertex 25.5 31.8 4.8
      vertex 28 30.2 4.8
      vertex 25.6566 31.8103 4.8
    endloop
  endfacet
  facet normal 0 0 1
    outer loop
      vertex 22.5 30.2 4.8
      vertex 25.5 31.8 4.8
      vertex 25.3434 31.8103 4.8
    endloop
  endfacet
  facet normal 0 0 1
    outer loop
      vertex 22.5 30.2 4.8
      vertex 25.3434 31.8103 4.8
      vertex 25.1894 31.8409 4.8
    endloop
  endfacet
  facet normal 0 0 1
    outer loop
      vertex 22.5 30.2 4.8
      vertex 25.1894 31.8409 4.8
      vertex 25.0408 31.8913 4.8
    endloop
  endfacet
  facet normal 0 0 1
    outer loop
      vertex 22.5 30.2 4.8
      vertex 25.0408 31.8913 4.8
      vertex 24.9 31.9608 4.8
    endloop
  endfacet
  facet normal 0 0 1
    outer loop
      vertex 22.5 30.2 4.8
      vertex 24.3 33 4.8
      vertex 22.5 35.8 4.8
    endloop
  endfacet
  facet normal 0 0 1
    outer loop
      vertex 24.3 33 4.8
      vertex 22.5 30.2 4.8
      vertex 24.3103 32.8434 4.8
    endloop
  endfacet
  facet normal 0 0 1
    outer loop
      vertex 24.3103 32.8434 4.8
      vertex 22.5 30.2 4.8
      vertex 24.3409 32.6894 4.8
    endloop
  endfacet
  facet normal 0 0 1
    outer loop
      vertex 24.3409 32.6894 4.8
      vertex 22.5 30.2 4.8
      vertex 24.3913 32.5408 4.8
    endloop
  endfacet
  facet normal 0 0 1
    outer loop
      vertex 25.5 31.8 4.8
      vertex 22.5 30.2 4.8
      vertex 28 30.2 4.8
    endloop
  endfacet
  facet normal 0 0 1
    outer loop
      vertex 24.7695 32.048 4.8
      vertex 22.5 30.2 4.8
      vertex 24.9 31.9608 4.8
    endloop
  endfacet
  facet normal 0 0 1
    outer loop
      vertex 24.6515 32.1515 4.8
      vertex 22.5 30.2 4.8
      vertex 24.7695 32.048 4.8
    endloop
  endfacet
  facet normal 0 0 1
    outer loop
      vertex 24.548 32.2695 4.8
      vertex 22.5 30.2 4.8
      vertex 24.6515 32.1515 4.8
    endloop
  endfacet
  facet normal 0 0 1
    outer loop
      vertex 24.4608 32.4 4.8
      vertex 22.5 30.2 4.8
      vertex 24.548 32.2695 4.8
    endloop
  endfacet
  facet normal 0 0 1
    outer loop
      vertex 24.3913 32.5408 4.8
      vertex 22.5 30.2 4.8
      vertex 24.4608 32.4 4.8
    endloop
  endfacet
  facet normal 1 -0 0
    outer loop
      vertex 28 30.2 4.8
      vertex 28 35.8 0.999999
      vertex 28 35.8 4.8
    endloop
  endfacet
  facet normal 1 0 0
    outer loop
      vertex 28 35.8 0.999999
      vertex 28 30.2 4.8
      vertex 28 30.2 0.999999
    endloop
  endfacet
  facet normal 0 -1 0
    outer loop
      vertex 22.5 30.2 0.999999
      vertex 28 30.2 4.8
      vertex 22.5 30.2 4.8
    endloop
  endfacet
  facet normal 0 -1 -0
    outer loop
      vertex 28 30.2 4.8
      vertex 22.5 30.2 0.999999
      vertex 28 30.2 0.999999
    endloop
  endfacet
  facet normal 0 1 -0
    outer loop
      vertex 28 35.8 0.999999
      vertex 22.5 35.8 4.8
      vertex 28 35.8 4.8
    endloop
  endfacet
  facet normal 0 1 0
    outer loop
      vertex 22.5 35.8 4.8
      vertex 28 35.8 0.999999
      vertex 22.5 35.8 0.999999
    endloop
  endfacet
  facet normal -1 0 0
    outer loop
      vertex 38.5 16 0.999999
      vertex 38.5 16.8 4.9
      vertex 38.5 16.8 0.999999
    endloop
  endfacet
  facet normal -1 -0 0
    outer loop
      vertex 38.5 16.8 4.9
      vertex 38.5 16 0.999999
      vertex 38.5 16 4.9
    endloop
  endfacet
  facet normal -0 0 1
    outer loop
      vertex 38.5 16.8 4.9
      vertex 42.5 16 4.9
      vertex 42.5 16.8 4.9
    endloop
  endfacet
  facet normal 0 0 1
    outer loop
      vertex 42.5 16 4.9
      vertex 38.5 16.8 4.9
      vertex 38.5 16 4.9
    endloop
  endfacet
  facet normal 1 -0 0
    outer loop
      vertex 42.5 16 4.9
      vertex 42.5 16.8 0.999999
      vertex 42.5 16.8 4.9
    endloop
  endfacet
  facet normal 1 0 0
    outer loop
      vertex 42.5 16.8 0.999999
      vertex 42.5 16 4.9
      vertex 42.5 16 0.999999
    endloop
  endfacet
  facet normal 0 -1 0
    outer loop
      vertex 38.5 16 0.999999
      vertex 42.5 16 4.9
      vertex 38.5 16 4.9
    endloop
  endfacet
  facet normal 0 -1 -0
    outer loop
      vertex 42.5 16 4.9
      vertex 38.5 16 0.999999
      vertex 42.5 16 0.999999
    endloop
  endfacet
  facet normal 0 1 -0
    outer loop
      vertex 42.5 16.8 0.999999
      vertex 38.5 16.8 4.9
      vertex 42.5 16.8 4.9
    endloop
  endfacet
  facet normal 0 1 0
    outer loop
      vertex 38.5 16.8 4.9
      vertex 42.5 16.8 0.999999
      vertex 38.5 16.8 0.999999
    endloop
  endfacet
  facet normal -1 0 0
    outer loop
      vertex 38.5 47.2 0.999999
      vertex 38.5 48 4.9
      vertex 38.5 48 0.999999
    endloop
  endfacet
  facet normal -1 -0 0
    outer loop
      vertex 38.5 48 4.9
      vertex 38.5 47.2 0.999999
      vertex 38.5 47.2 4.9
    endloop
  endfacet
  facet normal -0 0 1
    outer loop
      vertex 38.5 48 4.9
      vertex 42.5 47.2 4.9
      vertex 42.5 48 4.9
    endloop
  endfacet
  facet normal 0 0 1
    outer loop
      vertex 42.5 47.2 4.9
      vertex 38.5 48 4.9
      vertex 38.5 47.2 4.9
    endloop
  endfacet
  facet normal 1 -0 0
    outer loop
      vertex 42.5 47.2 4.9
      vertex 42.5 48 0.999999
      vertex 42.5 48 4.9
    endloop
  endfacet
  facet normal 1 0 0
    outer loop
      vertex 42.5 48 0.999999
      vertex 42.5 47.2 4.9
      vertex 42.5 47.2 0.999999
    endloop
  endfacet
  facet normal 0 -1 0
    outer loop
      vertex 38.5 47.2 0.999999
      vertex 42.5 47.2 4.9
      vertex 38.5 47.2 4.9
    endloop
  endfacet
  facet normal 0 -1 -0
    outer loop
      vertex 42.5 47.2 4.9
      vertex 38.5 47.2 0.999999
      vertex 42.5 47.2 0.999999
    endloop
  endfacet
  facet normal -1 0 0
    outer loop
      vertex 28.25 22 0.999999
      vertex 28.25 36 3.2
      vertex 28.25 36 0.999999
    endloop
  endfacet
  facet normal -1 -0 0
    outer loop
      vertex 28.25 36 3.2
      vertex 28.25 22 0.999999
      vertex 28.25 22 3.2
    endloop
  endfacet
  facet normal -0 0 1
    outer loop
      vertex 28.25 36 3.2
      vertex 29.15 22 3.2
      vertex 29.15 36 3.2
    endloop
  endfacet
  facet normal 0 0 1
    outer loop
      vertex 29.15 22 3.2
      vertex 28.25 36 3.2
      vertex 28.25 22 3.2
    endloop
  endfacet
  facet normal 1 -0 0
    outer loop
      vertex 29.15 22 3.2
      vertex 29.15 36 0.999999
      vertex 29.15 36 3.2
    endloop
  endfacet
  facet normal 1 0 0
    outer loop
      vertex 29.15 36 0.999999
      vertex 29.15 22 3.2
      vertex 29.15 22 0.999999
    endloop
  endfacet
  facet normal 0 1 -0
    outer loop
      vertex 29.15 36 0.999999
      vertex 28.25 36 3.2
      vertex 29.15 36 3.2
    endloop
  endfacet
  facet normal 0 1 0
    outer loop
      vertex 28.25 36 3.2
      vertex 29.15 36 0.999999
      vertex 28.25 36 0.999999
    endloop
  endfacet
  facet normal 0 -1 0
    outer loop
      vertex 28.25 22 0.999999
      vertex 29.15 22 3.2
      vertex 28.25 22 3.2
    endloop
  endfacet
  facet normal 0 -1 -0
    outer loop
      vertex 29.15 22 3.2
      vertex 28.25 22 0.999999
      vertex 29.15 22 0.999999
    endloop
  endfacet
  facet normal -1 0 0
    outer loop
      vertex 45.3 22 0.999999
      vertex 45.3 36 3.2
      vertex 45.3 36 0.999999
    endloop
  endfacet
  facet normal -1 -0 0
    outer loop
      vertex 45.3 36 3.2
      vertex 45.3 22 0.999999
      vertex 45.3 22 3.2
    endloop
  endfacet
  facet normal -0 0 1
    outer loop
      vertex 45.3 36 3.2
      vertex 46.55 22 3.2
      vertex 46.55 36 3.2
    endloop
  endfacet
  facet normal 0 0 1
    outer loop
      vertex 46.55 22 3.2
      vertex 45.3 36 3.2
      vertex 45.3 22 3.2
    endloop
  endfacet
  facet normal 1 0 0
    outer loop
      vertex 47.7 36 6.3
      vertex 47.7 25 0.999999
      vertex 47.7 36 0.999999
    endloop
  endfacet
  facet normal 1 -0 0
    outer loop
      vertex 47.7 22 6.3
      vertex 47.7 25 0.999999
      vertex 47.7 36 6.3
    endloop
  endfacet
  facet normal 1 0 0
    outer loop
      vertex 47.7 22 0.9
      vertex 47.7 25 0.999999
      vertex 47.7 22 6.3
    endloop
  endfacet
  facet normal 1 0 0
    outer loop
      vertex 47.7 25 0.999999
      vertex 47.7 22 0.9
      vertex 47.7 25 0.9
    endloop
  endfacet
  facet normal 0 1 0
    outer loop
      vertex 47.7 36 6.3
      vertex 46.55 36 5.1
      vertex 45.3 36 6.3
    endloop
  endfacet
  facet normal 0 1 0
    outer loop
      vertex 47.7 36 6.3
      vertex 46.55 36 3.2
      vertex 46.55 36 5.1
    endloop
  endfacet
  facet normal 0 1 -0
    outer loop
      vertex 47.7 36 0.999999
      vertex 46.55 36 3.2
      vertex 47.7 36 6.3
    endloop
  endfacet
  facet normal 0 1 0
    outer loop
      vertex 45.3 36 0.999999
      vertex 46.55 36 3.2
      vertex 47.7 36 0.999999
    endloop
  endfacet
  facet normal 0 1 0
    outer loop
      vertex 46.55 36 3.2
      vertex 45.3 36 0.999999
      vertex 45.3 36 3.2
    endloop
  endfacet
  facet normal 0 1 0
    outer loop
      vertex 45.3 36 6.3
      vertex 46.55 36 5.1
      vertex 45.3 36 5.1
    endloop
  endfacet
  facet normal 0 0 -1
    outer loop
      vertex 47.5 22 0.9
      vertex 47.7 25 0.9
      vertex 47.7 22 0.9
    endloop
  endfacet
  facet normal -0 0 -1
    outer loop
      vertex 47.7 25 0.9
      vertex 47.5 22 0.9
      vertex 47.5 25 0.9
    endloop
  endfacet
  facet normal 0 -1 0
    outer loop
      vertex 45.3 22 3.2
      vertex 45.3 22 0.999999
      vertex 46.55 22 3.2
    endloop
  endfacet
  facet normal 0 -1 0
    outer loop
      vertex 46.55 22 5.1
      vertex 45.3 22 6.3
      vertex 45.3 22 5.1
    endloop
  endfacet
  facet normal 0 -1 0
    outer loop
      vertex 45.3 22 6.3
      vertex 46.55 22 5.1
      vertex 47.7 22 6.3
    endloop
  endfacet
  facet normal 0 -1 0
    outer loop
      vertex 46.55 22 3.2
      vertex 47.7 22 6.3
      vertex 46.55 22 5.1
    endloop
  endfacet
  facet normal 0 -1 0
    outer loop
      vertex 47.5 22 0.999999
      vertex 46.55 22 3.2
      vertex 45.3 22 0.999999
    endloop
  endfacet
  facet normal 0 -1 0
    outer loop
      vertex 47.7 22 0.9
      vertex 46.55 22 3.2
      vertex 47.5 22 0.999999
    endloop
  endfacet
  facet normal 0 -1 0
    outer loop
      vertex 47.7 22 0.9
      vertex 47.5 22 0.999999
      vertex 47.5 22 0.9
    endloop
  endfacet
  facet normal 0 -1 0
    outer loop
      vertex 46.55 22 3.2
      vertex 47.7 22 0.9
      vertex 47.7 22 6.3
    endloop
  endfacet
  facet normal -1 0 0
    outer loop
      vertex 46.55 22 3.2
      vertex 46.55 36 5.1
      vertex 46.55 36 3.2
    endloop
  endfacet
  facet normal -1 -0 0
    outer loop
      vertex 46.55 36 5.1
      vertex 46.55 22 3.2
      vertex 46.55 22 5.1
    endloop
  endfacet
  facet normal 0 0 -1
    outer loop
      vertex 45.3 22 5.1
      vertex 46.55 36 5.1
      vertex 46.55 22 5.1
    endloop
  endfacet
  facet normal -0 0 -1
    outer loop
      vertex 46.55 36 5.1
      vertex 45.3 22 5.1
      vertex 45.3 36 5.1
    endloop
  endfacet
  facet normal -1 0 0
    outer loop
      vertex 45.3 22 5.1
      vertex 45.3 36 6.3
      vertex 45.3 36 5.1
    endloop
  endfacet
  facet normal -1 -0 0
    outer loop
      vertex 45.3 36 6.3
      vertex 45.3 22 5.1
      vertex 45.3 22 6.3
    endloop
  endfacet
  facet normal -0 0 1
    outer loop
      vertex 45.3 36 6.3
      vertex 47.7 22 6.3
      vertex 47.7 36 6.3
    endloop
  endfacet
  facet normal 0 0 1
    outer loop
      vertex 47.7 22 6.3
      vertex 45.3 36 6.3
      vertex 45.3 22 6.3
    endloop
  endfacet
  facet normal -0.499979 -0.866037 0
    outer loop
      vertex 25.5 29.5403 1.3
      vertex 27.7 28.2702 3.1
      vertex 25.5 29.5403 3.1
    endloop
  endfacet
  facet normal -0.499979 -0.866037 -0
    outer loop
      vertex 27.7 28.2702 3.1
      vertex 25.5 29.5403 1.3
      vertex 27.7 28.2702 1.3
    endloop
  endfacet
  facet normal 0 0 -1
    outer loop
      vertex 22.5 24.45 3.1
      vertex 25.5 24.4597 3.1
      vertex 25.5 24.45 3.1
    endloop
  endfacet
  facet normal 0 0 -1
    outer loop
      vertex 25.5 24.4597 3.1
      vertex 25.3434 25.8103 3.1
      vertex 25.5 25.8 3.1
    endloop
  endfacet
  facet normal 0 0 -1
    outer loop
      vertex 25.5 24.4597 3.1
      vertex 25.1894 25.8409 3.1
      vertex 25.3434 25.8103 3.1
    endloop
  endfacet
  facet normal 0 0 -1
    outer loop
      vertex 25.5 24.4597 3.1
      vertex 25.0408 25.8913 3.1
      vertex 25.1894 25.8409 3.1
    endloop
  endfacet
  facet normal 0 0 -1
    outer loop
      vertex 25.5 24.4597 3.1
      vertex 24.9 25.9608 3.1
      vertex 25.0408 25.8913 3.1
    endloop
  endfacet
  facet normal 0 0 -1
    outer loop
      vertex 25.5 24.4597 3.1
      vertex 24.7695 26.048 3.1
      vertex 24.9 25.9608 3.1
    endloop
  endfacet
  facet normal -0 0 -1
    outer loop
      vertex 25.5 24.4597 3.1
      vertex 22.5 24.45 3.1
      vertex 24.7695 26.048 3.1
    endloop
  endfacet
  facet normal -0 0 -1
    outer loop
      vertex 24.7695 26.048 3.1
      vertex 22.5 24.45 3.1
      vertex 24.6515 26.1515 3.1
    endloop
  endfacet
  facet normal -0 0 -1
    outer loop
      vertex 24.6515 26.1515 3.1
      vertex 22.5 24.45 3.1
      vertex 24.548 26.2695 3.1
    endloop
  endfacet
  facet normal -0 0 -1
    outer loop
      vertex 24.3103 26.8434 3.1
      vertex 22.5 24.45 3.1
      vertex 24.3 27 3.1
    endloop
  endfacet
  facet normal -0 0 -1
    outer loop
      vertex 24.3409 26.6894 3.1
      vertex 22.5 24.45 3.1
      vertex 24.3103 26.8434 3.1
    endloop
  endfacet
  facet normal -0 0 -1
    outer loop
      vertex 24.3913 26.5408 3.1
      vertex 22.5 24.45 3.1
      vertex 24.3409 26.6894 3.1
    endloop
  endfacet
  facet normal -0 0 -1
    outer loop
      vertex 24.4608 26.4 3.1
      vertex 22.5 24.45 3.1
      vertex 24.3913 26.5408 3.1
    endloop
  endfacet
  facet normal -0 0 -1
    outer loop
      vertex 24.548 26.2695 3.1
      vertex 22.5 24.45 3.1
      vertex 24.4608 26.4 3.1
    endloop
  endfacet
  facet normal 0 0 -1
    outer loop
      vertex 27.7 25.7298 3.1
      vertex 26.7 27 3.1
      vertex 27.7 28.2702 3.1
    endloop
  endfacet
  facet normal 0 0 -1
    outer loop
      vertex 27.7 25.7298 3.1
      vertex 26.6897 26.8434 3.1
      vertex 26.7 27 3.1
    endloop
  endfacet
  facet normal 0 0 -1
    outer loop
      vertex 27.7 25.7298 3.1
      vertex 26.6591 26.6894 3.1
      vertex 26.6897 26.8434 3.1
    endloop
  endfacet
  facet normal 0 0 -1
    outer loop
      vertex 27.7 25.7298 3.1
      vertex 26.6087 26.5408 3.1
      vertex 26.6591 26.6894 3.1
    endloop
  endfacet
  facet normal 0 0 -1
    outer loop
      vertex 27.7 25.7298 3.1
      vertex 26.5392 26.4 3.1
      vertex 26.6087 26.5408 3.1
    endloop
  endfacet
  facet normal 0 0 -1
    outer loop
      vertex 27.7 25.7298 3.1
      vertex 26.452 26.2695 3.1
      vertex 26.5392 26.4 3.1
    endloop
  endfacet
  facet normal 0 0 -1
    outer loop
      vertex 27.7 25.7298 3.1
      vertex 26.3485 26.1515 3.1
      vertex 26.452 26.2695 3.1
    endloop
  endfacet
  facet normal 0 0 -1
    outer loop
      vertex 27.7 25.7298 3.1
      vertex 26.2305 26.048 3.1
      vertex 26.3485 26.1515 3.1
    endloop
  endfacet
  facet normal 0 0 -1
    outer loop
      vertex 27.7 25.7298 3.1
      vertex 26.1 25.9608 3.1
      vertex 26.2305 26.048 3.1
    endloop
  endfacet
  facet normal 0 0 -1
    outer loop
      vertex 25.5 24.4597 3.1
      vertex 26.1 25.9608 3.1
      vertex 27.7 25.7298 3.1
    endloop
  endfacet
  facet normal 0 0 -1
    outer loop
      vertex 26.1 25.9608 3.1
      vertex 25.5 24.4597 3.1
      vertex 25.9592 25.8913 3.1
    endloop
  endfacet
  facet normal 0 0 -1
    outer loop
      vertex 25.9592 25.8913 3.1
      vertex 25.5 24.4597 3.1
      vertex 25.8106 25.8409 3.1
    endloop
  endfacet
  facet normal 0 0 -1
    outer loop
      vertex 25.8106 25.8409 3.1
      vertex 25.5 24.4597 3.1
      vertex 25.6566 25.8103 3.1
    endloop
  endfacet
  facet normal 0 0 -1
    outer loop
      vertex 25.6566 25.8103 3.1
      vertex 25.5 24.4597 3.1
      vertex 25.5 25.8 3.1
    endloop
  endfacet
  facet normal 0 0 -1
    outer loop
      vertex 26.6897 27.1566 3.1
      vertex 27.7 28.2702 3.1
      vertex 26.7 27 3.1
    endloop
  endfacet
  facet normal 0 0 -1
    outer loop
      vertex 26.6591 27.3106 3.1
      vertex 27.7 28.2702 3.1
      vertex 26.6897 27.1566 3.1
    endloop
  endfacet
  facet normal 0 0 -1
    outer loop
      vertex 26.6087 27.4592 3.1
      vertex 27.7 28.2702 3.1
      vertex 26.6591 27.3106 3.1
    endloop
  endfacet
  facet normal 0 0 -1
    outer loop
      vertex 26.5392 27.6 3.1
      vertex 27.7 28.2702 3.1
      vertex 26.6087 27.4592 3.1
    endloop
  endfacet
  facet normal 0 0 -1
    outer loop
      vertex 26.452 27.7305 3.1
      vertex 27.7 28.2702 3.1
      vertex 26.5392 27.6 3.1
    endloop
  endfacet
  facet normal 0 0 -1
    outer loop
      vertex 26.3485 27.8485 3.1
      vertex 27.7 28.2702 3.1
      vertex 26.452 27.7305 3.1
    endloop
  endfacet
  facet normal 0 0 -1
    outer loop
      vertex 26.2305 27.952 3.1
      vertex 27.7 28.2702 3.1
      vertex 26.3485 27.8485 3.1
    endloop
  endfacet
  facet normal 0 0 -1
    outer loop
      vertex 26.1 28.0392 3.1
      vertex 27.7 28.2702 3.1
      vertex 26.2305 27.952 3.1
    endloop
  endfacet
  facet normal 0 0 -1
    outer loop
      vertex 25.5 29.5403 3.1
      vertex 26.1 28.0392 3.1
      vertex 25.9592 28.1087 3.1
    endloop
  endfacet
  facet normal 0 0 -1
    outer loop
      vertex 25.5 29.5403 3.1
      vertex 25.9592 28.1087 3.1
      vertex 25.8106 28.1591 3.1
    endloop
  endfacet
  facet normal 0 0 -1
    outer loop
      vertex 25.5 29.5403 3.1
      vertex 25.8106 28.1591 3.1
      vertex 25.6566 28.1897 3.1
    endloop
  endfacet
  facet normal 0 0 -1
    outer loop
      vertex 25.5 29.5403 3.1
      vertex 25.6566 28.1897 3.1
      vertex 25.5 28.2 3.1
    endloop
  endfacet
  facet normal 0 0 -1
    outer loop
      vertex 26.1 28.0392 3.1
      vertex 25.5 29.5403 3.1
      vertex 27.7 28.2702 3.1
    endloop
  endfacet
  facet normal 0 0 -1
    outer loop
      vertex 25.3434 28.1897 3.1
      vertex 25.5 29.5403 3.1
      vertex 25.5 28.2 3.1
    endloop
  endfacet
  facet normal 0 0 -1
    outer loop
      vertex 25.1894 28.1591 3.1
      vertex 25.5 29.5403 3.1
      vertex 25.3434 28.1897 3.1
    endloop
  endfacet
  facet normal 0 0 -1
    outer loop
      vertex 25.0408 28.1087 3.1
      vertex 25.5 29.5403 3.1
      vertex 25.1894 28.1591 3.1
    endloop
  endfacet
  facet normal 0 0 -1
    outer loop
      vertex 24.9 28.0392 3.1
      vertex 25.5 29.5403 3.1
      vertex 25.0408 28.1087 3.1
    endloop
  endfacet
  facet normal 0 0 -1
    outer loop
      vertex 24.7695 27.952 3.1
      vertex 25.5 29.5403 3.1
      vertex 24.9 28.0392 3.1
    endloop
  endfacet
  facet normal 0 0 -1
    outer loop
      vertex 22.5 29.55 3.1
      vertex 25.5 29.5403 3.1
      vertex 24.7695 27.952 3.1
    endloop
  endfacet
  facet normal 0 0 -1
    outer loop
      vertex 22.5 29.55 3.1
      vertex 24.7695 27.952 3.1
      vertex 24.6515 27.8485 3.1
    endloop
  endfacet
  facet normal 0 0 -1
    outer loop
      vertex 22.5 29.55 3.1
      vertex 24.6515 27.8485 3.1
      vertex 24.548 27.7305 3.1
    endloop
  endfacet
  facet normal 0 0 -1
    outer loop
      vertex 22.5 29.55 3.1
      vertex 24.548 27.7305 3.1
      vertex 24.4608 27.6 3.1
    endloop
  endfacet
  facet normal 0 0 -1
    outer loop
      vertex 22.5 29.55 3.1
      vertex 24.3 27 3.1
      vertex 22.5 24.45 3.1
    endloop
  endfacet
  facet normal 0 0 -1
    outer loop
      vertex 24.3 27 3.1
      vertex 22.5 29.55 3.1
      vertex 24.3103 27.1566 3.1
    endloop
  endfacet
  facet normal 0 0 -1
    outer loop
      vertex 24.3103 27.1566 3.1
      vertex 22.5 29.55 3.1
      vertex 24.3409 27.3106 3.1
    endloop
  endfacet
  facet normal 0 0 -1
    outer loop
      vertex 24.3409 27.3106 3.1
      vertex 22.5 29.55 3.1
      vertex 24.3913 27.4592 3.1
    endloop
  endfacet
  facet normal 0 0 -1
    outer loop
      vertex 24.3913 27.4592 3.1
      vertex 22.5 29.55 3.1
      vertex 24.4608 27.6 3.1
    endloop
  endfacet
  facet normal 0 0 -1
    outer loop
      vertex 25.5 29.5403 3.1
      vertex 22.5 29.55 3.1
      vertex 25.5 29.55 3.1
    endloop
  endfacet
  facet normal -0 0 1
    outer loop
      vertex 22.5 29.55 1.3
      vertex 25.5 29.5403 1.3
      vertex 25.5 29.55 1.3
    endloop
  endfacet
  facet normal 0 0 1
    outer loop
      vertex 25.5 29.5403 1.3
      vertex 25.3434 28.1897 1.3
      vertex 25.5 28.2 1.3
    endloop
  endfacet
  facet normal 0 0 1
    outer loop
      vertex 25.5 29.5403 1.3
      vertex 25.1894 28.1591 1.3
      vertex 25.3434 28.1897 1.3
    endloop
  endfacet
  facet normal 0 0 1
    outer loop
      vertex 25.5 29.5403 1.3
      vertex 25.0408 28.1087 1.3
      vertex 25.1894 28.1591 1.3
    endloop
  endfacet
  facet normal 0 0 1
    outer loop
      vertex 25.5 29.5403 1.3
      vertex 24.9 28.0392 1.3
      vertex 25.0408 28.1087 1.3
    endloop
  endfacet
  facet normal 0 0 1
    outer loop
      vertex 25.5 29.5403 1.3
      vertex 24.7695 27.952 1.3
      vertex 24.9 28.0392 1.3
    endloop
  endfacet
  facet normal 0 0 1
    outer loop
      vertex 25.5 29.5403 1.3
      vertex 22.5 29.55 1.3
      vertex 24.7695 27.952 1.3
    endloop
  endfacet
  facet normal 0 0 1
    outer loop
      vertex 24.7695 27.952 1.3
      vertex 22.5 29.55 1.3
      vertex 24.6515 27.8485 1.3
    endloop
  endfacet
  facet normal 0 0 1
    outer loop
      vertex 24.6515 27.8485 1.3
      vertex 22.5 29.55 1.3
      vertex 24.548 27.7305 1.3
    endloop
  endfacet
  facet normal 0 0 1
    outer loop
      vertex 24.3103 27.1566 1.3
      vertex 22.5 29.55 1.3
      vertex 24.3 27 1.3
    endloop
  endfacet
  facet normal 0 0 1
    outer loop
      vertex 24.3409 27.3106 1.3
      vertex 22.5 29.55 1.3
      vertex 24.3103 27.1566 1.3
    endloop
  endfacet
  facet normal 0 0 1
    outer loop
      vertex 24.3913 27.4592 1.3
      vertex 22.5 29.55 1.3
      vertex 24.3409 27.3106 1.3
    endloop
  endfacet
  facet normal 0 0 1
    outer loop
      vertex 24.4608 27.6 1.3
      vertex 22.5 29.55 1.3
      vertex 24.3913 27.4592 1.3
    endloop
  endfacet
  facet normal 0 0 1
    outer loop
      vertex 24.548 27.7305 1.3
      vertex 22.5 29.55 1.3
      vertex 24.4608 27.6 1.3
    endloop
  endfacet
  facet normal 0 0 1
    outer loop
      vertex 27.7 28.2702 1.3
      vertex 26.7 27 1.3
      vertex 27.7 25.7298 1.3
    endloop
  endfacet
  facet normal 0 0 1
    outer loop
      vertex 27.7 28.2702 1.3
      vertex 26.6897 27.1566 1.3
      vertex 26.7 27 1.3
    endloop
  endfacet
  facet normal 0 0 1
    outer loop
      vertex 27.7 28.2702 1.3
      vertex 26.6591 27.3106 1.3
      vertex 26.6897 27.1566 1.3
    endloop
  endfacet
  facet normal 0 0 1
    outer loop
      vertex 27.7 28.2702 1.3
      vertex 26.6087 27.4592 1.3
      vertex 26.6591 27.3106 1.3
    endloop
  endfacet
  facet normal 0 0 1
    outer loop
      vertex 27.7 28.2702 1.3
      vertex 26.5392 27.6 1.3
      vertex 26.6087 27.4592 1.3
    endloop
  endfacet
  facet normal 0 0 1
    outer loop
      vertex 27.7 28.2702 1.3
      vertex 26.452 27.7305 1.3
      vertex 26.5392 27.6 1.3
    endloop
  endfacet
  facet normal 0 0 1
    outer loop
      vertex 27.7 28.2702 1.3
      vertex 26.3485 27.8485 1.3
      vertex 26.452 27.7305 1.3
    endloop
  endfacet
  facet normal 0 0 1
    outer loop
      vertex 27.7 28.2702 1.3
      vertex 26.2305 27.952 1.3
      vertex 26.3485 27.8485 1.3
    endloop
  endfacet
  facet normal 0 0 1
    outer loop
      vertex 27.7 28.2702 1.3
      vertex 26.1 28.0392 1.3
      vertex 26.2305 27.952 1.3
    endloop
  endfacet
  facet normal 0 0 1
    outer loop
      vertex 25.5 29.5403 1.3
      vertex 26.1 28.0392 1.3
      vertex 27.7 28.2702 1.3
    endloop
  endfacet
  facet normal 0 0 1
    outer loop
      vertex 26.1 28.0392 1.3
      vertex 25.5 29.5403 1.3
      vertex 25.9592 28.1087 1.3
    endloop
  endfacet
  facet normal 0 0 1
    outer loop
      vertex 25.9592 28.1087 1.3
      vertex 25.5 29.5403 1.3
      vertex 25.8106 28.1591 1.3
    endloop
  endfacet
  facet normal 0 0 1
    outer loop
      vertex 25.8106 28.1591 1.3
      vertex 25.5 29.5403 1.3
      vertex 25.6566 28.1897 1.3
    endloop
  endfacet
  facet normal 0 0 1
    outer loop
      vertex 25.6566 28.1897 1.3
      vertex 25.5 29.5403 1.3
      vertex 25.5 28.2 1.3
    endloop
  endfacet
  facet normal -0 0 1
    outer loop
      vertex 26.6897 26.8434 1.3
      vertex 27.7 25.7298 1.3
      vertex 26.7 27 1.3
    endloop
  endfacet
  facet normal -0 0 1
    outer loop
      vertex 26.6591 26.6894 1.3
      vertex 27.7 25.7298 1.3
      vertex 26.6897 26.8434 1.3
    endloop
  endfacet
  facet normal -0 0 1
    outer loop
      vertex 26.6087 26.5408 1.3
      vertex 27.7 25.7298 1.3
      vertex 26.6591 26.6894 1.3
    endloop
  endfacet
  facet normal -0 0 1
    outer loop
      vertex 26.5392 26.4 1.3
      vertex 27.7 25.7298 1.3
      vertex 26.6087 26.5408 1.3
    endloop
  endfacet
  facet normal -0 0 1
    outer loop
      vertex 26.452 26.2695 1.3
      vertex 27.7 25.7298 1.3
      vertex 26.5392 26.4 1.3
    endloop
  endfacet
  facet normal -0 0 1
    outer loop
      vertex 26.3485 26.1515 1.3
      vertex 27.7 25.7298 1.3
      vertex 26.452 26.2695 1.3
    endloop
  endfacet
  facet normal -0 0 1
    outer loop
      vertex 26.2305 26.048 1.3
      vertex 27.7 25.7298 1.3
      vertex 26.3485 26.1515 1.3
    endloop
  endfacet
  facet normal -0 0 1
    outer loop
      vertex 26.1 25.9608 1.3
      vertex 27.7 25.7298 1.3
      vertex 26.2305 26.048 1.3
    endloop
  endfacet
  facet normal 0 0 1
    outer loop
      vertex 25.5 24.4597 1.3
      vertex 26.1 25.9608 1.3
      vertex 25.9592 25.8913 1.3
    endloop
  endfacet
  facet normal 0 0 1
    outer loop
      vertex 25.5 24.4597 1.3
      vertex 25.9592 25.8913 1.3
      vertex 25.8106 25.8409 1.3
    endloop
  endfacet
  facet normal 0 0 1
    outer loop
      vertex 25.5 24.4597 1.3
      vertex 25.8106 25.8409 1.3
      vertex 25.6566 25.8103 1.3
    endloop
  endfacet
  facet normal 0 0 1
    outer loop
      vertex 25.5 24.4597 1.3
      vertex 25.6566 25.8103 1.3
      vertex 25.5 25.8 1.3
    endloop
  endfacet
  facet normal 0 0 1
    outer loop
      vertex 26.1 25.9608 1.3
      vertex 25.5 24.4597 1.3
      vertex 27.7 25.7298 1.3
    endloop
  endfacet
  facet normal 0 0 1
    outer loop
      vertex 25.3434 25.8103 1.3
      vertex 25.5 24.4597 1.3
      vertex 25.5 25.8 1.3
    endloop
  endfacet
  facet normal 0 0 1
    outer loop
      vertex 25.1894 25.8409 1.3
      vertex 25.5 24.4597 1.3
      vertex 25.3434 25.8103 1.3
    endloop
  endfacet
  facet normal 0 0 1
    outer loop
      vertex 25.0408 25.8913 1.3
      vertex 25.5 24.4597 1.3
      vertex 25.1894 25.8409 1.3
    endloop
  endfacet
  facet normal 0 0 1
    outer loop
      vertex 24.9 25.9608 1.3
      vertex 25.5 24.4597 1.3
      vertex 25.0408 25.8913 1.3
    endloop
  endfacet
  facet normal 0 0 1
    outer loop
      vertex 24.7695 26.048 1.3
      vertex 25.5 24.4597 1.3
      vertex 24.9 25.9608 1.3
    endloop
  endfacet
  facet normal 0 0 1
    outer loop
      vertex 22.5 24.45 1.3
      vertex 25.5 24.4597 1.3
      vertex 24.7695 26.048 1.3
    endloop
  endfacet
  facet normal 0 0 1
    outer loop
      vertex 22.5 24.45 1.3
      vertex 24.7695 26.048 1.3
      vertex 24.6515 26.1515 1.3
    endloop
  endfacet
  facet normal 0 0 1
    outer loop
      vertex 22.5 24.45 1.3
      vertex 24.6515 26.1515 1.3
      vertex 24.548 26.2695 1.3
    endloop
  endfacet
  facet normal 0 0 1
    outer loop
      vertex 22.5 24.45 1.3
      vertex 24.548 26.2695 1.3
      vertex 24.4608 26.4 1.3
    endloop
  endfacet
  facet normal 0 0 1
    outer loop
      vertex 22.5 24.45 1.3
      vertex 24.3 27 1.3
      vertex 22.5 29.55 1.3
    endloop
  endfacet
  facet normal 0 0 1
    outer loop
      vertex 24.3 27 1.3
      vertex 22.5 24.45 1.3
      vertex 24.3103 26.8434 1.3
    endloop
  endfacet
  facet normal 0 0 1
    outer loop
      vertex 24.3103 26.8434 1.3
      vertex 22.5 24.45 1.3
      vertex 24.3409 26.6894 1.3
    endloop
  endfacet
  facet normal 0 0 1
    outer loop
      vertex 24.3409 26.6894 1.3
      vertex 22.5 24.45 1.3
      vertex 24.3913 26.5408 1.3
    endloop
  endfacet
  facet normal 0 0 1
    outer loop
      vertex 24.3913 26.5408 1.3
      vertex 22.5 24.45 1.3
      vertex 24.4608 26.4 1.3
    endloop
  endfacet
  facet normal 0 0 1
    outer loop
      vertex 25.5 24.4597 1.3
      vertex 22.5 24.45 1.3
      vertex 25.5 24.45 1.3
    endloop
  endfacet
  facet normal -1 0 0
    outer loop
      vertex 27.7 25.7298 1.3
      vertex 27.7 28.2702 3.1
      vertex 27.7 28.2702 1.3
    endloop
  endfacet
  facet normal -1 -0 0
    outer loop
      vertex 27.7 28.2702 3.1
      vertex 27.7 25.7298 1.3
      vertex 27.7 25.7298 3.1
    endloop
  endfacet
  facet normal -0.499979 0.866037 0
    outer loop
      vertex 27.7 25.7298 1.3
      vertex 25.5 24.4597 3.1
      vertex 27.7 25.7298 3.1
    endloop
  endfacet
  facet normal -0.499979 0.866037 0
    outer loop
      vertex 25.5 24.4597 3.1
      vertex 27.7 25.7298 1.3
      vertex 25.5 24.4597 1.3
    endloop
  endfacet
  facet normal -1 0 0
    outer loop
      vertex 25.5 24.45 1.3
      vertex 25.5 24.4597 3.1
      vertex 25.5 24.4597 1.3
    endloop
  endfacet
  facet normal -1 -0 0
    outer loop
      vertex 25.5 24.4597 3.1
      vertex 25.5 24.45 1.3
      vertex 25.5 24.45 3.1
    endloop
  endfacet
  facet normal -1 0 0
    outer loop
      vertex 25.5 29.5403 1.3
      vertex 25.5 29.55 3.1
      vertex 25.5 29.55 1.3
    endloop
  endfacet
  facet normal -1 -0 0
    outer loop
      vertex 25.5 29.55 3.1
      vertex 25.5 29.5403 1.3
      vertex 25.5 29.5403 3.1
    endloop
  endfacet
  facet normal 0 1 -0
    outer loop
      vertex 25.5 24.45 1.3
      vertex 22.5 24.45 3.1
      vertex 25.5 24.45 3.1
    endloop
  endfacet
  facet normal 0 1 0
    outer loop
      vertex 22.5 24.45 3.1
      vertex 25.5 24.45 1.3
      vertex 22.5 24.45 1.3
    endloop
  endfacet
  facet normal 0 -1 0
    outer loop
      vertex 22.5 29.55 1.3
      vertex 25.5 29.55 3.1
      vertex 22.5 29.55 3.1
    endloop
  endfacet
  facet normal 0 -1 -0
    outer loop
      vertex 25.5 29.55 3.1
      vertex 22.5 29.55 1.3
      vertex 25.5 29.55 1.3
    endloop
  endfacet
  facet normal -0.499979 -0.866037 0
    outer loop
      vertex 25.5 35.5403 1.3
      vertex 27.7 34.2702 3.1
      vertex 25.5 35.5403 3.1
    endloop
  endfacet
  facet normal -0.499979 -0.866037 -0
    outer loop
      vertex 27.7 34.2702 3.1
      vertex 25.5 35.5403 1.3
      vertex 27.7 34.2702 1.3
    endloop
  endfacet
  facet normal -0 0 1
    outer loop
      vertex 22.5 35.55 1.3
      vertex 25.5 35.5403 1.3
      vertex 25.5 35.55 1.3
    endloop
  endfacet
  facet normal 0 0 1
    outer loop
      vertex 25.5 35.5403 1.3
      vertex 25.3434 34.1897 1.3
      vertex 25.5 34.2 1.3
    endloop
  endfacet
  facet normal 0 0 1
    outer loop
      vertex 25.5 35.5403 1.3
      vertex 25.1894 34.1591 1.3
      vertex 25.3434 34.1897 1.3
    endloop
  endfacet
  facet normal 0 0 1
    outer loop
      vertex 25.5 35.5403 1.3
      vertex 25.0408 34.1087 1.3
      vertex 25.1894 34.1591 1.3
    endloop
  endfacet
  facet normal 0 0 1
    outer loop
      vertex 25.5 35.5403 1.3
      vertex 24.9 34.0392 1.3
      vertex 25.0408 34.1087 1.3
    endloop
  endfacet
  facet normal 0 0 1
    outer loop
      vertex 25.5 35.5403 1.3
      vertex 24.7695 33.952 1.3
      vertex 24.9 34.0392 1.3
    endloop
  endfacet
  facet normal 0 0 1
    outer loop
      vertex 25.5 35.5403 1.3
      vertex 22.5 35.55 1.3
      vertex 24.7695 33.952 1.3
    endloop
  endfacet
  facet normal 0 0 1
    outer loop
      vertex 24.7695 33.952 1.3
      vertex 22.5 35.55 1.3
      vertex 24.6515 33.8485 1.3
    endloop
  endfacet
  facet normal 0 0 1
    outer loop
      vertex 24.6515 33.8485 1.3
      vertex 22.5 35.55 1.3
      vertex 24.548 33.7305 1.3
    endloop
  endfacet
  facet normal 0 0 1
    outer loop
      vertex 24.3103 33.1566 1.3
      vertex 22.5 35.55 1.3
      vertex 24.3 33 1.3
    endloop
  endfacet
  facet normal 0 0 1
    outer loop
      vertex 24.3409 33.3106 1.3
      vertex 22.5 35.55 1.3
      vertex 24.3103 33.1566 1.3
    endloop
  endfacet
  facet normal 0 0 1
    outer loop
      vertex 24.3913 33.4592 1.3
      vertex 22.5 35.55 1.3
      vertex 24.3409 33.3106 1.3
    endloop
  endfacet
  facet normal 0 0 1
    outer loop
      vertex 24.4608 33.6 1.3
      vertex 22.5 35.55 1.3
      vertex 24.3913 33.4592 1.3
    endloop
  endfacet
  facet normal 0 0 1
    outer loop
      vertex 24.548 33.7305 1.3
      vertex 22.5 35.55 1.3
      vertex 24.4608 33.6 1.3
    endloop
  endfacet
  facet normal 0 0 1
    outer loop
      vertex 27.7 34.2702 1.3
      vertex 26.7 33 1.3
      vertex 27.7 31.7298 1.3
    endloop
  endfacet
  facet normal 0 0 1
    outer loop
      vertex 27.7 34.2702 1.3
      vertex 26.6897 33.1566 1.3
      vertex 26.7 33 1.3
    endloop
  endfacet
  facet normal 0 0 1
    outer loop
      vertex 27.7 34.2702 1.3
      vertex 26.6591 33.3106 1.3
      vertex 26.6897 33.1566 1.3
    endloop
  endfacet
  facet normal 0 0 1
    outer loop
      vertex 27.7 34.2702 1.3
      vertex 26.6087 33.4592 1.3
      vertex 26.6591 33.3106 1.3
    endloop
  endfacet
  facet normal 0 0 1
    outer loop
      vertex 27.7 34.2702 1.3
      vertex 26.5392 33.6 1.3
      vertex 26.6087 33.4592 1.3
    endloop
  endfacet
  facet normal 0 0 1
    outer loop
      vertex 27.7 34.2702 1.3
      vertex 26.452 33.7305 1.3
      vertex 26.5392 33.6 1.3
    endloop
  endfacet
  facet normal 0 0 1
    outer loop
      vertex 27.7 34.2702 1.3
      vertex 26.3485 33.8485 1.3
      vertex 26.452 33.7305 1.3
    endloop
  endfacet
  facet normal 0 0 1
    outer loop
      vertex 27.7 34.2702 1.3
      vertex 26.2305 33.952 1.3
      vertex 26.3485 33.8485 1.3
    endloop
  endfacet
  facet normal 0 0 1
    outer loop
      vertex 27.7 34.2702 1.3
      vertex 26.1 34.0392 1.3
      vertex 26.2305 33.952 1.3
    endloop
  endfacet
  facet normal 0 0 1
    outer loop
      vertex 25.5 35.5403 1.3
      vertex 26.1 34.0392 1.3
      vertex 27.7 34.2702 1.3
    endloop
  endfacet
  facet normal 0 0 1
    outer loop
      vertex 26.1 34.0392 1.3
      vertex 25.5 35.5403 1.3
      vertex 25.9592 34.1087 1.3
    endloop
  endfacet
  facet normal 0 0 1
    outer loop
      vertex 25.9592 34.1087 1.3
      vertex 25.5 35.5403 1.3
      vertex 25.8106 34.1591 1.3
    endloop
  endfacet
  facet normal 0 0 1
    outer loop
      vertex 25.8106 34.1591 1.3
      vertex 25.5 35.5403 1.3
      vertex 25.6566 34.1897 1.3
    endloop
  endfacet
  facet normal 0 0 1
    outer loop
      vertex 25.6566 34.1897 1.3
      vertex 25.5 35.5403 1.3
      vertex 25.5 34.2 1.3
    endloop
  endfacet
  facet normal -0 0 1
    outer loop
      vertex 26.6897 32.8434 1.3
      vertex 27.7 31.7298 1.3
      vertex 26.7 33 1.3
    endloop
  endfacet
  facet normal -0 0 1
    outer loop
      vertex 26.6591 32.6894 1.3
      vertex 27.7 31.7298 1.3
      vertex 26.6897 32.8434 1.3
    endloop
  endfacet
  facet normal -0 0 1
    outer loop
      vertex 26.6087 32.5408 1.3
      vertex 27.7 31.7298 1.3
      vertex 26.6591 32.6894 1.3
    endloop
  endfacet
  facet normal -0 0 1
    outer loop
      vertex 26.5392 32.4 1.3
      vertex 27.7 31.7298 1.3
      vertex 26.6087 32.5408 1.3
    endloop
  endfacet
  facet normal -0 0 1
    outer loop
      vertex 26.452 32.2695 1.3
      vertex 27.7 31.7298 1.3
      vertex 26.5392 32.4 1.3
    endloop
  endfacet
  facet normal -0 0 1
    outer loop
      vertex 26.3485 32.1515 1.3
      vertex 27.7 31.7298 1.3
      vertex 26.452 32.2695 1.3
    endloop
  endfacet
  facet normal -0 0 1
    outer loop
      vertex 26.2305 32.048 1.3
      vertex 27.7 31.7298 1.3
      vertex 26.3485 32.1515 1.3
    endloop
  endfacet
  facet normal -0 0 1
    outer loop
      vertex 26.1 31.9608 1.3
      vertex 27.7 31.7298 1.3
      vertex 26.2305 32.048 1.3
    endloop
  endfacet
  facet normal 0 0 1
    outer loop
      vertex 25.5 30.4597 1.3
      vertex 26.1 31.9608 1.3
      vertex 25.9592 31.8913 1.3
    endloop
  endfacet
  facet normal 0 0 1
    outer loop
      vertex 25.5 30.4597 1.3
      vertex 25.9592 31.8913 1.3
      vertex 25.8106 31.8409 1.3
    endloop
  endfacet
  facet normal 0 0 1
    outer loop
      vertex 25.5 30.4597 1.3
      vertex 25.8106 31.8409 1.3
      vertex 25.6566 31.8103 1.3
    endloop
  endfacet
  facet normal 0 0 1
    outer loop
      vertex 25.5 30.4597 1.3
      vertex 25.6566 31.8103 1.3
      vertex 25.5 31.8 1.3
    endloop
  endfacet
  facet normal 0 0 1
    outer loop
      vertex 26.1 31.9608 1.3
      vertex 25.5 30.4597 1.3
      vertex 27.7 31.7298 1.3
    endloop
  endfacet
  facet normal 0 0 1
    outer loop
      vertex 25.3434 31.8103 1.3
      vertex 25.5 30.4597 1.3
      vertex 25.5 31.8 1.3
    endloop
  endfacet
  facet normal 0 0 1
    outer loop
      vertex 25.1894 31.8409 1.3
      vertex 25.5 30.4597 1.3
      vertex 25.3434 31.8103 1.3
    endloop
  endfacet
  facet normal 0 0 1
    outer loop
      vertex 25.0408 31.8913 1.3
      vertex 25.5 30.4597 1.3
      vertex 25.1894 31.8409 1.3
    endloop
  endfacet
  facet normal 0 0 1
    outer loop
      vertex 24.9 31.9608 1.3
      vertex 25.5 30.4597 1.3
      vertex 25.0408 31.8913 1.3
    endloop
  endfacet
  facet normal 0 0 1
    outer loop
      vertex 24.7695 32.048 1.3
      vertex 25.5 30.4597 1.3
      vertex 24.9 31.9608 1.3
    endloop
  endfacet
  facet normal 0 0 1
    outer loop
      vertex 22.5 30.45 1.3
      vertex 25.5 30.4597 1.3
      vertex 24.7695 32.048 1.3
    endloop
  endfacet
  facet normal 0 0 1
    outer loop
      vertex 22.5 30.45 1.3
      vertex 24.7695 32.048 1.3
      vertex 24.6515 32.1515 1.3
    endloop
  endfacet
  facet normal 0 0 1
    outer loop
      vertex 22.5 30.45 1.3
      vertex 24.6515 32.1515 1.3
      vertex 24.548 32.2695 1.3
    endloop
  endfacet
  facet normal 0 0 1
    outer loop
      vertex 22.5 30.45 1.3
      vertex 24.548 32.2695 1.3
      vertex 24.4608 32.4 1.3
    endloop
  endfacet
  facet normal 0 0 1
    outer loop
      vertex 22.5 30.45 1.3
      vertex 24.3 33 1.3
      vertex 22.5 35.55 1.3
    endloop
  endfacet
  facet normal 0 0 1
    outer loop
      vertex 24.3 33 1.3
      vertex 22.5 30.45 1.3
      vertex 24.3103 32.8434 1.3
    endloop
  endfacet
  facet normal 0 0 1
    outer loop
      vertex 24.3103 32.8434 1.3
      vertex 22.5 30.45 1.3
      vertex 24.3409 32.6894 1.3
    endloop
  endfacet
  facet normal 0 0 1
    outer loop
      vertex 24.3409 32.6894 1.3
      vertex 22.5 30.45 1.3
      vertex 24.3913 32.5408 1.3
    endloop
  endfacet
  facet normal 0 0 1
    outer loop
      vertex 24.3913 32.5408 1.3
      vertex 22.5 30.45 1.3
      vertex 24.4608 32.4 1.3
    endloop
  endfacet
  facet normal 0 0 1
    outer loop
      vertex 25.5 30.4597 1.3
      vertex 22.5 30.45 1.3
      vertex 25.5 30.45 1.3
    endloop
  endfacet
  facet normal -1 0 0
    outer loop
      vertex 27.7 31.7298 1.3
      vertex 27.7 34.2702 3.1
      vertex 27.7 34.2702 1.3
    endloop
  endfacet
  facet normal -1 -0 0
    outer loop
      vertex 27.7 34.2702 3.1
      vertex 27.7 31.7298 1.3
      vertex 27.7 31.7298 3.1
    endloop
  endfacet
  facet normal -0.499979 0.866037 0
    outer loop
      vertex 27.7 31.7298 1.3
      vertex 25.5 30.4597 3.1
      vertex 27.7 31.7298 3.1
    endloop
  endfacet
  facet normal -0.499979 0.866037 0
    outer loop
      vertex 25.5 30.4597 3.1
      vertex 27.7 31.7298 1.3
      vertex 25.5 30.4597 1.3
    endloop
  endfacet
  facet normal 0 0 -1
    outer loop
      vertex 22.5 30.45 3.1
      vertex 25.5 30.4597 3.1
      vertex 25.5 30.45 3.1
    endloop
  endfacet
  facet normal 0 0 -1
    outer loop
      vertex 25.5 30.4597 3.1
      vertex 25.3434 31.8103 3.1
      vertex 25.5 31.8 3.1
    endloop
  endfacet
  facet normal 0 0 -1
    outer loop
      vertex 25.5 30.4597 3.1
      vertex 25.1894 31.8409 3.1
      vertex 25.3434 31.8103 3.1
    endloop
  endfacet
  facet normal 0 0 -1
    outer loop
      vertex 25.5 30.4597 3.1
      vertex 25.0408 31.8913 3.1
      vertex 25.1894 31.8409 3.1
    endloop
  endfacet
  facet normal 0 0 -1
    outer loop
      vertex 25.5 30.4597 3.1
      vertex 24.9 31.9608 3.1
      vertex 25.0408 31.8913 3.1
    endloop
  endfacet
  facet normal 0 0 -1
    outer loop
      vertex 25.5 30.4597 3.1
      vertex 24.7695 32.048 3.1
      vertex 24.9 31.9608 3.1
    endloop
  endfacet
  facet normal -0 0 -1
    outer loop
      vertex 25.5 30.4597 3.1
      vertex 22.5 30.45 3.1
      vertex 24.7695 32.048 3.1
    endloop
  endfacet
  facet normal -0 0 -1
    outer loop
      vertex 24.7695 32.048 3.1
      vertex 22.5 30.45 3.1
      vertex 24.6515 32.1515 3.1
    endloop
  endfacet
  facet normal -0 0 -1
    outer loop
      vertex 24.6515 32.1515 3.1
      vertex 22.5 30.45 3.1
      vertex 24.548 32.2695 3.1
    endloop
  endfacet
  facet normal -0 0 -1
    outer loop
      vertex 24.3103 32.8434 3.1
      vertex 22.5 30.45 3.1
      vertex 24.3 33 3.1
    endloop
  endfacet
  facet normal -0 0 -1
    outer loop
      vertex 24.3409 32.6894 3.1
      vertex 22.5 30.45 3.1
      vertex 24.3103 32.8434 3.1
    endloop
  endfacet
  facet normal -0 0 -1
    outer loop
      vertex 24.3913 32.5408 3.1
      vertex 22.5 30.45 3.1
      vertex 24.3409 32.6894 3.1
    endloop
  endfacet
  facet normal -0 0 -1
    outer loop
      vertex 24.4608 32.4 3.1
      vertex 22.5 30.45 3.1
      vertex 24.3913 32.5408 3.1
    endloop
  endfacet
  facet normal -0 0 -1
    outer loop
      vertex 24.548 32.2695 3.1
      vertex 22.5 30.45 3.1
      vertex 24.4608 32.4 3.1
    endloop
  endfacet
  facet normal 0 0 -1
    outer loop
      vertex 27.7 31.7298 3.1
      vertex 26.7 33 3.1
      vertex 27.7 34.2702 3.1
    endloop
  endfacet
  facet normal 0 0 -1
    outer loop
      vertex 27.7 31.7298 3.1
      vertex 26.6897 32.8434 3.1
      vertex 26.7 33 3.1
    endloop
  endfacet
  facet normal 0 0 -1
    outer loop
      vertex 27.7 31.7298 3.1
      vertex 26.6591 32.6894 3.1
      vertex 26.6897 32.8434 3.1
    endloop
  endfacet
  facet normal 0 0 -1
    outer loop
      vertex 27.7 31.7298 3.1
      vertex 26.6087 32.5408 3.1
      vertex 26.6591 32.6894 3.1
    endloop
  endfacet
  facet normal 0 0 -1
    outer loop
      vertex 27.7 31.7298 3.1
      vertex 26.5392 32.4 3.1
      vertex 26.6087 32.5408 3.1
    endloop
  endfacet
  facet normal 0 0 -1
    outer loop
      vertex 27.7 31.7298 3.1
      vertex 26.452 32.2695 3.1
      vertex 26.5392 32.4 3.1
    endloop
  endfacet
  facet normal 0 0 -1
    outer loop
      vertex 27.7 31.7298 3.1
      vertex 26.3485 32.1515 3.1
      vertex 26.452 32.2695 3.1
    endloop
  endfacet
  facet normal 0 0 -1
    outer loop
      vertex 27.7 31.7298 3.1
      vertex 26.2305 32.048 3.1
      vertex 26.3485 32.1515 3.1
    endloop
  endfacet
  facet normal 0 0 -1
    outer loop
      vertex 27.7 31.7298 3.1
      vertex 26.1 31.9608 3.1
      vertex 26.2305 32.048 3.1
    endloop
  endfacet
  facet normal 0 0 -1
    outer loop
      vertex 25.5 30.4597 3.1
      vertex 26.1 31.9608 3.1
      vertex 27.7 31.7298 3.1
    endloop
  endfacet
  facet normal 0 0 -1
    outer loop
      vertex 26.1 31.9608 3.1
      vertex 25.5 30.4597 3.1
      vertex 25.9592 31.8913 3.1
    endloop
  endfacet
  facet normal 0 0 -1
    outer loop
      vertex 25.9592 31.8913 3.1
      vertex 25.5 30.4597 3.1
      vertex 25.8106 31.8409 3.1
    endloop
  endfacet
  facet normal 0 0 -1
    outer loop
      vertex 25.8106 31.8409 3.1
      vertex 25.5 30.4597 3.1
      vertex 25.6566 31.8103 3.1
    endloop
  endfacet
  facet normal 0 0 -1
    outer loop
      vertex 25.6566 31.8103 3.1
      vertex 25.5 30.4597 3.1
      vertex 25.5 31.8 3.1
    endloop
  endfacet
  facet normal 0 0 -1
    outer loop
      vertex 26.6897 33.1566 3.1
      vertex 27.7 34.2702 3.1
      vertex 26.7 33 3.1
    endloop
  endfacet
  facet normal 0 0 -1
    outer loop
      vertex 26.6591 33.3106 3.1
      vertex 27.7 34.2702 3.1
      vertex 26.6897 33.1566 3.1
    endloop
  endfacet
  facet normal 0 0 -1
    outer loop
      vertex 26.6087 33.4592 3.1
      vertex 27.7 34.2702 3.1
      vertex 26.6591 33.3106 3.1
    endloop
  endfacet
  facet normal 0 0 -1
    outer loop
      vertex 26.5392 33.6 3.1
      vertex 27.7 34.2702 3.1
      vertex 26.6087 33.4592 3.1
    endloop
  endfacet
  facet normal 0 0 -1
    outer loop
      vertex 26.452 33.7305 3.1
      vertex 27.7 34.2702 3.1
      vertex 26.5392 33.6 3.1
    endloop
  endfacet
  facet normal 0 0 -1
    outer loop
      vertex 26.3485 33.8485 3.1
      vertex 27.7 34.2702 3.1
      vertex 26.452 33.7305 3.1
    endloop
  endfacet
  facet normal 0 0 -1
    outer loop
      vertex 26.2305 33.952 3.1
      vertex 27.7 34.2702 3.1
      vertex 26.3485 33.8485 3.1
    endloop
  endfacet
  facet normal 0 0 -1
    outer loop
      vertex 26.1 34.0392 3.1
      vertex 27.7 34.2702 3.1
      vertex 26.2305 33.952 3.1
    endloop
  endfacet
  facet normal 0 0 -1
    outer loop
      vertex 25.5 35.5403 3.1
      vertex 26.1 34.0392 3.1
      vertex 25.9592 34.1087 3.1
    endloop
  endfacet
  facet normal 0 0 -1
    outer loop
      vertex 25.5 35.5403 3.1
      vertex 25.9592 34.1087 3.1
      vertex 25.8106 34.1591 3.1
    endloop
  endfacet
  facet normal 0 0 -1
    outer loop
      vertex 25.5 35.5403 3.1
      vertex 25.8106 34.1591 3.1
      vertex 25.6566 34.1897 3.1
    endloop
  endfacet
  facet normal 0 0 -1
    outer loop
      vertex 25.5 35.5403 3.1
      vertex 25.6566 34.1897 3.1
      vertex 25.5 34.2 3.1
    endloop
  endfacet
  facet normal 0 0 -1
    outer loop
      vertex 26.1 34.0392 3.1
      vertex 25.5 35.5403 3.1
      vertex 27.7 34.2702 3.1
    endloop
  endfacet
  facet normal 0 0 -1
    outer loop
      vertex 25.3434 34.1897 3.1
      vertex 25.5 35.5403 3.1
      vertex 25.5 34.2 3.1
    endloop
  endfacet
  facet normal 0 0 -1
    outer loop
      vertex 25.1894 34.1591 3.1
      vertex 25.5 35.5403 3.1
      vertex 25.3434 34.1897 3.1
    endloop
  endfacet
  facet normal 0 0 -1
    outer loop
      vertex 25.0408 34.1087 3.1
      vertex 25.5 35.5403 3.1
      vertex 25.1894 34.1591 3.1
    endloop
  endfacet
  facet normal 0 0 -1
    outer loop
      vertex 24.9 34.0392 3.1
      vertex 25.5 35.5403 3.1
      vertex 25.0408 34.1087 3.1
    endloop
  endfacet
  facet normal 0 0 -1
    outer loop
      vertex 24.7695 33.952 3.1
      vertex 25.5 35.5403 3.1
      vertex 24.9 34.0392 3.1
    endloop
  endfacet
  facet normal 0 0 -1
    outer loop
      vertex 22.5 35.55 3.1
      vertex 25.5 35.5403 3.1
      vertex 24.7695 33.952 3.1
    endloop
  endfacet
  facet normal 0 0 -1
    outer loop
      vertex 22.5 35.55 3.1
      vertex 24.7695 33.952 3.1
      vertex 24.6515 33.8485 3.1
    endloop
  endfacet
  facet normal 0 0 -1
    outer loop
      vertex 22.5 35.55 3.1
      vertex 24.6515 33.8485 3.1
      vertex 24.548 33.7305 3.1
    endloop
  endfacet
  facet normal 0 0 -1
    outer loop
      vertex 22.5 35.55 3.1
      vertex 24.548 33.7305 3.1
      vertex 24.4608 33.6 3.1
    endloop
  endfacet
  facet normal 0 0 -1
    outer loop
      vertex 22.5 35.55 3.1
      vertex 24.3 33 3.1
      vertex 22.5 30.45 3.1
    endloop
  endfacet
  facet normal 0 0 -1
    outer loop
      vertex 24.3 33 3.1
      vertex 22.5 35.55 3.1
      vertex 24.3103 33.1566 3.1
    endloop
  endfacet
  facet normal 0 0 -1
    outer loop
      vertex 24.3103 33.1566 3.1
      vertex 22.5 35.55 3.1
      vertex 24.3409 33.3106 3.1
    endloop
  endfacet
  facet normal 0 0 -1
    outer loop
      vertex 24.3409 33.3106 3.1
      vertex 22.5 35.55 3.1
      vertex 24.3913 33.4592 3.1
    endloop
  endfacet
  facet normal 0 0 -1
    outer loop
      vertex 24.3913 33.4592 3.1
      vertex 22.5 35.55 3.1
      vertex 24.4608 33.6 3.1
    endloop
  endfacet
  facet normal 0 0 -1
    outer loop
      vertex 25.5 35.5403 3.1
      vertex 22.5 35.55 3.1
      vertex 25.5 35.55 3.1
    endloop
  endfacet
  facet normal -1 0 0
    outer loop
      vertex 25.5 30.45 1.3
      vertex 25.5 30.4597 3.1
      vertex 25.5 30.4597 1.3
    endloop
  endfacet
  facet normal -1 -0 0
    outer loop
      vertex 25.5 30.4597 3.1
      vertex 25.5 30.45 1.3
      vertex 25.5 30.45 3.1
    endloop
  endfacet
  facet normal -1 0 0
    outer loop
      vertex 25.5 35.5403 1.3
      vertex 25.5 35.55 3.1
      vertex 25.5 35.55 1.3
    endloop
  endfacet
  facet normal -1 -0 0
    outer loop
      vertex 25.5 35.55 3.1
      vertex 25.5 35.5403 1.3
      vertex 25.5 35.5403 3.1
    endloop
  endfacet
  facet normal 0 -1 0
    outer loop
      vertex 22.5 35.55 1.3
      vertex 25.5 35.55 3.1
      vertex 22.5 35.55 3.1
    endloop
  endfacet
  facet normal 0 -1 -0
    outer loop
      vertex 25.5 35.55 3.1
      vertex 22.5 35.55 1.3
      vertex 25.5 35.55 1.3
    endloop
  endfacet
  facet normal 0 1 -0
    outer loop
      vertex 25.5 30.45 1.3
      vertex 22.5 30.45 3.1
      vertex 25.5 30.45 3.1
    endloop
  endfacet
  facet normal 0 1 0
    outer loop
      vertex 22.5 30.45 3.1
      vertex 25.5 30.45 1.3
      vertex 22.5 30.45 1.3
    endloop
  endfacet
  facet normal -0.896708 -0.442622 0
    outer loop
      vertex 26.6087 27.4592 -7.62939e-07
      vertex 26.5392 27.6 1.3
      vertex 26.5392 27.6 -7.62939e-07
    endloop
  endfacet
  facet normal -0.896708 -0.442622 0
    outer loop
      vertex 26.5392 27.6 1.3
      vertex 26.6087 27.4592 -7.62939e-07
      vertex 26.6087 27.4592 1.3
    endloop
  endfacet
  facet normal -0.896708 -0.442622 0
    outer loop
      vertex 26.6087 27.4592 3.1
      vertex 26.5392 27.6 4.8
      vertex 26.5392 27.6 3.1
    endloop
  endfacet
  facet normal -0.896708 -0.442622 0
    outer loop
      vertex 26.5392 27.6 4.8
      vertex 26.6087 27.4592 3.1
      vertex 26.6087 27.4592 4.8
    endloop
  endfacet
  facet normal -0.831462 -0.555582 0
    outer loop
      vertex 26.5392 27.6 -7.62939e-07
      vertex 26.452 27.7305 1.3
      vertex 26.452 27.7305 -7.62939e-07
    endloop
  endfacet
  facet normal -0.831462 -0.555582 0
    outer loop
      vertex 26.452 27.7305 1.3
      vertex 26.5392 27.6 -7.62939e-07
      vertex 26.5392 27.6 1.3
    endloop
  endfacet
  facet normal -0.831462 -0.555582 0
    outer loop
      vertex 26.5392 27.6 3.1
      vertex 26.452 27.7305 4.8
      vertex 26.452 27.7305 3.1
    endloop
  endfacet
  facet normal -0.831462 -0.555582 0
    outer loop
      vertex 26.452 27.7305 4.8
      vertex 26.5392 27.6 3.1
      vertex 26.5392 27.6 4.8
    endloop
  endfacet
  facet normal -0.321194 -0.947013 0
    outer loop
      vertex 25.8106 28.1591 -7.62939e-07
      vertex 25.9592 28.1087 1.3
      vertex 25.8106 28.1591 1.3
    endloop
  endfacet
  facet normal -0.321194 -0.947013 -0
    outer loop
      vertex 25.9592 28.1087 1.3
      vertex 25.8106 28.1591 -7.62939e-07
      vertex 25.9592 28.1087 -7.62939e-07
    endloop
  endfacet
  facet normal -0.321194 -0.947013 0
    outer loop
      vertex 25.8106 28.1591 3.1
      vertex 25.9592 28.1087 4.8
      vertex 25.8106 28.1591 4.8
    endloop
  endfacet
  facet normal -0.321194 -0.947013 -0
    outer loop
      vertex 25.9592 28.1087 4.8
      vertex 25.8106 28.1591 3.1
      vertex 25.9592 28.1087 3.1
    endloop
  endfacet
  facet normal 0.442622 -0.896708 0
    outer loop
      vertex 24.9 28.0392 -7.62939e-07
      vertex 25.0408 28.1087 1.3
      vertex 24.9 28.0392 1.3
    endloop
  endfacet
  facet normal 0.442622 -0.896708 0
    outer loop
      vertex 25.0408 28.1087 1.3
      vertex 24.9 28.0392 -7.62939e-07
      vertex 25.0408 28.1087 -7.62939e-07
    endloop
  endfacet
  facet normal 0.442622 -0.896708 0
    outer loop
      vertex 24.9 28.0392 3.1
      vertex 25.0408 28.1087 4.8
      vertex 24.9 28.0392 4.8
    endloop
  endfacet
  facet normal 0.442622 -0.896708 0
    outer loop
      vertex 25.0408 28.1087 4.8
      vertex 24.9 28.0392 3.1
      vertex 25.0408 28.1087 3.1
    endloop
  endfacet
  facet normal 0.947013 -0.321194 0
    outer loop
      vertex 24.3409 27.3106 1.3
      vertex 24.3913 27.4592 -7.62939e-07
      vertex 24.3913 27.4592 1.3
    endloop
  endfacet
  facet normal 0.947013 -0.321194 0
    outer loop
      vertex 24.3913 27.4592 -7.62939e-07
      vertex 24.3409 27.3106 1.3
      vertex 24.3409 27.3106 -7.62939e-07
    endloop
  endfacet
  facet normal 0.947013 -0.321194 0
    outer loop
      vertex 24.3409 27.3106 4.8
      vertex 24.3913 27.4592 3.1
      vertex 24.3913 27.4592 4.8
    endloop
  endfacet
  facet normal 0.947013 -0.321194 0
    outer loop
      vertex 24.3913 27.4592 3.1
      vertex 24.3409 27.3106 4.8
      vertex 24.3409 27.3106 3.1
    endloop
  endfacet
  facet normal -0.980825 0.194891 0
    outer loop
      vertex 26.6591 26.6894 -7.62939e-07
      vertex 26.6897 26.8434 1.3
      vertex 26.6897 26.8434 -7.62939e-07
    endloop
  endfacet
  facet normal -0.980825 0.194891 0
    outer loop
      vertex 26.6897 26.8434 1.3
      vertex 26.6591 26.6894 -7.62939e-07
      vertex 26.6591 26.6894 1.3
    endloop
  endfacet
  facet normal -0.980825 0.194891 0
    outer loop
      vertex 26.6591 26.6894 3.1
      vertex 26.6897 26.8434 4.8
      vertex 26.6897 26.8434 3.1
    endloop
  endfacet
  facet normal -0.980825 0.194891 0
    outer loop
      vertex 26.6897 26.8434 4.8
      vertex 26.6591 26.6894 3.1
      vertex 26.6591 26.6894 4.8
    endloop
  endfacet
  facet normal -0.659406 -0.751787 0
    outer loop
      vertex 26.2305 27.952 -7.62939e-07
      vertex 26.3485 27.8485 1.3
      vertex 26.2305 27.952 1.3
    endloop
  endfacet
  facet normal -0.659406 -0.751787 -0
    outer loop
      vertex 26.3485 27.8485 1.3
      vertex 26.2305 27.952 -7.62939e-07
      vertex 26.3485 27.8485 -7.62939e-07
    endloop
  endfacet
  facet normal -0.659406 -0.751787 0
    outer loop
      vertex 26.2305 27.952 3.1
      vertex 26.3485 27.8485 4.8
      vertex 26.2305 27.952 4.8
    endloop
  endfacet
  facet normal -0.659406 -0.751787 -0
    outer loop
      vertex 26.3485 27.8485 4.8
      vertex 26.2305 27.952 3.1
      vertex 26.3485 27.8485 3.1
    endloop
  endfacet
  facet normal -0.0656309 -0.997844 0
    outer loop
      vertex 25.5 28.2 -7.62939e-07
      vertex 25.6566 28.1897 1.3
      vertex 25.5 28.2 1.3
    endloop
  endfacet
  facet normal -0.0656309 -0.997844 -0
    outer loop
      vertex 25.6566 28.1897 1.3
      vertex 25.5 28.2 -7.62939e-07
      vertex 25.6566 28.1897 -7.62939e-07
    endloop
  endfacet
  facet normal -0.0656309 -0.997844 0
    outer loop
      vertex 25.5 28.2 3.1
      vertex 25.6566 28.1897 4.8
      vertex 25.5 28.2 4.8
    endloop
  endfacet
  facet normal -0.0656309 -0.997844 -0
    outer loop
      vertex 25.6566 28.1897 4.8
      vertex 25.5 28.2 3.1
      vertex 25.6566 28.1897 3.1
    endloop
  endfacet
  facet normal -0.442622 -0.896708 0
    outer loop
      vertex 25.9592 28.1087 -7.62939e-07
      vertex 26.1 28.0392 1.3
      vertex 25.9592 28.1087 1.3
    endloop
  endfacet
  facet normal -0.442622 -0.896708 -0
    outer loop
      vertex 26.1 28.0392 1.3
      vertex 25.9592 28.1087 -7.62939e-07
      vertex 26.1 28.0392 -7.62939e-07
    endloop
  endfacet
  facet normal -0.442622 -0.896708 0
    outer loop
      vertex 25.9592 28.1087 3.1
      vertex 26.1 28.0392 4.8
      vertex 25.9592 28.1087 4.8
    endloop
  endfacet
  facet normal -0.442622 -0.896708 -0
    outer loop
      vertex 26.1 28.0392 4.8
      vertex 25.9592 28.1087 3.1
      vertex 26.1 28.0392 3.1
    endloop
  endfacet
  facet normal 0.997844 -0.0656309 0
    outer loop
      vertex 24.3 27 1.3
      vertex 24.3103 27.1566 -7.62939e-07
      vertex 24.3103 27.1566 1.3
    endloop
  endfacet
  facet normal 0.997844 -0.0656309 0
    outer loop
      vertex 24.3103 27.1566 -7.62939e-07
      vertex 24.3 27 1.3
      vertex 24.3 27 -7.62939e-07
    endloop
  endfacet
  facet normal 0.997844 -0.0656309 0
    outer loop
      vertex 24.3 27 4.8
      vertex 24.3103 27.1566 3.1
      vertex 24.3103 27.1566 4.8
    endloop
  endfacet
  facet normal 0.997844 -0.0656309 0
    outer loop
      vertex 24.3103 27.1566 3.1
      vertex 24.3 27 4.8
      vertex 24.3 27 3.1
    endloop
  endfacet
  facet normal 0.831462 -0.555582 0
    outer loop
      vertex 24.4608 27.6 1.3
      vertex 24.548 27.7305 -7.62939e-07
      vertex 24.548 27.7305 1.3
    endloop
  endfacet
  facet normal 0.831462 -0.555582 0
    outer loop
      vertex 24.548 27.7305 -7.62939e-07
      vertex 24.4608 27.6 1.3
      vertex 24.4608 27.6 -7.62939e-07
    endloop
  endfacet
  facet normal 0.831462 -0.555582 0
    outer loop
      vertex 24.4608 27.6 4.8
      vertex 24.548 27.7305 3.1
      vertex 24.548 27.7305 4.8
    endloop
  endfacet
  facet normal 0.831462 -0.555582 0
    outer loop
      vertex 24.548 27.7305 3.1
      vertex 24.4608 27.6 4.8
      vertex 24.4608 27.6 3.1
    endloop
  endfacet
  facet normal 0.321194 -0.947013 0
    outer loop
      vertex 25.0408 28.1087 -7.62939e-07
      vertex 25.1894 28.1591 1.3
      vertex 25.0408 28.1087 1.3
    endloop
  endfacet
  facet normal 0.321194 -0.947013 0
    outer loop
      vertex 25.1894 28.1591 1.3
      vertex 25.0408 28.1087 -7.62939e-07
      vertex 25.1894 28.1591 -7.62939e-07
    endloop
  endfacet
  facet normal 0.321194 -0.947013 0
    outer loop
      vertex 25.0408 28.1087 3.1
      vertex 25.1894 28.1591 4.8
      vertex 25.0408 28.1087 4.8
    endloop
  endfacet
  facet normal 0.321194 -0.947013 0
    outer loop
      vertex 25.1894 28.1591 4.8
      vertex 25.0408 28.1087 3.1
      vertex 25.1894 28.1591 3.1
    endloop
  endfacet
  facet normal 0.751787 -0.659406 0
    outer loop
      vertex 24.548 27.7305 1.3
      vertex 24.6515 27.8485 -7.62939e-07
      vertex 24.6515 27.8485 1.3
    endloop
  endfacet
  facet normal 0.751787 -0.659406 0
    outer loop
      vertex 24.6515 27.8485 -7.62939e-07
      vertex 24.548 27.7305 1.3
      vertex 24.548 27.7305 -7.62939e-07
    endloop
  endfacet
  facet normal 0.751787 -0.659406 0
    outer loop
      vertex 24.548 27.7305 4.8
      vertex 24.6515 27.8485 3.1
      vertex 24.6515 27.8485 4.8
    endloop
  endfacet
  facet normal 0.751787 -0.659406 0
    outer loop
      vertex 24.6515 27.8485 3.1
      vertex 24.548 27.7305 4.8
      vertex 24.548 27.7305 3.1
    endloop
  endfacet
  facet normal -0.997844 0.0656309 0
    outer loop
      vertex 26.6897 26.8434 -7.62939e-07
      vertex 26.7 27 1.3
      vertex 26.7 27 -7.62939e-07
    endloop
  endfacet
  facet normal -0.997844 0.0656309 0
    outer loop
      vertex 26.7 27 1.3
      vertex 26.6897 26.8434 -7.62939e-07
      vertex 26.6897 26.8434 1.3
    endloop
  endfacet
  facet normal -0.997844 0.0656309 0
    outer loop
      vertex 26.6897 26.8434 3.1
      vertex 26.7 27 4.8
      vertex 26.7 27 3.1
    endloop
  endfacet
  facet normal -0.997844 0.0656309 0
    outer loop
      vertex 26.7 27 4.8
      vertex 26.6897 26.8434 3.1
      vertex 26.6897 26.8434 4.8
    endloop
  endfacet
  facet normal -0.555582 0.831462 0
    outer loop
      vertex 26.2305 26.048 -7.62939e-07
      vertex 26.1 25.9608 1.3
      vertex 26.2305 26.048 1.3
    endloop
  endfacet
  facet normal -0.555582 0.831462 0
    outer loop
      vertex 26.1 25.9608 1.3
      vertex 26.2305 26.048 -7.62939e-07
      vertex 26.1 25.9608 -7.62939e-07
    endloop
  endfacet
  facet normal -0.555582 0.831462 0
    outer loop
      vertex 26.2305 26.048 3.1
      vertex 26.1 25.9608 4.8
      vertex 26.2305 26.048 4.8
    endloop
  endfacet
  facet normal -0.555582 0.831462 0
    outer loop
      vertex 26.1 25.9608 4.8
      vertex 26.2305 26.048 3.1
      vertex 26.1 25.9608 3.1
    endloop
  endfacet
  facet normal -0.947013 0.321194 0
    outer loop
      vertex 26.6087 26.5408 -7.62939e-07
      vertex 26.6591 26.6894 1.3
      vertex 26.6591 26.6894 -7.62939e-07
    endloop
  endfacet
  facet normal -0.947013 0.321194 0
    outer loop
      vertex 26.6591 26.6894 1.3
      vertex 26.6087 26.5408 -7.62939e-07
      vertex 26.6087 26.5408 1.3
    endloop
  endfacet
  facet normal -0.947013 0.321194 0
    outer loop
      vertex 26.6087 26.5408 3.1
      vertex 26.6591 26.6894 4.8
      vertex 26.6591 26.6894 3.1
    endloop
  endfacet
  facet normal -0.947013 0.321194 0
    outer loop
      vertex 26.6591 26.6894 4.8
      vertex 26.6087 26.5408 3.1
      vertex 26.6087 26.5408 4.8
    endloop
  endfacet
  facet normal -0.980825 -0.194891 0
    outer loop
      vertex 26.6897 27.1566 -7.62939e-07
      vertex 26.6591 27.3106 1.3
      vertex 26.6591 27.3106 -7.62939e-07
    endloop
  endfacet
  facet normal -0.980825 -0.194891 0
    outer loop
      vertex 26.6591 27.3106 1.3
      vertex 26.6897 27.1566 -7.62939e-07
      vertex 26.6897 27.1566 1.3
    endloop
  endfacet
  facet normal -0.980825 -0.194891 0
    outer loop
      vertex 26.6897 27.1566 3.1
      vertex 26.6591 27.3106 4.8
      vertex 26.6591 27.3106 3.1
    endloop
  endfacet
  facet normal -0.980825 -0.194891 0
    outer loop
      vertex 26.6591 27.3106 4.8
      vertex 26.6897 27.1566 3.1
      vertex 26.6897 27.1566 4.8
    endloop
  endfacet
  facet normal -0.947013 -0.321194 0
    outer loop
      vertex 26.6591 27.3106 -7.62939e-07
      vertex 26.6087 27.4592 1.3
      vertex 26.6087 27.4592 -7.62939e-07
    endloop
  endfacet
  facet normal -0.947013 -0.321194 0
    outer loop
      vertex 26.6087 27.4592 1.3
      vertex 26.6591 27.3106 -7.62939e-07
      vertex 26.6591 27.3106 1.3
    endloop
  endfacet
  facet normal -0.947013 -0.321194 0
    outer loop
      vertex 26.6591 27.3106 3.1
      vertex 26.6087 27.4592 4.8
      vertex 26.6087 27.4592 3.1
    endloop
  endfacet
  facet normal -0.947013 -0.321194 0
    outer loop
      vertex 26.6087 27.4592 4.8
      vertex 26.6591 27.3106 3.1
      vertex 26.6591 27.3106 4.8
    endloop
  endfacet
  facet normal -0.751787 -0.659406 0
    outer loop
      vertex 26.452 27.7305 -7.62939e-07
      vertex 26.3485 27.8485 1.3
      vertex 26.3485 27.8485 -7.62939e-07
    endloop
  endfacet
  facet normal -0.751787 -0.659406 0
    outer loop
      vertex 26.3485 27.8485 1.3
      vertex 26.452 27.7305 -7.62939e-07
      vertex 26.452 27.7305 1.3
    endloop
  endfacet
  facet normal -0.751787 -0.659406 0
    outer loop
      vertex 26.452 27.7305 3.1
      vertex 26.3485 27.8485 4.8
      vertex 26.3485 27.8485 3.1
    endloop
  endfacet
  facet normal -0.751787 -0.659406 0
    outer loop
      vertex 26.3485 27.8485 4.8
      vertex 26.452 27.7305 3.1
      vertex 26.452 27.7305 4.8
    endloop
  endfacet
  facet normal 0.0656309 -0.997844 0
    outer loop
      vertex 25.3434 28.1897 -7.62939e-07
      vertex 25.5 28.2 1.3
      vertex 25.3434 28.1897 1.3
    endloop
  endfacet
  facet normal 0.0656309 -0.997844 0
    outer loop
      vertex 25.5 28.2 1.3
      vertex 25.3434 28.1897 -7.62939e-07
      vertex 25.5 28.2 -7.62939e-07
    endloop
  endfacet
  facet normal 0.0656309 -0.997844 0
    outer loop
      vertex 25.3434 28.1897 3.1
      vertex 25.5 28.2 4.8
      vertex 25.3434 28.1897 4.8
    endloop
  endfacet
  facet normal 0.0656309 -0.997844 0
    outer loop
      vertex 25.5 28.2 4.8
      vertex 25.3434 28.1897 3.1
      vertex 25.5 28.2 3.1
    endloop
  endfacet
  facet normal -0.194891 -0.980825 0
    outer loop
      vertex 25.6566 28.1897 -7.62939e-07
      vertex 25.8106 28.1591 1.3
      vertex 25.6566 28.1897 1.3
    endloop
  endfacet
  facet normal -0.194891 -0.980825 -0
    outer loop
      vertex 25.8106 28.1591 1.3
      vertex 25.6566 28.1897 -7.62939e-07
      vertex 25.8106 28.1591 -7.62939e-07
    endloop
  endfacet
  facet normal -0.194891 -0.980825 0
    outer loop
      vertex 25.6566 28.1897 3.1
      vertex 25.8106 28.1591 4.8
      vertex 25.6566 28.1897 4.8
    endloop
  endfacet
  facet normal -0.194891 -0.980825 -0
    outer loop
      vertex 25.8106 28.1591 4.8
      vertex 25.6566 28.1897 3.1
      vertex 25.8106 28.1591 3.1
    endloop
  endfacet
  facet normal -0.555582 -0.831462 0
    outer loop
      vertex 26.1 28.0392 -7.62939e-07
      vertex 26.2305 27.952 1.3
      vertex 26.1 28.0392 1.3
    endloop
  endfacet
  facet normal -0.555582 -0.831462 -0
    outer loop
      vertex 26.2305 27.952 1.3
      vertex 26.1 28.0392 -7.62939e-07
      vertex 26.2305 27.952 -7.62939e-07
    endloop
  endfacet
  facet normal -0.555582 -0.831462 0
    outer loop
      vertex 26.1 28.0392 3.1
      vertex 26.2305 27.952 4.8
      vertex 26.1 28.0392 4.8
    endloop
  endfacet
  facet normal -0.555582 -0.831462 -0
    outer loop
      vertex 26.2305 27.952 4.8
      vertex 26.1 28.0392 3.1
      vertex 26.2305 27.952 3.1
    endloop
  endfacet
  facet normal 0.997844 0.0656309 0
    outer loop
      vertex 24.3103 26.8434 1.3
      vertex 24.3 27 -7.62939e-07
      vertex 24.3 27 1.3
    endloop
  endfacet
  facet normal 0.997844 0.0656309 0
    outer loop
      vertex 24.3 27 -7.62939e-07
      vertex 24.3103 26.8434 1.3
      vertex 24.3103 26.8434 -7.62939e-07
    endloop
  endfacet
  facet normal 0.997844 0.0656309 0
    outer loop
      vertex 24.3103 26.8434 4.8
      vertex 24.3 27 3.1
      vertex 24.3 27 4.8
    endloop
  endfacet
  facet normal 0.997844 0.0656309 0
    outer loop
      vertex 24.3 27 3.1
      vertex 24.3103 26.8434 4.8
      vertex 24.3103 26.8434 3.1
    endloop
  endfacet
  facet normal 0.980825 -0.194891 0
    outer loop
      vertex 24.3103 27.1566 1.3
      vertex 24.3409 27.3106 -7.62939e-07
      vertex 24.3409 27.3106 1.3
    endloop
  endfacet
  facet normal 0.980825 -0.194891 0
    outer loop
      vertex 24.3409 27.3106 -7.62939e-07
      vertex 24.3103 27.1566 1.3
      vertex 24.3103 27.1566 -7.62939e-07
    endloop
  endfacet
  facet normal 0.980825 -0.194891 0
    outer loop
      vertex 24.3103 27.1566 4.8
      vertex 24.3409 27.3106 3.1
      vertex 24.3409 27.3106 4.8
    endloop
  endfacet
  facet normal 0.980825 -0.194891 0
    outer loop
      vertex 24.3409 27.3106 3.1
      vertex 24.3103 27.1566 4.8
      vertex 24.3103 27.1566 3.1
    endloop
  endfacet
  facet normal 0.896708 -0.442622 0
    outer loop
      vertex 24.3913 27.4592 1.3
      vertex 24.4608 27.6 -7.62939e-07
      vertex 24.4608 27.6 1.3
    endloop
  endfacet
  facet normal 0.896708 -0.442622 0
    outer loop
      vertex 24.4608 27.6 -7.62939e-07
      vertex 24.3913 27.4592 1.3
      vertex 24.3913 27.4592 -7.62939e-07
    endloop
  endfacet
  facet normal 0.896708 -0.442622 0
    outer loop
      vertex 24.3913 27.4592 4.8
      vertex 24.4608 27.6 3.1
      vertex 24.4608 27.6 4.8
    endloop
  endfacet
  facet normal 0.896708 -0.442622 0
    outer loop
      vertex 24.4608 27.6 3.1
      vertex 24.3913 27.4592 4.8
      vertex 24.3913 27.4592 3.1
    endloop
  endfacet
  facet normal 0.194891 -0.980825 0
    outer loop
      vertex 25.1894 28.1591 -7.62939e-07
      vertex 25.3434 28.1897 1.3
      vertex 25.1894 28.1591 1.3
    endloop
  endfacet
  facet normal 0.194891 -0.980825 0
    outer loop
      vertex 25.3434 28.1897 1.3
      vertex 25.1894 28.1591 -7.62939e-07
      vertex 25.3434 28.1897 -7.62939e-07
    endloop
  endfacet
  facet normal 0.194891 -0.980825 0
    outer loop
      vertex 25.1894 28.1591 3.1
      vertex 25.3434 28.1897 4.8
      vertex 25.1894 28.1591 4.8
    endloop
  endfacet
  facet normal 0.194891 -0.980825 0
    outer loop
      vertex 25.3434 28.1897 4.8
      vertex 25.1894 28.1591 3.1
      vertex 25.3434 28.1897 3.1
    endloop
  endfacet
  facet normal 0.659406 -0.751787 0
    outer loop
      vertex 24.6515 27.8485 -7.62939e-07
      vertex 24.7695 27.952 1.3
      vertex 24.6515 27.8485 1.3
    endloop
  endfacet
  facet normal 0.659406 -0.751787 0
    outer loop
      vertex 24.7695 27.952 1.3
      vertex 24.6515 27.8485 -7.62939e-07
      vertex 24.7695 27.952 -7.62939e-07
    endloop
  endfacet
  facet normal 0.659406 -0.751787 0
    outer loop
      vertex 24.6515 27.8485 3.1
      vertex 24.7695 27.952 4.8
      vertex 24.6515 27.8485 4.8
    endloop
  endfacet
  facet normal 0.659406 -0.751787 0
    outer loop
      vertex 24.7695 27.952 4.8
      vertex 24.6515 27.8485 3.1
      vertex 24.7695 27.952 3.1
    endloop
  endfacet
  facet normal 0.555582 -0.831462 0
    outer loop
      vertex 24.7695 27.952 -7.62939e-07
      vertex 24.9 28.0392 1.3
      vertex 24.7695 27.952 1.3
    endloop
  endfacet
  facet normal 0.555582 -0.831462 0
    outer loop
      vertex 24.9 28.0392 1.3
      vertex 24.7695 27.952 -7.62939e-07
      vertex 24.9 28.0392 -7.62939e-07
    endloop
  endfacet
  facet normal 0.555582 -0.831462 0
    outer loop
      vertex 24.7695 27.952 3.1
      vertex 24.9 28.0392 4.8
      vertex 24.7695 27.952 4.8
    endloop
  endfacet
  facet normal 0.555582 -0.831462 0
    outer loop
      vertex 24.9 28.0392 4.8
      vertex 24.7695 27.952 3.1
      vertex 24.9 28.0392 3.1
    endloop
  endfacet
  facet normal -0.997844 -0.0656309 0
    outer loop
      vertex 26.7 27 -7.62939e-07
      vertex 26.6897 27.1566 1.3
      vertex 26.6897 27.1566 -7.62939e-07
    endloop
  endfacet
  facet normal -0.997844 -0.0656309 0
    outer loop
      vertex 26.6897 27.1566 1.3
      vertex 26.7 27 -7.62939e-07
      vertex 26.7 27 1.3
    endloop
  endfacet
  facet normal -0.997844 -0.0656309 0
    outer loop
      vertex 26.7 27 3.1
      vertex 26.6897 27.1566 4.8
      vertex 26.6897 27.1566 3.1
    endloop
  endfacet
  facet normal -0.997844 -0.0656309 0
    outer loop
      vertex 26.6897 27.1566 4.8
      vertex 26.7 27 3.1
      vertex 26.7 27 4.8
    endloop
  endfacet
  facet normal 0.831462 0.555582 0
    outer loop
      vertex 24.548 26.2695 1.3
      vertex 24.4608 26.4 -7.62939e-07
      vertex 24.4608 26.4 1.3
    endloop
  endfacet
  facet normal 0.831462 0.555582 0
    outer loop
      vertex 24.4608 26.4 -7.62939e-07
      vertex 24.548 26.2695 1.3
      vertex 24.548 26.2695 -7.62939e-07
    endloop
  endfacet
  facet normal 0.831462 0.555582 0
    outer loop
      vertex 24.548 26.2695 4.8
      vertex 24.4608 26.4 3.1
      vertex 24.4608 26.4 4.8
    endloop
  endfacet
  facet normal 0.831462 0.555582 0
    outer loop
      vertex 24.4608 26.4 3.1
      vertex 24.548 26.2695 4.8
      vertex 24.548 26.2695 3.1
    endloop
  endfacet
  facet normal -0.194891 0.980825 0
    outer loop
      vertex 25.8106 25.8409 -7.62939e-07
      vertex 25.6566 25.8103 1.3
      vertex 25.8106 25.8409 1.3
    endloop
  endfacet
  facet normal -0.194891 0.980825 0
    outer loop
      vertex 25.6566 25.8103 1.3
      vertex 25.8106 25.8409 -7.62939e-07
      vertex 25.6566 25.8103 -7.62939e-07
    endloop
  endfacet
  facet normal -0.194891 0.980825 0
    outer loop
      vertex 25.8106 25.8409 3.1
      vertex 25.6566 25.8103 4.8
      vertex 25.8106 25.8409 4.8
    endloop
  endfacet
  facet normal -0.194891 0.980825 0
    outer loop
      vertex 25.6566 25.8103 4.8
      vertex 25.8106 25.8409 3.1
      vertex 25.6566 25.8103 3.1
    endloop
  endfacet
  facet normal -0.442622 0.896708 0
    outer loop
      vertex 26.1 25.9608 -7.62939e-07
      vertex 25.9592 25.8913 1.3
      vertex 26.1 25.9608 1.3
    endloop
  endfacet
  facet normal -0.442622 0.896708 0
    outer loop
      vertex 25.9592 25.8913 1.3
      vertex 26.1 25.9608 -7.62939e-07
      vertex 25.9592 25.8913 -7.62939e-07
    endloop
  endfacet
  facet normal -0.442622 0.896708 0
    outer loop
      vertex 26.1 25.9608 3.1
      vertex 25.9592 25.8913 4.8
      vertex 26.1 25.9608 4.8
    endloop
  endfacet
  facet normal -0.442622 0.896708 0
    outer loop
      vertex 25.9592 25.8913 4.8
      vertex 26.1 25.9608 3.1
      vertex 25.9592 25.8913 3.1
    endloop
  endfacet
  facet normal -0.751787 0.659406 0
    outer loop
      vertex 26.3485 26.1515 -7.62939e-07
      vertex 26.452 26.2695 1.3
      vertex 26.452 26.2695 -7.62939e-07
    endloop
  endfacet
  facet normal -0.751787 0.659406 0
    outer loop
      vertex 26.452 26.2695 1.3
      vertex 26.3485 26.1515 -7.62939e-07
      vertex 26.3485 26.1515 1.3
    endloop
  endfacet
  facet normal -0.751787 0.659406 0
    outer loop
      vertex 26.3485 26.1515 3.1
      vertex 26.452 26.2695 4.8
      vertex 26.452 26.2695 3.1
    endloop
  endfacet
  facet normal -0.751787 0.659406 0
    outer loop
      vertex 26.452 26.2695 4.8
      vertex 26.3485 26.1515 3.1
      vertex 26.3485 26.1515 4.8
    endloop
  endfacet
  facet normal -0.896708 0.442622 0
    outer loop
      vertex 26.5392 26.4 -7.62939e-07
      vertex 26.6087 26.5408 1.3
      vertex 26.6087 26.5408 -7.62939e-07
    endloop
  endfacet
  facet normal -0.896708 0.442622 0
    outer loop
      vertex 26.6087 26.5408 1.3
      vertex 26.5392 26.4 -7.62939e-07
      vertex 26.5392 26.4 1.3
    endloop
  endfacet
  facet normal -0.896708 0.442622 0
    outer loop
      vertex 26.5392 26.4 3.1
      vertex 26.6087 26.5408 4.8
      vertex 26.6087 26.5408 3.1
    endloop
  endfacet
  facet normal -0.896708 0.442622 0
    outer loop
      vertex 26.6087 26.5408 4.8
      vertex 26.5392 26.4 3.1
      vertex 26.5392 26.4 4.8
    endloop
  endfacet
  facet normal 0.0656309 0.997844 -0
    outer loop
      vertex 25.5 25.8 -7.62939e-07
      vertex 25.3434 25.8103 1.3
      vertex 25.5 25.8 1.3
    endloop
  endfacet
  facet normal 0.0656309 0.997844 0
    outer loop
      vertex 25.3434 25.8103 1.3
      vertex 25.5 25.8 -7.62939e-07
      vertex 25.3434 25.8103 -7.62939e-07
    endloop
  endfacet
  facet normal 0.0656309 0.997844 -0
    outer loop
      vertex 25.5 25.8 3.1
      vertex 25.3434 25.8103 4.8
      vertex 25.5 25.8 4.8
    endloop
  endfacet
  facet normal 0.0656309 0.997844 0
    outer loop
      vertex 25.3434 25.8103 4.8
      vertex 25.5 25.8 3.1
      vertex 25.3434 25.8103 3.1
    endloop
  endfacet
  facet normal 0.980825 0.194891 0
    outer loop
      vertex 24.3409 26.6894 1.3
      vertex 24.3103 26.8434 -7.62939e-07
      vertex 24.3103 26.8434 1.3
    endloop
  endfacet
  facet normal 0.980825 0.194891 0
    outer loop
      vertex 24.3103 26.8434 -7.62939e-07
      vertex 24.3409 26.6894 1.3
      vertex 24.3409 26.6894 -7.62939e-07
    endloop
  endfacet
  facet normal 0.980825 0.194891 0
    outer loop
      vertex 24.3409 26.6894 4.8
      vertex 24.3103 26.8434 3.1
      vertex 24.3103 26.8434 4.8
    endloop
  endfacet
  facet normal 0.980825 0.194891 0
    outer loop
      vertex 24.3103 26.8434 3.1
      vertex 24.3409 26.6894 4.8
      vertex 24.3409 26.6894 3.1
    endloop
  endfacet
  facet normal 0.896708 0.442622 0
    outer loop
      vertex 24.4608 26.4 1.3
      vertex 24.3913 26.5408 -7.62939e-07
      vertex 24.3913 26.5408 1.3
    endloop
  endfacet
  facet normal 0.896708 0.442622 0
    outer loop
      vertex 24.3913 26.5408 -7.62939e-07
      vertex 24.4608 26.4 1.3
      vertex 24.4608 26.4 -7.62939e-07
    endloop
  endfacet
  facet normal 0.896708 0.442622 0
    outer loop
      vertex 24.4608 26.4 4.8
      vertex 24.3913 26.5408 3.1
      vertex 24.3913 26.5408 4.8
    endloop
  endfacet
  facet normal 0.896708 0.442622 0
    outer loop
      vertex 24.3913 26.5408 3.1
      vertex 24.4608 26.4 4.8
      vertex 24.4608 26.4 3.1
    endloop
  endfacet
  facet normal -0.321194 0.947013 0
    outer loop
      vertex 25.9592 25.8913 -7.62939e-07
      vertex 25.8106 25.8409 1.3
      vertex 25.9592 25.8913 1.3
    endloop
  endfacet
  facet normal -0.321194 0.947013 0
    outer loop
      vertex 25.8106 25.8409 1.3
      vertex 25.9592 25.8913 -7.62939e-07
      vertex 25.8106 25.8409 -7.62939e-07
    endloop
  endfacet
  facet normal -0.321194 0.947013 0
    outer loop
      vertex 25.9592 25.8913 3.1
      vertex 25.8106 25.8409 4.8
      vertex 25.9592 25.8913 4.8
    endloop
  endfacet
  facet normal -0.321194 0.947013 0
    outer loop
      vertex 25.8106 25.8409 4.8
      vertex 25.9592 25.8913 3.1
      vertex 25.8106 25.8409 3.1
    endloop
  endfacet
  facet normal -0.659406 0.751787 0
    outer loop
      vertex 26.3485 26.1515 -7.62939e-07
      vertex 26.2305 26.048 1.3
      vertex 26.3485 26.1515 1.3
    endloop
  endfacet
  facet normal -0.659406 0.751787 0
    outer loop
      vertex 26.2305 26.048 1.3
      vertex 26.3485 26.1515 -7.62939e-07
      vertex 26.2305 26.048 -7.62939e-07
    endloop
  endfacet
  facet normal -0.659406 0.751787 0
    outer loop
      vertex 26.3485 26.1515 3.1
      vertex 26.2305 26.048 4.8
      vertex 26.3485 26.1515 4.8
    endloop
  endfacet
  facet normal -0.659406 0.751787 0
    outer loop
      vertex 26.2305 26.048 4.8
      vertex 26.3485 26.1515 3.1
      vertex 26.2305 26.048 3.1
    endloop
  endfacet
  facet normal -0.831462 0.555582 0
    outer loop
      vertex 26.452 26.2695 -7.62939e-07
      vertex 26.5392 26.4 1.3
      vertex 26.5392 26.4 -7.62939e-07
    endloop
  endfacet
  facet normal -0.831462 0.555582 0
    outer loop
      vertex 26.5392 26.4 1.3
      vertex 26.452 26.2695 -7.62939e-07
      vertex 26.452 26.2695 1.3
    endloop
  endfacet
  facet normal -0.831462 0.555582 0
    outer loop
      vertex 26.452 26.2695 3.1
      vertex 26.5392 26.4 4.8
      vertex 26.5392 26.4 3.1
    endloop
  endfacet
  facet normal -0.831462 0.555582 0
    outer loop
      vertex 26.5392 26.4 4.8
      vertex 26.452 26.2695 3.1
      vertex 26.452 26.2695 4.8
    endloop
  endfacet
  facet normal 0.321194 0.947013 -0
    outer loop
      vertex 25.1894 25.8409 -7.62939e-07
      vertex 25.0408 25.8913 1.3
      vertex 25.1894 25.8409 1.3
    endloop
  endfacet
  facet normal 0.321194 0.947013 0
    outer loop
      vertex 25.0408 25.8913 1.3
      vertex 25.1894 25.8409 -7.62939e-07
      vertex 25.0408 25.8913 -7.62939e-07
    endloop
  endfacet
  facet normal 0.321194 0.947013 -0
    outer loop
      vertex 25.1894 25.8409 3.1
      vertex 25.0408 25.8913 4.8
      vertex 25.1894 25.8409 4.8
    endloop
  endfacet
  facet normal 0.321194 0.947013 0
    outer loop
      vertex 25.0408 25.8913 4.8
      vertex 25.1894 25.8409 3.1
      vertex 25.0408 25.8913 3.1
    endloop
  endfacet
  facet normal -0.0656309 0.997844 0
    outer loop
      vertex 25.6566 25.8103 -7.62939e-07
      vertex 25.5 25.8 1.3
      vertex 25.6566 25.8103 1.3
    endloop
  endfacet
  facet normal -0.0656309 0.997844 0
    outer loop
      vertex 25.5 25.8 1.3
      vertex 25.6566 25.8103 -7.62939e-07
      vertex 25.5 25.8 -7.62939e-07
    endloop
  endfacet
  facet normal -0.0656309 0.997844 0
    outer loop
      vertex 25.6566 25.8103 3.1
      vertex 25.5 25.8 4.8
      vertex 25.6566 25.8103 4.8
    endloop
  endfacet
  facet normal -0.0656309 0.997844 0
    outer loop
      vertex 25.5 25.8 4.8
      vertex 25.6566 25.8103 3.1
      vertex 25.5 25.8 3.1
    endloop
  endfacet
  facet normal 0.194891 0.980825 -0
    outer loop
      vertex 25.3434 25.8103 -7.62939e-07
      vertex 25.1894 25.8409 1.3
      vertex 25.3434 25.8103 1.3
    endloop
  endfacet
  facet normal 0.194891 0.980825 0
    outer loop
      vertex 25.1894 25.8409 1.3
      vertex 25.3434 25.8103 -7.62939e-07
      vertex 25.1894 25.8409 -7.62939e-07
    endloop
  endfacet
  facet normal 0.194891 0.980825 -0
    outer loop
      vertex 25.3434 25.8103 3.1
      vertex 25.1894 25.8409 4.8
      vertex 25.3434 25.8103 4.8
    endloop
  endfacet
  facet normal 0.194891 0.980825 0
    outer loop
      vertex 25.1894 25.8409 4.8
      vertex 25.3434 25.8103 3.1
      vertex 25.1894 25.8409 3.1
    endloop
  endfacet
  facet normal 0.751787 0.659406 0
    outer loop
      vertex 24.6515 26.1515 1.3
      vertex 24.548 26.2695 -7.62939e-07
      vertex 24.548 26.2695 1.3
    endloop
  endfacet
  facet normal 0.751787 0.659406 0
    outer loop
      vertex 24.548 26.2695 -7.62939e-07
      vertex 24.6515 26.1515 1.3
      vertex 24.6515 26.1515 -7.62939e-07
    endloop
  endfacet
  facet normal 0.751787 0.659406 0
    outer loop
      vertex 24.6515 26.1515 4.8
      vertex 24.548 26.2695 3.1
      vertex 24.548 26.2695 4.8
    endloop
  endfacet
  facet normal 0.751787 0.659406 0
    outer loop
      vertex 24.548 26.2695 3.1
      vertex 24.6515 26.1515 4.8
      vertex 24.6515 26.1515 3.1
    endloop
  endfacet
  facet normal 0.659406 0.751787 -0
    outer loop
      vertex 24.7695 26.048 -7.62939e-07
      vertex 24.6515 26.1515 1.3
      vertex 24.7695 26.048 1.3
    endloop
  endfacet
  facet normal 0.659406 0.751787 0
    outer loop
      vertex 24.6515 26.1515 1.3
      vertex 24.7695 26.048 -7.62939e-07
      vertex 24.6515 26.1515 -7.62939e-07
    endloop
  endfacet
  facet normal 0.659406 0.751787 -0
    outer loop
      vertex 24.7695 26.048 3.1
      vertex 24.6515 26.1515 4.8
      vertex 24.7695 26.048 4.8
    endloop
  endfacet
  facet normal 0.659406 0.751787 0
    outer loop
      vertex 24.6515 26.1515 4.8
      vertex 24.7695 26.048 3.1
      vertex 24.6515 26.1515 3.1
    endloop
  endfacet
  facet normal 0.947013 0.321194 0
    outer loop
      vertex 24.3913 26.5408 1.3
      vertex 24.3409 26.6894 -7.62939e-07
      vertex 24.3409 26.6894 1.3
    endloop
  endfacet
  facet normal 0.947013 0.321194 0
    outer loop
      vertex 24.3409 26.6894 -7.62939e-07
      vertex 24.3913 26.5408 1.3
      vertex 24.3913 26.5408 -7.62939e-07
    endloop
  endfacet
  facet normal 0.947013 0.321194 0
    outer loop
      vertex 24.3913 26.5408 4.8
      vertex 24.3409 26.6894 3.1
      vertex 24.3409 26.6894 4.8
    endloop
  endfacet
  facet normal 0.947013 0.321194 0
    outer loop
      vertex 24.3409 26.6894 3.1
      vertex 24.3913 26.5408 4.8
      vertex 24.3913 26.5408 3.1
    endloop
  endfacet
  facet normal 0.442622 0.896708 -0
    outer loop
      vertex 25.0408 25.8913 -7.62939e-07
      vertex 24.9 25.9608 1.3
      vertex 25.0408 25.8913 1.3
    endloop
  endfacet
  facet normal 0.442622 0.896708 0
    outer loop
      vertex 24.9 25.9608 1.3
      vertex 25.0408 25.8913 -7.62939e-07
      vertex 24.9 25.9608 -7.62939e-07
    endloop
  endfacet
  facet normal 0.442622 0.896708 -0
    outer loop
      vertex 25.0408 25.8913 3.1
      vertex 24.9 25.9608 4.8
      vertex 25.0408 25.8913 4.8
    endloop
  endfacet
  facet normal 0.442622 0.896708 0
    outer loop
      vertex 24.9 25.9608 4.8
      vertex 25.0408 25.8913 3.1
      vertex 24.9 25.9608 3.1
    endloop
  endfacet
  facet normal 0.555582 0.831462 -0
    outer loop
      vertex 24.9 25.9608 -7.62939e-07
      vertex 24.7695 26.048 1.3
      vertex 24.9 25.9608 1.3
    endloop
  endfacet
  facet normal 0.555582 0.831462 0
    outer loop
      vertex 24.7695 26.048 1.3
      vertex 24.9 25.9608 -7.62939e-07
      vertex 24.7695 26.048 -7.62939e-07
    endloop
  endfacet
  facet normal 0.555582 0.831462 -0
    outer loop
      vertex 24.9 25.9608 3.1
      vertex 24.7695 26.048 4.8
      vertex 24.9 25.9608 4.8
    endloop
  endfacet
  facet normal 0.555582 0.831462 0
    outer loop
      vertex 24.7695 26.048 4.8
      vertex 24.9 25.9608 3.1
      vertex 24.7695 26.048 3.1
    endloop
  endfacet
  facet normal -0.896708 -0.442622 0
    outer loop
      vertex 26.6087 33.4592 -7.62939e-07
      vertex 26.5392 33.6 1.3
      vertex 26.5392 33.6 -7.62939e-07
    endloop
  endfacet
  facet normal -0.896708 -0.442622 0
    outer loop
      vertex 26.5392 33.6 1.3
      vertex 26.6087 33.4592 -7.62939e-07
      vertex 26.6087 33.4592 1.3
    endloop
  endfacet
  facet normal -0.896708 -0.442622 0
    outer loop
      vertex 26.6087 33.4592 3.1
      vertex 26.5392 33.6 4.8
      vertex 26.5392 33.6 3.1
    endloop
  endfacet
  facet normal -0.896708 -0.442622 0
    outer loop
      vertex 26.5392 33.6 4.8
      vertex 26.6087 33.4592 3.1
      vertex 26.6087 33.4592 4.8
    endloop
  endfacet
  facet normal -0.831462 -0.555582 0
    outer loop
      vertex 26.5392 33.6 -7.62939e-07
      vertex 26.452 33.7305 1.3
      vertex 26.452 33.7305 -7.62939e-07
    endloop
  endfacet
  facet normal -0.831462 -0.555582 0
    outer loop
      vertex 26.452 33.7305 1.3
      vertex 26.5392 33.6 -7.62939e-07
      vertex 26.5392 33.6 1.3
    endloop
  endfacet
  facet normal -0.831462 -0.555582 0
    outer loop
      vertex 26.5392 33.6 3.1
      vertex 26.452 33.7305 4.8
      vertex 26.452 33.7305 3.1
    endloop
  endfacet
  facet normal -0.831462 -0.555582 0
    outer loop
      vertex 26.452 33.7305 4.8
      vertex 26.5392 33.6 3.1
      vertex 26.5392 33.6 4.8
    endloop
  endfacet
  facet normal -0.321194 -0.947013 0
    outer loop
      vertex 25.8106 34.1591 -7.62939e-07
      vertex 25.9592 34.1087 1.3
      vertex 25.8106 34.1591 1.3
    endloop
  endfacet
  facet normal -0.321194 -0.947013 -0
    outer loop
      vertex 25.9592 34.1087 1.3
      vertex 25.8106 34.1591 -7.62939e-07
      vertex 25.9592 34.1087 -7.62939e-07
    endloop
  endfacet
  facet normal -0.321194 -0.947013 0
    outer loop
      vertex 25.8106 34.1591 3.1
      vertex 25.9592 34.1087 4.8
      vertex 25.8106 34.1591 4.8
    endloop
  endfacet
  facet normal -0.321194 -0.947013 -0
    outer loop
      vertex 25.9592 34.1087 4.8
      vertex 25.8106 34.1591 3.1
      vertex 25.9592 34.1087 3.1
    endloop
  endfacet
  facet normal 0.442622 -0.896708 0
    outer loop
      vertex 24.9 34.0392 -7.62939e-07
      vertex 25.0408 34.1087 1.3
      vertex 24.9 34.0392 1.3
    endloop
  endfacet
  facet normal 0.442622 -0.896708 0
    outer loop
      vertex 25.0408 34.1087 1.3
      vertex 24.9 34.0392 -7.62939e-07
      vertex 25.0408 34.1087 -7.62939e-07
    endloop
  endfacet
  facet normal 0.442622 -0.896708 0
    outer loop
      vertex 24.9 34.0392 3.1
      vertex 25.0408 34.1087 4.8
      vertex 24.9 34.0392 4.8
    endloop
  endfacet
  facet normal 0.442622 -0.896708 0
    outer loop
      vertex 25.0408 34.1087 4.8
      vertex 24.9 34.0392 3.1
      vertex 25.0408 34.1087 3.1
    endloop
  endfacet
  facet normal 0.947013 -0.321194 0
    outer loop
      vertex 24.3409 33.3106 1.3
      vertex 24.3913 33.4592 -7.62939e-07
      vertex 24.3913 33.4592 1.3
    endloop
  endfacet
  facet normal 0.947013 -0.321194 0
    outer loop
      vertex 24.3913 33.4592 -7.62939e-07
      vertex 24.3409 33.3106 1.3
      vertex 24.3409 33.3106 -7.62939e-07
    endloop
  endfacet
  facet normal 0.947013 -0.321194 0
    outer loop
      vertex 24.3409 33.3106 4.8
      vertex 24.3913 33.4592 3.1
      vertex 24.3913 33.4592 4.8
    endloop
  endfacet
  facet normal 0.947013 -0.321194 0
    outer loop
      vertex 24.3913 33.4592 3.1
      vertex 24.3409 33.3106 4.8
      vertex 24.3409 33.3106 3.1
    endloop
  endfacet
  facet normal -0.980825 0.194891 0
    outer loop
      vertex 26.6591 32.6894 -7.62939e-07
      vertex 26.6897 32.8434 1.3
      vertex 26.6897 32.8434 -7.62939e-07
    endloop
  endfacet
  facet normal -0.980825 0.194891 0
    outer loop
      vertex 26.6897 32.8434 1.3
      vertex 26.6591 32.6894 -7.62939e-07
      vertex 26.6591 32.6894 1.3
    endloop
  endfacet
  facet normal -0.980825 0.194891 0
    outer loop
      vertex 26.6591 32.6894 3.1
      vertex 26.6897 32.8434 4.8
      vertex 26.6897 32.8434 3.1
    endloop
  endfacet
  facet normal -0.980825 0.194891 0
    outer loop
      vertex 26.6897 32.8434 4.8
      vertex 26.6591 32.6894 3.1
      vertex 26.6591 32.6894 4.8
    endloop
  endfacet
  facet normal -0.659406 -0.751787 0
    outer loop
      vertex 26.2305 33.952 -7.62939e-07
      vertex 26.3485 33.8485 1.3
      vertex 26.2305 33.952 1.3
    endloop
  endfacet
  facet normal -0.659406 -0.751787 -0
    outer loop
      vertex 26.3485 33.8485 1.3
      vertex 26.2305 33.952 -7.62939e-07
      vertex 26.3485 33.8485 -7.62939e-07
    endloop
  endfacet
  facet normal -0.659406 -0.751787 0
    outer loop
      vertex 26.2305 33.952 3.1
      vertex 26.3485 33.8485 4.8
      vertex 26.2305 33.952 4.8
    endloop
  endfacet
  facet normal -0.659406 -0.751787 -0
    outer loop
      vertex 26.3485 33.8485 4.8
      vertex 26.2305 33.952 3.1
      vertex 26.3485 33.8485 3.1
    endloop
  endfacet
  facet normal -0.0656309 -0.997844 0
    outer loop
      vertex 25.5 34.2 -7.62939e-07
      vertex 25.6566 34.1897 1.3
      vertex 25.5 34.2 1.3
    endloop
  endfacet
  facet normal -0.0656309 -0.997844 -0
    outer loop
      vertex 25.6566 34.1897 1.3
      vertex 25.5 34.2 -7.62939e-07
      vertex 25.6566 34.1897 -7.62939e-07
    endloop
  endfacet
  facet normal -0.0656309 -0.997844 0
    outer loop
      vertex 25.5 34.2 3.1
      vertex 25.6566 34.1897 4.8
      vertex 25.5 34.2 4.8
    endloop
  endfacet
  facet normal -0.0656309 -0.997844 -0
    outer loop
      vertex 25.6566 34.1897 4.8
      vertex 25.5 34.2 3.1
      vertex 25.6566 34.1897 3.1
    endloop
  endfacet
  facet normal -0.442622 -0.896708 0
    outer loop
      vertex 25.9592 34.1087 -7.62939e-07
      vertex 26.1 34.0392 1.3
      vertex 25.9592 34.1087 1.3
    endloop
  endfacet
  facet normal -0.442622 -0.896708 -0
    outer loop
      vertex 26.1 34.0392 1.3
      vertex 25.9592 34.1087 -7.62939e-07
      vertex 26.1 34.0392 -7.62939e-07
    endloop
  endfacet
  facet normal -0.442622 -0.896708 0
    outer loop
      vertex 25.9592 34.1087 3.1
      vertex 26.1 34.0392 4.8
      vertex 25.9592 34.1087 4.8
    endloop
  endfacet
  facet normal -0.442622 -0.896708 -0
    outer loop
      vertex 26.1 34.0392 4.8
      vertex 25.9592 34.1087 3.1
      vertex 26.1 34.0392 3.1
    endloop
  endfacet
  facet normal 0.997844 -0.0656309 0
    outer loop
      vertex 24.3 33 1.3
      vertex 24.3103 33.1566 -7.62939e-07
      vertex 24.3103 33.1566 1.3
    endloop
  endfacet
  facet normal 0.997844 -0.0656309 0
    outer loop
      vertex 24.3103 33.1566 -7.62939e-07
      vertex 24.3 33 1.3
      vertex 24.3 33 -7.62939e-07
    endloop
  endfacet
  facet normal 0.997844 -0.0656309 0
    outer loop
      vertex 24.3 33 4.8
      vertex 24.3103 33.1566 3.1
      vertex 24.3103 33.1566 4.8
    endloop
  endfacet
  facet normal 0.997844 -0.0656309 0
    outer loop
      vertex 24.3103 33.1566 3.1
      vertex 24.3 33 4.8
      vertex 24.3 33 3.1
    endloop
  endfacet
  facet normal 0.831462 -0.555582 0
    outer loop
      vertex 24.4608 33.6 1.3
      vertex 24.548 33.7305 -7.62939e-07
      vertex 24.548 33.7305 1.3
    endloop
  endfacet
  facet normal 0.831462 -0.555582 0
    outer loop
      vertex 24.548 33.7305 -7.62939e-07
      vertex 24.4608 33.6 1.3
      vertex 24.4608 33.6 -7.62939e-07
    endloop
  endfacet
  facet normal 0.831462 -0.555582 0
    outer loop
      vertex 24.4608 33.6 4.8
      vertex 24.548 33.7305 3.1
      vertex 24.548 33.7305 4.8
    endloop
  endfacet
  facet normal 0.831462 -0.555582 0
    outer loop
      vertex 24.548 33.7305 3.1
      vertex 24.4608 33.6 4.8
      vertex 24.4608 33.6 3.1
    endloop
  endfacet
  facet normal 0.321194 -0.947013 0
    outer loop
      vertex 25.0408 34.1087 -7.62939e-07
      vertex 25.1894 34.1591 1.3
      vertex 25.0408 34.1087 1.3
    endloop
  endfacet
  facet normal 0.321194 -0.947013 0
    outer loop
      vertex 25.1894 34.1591 1.3
      vertex 25.0408 34.1087 -7.62939e-07
      vertex 25.1894 34.1591 -7.62939e-07
    endloop
  endfacet
  facet normal 0.321194 -0.947013 0
    outer loop
      vertex 25.0408 34.1087 3.1
      vertex 25.1894 34.1591 4.8
      vertex 25.0408 34.1087 4.8
    endloop
  endfacet
  facet normal 0.321194 -0.947013 0
    outer loop
      vertex 25.1894 34.1591 4.8
      vertex 25.0408 34.1087 3.1
      vertex 25.1894 34.1591 3.1
    endloop
  endfacet
  facet normal 0.751787 -0.659406 0
    outer loop
      vertex 24.548 33.7305 1.3
      vertex 24.6515 33.8485 -7.62939e-07
      vertex 24.6515 33.8485 1.3
    endloop
  endfacet
  facet normal 0.751787 -0.659406 0
    outer loop
      vertex 24.6515 33.8485 -7.62939e-07
      vertex 24.548 33.7305 1.3
      vertex 24.548 33.7305 -7.62939e-07
    endloop
  endfacet
  facet normal 0.751787 -0.659406 0
    outer loop
      vertex 24.548 33.7305 4.8
      vertex 24.6515 33.8485 3.1
      vertex 24.6515 33.8485 4.8
    endloop
  endfacet
  facet normal 0.751787 -0.659406 0
    outer loop
      vertex 24.6515 33.8485 3.1
      vertex 24.548 33.7305 4.8
      vertex 24.548 33.7305 3.1
    endloop
  endfacet
  facet normal -0.997844 0.0656309 0
    outer loop
      vertex 26.6897 32.8434 -7.62939e-07
      vertex 26.7 33 1.3
      vertex 26.7 33 -7.62939e-07
    endloop
  endfacet
  facet normal -0.997844 0.0656309 0
    outer loop
      vertex 26.7 33 1.3
      vertex 26.6897 32.8434 -7.62939e-07
      vertex 26.6897 32.8434 1.3
    endloop
  endfacet
  facet normal -0.997844 0.0656309 0
    outer loop
      vertex 26.6897 32.8434 3.1
      vertex 26.7 33 4.8
      vertex 26.7 33 3.1
    endloop
  endfacet
  facet normal -0.997844 0.0656309 0
    outer loop
      vertex 26.7 33 4.8
      vertex 26.6897 32.8434 3.1
      vertex 26.6897 32.8434 4.8
    endloop
  endfacet
  facet normal -0.555582 0.831462 0
    outer loop
      vertex 26.2305 32.048 -7.62939e-07
      vertex 26.1 31.9608 1.3
      vertex 26.2305 32.048 1.3
    endloop
  endfacet
  facet normal -0.555582 0.831462 0
    outer loop
      vertex 26.1 31.9608 1.3
      vertex 26.2305 32.048 -7.62939e-07
      vertex 26.1 31.9608 -7.62939e-07
    endloop
  endfacet
  facet normal -0.555582 0.831462 0
    outer loop
      vertex 26.2305 32.048 3.1
      vertex 26.1 31.9608 4.8
      vertex 26.2305 32.048 4.8
    endloop
  endfacet
  facet normal -0.555582 0.831462 0
    outer loop
      vertex 26.1 31.9608 4.8
      vertex 26.2305 32.048 3.1
      vertex 26.1 31.9608 3.1
    endloop
  endfacet
  facet normal -0.947013 0.321194 0
    outer loop
      vertex 26.6087 32.5408 -7.62939e-07
      vertex 26.6591 32.6894 1.3
      vertex 26.6591 32.6894 -7.62939e-07
    endloop
  endfacet
  facet normal -0.947013 0.321194 0
    outer loop
      vertex 26.6591 32.6894 1.3
      vertex 26.6087 32.5408 -7.62939e-07
      vertex 26.6087 32.5408 1.3
    endloop
  endfacet
  facet normal -0.947013 0.321194 0
    outer loop
      vertex 26.6087 32.5408 3.1
      vertex 26.6591 32.6894 4.8
      vertex 26.6591 32.6894 3.1
    endloop
  endfacet
  facet normal -0.947013 0.321194 0
    outer loop
      vertex 26.6591 32.6894 4.8
      vertex 26.6087 32.5408 3.1
      vertex 26.6087 32.5408 4.8
    endloop
  endfacet
  facet normal -0.947013 -0.321194 0
    outer loop
      vertex 26.6591 33.3106 -7.62939e-07
      vertex 26.6087 33.4592 1.3
      vertex 26.6087 33.4592 -7.62939e-07
    endloop
  endfacet
  facet normal -0.947013 -0.321194 0
    outer loop
      vertex 26.6087 33.4592 1.3
      vertex 26.6591 33.3106 -7.62939e-07
      vertex 26.6591 33.3106 1.3
    endloop
  endfacet
  facet normal -0.947013 -0.321194 0
    outer loop
      vertex 26.6591 33.3106 3.1
      vertex 26.6087 33.4592 4.8
      vertex 26.6087 33.4592 3.1
    endloop
  endfacet
  facet normal -0.947013 -0.321194 0
    outer loop
      vertex 26.6087 33.4592 4.8
      vertex 26.6591 33.3106 3.1
      vertex 26.6591 33.3106 4.8
    endloop
  endfacet
  facet normal -0.751787 -0.659406 0
    outer loop
      vertex 26.452 33.7305 -7.62939e-07
      vertex 26.3485 33.8485 1.3
      vertex 26.3485 33.8485 -7.62939e-07
    endloop
  endfacet
  facet normal -0.751787 -0.659406 0
    outer loop
      vertex 26.3485 33.8485 1.3
      vertex 26.452 33.7305 -7.62939e-07
      vertex 26.452 33.7305 1.3
    endloop
  endfacet
  facet normal -0.751787 -0.659406 0
    outer loop
      vertex 26.452 33.7305 3.1
      vertex 26.3485 33.8485 4.8
      vertex 26.3485 33.8485 3.1
    endloop
  endfacet
  facet normal -0.751787 -0.659406 0
    outer loop
      vertex 26.3485 33.8485 4.8
      vertex 26.452 33.7305 3.1
      vertex 26.452 33.7305 4.8
    endloop
  endfacet
  facet normal 0.0656309 -0.997844 0
    outer loop
      vertex 25.3434 34.1897 -7.62939e-07
      vertex 25.5 34.2 1.3
      vertex 25.3434 34.1897 1.3
    endloop
  endfacet
  facet normal 0.0656309 -0.997844 0
    outer loop
      vertex 25.5 34.2 1.3
      vertex 25.3434 34.1897 -7.62939e-07
      vertex 25.5 34.2 -7.62939e-07
    endloop
  endfacet
  facet normal 0.0656309 -0.997844 0
    outer loop
      vertex 25.3434 34.1897 3.1
      vertex 25.5 34.2 4.8
      vertex 25.3434 34.1897 4.8
    endloop
  endfacet
  facet normal 0.0656309 -0.997844 0
    outer loop
      vertex 25.5 34.2 4.8
      vertex 25.3434 34.1897 3.1
      vertex 25.5 34.2 3.1
    endloop
  endfacet
  facet normal -0.194891 -0.980825 0
    outer loop
      vertex 25.6566 34.1897 -7.62939e-07
      vertex 25.8106 34.1591 1.3
      vertex 25.6566 34.1897 1.3
    endloop
  endfacet
  facet normal -0.194891 -0.980825 -0
    outer loop
      vertex 25.8106 34.1591 1.3
      vertex 25.6566 34.1897 -7.62939e-07
      vertex 25.8106 34.1591 -7.62939e-07
    endloop
  endfacet
  facet normal -0.194891 -0.980825 0
    outer loop
      vertex 25.6566 34.1897 3.1
      vertex 25.8106 34.1591 4.8
      vertex 25.6566 34.1897 4.8
    endloop
  endfacet
  facet normal -0.194891 -0.980825 -0
    outer loop
      vertex 25.8106 34.1591 4.8
      vertex 25.6566 34.1897 3.1
      vertex 25.8106 34.1591 3.1
    endloop
  endfacet
  facet normal -0.555582 -0.831462 0
    outer loop
      vertex 26.1 34.0392 -7.62939e-07
      vertex 26.2305 33.952 1.3
      vertex 26.1 34.0392 1.3
    endloop
  endfacet
  facet normal -0.555582 -0.831462 -0
    outer loop
      vertex 26.2305 33.952 1.3
      vertex 26.1 34.0392 -7.62939e-07
      vertex 26.2305 33.952 -7.62939e-07
    endloop
  endfacet
  facet normal -0.555582 -0.831462 0
    outer loop
      vertex 26.1 34.0392 3.1
      vertex 26.2305 33.952 4.8
      vertex 26.1 34.0392 4.8
    endloop
  endfacet
  facet normal -0.555582 -0.831462 -0
    outer loop
      vertex 26.2305 33.952 4.8
      vertex 26.1 34.0392 3.1
      vertex 26.2305 33.952 3.1
    endloop
  endfacet
  facet normal 0.997844 0.0656309 0
    outer loop
      vertex 24.3103 32.8434 1.3
      vertex 24.3 33 -7.62939e-07
      vertex 24.3 33 1.3
    endloop
  endfacet
  facet normal 0.997844 0.0656309 0
    outer loop
      vertex 24.3 33 -7.62939e-07
      vertex 24.3103 32.8434 1.3
      vertex 24.3103 32.8434 -7.62939e-07
    endloop
  endfacet
  facet normal 0.997844 0.0656309 0
    outer loop
      vertex 24.3103 32.8434 4.8
      vertex 24.3 33 3.1
      vertex 24.3 33 4.8
    endloop
  endfacet
  facet normal 0.997844 0.0656309 0
    outer loop
      vertex 24.3 33 3.1
      vertex 24.3103 32.8434 4.8
      vertex 24.3103 32.8434 3.1
    endloop
  endfacet
  facet normal 0.980825 -0.194891 0
    outer loop
      vertex 24.3103 33.1566 1.3
      vertex 24.3409 33.3106 -7.62939e-07
      vertex 24.3409 33.3106 1.3
    endloop
  endfacet
  facet normal 0.980825 -0.194891 0
    outer loop
      vertex 24.3409 33.3106 -7.62939e-07
      vertex 24.3103 33.1566 1.3
      vertex 24.3103 33.1566 -7.62939e-07
    endloop
  endfacet
  facet normal 0.980825 -0.194891 0
    outer loop
      vertex 24.3103 33.1566 4.8
      vertex 24.3409 33.3106 3.1
      vertex 24.3409 33.3106 4.8
    endloop
  endfacet
  facet normal 0.980825 -0.194891 0
    outer loop
      vertex 24.3409 33.3106 3.1
      vertex 24.3103 33.1566 4.8
      vertex 24.3103 33.1566 3.1
    endloop
  endfacet
  facet normal 0.896708 -0.442622 0
    outer loop
      vertex 24.3913 33.4592 1.3
      vertex 24.4608 33.6 -7.62939e-07
      vertex 24.4608 33.6 1.3
    endloop
  endfacet
  facet normal 0.896708 -0.442622 0
    outer loop
      vertex 24.4608 33.6 -7.62939e-07
      vertex 24.3913 33.4592 1.3
      vertex 24.3913 33.4592 -7.62939e-07
    endloop
  endfacet
  facet normal 0.896708 -0.442622 0
    outer loop
      vertex 24.3913 33.4592 4.8
      vertex 24.4608 33.6 3.1
      vertex 24.4608 33.6 4.8
    endloop
  endfacet
  facet normal 0.896708 -0.442622 0
    outer loop
      vertex 24.4608 33.6 3.1
      vertex 24.3913 33.4592 4.8
      vertex 24.3913 33.4592 3.1
    endloop
  endfacet
  facet normal 0.194891 -0.980825 0
    outer loop
      vertex 25.1894 34.1591 -7.62939e-07
      vertex 25.3434 34.1897 1.3
      vertex 25.1894 34.1591 1.3
    endloop
  endfacet
  facet normal 0.194891 -0.980825 0
    outer loop
      vertex 25.3434 34.1897 1.3
      vertex 25.1894 34.1591 -7.62939e-07
      vertex 25.3434 34.1897 -7.62939e-07
    endloop
  endfacet
  facet normal 0.194891 -0.980825 0
    outer loop
      vertex 25.1894 34.1591 3.1
      vertex 25.3434 34.1897 4.8
      vertex 25.1894 34.1591 4.8
    endloop
  endfacet
  facet normal 0.194891 -0.980825 0
    outer loop
      vertex 25.3434 34.1897 4.8
      vertex 25.1894 34.1591 3.1
      vertex 25.3434 34.1897 3.1
    endloop
  endfacet
  facet normal 0.659406 -0.751787 0
    outer loop
      vertex 24.6515 33.8485 -7.62939e-07
      vertex 24.7695 33.952 1.3
      vertex 24.6515 33.8485 1.3
    endloop
  endfacet
  facet normal 0.659406 -0.751787 0
    outer loop
      vertex 24.7695 33.952 1.3
      vertex 24.6515 33.8485 -7.62939e-07
      vertex 24.7695 33.952 -7.62939e-07
    endloop
  endfacet
  facet normal 0.659406 -0.751787 0
    outer loop
      vertex 24.6515 33.8485 3.1
      vertex 24.7695 33.952 4.8
      vertex 24.6515 33.8485 4.8
    endloop
  endfacet
  facet normal 0.659406 -0.751787 0
    outer loop
      vertex 24.7695 33.952 4.8
      vertex 24.6515 33.8485 3.1
      vertex 24.7695 33.952 3.1
    endloop
  endfacet
  facet normal 0.555582 -0.831462 0
    outer loop
      vertex 24.7695 33.952 -7.62939e-07
      vertex 24.9 34.0392 1.3
      vertex 24.7695 33.952 1.3
    endloop
  endfacet
  facet normal 0.555582 -0.831462 0
    outer loop
      vertex 24.9 34.0392 1.3
      vertex 24.7695 33.952 -7.62939e-07
      vertex 24.9 34.0392 -7.62939e-07
    endloop
  endfacet
  facet normal 0.555582 -0.831462 0
    outer loop
      vertex 24.7695 33.952 3.1
      vertex 24.9 34.0392 4.8
      vertex 24.7695 33.952 4.8
    endloop
  endfacet
  facet normal 0.555582 -0.831462 0
    outer loop
      vertex 24.9 34.0392 4.8
      vertex 24.7695 33.952 3.1
      vertex 24.9 34.0392 3.1
    endloop
  endfacet
  facet normal -0.997844 -0.0656309 0
    outer loop
      vertex 26.7 33 -7.62939e-07
      vertex 26.6897 33.1566 1.3
      vertex 26.6897 33.1566 -7.62939e-07
    endloop
  endfacet
  facet normal -0.997844 -0.0656309 0
    outer loop
      vertex 26.6897 33.1566 1.3
      vertex 26.7 33 -7.62939e-07
      vertex 26.7 33 1.3
    endloop
  endfacet
  facet normal -0.997844 -0.0656309 0
    outer loop
      vertex 26.7 33 3.1
      vertex 26.6897 33.1566 4.8
      vertex 26.6897 33.1566 3.1
    endloop
  endfacet
  facet normal -0.997844 -0.0656309 0
    outer loop
      vertex 26.6897 33.1566 4.8
      vertex 26.7 33 3.1
      vertex 26.7 33 4.8
    endloop
  endfacet
  facet normal 0.831462 0.555582 0
    outer loop
      vertex 24.548 32.2695 1.3
      vertex 24.4608 32.4 -7.62939e-07
      vertex 24.4608 32.4 1.3
    endloop
  endfacet
  facet normal 0.831462 0.555582 0
    outer loop
      vertex 24.4608 32.4 -7.62939e-07
      vertex 24.548 32.2695 1.3
      vertex 24.548 32.2695 -7.62939e-07
    endloop
  endfacet
  facet normal 0.831462 0.555582 0
    outer loop
      vertex 24.548 32.2695 4.8
      vertex 24.4608 32.4 3.1
      vertex 24.4608 32.4 4.8
    endloop
  endfacet
  facet normal 0.831462 0.555582 0
    outer loop
      vertex 24.4608 32.4 3.1
      vertex 24.548 32.2695 4.8
      vertex 24.548 32.2695 3.1
    endloop
  endfacet
  facet normal -0.194891 0.980825 0
    outer loop
      vertex 25.8106 31.8409 -7.62939e-07
      vertex 25.6566 31.8103 1.3
      vertex 25.8106 31.8409 1.3
    endloop
  endfacet
  facet normal -0.194891 0.980825 0
    outer loop
      vertex 25.6566 31.8103 1.3
      vertex 25.8106 31.8409 -7.62939e-07
      vertex 25.6566 31.8103 -7.62939e-07
    endloop
  endfacet
  facet normal -0.194891 0.980825 0
    outer loop
      vertex 25.8106 31.8409 3.1
      vertex 25.6566 31.8103 4.8
      vertex 25.8106 31.8409 4.8
    endloop
  endfacet
  facet normal -0.194891 0.980825 0
    outer loop
      vertex 25.6566 31.8103 4.8
      vertex 25.8106 31.8409 3.1
      vertex 25.6566 31.8103 3.1
    endloop
  endfacet
  facet normal -0.980825 -0.194891 0
    outer loop
      vertex 26.6897 33.1566 -7.62939e-07
      vertex 26.6591 33.3106 1.3
      vertex 26.6591 33.3106 -7.62939e-07
    endloop
  endfacet
  facet normal -0.980825 -0.194891 0
    outer loop
      vertex 26.6591 33.3106 1.3
      vertex 26.6897 33.1566 -7.62939e-07
      vertex 26.6897 33.1566 1.3
    endloop
  endfacet
  facet normal -0.980825 -0.194891 0
    outer loop
      vertex 26.6897 33.1566 3.1
      vertex 26.6591 33.3106 4.8
      vertex 26.6591 33.3106 3.1
    endloop
  endfacet
  facet normal -0.980825 -0.194891 0
    outer loop
      vertex 26.6591 33.3106 4.8
      vertex 26.6897 33.1566 3.1
      vertex 26.6897 33.1566 4.8
    endloop
  endfacet
  facet normal -0.751787 0.659406 0
    outer loop
      vertex 26.3485 32.1515 -7.62939e-07
      vertex 26.452 32.2695 1.3
      vertex 26.452 32.2695 -7.62939e-07
    endloop
  endfacet
  facet normal -0.751787 0.659406 0
    outer loop
      vertex 26.452 32.2695 1.3
      vertex 26.3485 32.1515 -7.62939e-07
      vertex 26.3485 32.1515 1.3
    endloop
  endfacet
  facet normal -0.751787 0.659406 0
    outer loop
      vertex 26.3485 32.1515 3.1
      vertex 26.452 32.2695 4.8
      vertex 26.452 32.2695 3.1
    endloop
  endfacet
  facet normal -0.751787 0.659406 0
    outer loop
      vertex 26.452 32.2695 4.8
      vertex 26.3485 32.1515 3.1
      vertex 26.3485 32.1515 4.8
    endloop
  endfacet
  facet normal -0.896708 0.442622 0
    outer loop
      vertex 26.5392 32.4 -7.62939e-07
      vertex 26.6087 32.5408 1.3
      vertex 26.6087 32.5408 -7.62939e-07
    endloop
  endfacet
  facet normal -0.896708 0.442622 0
    outer loop
      vertex 26.6087 32.5408 1.3
      vertex 26.5392 32.4 -7.62939e-07
      vertex 26.5392 32.4 1.3
    endloop
  endfacet
  facet normal -0.896708 0.442622 0
    outer loop
      vertex 26.5392 32.4 3.1
      vertex 26.6087 32.5408 4.8
      vertex 26.6087 32.5408 3.1
    endloop
  endfacet
  facet normal -0.896708 0.442622 0
    outer loop
      vertex 26.6087 32.5408 4.8
      vertex 26.5392 32.4 3.1
      vertex 26.5392 32.4 4.8
    endloop
  endfacet
  facet normal 0.0656309 0.997844 -0
    outer loop
      vertex 25.5 31.8 -7.62939e-07
      vertex 25.3434 31.8103 1.3
      vertex 25.5 31.8 1.3
    endloop
  endfacet
  facet normal 0.0656309 0.997844 0
    outer loop
      vertex 25.3434 31.8103 1.3
      vertex 25.5 31.8 -7.62939e-07
      vertex 25.3434 31.8103 -7.62939e-07
    endloop
  endfacet
  facet normal 0.0656309 0.997844 -0
    outer loop
      vertex 25.5 31.8 3.1
      vertex 25.3434 31.8103 4.8
      vertex 25.5 31.8 4.8
    endloop
  endfacet
  facet normal 0.0656309 0.997844 0
    outer loop
      vertex 25.3434 31.8103 4.8
      vertex 25.5 31.8 3.1
      vertex 25.3434 31.8103 3.1
    endloop
  endfacet
  facet normal 0.980825 0.194891 0
    outer loop
      vertex 24.3409 32.6894 1.3
      vertex 24.3103 32.8434 -7.62939e-07
      vertex 24.3103 32.8434 1.3
    endloop
  endfacet
  facet normal 0.980825 0.194891 0
    outer loop
      vertex 24.3103 32.8434 -7.62939e-07
      vertex 24.3409 32.6894 1.3
      vertex 24.3409 32.6894 -7.62939e-07
    endloop
  endfacet
  facet normal 0.980825 0.194891 0
    outer loop
      vertex 24.3409 32.6894 4.8
      vertex 24.3103 32.8434 3.1
      vertex 24.3103 32.8434 4.8
    endloop
  endfacet
  facet normal 0.980825 0.194891 0
    outer loop
      vertex 24.3103 32.8434 3.1
      vertex 24.3409 32.6894 4.8
      vertex 24.3409 32.6894 3.1
    endloop
  endfacet
  facet normal 0.896708 0.442622 0
    outer loop
      vertex 24.4608 32.4 1.3
      vertex 24.3913 32.5408 -7.62939e-07
      vertex 24.3913 32.5408 1.3
    endloop
  endfacet
  facet normal 0.896708 0.442622 0
    outer loop
      vertex 24.3913 32.5408 -7.62939e-07
      vertex 24.4608 32.4 1.3
      vertex 24.4608 32.4 -7.62939e-07
    endloop
  endfacet
  facet normal 0.896708 0.442622 0
    outer loop
      vertex 24.4608 32.4 4.8
      vertex 24.3913 32.5408 3.1
      vertex 24.3913 32.5408 4.8
    endloop
  endfacet
  facet normal 0.896708 0.442622 0
    outer loop
      vertex 24.3913 32.5408 3.1
      vertex 24.4608 32.4 4.8
      vertex 24.4608 32.4 3.1
    endloop
  endfacet
  facet normal -0.442622 0.896708 0
    outer loop
      vertex 26.1 31.9608 -7.62939e-07
      vertex 25.9592 31.8913 1.3
      vertex 26.1 31.9608 1.3
    endloop
  endfacet
  facet normal -0.442622 0.896708 0
    outer loop
      vertex 25.9592 31.8913 1.3
      vertex 26.1 31.9608 -7.62939e-07
      vertex 25.9592 31.8913 -7.62939e-07
    endloop
  endfacet
  facet normal -0.442622 0.896708 0
    outer loop
      vertex 26.1 31.9608 3.1
      vertex 25.9592 31.8913 4.8
      vertex 26.1 31.9608 4.8
    endloop
  endfacet
  facet normal -0.442622 0.896708 0
    outer loop
      vertex 25.9592 31.8913 4.8
      vertex 26.1 31.9608 3.1
      vertex 25.9592 31.8913 3.1
    endloop
  endfacet
  facet normal -0.321194 0.947013 0
    outer loop
      vertex 25.9592 31.8913 -7.62939e-07
      vertex 25.8106 31.8409 1.3
      vertex 25.9592 31.8913 1.3
    endloop
  endfacet
  facet normal -0.321194 0.947013 0
    outer loop
      vertex 25.8106 31.8409 1.3
      vertex 25.9592 31.8913 -7.62939e-07
      vertex 25.8106 31.8409 -7.62939e-07
    endloop
  endfacet
  facet normal -0.321194 0.947013 0
    outer loop
      vertex 25.9592 31.8913 3.1
      vertex 25.8106 31.8409 4.8
      vertex 25.9592 31.8913 4.8
    endloop
  endfacet
  facet normal -0.321194 0.947013 0
    outer loop
      vertex 25.8106 31.8409 4.8
      vertex 25.9592 31.8913 3.1
      vertex 25.8106 31.8409 3.1
    endloop
  endfacet
  facet normal -0.659406 0.751787 0
    outer loop
      vertex 26.3485 32.1515 -7.62939e-07
      vertex 26.2305 32.048 1.3
      vertex 26.3485 32.1515 1.3
    endloop
  endfacet
  facet normal -0.659406 0.751787 0
    outer loop
      vertex 26.2305 32.048 1.3
      vertex 26.3485 32.1515 -7.62939e-07
      vertex 26.2305 32.048 -7.62939e-07
    endloop
  endfacet
  facet normal -0.659406 0.751787 0
    outer loop
      vertex 26.3485 32.1515 3.1
      vertex 26.2305 32.048 4.8
      vertex 26.3485 32.1515 4.8
    endloop
  endfacet
  facet normal -0.659406 0.751787 0
    outer loop
      vertex 26.2305 32.048 4.8
      vertex 26.3485 32.1515 3.1
      vertex 26.2305 32.048 3.1
    endloop
  endfacet
  facet normal -0.831462 0.555582 0
    outer loop
      vertex 26.452 32.2695 -7.62939e-07
      vertex 26.5392 32.4 1.3
      vertex 26.5392 32.4 -7.62939e-07
    endloop
  endfacet
  facet normal -0.831462 0.555582 0
    outer loop
      vertex 26.5392 32.4 1.3
      vertex 26.452 32.2695 -7.62939e-07
      vertex 26.452 32.2695 1.3
    endloop
  endfacet
  facet normal -0.831462 0.555582 0
    outer loop
      vertex 26.452 32.2695 3.1
      vertex 26.5392 32.4 4.8
      vertex 26.5392 32.4 3.1
    endloop
  endfacet
  facet normal -0.831462 0.555582 0
    outer loop
      vertex 26.5392 32.4 4.8
      vertex 26.452 32.2695 3.1
      vertex 26.452 32.2695 4.8
    endloop
  endfacet
  facet normal 0.321194 0.947013 -0
    outer loop
      vertex 25.1894 31.8409 -7.62939e-07
      vertex 25.0408 31.8913 1.3
      vertex 25.1894 31.8409 1.3
    endloop
  endfacet
  facet normal 0.321194 0.947013 0
    outer loop
      vertex 25.0408 31.8913 1.3
      vertex 25.1894 31.8409 -7.62939e-07
      vertex 25.0408 31.8913 -7.62939e-07
    endloop
  endfacet
  facet normal 0.321194 0.947013 -0
    outer loop
      vertex 25.1894 31.8409 3.1
      vertex 25.0408 31.8913 4.8
      vertex 25.1894 31.8409 4.8
    endloop
  endfacet
  facet normal 0.321194 0.947013 0
    outer loop
      vertex 25.0408 31.8913 4.8
      vertex 25.1894 31.8409 3.1
      vertex 25.0408 31.8913 3.1
    endloop
  endfacet
  facet normal -0.0656309 0.997844 0
    outer loop
      vertex 25.6566 31.8103 -7.62939e-07
      vertex 25.5 31.8 1.3
      vertex 25.6566 31.8103 1.3
    endloop
  endfacet
  facet normal -0.0656309 0.997844 0
    outer loop
      vertex 25.5 31.8 1.3
      vertex 25.6566 31.8103 -7.62939e-07
      vertex 25.5 31.8 -7.62939e-07
    endloop
  endfacet
  facet normal -0.0656309 0.997844 0
    outer loop
      vertex 25.6566 31.8103 3.1
      vertex 25.5 31.8 4.8
      vertex 25.6566 31.8103 4.8
    endloop
  endfacet
  facet normal -0.0656309 0.997844 0
    outer loop
      vertex 25.5 31.8 4.8
      vertex 25.6566 31.8103 3.1
      vertex 25.5 31.8 3.1
    endloop
  endfacet
  facet normal 0.194891 0.980825 -0
    outer loop
      vertex 25.3434 31.8103 -7.62939e-07
      vertex 25.1894 31.8409 1.3
      vertex 25.3434 31.8103 1.3
    endloop
  endfacet
  facet normal 0.194891 0.980825 0
    outer loop
      vertex 25.1894 31.8409 1.3
      vertex 25.3434 31.8103 -7.62939e-07
      vertex 25.1894 31.8409 -7.62939e-07
    endloop
  endfacet
  facet normal 0.194891 0.980825 -0
    outer loop
      vertex 25.3434 31.8103 3.1
      vertex 25.1894 31.8409 4.8
      vertex 25.3434 31.8103 4.8
    endloop
  endfacet
  facet normal 0.194891 0.980825 0
    outer loop
      vertex 25.1894 31.8409 4.8
      vertex 25.3434 31.8103 3.1
      vertex 25.1894 31.8409 3.1
    endloop
  endfacet
  facet normal 0.751787 0.659406 0
    outer loop
      vertex 24.6515 32.1515 1.3
      vertex 24.548 32.2695 -7.62939e-07
      vertex 24.548 32.2695 1.3
    endloop
  endfacet
  facet normal 0.751787 0.659406 0
    outer loop
      vertex 24.548 32.2695 -7.62939e-07
      vertex 24.6515 32.1515 1.3
      vertex 24.6515 32.1515 -7.62939e-07
    endloop
  endfacet
  facet normal 0.751787 0.659406 0
    outer loop
      vertex 24.6515 32.1515 4.8
      vertex 24.548 32.2695 3.1
      vertex 24.548 32.2695 4.8
    endloop
  endfacet
  facet normal 0.751787 0.659406 0
    outer loop
      vertex 24.548 32.2695 3.1
      vertex 24.6515 32.1515 4.8
      vertex 24.6515 32.1515 3.1
    endloop
  endfacet
  facet normal 0.659406 0.751787 -0
    outer loop
      vertex 24.7695 32.048 -7.62939e-07
      vertex 24.6515 32.1515 1.3
      vertex 24.7695 32.048 1.3
    endloop
  endfacet
  facet normal 0.659406 0.751787 0
    outer loop
      vertex 24.6515 32.1515 1.3
      vertex 24.7695 32.048 -7.62939e-07
      vertex 24.6515 32.1515 -7.62939e-07
    endloop
  endfacet
  facet normal 0.659406 0.751787 -0
    outer loop
      vertex 24.7695 32.048 3.1
      vertex 24.6515 32.1515 4.8
      vertex 24.7695 32.048 4.8
    endloop
  endfacet
  facet normal 0.659406 0.751787 0
    outer loop
      vertex 24.6515 32.1515 4.8
      vertex 24.7695 32.048 3.1
      vertex 24.6515 32.1515 3.1
    endloop
  endfacet
  facet normal 0.947013 0.321194 0
    outer loop
      vertex 24.3913 32.5408 1.3
      vertex 24.3409 32.6894 -7.62939e-07
      vertex 24.3409 32.6894 1.3
    endloop
  endfacet
  facet normal 0.947013 0.321194 0
    outer loop
      vertex 24.3409 32.6894 -7.62939e-07
      vertex 24.3913 32.5408 1.3
      vertex 24.3913 32.5408 -7.62939e-07
    endloop
  endfacet
  facet normal 0.947013 0.321194 0
    outer loop
      vertex 24.3913 32.5408 4.8
      vertex 24.3409 32.6894 3.1
      vertex 24.3409 32.6894 4.8
    endloop
  endfacet
  facet normal 0.947013 0.321194 0
    outer loop
      vertex 24.3409 32.6894 3.1
      vertex 24.3913 32.5408 4.8
      vertex 24.3913 32.5408 3.1
    endloop
  endfacet
  facet normal 0.555582 0.831462 -0
    outer loop
      vertex 24.9 31.9608 -7.62939e-07
      vertex 24.7695 32.048 1.3
      vertex 24.9 31.9608 1.3
    endloop
  endfacet
  facet normal 0.555582 0.831462 0
    outer loop
      vertex 24.7695 32.048 1.3
      vertex 24.9 31.9608 -7.62939e-07
      vertex 24.7695 32.048 -7.62939e-07
    endloop
  endfacet
  facet normal 0.555582 0.831462 -0
    outer loop
      vertex 24.9 31.9608 3.1
      vertex 24.7695 32.048 4.8
      vertex 24.9 31.9608 4.8
    endloop
  endfacet
  facet normal 0.555582 0.831462 0
    outer loop
      vertex 24.7695 32.048 4.8
      vertex 24.9 31.9608 3.1
      vertex 24.7695 32.048 3.1
    endloop
  endfacet
  facet normal 0.442622 0.896708 -0
    outer loop
      vertex 25.0408 31.8913 -7.62939e-07
      vertex 24.9 31.9608 1.3
      vertex 25.0408 31.8913 1.3
    endloop
  endfacet
  facet normal 0.442622 0.896708 0
    outer loop
      vertex 24.9 31.9608 1.3
      vertex 25.0408 31.8913 -7.62939e-07
      vertex 24.9 31.9608 -7.62939e-07
    endloop
  endfacet
  facet normal 0.442622 0.896708 -0
    outer loop
      vertex 25.0408 31.8913 3.1
      vertex 24.9 31.9608 4.8
      vertex 25.0408 31.8913 4.8
    endloop
  endfacet
  facet normal 0.442622 0.896708 0
    outer loop
      vertex 24.9 31.9608 4.8
      vertex 25.0408 31.8913 3.1
      vertex 24.9 31.9608 3.1
    endloop
  endfacet
endsolid OpenSCAD_Model
