solid OpenSCAD_Model
  facet normal -1 0 0
    outer loop
      vertex 39.275 20 7.2
      vertex 39.275 23.5 8.95
      vertex 39.275 23.5 7.2
    endloop
  endfacet
  facet normal -1 -0 0
    outer loop
      vertex 39.275 23.5 8.95
      vertex 39.275 20 7.2
      vertex 39.275 20 8.95
    endloop
  endfacet
  facet normal 0 -1 0
    outer loop
      vertex 39.65 20 7.2
      vertex 39.275 20 8.95
      vertex 39.275 20 7.2
    endloop
  endfacet
  facet normal 0 -1 0
    outer loop
      vertex 39.275 20 8.95
      vertex 39.65 20 7.2
      vertex 40.25 20 8.95
    endloop
  endfacet
  facet normal 0 -1 -0
    outer loop
      vertex 40.25 20 8.95
      vertex 39.65 20 7.2
      vertex 40.25 20 7.2
    endloop
  endfacet
  facet normal 1 -0 0
    outer loop
      vertex 40.25 20 8.95
      vertex 40.25 23.5 7.2
      vertex 40.25 23.5 8.95
    endloop
  endfacet
  facet normal 1 0 0
    outer loop
      vertex 40.25 23.5 7.2
      vertex 40.25 20 8.95
      vertex 40.25 20 7.2
    endloop
  endfacet
  facet normal 0 1 0
    outer loop
      vertex 39.65 23.5 7.2
      vertex 40.25 23.5 8.95
      vertex 40.25 23.5 7.2
    endloop
  endfacet
  facet normal 0 1 0
    outer loop
      vertex 40.25 23.5 8.95
      vertex 39.65 23.5 7.2
      vertex 39.275 23.5 8.95
    endloop
  endfacet
  facet normal 0 1 0
    outer loop
      vertex 39.275 23.5 8.95
      vertex 39.65 23.5 7.2
      vertex 39.275 23.5 7.2
    endloop
  endfacet
  facet normal 0 0 -1
    outer loop
      vertex 39.65 23.7 7.2
      vertex 40.25 24.5 7.2
      vertex 40.25 23.7 7.2
    endloop
  endfacet
  facet normal -0 0 -1
    outer loop
      vertex 40.25 24.5 7.2
      vertex 39.65 23.7 7.2
      vertex 39.65 24.5 7.2
    endloop
  endfacet
  facet normal 0 0 1
    outer loop
      vertex 39.65 23.7 7.2
      vertex 39.275 23.5 7.2
      vertex 39.65 23.5 7.2
    endloop
  endfacet
  facet normal -0 0 1
    outer loop
      vertex 17.9 23.5 7.2
      vertex 39.275 20 7.2
      vertex 39.275 23.5 7.2
    endloop
  endfacet
  facet normal 0 -0 1
    outer loop
      vertex 22.2092 3.60866 7.2
      vertex 39.275 20 7.2
      vertex 17.9 23.5 7.2
    endloop
  endfacet
  facet normal 0 -0 1
    outer loop
      vertex 34.25 3.7 7.2
      vertex 39.275 9.3 7.2
      vertex 34.0934 3.68973 7.2
    endloop
  endfacet
  facet normal 0 0 1
    outer loop
      vertex 39.275 5.52 7.2
      vertex 35.4397 2.65663 7.2
      vertex 35.45 2.5 7.2
    endloop
  endfacet
  facet normal 0 0 1
    outer loop
      vertex 39.275 5.52 7.2
      vertex 35.4091 2.81058 7.2
      vertex 35.4397 2.65663 7.2
    endloop
  endfacet
  facet normal 0 0 1
    outer loop
      vertex 39.275 5.52 7.2
      vertex 35.3587 2.95922 7.2
      vertex 35.4091 2.81058 7.2
    endloop
  endfacet
  facet normal 0 0 1
    outer loop
      vertex 39.275 5.52 7.2
      vertex 35.2892 3.1 7.2
      vertex 35.3587 2.95922 7.2
    endloop
  endfacet
  facet normal 0 0 1
    outer loop
      vertex 39.275 5.52 7.2
      vertex 35.202 3.23051 7.2
      vertex 35.2892 3.1 7.2
    endloop
  endfacet
  facet normal 0 0 1
    outer loop
      vertex 39.275 5.52 7.2
      vertex 35.0985 3.34853 7.2
      vertex 35.202 3.23051 7.2
    endloop
  endfacet
  facet normal 0 0 1
    outer loop
      vertex 39.275 5.52 7.2
      vertex 34.9805 3.45202 7.2
      vertex 35.0985 3.34853 7.2
    endloop
  endfacet
  facet normal 0 0 1
    outer loop
      vertex 39.275 5.52 7.2
      vertex 34.85 3.53923 7.2
      vertex 34.9805 3.45202 7.2
    endloop
  endfacet
  facet normal 0 0 1
    outer loop
      vertex 39.275 5.52 7.2
      vertex 34.7092 3.60866 7.2
      vertex 34.85 3.53923 7.2
    endloop
  endfacet
  facet normal 0 0 1
    outer loop
      vertex 39.275 5.52 7.2
      vertex 34.5606 3.65911 7.2
      vertex 34.7092 3.60866 7.2
    endloop
  endfacet
  facet normal 0 0 1
    outer loop
      vertex 39.275 9.3 7.2
      vertex 34.5606 3.65911 7.2
      vertex 39.275 5.52 7.2
    endloop
  endfacet
  facet normal 0 -0 1
    outer loop
      vertex 34.5606 3.65911 7.2
      vertex 39.275 9.3 7.2
      vertex 34.4066 3.68973 7.2
    endloop
  endfacet
  facet normal 0 -0 1
    outer loop
      vertex 34.4066 3.68973 7.2
      vertex 39.275 9.3 7.2
      vertex 34.25 3.7 7.2
    endloop
  endfacet
  facet normal 0 0 1
    outer loop
      vertex 39.275 9.3 7.2
      vertex 33.9394 3.65911 7.2
      vertex 34.0934 3.68973 7.2
    endloop
  endfacet
  facet normal 0 0 1
    outer loop
      vertex 39.275 9.3 7.2
      vertex 33.7908 3.60866 7.2
      vertex 33.9394 3.65911 7.2
    endloop
  endfacet
  facet normal 0 -0 1
    outer loop
      vertex 22.35 3.53923 7.2
      vertex 39.275 20 7.2
      vertex 22.2092 3.60866 7.2
    endloop
  endfacet
  facet normal 0 0 1
    outer loop
      vertex 39.275 9.3 7.2
      vertex 33.65 3.53923 7.2
      vertex 33.7908 3.60866 7.2
    endloop
  endfacet
  facet normal 0 0 1
    outer loop
      vertex 39.275 9.3 7.2
      vertex 22.35 3.53923 7.2
      vertex 33.65 3.53923 7.2
    endloop
  endfacet
  facet normal 0 0 1
    outer loop
      vertex 33.65 3.53923 7.2
      vertex 22.35 3.53923 7.2
      vertex 33.5195 3.45202 7.2
    endloop
  endfacet
  facet normal 0 -0 1
    outer loop
      vertex 22.4805 3.45202 7.2
      vertex 33.5195 3.45202 7.2
      vertex 22.35 3.53923 7.2
    endloop
  endfacet
  facet normal 0 0 1
    outer loop
      vertex 33.5195 3.45202 7.2
      vertex 22.4805 3.45202 7.2
      vertex 33.4015 3.34853 7.2
    endloop
  endfacet
  facet normal 0 -0 1
    outer loop
      vertex 22.5985 3.34853 7.2
      vertex 33.4015 3.34853 7.2
      vertex 22.4805 3.45202 7.2
    endloop
  endfacet
  facet normal 0 0 1
    outer loop
      vertex 33.0603 2.65663 7.2
      vertex 22.95 2.5 7.2
      vertex 33.05 2.5 7.2
    endloop
  endfacet
  facet normal 0 0 1
    outer loop
      vertex 22.9397 2.65663 7.2
      vertex 33.0603 2.65663 7.2
      vertex 33.0909 2.81058 7.2
    endloop
  endfacet
  facet normal 0 -0 1
    outer loop
      vertex 22.702 3.23051 7.2
      vertex 33.298 3.23051 7.2
      vertex 22.5985 3.34853 7.2
    endloop
  endfacet
  facet normal 0 0 1
    outer loop
      vertex 33.0603 2.65663 7.2
      vertex 22.9397 2.65663 7.2
      vertex 22.95 2.5 7.2
    endloop
  endfacet
  facet normal 0 0 1
    outer loop
      vertex 33.0909 2.81058 7.2
      vertex 22.9091 2.81058 7.2
      vertex 22.9397 2.65663 7.2
    endloop
  endfacet
  facet normal 0 0 1
    outer loop
      vertex 33.0909 2.81058 7.2
      vertex 22.8587 2.95922 7.2
      vertex 22.9091 2.81058 7.2
    endloop
  endfacet
  facet normal 0 0 1
    outer loop
      vertex 33.1413 2.95922 7.2
      vertex 22.8587 2.95922 7.2
      vertex 33.0909 2.81058 7.2
    endloop
  endfacet
  facet normal 0 -0 1
    outer loop
      vertex 22.8587 2.95922 7.2
      vertex 33.1413 2.95922 7.2
      vertex 22.7892 3.1 7.2
    endloop
  endfacet
  facet normal 0 0 1
    outer loop
      vertex 33.2108 3.1 7.2
      vertex 22.7892 3.1 7.2
      vertex 33.1413 2.95922 7.2
    endloop
  endfacet
  facet normal 0 -0 1
    outer loop
      vertex 22.7892 3.1 7.2
      vertex 33.2108 3.1 7.2
      vertex 22.702 3.23051 7.2
    endloop
  endfacet
  facet normal 0 0 1
    outer loop
      vertex 33.298 3.23051 7.2
      vertex 22.702 3.23051 7.2
      vertex 33.2108 3.1 7.2
    endloop
  endfacet
  facet normal 0 0 1
    outer loop
      vertex 33.4015 3.34853 7.2
      vertex 22.5985 3.34853 7.2
      vertex 33.298 3.23051 7.2
    endloop
  endfacet
  facet normal 0 0 1
    outer loop
      vertex 39.275 20 7.2
      vertex 22.35 3.53923 7.2
      vertex 39.275 9.3 7.2
    endloop
  endfacet
  facet normal 0 0 1
    outer loop
      vertex 22.2092 3.60866 7.2
      vertex 17.9 23.5 7.2
      vertex 22.0606 3.65911 7.2
    endloop
  endfacet
  facet normal -0 0 1
    outer loop
      vertex 17.9 5.52 7.2
      vertex 22.0606 3.65911 7.2
      vertex 17.9 23.5 7.2
    endloop
  endfacet
  facet normal 0 0 1
    outer loop
      vertex 22.0606 3.65911 7.2
      vertex 17.9 5.52 7.2
      vertex 21.9066 3.68973 7.2
    endloop
  endfacet
  facet normal 0 0 1
    outer loop
      vertex 21.9066 3.68973 7.2
      vertex 17.9 5.52 7.2
      vertex 21.75 3.7 7.2
    endloop
  endfacet
  facet normal 0 0 1
    outer loop
      vertex 21.75 3.7 7.2
      vertex 17.9 5.52 7.2
      vertex 21.5934 3.68973 7.2
    endloop
  endfacet
  facet normal 0 0 1
    outer loop
      vertex 21.5934 3.68973 7.2
      vertex 17.9 5.52 7.2
      vertex 21.4394 3.65911 7.2
    endloop
  endfacet
  facet normal 0 0 1
    outer loop
      vertex 21.4394 3.65911 7.2
      vertex 17.9 5.52 7.2
      vertex 21.2908 3.60866 7.2
    endloop
  endfacet
  facet normal 0 0 1
    outer loop
      vertex 21.2908 3.60866 7.2
      vertex 17.9 5.52 7.2
      vertex 21.15 3.53923 7.2
    endloop
  endfacet
  facet normal 0 0 1
    outer loop
      vertex 20.5909 2.81058 7.2
      vertex 17.9 5.52 7.2
      vertex 20.5603 2.65663 7.2
    endloop
  endfacet
  facet normal 0 0 1
    outer loop
      vertex 20.6413 2.95922 7.2
      vertex 17.9 5.52 7.2
      vertex 20.5909 2.81058 7.2
    endloop
  endfacet
  facet normal 0 0 1
    outer loop
      vertex 20.7108 3.1 7.2
      vertex 17.9 5.52 7.2
      vertex 20.6413 2.95922 7.2
    endloop
  endfacet
  facet normal 0 0 1
    outer loop
      vertex 20.798 3.23051 7.2
      vertex 17.9 5.52 7.2
      vertex 20.7108 3.1 7.2
    endloop
  endfacet
  facet normal 0 0 1
    outer loop
      vertex 20.9015 3.34853 7.2
      vertex 17.9 5.52 7.2
      vertex 20.798 3.23051 7.2
    endloop
  endfacet
  facet normal 0 0 1
    outer loop
      vertex 21.0195 3.45202 7.2
      vertex 17.9 5.52 7.2
      vertex 20.9015 3.34853 7.2
    endloop
  endfacet
  facet normal 0 0 1
    outer loop
      vertex 21.15 3.53923 7.2
      vertex 17.9 5.52 7.2
      vertex 21.0195 3.45202 7.2
    endloop
  endfacet
  facet normal 0 0 1
    outer loop
      vertex 39.65 23.7 7.2
      vertex 17.9 23.5 7.2
      vertex 39.275 23.5 7.2
    endloop
  endfacet
  facet normal -0 0 1
    outer loop
      vertex 17 23.7 7.2
      vertex 17.9 23.5 7.2
      vertex 39.65 23.7 7.2
    endloop
  endfacet
  facet normal 0 0 1
    outer loop
      vertex 17.9 23.5 7.2
      vertex 17 23.7 7.2
      vertex 17 23.5 7.2
    endloop
  endfacet
  facet normal -0 0 1
    outer loop
      vertex 39.275 20 7.2
      vertex 39.65 9.3 7.2
      vertex 39.65 20 7.2
    endloop
  endfacet
  facet normal 0 0 1
    outer loop
      vertex 39.65 9.3 7.2
      vertex 39.275 20 7.2
      vertex 39.275 9.3 7.2
    endloop
  endfacet
  facet normal -0 0 1
    outer loop
      vertex 39.275 5.52 7.2
      vertex 39.65 0 7.2
      vertex 39.65 5.52 7.2
    endloop
  endfacet
  facet normal -0 0 1
    outer loop
      vertex 35.45 2.5 7.2
      vertex 39.65 0 7.2
      vertex 39.275 5.52 7.2
    endloop
  endfacet
  facet normal -0 0 1
    outer loop
      vertex 35.4397 2.34337 7.2
      vertex 39.65 0 7.2
      vertex 35.45 2.5 7.2
    endloop
  endfacet
  facet normal -0 0 1
    outer loop
      vertex 35.4091 2.18942 7.2
      vertex 39.65 0 7.2
      vertex 35.4397 2.34337 7.2
    endloop
  endfacet
  facet normal -0 0 1
    outer loop
      vertex 35.3587 2.04078 7.2
      vertex 39.65 0 7.2
      vertex 35.4091 2.18942 7.2
    endloop
  endfacet
  facet normal -0 0 1
    outer loop
      vertex 35.2892 1.9 7.2
      vertex 39.65 0 7.2
      vertex 35.3587 2.04078 7.2
    endloop
  endfacet
  facet normal -0 0 1
    outer loop
      vertex 35.202 1.76949 7.2
      vertex 39.65 0 7.2
      vertex 35.2892 1.9 7.2
    endloop
  endfacet
  facet normal -0 0 1
    outer loop
      vertex 35.0985 1.65147 7.2
      vertex 39.65 0 7.2
      vertex 35.202 1.76949 7.2
    endloop
  endfacet
  facet normal -0 0 1
    outer loop
      vertex 34.9805 1.54798 7.2
      vertex 39.65 0 7.2
      vertex 35.0985 1.65147 7.2
    endloop
  endfacet
  facet normal -0 0 1
    outer loop
      vertex 34.85 1.46077 7.2
      vertex 39.65 0 7.2
      vertex 34.9805 1.54798 7.2
    endloop
  endfacet
  facet normal -0 0 1
    outer loop
      vertex 34.7092 1.39135 7.2
      vertex 39.65 0 7.2
      vertex 34.85 1.46077 7.2
    endloop
  endfacet
  facet normal -0 0 1
    outer loop
      vertex 34.5606 1.34089 7.2
      vertex 39.65 0 7.2
      vertex 34.7092 1.39135 7.2
    endloop
  endfacet
  facet normal -0 0 1
    outer loop
      vertex 34.4066 1.31027 7.2
      vertex 39.65 0 7.2
      vertex 34.5606 1.34089 7.2
    endloop
  endfacet
  facet normal -0 0 1
    outer loop
      vertex 34.25 1.3 7.2
      vertex 39.65 0 7.2
      vertex 34.4066 1.31027 7.2
    endloop
  endfacet
  facet normal 0 0 1
    outer loop
      vertex 34.0934 1.31027 7.2
      vertex 39.65 0 7.2
      vertex 34.25 1.3 7.2
    endloop
  endfacet
  facet normal 0 0 1
    outer loop
      vertex 21.9066 1.31027 7.2
      vertex 34.0934 1.31027 7.2
      vertex 33.9394 1.34089 7.2
    endloop
  endfacet
  facet normal -0 0 1
    outer loop
      vertex 22.95 2.5 7.2
      vertex 33.0603 2.34337 7.2
      vertex 33.05 2.5 7.2
    endloop
  endfacet
  facet normal 0 0 1
    outer loop
      vertex 22.9397 2.34337 7.2
      vertex 33.0603 2.34337 7.2
      vertex 22.95 2.5 7.2
    endloop
  endfacet
  facet normal 0 0 1
    outer loop
      vertex 33.0603 2.34337 7.2
      vertex 22.9397 2.34337 7.2
      vertex 33.0909 2.18942 7.2
    endloop
  endfacet
  facet normal 0 0 1
    outer loop
      vertex 22.9091 2.18942 7.2
      vertex 33.0909 2.18942 7.2
      vertex 22.9397 2.34337 7.2
    endloop
  endfacet
  facet normal 0 0 1
    outer loop
      vertex 33.0909 2.18942 7.2
      vertex 22.9091 2.18942 7.2
      vertex 33.1413 2.04078 7.2
    endloop
  endfacet
  facet normal 0 0 1
    outer loop
      vertex 22.8587 2.04078 7.2
      vertex 33.1413 2.04078 7.2
      vertex 22.9091 2.18942 7.2
    endloop
  endfacet
  facet normal 0 0 1
    outer loop
      vertex 33.1413 2.04078 7.2
      vertex 22.8587 2.04078 7.2
      vertex 33.2108 1.9 7.2
    endloop
  endfacet
  facet normal 0 0 1
    outer loop
      vertex 22.7892 1.9 7.2
      vertex 33.2108 1.9 7.2
      vertex 22.8587 2.04078 7.2
    endloop
  endfacet
  facet normal 0 0 1
    outer loop
      vertex 33.2108 1.9 7.2
      vertex 22.7892 1.9 7.2
      vertex 33.298 1.76949 7.2
    endloop
  endfacet
  facet normal 0 0 1
    outer loop
      vertex 22.702 1.76949 7.2
      vertex 33.298 1.76949 7.2
      vertex 22.7892 1.9 7.2
    endloop
  endfacet
  facet normal 0 0 1
    outer loop
      vertex 33.298 1.76949 7.2
      vertex 22.702 1.76949 7.2
      vertex 33.4015 1.65147 7.2
    endloop
  endfacet
  facet normal 0 0 1
    outer loop
      vertex 22.5985 1.65147 7.2
      vertex 33.4015 1.65147 7.2
      vertex 22.702 1.76949 7.2
    endloop
  endfacet
  facet normal 0 0 1
    outer loop
      vertex 33.4015 1.65147 7.2
      vertex 22.5985 1.65147 7.2
      vertex 33.5195 1.54798 7.2
    endloop
  endfacet
  facet normal 0 0 1
    outer loop
      vertex 22.4805 1.54798 7.2
      vertex 33.5195 1.54798 7.2
      vertex 22.5985 1.65147 7.2
    endloop
  endfacet
  facet normal 0 0 1
    outer loop
      vertex 33.5195 1.54798 7.2
      vertex 22.4805 1.54798 7.2
      vertex 33.65 1.46077 7.2
    endloop
  endfacet
  facet normal 0 0 1
    outer loop
      vertex 22.35 1.46077 7.2
      vertex 33.65 1.46077 7.2
      vertex 22.4805 1.54798 7.2
    endloop
  endfacet
  facet normal 0 0 1
    outer loop
      vertex 33.65 1.46077 7.2
      vertex 22.35 1.46077 7.2
      vertex 33.7908 1.39135 7.2
    endloop
  endfacet
  facet normal 0 0 1
    outer loop
      vertex 22.2092 1.39135 7.2
      vertex 33.7908 1.39135 7.2
      vertex 22.35 1.46077 7.2
    endloop
  endfacet
  facet normal 0 0 1
    outer loop
      vertex 33.7908 1.39135 7.2
      vertex 22.2092 1.39135 7.2
      vertex 33.9394 1.34089 7.2
    endloop
  endfacet
  facet normal 0 0 1
    outer loop
      vertex 22.0606 1.34089 7.2
      vertex 33.9394 1.34089 7.2
      vertex 22.2092 1.39135 7.2
    endloop
  endfacet
  facet normal 0 0 1
    outer loop
      vertex 21.9066 1.31027 7.2
      vertex 33.9394 1.34089 7.2
      vertex 22.0606 1.34089 7.2
    endloop
  endfacet
  facet normal 0 0 1
    outer loop
      vertex 34.0934 1.31027 7.2
      vertex 21.9066 1.31027 7.2
      vertex 17 0 7.2
    endloop
  endfacet
  facet normal 0 0 1
    outer loop
      vertex 17 0 7.2
      vertex 21.9066 1.31027 7.2
      vertex 21.75 1.3 7.2
    endloop
  endfacet
  facet normal 0 0 1
    outer loop
      vertex 17 0 7.2
      vertex 21.75 1.3 7.2
      vertex 21.5934 1.31027 7.2
    endloop
  endfacet
  facet normal 0 0 1
    outer loop
      vertex 20.5603 2.65663 7.2
      vertex 17.9 5.52 7.2
      vertex 20.55 2.5 7.2
    endloop
  endfacet
  facet normal 0 0 1
    outer loop
      vertex 17 0 7.2
      vertex 20.55 2.5 7.2
      vertex 17.9 5.52 7.2
    endloop
  endfacet
  facet normal 0 0 1
    outer loop
      vertex 20.55 2.5 7.2
      vertex 17 0 7.2
      vertex 20.5603 2.34337 7.2
    endloop
  endfacet
  facet normal 0 0 1
    outer loop
      vertex 20.5603 2.34337 7.2
      vertex 17 0 7.2
      vertex 20.5909 2.18942 7.2
    endloop
  endfacet
  facet normal 0 0 1
    outer loop
      vertex 20.5909 2.18942 7.2
      vertex 17 0 7.2
      vertex 20.6413 2.04078 7.2
    endloop
  endfacet
  facet normal 0 0 1
    outer loop
      vertex 20.6413 2.04078 7.2
      vertex 17 0 7.2
      vertex 20.7108 1.9 7.2
    endloop
  endfacet
  facet normal 0 0 1
    outer loop
      vertex 17 0 7.2
      vertex 17.9 5.52 7.2
      vertex 17 5.52 7.2
    endloop
  endfacet
  facet normal 0 0 1
    outer loop
      vertex 20.7108 1.9 7.2
      vertex 17 0 7.2
      vertex 20.798 1.76949 7.2
    endloop
  endfacet
  facet normal 0 0 1
    outer loop
      vertex 34.0934 1.31027 7.2
      vertex 17 0 7.2
      vertex 39.65 0 7.2
    endloop
  endfacet
  facet normal 0 0 1
    outer loop
      vertex 21.4394 1.34089 7.2
      vertex 17 0 7.2
      vertex 21.5934 1.31027 7.2
    endloop
  endfacet
  facet normal 0 0 1
    outer loop
      vertex 21.2908 1.39135 7.2
      vertex 17 0 7.2
      vertex 21.4394 1.34089 7.2
    endloop
  endfacet
  facet normal 0 0 1
    outer loop
      vertex 21.15 1.46077 7.2
      vertex 17 0 7.2
      vertex 21.2908 1.39135 7.2
    endloop
  endfacet
  facet normal 0 0 1
    outer loop
      vertex 21.0195 1.54798 7.2
      vertex 17 0 7.2
      vertex 21.15 1.46077 7.2
    endloop
  endfacet
  facet normal 0 0 1
    outer loop
      vertex 20.9015 1.65147 7.2
      vertex 17 0 7.2
      vertex 21.0195 1.54798 7.2
    endloop
  endfacet
  facet normal 0 0 1
    outer loop
      vertex 20.798 1.76949 7.2
      vertex 17 0 7.2
      vertex 20.9015 1.65147 7.2
    endloop
  endfacet
  facet normal 0 0 -1
    outer loop
      vertex 39.65 20 7.2
      vertex 40.25 23.5 7.2
      vertex 40.25 20 7.2
    endloop
  endfacet
  facet normal -0 0 -1
    outer loop
      vertex 40.25 23.5 7.2
      vertex 39.65 20 7.2
      vertex 39.65 23.5 7.2
    endloop
  endfacet
  facet normal 0 0 -1
    outer loop
      vertex 39.65 5.52 7.2
      vertex 40.25 9.3 7.2
      vertex 40.25 5.52 7.2
    endloop
  endfacet
  facet normal -0 0 -1
    outer loop
      vertex 40.25 9.3 7.2
      vertex 39.65 5.52 7.2
      vertex 39.65 9.3 7.2
    endloop
  endfacet
  facet normal -0 0 1
    outer loop
      vertex 39.275 23.5 8.95
      vertex 40.25 20 8.95
      vertex 40.25 23.5 8.95
    endloop
  endfacet
  facet normal 0 0 1
    outer loop
      vertex 40.25 20 8.95
      vertex 39.275 23.5 8.95
      vertex 39.275 20 8.95
    endloop
  endfacet
  facet normal -1 0 0
    outer loop
      vertex 39.275 5.52 7.2
      vertex 39.275 9.3 8.95
      vertex 39.275 9.3 7.2
    endloop
  endfacet
  facet normal -1 -0 0
    outer loop
      vertex 39.275 9.3 8.95
      vertex 39.275 5.52 7.2
      vertex 39.275 5.52 8.95
    endloop
  endfacet
  facet normal 0 -1 0
    outer loop
      vertex 39.65 5.52 7.2
      vertex 39.275 5.52 8.95
      vertex 39.275 5.52 7.2
    endloop
  endfacet
  facet normal 0 -1 0
    outer loop
      vertex 39.275 5.52 8.95
      vertex 39.65 5.52 7.2
      vertex 40.25 5.52 8.95
    endloop
  endfacet
  facet normal 0 -1 -0
    outer loop
      vertex 40.25 5.52 8.95
      vertex 39.65 5.52 7.2
      vertex 40.25 5.52 7.2
    endloop
  endfacet
  facet normal 1 -0 0
    outer loop
      vertex 40.25 5.52 8.95
      vertex 40.25 9.3 7.2
      vertex 40.25 9.3 8.95
    endloop
  endfacet
  facet normal 1 0 0
    outer loop
      vertex 40.25 9.3 7.2
      vertex 40.25 5.52 8.95
      vertex 40.25 5.52 7.2
    endloop
  endfacet
  facet normal -0 0 1
    outer loop
      vertex 39.275 9.3 8.95
      vertex 40.25 5.52 8.95
      vertex 40.25 9.3 8.95
    endloop
  endfacet
  facet normal 0 0 1
    outer loop
      vertex 40.25 5.52 8.95
      vertex 39.275 9.3 8.95
      vertex 39.275 5.52 8.95
    endloop
  endfacet
  facet normal 0 1 0
    outer loop
      vertex 39.65 9.3 7.2
      vertex 40.25 9.3 8.95
      vertex 40.25 9.3 7.2
    endloop
  endfacet
  facet normal 0 1 0
    outer loop
      vertex 40.25 9.3 8.95
      vertex 39.65 9.3 7.2
      vertex 39.275 9.3 8.95
    endloop
  endfacet
  facet normal 0 1 0
    outer loop
      vertex 39.275 9.3 8.95
      vertex 39.65 9.3 7.2
      vertex 39.275 9.3 7.2
    endloop
  endfacet
  facet normal 0.0654088 0 0.997859
    outer loop
      vertex 2.5 15.9 9
      vertex 2.82632 14.9 8.97861
      vertex 2.82632 15.9 8.97861
    endloop
  endfacet
  facet normal 0.0654088 0 0.997859
    outer loop
      vertex 2.82632 14.9 8.97861
      vertex 2.5 15.9 9
      vertex 2.5 14.9 9
    endloop
  endfacet
  facet normal 0.751858 -0 0.659325
    outer loop
      vertex 4.26777 14.9 8.26777
      vertex 4.48338 15.9 8.0219
      vertex 4.26777 15.9 8.26777
    endloop
  endfacet
  facet normal 0.751858 0 0.659325
    outer loop
      vertex 4.48338 15.9 8.0219
      vertex 4.26777 14.9 8.26777
      vertex 4.48338 14.9 8.0219
    endloop
  endfacet
  facet normal -0.659334 0 0.75185
    outer loop
      vertex 0.732233 15.9 8.26777
      vertex 0.978097 14.9 8.48338
      vertex 0.978097 15.9 8.48338
    endloop
  endfacet
  facet normal -0.659334 0 0.75185
    outer loop
      vertex 0.978097 14.9 8.48338
      vertex 0.732233 15.9 8.26777
      vertex 0.732233 14.9 8.26777
    endloop
  endfacet
  facet normal -0.321425 0 0.946935
    outer loop
      vertex 1.54329 15.9 8.8097
      vertex 1.85295 14.9 8.91481
      vertex 1.85295 15.9 8.91481
    endloop
  endfacet
  facet normal -0.321425 0 0.946935
    outer loop
      vertex 1.85295 14.9 8.91481
      vertex 1.54329 15.9 8.8097
      vertex 1.54329 14.9 8.8097
    endloop
  endfacet
  facet normal 0.896868 -0 0.442299
    outer loop
      vertex 4.66506 14.9 7.75
      vertex 4.78835 15.9 7.5
      vertex 4.66506 15.9 7.75
    endloop
  endfacet
  facet normal 0.896868 0 0.442299
    outer loop
      vertex 4.78835 15.9 7.5
      vertex 4.66506 14.9 7.75
      vertex 4.78835 14.9 7.5
    endloop
  endfacet
  facet normal 0.831466 -0 0.555575
    outer loop
      vertex 4.48338 14.9 8.0219
      vertex 4.66506 15.9 7.75
      vertex 4.48338 15.9 8.0219
    endloop
  endfacet
  facet normal 0.831466 0 0.555575
    outer loop
      vertex 4.66506 15.9 7.75
      vertex 4.48338 14.9 8.0219
      vertex 4.66506 14.9 7.75
    endloop
  endfacet
  facet normal 0.442302 0 0.896866
    outer loop
      vertex 3.45671 15.9 8.8097
      vertex 3.75 14.9 8.66506
      vertex 3.75 15.9 8.66506
    endloop
  endfacet
  facet normal 0.442302 0 0.896866
    outer loop
      vertex 3.75 14.9 8.66506
      vertex 3.45671 15.9 8.8097
      vertex 3.45671 14.9 8.8097
    endloop
  endfacet
  facet normal 0.659325 0 0.751858
    outer loop
      vertex 4.0219 15.9 8.48338
      vertex 4.26777 14.9 8.26777
      vertex 4.26777 15.9 8.26777
    endloop
  endfacet
  facet normal 0.659325 0 0.751858
    outer loop
      vertex 4.26777 14.9 8.26777
      vertex 4.0219 15.9 8.48338
      vertex 4.0219 14.9 8.48338
    endloop
  endfacet
  facet normal -0.896873 0 0.442288
    outer loop
      vertex 0.211651 14.9 7.5
      vertex 0.334937 15.9 7.75
      vertex 0.211651 15.9 7.5
    endloop
  endfacet
  facet normal -0.896873 0 0.442288
    outer loop
      vertex 0.334937 15.9 7.75
      vertex 0.211651 14.9 7.5
      vertex 0.334937 14.9 7.75
    endloop
  endfacet
  facet normal -0.831466 0 0.555575
    outer loop
      vertex 0.334937 14.9 7.75
      vertex 0.516617 15.9 8.0219
      vertex 0.334937 15.9 7.75
    endloop
  endfacet
  facet normal -0.831466 0 0.555575
    outer loop
      vertex 0.516617 15.9 8.0219
      vertex 0.334937 14.9 7.75
      vertex 0.516617 14.9 8.0219
    endloop
  endfacet
  facet normal -0.442302 0 0.896866
    outer loop
      vertex 1.25 15.9 8.66506
      vertex 1.54329 14.9 8.8097
      vertex 1.54329 15.9 8.8097
    endloop
  endfacet
  facet normal -0.442302 0 0.896866
    outer loop
      vertex 1.54329 14.9 8.8097
      vertex 1.25 15.9 8.66506
      vertex 1.25 14.9 8.66506
    endloop
  endfacet
  facet normal -0.0654108 0 0.997858
    outer loop
      vertex 2.17369 15.9 8.97861
      vertex 2.5 14.9 9
      vertex 2.5 15.9 9
    endloop
  endfacet
  facet normal -0.0654108 0 0.997858
    outer loop
      vertex 2.5 14.9 9
      vertex 2.17369 15.9 8.97861
      vertex 2.17369 14.9 8.97861
    endloop
  endfacet
  facet normal -0.195093 0 -0.980785
    outer loop
      vertex 1.85295 14.9 4.08519
      vertex 2.17369 15.9 4.02139
      vertex 2.17369 14.9 4.02139
    endloop
  endfacet
  facet normal -0.195093 0 -0.980785
    outer loop
      vertex 2.17369 15.9 4.02139
      vertex 1.85295 14.9 4.08519
      vertex 1.85295 15.9 4.08519
    endloop
  endfacet
  facet normal 0.195099 0 -0.980784
    outer loop
      vertex 2.82632 14.9 4.02139
      vertex 3.14705 15.9 4.08519
      vertex 3.14705 14.9 4.08519
    endloop
  endfacet
  facet normal 0.195099 0 -0.980784
    outer loop
      vertex 3.14705 15.9 4.08519
      vertex 2.82632 14.9 4.02139
      vertex 2.82632 15.9 4.02139
    endloop
  endfacet
  facet normal 0.321425 0 0.946935
    outer loop
      vertex 3.14705 15.9 8.91481
      vertex 3.45671 14.9 8.8097
      vertex 3.45671 15.9 8.8097
    endloop
  endfacet
  facet normal 0.321425 0 0.946935
    outer loop
      vertex 3.45671 14.9 8.8097
      vertex 3.14705 15.9 8.91481
      vertex 3.14705 14.9 8.91481
    endloop
  endfacet
  facet normal 0.195099 0 0.980784
    outer loop
      vertex 2.82632 15.9 8.97861
      vertex 3.14705 14.9 8.91481
      vertex 3.14705 15.9 8.91481
    endloop
  endfacet
  facet normal 0.195099 0 0.980784
    outer loop
      vertex 3.14705 14.9 8.91481
      vertex 2.82632 15.9 8.97861
      vertex 2.82632 14.9 8.97861
    endloop
  endfacet
  facet normal -0.751849 0 0.659335
    outer loop
      vertex 0.516617 14.9 8.0219
      vertex 0.732233 15.9 8.26777
      vertex 0.516617 15.9 8.0219
    endloop
  endfacet
  facet normal -0.751849 0 0.659335
    outer loop
      vertex 0.732233 15.9 8.26777
      vertex 0.516617 14.9 8.0219
      vertex 0.732233 14.9 8.26777
    endloop
  endfacet
  facet normal 0 -1 0
    outer loop
      vertex 4.0219 14.9 4.51662
      vertex 3.23051 14.9 5.54798
      vertex 3.1 14.9 5.46077
    endloop
  endfacet
  facet normal 0 -1 0
    outer loop
      vertex 3.75 14.9 4.33494
      vertex 3.1 14.9 5.46077
      vertex 2.95922 14.9 5.39134
    endloop
  endfacet
  facet normal 0 -1 0
    outer loop
      vertex 3.45671 14.9 4.1903
      vertex 2.95922 14.9 5.39134
      vertex 2.81058 14.9 5.34089
    endloop
  endfacet
  facet normal 0 -1 0
    outer loop
      vertex 3.14705 14.9 4.08519
      vertex 2.81058 14.9 5.34089
      vertex 2.65663 14.9 5.31027
    endloop
  endfacet
  facet normal 0 -1 0
    outer loop
      vertex 3.23051 14.9 5.54798
      vertex 4.66506 14.9 5.25
      vertex 4.78835 14.9 5.5
    endloop
  endfacet
  facet normal 0 -1 0
    outer loop
      vertex 2.82632 14.9 4.02139
      vertex 2.65663 14.9 5.31027
      vertex 2.5 14.9 5.3
    endloop
  endfacet
  facet normal 0 -1 -0
    outer loop
      vertex 1.9 14.9 5.46077
      vertex 1.25 14.9 4.33494
      vertex 2.04078 14.9 5.39134
    endloop
  endfacet
  facet normal 0 -1 0
    outer loop
      vertex 1.54329 14.9 4.1903
      vertex 2.04078 14.9 5.39134
      vertex 1.25 14.9 4.33494
    endloop
  endfacet
  facet normal 0 -1 0
    outer loop
      vertex 3.23051 14.9 5.54798
      vertex 4.48338 14.9 4.9781
      vertex 4.66506 14.9 5.25
    endloop
  endfacet
  facet normal 0 -1 -0
    outer loop
      vertex 2.04078 14.9 5.39134
      vertex 1.54329 14.9 4.1903
      vertex 2.18942 14.9 5.34089
    endloop
  endfacet
  facet normal 0 -1 0
    outer loop
      vertex 3.23051 14.9 5.54798
      vertex 4.26777 14.9 4.73223
      vertex 4.48338 14.9 4.9781
    endloop
  endfacet
  facet normal 0 -1 0
    outer loop
      vertex 1.85295 14.9 4.08519
      vertex 2.18942 14.9 5.34089
      vertex 1.54329 14.9 4.1903
    endloop
  endfacet
  facet normal 0 -1 0
    outer loop
      vertex 3.23051 14.9 5.54798
      vertex 4.0219 14.9 4.51662
      vertex 4.26777 14.9 4.73223
    endloop
  endfacet
  facet normal 0 -1 -0
    outer loop
      vertex 2.18942 14.9 5.34089
      vertex 1.85295 14.9 4.08519
      vertex 2.34337 14.9 5.31027
    endloop
  endfacet
  facet normal 0 -1 0
    outer loop
      vertex 3.1 14.9 5.46077
      vertex 3.75 14.9 4.33494
      vertex 4.0219 14.9 4.51662
    endloop
  endfacet
  facet normal 0 -1 0
    outer loop
      vertex 2.17369 14.9 4.02139
      vertex 2.34337 14.9 5.31027
      vertex 1.85295 14.9 4.08519
    endloop
  endfacet
  facet normal 0 -1 0
    outer loop
      vertex 2.95922 14.9 5.39134
      vertex 3.45671 14.9 4.1903
      vertex 3.75 14.9 4.33494
    endloop
  endfacet
  facet normal 0 -1 -0
    outer loop
      vertex 2.34337 14.9 5.31027
      vertex 2.17369 14.9 4.02139
      vertex 2.5 14.9 5.3
    endloop
  endfacet
  facet normal 0 -1 0
    outer loop
      vertex 2.81058 14.9 5.34089
      vertex 3.14705 14.9 4.08519
      vertex 3.45671 14.9 4.1903
    endloop
  endfacet
  facet normal 0 -1 0
    outer loop
      vertex 2.5 14.9 4
      vertex 2.5 14.9 5.3
      vertex 2.17369 14.9 4.02139
    endloop
  endfacet
  facet normal 0 -1 0
    outer loop
      vertex 2.65663 14.9 5.31027
      vertex 2.82632 14.9 4.02139
      vertex 3.14705 14.9 4.08519
    endloop
  endfacet
  facet normal 0 -1 0
    outer loop
      vertex 2.5 14.9 5.3
      vertex 2.5 14.9 4
      vertex 2.82632 14.9 4.02139
    endloop
  endfacet
  facet normal 0 -1 0
    outer loop
      vertex 0.211651 14.9 5.5
      vertex 0.211651 14.9 7.5
      vertex 0 14.9 7.5
    endloop
  endfacet
  facet normal 0 -1 0
    outer loop
      vertex 0.211651 14.9 7.5
      vertex 1.65147 14.9 7.34853
      vertex 1.76949 14.9 7.45202
    endloop
  endfacet
  facet normal 0 -1 0
    outer loop
      vertex 0.211651 14.9 7.5
      vertex 1.54798 14.9 7.23051
      vertex 1.65147 14.9 7.34853
    endloop
  endfacet
  facet normal 0 -1 0
    outer loop
      vertex 0.211651 14.9 7.5
      vertex 1.46077 14.9 7.1
      vertex 1.54798 14.9 7.23051
    endloop
  endfacet
  facet normal 0 -1 0
    outer loop
      vertex 0.211651 14.9 7.5
      vertex 1.39135 14.9 6.95922
      vertex 1.46077 14.9 7.1
    endloop
  endfacet
  facet normal 0 -1 0
    outer loop
      vertex 0.211651 14.9 7.5
      vertex 1.34089 14.9 6.81058
      vertex 1.39135 14.9 6.95922
    endloop
  endfacet
  facet normal 0 -1 0
    outer loop
      vertex 0.211651 14.9 7.5
      vertex 1.31027 14.9 6.65663
      vertex 1.34089 14.9 6.81058
    endloop
  endfacet
  facet normal 0 -1 0
    outer loop
      vertex 0.211651 14.9 7.5
      vertex 1.3 14.9 6.5
      vertex 1.31027 14.9 6.65663
    endloop
  endfacet
  facet normal 0 -1 0
    outer loop
      vertex 0.211651 14.9 7.5
      vertex 0.211651 14.9 5.5
      vertex 1.3 14.9 6.5
    endloop
  endfacet
  facet normal 0 -1 -0
    outer loop
      vertex 1.3 14.9 6.5
      vertex 0.211651 14.9 5.5
      vertex 1.31027 14.9 6.34337
    endloop
  endfacet
  facet normal 0 -1 -0
    outer loop
      vertex 1.31027 14.9 6.34337
      vertex 0.211651 14.9 5.5
      vertex 1.34089 14.9 6.18942
    endloop
  endfacet
  facet normal 0 -1 -0
    outer loop
      vertex 1.34089 14.9 6.18942
      vertex 0.211651 14.9 5.5
      vertex 1.39135 14.9 6.04078
    endloop
  endfacet
  facet normal 0 -1 -0
    outer loop
      vertex 1.39135 14.9 6.04078
      vertex 0.211651 14.9 5.5
      vertex 1.46077 14.9 5.9
    endloop
  endfacet
  facet normal 0 -1 0
    outer loop
      vertex 0.334937 14.9 5.25
      vertex 1.46077 14.9 5.9
      vertex 0.211651 14.9 5.5
    endloop
  endfacet
  facet normal 0 -1 0
    outer loop
      vertex 0.211651 14.9 5.5
      vertex 0 14.9 7.5
      vertex 0 14.9 5.5
    endloop
  endfacet
  facet normal 0 -1 -0
    outer loop
      vertex 1.46077 14.9 5.9
      vertex 0.334937 14.9 5.25
      vertex 1.54798 14.9 5.76949
    endloop
  endfacet
  facet normal 0 -1 0
    outer loop
      vertex 0.516617 14.9 4.9781
      vertex 1.54798 14.9 5.76949
      vertex 0.334937 14.9 5.25
    endloop
  endfacet
  facet normal 0 -1 -0
    outer loop
      vertex 1.54798 14.9 5.76949
      vertex 0.516617 14.9 4.9781
      vertex 1.65147 14.9 5.65147
    endloop
  endfacet
  facet normal 0 -1 0
    outer loop
      vertex 0.732233 14.9 4.73223
      vertex 1.65147 14.9 5.65147
      vertex 0.516617 14.9 4.9781
    endloop
  endfacet
  facet normal 0 -1 -0
    outer loop
      vertex 1.65147 14.9 5.65147
      vertex 0.732233 14.9 4.73223
      vertex 1.76949 14.9 5.54798
    endloop
  endfacet
  facet normal 0 -1 0
    outer loop
      vertex 0.978097 14.9 4.51662
      vertex 1.76949 14.9 5.54798
      vertex 0.732233 14.9 4.73223
    endloop
  endfacet
  facet normal 0 -1 0
    outer loop
      vertex 1.25 14.9 4.33494
      vertex 1.9 14.9 5.46077
      vertex 0.978097 14.9 4.51662
    endloop
  endfacet
  facet normal 0 -1 -0
    outer loop
      vertex 1.76949 14.9 5.54798
      vertex 0.978097 14.9 4.51662
      vertex 1.9 14.9 5.46077
    endloop
  endfacet
  facet normal 0 -1 0
    outer loop
      vertex 2.5 14.9 7.7
      vertex 2.5 14.9 9
      vertex 2.17369 14.9 8.97861
    endloop
  endfacet
  facet normal 0 -1 0
    outer loop
      vertex 2.34337 14.9 7.68973
      vertex 2.17369 14.9 8.97861
      vertex 1.85295 14.9 8.91481
    endloop
  endfacet
  facet normal 0 -1 0
    outer loop
      vertex 2.5 14.9 9
      vertex 2.5 14.9 7.7
      vertex 2.82632 14.9 8.97861
    endloop
  endfacet
  facet normal 0 -1 0
    outer loop
      vertex 2.18942 14.9 7.65911
      vertex 1.85295 14.9 8.91481
      vertex 1.54329 14.9 8.8097
    endloop
  endfacet
  facet normal 0 -1 0
    outer loop
      vertex 2.65663 14.9 7.68973
      vertex 2.82632 14.9 8.97861
      vertex 2.5 14.9 7.7
    endloop
  endfacet
  facet normal 0 -1 0
    outer loop
      vertex 2.04078 14.9 7.60865
      vertex 1.54329 14.9 8.8097
      vertex 1.25 14.9 8.66506
    endloop
  endfacet
  facet normal 0 -1 -0
    outer loop
      vertex 2.82632 14.9 8.97861
      vertex 2.65663 14.9 7.68973
      vertex 3.14705 14.9 8.91481
    endloop
  endfacet
  facet normal 0 -1 0
    outer loop
      vertex 1.9 14.9 7.53923
      vertex 1.25 14.9 8.66506
      vertex 0.978097 14.9 8.48338
    endloop
  endfacet
  facet normal 0 -1 0
    outer loop
      vertex 2.81058 14.9 7.65911
      vertex 3.14705 14.9 8.91481
      vertex 2.65663 14.9 7.68973
    endloop
  endfacet
  facet normal 0 -1 0
    outer loop
      vertex 1.76949 14.9 7.45202
      vertex 0.978097 14.9 8.48338
      vertex 0.732233 14.9 8.26777
    endloop
  endfacet
  facet normal 0 -1 -0
    outer loop
      vertex 3.14705 14.9 8.91481
      vertex 2.81058 14.9 7.65911
      vertex 3.45671 14.9 8.8097
    endloop
  endfacet
  facet normal 0 -1 0
    outer loop
      vertex 1.76949 14.9 7.45202
      vertex 0.732233 14.9 8.26777
      vertex 0.516617 14.9 8.0219
    endloop
  endfacet
  facet normal 0 -1 0
    outer loop
      vertex 2.95922 14.9 7.60865
      vertex 3.45671 14.9 8.8097
      vertex 2.81058 14.9 7.65911
    endloop
  endfacet
  facet normal 0 -1 0
    outer loop
      vertex 1.76949 14.9 7.45202
      vertex 0.516617 14.9 8.0219
      vertex 0.334937 14.9 7.75
    endloop
  endfacet
  facet normal 0 -1 -0
    outer loop
      vertex 3.45671 14.9 8.8097
      vertex 2.95922 14.9 7.60865
      vertex 3.75 14.9 8.66506
    endloop
  endfacet
  facet normal 0 -1 0
    outer loop
      vertex 3.1 14.9 7.53923
      vertex 3.75 14.9 8.66506
      vertex 2.95922 14.9 7.60865
    endloop
  endfacet
  facet normal 0 -1 0
    outer loop
      vertex 2.17369 14.9 8.97861
      vertex 2.34337 14.9 7.68973
      vertex 2.5 14.9 7.7
    endloop
  endfacet
  facet normal 0 -1 0
    outer loop
      vertex 1.85295 14.9 8.91481
      vertex 2.18942 14.9 7.65911
      vertex 2.34337 14.9 7.68973
    endloop
  endfacet
  facet normal 0 -1 0
    outer loop
      vertex 1.54329 14.9 8.8097
      vertex 2.04078 14.9 7.60865
      vertex 2.18942 14.9 7.65911
    endloop
  endfacet
  facet normal 0 -1 0
    outer loop
      vertex 1.25 14.9 8.66506
      vertex 1.9 14.9 7.53923
      vertex 2.04078 14.9 7.60865
    endloop
  endfacet
  facet normal 0 -1 0
    outer loop
      vertex 1.76949 14.9 7.45202
      vertex 0.334937 14.9 7.75
      vertex 0.211651 14.9 7.5
    endloop
  endfacet
  facet normal 0 -1 0
    outer loop
      vertex 0.978097 14.9 8.48338
      vertex 1.76949 14.9 7.45202
      vertex 1.9 14.9 7.53923
    endloop
  endfacet
  facet normal 0 -1 -0
    outer loop
      vertex 3.75 14.9 8.66506
      vertex 3.1 14.9 7.53923
      vertex 4.0219 14.9 8.48338
    endloop
  endfacet
  facet normal 0 -1 0
    outer loop
      vertex 3.23051 14.9 7.45202
      vertex 4.0219 14.9 8.48338
      vertex 3.1 14.9 7.53923
    endloop
  endfacet
  facet normal 0 -1 -0
    outer loop
      vertex 4.0219 14.9 8.48338
      vertex 3.23051 14.9 7.45202
      vertex 4.26777 14.9 8.26777
    endloop
  endfacet
  facet normal 0 -1 0
    outer loop
      vertex 3.34853 14.9 7.34853
      vertex 4.26777 14.9 8.26777
      vertex 3.23051 14.9 7.45202
    endloop
  endfacet
  facet normal 0 -1 -0
    outer loop
      vertex 4.26777 14.9 8.26777
      vertex 3.34853 14.9 7.34853
      vertex 4.48338 14.9 8.0219
    endloop
  endfacet
  facet normal 0 -1 0
    outer loop
      vertex 3.45202 14.9 7.23051
      vertex 4.48338 14.9 8.0219
      vertex 3.34853 14.9 7.34853
    endloop
  endfacet
  facet normal 0 -1 -0
    outer loop
      vertex 4.48338 14.9 8.0219
      vertex 3.45202 14.9 7.23051
      vertex 4.66506 14.9 7.75
    endloop
  endfacet
  facet normal 0 -1 0
    outer loop
      vertex 3.53923 14.9 7.1
      vertex 4.66506 14.9 7.75
      vertex 3.45202 14.9 7.23051
    endloop
  endfacet
  facet normal 0 -1 -0
    outer loop
      vertex 4.66506 14.9 7.75
      vertex 3.53923 14.9 7.1
      vertex 4.78835 14.9 7.5
    endloop
  endfacet
  facet normal 0 -1 0
    outer loop
      vertex 3.60866 14.9 6.95922
      vertex 4.78835 14.9 7.5
      vertex 3.53923 14.9 7.1
    endloop
  endfacet
  facet normal 0 -1 0
    outer loop
      vertex 3.65911 14.9 6.81058
      vertex 4.78835 14.9 7.5
      vertex 3.60866 14.9 6.95922
    endloop
  endfacet
  facet normal 0 -1 0
    outer loop
      vertex 3.68973 14.9 6.65663
      vertex 4.78835 14.9 7.5
      vertex 3.65911 14.9 6.81058
    endloop
  endfacet
  facet normal 0 -1 0
    outer loop
      vertex 3.7 14.9 6.5
      vertex 4.78835 14.9 7.5
      vertex 3.68973 14.9 6.65663
    endloop
  endfacet
  facet normal 0 -1 -0
    outer loop
      vertex 4.78835 14.9 7.5
      vertex 3.7 14.9 6.5
      vertex 4.78835 14.9 5.5
    endloop
  endfacet
  facet normal 0 -1 0
    outer loop
      vertex 4.78835 14.9 5.5
      vertex 3.7 14.9 6.5
      vertex 3.68973 14.9 6.34337
    endloop
  endfacet
  facet normal 0 -1 0
    outer loop
      vertex 4.78835 14.9 5.5
      vertex 3.68973 14.9 6.34337
      vertex 3.65911 14.9 6.18942
    endloop
  endfacet
  facet normal 0 -1 0
    outer loop
      vertex 4.78835 14.9 5.5
      vertex 3.65911 14.9 6.18942
      vertex 3.60866 14.9 6.04078
    endloop
  endfacet
  facet normal 0 -1 0
    outer loop
      vertex 4.78835 14.9 5.5
      vertex 3.60866 14.9 6.04078
      vertex 3.53923 14.9 5.9
    endloop
  endfacet
  facet normal -0 -1 0
    outer loop
      vertex 17 14.9 5.9
      vertex 4.78835 14.9 7.5
      vertex 4.78835 14.9 5.5
    endloop
  endfacet
  facet normal 0 -1 0
    outer loop
      vertex 4.78835 14.9 5.5
      vertex 3.53923 14.9 5.9
      vertex 3.45202 14.9 5.76949
    endloop
  endfacet
  facet normal 0 -1 0
    outer loop
      vertex 4.78835 14.9 5.5
      vertex 3.45202 14.9 5.76949
      vertex 3.34853 14.9 5.65147
    endloop
  endfacet
  facet normal 0 -1 0
    outer loop
      vertex 4.78835 14.9 5.5
      vertex 3.34853 14.9 5.65147
      vertex 3.23051 14.9 5.54798
    endloop
  endfacet
  facet normal 0 -1 0
    outer loop
      vertex 4.78835 14.9 7.5
      vertex 17 14.9 5.9
      vertex 17 14.9 7.5
    endloop
  endfacet
  facet normal 0 -1 -0
    outer loop
      vertex 17 14.9 5.9
      vertex 4.78835 14.9 5.5
      vertex 17 14.9 5.5
    endloop
  endfacet
  facet normal -0.0654108 0 -0.997858
    outer loop
      vertex 2.17369 14.9 4.02139
      vertex 2.5 15.9 4
      vertex 2.5 14.9 4
    endloop
  endfacet
  facet normal -0.0654108 0 -0.997858
    outer loop
      vertex 2.5 15.9 4
      vertex 2.17369 14.9 4.02139
      vertex 2.17369 15.9 4.02139
    endloop
  endfacet
  facet normal 0.442302 0 -0.896866
    outer loop
      vertex 3.45671 14.9 4.1903
      vertex 3.75 15.9 4.33494
      vertex 3.75 14.9 4.33494
    endloop
  endfacet
  facet normal 0.442302 0 -0.896866
    outer loop
      vertex 3.75 15.9 4.33494
      vertex 3.45671 14.9 4.1903
      vertex 3.45671 15.9 4.1903
    endloop
  endfacet
  facet normal 0.321425 0 -0.946935
    outer loop
      vertex 3.14705 14.9 4.08519
      vertex 3.45671 15.9 4.1903
      vertex 3.45671 14.9 4.1903
    endloop
  endfacet
  facet normal 0.321425 0 -0.946935
    outer loop
      vertex 3.45671 15.9 4.1903
      vertex 3.14705 14.9 4.08519
      vertex 3.14705 15.9 4.08519
    endloop
  endfacet
  facet normal 0.555575 0 0.831466
    outer loop
      vertex 3.75 15.9 8.66506
      vertex 4.0219 14.9 8.48338
      vertex 4.0219 15.9 8.48338
    endloop
  endfacet
  facet normal 0.555575 0 0.831466
    outer loop
      vertex 4.0219 14.9 8.48338
      vertex 3.75 15.9 8.66506
      vertex 3.75 14.9 8.66506
    endloop
  endfacet
  facet normal -0.555571 0 0.831469
    outer loop
      vertex 0.978097 15.9 8.48338
      vertex 1.25 14.9 8.66506
      vertex 1.25 15.9 8.66506
    endloop
  endfacet
  facet normal -0.555571 0 0.831469
    outer loop
      vertex 1.25 14.9 8.66506
      vertex 0.978097 15.9 8.48338
      vertex 0.978097 14.9 8.48338
    endloop
  endfacet
  facet normal -0.195093 0 0.980785
    outer loop
      vertex 1.85295 15.9 8.91481
      vertex 2.17369 14.9 8.97861
      vertex 2.17369 15.9 8.97861
    endloop
  endfacet
  facet normal -0.195093 0 0.980785
    outer loop
      vertex 2.17369 14.9 8.97861
      vertex 1.85295 15.9 8.91481
      vertex 1.85295 14.9 8.91481
    endloop
  endfacet
  facet normal 0.555575 0 -0.831466
    outer loop
      vertex 3.75 14.9 4.33494
      vertex 4.0219 15.9 4.51662
      vertex 4.0219 14.9 4.51662
    endloop
  endfacet
  facet normal 0.555575 0 -0.831466
    outer loop
      vertex 4.0219 15.9 4.51662
      vertex 3.75 14.9 4.33494
      vertex 3.75 15.9 4.33494
    endloop
  endfacet
  facet normal 0.751858 0 -0.659325
    outer loop
      vertex 4.48338 14.9 4.9781
      vertex 4.26777 15.9 4.73223
      vertex 4.48338 15.9 4.9781
    endloop
  endfacet
  facet normal 0.751858 0 -0.659325
    outer loop
      vertex 4.26777 15.9 4.73223
      vertex 4.48338 14.9 4.9781
      vertex 4.26777 14.9 4.73223
    endloop
  endfacet
  facet normal 0.831466 0 -0.555575
    outer loop
      vertex 4.66506 14.9 5.25
      vertex 4.48338 15.9 4.9781
      vertex 4.66506 15.9 5.25
    endloop
  endfacet
  facet normal 0.831466 0 -0.555575
    outer loop
      vertex 4.48338 15.9 4.9781
      vertex 4.66506 14.9 5.25
      vertex 4.48338 14.9 4.9781
    endloop
  endfacet
  facet normal -0.321425 0 -0.946935
    outer loop
      vertex 1.54329 14.9 4.1903
      vertex 1.85295 15.9 4.08519
      vertex 1.85295 14.9 4.08519
    endloop
  endfacet
  facet normal -0.321425 0 -0.946935
    outer loop
      vertex 1.85295 15.9 4.08519
      vertex 1.54329 14.9 4.1903
      vertex 1.54329 15.9 4.1903
    endloop
  endfacet
  facet normal -0.751849 0 -0.659335
    outer loop
      vertex 0.732233 14.9 4.73223
      vertex 0.516617 15.9 4.9781
      vertex 0.732233 15.9 4.73223
    endloop
  endfacet
  facet normal -0.751849 -0 -0.659335
    outer loop
      vertex 0.516617 15.9 4.9781
      vertex 0.732233 14.9 4.73223
      vertex 0.516617 14.9 4.9781
    endloop
  endfacet
  facet normal -0.896873 0 -0.442288
    outer loop
      vertex 0.334937 14.9 5.25
      vertex 0.211651 15.9 5.5
      vertex 0.334937 15.9 5.25
    endloop
  endfacet
  facet normal -0.896873 -0 -0.442288
    outer loop
      vertex 0.211651 15.9 5.5
      vertex 0.334937 14.9 5.25
      vertex 0.211651 14.9 5.5
    endloop
  endfacet
  facet normal 0 1 0
    outer loop
      vertex 0.334937 15.9 5.25
      vertex 0.941154 15.9 5.6
      vertex 1.07196 15.9 5.40423
    endloop
  endfacet
  facet normal 0 1 0
    outer loop
      vertex 0.941154 15.9 5.6
      vertex 0.334937 15.9 5.25
      vertex 0.211651 15.9 5.5
    endloop
  endfacet
  facet normal 0 1 0
    outer loop
      vertex 0.516617 15.9 4.9781
      vertex 1.07196 15.9 5.40423
      vertex 1.22721 15.9 5.22721
    endloop
  endfacet
  facet normal 0 1 0
    outer loop
      vertex 0.732233 15.9 4.73223
      vertex 1.22721 15.9 5.22721
      vertex 1.40423 15.9 5.07196
    endloop
  endfacet
  facet normal 0 1 0
    outer loop
      vertex 1.07196 15.9 5.40423
      vertex 0.516617 15.9 4.9781
      vertex 0.334937 15.9 5.25
    endloop
  endfacet
  facet normal 0 1 0
    outer loop
      vertex 0.978097 15.9 4.51662
      vertex 1.40423 15.9 5.07196
      vertex 1.6 15.9 4.94115
    endloop
  endfacet
  facet normal 0 1 0
    outer loop
      vertex 1.25 15.9 4.33494
      vertex 1.6 15.9 4.94115
      vertex 1.81117 15.9 4.83702
    endloop
  endfacet
  facet normal 0 1 0
    outer loop
      vertex 1.54329 15.9 4.1903
      vertex 1.81117 15.9 4.83702
      vertex 2.03413 15.9 4.76133
    endloop
  endfacet
  facet normal 0 1 0
    outer loop
      vertex 1.22721 15.9 5.22721
      vertex 0.732233 15.9 4.73223
      vertex 0.516617 15.9 4.9781
    endloop
  endfacet
  facet normal 0 1 0
    outer loop
      vertex 1.85295 15.9 4.08519
      vertex 2.03413 15.9 4.76133
      vertex 2.26505 15.9 4.7154
    endloop
  endfacet
  facet normal 0 1 0
    outer loop
      vertex 2.17369 15.9 4.02139
      vertex 2.26505 15.9 4.7154
      vertex 2.5 15.9 4.7
    endloop
  endfacet
  facet normal 0 1 -0
    outer loop
      vertex 3.14705 15.9 4.08519
      vertex 2.96587 15.9 4.76133
      vertex 3.45671 15.9 4.1903
    endloop
  endfacet
  facet normal 0 1 0
    outer loop
      vertex 1.40423 15.9 5.07196
      vertex 0.978097 15.9 4.51662
      vertex 0.732233 15.9 4.73223
    endloop
  endfacet
  facet normal 0 1 0
    outer loop
      vertex 2.96587 15.9 4.76133
      vertex 3.14705 15.9 4.08519
      vertex 2.73495 15.9 4.7154
    endloop
  endfacet
  facet normal 0 1 0
    outer loop
      vertex 1.6 15.9 4.94115
      vertex 1.25 15.9 4.33494
      vertex 0.978097 15.9 4.51662
    endloop
  endfacet
  facet normal 0 1 -0
    outer loop
      vertex 2.82632 15.9 4.02139
      vertex 2.73495 15.9 4.7154
      vertex 3.14705 15.9 4.08519
    endloop
  endfacet
  facet normal 0 1 0
    outer loop
      vertex 1.81117 15.9 4.83702
      vertex 1.54329 15.9 4.1903
      vertex 1.25 15.9 4.33494
    endloop
  endfacet
  facet normal 0 1 0
    outer loop
      vertex 2.73495 15.9 4.7154
      vertex 2.82632 15.9 4.02139
      vertex 2.5 15.9 4.7
    endloop
  endfacet
  facet normal 0 1 0
    outer loop
      vertex 2.03413 15.9 4.76133
      vertex 1.85295 15.9 4.08519
      vertex 1.54329 15.9 4.1903
    endloop
  endfacet
  facet normal 0 1 0
    outer loop
      vertex 2.5 15.9 4
      vertex 2.5 15.9 4.7
      vertex 2.82632 15.9 4.02139
    endloop
  endfacet
  facet normal 0 1 0
    outer loop
      vertex 2.26505 15.9 4.7154
      vertex 2.17369 15.9 4.02139
      vertex 1.85295 15.9 4.08519
    endloop
  endfacet
  facet normal 0 1 0
    outer loop
      vertex 2.5 15.9 4.7
      vertex 2.5 15.9 4
      vertex 2.17369 15.9 4.02139
    endloop
  endfacet
  facet normal 0 1 -0
    outer loop
      vertex 17 15.9 5.9
      vertex 4.78835 15.9 7.5
      vertex 17 15.9 7.5
    endloop
  endfacet
  facet normal 0 1 0
    outer loop
      vertex 4.78835 15.9 7.5
      vertex 4.16298 15.9 7.18883
      vertex 4.05885 15.9 7.4
    endloop
  endfacet
  facet normal 0 1 0
    outer loop
      vertex 4.78835 15.9 7.5
      vertex 4.23867 15.9 6.96587
      vertex 4.16298 15.9 7.18883
    endloop
  endfacet
  facet normal -0 1 0
    outer loop
      vertex 4.3 15.9 6.5
      vertex 4.78835 15.9 7.5
      vertex 4.78835 15.9 5.5
    endloop
  endfacet
  facet normal 0 1 0
    outer loop
      vertex 4.78835 15.9 7.5
      vertex 4.2846 15.9 6.73495
      vertex 4.23867 15.9 6.96587
    endloop
  endfacet
  facet normal 0 1 0
    outer loop
      vertex 4.78835 15.9 7.5
      vertex 4.3 15.9 6.5
      vertex 4.2846 15.9 6.73495
    endloop
  endfacet
  facet normal 0 1 0
    outer loop
      vertex 4.3 15.9 6.5
      vertex 4.78835 15.9 5.5
      vertex 4.2846 15.9 6.26505
    endloop
  endfacet
  facet normal 0 1 0
    outer loop
      vertex 4.78835 15.9 7.5
      vertex 17 15.9 5.9
      vertex 4.78835 15.9 5.5
    endloop
  endfacet
  facet normal 0 1 0
    outer loop
      vertex 4.2846 15.9 6.26505
      vertex 4.78835 15.9 5.5
      vertex 4.23867 15.9 6.03413
    endloop
  endfacet
  facet normal 0 1 0
    outer loop
      vertex 4.23867 15.9 6.03413
      vertex 4.78835 15.9 5.5
      vertex 4.16298 15.9 5.81117
    endloop
  endfacet
  facet normal 0 1 0
    outer loop
      vertex 4.78835 15.9 5.5
      vertex 17 15.9 5.9
      vertex 17 15.9 5.5
    endloop
  endfacet
  facet normal 0 1 0
    outer loop
      vertex 4.16298 15.9 5.81117
      vertex 4.78835 15.9 5.5
      vertex 4.05885 15.9 5.6
    endloop
  endfacet
  facet normal 0 1 -0
    outer loop
      vertex 4.66506 15.9 5.25
      vertex 4.05885 15.9 5.6
      vertex 4.78835 15.9 5.5
    endloop
  endfacet
  facet normal 0 1 0
    outer loop
      vertex 4.05885 15.9 5.6
      vertex 4.66506 15.9 5.25
      vertex 3.92804 15.9 5.40423
    endloop
  endfacet
  facet normal 0 1 -0
    outer loop
      vertex 4.48338 15.9 4.9781
      vertex 3.92804 15.9 5.40423
      vertex 4.66506 15.9 5.25
    endloop
  endfacet
  facet normal 0 1 0
    outer loop
      vertex 3.92804 15.9 5.40423
      vertex 4.48338 15.9 4.9781
      vertex 3.77279 15.9 5.22721
    endloop
  endfacet
  facet normal 0 1 -0
    outer loop
      vertex 4.26777 15.9 4.73223
      vertex 3.77279 15.9 5.22721
      vertex 4.48338 15.9 4.9781
    endloop
  endfacet
  facet normal 0 1 0
    outer loop
      vertex 3.77279 15.9 5.22721
      vertex 4.26777 15.9 4.73223
      vertex 3.59577 15.9 5.07196
    endloop
  endfacet
  facet normal 0 1 -0
    outer loop
      vertex 4.0219 15.9 4.51662
      vertex 3.59577 15.9 5.07196
      vertex 4.26777 15.9 4.73223
    endloop
  endfacet
  facet normal 0 1 0
    outer loop
      vertex 3.59577 15.9 5.07196
      vertex 4.0219 15.9 4.51662
      vertex 3.4 15.9 4.94115
    endloop
  endfacet
  facet normal 0 1 -0
    outer loop
      vertex 3.75 15.9 4.33494
      vertex 3.4 15.9 4.94115
      vertex 4.0219 15.9 4.51662
    endloop
  endfacet
  facet normal 0 1 0
    outer loop
      vertex 3.4 15.9 4.94115
      vertex 3.75 15.9 4.33494
      vertex 3.18883 15.9 4.83702
    endloop
  endfacet
  facet normal 0 1 -0
    outer loop
      vertex 3.45671 15.9 4.1903
      vertex 3.18883 15.9 4.83702
      vertex 3.75 15.9 4.33494
    endloop
  endfacet
  facet normal 0 1 0
    outer loop
      vertex 3.18883 15.9 4.83702
      vertex 3.45671 15.9 4.1903
      vertex 2.96587 15.9 4.76133
    endloop
  endfacet
  facet normal 0 1 0
    outer loop
      vertex 2.5 15.9 8.3
      vertex 2.5 15.9 9
      vertex 2.82632 15.9 8.97861
    endloop
  endfacet
  facet normal 0 1 0
    outer loop
      vertex 2.73495 15.9 8.2846
      vertex 2.82632 15.9 8.97861
      vertex 3.14705 15.9 8.91481
    endloop
  endfacet
  facet normal 0 1 0
    outer loop
      vertex 2.5 15.9 9
      vertex 2.5 15.9 8.3
      vertex 2.17369 15.9 8.97861
    endloop
  endfacet
  facet normal 0 1 0
    outer loop
      vertex 2.96587 15.9 8.23867
      vertex 3.14705 15.9 8.91481
      vertex 3.45671 15.9 8.8097
    endloop
  endfacet
  facet normal 0 1 -0
    outer loop
      vertex 2.26505 15.9 8.2846
      vertex 2.17369 15.9 8.97861
      vertex 2.5 15.9 8.3
    endloop
  endfacet
  facet normal 0 1 0
    outer loop
      vertex 3.18883 15.9 8.16298
      vertex 3.45671 15.9 8.8097
      vertex 3.75 15.9 8.66506
    endloop
  endfacet
  facet normal 0 1 0
    outer loop
      vertex 2.17369 15.9 8.97861
      vertex 2.26505 15.9 8.2846
      vertex 1.85295 15.9 8.91481
    endloop
  endfacet
  facet normal 0 1 0
    outer loop
      vertex 3.4 15.9 8.05885
      vertex 3.75 15.9 8.66506
      vertex 4.0219 15.9 8.48338
    endloop
  endfacet
  facet normal 0 1 -0
    outer loop
      vertex 2.03413 15.9 8.23867
      vertex 1.85295 15.9 8.91481
      vertex 2.26505 15.9 8.2846
    endloop
  endfacet
  facet normal 0 1 0
    outer loop
      vertex 1.85295 15.9 8.91481
      vertex 2.03413 15.9 8.23867
      vertex 1.54329 15.9 8.8097
    endloop
  endfacet
  facet normal 0 1 0
    outer loop
      vertex 2.82632 15.9 8.97861
      vertex 2.73495 15.9 8.2846
      vertex 2.5 15.9 8.3
    endloop
  endfacet
  facet normal 0 1 0
    outer loop
      vertex 3.59577 15.9 7.92804
      vertex 4.0219 15.9 8.48338
      vertex 4.26777 15.9 8.26777
    endloop
  endfacet
  facet normal 0 1 0
    outer loop
      vertex 3.14705 15.9 8.91481
      vertex 2.96587 15.9 8.23867
      vertex 2.73495 15.9 8.2846
    endloop
  endfacet
  facet normal 0 1 0
    outer loop
      vertex 3.45671 15.9 8.8097
      vertex 3.18883 15.9 8.16298
      vertex 2.96587 15.9 8.23867
    endloop
  endfacet
  facet normal 0 1 0
    outer loop
      vertex 3.75 15.9 8.66506
      vertex 3.4 15.9 8.05885
      vertex 3.18883 15.9 8.16298
    endloop
  endfacet
  facet normal 0 1 0
    outer loop
      vertex 3.77279 15.9 7.77279
      vertex 4.26777 15.9 8.26777
      vertex 4.48338 15.9 8.0219
    endloop
  endfacet
  facet normal 0 1 0
    outer loop
      vertex 4.0219 15.9 8.48338
      vertex 3.59577 15.9 7.92804
      vertex 3.4 15.9 8.05885
    endloop
  endfacet
  facet normal 0 1 0
    outer loop
      vertex 4.26777 15.9 8.26777
      vertex 3.77279 15.9 7.77279
      vertex 3.59577 15.9 7.92804
    endloop
  endfacet
  facet normal 0 1 0
    outer loop
      vertex 3.92804 15.9 7.59577
      vertex 4.48338 15.9 8.0219
      vertex 4.66506 15.9 7.75
    endloop
  endfacet
  facet normal 0 1 0
    outer loop
      vertex 4.48338 15.9 8.0219
      vertex 3.92804 15.9 7.59577
      vertex 3.77279 15.9 7.77279
    endloop
  endfacet
  facet normal 0 1 0
    outer loop
      vertex 4.05885 15.9 7.4
      vertex 4.66506 15.9 7.75
      vertex 4.78835 15.9 7.5
    endloop
  endfacet
  facet normal 0 1 0
    outer loop
      vertex 4.66506 15.9 7.75
      vertex 4.05885 15.9 7.4
      vertex 3.92804 15.9 7.59577
    endloop
  endfacet
  facet normal 0 1 -0
    outer loop
      vertex 1.81117 15.9 8.16298
      vertex 1.54329 15.9 8.8097
      vertex 2.03413 15.9 8.23867
    endloop
  endfacet
  facet normal 0 1 0
    outer loop
      vertex 1.54329 15.9 8.8097
      vertex 1.81117 15.9 8.16298
      vertex 1.25 15.9 8.66506
    endloop
  endfacet
  facet normal 0 1 -0
    outer loop
      vertex 1.6 15.9 8.05885
      vertex 1.25 15.9 8.66506
      vertex 1.81117 15.9 8.16298
    endloop
  endfacet
  facet normal 0 1 0
    outer loop
      vertex 1.25 15.9 8.66506
      vertex 1.6 15.9 8.05885
      vertex 0.978097 15.9 8.48338
    endloop
  endfacet
  facet normal 0 1 -0
    outer loop
      vertex 1.40423 15.9 7.92804
      vertex 0.978097 15.9 8.48338
      vertex 1.6 15.9 8.05885
    endloop
  endfacet
  facet normal 0 1 0
    outer loop
      vertex 0.978097 15.9 8.48338
      vertex 1.40423 15.9 7.92804
      vertex 0.732233 15.9 8.26777
    endloop
  endfacet
  facet normal 0 1 -0
    outer loop
      vertex 1.22721 15.9 7.77279
      vertex 0.732233 15.9 8.26777
      vertex 1.40423 15.9 7.92804
    endloop
  endfacet
  facet normal 0 1 0
    outer loop
      vertex 0.732233 15.9 8.26777
      vertex 1.22721 15.9 7.77279
      vertex 0.516617 15.9 8.0219
    endloop
  endfacet
  facet normal 0 1 -0
    outer loop
      vertex 1.07196 15.9 7.59577
      vertex 0.516617 15.9 8.0219
      vertex 1.22721 15.9 7.77279
    endloop
  endfacet
  facet normal 0 1 0
    outer loop
      vertex 0.516617 15.9 8.0219
      vertex 1.07196 15.9 7.59577
      vertex 0.334937 15.9 7.75
    endloop
  endfacet
  facet normal 0 1 -0
    outer loop
      vertex 0.941154 15.9 7.4
      vertex 0.334937 15.9 7.75
      vertex 1.07196 15.9 7.59577
    endloop
  endfacet
  facet normal 0 1 0
    outer loop
      vertex 0.334937 15.9 7.75
      vertex 0.941154 15.9 7.4
      vertex 0.211651 15.9 7.5
    endloop
  endfacet
  facet normal 0 1 -0
    outer loop
      vertex 0.837017 15.9 7.18883
      vertex 0.211651 15.9 7.5
      vertex 0.941154 15.9 7.4
    endloop
  endfacet
  facet normal 0 1 -0
    outer loop
      vertex 0.761334 15.9 6.96587
      vertex 0.211651 15.9 7.5
      vertex 0.837017 15.9 7.18883
    endloop
  endfacet
  facet normal 0 1 -0
    outer loop
      vertex 0.7154 15.9 6.73495
      vertex 0.211651 15.9 7.5
      vertex 0.761334 15.9 6.96587
    endloop
  endfacet
  facet normal 0 1 0
    outer loop
      vertex 0.211651 15.9 7.5
      vertex 0.7154 15.9 6.73495
      vertex 0 15.9 7.5
    endloop
  endfacet
  facet normal 0 1 -0
    outer loop
      vertex 0.700001 15.9 6.5
      vertex 0 15.9 7.5
      vertex 0.7154 15.9 6.73495
    endloop
  endfacet
  facet normal 0 1 0
    outer loop
      vertex 0 15.9 5.5
      vertex 0.700001 15.9 6.5
      vertex 0.7154 15.9 6.26505
    endloop
  endfacet
  facet normal 0 1 0
    outer loop
      vertex 0.211651 15.9 5.5
      vertex 0.7154 15.9 6.26505
      vertex 0.761334 15.9 6.03413
    endloop
  endfacet
  facet normal 0 1 0
    outer loop
      vertex 0.211651 15.9 5.5
      vertex 0.761334 15.9 6.03413
      vertex 0.837017 15.9 5.81117
    endloop
  endfacet
  facet normal 0 1 0
    outer loop
      vertex 0.211651 15.9 5.5
      vertex 0.837017 15.9 5.81117
      vertex 0.941154 15.9 5.6
    endloop
  endfacet
  facet normal 0 1 0
    outer loop
      vertex 0.7154 15.9 6.26505
      vertex 0.211651 15.9 5.5
      vertex 0 15.9 5.5
    endloop
  endfacet
  facet normal 0 1 0
    outer loop
      vertex 0.700001 15.9 6.5
      vertex 0 15.9 5.5
      vertex 0 15.9 7.5
    endloop
  endfacet
  facet normal 0.659325 0 -0.751858
    outer loop
      vertex 4.0219 14.9 4.51662
      vertex 4.26777 15.9 4.73223
      vertex 4.26777 14.9 4.73223
    endloop
  endfacet
  facet normal 0.659325 0 -0.751858
    outer loop
      vertex 4.26777 15.9 4.73223
      vertex 4.0219 14.9 4.51662
      vertex 4.0219 15.9 4.51662
    endloop
  endfacet
  facet normal 0.896868 0 -0.442299
    outer loop
      vertex 4.78835 14.9 5.5
      vertex 4.66506 15.9 5.25
      vertex 4.78835 15.9 5.5
    endloop
  endfacet
  facet normal 0.896868 0 -0.442299
    outer loop
      vertex 4.66506 15.9 5.25
      vertex 4.78835 14.9 5.5
      vertex 4.66506 14.9 5.25
    endloop
  endfacet
  facet normal 0.0654088 0 -0.997859
    outer loop
      vertex 2.5 14.9 4
      vertex 2.82632 15.9 4.02139
      vertex 2.82632 14.9 4.02139
    endloop
  endfacet
  facet normal 0.0654088 0 -0.997859
    outer loop
      vertex 2.82632 15.9 4.02139
      vertex 2.5 14.9 4
      vertex 2.5 15.9 4
    endloop
  endfacet
  facet normal -0.442302 0 -0.896866
    outer loop
      vertex 1.25 14.9 4.33494
      vertex 1.54329 15.9 4.1903
      vertex 1.54329 14.9 4.1903
    endloop
  endfacet
  facet normal -0.442302 0 -0.896866
    outer loop
      vertex 1.54329 15.9 4.1903
      vertex 1.25 14.9 4.33494
      vertex 1.25 15.9 4.33494
    endloop
  endfacet
  facet normal -0.831466 0 -0.555575
    outer loop
      vertex 0.516617 14.9 4.9781
      vertex 0.334937 15.9 5.25
      vertex 0.516617 15.9 4.9781
    endloop
  endfacet
  facet normal -0.831466 -0 -0.555575
    outer loop
      vertex 0.334937 15.9 5.25
      vertex 0.516617 14.9 4.9781
      vertex 0.334937 14.9 5.25
    endloop
  endfacet
  facet normal -0.555571 0 -0.831469
    outer loop
      vertex 0.978097 14.9 4.51662
      vertex 1.25 15.9 4.33494
      vertex 1.25 14.9 4.33494
    endloop
  endfacet
  facet normal -0.555571 0 -0.831469
    outer loop
      vertex 1.25 15.9 4.33494
      vertex 0.978097 14.9 4.51662
      vertex 0.978097 15.9 4.51662
    endloop
  endfacet
  facet normal -0.659334 0 -0.75185
    outer loop
      vertex 0.732233 14.9 4.73223
      vertex 0.978097 15.9 4.51662
      vertex 0.978097 14.9 4.51662
    endloop
  endfacet
  facet normal -0.659334 0 -0.75185
    outer loop
      vertex 0.978097 15.9 4.51662
      vertex 0.732233 14.9 4.73223
      vertex 0.732233 15.9 4.73223
    endloop
  endfacet
  facet normal 0.555572 0 0.831468
    outer loop
      vertex 3.4 19.5 8.05885
      vertex 3.59577 15.9 7.92804
      vertex 3.59577 19.5 7.92804
    endloop
  endfacet
  facet normal 0.555572 0 0.831468
    outer loop
      vertex 3.59577 15.9 7.92804
      vertex 3.4 19.5 8.05885
      vertex 3.4 15.9 8.05885
    endloop
  endfacet
  facet normal 0.980788 0 -0.195079
    outer loop
      vertex 4.2846 15.9 6.26505
      vertex 4.23867 19.5 6.03413
      vertex 4.2846 19.5 6.26505
    endloop
  endfacet
  facet normal 0.980788 0 -0.195079
    outer loop
      vertex 4.23867 19.5 6.03413
      vertex 4.2846 15.9 6.26505
      vertex 4.23867 15.9 6.03413
    endloop
  endfacet
  facet normal -0.195079 0 -0.980788
    outer loop
      vertex 2.03413 15.9 4.76133
      vertex 2.26505 19.5 4.7154
      vertex 2.26505 15.9 4.7154
    endloop
  endfacet
  facet normal -0.195079 0 -0.980788
    outer loop
      vertex 2.26505 19.5 4.7154
      vertex 2.03413 15.9 4.76133
      vertex 2.03413 19.5 4.76133
    endloop
  endfacet
  facet normal -0.442263 0 0.896885
    outer loop
      vertex 1.6 19.5 8.05885
      vertex 1.81117 15.9 8.16298
      vertex 1.81117 19.5 8.16298
    endloop
  endfacet
  facet normal -0.442263 0 0.896885
    outer loop
      vertex 1.81117 15.9 8.16298
      vertex 1.6 19.5 8.05885
      vertex 1.6 15.9 8.05885
    endloop
  endfacet
  facet normal -0.946932 0 0.321433
    outer loop
      vertex 0.761334 15.9 6.96587
      vertex 0.837017 19.5 7.18883
      vertex 0.761334 19.5 6.96587
    endloop
  endfacet
  facet normal -0.946932 0 0.321433
    outer loop
      vertex 0.837017 19.5 7.18883
      vertex 0.761334 15.9 6.96587
      vertex 0.837017 15.9 7.18883
    endloop
  endfacet
  facet normal 0.997859 0 -0.0654055
    outer loop
      vertex 4.3 15.9 6.5
      vertex 4.2846 19.5 6.26505
      vertex 4.3 19.5 6.5
    endloop
  endfacet
  facet normal 0.997859 0 -0.0654055
    outer loop
      vertex 4.2846 19.5 6.26505
      vertex 4.3 15.9 6.5
      vertex 4.2846 15.9 6.26505
    endloop
  endfacet
  facet normal 0.896885 -0 0.442263
    outer loop
      vertex 4.05885 15.9 7.4
      vertex 4.16298 19.5 7.18883
      vertex 4.05885 19.5 7.4
    endloop
  endfacet
  facet normal 0.896885 0 0.442263
    outer loop
      vertex 4.16298 19.5 7.18883
      vertex 4.05885 15.9 7.4
      vertex 4.16298 15.9 7.18883
    endloop
  endfacet
  facet normal 0.831468 -0 0.555572
    outer loop
      vertex 3.92804 15.9 7.59577
      vertex 4.05885 19.5 7.4
      vertex 3.92804 19.5 7.59577
    endloop
  endfacet
  facet normal 0.831468 0 0.555572
    outer loop
      vertex 4.05885 19.5 7.4
      vertex 3.92804 15.9 7.59577
      vertex 4.05885 15.9 7.4
    endloop
  endfacet
  facet normal 0.659364 0 0.751824
    outer loop
      vertex 3.59577 19.5 7.92804
      vertex 3.77279 15.9 7.77279
      vertex 3.77279 19.5 7.77279
    endloop
  endfacet
  facet normal 0.659364 0 0.751824
    outer loop
      vertex 3.77279 15.9 7.77279
      vertex 3.59577 19.5 7.92804
      vertex 3.59577 15.9 7.92804
    endloop
  endfacet
  facet normal 0.32146 0 0.946923
    outer loop
      vertex 2.96587 19.5 8.23867
      vertex 3.18883 15.9 8.16298
      vertex 3.18883 19.5 8.16298
    endloop
  endfacet
  facet normal 0.32146 0 0.946923
    outer loop
      vertex 3.18883 15.9 8.16298
      vertex 2.96587 19.5 8.23867
      vertex 2.96587 15.9 8.23867
    endloop
  endfacet
  facet normal 0.0654055 0 0.997859
    outer loop
      vertex 2.5 19.5 8.3
      vertex 2.73495 15.9 8.2846
      vertex 2.73495 19.5 8.2846
    endloop
  endfacet
  facet normal 0.0654055 0 0.997859
    outer loop
      vertex 2.73495 15.9 8.2846
      vertex 2.5 19.5 8.3
      vertex 2.5 15.9 8.3
    endloop
  endfacet
  facet normal 0 1 0
    outer loop
      vertex 2.5 19.5 7.7
      vertex 2.5 19.5 8.3
      vertex 2.73495 19.5 8.2846
    endloop
  endfacet
  facet normal 0 1 0
    outer loop
      vertex 2.65663 19.5 7.68973
      vertex 2.73495 19.5 8.2846
      vertex 2.96587 19.5 8.23867
    endloop
  endfacet
  facet normal 0 1 0
    outer loop
      vertex 2.5 19.5 8.3
      vertex 2.5 19.5 7.7
      vertex 2.26505 19.5 8.2846
    endloop
  endfacet
  facet normal 0 1 0
    outer loop
      vertex 2.81058 19.5 7.65911
      vertex 2.96587 19.5 8.23867
      vertex 3.18883 19.5 8.16298
    endloop
  endfacet
  facet normal 0 1 -0
    outer loop
      vertex 2.34337 19.5 7.68973
      vertex 2.26505 19.5 8.2846
      vertex 2.5 19.5 7.7
    endloop
  endfacet
  facet normal 0 1 0
    outer loop
      vertex 2.95922 19.5 7.60865
      vertex 3.18883 19.5 8.16298
      vertex 3.4 19.5 8.05885
    endloop
  endfacet
  facet normal 0 1 0
    outer loop
      vertex 2.26505 19.5 8.2846
      vertex 2.34337 19.5 7.68973
      vertex 2.03413 19.5 8.23867
    endloop
  endfacet
  facet normal 0 1 0
    outer loop
      vertex 3.1 19.5 7.53923
      vertex 3.4 19.5 8.05885
      vertex 3.59577 19.5 7.92804
    endloop
  endfacet
  facet normal 0 1 -0
    outer loop
      vertex 2.18942 19.5 7.65911
      vertex 2.03413 19.5 8.23867
      vertex 2.34337 19.5 7.68973
    endloop
  endfacet
  facet normal 0 1 0
    outer loop
      vertex 3.23051 19.5 7.45202
      vertex 3.59577 19.5 7.92804
      vertex 3.77279 19.5 7.77279
    endloop
  endfacet
  facet normal 0 1 0
    outer loop
      vertex 2.03413 19.5 8.23867
      vertex 2.18942 19.5 7.65911
      vertex 1.81117 19.5 8.16298
    endloop
  endfacet
  facet normal 0 1 -0
    outer loop
      vertex 2.04078 19.5 7.60865
      vertex 1.81117 19.5 8.16298
      vertex 2.18942 19.5 7.65911
    endloop
  endfacet
  facet normal 0 1 0
    outer loop
      vertex 2.73495 19.5 8.2846
      vertex 2.65663 19.5 7.68973
      vertex 2.5 19.5 7.7
    endloop
  endfacet
  facet normal 0 1 0
    outer loop
      vertex 2.96587 19.5 8.23867
      vertex 2.81058 19.5 7.65911
      vertex 2.65663 19.5 7.68973
    endloop
  endfacet
  facet normal 0 1 0
    outer loop
      vertex 3.18883 19.5 8.16298
      vertex 2.95922 19.5 7.60865
      vertex 2.81058 19.5 7.65911
    endloop
  endfacet
  facet normal 0 1 0
    outer loop
      vertex 3.34853 19.5 7.34853
      vertex 3.77279 19.5 7.77279
      vertex 3.92804 19.5 7.59577
    endloop
  endfacet
  facet normal 0 1 0
    outer loop
      vertex 3.4 19.5 8.05885
      vertex 3.1 19.5 7.53923
      vertex 2.95922 19.5 7.60865
    endloop
  endfacet
  facet normal 0 1 0
    outer loop
      vertex 3.59577 19.5 7.92804
      vertex 3.23051 19.5 7.45202
      vertex 3.1 19.5 7.53923
    endloop
  endfacet
  facet normal 0 1 0
    outer loop
      vertex 3.45202 19.5 7.23051
      vertex 3.92804 19.5 7.59577
      vertex 4.05885 19.5 7.4
    endloop
  endfacet
  facet normal 0 1 0
    outer loop
      vertex 3.77279 19.5 7.77279
      vertex 3.34853 19.5 7.34853
      vertex 3.23051 19.5 7.45202
    endloop
  endfacet
  facet normal 0 1 0
    outer loop
      vertex 3.92804 19.5 7.59577
      vertex 3.45202 19.5 7.23051
      vertex 3.34853 19.5 7.34853
    endloop
  endfacet
  facet normal 0 1 0
    outer loop
      vertex 3.53923 19.5 7.1
      vertex 4.05885 19.5 7.4
      vertex 4.16298 19.5 7.18883
    endloop
  endfacet
  facet normal 0 1 0
    outer loop
      vertex 4.05885 19.5 7.4
      vertex 3.53923 19.5 7.1
      vertex 3.45202 19.5 7.23051
    endloop
  endfacet
  facet normal 0 1 0
    outer loop
      vertex 3.60866 19.5 6.95922
      vertex 4.16298 19.5 7.18883
      vertex 4.23867 19.5 6.96587
    endloop
  endfacet
  facet normal 0 1 0
    outer loop
      vertex 4.16298 19.5 7.18883
      vertex 3.60866 19.5 6.95922
      vertex 3.53923 19.5 7.1
    endloop
  endfacet
  facet normal 0 1 0
    outer loop
      vertex 4.23867 19.5 6.96587
      vertex 3.65911 19.5 6.81058
      vertex 3.60866 19.5 6.95922
    endloop
  endfacet
  facet normal 0 1 0
    outer loop
      vertex 4.2846 19.5 6.73495
      vertex 3.65911 19.5 6.81058
      vertex 4.23867 19.5 6.96587
    endloop
  endfacet
  facet normal 0 1 0
    outer loop
      vertex 4.2846 19.5 6.73495
      vertex 3.68973 19.5 6.65663
      vertex 3.65911 19.5 6.81058
    endloop
  endfacet
  facet normal 0 1 0
    outer loop
      vertex 4.3 19.5 6.5
      vertex 3.68973 19.5 6.65663
      vertex 4.2846 19.5 6.73495
    endloop
  endfacet
  facet normal 0 1 0
    outer loop
      vertex 4.3 19.5 6.5
      vertex 3.7 19.5 6.5
      vertex 3.68973 19.5 6.65663
    endloop
  endfacet
  facet normal 0 1 0
    outer loop
      vertex 4.3 19.5 6.5
      vertex 3.68973 19.5 6.34337
      vertex 3.7 19.5 6.5
    endloop
  endfacet
  facet normal 0 1 -0
    outer loop
      vertex 4.2846 19.5 6.26505
      vertex 3.68973 19.5 6.34337
      vertex 4.3 19.5 6.5
    endloop
  endfacet
  facet normal 0 1 0
    outer loop
      vertex 4.2846 19.5 6.26505
      vertex 3.65911 19.5 6.18942
      vertex 3.68973 19.5 6.34337
    endloop
  endfacet
  facet normal 0 1 -0
    outer loop
      vertex 4.23867 19.5 6.03413
      vertex 3.65911 19.5 6.18942
      vertex 4.2846 19.5 6.26505
    endloop
  endfacet
  facet normal 0 1 0
    outer loop
      vertex 3.65911 19.5 6.18942
      vertex 4.23867 19.5 6.03413
      vertex 3.60866 19.5 6.04078
    endloop
  endfacet
  facet normal 0 1 -0
    outer loop
      vertex 4.16298 19.5 5.81117
      vertex 3.60866 19.5 6.04078
      vertex 4.23867 19.5 6.03413
    endloop
  endfacet
  facet normal 0 1 0
    outer loop
      vertex 3.60866 19.5 6.04078
      vertex 4.16298 19.5 5.81117
      vertex 3.53923 19.5 5.9
    endloop
  endfacet
  facet normal 0 1 -0
    outer loop
      vertex 4.05885 19.5 5.6
      vertex 3.53923 19.5 5.9
      vertex 4.16298 19.5 5.81117
    endloop
  endfacet
  facet normal 0 1 0
    outer loop
      vertex 3.53923 19.5 5.9
      vertex 4.05885 19.5 5.6
      vertex 3.45202 19.5 5.76949
    endloop
  endfacet
  facet normal 0 1 -0
    outer loop
      vertex 3.92804 19.5 5.40423
      vertex 3.45202 19.5 5.76949
      vertex 4.05885 19.5 5.6
    endloop
  endfacet
  facet normal 0 1 0
    outer loop
      vertex 3.45202 19.5 5.76949
      vertex 3.92804 19.5 5.40423
      vertex 3.34853 19.5 5.65147
    endloop
  endfacet
  facet normal 0 1 -0
    outer loop
      vertex 3.77279 19.5 5.22721
      vertex 3.34853 19.5 5.65147
      vertex 3.92804 19.5 5.40423
    endloop
  endfacet
  facet normal 0 1 0
    outer loop
      vertex 3.34853 19.5 5.65147
      vertex 3.77279 19.5 5.22721
      vertex 3.23051 19.5 5.54798
    endloop
  endfacet
  facet normal 0 1 -0
    outer loop
      vertex 3.59577 19.5 5.07196
      vertex 3.23051 19.5 5.54798
      vertex 3.77279 19.5 5.22721
    endloop
  endfacet
  facet normal 0 1 0
    outer loop
      vertex 3.23051 19.5 5.54798
      vertex 3.59577 19.5 5.07196
      vertex 3.1 19.5 5.46077
    endloop
  endfacet
  facet normal 0 1 -0
    outer loop
      vertex 3.4 19.5 4.94115
      vertex 3.1 19.5 5.46077
      vertex 3.59577 19.5 5.07196
    endloop
  endfacet
  facet normal 0 1 -0
    outer loop
      vertex 3.18883 19.5 4.83702
      vertex 2.95922 19.5 5.39134
      vertex 3.4 19.5 4.94115
    endloop
  endfacet
  facet normal 0 1 0
    outer loop
      vertex 3.1 19.5 5.46077
      vertex 3.4 19.5 4.94115
      vertex 2.95922 19.5 5.39134
    endloop
  endfacet
  facet normal 0 1 0
    outer loop
      vertex 1.81117 19.5 8.16298
      vertex 2.04078 19.5 7.60865
      vertex 1.6 19.5 8.05885
    endloop
  endfacet
  facet normal 0 1 -0
    outer loop
      vertex 1.9 19.5 7.53923
      vertex 1.6 19.5 8.05885
      vertex 2.04078 19.5 7.60865
    endloop
  endfacet
  facet normal 0 1 0
    outer loop
      vertex 1.6 19.5 8.05885
      vertex 1.9 19.5 7.53923
      vertex 1.40423 19.5 7.92804
    endloop
  endfacet
  facet normal 0 1 -0
    outer loop
      vertex 1.76949 19.5 7.45202
      vertex 1.40423 19.5 7.92804
      vertex 1.9 19.5 7.53923
    endloop
  endfacet
  facet normal 0 1 0
    outer loop
      vertex 1.40423 19.5 7.92804
      vertex 1.76949 19.5 7.45202
      vertex 1.22721 19.5 7.77279
    endloop
  endfacet
  facet normal 0 1 -0
    outer loop
      vertex 1.65147 19.5 7.34853
      vertex 1.22721 19.5 7.77279
      vertex 1.76949 19.5 7.45202
    endloop
  endfacet
  facet normal 0 1 0
    outer loop
      vertex 1.22721 19.5 7.77279
      vertex 1.65147 19.5 7.34853
      vertex 1.07196 19.5 7.59577
    endloop
  endfacet
  facet normal 0 1 -0
    outer loop
      vertex 1.54798 19.5 7.23051
      vertex 1.07196 19.5 7.59577
      vertex 1.65147 19.5 7.34853
    endloop
  endfacet
  facet normal 0 1 0
    outer loop
      vertex 1.07196 19.5 7.59577
      vertex 1.54798 19.5 7.23051
      vertex 0.941154 19.5 7.4
    endloop
  endfacet
  facet normal 0 1 -0
    outer loop
      vertex 1.46077 19.5 7.1
      vertex 0.941154 19.5 7.4
      vertex 1.54798 19.5 7.23051
    endloop
  endfacet
  facet normal 0 1 0
    outer loop
      vertex 0.941154 19.5 7.4
      vertex 1.46077 19.5 7.1
      vertex 0.837017 19.5 7.18883
    endloop
  endfacet
  facet normal 0 1 -0
    outer loop
      vertex 1.39135 19.5 6.95922
      vertex 0.837017 19.5 7.18883
      vertex 1.46077 19.5 7.1
    endloop
  endfacet
  facet normal 0 1 0
    outer loop
      vertex 0.837017 19.5 7.18883
      vertex 1.39135 19.5 6.95922
      vertex 0.761334 19.5 6.96587
    endloop
  endfacet
  facet normal 0 1 -0
    outer loop
      vertex 1.34089 19.5 6.81058
      vertex 0.761334 19.5 6.96587
      vertex 1.39135 19.5 6.95922
    endloop
  endfacet
  facet normal 0 1 0
    outer loop
      vertex 1.34089 19.5 6.81058
      vertex 0.7154 19.5 6.73495
      vertex 0.761334 19.5 6.96587
    endloop
  endfacet
  facet normal 0 1 -0
    outer loop
      vertex 1.31027 19.5 6.65663
      vertex 0.7154 19.5 6.73495
      vertex 1.34089 19.5 6.81058
    endloop
  endfacet
  facet normal 0 1 -0
    outer loop
      vertex 1.3 19.5 6.5
      vertex 0.7154 19.5 6.73495
      vertex 1.31027 19.5 6.65663
    endloop
  endfacet
  facet normal 0 1 0
    outer loop
      vertex 1.3 19.5 6.5
      vertex 0.700001 19.5 6.5
      vertex 0.7154 19.5 6.73495
    endloop
  endfacet
  facet normal 0 1 0
    outer loop
      vertex 1.31027 19.5 6.34337
      vertex 0.700001 19.5 6.5
      vertex 1.3 19.5 6.5
    endloop
  endfacet
  facet normal 0 1 0
    outer loop
      vertex 1.31027 19.5 6.34337
      vertex 0.7154 19.5 6.26505
      vertex 0.700001 19.5 6.5
    endloop
  endfacet
  facet normal 0 1 0
    outer loop
      vertex 1.34089 19.5 6.18942
      vertex 0.7154 19.5 6.26505
      vertex 1.31027 19.5 6.34337
    endloop
  endfacet
  facet normal 0 1 0
    outer loop
      vertex 0.761334 19.5 6.03413
      vertex 1.34089 19.5 6.18942
      vertex 1.39135 19.5 6.04078
    endloop
  endfacet
  facet normal 0 1 0
    outer loop
      vertex 1.34089 19.5 6.18942
      vertex 0.761334 19.5 6.03413
      vertex 0.7154 19.5 6.26505
    endloop
  endfacet
  facet normal 0 1 0
    outer loop
      vertex 0.837017 19.5 5.81117
      vertex 1.39135 19.5 6.04078
      vertex 1.46077 19.5 5.9
    endloop
  endfacet
  facet normal 0 1 0
    outer loop
      vertex 1.39135 19.5 6.04078
      vertex 0.837017 19.5 5.81117
      vertex 0.761334 19.5 6.03413
    endloop
  endfacet
  facet normal 0 1 0
    outer loop
      vertex 0.941154 19.5 5.6
      vertex 1.46077 19.5 5.9
      vertex 1.54798 19.5 5.76949
    endloop
  endfacet
  facet normal 0 1 0
    outer loop
      vertex 1.07196 19.5 5.40423
      vertex 1.54798 19.5 5.76949
      vertex 1.65147 19.5 5.65147
    endloop
  endfacet
  facet normal 0 1 0
    outer loop
      vertex 1.46077 19.5 5.9
      vertex 0.941154 19.5 5.6
      vertex 0.837017 19.5 5.81117
    endloop
  endfacet
  facet normal 0 1 0
    outer loop
      vertex 1.22721 19.5 5.22721
      vertex 1.65147 19.5 5.65147
      vertex 1.76949 19.5 5.54798
    endloop
  endfacet
  facet normal 0 1 0
    outer loop
      vertex 1.40423 19.5 5.07196
      vertex 1.76949 19.5 5.54798
      vertex 1.9 19.5 5.46077
    endloop
  endfacet
  facet normal 0 1 0
    outer loop
      vertex 1.54798 19.5 5.76949
      vertex 1.07196 19.5 5.40423
      vertex 0.941154 19.5 5.6
    endloop
  endfacet
  facet normal 0 1 0
    outer loop
      vertex 1.6 19.5 4.94115
      vertex 1.9 19.5 5.46077
      vertex 2.04078 19.5 5.39134
    endloop
  endfacet
  facet normal 0 1 0
    outer loop
      vertex 1.81117 19.5 4.83702
      vertex 2.04078 19.5 5.39134
      vertex 2.18942 19.5 5.34089
    endloop
  endfacet
  facet normal 0 1 0
    outer loop
      vertex 2.03413 19.5 4.76133
      vertex 2.18942 19.5 5.34089
      vertex 2.34337 19.5 5.31027
    endloop
  endfacet
  facet normal 0 1 0
    outer loop
      vertex 1.65147 19.5 5.65147
      vertex 1.22721 19.5 5.22721
      vertex 1.07196 19.5 5.40423
    endloop
  endfacet
  facet normal 0 1 0
    outer loop
      vertex 2.26505 19.5 4.7154
      vertex 2.34337 19.5 5.31027
      vertex 2.5 19.5 5.3
    endloop
  endfacet
  facet normal 0 1 0
    outer loop
      vertex 2.95922 19.5 5.39134
      vertex 3.18883 19.5 4.83702
      vertex 2.81058 19.5 5.34089
    endloop
  endfacet
  facet normal 0 1 -0
    outer loop
      vertex 2.96587 19.5 4.76133
      vertex 2.81058 19.5 5.34089
      vertex 3.18883 19.5 4.83702
    endloop
  endfacet
  facet normal 0 1 0
    outer loop
      vertex 1.76949 19.5 5.54798
      vertex 1.40423 19.5 5.07196
      vertex 1.22721 19.5 5.22721
    endloop
  endfacet
  facet normal 0 1 0
    outer loop
      vertex 2.81058 19.5 5.34089
      vertex 2.96587 19.5 4.76133
      vertex 2.65663 19.5 5.31027
    endloop
  endfacet
  facet normal 0 1 0
    outer loop
      vertex 1.9 19.5 5.46077
      vertex 1.6 19.5 4.94115
      vertex 1.40423 19.5 5.07196
    endloop
  endfacet
  facet normal 0 1 -0
    outer loop
      vertex 2.73495 19.5 4.7154
      vertex 2.65663 19.5 5.31027
      vertex 2.96587 19.5 4.76133
    endloop
  endfacet
  facet normal 0 1 0
    outer loop
      vertex 2.04078 19.5 5.39134
      vertex 1.81117 19.5 4.83702
      vertex 1.6 19.5 4.94115
    endloop
  endfacet
  facet normal 0 1 0
    outer loop
      vertex 2.65663 19.5 5.31027
      vertex 2.73495 19.5 4.7154
      vertex 2.5 19.5 5.3
    endloop
  endfacet
  facet normal 0 1 0
    outer loop
      vertex 2.18942 19.5 5.34089
      vertex 2.03413 19.5 4.76133
      vertex 1.81117 19.5 4.83702
    endloop
  endfacet
  facet normal 0 1 0
    outer loop
      vertex 2.5 19.5 4.7
      vertex 2.5 19.5 5.3
      vertex 2.73495 19.5 4.7154
    endloop
  endfacet
  facet normal 0 1 0
    outer loop
      vertex 2.34337 19.5 5.31027
      vertex 2.26505 19.5 4.7154
      vertex 2.03413 19.5 4.76133
    endloop
  endfacet
  facet normal 0 1 0
    outer loop
      vertex 2.5 19.5 5.3
      vertex 2.5 19.5 4.7
      vertex 2.26505 19.5 4.7154
    endloop
  endfacet
  facet normal -0.997859 0 0.0654013
    outer loop
      vertex 0.700001 15.9 6.5
      vertex 0.7154 19.5 6.73495
      vertex 0.700001 19.5 6.5
    endloop
  endfacet
  facet normal -0.997859 0 0.0654013
    outer loop
      vertex 0.7154 19.5 6.73495
      vertex 0.700001 15.9 6.5
      vertex 0.7154 15.9 6.73495
    endloop
  endfacet
  facet normal -0.831476 0 0.55556
    outer loop
      vertex 0.941154 15.9 7.4
      vertex 1.07196 19.5 7.59577
      vertex 0.941154 19.5 7.4
    endloop
  endfacet
  facet normal -0.831476 0 0.55556
    outer loop
      vertex 1.07196 19.5 7.59577
      vertex 0.941154 15.9 7.4
      vertex 1.07196 15.9 7.59577
    endloop
  endfacet
  facet normal -0.32146 0 0.946923
    outer loop
      vertex 1.81117 19.5 8.16298
      vertex 2.03413 15.9 8.23867
      vertex 2.03413 19.5 8.23867
    endloop
  endfacet
  facet normal -0.32146 0 0.946923
    outer loop
      vertex 2.03413 15.9 8.23867
      vertex 1.81117 19.5 8.16298
      vertex 1.81117 15.9 8.16298
    endloop
  endfacet
  facet normal -0.751824 0 0.659364
    outer loop
      vertex 1.07196 15.9 7.59577
      vertex 1.22721 19.5 7.77279
      vertex 1.07196 19.5 7.59577
    endloop
  endfacet
  facet normal -0.751824 0 0.659364
    outer loop
      vertex 1.22721 19.5 7.77279
      vertex 1.07196 15.9 7.59577
      vertex 1.22721 15.9 7.77279
    endloop
  endfacet
  facet normal 0.946923 0 -0.32146
    outer loop
      vertex 4.23867 15.9 6.03413
      vertex 4.16298 19.5 5.81117
      vertex 4.23867 19.5 6.03413
    endloop
  endfacet
  facet normal 0.946923 0 -0.32146
    outer loop
      vertex 4.16298 19.5 5.81117
      vertex 4.23867 15.9 6.03413
      vertex 4.16298 15.9 5.81117
    endloop
  endfacet
  facet normal 0.442263 0 -0.896885
    outer loop
      vertex 3.18883 15.9 4.83702
      vertex 3.4 19.5 4.94115
      vertex 3.4 15.9 4.94115
    endloop
  endfacet
  facet normal 0.442263 0 -0.896885
    outer loop
      vertex 3.4 19.5 4.94115
      vertex 3.18883 15.9 4.83702
      vertex 3.18883 19.5 4.83702
    endloop
  endfacet
  facet normal -0.0654055 0 -0.997859
    outer loop
      vertex 2.26505 15.9 4.7154
      vertex 2.5 19.5 4.7
      vertex 2.5 15.9 4.7
    endloop
  endfacet
  facet normal -0.0654055 0 -0.997859
    outer loop
      vertex 2.5 19.5 4.7
      vertex 2.26505 15.9 4.7154
      vertex 2.26505 19.5 4.7154
    endloop
  endfacet
  facet normal -0.555572 0 -0.831468
    outer loop
      vertex 1.40423 15.9 5.07196
      vertex 1.6 19.5 4.94115
      vertex 1.6 15.9 4.94115
    endloop
  endfacet
  facet normal -0.555572 0 -0.831468
    outer loop
      vertex 1.6 19.5 4.94115
      vertex 1.40423 15.9 5.07196
      vertex 1.40423 19.5 5.07196
    endloop
  endfacet
  facet normal -0.659364 0 -0.751824
    outer loop
      vertex 1.22721 15.9 5.22721
      vertex 1.40423 19.5 5.07196
      vertex 1.40423 15.9 5.07196
    endloop
  endfacet
  facet normal -0.659364 0 -0.751824
    outer loop
      vertex 1.40423 19.5 5.07196
      vertex 1.22721 15.9 5.22721
      vertex 1.22721 19.5 5.22721
    endloop
  endfacet
  facet normal 0.980788 -0 0.195079
    outer loop
      vertex 4.23867 15.9 6.96587
      vertex 4.2846 19.5 6.73495
      vertex 4.23867 19.5 6.96587
    endloop
  endfacet
  facet normal 0.980788 0 0.195079
    outer loop
      vertex 4.2846 19.5 6.73495
      vertex 4.23867 15.9 6.96587
      vertex 4.2846 15.9 6.73495
    endloop
  endfacet
  facet normal 0.946923 -0 0.32146
    outer loop
      vertex 4.16298 15.9 7.18883
      vertex 4.23867 19.5 6.96587
      vertex 4.16298 19.5 7.18883
    endloop
  endfacet
  facet normal 0.946923 0 0.32146
    outer loop
      vertex 4.23867 19.5 6.96587
      vertex 4.16298 15.9 7.18883
      vertex 4.23867 15.9 6.96587
    endloop
  endfacet
  facet normal 0.751824 -0 0.659364
    outer loop
      vertex 3.77279 15.9 7.77279
      vertex 3.92804 19.5 7.59577
      vertex 3.77279 19.5 7.77279
    endloop
  endfacet
  facet normal 0.751824 0 0.659364
    outer loop
      vertex 3.92804 19.5 7.59577
      vertex 3.77279 15.9 7.77279
      vertex 3.92804 15.9 7.59577
    endloop
  endfacet
  facet normal -0.0654055 0 0.997859
    outer loop
      vertex 2.26505 19.5 8.2846
      vertex 2.5 15.9 8.3
      vertex 2.5 19.5 8.3
    endloop
  endfacet
  facet normal -0.0654055 0 0.997859
    outer loop
      vertex 2.5 15.9 8.3
      vertex 2.26505 19.5 8.2846
      vertex 2.26505 15.9 8.2846
    endloop
  endfacet
  facet normal 0.442263 0 0.896885
    outer loop
      vertex 3.18883 19.5 8.16298
      vertex 3.4 15.9 8.05885
      vertex 3.4 19.5 8.05885
    endloop
  endfacet
  facet normal 0.442263 0 0.896885
    outer loop
      vertex 3.4 15.9 8.05885
      vertex 3.18883 19.5 8.16298
      vertex 3.18883 15.9 8.16298
    endloop
  endfacet
  facet normal 0.195079 0 0.980788
    outer loop
      vertex 2.73495 19.5 8.2846
      vertex 2.96587 15.9 8.23867
      vertex 2.96587 19.5 8.23867
    endloop
  endfacet
  facet normal 0.195079 0 0.980788
    outer loop
      vertex 2.96587 15.9 8.23867
      vertex 2.73495 19.5 8.2846
      vertex 2.73495 15.9 8.2846
    endloop
  endfacet
  facet normal -0.980784 0 0.195095
    outer loop
      vertex 0.7154 15.9 6.73495
      vertex 0.761334 19.5 6.96587
      vertex 0.7154 19.5 6.73495
    endloop
  endfacet
  facet normal -0.980784 0 0.195095
    outer loop
      vertex 0.761334 19.5 6.96587
      vertex 0.7154 15.9 6.73495
      vertex 0.761334 15.9 6.96587
    endloop
  endfacet
  facet normal -0.896874 0 0.442287
    outer loop
      vertex 0.837017 15.9 7.18883
      vertex 0.941154 19.5 7.4
      vertex 0.837017 19.5 7.18883
    endloop
  endfacet
  facet normal -0.896874 0 0.442287
    outer loop
      vertex 0.941154 19.5 7.4
      vertex 0.837017 15.9 7.18883
      vertex 0.941154 15.9 7.4
    endloop
  endfacet
  facet normal -0.195079 0 0.980788
    outer loop
      vertex 2.03413 19.5 8.23867
      vertex 2.26505 15.9 8.2846
      vertex 2.26505 19.5 8.2846
    endloop
  endfacet
  facet normal -0.195079 0 0.980788
    outer loop
      vertex 2.26505 15.9 8.2846
      vertex 2.03413 19.5 8.23867
      vertex 2.03413 15.9 8.23867
    endloop
  endfacet
  facet normal -0.659364 0 0.751824
    outer loop
      vertex 1.22721 19.5 7.77279
      vertex 1.40423 15.9 7.92804
      vertex 1.40423 19.5 7.92804
    endloop
  endfacet
  facet normal -0.659364 0 0.751824
    outer loop
      vertex 1.40423 15.9 7.92804
      vertex 1.22721 19.5 7.77279
      vertex 1.22721 15.9 7.77279
    endloop
  endfacet
  facet normal -0.555572 0 0.831468
    outer loop
      vertex 1.40423 19.5 7.92804
      vertex 1.6 15.9 8.05885
      vertex 1.6 19.5 8.05885
    endloop
  endfacet
  facet normal -0.555572 0 0.831468
    outer loop
      vertex 1.6 15.9 8.05885
      vertex 1.40423 19.5 7.92804
      vertex 1.40423 15.9 7.92804
    endloop
  endfacet
  facet normal 0.997859 -0 0.0654055
    outer loop
      vertex 4.2846 15.9 6.73495
      vertex 4.3 19.5 6.5
      vertex 4.2846 19.5 6.73495
    endloop
  endfacet
  facet normal 0.997859 0 0.0654055
    outer loop
      vertex 4.3 19.5 6.5
      vertex 4.2846 15.9 6.73495
      vertex 4.3 15.9 6.5
    endloop
  endfacet
  facet normal 0.195079 0 -0.980788
    outer loop
      vertex 2.73495 15.9 4.7154
      vertex 2.96587 19.5 4.76133
      vertex 2.96587 15.9 4.76133
    endloop
  endfacet
  facet normal 0.195079 0 -0.980788
    outer loop
      vertex 2.96587 19.5 4.76133
      vertex 2.73495 15.9 4.7154
      vertex 2.73495 19.5 4.7154
    endloop
  endfacet
  facet normal 0.831468 0 -0.555572
    outer loop
      vertex 4.05885 15.9 5.6
      vertex 3.92804 19.5 5.40423
      vertex 4.05885 19.5 5.6
    endloop
  endfacet
  facet normal 0.831468 0 -0.555572
    outer loop
      vertex 3.92804 19.5 5.40423
      vertex 4.05885 15.9 5.6
      vertex 3.92804 15.9 5.40423
    endloop
  endfacet
  facet normal 0.896885 0 -0.442263
    outer loop
      vertex 4.16298 15.9 5.81117
      vertex 4.05885 19.5 5.6
      vertex 4.16298 19.5 5.81117
    endloop
  endfacet
  facet normal 0.896885 0 -0.442263
    outer loop
      vertex 4.05885 19.5 5.6
      vertex 4.16298 15.9 5.81117
      vertex 4.05885 15.9 5.6
    endloop
  endfacet
  facet normal 0.751824 0 -0.659364
    outer loop
      vertex 3.92804 15.9 5.40423
      vertex 3.77279 19.5 5.22721
      vertex 3.92804 19.5 5.40423
    endloop
  endfacet
  facet normal 0.751824 0 -0.659364
    outer loop
      vertex 3.77279 19.5 5.22721
      vertex 3.92804 15.9 5.40423
      vertex 3.77279 15.9 5.22721
    endloop
  endfacet
  facet normal 0.555572 0 -0.831468
    outer loop
      vertex 3.4 15.9 4.94115
      vertex 3.59577 19.5 5.07196
      vertex 3.59577 15.9 5.07196
    endloop
  endfacet
  facet normal 0.555572 0 -0.831468
    outer loop
      vertex 3.59577 19.5 5.07196
      vertex 3.4 15.9 4.94115
      vertex 3.4 19.5 4.94115
    endloop
  endfacet
  facet normal -0.442263 0 -0.896885
    outer loop
      vertex 1.6 15.9 4.94115
      vertex 1.81117 19.5 4.83702
      vertex 1.81117 15.9 4.83702
    endloop
  endfacet
  facet normal -0.442263 0 -0.896885
    outer loop
      vertex 1.81117 19.5 4.83702
      vertex 1.6 15.9 4.94115
      vertex 1.6 19.5 4.94115
    endloop
  endfacet
  facet normal -0.896874 0 -0.442287
    outer loop
      vertex 0.941154 15.9 5.6
      vertex 0.837017 19.5 5.81117
      vertex 0.941154 19.5 5.6
    endloop
  endfacet
  facet normal -0.896874 -0 -0.442287
    outer loop
      vertex 0.837017 19.5 5.81117
      vertex 0.941154 15.9 5.6
      vertex 0.837017 15.9 5.81117
    endloop
  endfacet
  facet normal -0.980784 0 -0.195095
    outer loop
      vertex 0.761334 15.9 6.03413
      vertex 0.7154 19.5 6.26505
      vertex 0.761334 19.5 6.03413
    endloop
  endfacet
  facet normal -0.980784 -0 -0.195095
    outer loop
      vertex 0.7154 19.5 6.26505
      vertex 0.761334 15.9 6.03413
      vertex 0.7154 15.9 6.26505
    endloop
  endfacet
  facet normal -0.831476 0 -0.55556
    outer loop
      vertex 1.07196 15.9 5.40423
      vertex 0.941154 19.5 5.6
      vertex 1.07196 19.5 5.40423
    endloop
  endfacet
  facet normal -0.831476 -0 -0.55556
    outer loop
      vertex 0.941154 19.5 5.6
      vertex 1.07196 15.9 5.40423
      vertex 0.941154 15.9 5.6
    endloop
  endfacet
  facet normal -0.997859 0 -0.0654013
    outer loop
      vertex 0.7154 15.9 6.26505
      vertex 0.700001 19.5 6.5
      vertex 0.7154 19.5 6.26505
    endloop
  endfacet
  facet normal -0.997859 -0 -0.0654013
    outer loop
      vertex 0.700001 19.5 6.5
      vertex 0.7154 15.9 6.26505
      vertex 0.700001 15.9 6.5
    endloop
  endfacet
  facet normal 0.32146 0 -0.946923
    outer loop
      vertex 2.96587 15.9 4.76133
      vertex 3.18883 19.5 4.83702
      vertex 3.18883 15.9 4.83702
    endloop
  endfacet
  facet normal 0.32146 0 -0.946923
    outer loop
      vertex 3.18883 19.5 4.83702
      vertex 2.96587 15.9 4.76133
      vertex 2.96587 19.5 4.76133
    endloop
  endfacet
  facet normal 0.659364 0 -0.751824
    outer loop
      vertex 3.59577 15.9 5.07196
      vertex 3.77279 19.5 5.22721
      vertex 3.77279 15.9 5.22721
    endloop
  endfacet
  facet normal 0.659364 0 -0.751824
    outer loop
      vertex 3.77279 19.5 5.22721
      vertex 3.59577 15.9 5.07196
      vertex 3.59577 19.5 5.07196
    endloop
  endfacet
  facet normal 0.0654055 0 -0.997859
    outer loop
      vertex 2.5 15.9 4.7
      vertex 2.73495 19.5 4.7154
      vertex 2.73495 15.9 4.7154
    endloop
  endfacet
  facet normal 0.0654055 0 -0.997859
    outer loop
      vertex 2.73495 19.5 4.7154
      vertex 2.5 15.9 4.7
      vertex 2.5 19.5 4.7
    endloop
  endfacet
  facet normal -0.32146 0 -0.946923
    outer loop
      vertex 1.81117 15.9 4.83702
      vertex 2.03413 19.5 4.76133
      vertex 2.03413 15.9 4.76133
    endloop
  endfacet
  facet normal -0.32146 0 -0.946923
    outer loop
      vertex 2.03413 19.5 4.76133
      vertex 1.81117 15.9 4.83702
      vertex 1.81117 19.5 4.83702
    endloop
  endfacet
  facet normal -0.946932 0 -0.321433
    outer loop
      vertex 0.837017 15.9 5.81117
      vertex 0.761334 19.5 6.03413
      vertex 0.837017 19.5 5.81117
    endloop
  endfacet
  facet normal -0.946932 -0 -0.321433
    outer loop
      vertex 0.761334 19.5 6.03413
      vertex 0.837017 15.9 5.81117
      vertex 0.761334 15.9 6.03413
    endloop
  endfacet
  facet normal -0.751824 0 -0.659364
    outer loop
      vertex 1.22721 15.9 5.22721
      vertex 1.07196 19.5 5.40423
      vertex 1.22721 19.5 5.22721
    endloop
  endfacet
  facet normal -0.751824 -0 -0.659364
    outer loop
      vertex 1.07196 19.5 5.40423
      vertex 1.22721 15.9 5.22721
      vertex 1.07196 15.9 5.40423
    endloop
  endfacet
  facet normal 0.555575 0 0.831466
    outer loop
      vertex 58.75 15.9 4.66506
      vertex 59.0219 14.9 4.48338
      vertex 59.0219 15.9 4.48338
    endloop
  endfacet
  facet normal 0.555575 0 0.831466
    outer loop
      vertex 59.0219 14.9 4.48338
      vertex 58.75 15.9 4.66506
      vertex 58.75 14.9 4.66506
    endloop
  endfacet
  facet normal -0.19511 0 -0.980781
    outer loop
      vertex 56.853 14.9 0.0851851
      vertex 57.1737 15.9 0.0213871
      vertex 57.1737 14.9 0.0213871
    endloop
  endfacet
  facet normal -0.19511 0 -0.980781
    outer loop
      vertex 57.1737 15.9 0.0213871
      vertex 56.853 14.9 0.0851851
      vertex 56.853 15.9 0.0851851
    endloop
  endfacet
  facet normal -0.44229 0 0.896872
    outer loop
      vertex 56.25 15.9 4.66506
      vertex 56.5433 14.9 4.8097
      vertex 56.5433 15.9 4.8097
    endloop
  endfacet
  facet normal -0.44229 0 0.896872
    outer loop
      vertex 56.5433 14.9 4.8097
      vertex 56.25 15.9 4.66506
      vertex 56.25 14.9 4.66506
    endloop
  endfacet
  facet normal -0.831442 0 -0.555612
    outer loop
      vertex 55.5166 14.9 0.978096
      vertex 55.3349 15.9 1.25
      vertex 55.5166 15.9 0.978096
    endloop
  endfacet
  facet normal -0.831442 -0 -0.555612
    outer loop
      vertex 55.3349 15.9 1.25
      vertex 55.5166 14.9 0.978096
      vertex 55.3349 14.9 1.25
    endloop
  endfacet
  facet normal 0.659279 0 0.751898
    outer loop
      vertex 59.0219 15.9 4.48338
      vertex 59.2678 14.9 4.26777
      vertex 59.2678 15.9 4.26777
    endloop
  endfacet
  facet normal 0.659279 0 0.751898
    outer loop
      vertex 59.2678 14.9 4.26777
      vertex 59.0219 15.9 4.48338
      vertex 59.0219 14.9 4.48338
    endloop
  endfacet
  facet normal 0.44229 0 0.896872
    outer loop
      vertex 58.4567 15.9 4.8097
      vertex 58.75 14.9 4.66506
      vertex 58.75 15.9 4.66506
    endloop
  endfacet
  facet normal 0.44229 0 0.896872
    outer loop
      vertex 58.75 14.9 4.66506
      vertex 58.4567 15.9 4.8097
      vertex 58.4567 14.9 4.8097
    endloop
  endfacet
  facet normal -0.0654128 0 0.997858
    outer loop
      vertex 57.1737 15.9 4.97861
      vertex 57.5 14.9 5
      vertex 57.5 15.9 5
    endloop
  endfacet
  facet normal -0.0654128 0 0.997858
    outer loop
      vertex 57.5 14.9 5
      vertex 57.1737 15.9 4.97861
      vertex 57.1737 14.9 4.97861
    endloop
  endfacet
  facet normal 0.0654128 0 0.997858
    outer loop
      vertex 57.5 15.9 5
      vertex 57.8263 14.9 4.97861
      vertex 57.8263 15.9 4.97861
    endloop
  endfacet
  facet normal 0.0654128 0 0.997858
    outer loop
      vertex 57.8263 14.9 4.97861
      vertex 57.5 15.9 5
      vertex 57.5 14.9 5
    endloop
  endfacet
  facet normal 0 1 0
    outer loop
      vertex 49.65 15.9 3.5
      vertex 51.65 15.9 5.5
      vertex 51.65 15.9 3.5
    endloop
  endfacet
  facet normal 0 1 -0
    outer loop
      vertex 39.65 15.9 5.5
      vertex 38.25 15.9 5.9
      vertex 39.65 15.9 5.9
    endloop
  endfacet
  facet normal 0 1 0
    outer loop
      vertex 51.65 15.9 5.5
      vertex 49.65 15.9 3.5
      vertex 39.65 15.9 5.5
    endloop
  endfacet
  facet normal 0 1 0
    outer loop
      vertex 39.65 15.9 5.5
      vertex 38.25 15.9 3.5
      vertex 38.25 15.9 5.9
    endloop
  endfacet
  facet normal 0 1 0
    outer loop
      vertex 38.25 15.9 3.5
      vertex 39.65 15.9 5.5
      vertex 49.65 15.9 3.5
    endloop
  endfacet
  facet normal 0 1 0
    outer loop
      vertex 55.3349 15.9 1.25
      vertex 55.9412 15.9 1.6
      vertex 56.072 15.9 1.40423
    endloop
  endfacet
  facet normal 0 1 0
    outer loop
      vertex 55.9412 15.9 1.6
      vertex 55.3349 15.9 1.25
      vertex 55.2117 15.9 1.5
    endloop
  endfacet
  facet normal 0 1 0
    outer loop
      vertex 55.5166 15.9 0.978096
      vertex 56.072 15.9 1.40423
      vertex 56.2272 15.9 1.22721
    endloop
  endfacet
  facet normal 0 1 0
    outer loop
      vertex 55.7322 15.9 0.732232
      vertex 56.2272 15.9 1.22721
      vertex 56.4042 15.9 1.07196
    endloop
  endfacet
  facet normal 0 1 0
    outer loop
      vertex 56.072 15.9 1.40423
      vertex 55.5166 15.9 0.978096
      vertex 55.3349 15.9 1.25
    endloop
  endfacet
  facet normal 0 1 0
    outer loop
      vertex 55.9781 15.9 0.516616
      vertex 56.4042 15.9 1.07196
      vertex 56.6 15.9 0.941154
    endloop
  endfacet
  facet normal 0 1 0
    outer loop
      vertex 56.25 15.9 0.334936
      vertex 56.6 15.9 0.941154
      vertex 56.8112 15.9 0.837016
    endloop
  endfacet
  facet normal 0 1 0
    outer loop
      vertex 56.5433 15.9 0.190301
      vertex 56.8112 15.9 0.837016
      vertex 57.0341 15.9 0.761333
    endloop
  endfacet
  facet normal 0 1 0
    outer loop
      vertex 56.2272 15.9 1.22721
      vertex 55.7322 15.9 0.732232
      vertex 55.5166 15.9 0.978096
    endloop
  endfacet
  facet normal 0 1 0
    outer loop
      vertex 56.853 15.9 0.0851851
      vertex 57.0341 15.9 0.761333
      vertex 57.2651 15.9 0.715399
    endloop
  endfacet
  facet normal 0 1 0
    outer loop
      vertex 57.1737 15.9 0.0213871
      vertex 57.2651 15.9 0.715399
      vertex 57.5 15.9 0.7
    endloop
  endfacet
  facet normal 0 1 -0
    outer loop
      vertex 58.147 15.9 0.0851851
      vertex 57.9659 15.9 0.761333
      vertex 58.4567 15.9 0.190301
    endloop
  endfacet
  facet normal 0 1 0
    outer loop
      vertex 56.4042 15.9 1.07196
      vertex 55.9781 15.9 0.516616
      vertex 55.7322 15.9 0.732232
    endloop
  endfacet
  facet normal 0 1 0
    outer loop
      vertex 57.9659 15.9 0.761333
      vertex 58.147 15.9 0.0851851
      vertex 57.7349 15.9 0.715399
    endloop
  endfacet
  facet normal 0 1 0
    outer loop
      vertex 56.6 15.9 0.941154
      vertex 56.25 15.9 0.334936
      vertex 55.9781 15.9 0.516616
    endloop
  endfacet
  facet normal 0 1 -0
    outer loop
      vertex 57.8263 15.9 0.0213871
      vertex 57.7349 15.9 0.715399
      vertex 58.147 15.9 0.0851851
    endloop
  endfacet
  facet normal 0 1 0
    outer loop
      vertex 56.8112 15.9 0.837016
      vertex 56.5433 15.9 0.190301
      vertex 56.25 15.9 0.334936
    endloop
  endfacet
  facet normal 0 1 0
    outer loop
      vertex 57.7349 15.9 0.715399
      vertex 57.8263 15.9 0.0213871
      vertex 57.5 15.9 0.7
    endloop
  endfacet
  facet normal 0 1 0
    outer loop
      vertex 57.0341 15.9 0.761333
      vertex 56.853 15.9 0.0851851
      vertex 56.5433 15.9 0.190301
    endloop
  endfacet
  facet normal 0 1 0
    outer loop
      vertex 57.5 15.9 0
      vertex 57.5 15.9 0.7
      vertex 57.8263 15.9 0.0213871
    endloop
  endfacet
  facet normal 0 1 0
    outer loop
      vertex 57.2651 15.9 0.715399
      vertex 57.1737 15.9 0.0213871
      vertex 56.853 15.9 0.0851851
    endloop
  endfacet
  facet normal 0 1 0
    outer loop
      vertex 57.5 15.9 0.7
      vertex 57.5 15.9 0
      vertex 57.1737 15.9 0.0213871
    endloop
  endfacet
  facet normal 0 1 0
    outer loop
      vertex 59.2846 15.9 2.73495
      vertex 59.7883 15.9 3.5
      vertex 60 15.9 3.5
    endloop
  endfacet
  facet normal 0 1 0
    outer loop
      vertex 59.7883 15.9 3.5
      vertex 59.163 15.9 3.18883
      vertex 59.0588 15.9 3.4
    endloop
  endfacet
  facet normal 0 1 0
    outer loop
      vertex 59.7883 15.9 3.5
      vertex 59.2387 15.9 2.96587
      vertex 59.163 15.9 3.18883
    endloop
  endfacet
  facet normal 0 1 0
    outer loop
      vertex 59.7883 15.9 3.5
      vertex 59.2846 15.9 2.73495
      vertex 59.2387 15.9 2.96587
    endloop
  endfacet
  facet normal 0 1 0
    outer loop
      vertex 60 15.9 3.5
      vertex 59.3 15.9 2.5
      vertex 59.2846 15.9 2.73495
    endloop
  endfacet
  facet normal 0 1 -0
    outer loop
      vertex 60 15.9 1.5
      vertex 59.3 15.9 2.5
      vertex 60 15.9 3.5
    endloop
  endfacet
  facet normal 0 1 0
    outer loop
      vertex 59.3 15.9 2.5
      vertex 60 15.9 1.5
      vertex 59.2846 15.9 2.26505
    endloop
  endfacet
  facet normal 0 1 -0
    outer loop
      vertex 59.7883 15.9 1.5
      vertex 59.2846 15.9 2.26505
      vertex 60 15.9 1.5
    endloop
  endfacet
  facet normal 0 1 0
    outer loop
      vertex 59.2387 15.9 2.03413
      vertex 59.7883 15.9 1.5
      vertex 59.163 15.9 1.81117
    endloop
  endfacet
  facet normal 0 1 0
    outer loop
      vertex 59.2846 15.9 2.26505
      vertex 59.7883 15.9 1.5
      vertex 59.2387 15.9 2.03413
    endloop
  endfacet
  facet normal 0 1 0
    outer loop
      vertex 59.163 15.9 1.81117
      vertex 59.7883 15.9 1.5
      vertex 59.0588 15.9 1.6
    endloop
  endfacet
  facet normal 0 1 -0
    outer loop
      vertex 59.6651 15.9 1.25
      vertex 59.0588 15.9 1.6
      vertex 59.7883 15.9 1.5
    endloop
  endfacet
  facet normal 0 1 0
    outer loop
      vertex 59.0588 15.9 1.6
      vertex 59.6651 15.9 1.25
      vertex 58.928 15.9 1.40423
    endloop
  endfacet
  facet normal 0 1 -0
    outer loop
      vertex 59.4834 15.9 0.978096
      vertex 58.928 15.9 1.40423
      vertex 59.6651 15.9 1.25
    endloop
  endfacet
  facet normal 0 1 0
    outer loop
      vertex 58.928 15.9 1.40423
      vertex 59.4834 15.9 0.978096
      vertex 58.7728 15.9 1.22721
    endloop
  endfacet
  facet normal 0 1 -0
    outer loop
      vertex 59.2678 15.9 0.732232
      vertex 58.7728 15.9 1.22721
      vertex 59.4834 15.9 0.978096
    endloop
  endfacet
  facet normal 0 1 0
    outer loop
      vertex 58.7728 15.9 1.22721
      vertex 59.2678 15.9 0.732232
      vertex 58.5958 15.9 1.07196
    endloop
  endfacet
  facet normal 0 1 -0
    outer loop
      vertex 59.0219 15.9 0.516616
      vertex 58.5958 15.9 1.07196
      vertex 59.2678 15.9 0.732232
    endloop
  endfacet
  facet normal 0 1 0
    outer loop
      vertex 58.5958 15.9 1.07196
      vertex 59.0219 15.9 0.516616
      vertex 58.4 15.9 0.941154
    endloop
  endfacet
  facet normal 0 1 -0
    outer loop
      vertex 58.75 15.9 0.334936
      vertex 58.4 15.9 0.941154
      vertex 59.0219 15.9 0.516616
    endloop
  endfacet
  facet normal 0 1 0
    outer loop
      vertex 58.4 15.9 0.941154
      vertex 58.75 15.9 0.334936
      vertex 58.1888 15.9 0.837016
    endloop
  endfacet
  facet normal 0 1 -0
    outer loop
      vertex 58.4567 15.9 0.190301
      vertex 58.1888 15.9 0.837016
      vertex 58.75 15.9 0.334936
    endloop
  endfacet
  facet normal 0 1 0
    outer loop
      vertex 58.1888 15.9 0.837016
      vertex 58.4567 15.9 0.190301
      vertex 57.9659 15.9 0.761333
    endloop
  endfacet
  facet normal 0 1 0
    outer loop
      vertex 57.5 15.9 4.3
      vertex 57.5 15.9 5
      vertex 57.8263 15.9 4.97861
    endloop
  endfacet
  facet normal 0 1 0
    outer loop
      vertex 57.7349 15.9 4.2846
      vertex 57.8263 15.9 4.97861
      vertex 58.147 15.9 4.91481
    endloop
  endfacet
  facet normal 0 1 0
    outer loop
      vertex 57.5 15.9 5
      vertex 57.5 15.9 4.3
      vertex 57.1737 15.9 4.97861
    endloop
  endfacet
  facet normal 0 1 0
    outer loop
      vertex 57.9659 15.9 4.23867
      vertex 58.147 15.9 4.91481
      vertex 58.4567 15.9 4.8097
    endloop
  endfacet
  facet normal 0 1 -0
    outer loop
      vertex 57.2651 15.9 4.2846
      vertex 57.1737 15.9 4.97861
      vertex 57.5 15.9 4.3
    endloop
  endfacet
  facet normal 0 1 0
    outer loop
      vertex 58.1888 15.9 4.16298
      vertex 58.4567 15.9 4.8097
      vertex 58.75 15.9 4.66506
    endloop
  endfacet
  facet normal 0 1 0
    outer loop
      vertex 57.1737 15.9 4.97861
      vertex 57.2651 15.9 4.2846
      vertex 56.853 15.9 4.91481
    endloop
  endfacet
  facet normal 0 1 0
    outer loop
      vertex 58.4 15.9 4.05885
      vertex 58.75 15.9 4.66506
      vertex 59.0219 15.9 4.48338
    endloop
  endfacet
  facet normal 0 1 -0
    outer loop
      vertex 57.0341 15.9 4.23867
      vertex 56.853 15.9 4.91481
      vertex 57.2651 15.9 4.2846
    endloop
  endfacet
  facet normal 0 1 0
    outer loop
      vertex 56.853 15.9 4.91481
      vertex 57.0341 15.9 4.23867
      vertex 56.5433 15.9 4.8097
    endloop
  endfacet
  facet normal 0 1 0
    outer loop
      vertex 57.8263 15.9 4.97861
      vertex 57.7349 15.9 4.2846
      vertex 57.5 15.9 4.3
    endloop
  endfacet
  facet normal 0 1 0
    outer loop
      vertex 58.5958 15.9 3.92804
      vertex 59.0219 15.9 4.48338
      vertex 59.2678 15.9 4.26777
    endloop
  endfacet
  facet normal 0 1 0
    outer loop
      vertex 58.147 15.9 4.91481
      vertex 57.9659 15.9 4.23867
      vertex 57.7349 15.9 4.2846
    endloop
  endfacet
  facet normal 0 1 0
    outer loop
      vertex 58.4567 15.9 4.8097
      vertex 58.1888 15.9 4.16298
      vertex 57.9659 15.9 4.23867
    endloop
  endfacet
  facet normal 0 1 0
    outer loop
      vertex 58.75 15.9 4.66506
      vertex 58.4 15.9 4.05885
      vertex 58.1888 15.9 4.16298
    endloop
  endfacet
  facet normal 0 1 0
    outer loop
      vertex 58.7728 15.9 3.77279
      vertex 59.2678 15.9 4.26777
      vertex 59.4834 15.9 4.0219
    endloop
  endfacet
  facet normal 0 1 0
    outer loop
      vertex 59.0219 15.9 4.48338
      vertex 58.5958 15.9 3.92804
      vertex 58.4 15.9 4.05885
    endloop
  endfacet
  facet normal 0 1 0
    outer loop
      vertex 59.2678 15.9 4.26777
      vertex 58.7728 15.9 3.77279
      vertex 58.5958 15.9 3.92804
    endloop
  endfacet
  facet normal 0 1 0
    outer loop
      vertex 58.928 15.9 3.59577
      vertex 59.4834 15.9 4.0219
      vertex 59.6651 15.9 3.75
    endloop
  endfacet
  facet normal 0 1 0
    outer loop
      vertex 59.4834 15.9 4.0219
      vertex 58.928 15.9 3.59577
      vertex 58.7728 15.9 3.77279
    endloop
  endfacet
  facet normal 0 1 0
    outer loop
      vertex 59.0588 15.9 3.4
      vertex 59.6651 15.9 3.75
      vertex 59.7883 15.9 3.5
    endloop
  endfacet
  facet normal 0 1 0
    outer loop
      vertex 59.6651 15.9 3.75
      vertex 59.0588 15.9 3.4
      vertex 58.928 15.9 3.59577
    endloop
  endfacet
  facet normal 0 1 -0
    outer loop
      vertex 56.8112 15.9 4.16298
      vertex 56.5433 15.9 4.8097
      vertex 57.0341 15.9 4.23867
    endloop
  endfacet
  facet normal 0 1 0
    outer loop
      vertex 56.5433 15.9 4.8097
      vertex 56.8112 15.9 4.16298
      vertex 56.25 15.9 4.66506
    endloop
  endfacet
  facet normal 0 1 -0
    outer loop
      vertex 56.6 15.9 4.05885
      vertex 56.25 15.9 4.66506
      vertex 56.8112 15.9 4.16298
    endloop
  endfacet
  facet normal 0 1 0
    outer loop
      vertex 56.25 15.9 4.66506
      vertex 56.6 15.9 4.05885
      vertex 55.9781 15.9 4.48338
    endloop
  endfacet
  facet normal 0 1 -0
    outer loop
      vertex 56.4042 15.9 3.92804
      vertex 55.9781 15.9 4.48338
      vertex 56.6 15.9 4.05885
    endloop
  endfacet
  facet normal 0 1 0
    outer loop
      vertex 55.9781 15.9 4.48338
      vertex 56.4042 15.9 3.92804
      vertex 55.7322 15.9 4.26777
    endloop
  endfacet
  facet normal 0 1 -0
    outer loop
      vertex 56.2272 15.9 3.77279
      vertex 55.7322 15.9 4.26777
      vertex 56.4042 15.9 3.92804
    endloop
  endfacet
  facet normal 0 1 0
    outer loop
      vertex 55.7322 15.9 4.26777
      vertex 56.2272 15.9 3.77279
      vertex 55.5166 15.9 4.0219
    endloop
  endfacet
  facet normal 0 1 -0
    outer loop
      vertex 56.072 15.9 3.59577
      vertex 55.5166 15.9 4.0219
      vertex 56.2272 15.9 3.77279
    endloop
  endfacet
  facet normal 0 1 0
    outer loop
      vertex 55.5166 15.9 4.0219
      vertex 56.072 15.9 3.59577
      vertex 55.3349 15.9 3.75
    endloop
  endfacet
  facet normal 0 1 -0
    outer loop
      vertex 55.9412 15.9 3.4
      vertex 55.3349 15.9 3.75
      vertex 56.072 15.9 3.59577
    endloop
  endfacet
  facet normal 0 1 -0
    outer loop
      vertex 55.2117 15.9 1.5
      vertex 51.65 15.9 3.5
      vertex 55.2117 15.9 3.5
    endloop
  endfacet
  facet normal 0 1 0
    outer loop
      vertex 55.3349 15.9 3.75
      vertex 55.9412 15.9 3.4
      vertex 55.2117 15.9 3.5
    endloop
  endfacet
  facet normal 0 1 -0
    outer loop
      vertex 55.837 15.9 3.18883
      vertex 55.2117 15.9 3.5
      vertex 55.9412 15.9 3.4
    endloop
  endfacet
  facet normal 0 1 -0
    outer loop
      vertex 55.7613 15.9 2.96587
      vertex 55.2117 15.9 3.5
      vertex 55.837 15.9 3.18883
    endloop
  endfacet
  facet normal 0 1 -0
    outer loop
      vertex 55.7154 15.9 2.73495
      vertex 55.2117 15.9 3.5
      vertex 55.7613 15.9 2.96587
    endloop
  endfacet
  facet normal 0 1 -0
    outer loop
      vertex 55.7 15.9 2.5
      vertex 55.2117 15.9 3.5
      vertex 55.7154 15.9 2.73495
    endloop
  endfacet
  facet normal 0 1 0
    outer loop
      vertex 55.2117 15.9 3.5
      vertex 55.7 15.9 2.5
      vertex 55.2117 15.9 1.5
    endloop
  endfacet
  facet normal 0 1 0
    outer loop
      vertex 55.2117 15.9 1.5
      vertex 55.7 15.9 2.5
      vertex 55.7154 15.9 2.26505
    endloop
  endfacet
  facet normal 0 1 0
    outer loop
      vertex 55.2117 15.9 1.5
      vertex 55.7154 15.9 2.26505
      vertex 55.7613 15.9 2.03413
    endloop
  endfacet
  facet normal 0 1 0
    outer loop
      vertex 55.2117 15.9 1.5
      vertex 55.7613 15.9 2.03413
      vertex 55.837 15.9 1.81117
    endloop
  endfacet
  facet normal 0 1 0
    outer loop
      vertex 55.2117 15.9 1.5
      vertex 55.837 15.9 1.81117
      vertex 55.9412 15.9 1.6
    endloop
  endfacet
  facet normal 0 1 0
    outer loop
      vertex 49.65 15.9 1.5
      vertex 51.65 15.9 3.5
      vertex 55.2117 15.9 1.5
    endloop
  endfacet
  facet normal 0 1 0
    outer loop
      vertex 51.65 15.9 3.5
      vertex 49.65 15.9 1.5
      vertex 49.65 15.9 3.5
    endloop
  endfacet
  facet normal -0.831438 0 0.555617
    outer loop
      vertex 55.3349 14.9 3.75
      vertex 55.5166 15.9 4.0219
      vertex 55.3349 15.9 3.75
    endloop
  endfacet
  facet normal -0.831438 0 0.555617
    outer loop
      vertex 55.5166 15.9 4.0219
      vertex 55.3349 14.9 3.75
      vertex 55.5166 14.9 4.0219
    endloop
  endfacet
  facet normal -0.751873 0 0.659307
    outer loop
      vertex 55.5166 14.9 4.0219
      vertex 55.7322 15.9 4.26777
      vertex 55.5166 15.9 4.0219
    endloop
  endfacet
  facet normal -0.751873 0 0.659307
    outer loop
      vertex 55.7322 15.9 4.26777
      vertex 55.5166 14.9 4.0219
      vertex 55.7322 14.9 4.26777
    endloop
  endfacet
  facet normal 0.19511 0 -0.980781
    outer loop
      vertex 57.8263 14.9 0.0213871
      vertex 58.147 15.9 0.0851851
      vertex 58.147 14.9 0.0851851
    endloop
  endfacet
  facet normal 0.19511 0 -0.980781
    outer loop
      vertex 58.147 15.9 0.0851851
      vertex 57.8263 14.9 0.0213871
      vertex 57.8263 15.9 0.0213871
    endloop
  endfacet
  facet normal 0.831442 0 -0.555612
    outer loop
      vertex 59.6651 14.9 1.25
      vertex 59.4834 15.9 0.978096
      vertex 59.6651 15.9 1.25
    endloop
  endfacet
  facet normal 0.831442 0 -0.555612
    outer loop
      vertex 59.4834 15.9 0.978096
      vertex 59.6651 14.9 1.25
      vertex 59.4834 14.9 0.978096
    endloop
  endfacet
  facet normal 0.321404 0 -0.946942
    outer loop
      vertex 58.147 14.9 0.0851851
      vertex 58.4567 15.9 0.190301
      vertex 58.4567 14.9 0.190301
    endloop
  endfacet
  facet normal 0.321404 0 -0.946942
    outer loop
      vertex 58.4567 15.9 0.190301
      vertex 58.147 14.9 0.0851851
      vertex 58.147 15.9 0.0851851
    endloop
  endfacet
  facet normal -0.321404 0 -0.946942
    outer loop
      vertex 56.5433 14.9 0.190301
      vertex 56.853 15.9 0.0851851
      vertex 56.853 14.9 0.0851851
    endloop
  endfacet
  facet normal -0.321404 0 -0.946942
    outer loop
      vertex 56.853 15.9 0.0851851
      vertex 56.5433 14.9 0.190301
      vertex 56.5433 15.9 0.190301
    endloop
  endfacet
  facet normal 0.896996 -0 0.442039
    outer loop
      vertex 59.6651 14.9 3.75
      vertex 59.7883 15.9 3.5
      vertex 59.6651 15.9 3.75
    endloop
  endfacet
  facet normal 0.896996 0 0.442039
    outer loop
      vertex 59.7883 15.9 3.5
      vertex 59.6651 14.9 3.75
      vertex 59.7883 14.9 3.5
    endloop
  endfacet
  facet normal 0.831438 -0 0.555617
    outer loop
      vertex 59.4834 14.9 4.0219
      vertex 59.6651 15.9 3.75
      vertex 59.4834 15.9 4.0219
    endloop
  endfacet
  facet normal 0.831438 0 0.555617
    outer loop
      vertex 59.6651 15.9 3.75
      vertex 59.4834 14.9 4.0219
      vertex 59.6651 14.9 3.75
    endloop
  endfacet
  facet normal 0.751873 -0 0.659307
    outer loop
      vertex 59.2678 14.9 4.26777
      vertex 59.4834 15.9 4.0219
      vertex 59.2678 15.9 4.26777
    endloop
  endfacet
  facet normal 0.751873 0 0.659307
    outer loop
      vertex 59.4834 15.9 4.0219
      vertex 59.2678 14.9 4.26777
      vertex 59.4834 14.9 4.0219
    endloop
  endfacet
  facet normal 0.321387 0 0.946948
    outer loop
      vertex 58.147 15.9 4.91481
      vertex 58.4567 14.9 4.8097
      vertex 58.4567 15.9 4.8097
    endloop
  endfacet
  facet normal 0.321387 0 0.946948
    outer loop
      vertex 58.4567 14.9 4.8097
      vertex 58.147 15.9 4.91481
      vertex 58.147 14.9 4.91481
    endloop
  endfacet
  facet normal 0.195116 0 0.98078
    outer loop
      vertex 57.8263 15.9 4.97861
      vertex 58.147 14.9 4.91481
      vertex 58.147 15.9 4.91481
    endloop
  endfacet
  facet normal 0.195116 0 0.98078
    outer loop
      vertex 58.147 14.9 4.91481
      vertex 57.8263 15.9 4.97861
      vertex 57.8263 14.9 4.97861
    endloop
  endfacet
  facet normal -0.896996 0 0.442039
    outer loop
      vertex 55.2117 14.9 3.5
      vertex 55.3349 15.9 3.75
      vertex 55.2117 15.9 3.5
    endloop
  endfacet
  facet normal -0.896996 0 0.442039
    outer loop
      vertex 55.3349 15.9 3.75
      vertex 55.2117 14.9 3.5
      vertex 55.3349 14.9 3.75
    endloop
  endfacet
  facet normal -0.195116 0 0.98078
    outer loop
      vertex 56.853 15.9 4.91481
      vertex 57.1737 14.9 4.97861
      vertex 57.1737 15.9 4.97861
    endloop
  endfacet
  facet normal -0.195116 0 0.98078
    outer loop
      vertex 57.1737 14.9 4.97861
      vertex 56.853 15.9 4.91481
      vertex 56.853 14.9 4.91481
    endloop
  endfacet
  facet normal -0.321387 0 0.946948
    outer loop
      vertex 56.5433 15.9 4.8097
      vertex 56.853 14.9 4.91481
      vertex 56.853 15.9 4.91481
    endloop
  endfacet
  facet normal -0.321387 0 0.946948
    outer loop
      vertex 56.853 14.9 4.91481
      vertex 56.5433 15.9 4.8097
      vertex 56.5433 14.9 4.8097
    endloop
  endfacet
  facet normal -0.555575 0 0.831466
    outer loop
      vertex 55.9781 15.9 4.48338
      vertex 56.25 14.9 4.66506
      vertex 56.25 15.9 4.66506
    endloop
  endfacet
  facet normal -0.555575 0 0.831466
    outer loop
      vertex 56.25 14.9 4.66506
      vertex 55.9781 15.9 4.48338
      vertex 55.9781 14.9 4.48338
    endloop
  endfacet
  facet normal -0.659279 0 0.751898
    outer loop
      vertex 55.7322 15.9 4.26777
      vertex 55.9781 14.9 4.48338
      vertex 55.9781 15.9 4.48338
    endloop
  endfacet
  facet normal -0.659279 0 0.751898
    outer loop
      vertex 55.9781 14.9 4.48338
      vertex 55.7322 15.9 4.26777
      vertex 55.7322 14.9 4.26777
    endloop
  endfacet
  facet normal 0.555575 0 -0.831466
    outer loop
      vertex 58.75 14.9 0.334936
      vertex 59.0219 15.9 0.516616
      vertex 59.0219 14.9 0.516616
    endloop
  endfacet
  facet normal 0.555575 0 -0.831466
    outer loop
      vertex 59.0219 15.9 0.516616
      vertex 58.75 14.9 0.334936
      vertex 58.75 15.9 0.334936
    endloop
  endfacet
  facet normal 0.751865 0 -0.659317
    outer loop
      vertex 59.4834 14.9 0.978096
      vertex 59.2678 15.9 0.732232
      vertex 59.4834 15.9 0.978096
    endloop
  endfacet
  facet normal 0.751865 0 -0.659317
    outer loop
      vertex 59.2678 15.9 0.732232
      vertex 59.4834 14.9 0.978096
      vertex 59.2678 14.9 0.732232
    endloop
  endfacet
  facet normal 0.65929 0 -0.751889
    outer loop
      vertex 59.0219 14.9 0.516616
      vertex 59.2678 15.9 0.732232
      vertex 59.2678 14.9 0.732232
    endloop
  endfacet
  facet normal 0.65929 0 -0.751889
    outer loop
      vertex 59.2678 15.9 0.732232
      vertex 59.0219 14.9 0.516616
      vertex 59.0219 15.9 0.516616
    endloop
  endfacet
  facet normal -0.0654039 0 -0.997859
    outer loop
      vertex 57.1737 14.9 0.0213871
      vertex 57.5 15.9 0
      vertex 57.5 14.9 0
    endloop
  endfacet
  facet normal -0.0654039 0 -0.997859
    outer loop
      vertex 57.5 15.9 0
      vertex 57.1737 14.9 0.0213871
      vertex 57.1737 15.9 0.0213871
    endloop
  endfacet
  facet normal 0.0654039 0 -0.997859
    outer loop
      vertex 57.5 14.9 0
      vertex 57.8263 15.9 0.0213871
      vertex 57.8263 14.9 0.0213871
    endloop
  endfacet
  facet normal 0.0654039 0 -0.997859
    outer loop
      vertex 57.8263 15.9 0.0213871
      vertex 57.5 14.9 0
      vertex 57.5 15.9 0
    endloop
  endfacet
  facet normal -0.555575 0 -0.831466
    outer loop
      vertex 55.9781 14.9 0.516616
      vertex 56.25 15.9 0.334936
      vertex 56.25 14.9 0.334936
    endloop
  endfacet
  facet normal -0.555575 0 -0.831466
    outer loop
      vertex 56.25 15.9 0.334936
      vertex 55.9781 14.9 0.516616
      vertex 55.9781 15.9 0.516616
    endloop
  endfacet
  facet normal -0.896996 0 -0.442039
    outer loop
      vertex 55.3349 14.9 1.25
      vertex 55.2117 15.9 1.5
      vertex 55.3349 15.9 1.25
    endloop
  endfacet
  facet normal -0.896996 -0 -0.442039
    outer loop
      vertex 55.2117 15.9 1.5
      vertex 55.3349 14.9 1.25
      vertex 55.2117 14.9 1.5
    endloop
  endfacet
  facet normal -0.65929 0 -0.751889
    outer loop
      vertex 55.7322 14.9 0.732232
      vertex 55.9781 15.9 0.516616
      vertex 55.9781 14.9 0.516616
    endloop
  endfacet
  facet normal -0.65929 0 -0.751889
    outer loop
      vertex 55.9781 15.9 0.516616
      vertex 55.7322 14.9 0.732232
      vertex 55.7322 15.9 0.732232
    endloop
  endfacet
  facet normal 0 -1 0
    outer loop
      vertex 59.0219 14.9 0.516616
      vertex 58.2305 14.9 1.54798
      vertex 58.1 14.9 1.46077
    endloop
  endfacet
  facet normal 0 -1 0
    outer loop
      vertex 58.75 14.9 0.334936
      vertex 58.1 14.9 1.46077
      vertex 57.9592 14.9 1.39134
    endloop
  endfacet
  facet normal 0 -1 0
    outer loop
      vertex 58.4567 14.9 0.190301
      vertex 57.9592 14.9 1.39134
      vertex 57.8106 14.9 1.34089
    endloop
  endfacet
  facet normal 0 -1 0
    outer loop
      vertex 58.147 14.9 0.0851851
      vertex 57.8106 14.9 1.34089
      vertex 57.6566 14.9 1.31027
    endloop
  endfacet
  facet normal 0 -1 0
    outer loop
      vertex 58.2305 14.9 1.54798
      vertex 59.6651 14.9 1.25
      vertex 59.7883 14.9 1.5
    endloop
  endfacet
  facet normal 0 -1 0
    outer loop
      vertex 57.8263 14.9 0.0213871
      vertex 57.6566 14.9 1.31027
      vertex 57.5 14.9 1.3
    endloop
  endfacet
  facet normal 0 -1 -0
    outer loop
      vertex 56.9 14.9 1.46077
      vertex 56.25 14.9 0.334936
      vertex 57.0408 14.9 1.39134
    endloop
  endfacet
  facet normal 0 -1 0
    outer loop
      vertex 56.5433 14.9 0.190301
      vertex 57.0408 14.9 1.39134
      vertex 56.25 14.9 0.334936
    endloop
  endfacet
  facet normal 0 -1 0
    outer loop
      vertex 58.2305 14.9 1.54798
      vertex 59.4834 14.9 0.978096
      vertex 59.6651 14.9 1.25
    endloop
  endfacet
  facet normal 0 -1 -0
    outer loop
      vertex 57.0408 14.9 1.39134
      vertex 56.5433 14.9 0.190301
      vertex 57.1894 14.9 1.34089
    endloop
  endfacet
  facet normal 0 -1 0
    outer loop
      vertex 58.2305 14.9 1.54798
      vertex 59.2678 14.9 0.732232
      vertex 59.4834 14.9 0.978096
    endloop
  endfacet
  facet normal 0 -1 0
    outer loop
      vertex 56.853 14.9 0.0851851
      vertex 57.1894 14.9 1.34089
      vertex 56.5433 14.9 0.190301
    endloop
  endfacet
  facet normal 0 -1 0
    outer loop
      vertex 58.2305 14.9 1.54798
      vertex 59.0219 14.9 0.516616
      vertex 59.2678 14.9 0.732232
    endloop
  endfacet
  facet normal 0 -1 -0
    outer loop
      vertex 57.1894 14.9 1.34089
      vertex 56.853 14.9 0.0851851
      vertex 57.3434 14.9 1.31027
    endloop
  endfacet
  facet normal 0 -1 0
    outer loop
      vertex 58.1 14.9 1.46077
      vertex 58.75 14.9 0.334936
      vertex 59.0219 14.9 0.516616
    endloop
  endfacet
  facet normal 0 -1 0
    outer loop
      vertex 57.1737 14.9 0.0213871
      vertex 57.3434 14.9 1.31027
      vertex 56.853 14.9 0.0851851
    endloop
  endfacet
  facet normal 0 -1 0
    outer loop
      vertex 57.9592 14.9 1.39134
      vertex 58.4567 14.9 0.190301
      vertex 58.75 14.9 0.334936
    endloop
  endfacet
  facet normal 0 -1 -0
    outer loop
      vertex 57.3434 14.9 1.31027
      vertex 57.1737 14.9 0.0213871
      vertex 57.5 14.9 1.3
    endloop
  endfacet
  facet normal 0 -1 0
    outer loop
      vertex 57.8106 14.9 1.34089
      vertex 58.147 14.9 0.0851851
      vertex 58.4567 14.9 0.190301
    endloop
  endfacet
  facet normal 0 -1 0
    outer loop
      vertex 57.5 14.9 0
      vertex 57.5 14.9 1.3
      vertex 57.1737 14.9 0.0213871
    endloop
  endfacet
  facet normal 0 -1 0
    outer loop
      vertex 57.6566 14.9 1.31027
      vertex 57.8263 14.9 0.0213871
      vertex 58.147 14.9 0.0851851
    endloop
  endfacet
  facet normal 0 -1 0
    outer loop
      vertex 57.5 14.9 1.3
      vertex 57.5 14.9 0
      vertex 57.8263 14.9 0.0213871
    endloop
  endfacet
  facet normal 0 -1 0
    outer loop
      vertex 38.25 14.9 5.9
      vertex 39.65 14.9 5.5
      vertex 39.65 14.9 5.9
    endloop
  endfacet
  facet normal 0 -1 0
    outer loop
      vertex 38.25 14.9 3.5
      vertex 39.65 14.9 5.5
      vertex 38.25 14.9 5.9
    endloop
  endfacet
  facet normal 0 -1 0
    outer loop
      vertex 49.65 14.9 3.5
      vertex 39.65 14.9 5.5
      vertex 38.25 14.9 3.5
    endloop
  endfacet
  facet normal 0 -1 0
    outer loop
      vertex 39.65 14.9 5.5
      vertex 49.65 14.9 3.5
      vertex 51.65 14.9 5.5
    endloop
  endfacet
  facet normal 0 -1 0
    outer loop
      vertex 49.65 14.9 3.5
      vertex 51.65 14.9 3.5
      vertex 51.65 14.9 5.5
    endloop
  endfacet
  facet normal 0 -1 0
    outer loop
      vertex 49.65 14.9 1.5
      vertex 51.65 14.9 3.5
      vertex 49.65 14.9 3.5
    endloop
  endfacet
  facet normal 0 -1 0
    outer loop
      vertex 51.65 14.9 3.5
      vertex 55.2117 14.9 1.5
      vertex 55.2117 14.9 3.5
    endloop
  endfacet
  facet normal 0 -1 0
    outer loop
      vertex 55.2117 14.9 3.5
      vertex 56.6515 14.9 3.34853
      vertex 56.7695 14.9 3.45202
    endloop
  endfacet
  facet normal 0 -1 0
    outer loop
      vertex 55.2117 14.9 3.5
      vertex 56.548 14.9 3.23051
      vertex 56.6515 14.9 3.34853
    endloop
  endfacet
  facet normal 0 -1 0
    outer loop
      vertex 55.2117 14.9 3.5
      vertex 56.4608 14.9 3.1
      vertex 56.548 14.9 3.23051
    endloop
  endfacet
  facet normal 0 -1 0
    outer loop
      vertex 55.2117 14.9 3.5
      vertex 56.3913 14.9 2.95922
      vertex 56.4608 14.9 3.1
    endloop
  endfacet
  facet normal -0 -1 0
    outer loop
      vertex 56.3 14.9 2.5
      vertex 55.2117 14.9 3.5
      vertex 55.2117 14.9 1.5
    endloop
  endfacet
  facet normal 0 -1 0
    outer loop
      vertex 55.2117 14.9 3.5
      vertex 56.3409 14.9 2.81058
      vertex 56.3913 14.9 2.95922
    endloop
  endfacet
  facet normal 0 -1 0
    outer loop
      vertex 55.2117 14.9 3.5
      vertex 56.3103 14.9 2.65663
      vertex 56.3409 14.9 2.81058
    endloop
  endfacet
  facet normal 0 -1 0
    outer loop
      vertex 55.2117 14.9 3.5
      vertex 56.3 14.9 2.5
      vertex 56.3103 14.9 2.65663
    endloop
  endfacet
  facet normal 0 -1 -0
    outer loop
      vertex 56.3 14.9 2.5
      vertex 55.2117 14.9 1.5
      vertex 56.3103 14.9 2.34337
    endloop
  endfacet
  facet normal 0 -1 -0
    outer loop
      vertex 56.3103 14.9 2.34337
      vertex 55.2117 14.9 1.5
      vertex 56.3409 14.9 2.18942
    endloop
  endfacet
  facet normal 0 -1 -0
    outer loop
      vertex 56.3409 14.9 2.18942
      vertex 55.2117 14.9 1.5
      vertex 56.3913 14.9 2.04078
    endloop
  endfacet
  facet normal 0 -1 -0
    outer loop
      vertex 56.3913 14.9 2.04078
      vertex 55.2117 14.9 1.5
      vertex 56.4608 14.9 1.9
    endloop
  endfacet
  facet normal 0 -1 0
    outer loop
      vertex 55.3349 14.9 1.25
      vertex 56.4608 14.9 1.9
      vertex 55.2117 14.9 1.5
    endloop
  endfacet
  facet normal 0 -1 -0
    outer loop
      vertex 56.4608 14.9 1.9
      vertex 55.3349 14.9 1.25
      vertex 56.548 14.9 1.76949
    endloop
  endfacet
  facet normal 0 -1 -0
    outer loop
      vertex 51.65 14.9 3.5
      vertex 49.65 14.9 1.5
      vertex 55.2117 14.9 1.5
    endloop
  endfacet
  facet normal 0 -1 0
    outer loop
      vertex 55.5166 14.9 0.978096
      vertex 56.548 14.9 1.76949
      vertex 55.3349 14.9 1.25
    endloop
  endfacet
  facet normal 0 -1 -0
    outer loop
      vertex 56.548 14.9 1.76949
      vertex 55.5166 14.9 0.978096
      vertex 56.6515 14.9 1.65147
    endloop
  endfacet
  facet normal 0 -1 0
    outer loop
      vertex 55.7322 14.9 0.732232
      vertex 56.6515 14.9 1.65147
      vertex 55.5166 14.9 0.978096
    endloop
  endfacet
  facet normal 0 -1 -0
    outer loop
      vertex 56.6515 14.9 1.65147
      vertex 55.7322 14.9 0.732232
      vertex 56.7695 14.9 1.54798
    endloop
  endfacet
  facet normal 0 -1 0
    outer loop
      vertex 55.9781 14.9 0.516616
      vertex 56.7695 14.9 1.54798
      vertex 55.7322 14.9 0.732232
    endloop
  endfacet
  facet normal 0 -1 0
    outer loop
      vertex 56.25 14.9 0.334936
      vertex 56.9 14.9 1.46077
      vertex 55.9781 14.9 0.516616
    endloop
  endfacet
  facet normal 0 -1 -0
    outer loop
      vertex 56.7695 14.9 1.54798
      vertex 55.9781 14.9 0.516616
      vertex 56.9 14.9 1.46077
    endloop
  endfacet
  facet normal 0 -1 0
    outer loop
      vertex 57.5 14.9 3.7
      vertex 57.5 14.9 5
      vertex 57.1737 14.9 4.97861
    endloop
  endfacet
  facet normal 0 -1 0
    outer loop
      vertex 57.3434 14.9 3.68973
      vertex 57.1737 14.9 4.97861
      vertex 56.853 14.9 4.91481
    endloop
  endfacet
  facet normal 0 -1 0
    outer loop
      vertex 57.5 14.9 5
      vertex 57.5 14.9 3.7
      vertex 57.8263 14.9 4.97861
    endloop
  endfacet
  facet normal 0 -1 0
    outer loop
      vertex 57.1894 14.9 3.65911
      vertex 56.853 14.9 4.91481
      vertex 56.5433 14.9 4.8097
    endloop
  endfacet
  facet normal 0 -1 0
    outer loop
      vertex 57.6566 14.9 3.68973
      vertex 57.8263 14.9 4.97861
      vertex 57.5 14.9 3.7
    endloop
  endfacet
  facet normal 0 -1 0
    outer loop
      vertex 57.0408 14.9 3.60865
      vertex 56.5433 14.9 4.8097
      vertex 56.25 14.9 4.66506
    endloop
  endfacet
  facet normal 0 -1 -0
    outer loop
      vertex 57.8263 14.9 4.97861
      vertex 57.6566 14.9 3.68973
      vertex 58.147 14.9 4.91481
    endloop
  endfacet
  facet normal 0 -1 0
    outer loop
      vertex 56.9 14.9 3.53923
      vertex 56.25 14.9 4.66506
      vertex 55.9781 14.9 4.48338
    endloop
  endfacet
  facet normal 0 -1 0
    outer loop
      vertex 57.8106 14.9 3.65911
      vertex 58.147 14.9 4.91481
      vertex 57.6566 14.9 3.68973
    endloop
  endfacet
  facet normal 0 -1 0
    outer loop
      vertex 56.7695 14.9 3.45202
      vertex 55.9781 14.9 4.48338
      vertex 55.7322 14.9 4.26777
    endloop
  endfacet
  facet normal 0 -1 -0
    outer loop
      vertex 58.147 14.9 4.91481
      vertex 57.8106 14.9 3.65911
      vertex 58.4567 14.9 4.8097
    endloop
  endfacet
  facet normal 0 -1 0
    outer loop
      vertex 56.7695 14.9 3.45202
      vertex 55.7322 14.9 4.26777
      vertex 55.5166 14.9 4.0219
    endloop
  endfacet
  facet normal 0 -1 0
    outer loop
      vertex 57.9592 14.9 3.60865
      vertex 58.4567 14.9 4.8097
      vertex 57.8106 14.9 3.65911
    endloop
  endfacet
  facet normal 0 -1 0
    outer loop
      vertex 56.7695 14.9 3.45202
      vertex 55.5166 14.9 4.0219
      vertex 55.3349 14.9 3.75
    endloop
  endfacet
  facet normal 0 -1 -0
    outer loop
      vertex 58.4567 14.9 4.8097
      vertex 57.9592 14.9 3.60865
      vertex 58.75 14.9 4.66506
    endloop
  endfacet
  facet normal 0 -1 0
    outer loop
      vertex 58.1 14.9 3.53923
      vertex 58.75 14.9 4.66506
      vertex 57.9592 14.9 3.60865
    endloop
  endfacet
  facet normal 0 -1 0
    outer loop
      vertex 57.1737 14.9 4.97861
      vertex 57.3434 14.9 3.68973
      vertex 57.5 14.9 3.7
    endloop
  endfacet
  facet normal 0 -1 0
    outer loop
      vertex 56.853 14.9 4.91481
      vertex 57.1894 14.9 3.65911
      vertex 57.3434 14.9 3.68973
    endloop
  endfacet
  facet normal 0 -1 0
    outer loop
      vertex 56.5433 14.9 4.8097
      vertex 57.0408 14.9 3.60865
      vertex 57.1894 14.9 3.65911
    endloop
  endfacet
  facet normal 0 -1 0
    outer loop
      vertex 56.25 14.9 4.66506
      vertex 56.9 14.9 3.53923
      vertex 57.0408 14.9 3.60865
    endloop
  endfacet
  facet normal 0 -1 0
    outer loop
      vertex 56.7695 14.9 3.45202
      vertex 55.3349 14.9 3.75
      vertex 55.2117 14.9 3.5
    endloop
  endfacet
  facet normal 0 -1 0
    outer loop
      vertex 55.9781 14.9 4.48338
      vertex 56.7695 14.9 3.45202
      vertex 56.9 14.9 3.53923
    endloop
  endfacet
  facet normal 0 -1 -0
    outer loop
      vertex 58.75 14.9 4.66506
      vertex 58.1 14.9 3.53923
      vertex 59.0219 14.9 4.48338
    endloop
  endfacet
  facet normal 0 -1 0
    outer loop
      vertex 58.2305 14.9 3.45202
      vertex 59.0219 14.9 4.48338
      vertex 58.1 14.9 3.53923
    endloop
  endfacet
  facet normal 0 -1 -0
    outer loop
      vertex 59.0219 14.9 4.48338
      vertex 58.2305 14.9 3.45202
      vertex 59.2678 14.9 4.26777
    endloop
  endfacet
  facet normal 0 -1 0
    outer loop
      vertex 58.3485 14.9 3.34853
      vertex 59.2678 14.9 4.26777
      vertex 58.2305 14.9 3.45202
    endloop
  endfacet
  facet normal 0 -1 -0
    outer loop
      vertex 59.2678 14.9 4.26777
      vertex 58.3485 14.9 3.34853
      vertex 59.4834 14.9 4.0219
    endloop
  endfacet
  facet normal 0 -1 0
    outer loop
      vertex 58.452 14.9 3.23051
      vertex 59.4834 14.9 4.0219
      vertex 58.3485 14.9 3.34853
    endloop
  endfacet
  facet normal 0 -1 -0
    outer loop
      vertex 59.4834 14.9 4.0219
      vertex 58.452 14.9 3.23051
      vertex 59.6651 14.9 3.75
    endloop
  endfacet
  facet normal 0 -1 0
    outer loop
      vertex 58.5392 14.9 3.1
      vertex 59.6651 14.9 3.75
      vertex 58.452 14.9 3.23051
    endloop
  endfacet
  facet normal 0 -1 -0
    outer loop
      vertex 59.6651 14.9 3.75
      vertex 58.5392 14.9 3.1
      vertex 59.7883 14.9 3.5
    endloop
  endfacet
  facet normal 0 -1 0
    outer loop
      vertex 58.6087 14.9 2.95922
      vertex 59.7883 14.9 3.5
      vertex 58.5392 14.9 3.1
    endloop
  endfacet
  facet normal 0 -1 0
    outer loop
      vertex 58.6591 14.9 2.81058
      vertex 59.7883 14.9 3.5
      vertex 58.6087 14.9 2.95922
    endloop
  endfacet
  facet normal 0 -1 0
    outer loop
      vertex 58.6897 14.9 2.65663
      vertex 59.7883 14.9 3.5
      vertex 58.6591 14.9 2.81058
    endloop
  endfacet
  facet normal 0 -1 0
    outer loop
      vertex 58.7 14.9 2.5
      vertex 59.7883 14.9 3.5
      vertex 58.6897 14.9 2.65663
    endloop
  endfacet
  facet normal 0 -1 0
    outer loop
      vertex 59.7883 14.9 1.5
      vertex 59.7883 14.9 3.5
      vertex 58.7 14.9 2.5
    endloop
  endfacet
  facet normal 0 -1 0
    outer loop
      vertex 59.7883 14.9 1.5
      vertex 58.7 14.9 2.5
      vertex 58.6897 14.9 2.34337
    endloop
  endfacet
  facet normal 0 -1 0
    outer loop
      vertex 59.7883 14.9 1.5
      vertex 58.6897 14.9 2.34337
      vertex 58.6591 14.9 2.18942
    endloop
  endfacet
  facet normal 0 -1 0
    outer loop
      vertex 59.7883 14.9 1.5
      vertex 58.6591 14.9 2.18942
      vertex 58.6087 14.9 2.04078
    endloop
  endfacet
  facet normal 0 -1 0
    outer loop
      vertex 59.7883 14.9 1.5
      vertex 58.6087 14.9 2.04078
      vertex 58.5392 14.9 1.9
    endloop
  endfacet
  facet normal 0 -1 0
    outer loop
      vertex 59.7883 14.9 1.5
      vertex 58.5392 14.9 1.9
      vertex 58.452 14.9 1.76949
    endloop
  endfacet
  facet normal 0 -1 0
    outer loop
      vertex 59.7883 14.9 1.5
      vertex 58.452 14.9 1.76949
      vertex 58.3485 14.9 1.65147
    endloop
  endfacet
  facet normal 0 -1 0
    outer loop
      vertex 59.7883 14.9 1.5
      vertex 58.3485 14.9 1.65147
      vertex 58.2305 14.9 1.54798
    endloop
  endfacet
  facet normal 0 -1 0
    outer loop
      vertex 59.7883 14.9 3.5
      vertex 59.7883 14.9 1.5
      vertex 60 14.9 3.5
    endloop
  endfacet
  facet normal 0 -1 -0
    outer loop
      vertex 60 14.9 3.5
      vertex 59.7883 14.9 1.5
      vertex 60 14.9 1.5
    endloop
  endfacet
  facet normal 0.442277 0 -0.896878
    outer loop
      vertex 58.4567 14.9 0.190301
      vertex 58.75 15.9 0.334936
      vertex 58.75 14.9 0.334936
    endloop
  endfacet
  facet normal 0.442277 0 -0.896878
    outer loop
      vertex 58.75 15.9 0.334936
      vertex 58.4567 14.9 0.190301
      vertex 58.4567 15.9 0.190301
    endloop
  endfacet
  facet normal 0.896996 0 -0.442039
    outer loop
      vertex 59.7883 14.9 1.5
      vertex 59.6651 15.9 1.25
      vertex 59.7883 15.9 1.5
    endloop
  endfacet
  facet normal 0.896996 0 -0.442039
    outer loop
      vertex 59.6651 15.9 1.25
      vertex 59.7883 14.9 1.5
      vertex 59.6651 14.9 1.25
    endloop
  endfacet
  facet normal -0.442277 0 -0.896878
    outer loop
      vertex 56.25 14.9 0.334936
      vertex 56.5433 15.9 0.190301
      vertex 56.5433 14.9 0.190301
    endloop
  endfacet
  facet normal -0.442277 0 -0.896878
    outer loop
      vertex 56.5433 15.9 0.190301
      vertex 56.25 14.9 0.334936
      vertex 56.25 15.9 0.334936
    endloop
  endfacet
  facet normal -0.751865 0 -0.659317
    outer loop
      vertex 55.7322 14.9 0.732232
      vertex 55.5166 15.9 0.978096
      vertex 55.7322 15.9 0.732232
    endloop
  endfacet
  facet normal -0.751865 -0 -0.659317
    outer loop
      vertex 55.5166 15.9 0.978096
      vertex 55.7322 14.9 0.732232
      vertex 55.5166 14.9 0.978096
    endloop
  endfacet
  facet normal 0.997859 -0 0.0654055
    outer loop
      vertex 59.2846 15.9 2.73495
      vertex 59.3 19.5 2.5
      vertex 59.2846 19.5 2.73495
    endloop
  endfacet
  facet normal 0.997859 0 0.0654055
    outer loop
      vertex 59.3 19.5 2.5
      vertex 59.2846 15.9 2.73495
      vertex 59.3 15.9 2.5
    endloop
  endfacet
  facet normal -0.0654194 0 0.997858
    outer loop
      vertex 57.2651 19.5 4.2846
      vertex 57.5 15.9 4.3
      vertex 57.5 19.5 4.3
    endloop
  endfacet
  facet normal -0.0654194 0 0.997858
    outer loop
      vertex 57.5 15.9 4.3
      vertex 57.2651 19.5 4.2846
      vertex 57.2651 15.9 4.2846
    endloop
  endfacet
  facet normal 0.0654151 0 -0.997858
    outer loop
      vertex 57.5 15.9 0.7
      vertex 57.7349 19.5 0.715399
      vertex 57.7349 15.9 0.715399
    endloop
  endfacet
  facet normal 0.0654151 0 -0.997858
    outer loop
      vertex 57.7349 19.5 0.715399
      vertex 57.5 15.9 0.7
      vertex 57.5 19.5 0.7
    endloop
  endfacet
  facet normal 0.659406 0 0.751787
    outer loop
      vertex 58.5958 19.5 3.92804
      vertex 58.7728 15.9 3.77279
      vertex 58.7728 19.5 3.77279
    endloop
  endfacet
  facet normal 0.659406 0 0.751787
    outer loop
      vertex 58.7728 15.9 3.77279
      vertex 58.5958 19.5 3.92804
      vertex 58.5958 15.9 3.92804
    endloop
  endfacet
  facet normal -0.751929 0 0.659244
    outer loop
      vertex 56.072 15.9 3.59577
      vertex 56.2272 19.5 3.77279
      vertex 56.072 19.5 3.59577
    endloop
  endfacet
  facet normal -0.751929 0 0.659244
    outer loop
      vertex 56.2272 19.5 3.77279
      vertex 56.072 15.9 3.59577
      vertex 56.2272 15.9 3.77279
    endloop
  endfacet
  facet normal -0.442212 0 0.89691
    outer loop
      vertex 56.6 19.5 4.05885
      vertex 56.8112 15.9 4.16298
      vertex 56.8112 19.5 4.16298
    endloop
  endfacet
  facet normal -0.442212 0 0.89691
    outer loop
      vertex 56.8112 15.9 4.16298
      vertex 56.6 19.5 4.05885
      vertex 56.6 15.9 4.05885
    endloop
  endfacet
  facet normal 0.896767 -0 0.442502
    outer loop
      vertex 59.0588 15.9 3.4
      vertex 59.163 19.5 3.18883
      vertex 59.0588 19.5 3.4
    endloop
  endfacet
  facet normal 0.896767 0 0.442502
    outer loop
      vertex 59.163 19.5 3.18883
      vertex 59.0588 15.9 3.4
      vertex 59.163 15.9 3.18883
    endloop
  endfacet
  facet normal 0.321537 0 0.946897
    outer loop
      vertex 57.9659 19.5 4.23867
      vertex 58.1888 15.9 4.16298
      vertex 58.1888 19.5 4.16298
    endloop
  endfacet
  facet normal 0.321537 0 0.946897
    outer loop
      vertex 58.1888 15.9 4.16298
      vertex 57.9659 19.5 4.23867
      vertex 57.9659 15.9 4.23867
    endloop
  endfacet
  facet normal 0.195014 0 0.980801
    outer loop
      vertex 57.7349 19.5 4.2846
      vertex 57.9659 15.9 4.23867
      vertex 57.9659 19.5 4.23867
    endloop
  endfacet
  facet normal 0.195014 0 0.980801
    outer loop
      vertex 57.9659 15.9 4.23867
      vertex 57.7349 19.5 4.2846
      vertex 57.7349 15.9 4.2846
    endloop
  endfacet
  facet normal 0.555513 0 0.831508
    outer loop
      vertex 58.4 19.5 4.05885
      vertex 58.5958 15.9 3.92804
      vertex 58.5958 19.5 3.92804
    endloop
  endfacet
  facet normal 0.555513 0 0.831508
    outer loop
      vertex 58.5958 15.9 3.92804
      vertex 58.4 19.5 4.05885
      vertex 58.4 15.9 4.05885
    endloop
  endfacet
  facet normal -0.896767 0 0.442502
    outer loop
      vertex 55.837 15.9 3.18883
      vertex 55.9412 19.5 3.4
      vertex 55.837 19.5 3.18883
    endloop
  endfacet
  facet normal -0.896767 0 0.442502
    outer loop
      vertex 55.9412 19.5 3.4
      vertex 55.837 15.9 3.18883
      vertex 55.9412 15.9 3.4
    endloop
  endfacet
  facet normal -0.831488 0 0.555543
    outer loop
      vertex 55.9412 15.9 3.4
      vertex 56.072 19.5 3.59577
      vertex 55.9412 19.5 3.4
    endloop
  endfacet
  facet normal -0.831488 0 0.555543
    outer loop
      vertex 56.072 19.5 3.59577
      vertex 55.9412 15.9 3.4
      vertex 56.072 15.9 3.59577
    endloop
  endfacet
  facet normal -0.980812 0 0.194956
    outer loop
      vertex 55.7154 15.9 2.73495
      vertex 55.7613 19.5 2.96587
      vertex 55.7154 19.5 2.73495
    endloop
  endfacet
  facet normal -0.980812 0 0.194956
    outer loop
      vertex 55.7613 19.5 2.96587
      vertex 55.7154 15.9 2.73495
      vertex 55.7613 15.9 2.96587
    endloop
  endfacet
  facet normal -0.659406 0 0.751787
    outer loop
      vertex 56.2272 19.5 3.77279
      vertex 56.4042 15.9 3.92804
      vertex 56.4042 19.5 3.92804
    endloop
  endfacet
  facet normal -0.659406 0 0.751787
    outer loop
      vertex 56.4042 15.9 3.92804
      vertex 56.2272 19.5 3.77279
      vertex 56.2272 15.9 3.77279
    endloop
  endfacet
  facet normal -0.321537 0 0.946897
    outer loop
      vertex 56.8112 19.5 4.16298
      vertex 57.0341 15.9 4.23867
      vertex 57.0341 19.5 4.23867
    endloop
  endfacet
  facet normal -0.321537 0 0.946897
    outer loop
      vertex 57.0341 15.9 4.23867
      vertex 56.8112 19.5 4.16298
      vertex 56.8112 15.9 4.16298
    endloop
  endfacet
  facet normal 0.896767 0 -0.442502
    outer loop
      vertex 59.163 15.9 1.81117
      vertex 59.0588 19.5 1.6
      vertex 59.163 19.5 1.81117
    endloop
  endfacet
  facet normal 0.896767 0 -0.442502
    outer loop
      vertex 59.0588 19.5 1.6
      vertex 59.163 15.9 1.81117
      vertex 59.0588 15.9 1.6
    endloop
  endfacet
  facet normal 0.831488 0 -0.555543
    outer loop
      vertex 59.0588 15.9 1.6
      vertex 58.928 19.5 1.40423
      vertex 59.0588 19.5 1.6
    endloop
  endfacet
  facet normal 0.831488 0 -0.555543
    outer loop
      vertex 58.928 19.5 1.40423
      vertex 59.0588 15.9 1.6
      vertex 58.928 15.9 1.40423
    endloop
  endfacet
  facet normal 0.980812 0 -0.194956
    outer loop
      vertex 59.2846 15.9 2.26505
      vertex 59.2387 19.5 2.03413
      vertex 59.2846 19.5 2.26505
    endloop
  endfacet
  facet normal 0.980812 0 -0.194956
    outer loop
      vertex 59.2387 19.5 2.03413
      vertex 59.2846 15.9 2.26505
      vertex 59.2387 15.9 2.03413
    endloop
  endfacet
  facet normal -0.555502 0 -0.831515
    outer loop
      vertex 56.4042 15.9 1.07196
      vertex 56.6 19.5 0.941154
      vertex 56.6 15.9 0.941154
    endloop
  endfacet
  facet normal -0.555502 0 -0.831515
    outer loop
      vertex 56.6 19.5 0.941154
      vertex 56.4042 15.9 1.07196
      vertex 56.4042 19.5 1.07196
    endloop
  endfacet
  facet normal -0.19503 0 -0.980797
    outer loop
      vertex 57.0341 15.9 0.761333
      vertex 57.2651 19.5 0.715399
      vertex 57.2651 15.9 0.715399
    endloop
  endfacet
  facet normal -0.19503 0 -0.980797
    outer loop
      vertex 57.2651 19.5 0.715399
      vertex 57.0341 15.9 0.761333
      vertex 57.0341 19.5 0.761333
    endloop
  endfacet
  facet normal -0.659406 0 -0.751787
    outer loop
      vertex 56.2272 15.9 1.22721
      vertex 56.4042 19.5 1.07196
      vertex 56.4042 15.9 1.07196
    endloop
  endfacet
  facet normal -0.659406 0 -0.751787
    outer loop
      vertex 56.4042 19.5 1.07196
      vertex 56.2272 15.9 1.22721
      vertex 56.2272 19.5 1.22721
    endloop
  endfacet
  facet normal 0.94691 -0 0.321498
    outer loop
      vertex 59.163 15.9 3.18883
      vertex 59.2387 19.5 2.96587
      vertex 59.163 19.5 3.18883
    endloop
  endfacet
  facet normal 0.94691 0 0.321498
    outer loop
      vertex 59.2387 19.5 2.96587
      vertex 59.163 15.9 3.18883
      vertex 59.2387 15.9 2.96587
    endloop
  endfacet
  facet normal 0.980812 -0 0.194956
    outer loop
      vertex 59.2387 15.9 2.96587
      vertex 59.2846 19.5 2.73495
      vertex 59.2387 19.5 2.96587
    endloop
  endfacet
  facet normal 0.980812 0 0.194956
    outer loop
      vertex 59.2846 19.5 2.73495
      vertex 59.2387 15.9 2.96587
      vertex 59.2846 15.9 2.73495
    endloop
  endfacet
  facet normal 0.751929 -0 0.659244
    outer loop
      vertex 58.7728 15.9 3.77279
      vertex 58.928 19.5 3.59577
      vertex 58.7728 19.5 3.77279
    endloop
  endfacet
  facet normal 0.751929 0 0.659244
    outer loop
      vertex 58.928 19.5 3.59577
      vertex 58.7728 15.9 3.77279
      vertex 58.928 15.9 3.59577
    endloop
  endfacet
  facet normal 0.831488 -0 0.555543
    outer loop
      vertex 58.928 15.9 3.59577
      vertex 59.0588 19.5 3.4
      vertex 58.928 19.5 3.59577
    endloop
  endfacet
  facet normal 0.831488 0 0.555543
    outer loop
      vertex 59.0588 19.5 3.4
      vertex 58.928 15.9 3.59577
      vertex 59.0588 15.9 3.4
    endloop
  endfacet
  facet normal 0.0654194 0 0.997858
    outer loop
      vertex 57.5 19.5 4.3
      vertex 57.7349 15.9 4.2846
      vertex 57.7349 19.5 4.2846
    endloop
  endfacet
  facet normal 0.0654194 0 0.997858
    outer loop
      vertex 57.7349 15.9 4.2846
      vertex 57.5 19.5 4.3
      vertex 57.5 15.9 4.3
    endloop
  endfacet
  facet normal 0 1 0
    outer loop
      vertex 57.5 19.5 3.7
      vertex 57.5 19.5 4.3
      vertex 57.7349 19.5 4.2846
    endloop
  endfacet
  facet normal 0 1 0
    outer loop
      vertex 57.6566 19.5 3.68973
      vertex 57.7349 19.5 4.2846
      vertex 57.9659 19.5 4.23867
    endloop
  endfacet
  facet normal 0 1 0
    outer loop
      vertex 57.5 19.5 4.3
      vertex 57.5 19.5 3.7
      vertex 57.2651 19.5 4.2846
    endloop
  endfacet
  facet normal 0 1 0
    outer loop
      vertex 57.8106 19.5 3.65911
      vertex 57.9659 19.5 4.23867
      vertex 58.1888 19.5 4.16298
    endloop
  endfacet
  facet normal 0 1 -0
    outer loop
      vertex 57.3434 19.5 3.68973
      vertex 57.2651 19.5 4.2846
      vertex 57.5 19.5 3.7
    endloop
  endfacet
  facet normal 0 1 0
    outer loop
      vertex 57.9592 19.5 3.60865
      vertex 58.1888 19.5 4.16298
      vertex 58.4 19.5 4.05885
    endloop
  endfacet
  facet normal 0 1 0
    outer loop
      vertex 57.2651 19.5 4.2846
      vertex 57.3434 19.5 3.68973
      vertex 57.0341 19.5 4.23867
    endloop
  endfacet
  facet normal 0 1 0
    outer loop
      vertex 58.1 19.5 3.53923
      vertex 58.4 19.5 4.05885
      vertex 58.5958 19.5 3.92804
    endloop
  endfacet
  facet normal 0 1 -0
    outer loop
      vertex 57.1894 19.5 3.65911
      vertex 57.0341 19.5 4.23867
      vertex 57.3434 19.5 3.68973
    endloop
  endfacet
  facet normal 0 1 0
    outer loop
      vertex 58.2305 19.5 3.45202
      vertex 58.5958 19.5 3.92804
      vertex 58.7728 19.5 3.77279
    endloop
  endfacet
  facet normal 0 1 0
    outer loop
      vertex 57.0341 19.5 4.23867
      vertex 57.1894 19.5 3.65911
      vertex 56.8112 19.5 4.16298
    endloop
  endfacet
  facet normal 0 1 -0
    outer loop
      vertex 57.0408 19.5 3.60865
      vertex 56.8112 19.5 4.16298
      vertex 57.1894 19.5 3.65911
    endloop
  endfacet
  facet normal 0 1 0
    outer loop
      vertex 57.7349 19.5 4.2846
      vertex 57.6566 19.5 3.68973
      vertex 57.5 19.5 3.7
    endloop
  endfacet
  facet normal 0 1 0
    outer loop
      vertex 57.9659 19.5 4.23867
      vertex 57.8106 19.5 3.65911
      vertex 57.6566 19.5 3.68973
    endloop
  endfacet
  facet normal 0 1 0
    outer loop
      vertex 58.1888 19.5 4.16298
      vertex 57.9592 19.5 3.60865
      vertex 57.8106 19.5 3.65911
    endloop
  endfacet
  facet normal 0 1 0
    outer loop
      vertex 58.3485 19.5 3.34853
      vertex 58.7728 19.5 3.77279
      vertex 58.928 19.5 3.59577
    endloop
  endfacet
  facet normal 0 1 0
    outer loop
      vertex 58.4 19.5 4.05885
      vertex 58.1 19.5 3.53923
      vertex 57.9592 19.5 3.60865
    endloop
  endfacet
  facet normal 0 1 0
    outer loop
      vertex 58.5958 19.5 3.92804
      vertex 58.2305 19.5 3.45202
      vertex 58.1 19.5 3.53923
    endloop
  endfacet
  facet normal 0 1 0
    outer loop
      vertex 58.452 19.5 3.23051
      vertex 58.928 19.5 3.59577
      vertex 59.0588 19.5 3.4
    endloop
  endfacet
  facet normal 0 1 0
    outer loop
      vertex 58.7728 19.5 3.77279
      vertex 58.3485 19.5 3.34853
      vertex 58.2305 19.5 3.45202
    endloop
  endfacet
  facet normal 0 1 0
    outer loop
      vertex 58.928 19.5 3.59577
      vertex 58.452 19.5 3.23051
      vertex 58.3485 19.5 3.34853
    endloop
  endfacet
  facet normal 0 1 0
    outer loop
      vertex 58.5392 19.5 3.1
      vertex 59.0588 19.5 3.4
      vertex 59.163 19.5 3.18883
    endloop
  endfacet
  facet normal 0 1 0
    outer loop
      vertex 59.0588 19.5 3.4
      vertex 58.5392 19.5 3.1
      vertex 58.452 19.5 3.23051
    endloop
  endfacet
  facet normal 0 1 0
    outer loop
      vertex 58.6087 19.5 2.95922
      vertex 59.163 19.5 3.18883
      vertex 59.2387 19.5 2.96587
    endloop
  endfacet
  facet normal 0 1 0
    outer loop
      vertex 59.163 19.5 3.18883
      vertex 58.6087 19.5 2.95922
      vertex 58.5392 19.5 3.1
    endloop
  endfacet
  facet normal 0 1 0
    outer loop
      vertex 59.2387 19.5 2.96587
      vertex 58.6591 19.5 2.81058
      vertex 58.6087 19.5 2.95922
    endloop
  endfacet
  facet normal 0 1 0
    outer loop
      vertex 59.2846 19.5 2.73495
      vertex 58.6591 19.5 2.81058
      vertex 59.2387 19.5 2.96587
    endloop
  endfacet
  facet normal 0 1 0
    outer loop
      vertex 59.2846 19.5 2.73495
      vertex 58.6897 19.5 2.65663
      vertex 58.6591 19.5 2.81058
    endloop
  endfacet
  facet normal 0 1 0
    outer loop
      vertex 59.3 19.5 2.5
      vertex 58.6897 19.5 2.65663
      vertex 59.2846 19.5 2.73495
    endloop
  endfacet
  facet normal 0 1 0
    outer loop
      vertex 59.3 19.5 2.5
      vertex 58.7 19.5 2.5
      vertex 58.6897 19.5 2.65663
    endloop
  endfacet
  facet normal 0 1 0
    outer loop
      vertex 59.3 19.5 2.5
      vertex 58.6897 19.5 2.34337
      vertex 58.7 19.5 2.5
    endloop
  endfacet
  facet normal 0 1 -0
    outer loop
      vertex 59.2846 19.5 2.26505
      vertex 58.6897 19.5 2.34337
      vertex 59.3 19.5 2.5
    endloop
  endfacet
  facet normal 0 1 0
    outer loop
      vertex 59.2846 19.5 2.26505
      vertex 58.6591 19.5 2.18942
      vertex 58.6897 19.5 2.34337
    endloop
  endfacet
  facet normal 0 1 -0
    outer loop
      vertex 59.2387 19.5 2.03413
      vertex 58.6591 19.5 2.18942
      vertex 59.2846 19.5 2.26505
    endloop
  endfacet
  facet normal 0 1 0
    outer loop
      vertex 58.6591 19.5 2.18942
      vertex 59.2387 19.5 2.03413
      vertex 58.6087 19.5 2.04078
    endloop
  endfacet
  facet normal 0 1 -0
    outer loop
      vertex 59.163 19.5 1.81117
      vertex 58.6087 19.5 2.04078
      vertex 59.2387 19.5 2.03413
    endloop
  endfacet
  facet normal 0 1 0
    outer loop
      vertex 58.6087 19.5 2.04078
      vertex 59.163 19.5 1.81117
      vertex 58.5392 19.5 1.9
    endloop
  endfacet
  facet normal 0 1 -0
    outer loop
      vertex 59.0588 19.5 1.6
      vertex 58.5392 19.5 1.9
      vertex 59.163 19.5 1.81117
    endloop
  endfacet
  facet normal 0 1 0
    outer loop
      vertex 58.5392 19.5 1.9
      vertex 59.0588 19.5 1.6
      vertex 58.452 19.5 1.76949
    endloop
  endfacet
  facet normal 0 1 -0
    outer loop
      vertex 58.928 19.5 1.40423
      vertex 58.452 19.5 1.76949
      vertex 59.0588 19.5 1.6
    endloop
  endfacet
  facet normal 0 1 0
    outer loop
      vertex 58.452 19.5 1.76949
      vertex 58.928 19.5 1.40423
      vertex 58.3485 19.5 1.65147
    endloop
  endfacet
  facet normal 0 1 -0
    outer loop
      vertex 58.7728 19.5 1.22721
      vertex 58.3485 19.5 1.65147
      vertex 58.928 19.5 1.40423
    endloop
  endfacet
  facet normal 0 1 0
    outer loop
      vertex 58.3485 19.5 1.65147
      vertex 58.7728 19.5 1.22721
      vertex 58.2305 19.5 1.54798
    endloop
  endfacet
  facet normal 0 1 -0
    outer loop
      vertex 58.5958 19.5 1.07196
      vertex 58.2305 19.5 1.54798
      vertex 58.7728 19.5 1.22721
    endloop
  endfacet
  facet normal 0 1 0
    outer loop
      vertex 58.2305 19.5 1.54798
      vertex 58.5958 19.5 1.07196
      vertex 58.1 19.5 1.46077
    endloop
  endfacet
  facet normal 0 1 -0
    outer loop
      vertex 58.4 19.5 0.941154
      vertex 58.1 19.5 1.46077
      vertex 58.5958 19.5 1.07196
    endloop
  endfacet
  facet normal 0 1 -0
    outer loop
      vertex 58.1888 19.5 0.837016
      vertex 57.9592 19.5 1.39134
      vertex 58.4 19.5 0.941154
    endloop
  endfacet
  facet normal 0 1 0
    outer loop
      vertex 58.1 19.5 1.46077
      vertex 58.4 19.5 0.941154
      vertex 57.9592 19.5 1.39134
    endloop
  endfacet
  facet normal 0 1 0
    outer loop
      vertex 56.8112 19.5 4.16298
      vertex 57.0408 19.5 3.60865
      vertex 56.6 19.5 4.05885
    endloop
  endfacet
  facet normal 0 1 -0
    outer loop
      vertex 56.9 19.5 3.53923
      vertex 56.6 19.5 4.05885
      vertex 57.0408 19.5 3.60865
    endloop
  endfacet
  facet normal 0 1 0
    outer loop
      vertex 56.6 19.5 4.05885
      vertex 56.9 19.5 3.53923
      vertex 56.4042 19.5 3.92804
    endloop
  endfacet
  facet normal 0 1 -0
    outer loop
      vertex 56.7695 19.5 3.45202
      vertex 56.4042 19.5 3.92804
      vertex 56.9 19.5 3.53923
    endloop
  endfacet
  facet normal 0 1 0
    outer loop
      vertex 56.4042 19.5 3.92804
      vertex 56.7695 19.5 3.45202
      vertex 56.2272 19.5 3.77279
    endloop
  endfacet
  facet normal 0 1 -0
    outer loop
      vertex 56.6515 19.5 3.34853
      vertex 56.2272 19.5 3.77279
      vertex 56.7695 19.5 3.45202
    endloop
  endfacet
  facet normal 0 1 0
    outer loop
      vertex 56.2272 19.5 3.77279
      vertex 56.6515 19.5 3.34853
      vertex 56.072 19.5 3.59577
    endloop
  endfacet
  facet normal 0 1 -0
    outer loop
      vertex 56.548 19.5 3.23051
      vertex 56.072 19.5 3.59577
      vertex 56.6515 19.5 3.34853
    endloop
  endfacet
  facet normal 0 1 0
    outer loop
      vertex 56.072 19.5 3.59577
      vertex 56.548 19.5 3.23051
      vertex 55.9412 19.5 3.4
    endloop
  endfacet
  facet normal 0 1 -0
    outer loop
      vertex 56.4608 19.5 3.1
      vertex 55.9412 19.5 3.4
      vertex 56.548 19.5 3.23051
    endloop
  endfacet
  facet normal 0 1 0
    outer loop
      vertex 55.9412 19.5 3.4
      vertex 56.4608 19.5 3.1
      vertex 55.837 19.5 3.18883
    endloop
  endfacet
  facet normal 0 1 -0
    outer loop
      vertex 56.3913 19.5 2.95922
      vertex 55.837 19.5 3.18883
      vertex 56.4608 19.5 3.1
    endloop
  endfacet
  facet normal 0 1 0
    outer loop
      vertex 55.837 19.5 3.18883
      vertex 56.3913 19.5 2.95922
      vertex 55.7613 19.5 2.96587
    endloop
  endfacet
  facet normal 0 1 -0
    outer loop
      vertex 56.3409 19.5 2.81058
      vertex 55.7613 19.5 2.96587
      vertex 56.3913 19.5 2.95922
    endloop
  endfacet
  facet normal 0 1 0
    outer loop
      vertex 56.3409 19.5 2.81058
      vertex 55.7154 19.5 2.73495
      vertex 55.7613 19.5 2.96587
    endloop
  endfacet
  facet normal 0 1 -0
    outer loop
      vertex 56.3103 19.5 2.65663
      vertex 55.7154 19.5 2.73495
      vertex 56.3409 19.5 2.81058
    endloop
  endfacet
  facet normal 0 1 -0
    outer loop
      vertex 56.3 19.5 2.5
      vertex 55.7154 19.5 2.73495
      vertex 56.3103 19.5 2.65663
    endloop
  endfacet
  facet normal 0 1 0
    outer loop
      vertex 56.3 19.5 2.5
      vertex 55.7 19.5 2.5
      vertex 55.7154 19.5 2.73495
    endloop
  endfacet
  facet normal 0 1 0
    outer loop
      vertex 56.3103 19.5 2.34337
      vertex 55.7 19.5 2.5
      vertex 56.3 19.5 2.5
    endloop
  endfacet
  facet normal 0 1 0
    outer loop
      vertex 56.3103 19.5 2.34337
      vertex 55.7154 19.5 2.26505
      vertex 55.7 19.5 2.5
    endloop
  endfacet
  facet normal 0 1 0
    outer loop
      vertex 56.3409 19.5 2.18942
      vertex 55.7154 19.5 2.26505
      vertex 56.3103 19.5 2.34337
    endloop
  endfacet
  facet normal 0 1 0
    outer loop
      vertex 55.7613 19.5 2.03413
      vertex 56.3409 19.5 2.18942
      vertex 56.3913 19.5 2.04078
    endloop
  endfacet
  facet normal 0 1 0
    outer loop
      vertex 56.3409 19.5 2.18942
      vertex 55.7613 19.5 2.03413
      vertex 55.7154 19.5 2.26505
    endloop
  endfacet
  facet normal 0 1 0
    outer loop
      vertex 55.837 19.5 1.81117
      vertex 56.3913 19.5 2.04078
      vertex 56.4608 19.5 1.9
    endloop
  endfacet
  facet normal 0 1 0
    outer loop
      vertex 56.3913 19.5 2.04078
      vertex 55.837 19.5 1.81117
      vertex 55.7613 19.5 2.03413
    endloop
  endfacet
  facet normal 0 1 0
    outer loop
      vertex 55.9412 19.5 1.6
      vertex 56.4608 19.5 1.9
      vertex 56.548 19.5 1.76949
    endloop
  endfacet
  facet normal 0 1 0
    outer loop
      vertex 56.072 19.5 1.40423
      vertex 56.548 19.5 1.76949
      vertex 56.6515 19.5 1.65147
    endloop
  endfacet
  facet normal 0 1 0
    outer loop
      vertex 56.4608 19.5 1.9
      vertex 55.9412 19.5 1.6
      vertex 55.837 19.5 1.81117
    endloop
  endfacet
  facet normal 0 1 0
    outer loop
      vertex 56.2272 19.5 1.22721
      vertex 56.6515 19.5 1.65147
      vertex 56.7695 19.5 1.54798
    endloop
  endfacet
  facet normal 0 1 0
    outer loop
      vertex 56.4042 19.5 1.07196
      vertex 56.7695 19.5 1.54798
      vertex 56.9 19.5 1.46077
    endloop
  endfacet
  facet normal 0 1 0
    outer loop
      vertex 56.548 19.5 1.76949
      vertex 56.072 19.5 1.40423
      vertex 55.9412 19.5 1.6
    endloop
  endfacet
  facet normal 0 1 0
    outer loop
      vertex 56.6 19.5 0.941154
      vertex 56.9 19.5 1.46077
      vertex 57.0408 19.5 1.39134
    endloop
  endfacet
  facet normal 0 1 0
    outer loop
      vertex 56.8112 19.5 0.837016
      vertex 57.0408 19.5 1.39134
      vertex 57.1894 19.5 1.34089
    endloop
  endfacet
  facet normal 0 1 0
    outer loop
      vertex 57.0341 19.5 0.761333
      vertex 57.1894 19.5 1.34089
      vertex 57.3434 19.5 1.31027
    endloop
  endfacet
  facet normal 0 1 0
    outer loop
      vertex 56.6515 19.5 1.65147
      vertex 56.2272 19.5 1.22721
      vertex 56.072 19.5 1.40423
    endloop
  endfacet
  facet normal 0 1 0
    outer loop
      vertex 57.2651 19.5 0.715399
      vertex 57.3434 19.5 1.31027
      vertex 57.5 19.5 1.3
    endloop
  endfacet
  facet normal 0 1 0
    outer loop
      vertex 57.9592 19.5 1.39134
      vertex 58.1888 19.5 0.837016
      vertex 57.8106 19.5 1.34089
    endloop
  endfacet
  facet normal 0 1 -0
    outer loop
      vertex 57.9659 19.5 0.761333
      vertex 57.8106 19.5 1.34089
      vertex 58.1888 19.5 0.837016
    endloop
  endfacet
  facet normal 0 1 0
    outer loop
      vertex 56.7695 19.5 1.54798
      vertex 56.4042 19.5 1.07196
      vertex 56.2272 19.5 1.22721
    endloop
  endfacet
  facet normal 0 1 0
    outer loop
      vertex 57.8106 19.5 1.34089
      vertex 57.9659 19.5 0.761333
      vertex 57.6566 19.5 1.31027
    endloop
  endfacet
  facet normal 0 1 0
    outer loop
      vertex 56.9 19.5 1.46077
      vertex 56.6 19.5 0.941154
      vertex 56.4042 19.5 1.07196
    endloop
  endfacet
  facet normal 0 1 -0
    outer loop
      vertex 57.7349 19.5 0.715399
      vertex 57.6566 19.5 1.31027
      vertex 57.9659 19.5 0.761333
    endloop
  endfacet
  facet normal 0 1 0
    outer loop
      vertex 57.0408 19.5 1.39134
      vertex 56.8112 19.5 0.837016
      vertex 56.6 19.5 0.941154
    endloop
  endfacet
  facet normal 0 1 0
    outer loop
      vertex 57.6566 19.5 1.31027
      vertex 57.7349 19.5 0.715399
      vertex 57.5 19.5 1.3
    endloop
  endfacet
  facet normal 0 1 0
    outer loop
      vertex 57.1894 19.5 1.34089
      vertex 57.0341 19.5 0.761333
      vertex 56.8112 19.5 0.837016
    endloop
  endfacet
  facet normal 0 1 0
    outer loop
      vertex 57.5 19.5 0.7
      vertex 57.5 19.5 1.3
      vertex 57.7349 19.5 0.715399
    endloop
  endfacet
  facet normal 0 1 0
    outer loop
      vertex 57.3434 19.5 1.31027
      vertex 57.2651 19.5 0.715399
      vertex 57.0341 19.5 0.761333
    endloop
  endfacet
  facet normal 0 1 0
    outer loop
      vertex 57.5 19.5 1.3
      vertex 57.5 19.5 0.7
      vertex 57.2651 19.5 0.715399
    endloop
  endfacet
  facet normal -0.94691 0 0.321498
    outer loop
      vertex 55.7613 15.9 2.96587
      vertex 55.837 19.5 3.18883
      vertex 55.7613 19.5 2.96587
    endloop
  endfacet
  facet normal -0.94691 0 0.321498
    outer loop
      vertex 55.837 19.5 3.18883
      vertex 55.7613 15.9 2.96587
      vertex 55.837 15.9 3.18883
    endloop
  endfacet
  facet normal -0.997859 0 0.0654055
    outer loop
      vertex 55.7 15.9 2.5
      vertex 55.7154 19.5 2.73495
      vertex 55.7 19.5 2.5
    endloop
  endfacet
  facet normal -0.997859 0 0.0654055
    outer loop
      vertex 55.7154 19.5 2.73495
      vertex 55.7 15.9 2.5
      vertex 55.7154 15.9 2.73495
    endloop
  endfacet
  facet normal -0.195014 0 0.980801
    outer loop
      vertex 57.0341 19.5 4.23867
      vertex 57.2651 15.9 4.2846
      vertex 57.2651 19.5 4.2846
    endloop
  endfacet
  facet normal -0.195014 0 0.980801
    outer loop
      vertex 57.2651 15.9 4.2846
      vertex 57.0341 19.5 4.23867
      vertex 57.0341 15.9 4.23867
    endloop
  endfacet
  facet normal 0.19503 0 -0.980797
    outer loop
      vertex 57.7349 15.9 0.715399
      vertex 57.9659 19.5 0.761333
      vertex 57.9659 15.9 0.761333
    endloop
  endfacet
  facet normal 0.19503 0 -0.980797
    outer loop
      vertex 57.9659 19.5 0.761333
      vertex 57.7349 15.9 0.715399
      vertex 57.7349 19.5 0.715399
    endloop
  endfacet
  facet normal 0.44224 0 -0.896897
    outer loop
      vertex 58.1888 15.9 0.837016
      vertex 58.4 19.5 0.941154
      vertex 58.4 15.9 0.941154
    endloop
  endfacet
  facet normal 0.44224 0 -0.896897
    outer loop
      vertex 58.4 19.5 0.941154
      vertex 58.1888 15.9 0.837016
      vertex 58.1888 19.5 0.837016
    endloop
  endfacet
  facet normal 0.555502 0 -0.831515
    outer loop
      vertex 58.4 15.9 0.941154
      vertex 58.5958 19.5 1.07196
      vertex 58.5958 15.9 1.07196
    endloop
  endfacet
  facet normal 0.555502 0 -0.831515
    outer loop
      vertex 58.5958 19.5 1.07196
      vertex 58.4 15.9 0.941154
      vertex 58.4 19.5 0.941154
    endloop
  endfacet
  facet normal 0.751929 0 -0.659244
    outer loop
      vertex 58.928 15.9 1.40423
      vertex 58.7728 19.5 1.22721
      vertex 58.928 19.5 1.40423
    endloop
  endfacet
  facet normal 0.751929 0 -0.659244
    outer loop
      vertex 58.7728 19.5 1.22721
      vertex 58.928 15.9 1.40423
      vertex 58.7728 15.9 1.22721
    endloop
  endfacet
  facet normal 0.997859 0 -0.0654055
    outer loop
      vertex 59.3 15.9 2.5
      vertex 59.2846 19.5 2.26505
      vertex 59.3 19.5 2.5
    endloop
  endfacet
  facet normal 0.997859 0 -0.0654055
    outer loop
      vertex 59.2846 19.5 2.26505
      vertex 59.3 15.9 2.5
      vertex 59.2846 15.9 2.26505
    endloop
  endfacet
  facet normal -0.44224 0 -0.896897
    outer loop
      vertex 56.6 15.9 0.941154
      vertex 56.8112 19.5 0.837016
      vertex 56.8112 15.9 0.837016
    endloop
  endfacet
  facet normal -0.44224 0 -0.896897
    outer loop
      vertex 56.8112 19.5 0.837016
      vertex 56.6 15.9 0.941154
      vertex 56.6 19.5 0.941154
    endloop
  endfacet
  facet normal -0.0654151 0 -0.997858
    outer loop
      vertex 57.2651 15.9 0.715399
      vertex 57.5 19.5 0.7
      vertex 57.5 15.9 0.7
    endloop
  endfacet
  facet normal -0.0654151 0 -0.997858
    outer loop
      vertex 57.5 19.5 0.7
      vertex 57.2651 15.9 0.715399
      vertex 57.2651 19.5 0.715399
    endloop
  endfacet
  facet normal -0.831488 0 -0.555543
    outer loop
      vertex 56.072 15.9 1.40423
      vertex 55.9412 19.5 1.6
      vertex 56.072 19.5 1.40423
    endloop
  endfacet
  facet normal -0.831488 -0 -0.555543
    outer loop
      vertex 55.9412 19.5 1.6
      vertex 56.072 15.9 1.40423
      vertex 55.9412 15.9 1.6
    endloop
  endfacet
  facet normal -0.896767 0 -0.442502
    outer loop
      vertex 55.9412 15.9 1.6
      vertex 55.837 19.5 1.81117
      vertex 55.9412 19.5 1.6
    endloop
  endfacet
  facet normal -0.896767 -0 -0.442502
    outer loop
      vertex 55.837 19.5 1.81117
      vertex 55.9412 15.9 1.6
      vertex 55.837 15.9 1.81117
    endloop
  endfacet
  facet normal -0.980812 0 -0.194956
    outer loop
      vertex 55.7613 15.9 2.03413
      vertex 55.7154 19.5 2.26505
      vertex 55.7613 19.5 2.03413
    endloop
  endfacet
  facet normal -0.980812 -0 -0.194956
    outer loop
      vertex 55.7154 19.5 2.26505
      vertex 55.7613 15.9 2.03413
      vertex 55.7154 15.9 2.26505
    endloop
  endfacet
  facet normal 0.442212 0 0.89691
    outer loop
      vertex 58.1888 19.5 4.16298
      vertex 58.4 15.9 4.05885
      vertex 58.4 19.5 4.05885
    endloop
  endfacet
  facet normal 0.442212 0 0.89691
    outer loop
      vertex 58.4 15.9 4.05885
      vertex 58.1888 19.5 4.16298
      vertex 58.1888 15.9 4.16298
    endloop
  endfacet
  facet normal -0.997859 0 -0.0654055
    outer loop
      vertex 55.7154 15.9 2.26505
      vertex 55.7 19.5 2.5
      vertex 55.7154 19.5 2.26505
    endloop
  endfacet
  facet normal -0.997859 -0 -0.0654055
    outer loop
      vertex 55.7 19.5 2.5
      vertex 55.7154 15.9 2.26505
      vertex 55.7 15.9 2.5
    endloop
  endfacet
  facet normal -0.555513 0 0.831508
    outer loop
      vertex 56.4042 19.5 3.92804
      vertex 56.6 15.9 4.05885
      vertex 56.6 19.5 4.05885
    endloop
  endfacet
  facet normal -0.555513 0 0.831508
    outer loop
      vertex 56.6 15.9 4.05885
      vertex 56.4042 19.5 3.92804
      vertex 56.4042 15.9 3.92804
    endloop
  endfacet
  facet normal 0.32151 0 -0.946906
    outer loop
      vertex 57.9659 15.9 0.761333
      vertex 58.1888 19.5 0.837016
      vertex 58.1888 15.9 0.837016
    endloop
  endfacet
  facet normal 0.32151 0 -0.946906
    outer loop
      vertex 58.1888 19.5 0.837016
      vertex 57.9659 15.9 0.761333
      vertex 57.9659 19.5 0.761333
    endloop
  endfacet
  facet normal 0.659406 0 -0.751787
    outer loop
      vertex 58.5958 15.9 1.07196
      vertex 58.7728 19.5 1.22721
      vertex 58.7728 15.9 1.22721
    endloop
  endfacet
  facet normal 0.659406 0 -0.751787
    outer loop
      vertex 58.7728 19.5 1.22721
      vertex 58.5958 15.9 1.07196
      vertex 58.5958 19.5 1.07196
    endloop
  endfacet
  facet normal 0.94691 0 -0.321498
    outer loop
      vertex 59.2387 15.9 2.03413
      vertex 59.163 19.5 1.81117
      vertex 59.2387 19.5 2.03413
    endloop
  endfacet
  facet normal 0.94691 0 -0.321498
    outer loop
      vertex 59.163 19.5 1.81117
      vertex 59.2387 15.9 2.03413
      vertex 59.163 15.9 1.81117
    endloop
  endfacet
  facet normal -0.32151 0 -0.946906
    outer loop
      vertex 56.8112 15.9 0.837016
      vertex 57.0341 19.5 0.761333
      vertex 57.0341 15.9 0.761333
    endloop
  endfacet
  facet normal -0.32151 0 -0.946906
    outer loop
      vertex 57.0341 19.5 0.761333
      vertex 56.8112 15.9 0.837016
      vertex 56.8112 19.5 0.837016
    endloop
  endfacet
  facet normal -0.751929 0 -0.659244
    outer loop
      vertex 56.2272 15.9 1.22721
      vertex 56.072 19.5 1.40423
      vertex 56.2272 19.5 1.22721
    endloop
  endfacet
  facet normal -0.751929 -0 -0.659244
    outer loop
      vertex 56.072 19.5 1.40423
      vertex 56.2272 15.9 1.22721
      vertex 56.072 15.9 1.40423
    endloop
  endfacet
  facet normal -0.94691 0 -0.321498
    outer loop
      vertex 55.837 15.9 1.81117
      vertex 55.7613 19.5 2.03413
      vertex 55.837 19.5 1.81117
    endloop
  endfacet
  facet normal -0.94691 -0 -0.321498
    outer loop
      vertex 55.7613 19.5 2.03413
      vertex 55.837 15.9 1.81117
      vertex 55.7613 15.9 2.03413
    endloop
  endfacet
  facet normal 1 -0 0
    outer loop
      vertex 17 14.9 5.9
      vertex 17 15.9 5.5
      vertex 17 15.9 5.9
    endloop
  endfacet
  facet normal 1 0 0
    outer loop
      vertex 17 15.9 5.5
      vertex 17 14.9 5.9
      vertex 17 14.9 5.5
    endloop
  endfacet
  facet normal -1 0 0
    outer loop
      vertex 17 14.9 5.9
      vertex 17 5.52 7.2
      vertex 17 14.9 7.5
    endloop
  endfacet
  facet normal -1 0 0
    outer loop
      vertex 17 0 5.9
      vertex 17 5.52 7.2
      vertex 17 14.9 5.9
    endloop
  endfacet
  facet normal -1 -0 0
    outer loop
      vertex 17 5.52 7.2
      vertex 17 0 5.9
      vertex 17 0 7.2
    endloop
  endfacet
  facet normal -1 0 0
    outer loop
      vertex 17 24.5 5.9
      vertex 17 23.7 7.2
      vertex 17 24.5 10.3
    endloop
  endfacet
  facet normal -1 0 0
    outer loop
      vertex 17 24.5 5.9
      vertex 17 23.5 7.2
      vertex 17 23.7 7.2
    endloop
  endfacet
  facet normal -1 0 0
    outer loop
      vertex 17 15.9 5.9
      vertex 17 23.5 7.2
      vertex 17 24.5 5.9
    endloop
  endfacet
  facet normal -1 0 0
    outer loop
      vertex 17 15.9 7.5
      vertex 17 23.5 7.2
      vertex 17 15.9 5.9
    endloop
  endfacet
  facet normal -1 0 0
    outer loop
      vertex 17 23.5 7.2
      vertex 17 15.9 7.5
      vertex 17 23.5 8.95
    endloop
  endfacet
  facet normal -1 0 0
    outer loop
      vertex 17 14.9 7.5
      vertex 17 23.5 8.95
      vertex 17 15.9 7.5
    endloop
  endfacet
  facet normal -1 0 0
    outer loop
      vertex 17 5.52 8.95
      vertex 17 14.9 7.5
      vertex 17 5.52 7.2
    endloop
  endfacet
  facet normal -1 0 0
    outer loop
      vertex 17 14.9 7.5
      vertex 17 5.52 8.95
      vertex 17 23.5 8.95
    endloop
  endfacet
  facet normal -1 -0 0
    outer loop
      vertex 17 24.5 10.3
      vertex 17 23.7 7.2
      vertex 17 23.7 10.3
    endloop
  endfacet
  facet normal 0 -1 0
    outer loop
      vertex 17 0 5.9
      vertex 39.65 0 7.2
      vertex 17 0 7.2
    endloop
  endfacet
  facet normal 0 -1 -0
    outer loop
      vertex 39.65 0 7.2
      vertex 17 0 5.9
      vertex 39.65 0 5.9
    endloop
  endfacet
  facet normal 1 -0 0
    outer loop
      vertex 39.65 23.7 7.2
      vertex 39.65 24.5 5.9
      vertex 39.65 24.5 7.2
    endloop
  endfacet
  facet normal 1 -0 0
    outer loop
      vertex 39.65 23.5 7.2
      vertex 39.65 24.5 5.9
      vertex 39.65 23.7 7.2
    endloop
  endfacet
  facet normal 1 -0 0
    outer loop
      vertex 39.65 20 7.2
      vertex 39.65 24.5 5.9
      vertex 39.65 23.5 7.2
    endloop
  endfacet
  facet normal 1 0 0
    outer loop
      vertex 39.65 20 7.2
      vertex 39.65 15.9 5.9
      vertex 39.65 24.5 5.9
    endloop
  endfacet
  facet normal 1 0 0
    outer loop
      vertex 39.65 15.9 5.9
      vertex 39.65 14.9 5.9
      vertex 39.65 15.9 5.5
    endloop
  endfacet
  facet normal 1 0 0
    outer loop
      vertex 39.65 20 7.2
      vertex 39.65 14.9 5.9
      vertex 39.65 15.9 5.9
    endloop
  endfacet
  facet normal 1 -0 0
    outer loop
      vertex 39.65 9.3 7.2
      vertex 39.65 14.9 5.9
      vertex 39.65 20 7.2
    endloop
  endfacet
  facet normal 1 -0 0
    outer loop
      vertex 39.65 5.52 7.2
      vertex 39.65 14.9 5.9
      vertex 39.65 9.3 7.2
    endloop
  endfacet
  facet normal 1 0 0
    outer loop
      vertex 39.65 0 5.9
      vertex 39.65 5.52 7.2
      vertex 39.65 0 7.2
    endloop
  endfacet
  facet normal 1 0 0
    outer loop
      vertex 39.65 5.52 7.2
      vertex 39.65 0 5.9
      vertex 39.65 14.9 5.9
    endloop
  endfacet
  facet normal 1 0 0
    outer loop
      vertex 39.65 15.9 5.5
      vertex 39.65 14.9 5.9
      vertex 39.65 14.9 5.5
    endloop
  endfacet
  facet normal 0 1 0
    outer loop
      vertex 39.65 24.5 7.2
      vertex 40.25 24.5 10.3
      vertex 40.25 24.5 7.2
    endloop
  endfacet
  facet normal 0 1 0
    outer loop
      vertex 40.25 24.5 10.3
      vertex 39.65 24.5 7.2
      vertex 17 24.5 10.3
    endloop
  endfacet
  facet normal 0 1 0
    outer loop
      vertex 17 24.5 5.9
      vertex 39.65 24.5 7.2
      vertex 39.65 24.5 5.9
    endloop
  endfacet
  facet normal 0 1 0
    outer loop
      vertex 39.65 24.5 7.2
      vertex 17 24.5 5.9
      vertex 17 24.5 10.3
    endloop
  endfacet
  facet normal 0 0 -1
    outer loop
      vertex 35.202 3.23051 5.9
      vertex 39.65 14.9 5.9
      vertex 39.65 0 5.9
    endloop
  endfacet
  facet normal 0 0 -1
    outer loop
      vertex 35.4091 2.81058 5.9
      vertex 39.65 0 5.9
      vertex 35.4397 2.65663 5.9
    endloop
  endfacet
  facet normal 0 0 -1
    outer loop
      vertex 35.4397 2.65663 5.9
      vertex 39.65 0 5.9
      vertex 35.45 2.5 5.9
    endloop
  endfacet
  facet normal 0 0 -1
    outer loop
      vertex 39.65 0 5.9
      vertex 35.4397 2.34337 5.9
      vertex 35.45 2.5 5.9
    endloop
  endfacet
  facet normal 0 0 -1
    outer loop
      vertex 39.65 0 5.9
      vertex 35.4091 2.18942 5.9
      vertex 35.4397 2.34337 5.9
    endloop
  endfacet
  facet normal 0 0 -1
    outer loop
      vertex 39.65 0 5.9
      vertex 35.3587 2.04078 5.9
      vertex 35.4091 2.18942 5.9
    endloop
  endfacet
  facet normal 0 0 -1
    outer loop
      vertex 39.65 0 5.9
      vertex 35.2892 1.9 5.9
      vertex 35.3587 2.04078 5.9
    endloop
  endfacet
  facet normal 0 0 -1
    outer loop
      vertex 39.65 0 5.9
      vertex 35.202 1.76949 5.9
      vertex 35.2892 1.9 5.9
    endloop
  endfacet
  facet normal 0 0 -1
    outer loop
      vertex 39.65 0 5.9
      vertex 35.0985 1.65147 5.9
      vertex 35.202 1.76949 5.9
    endloop
  endfacet
  facet normal 0 0 -1
    outer loop
      vertex 39.65 0 5.9
      vertex 34.9805 1.54798 5.9
      vertex 35.0985 1.65147 5.9
    endloop
  endfacet
  facet normal 0 0 -1
    outer loop
      vertex 39.65 0 5.9
      vertex 34.85 1.46077 5.9
      vertex 34.9805 1.54798 5.9
    endloop
  endfacet
  facet normal 0 0 -1
    outer loop
      vertex 39.65 0 5.9
      vertex 34.7092 1.39135 5.9
      vertex 34.85 1.46077 5.9
    endloop
  endfacet
  facet normal 0 0 -1
    outer loop
      vertex 39.65 0 5.9
      vertex 34.5606 1.34089 5.9
      vertex 34.7092 1.39135 5.9
    endloop
  endfacet
  facet normal 0 0 -1
    outer loop
      vertex 39.65 0 5.9
      vertex 34.4066 1.31027 5.9
      vertex 34.5606 1.34089 5.9
    endloop
  endfacet
  facet normal 0 0 -1
    outer loop
      vertex 39.65 0 5.9
      vertex 34.25 1.3 5.9
      vertex 34.4066 1.31027 5.9
    endloop
  endfacet
  facet normal 0 0 -1
    outer loop
      vertex 39.65 0 5.9
      vertex 34.0934 1.31027 5.9
      vertex 34.25 1.3 5.9
    endloop
  endfacet
  facet normal 0 0 -1
    outer loop
      vertex 17 0 5.9
      vertex 34.0934 1.31027 5.9
      vertex 39.65 0 5.9
    endloop
  endfacet
  facet normal 0 0 -1
    outer loop
      vertex 33.0603 2.34337 5.9
      vertex 22.95 2.5 5.9
      vertex 33.05 2.5 5.9
    endloop
  endfacet
  facet normal 0 0 -1
    outer loop
      vertex 22.9397 2.34337 5.9
      vertex 33.0603 2.34337 5.9
      vertex 33.0909 2.18942 5.9
    endloop
  endfacet
  facet normal 0 0 -1
    outer loop
      vertex 22.9091 2.18942 5.9
      vertex 33.0909 2.18942 5.9
      vertex 33.1413 2.04078 5.9
    endloop
  endfacet
  facet normal 0 0 -1
    outer loop
      vertex 22.8587 2.04078 5.9
      vertex 33.1413 2.04078 5.9
      vertex 33.2108 1.9 5.9
    endloop
  endfacet
  facet normal 0 0 -1
    outer loop
      vertex 22.7892 1.9 5.9
      vertex 33.2108 1.9 5.9
      vertex 33.298 1.76949 5.9
    endloop
  endfacet
  facet normal 0 0 -1
    outer loop
      vertex 22.702 1.76949 5.9
      vertex 33.298 1.76949 5.9
      vertex 33.4015 1.65147 5.9
    endloop
  endfacet
  facet normal 0 0 -1
    outer loop
      vertex 22.5985 1.65147 5.9
      vertex 33.4015 1.65147 5.9
      vertex 33.5195 1.54798 5.9
    endloop
  endfacet
  facet normal 0 0 -1
    outer loop
      vertex 22.4805 1.54798 5.9
      vertex 33.5195 1.54798 5.9
      vertex 33.65 1.46077 5.9
    endloop
  endfacet
  facet normal 0 0 -1
    outer loop
      vertex 22.35 1.46077 5.9
      vertex 33.65 1.46077 5.9
      vertex 33.7908 1.39135 5.9
    endloop
  endfacet
  facet normal 0 0 -1
    outer loop
      vertex 22.2092 1.39135 5.9
      vertex 33.7908 1.39135 5.9
      vertex 33.9394 1.34089 5.9
    endloop
  endfacet
  facet normal 0 -0 -1
    outer loop
      vertex 21.9066 1.31027 5.9
      vertex 34.0934 1.31027 5.9
      vertex 17 0 5.9
    endloop
  endfacet
  facet normal 0 0 -1
    outer loop
      vertex 33.0603 2.34337 5.9
      vertex 22.9397 2.34337 5.9
      vertex 22.95 2.5 5.9
    endloop
  endfacet
  facet normal 0 0 -1
    outer loop
      vertex 33.0909 2.18942 5.9
      vertex 22.9091 2.18942 5.9
      vertex 22.9397 2.34337 5.9
    endloop
  endfacet
  facet normal 0 0 -1
    outer loop
      vertex 33.1413 2.04078 5.9
      vertex 22.8587 2.04078 5.9
      vertex 22.9091 2.18942 5.9
    endloop
  endfacet
  facet normal 0 0 -1
    outer loop
      vertex 33.2108 1.9 5.9
      vertex 22.7892 1.9 5.9
      vertex 22.8587 2.04078 5.9
    endloop
  endfacet
  facet normal 0 0 -1
    outer loop
      vertex 33.298 1.76949 5.9
      vertex 22.702 1.76949 5.9
      vertex 22.7892 1.9 5.9
    endloop
  endfacet
  facet normal 0 0 -1
    outer loop
      vertex 33.4015 1.65147 5.9
      vertex 22.5985 1.65147 5.9
      vertex 22.702 1.76949 5.9
    endloop
  endfacet
  facet normal 0 0 -1
    outer loop
      vertex 33.5195 1.54798 5.9
      vertex 22.4805 1.54798 5.9
      vertex 22.5985 1.65147 5.9
    endloop
  endfacet
  facet normal 0 0 -1
    outer loop
      vertex 33.65 1.46077 5.9
      vertex 22.35 1.46077 5.9
      vertex 22.4805 1.54798 5.9
    endloop
  endfacet
  facet normal 0 0 -1
    outer loop
      vertex 33.7908 1.39135 5.9
      vertex 22.2092 1.39135 5.9
      vertex 22.35 1.46077 5.9
    endloop
  endfacet
  facet normal 0 0 -1
    outer loop
      vertex 33.9394 1.34089 5.9
      vertex 22.0606 1.34089 5.9
      vertex 22.2092 1.39135 5.9
    endloop
  endfacet
  facet normal -0 0 -1
    outer loop
      vertex 33.9394 1.34089 5.9
      vertex 21.9066 1.31027 5.9
      vertex 22.0606 1.34089 5.9
    endloop
  endfacet
  facet normal 0 0 -1
    outer loop
      vertex 34.0934 1.31027 5.9
      vertex 21.9066 1.31027 5.9
      vertex 33.9394 1.34089 5.9
    endloop
  endfacet
  facet normal 0 0 -1
    outer loop
      vertex 21.9066 1.31027 5.9
      vertex 17 0 5.9
      vertex 21.75 1.3 5.9
    endloop
  endfacet
  facet normal -0 0 -1
    outer loop
      vertex 20.5603 2.34337 5.9
      vertex 17 0 5.9
      vertex 20.55 2.5 5.9
    endloop
  endfacet
  facet normal -0 0 -1
    outer loop
      vertex 20.5909 2.18942 5.9
      vertex 17 0 5.9
      vertex 20.5603 2.34337 5.9
    endloop
  endfacet
  facet normal -0 0 -1
    outer loop
      vertex 20.6413 2.04078 5.9
      vertex 17 0 5.9
      vertex 20.5909 2.18942 5.9
    endloop
  endfacet
  facet normal -0 0 -1
    outer loop
      vertex 20.7108 1.9 5.9
      vertex 17 0 5.9
      vertex 20.6413 2.04078 5.9
    endloop
  endfacet
  facet normal -0 0 -1
    outer loop
      vertex 20.798 1.76949 5.9
      vertex 17 0 5.9
      vertex 20.7108 1.9 5.9
    endloop
  endfacet
  facet normal -0 0 -1
    outer loop
      vertex 20.9015 1.65147 5.9
      vertex 17 0 5.9
      vertex 20.798 1.76949 5.9
    endloop
  endfacet
  facet normal -0 0 -1
    outer loop
      vertex 21.0195 1.54798 5.9
      vertex 17 0 5.9
      vertex 20.9015 1.65147 5.9
    endloop
  endfacet
  facet normal -0 0 -1
    outer loop
      vertex 21.15 1.46077 5.9
      vertex 17 0 5.9
      vertex 21.0195 1.54798 5.9
    endloop
  endfacet
  facet normal -0 0 -1
    outer loop
      vertex 21.2908 1.39135 5.9
      vertex 17 0 5.9
      vertex 21.15 1.46077 5.9
    endloop
  endfacet
  facet normal -0 0 -1
    outer loop
      vertex 21.4394 1.34089 5.9
      vertex 17 0 5.9
      vertex 21.2908 1.39135 5.9
    endloop
  endfacet
  facet normal -0 0 -1
    outer loop
      vertex 21.5934 1.31027 5.9
      vertex 17 0 5.9
      vertex 21.4394 1.34089 5.9
    endloop
  endfacet
  facet normal -0 0 -1
    outer loop
      vertex 21.75 1.3 5.9
      vertex 17 0 5.9
      vertex 21.5934 1.31027 5.9
    endloop
  endfacet
  facet normal 0 0 -1
    outer loop
      vertex 38.25 15.9 5.9
      vertex 39.65 24.5 5.9
      vertex 39.65 15.9 5.9
    endloop
  endfacet
  facet normal 0 0 -1
    outer loop
      vertex 35.3587 2.95922 5.9
      vertex 39.65 0 5.9
      vertex 35.4091 2.81058 5.9
    endloop
  endfacet
  facet normal 0 0 -1
    outer loop
      vertex 35.2892 3.1 5.9
      vertex 39.65 0 5.9
      vertex 35.3587 2.95922 5.9
    endloop
  endfacet
  facet normal 0 0 -1
    outer loop
      vertex 35.202 3.23051 5.9
      vertex 39.65 0 5.9
      vertex 35.2892 3.1 5.9
    endloop
  endfacet
  facet normal 0 0 -1
    outer loop
      vertex 35.0985 3.34853 5.9
      vertex 39.65 14.9 5.9
      vertex 35.202 3.23051 5.9
    endloop
  endfacet
  facet normal 0 0 -1
    outer loop
      vertex 34.9805 3.45202 5.9
      vertex 39.65 14.9 5.9
      vertex 35.0985 3.34853 5.9
    endloop
  endfacet
  facet normal -0 0 -1
    outer loop
      vertex 39.65 14.9 5.9
      vertex 34.9805 3.45202 5.9
      vertex 38.25 14.9 5.9
    endloop
  endfacet
  facet normal 0 0 -1
    outer loop
      vertex 34.85 3.53923 5.9
      vertex 38.25 14.9 5.9
      vertex 34.9805 3.45202 5.9
    endloop
  endfacet
  facet normal 0 0 -1
    outer loop
      vertex 34.7092 3.60866 5.9
      vertex 38.25 14.9 5.9
      vertex 34.85 3.53923 5.9
    endloop
  endfacet
  facet normal 0 0 -1
    outer loop
      vertex 34.5606 3.65911 5.9
      vertex 38.25 14.9 5.9
      vertex 34.7092 3.60866 5.9
    endloop
  endfacet
  facet normal 0 0 -1
    outer loop
      vertex 34.4066 3.68973 5.9
      vertex 38.25 14.9 5.9
      vertex 34.5606 3.65911 5.9
    endloop
  endfacet
  facet normal 0 0 -1
    outer loop
      vertex 34.25 3.7 5.9
      vertex 38.25 14.9 5.9
      vertex 34.4066 3.68973 5.9
    endloop
  endfacet
  facet normal 0 0 -1
    outer loop
      vertex 34.0934 3.68973 5.9
      vertex 38.25 14.9 5.9
      vertex 34.25 3.7 5.9
    endloop
  endfacet
  facet normal 0 0 -1
    outer loop
      vertex 33.9394 3.65911 5.9
      vertex 38.25 14.9 5.9
      vertex 34.0934 3.68973 5.9
    endloop
  endfacet
  facet normal 0 0 -1
    outer loop
      vertex 33.7908 3.60866 5.9
      vertex 38.25 14.9 5.9
      vertex 33.9394 3.65911 5.9
    endloop
  endfacet
  facet normal 0 0 -1
    outer loop
      vertex 33.65 3.53923 5.9
      vertex 38.25 14.9 5.9
      vertex 33.7908 3.60866 5.9
    endloop
  endfacet
  facet normal 0 0 -1
    outer loop
      vertex 22.35 3.53923 5.9
      vertex 38.25 14.9 5.9
      vertex 33.65 3.53923 5.9
    endloop
  endfacet
  facet normal 0 0 -1
    outer loop
      vertex 17 14.9 5.9
      vertex 38.25 14.9 5.9
      vertex 22.35 3.53923 5.9
    endloop
  endfacet
  facet normal 0 0 -1
    outer loop
      vertex 22.35 3.53923 5.9
      vertex 33.65 3.53923 5.9
      vertex 33.5195 3.45202 5.9
    endloop
  endfacet
  facet normal 0 0 -1
    outer loop
      vertex 22.4805 3.45202 5.9
      vertex 33.5195 3.45202 5.9
      vertex 33.4015 3.34853 5.9
    endloop
  endfacet
  facet normal 0 0 -1
    outer loop
      vertex 22.5985 3.34853 5.9
      vertex 33.4015 3.34853 5.9
      vertex 33.298 3.23051 5.9
    endloop
  endfacet
  facet normal 0 0 -1
    outer loop
      vertex 22.702 3.23051 5.9
      vertex 33.298 3.23051 5.9
      vertex 33.2108 3.1 5.9
    endloop
  endfacet
  facet normal 0 0 -1
    outer loop
      vertex 22.7892 3.1 5.9
      vertex 33.2108 3.1 5.9
      vertex 33.1413 2.95922 5.9
    endloop
  endfacet
  facet normal 0 0 -1
    outer loop
      vertex 22.8587 2.95922 5.9
      vertex 33.1413 2.95922 5.9
      vertex 33.0909 2.81058 5.9
    endloop
  endfacet
  facet normal 0 0 -1
    outer loop
      vertex 22.95 2.5 5.9
      vertex 33.0603 2.65663 5.9
      vertex 33.05 2.5 5.9
    endloop
  endfacet
  facet normal 0 0 -1
    outer loop
      vertex 22.9397 2.65663 5.9
      vertex 33.0603 2.65663 5.9
      vertex 22.95 2.5 5.9
    endloop
  endfacet
  facet normal 0 0 -1
    outer loop
      vertex 33.0603 2.65663 5.9
      vertex 22.9397 2.65663 5.9
      vertex 33.0909 2.81058 5.9
    endloop
  endfacet
  facet normal 0 0 -1
    outer loop
      vertex 22.9091 2.81058 5.9
      vertex 33.0909 2.81058 5.9
      vertex 22.9397 2.65663 5.9
    endloop
  endfacet
  facet normal 0 0 -1
    outer loop
      vertex 22.8587 2.95922 5.9
      vertex 33.0909 2.81058 5.9
      vertex 22.9091 2.81058 5.9
    endloop
  endfacet
  facet normal 0 0 -1
    outer loop
      vertex 33.1413 2.95922 5.9
      vertex 22.8587 2.95922 5.9
      vertex 22.7892 3.1 5.9
    endloop
  endfacet
  facet normal 0 0 -1
    outer loop
      vertex 33.2108 3.1 5.9
      vertex 22.7892 3.1 5.9
      vertex 22.702 3.23051 5.9
    endloop
  endfacet
  facet normal 0 0 -1
    outer loop
      vertex 33.298 3.23051 5.9
      vertex 22.702 3.23051 5.9
      vertex 22.5985 3.34853 5.9
    endloop
  endfacet
  facet normal 0 0 -1
    outer loop
      vertex 33.4015 3.34853 5.9
      vertex 22.5985 3.34853 5.9
      vertex 22.4805 3.45202 5.9
    endloop
  endfacet
  facet normal 0 0 -1
    outer loop
      vertex 33.5195 3.45202 5.9
      vertex 22.4805 3.45202 5.9
      vertex 22.35 3.53923 5.9
    endloop
  endfacet
  facet normal 0 0 -1
    outer loop
      vertex 38.25 14.9 5.9
      vertex 17 14.9 5.9
      vertex 38.25 15.9 5.9
    endloop
  endfacet
  facet normal 0 0 -1
    outer loop
      vertex 17 14.9 5.9
      vertex 22.35 3.53923 5.9
      vertex 22.2092 3.60866 5.9
    endloop
  endfacet
  facet normal 0 0 -1
    outer loop
      vertex 17 14.9 5.9
      vertex 22.2092 3.60866 5.9
      vertex 22.0606 3.65911 5.9
    endloop
  endfacet
  facet normal 0 0 -1
    outer loop
      vertex 17 14.9 5.9
      vertex 22.0606 3.65911 5.9
      vertex 21.9066 3.68973 5.9
    endloop
  endfacet
  facet normal 0 0 -1
    outer loop
      vertex 17 14.9 5.9
      vertex 21.9066 3.68973 5.9
      vertex 21.75 3.7 5.9
    endloop
  endfacet
  facet normal 0 0 -1
    outer loop
      vertex 17 14.9 5.9
      vertex 21.75 3.7 5.9
      vertex 21.5934 3.68973 5.9
    endloop
  endfacet
  facet normal 0 0 -1
    outer loop
      vertex 17 14.9 5.9
      vertex 21.5934 3.68973 5.9
      vertex 21.4394 3.65911 5.9
    endloop
  endfacet
  facet normal 0 0 -1
    outer loop
      vertex 17 14.9 5.9
      vertex 21.4394 3.65911 5.9
      vertex 21.2908 3.60866 5.9
    endloop
  endfacet
  facet normal 0 0 -1
    outer loop
      vertex 17 14.9 5.9
      vertex 21.2908 3.60866 5.9
      vertex 21.15 3.53923 5.9
    endloop
  endfacet
  facet normal 0 0 -1
    outer loop
      vertex 17 14.9 5.9
      vertex 21.15 3.53923 5.9
      vertex 21.0195 3.45202 5.9
    endloop
  endfacet
  facet normal 0 0 -1
    outer loop
      vertex 17 14.9 5.9
      vertex 21.0195 3.45202 5.9
      vertex 20.9015 3.34853 5.9
    endloop
  endfacet
  facet normal 0 0 -1
    outer loop
      vertex 17 0 5.9
      vertex 20.5603 2.65663 5.9
      vertex 20.55 2.5 5.9
    endloop
  endfacet
  facet normal 0 0 -1
    outer loop
      vertex 17 0 5.9
      vertex 20.5909 2.81058 5.9
      vertex 20.5603 2.65663 5.9
    endloop
  endfacet
  facet normal 0 0 -1
    outer loop
      vertex 17 0 5.9
      vertex 20.6413 2.95922 5.9
      vertex 20.5909 2.81058 5.9
    endloop
  endfacet
  facet normal 0 0 -1
    outer loop
      vertex 17 0 5.9
      vertex 20.7108 3.1 5.9
      vertex 20.6413 2.95922 5.9
    endloop
  endfacet
  facet normal 0 0 -1
    outer loop
      vertex 17 14.9 5.9
      vertex 20.7108 3.1 5.9
      vertex 17 0 5.9
    endloop
  endfacet
  facet normal 0 0 -1
    outer loop
      vertex 20.7108 3.1 5.9
      vertex 17 14.9 5.9
      vertex 20.798 3.23051 5.9
    endloop
  endfacet
  facet normal 0 0 -1
    outer loop
      vertex 20.798 3.23051 5.9
      vertex 17 14.9 5.9
      vertex 20.9015 3.34853 5.9
    endloop
  endfacet
  facet normal -0 0 -1
    outer loop
      vertex 38.25 15.9 5.9
      vertex 17 14.9 5.9
      vertex 17 15.9 5.9
    endloop
  endfacet
  facet normal 0 0 -1
    outer loop
      vertex 17 24.5 5.9
      vertex 38.25 15.9 5.9
      vertex 17 15.9 5.9
    endloop
  endfacet
  facet normal 0 0 -1
    outer loop
      vertex 38.25 15.9 5.9
      vertex 17 24.5 5.9
      vertex 39.65 24.5 5.9
    endloop
  endfacet
  facet normal 0 -1 0
    outer loop
      vertex 39.65 23.7 7.2
      vertex 17 23.7 10.3
      vertex 17 23.7 7.2
    endloop
  endfacet
  facet normal 0 -1 0
    outer loop
      vertex 17 23.7 10.3
      vertex 39.65 23.7 7.2
      vertex 40.25 23.7 10.3
    endloop
  endfacet
  facet normal 0 -1 -0
    outer loop
      vertex 40.25 23.7 10.3
      vertex 39.65 23.7 7.2
      vertex 40.25 23.7 7.2
    endloop
  endfacet
  facet normal 1 -0 0
    outer loop
      vertex 40.25 23.7 10.3
      vertex 40.25 24.5 7.2
      vertex 40.25 24.5 10.3
    endloop
  endfacet
  facet normal 1 0 0
    outer loop
      vertex 40.25 24.5 7.2
      vertex 40.25 23.7 10.3
      vertex 40.25 23.7 7.2
    endloop
  endfacet
  facet normal -0 0 1
    outer loop
      vertex 17 24.5 10.3
      vertex 40.25 23.7 10.3
      vertex 40.25 24.5 10.3
    endloop
  endfacet
  facet normal 0 0 1
    outer loop
      vertex 40.25 23.7 10.3
      vertex 17 24.5 10.3
      vertex 17 23.7 10.3
    endloop
  endfacet
  facet normal 0 -1 0
    outer loop
      vertex 17 5.52 7.2
      vertex 17.9 5.52 8.95
      vertex 17 5.52 8.95
    endloop
  endfacet
  facet normal 0 -1 -0
    outer loop
      vertex 17.9 5.52 8.95
      vertex 17 5.52 7.2
      vertex 17.9 5.52 7.2
    endloop
  endfacet
  facet normal 1 -0 0
    outer loop
      vertex 17.9 5.52 8.95
      vertex 17.9 23.5 7.2
      vertex 17.9 23.5 8.95
    endloop
  endfacet
  facet normal 1 0 0
    outer loop
      vertex 17.9 23.5 7.2
      vertex 17.9 5.52 8.95
      vertex 17.9 5.52 7.2
    endloop
  endfacet
  facet normal 0 1 -0
    outer loop
      vertex 17.9 23.5 7.2
      vertex 17 23.5 8.95
      vertex 17.9 23.5 8.95
    endloop
  endfacet
  facet normal 0 1 0
    outer loop
      vertex 17 23.5 8.95
      vertex 17.9 23.5 7.2
      vertex 17 23.5 7.2
    endloop
  endfacet
  facet normal -0 0 1
    outer loop
      vertex 17 23.5 8.95
      vertex 17.9 5.52 8.95
      vertex 17.9 23.5 8.95
    endloop
  endfacet
  facet normal 0 0 1
    outer loop
      vertex 17.9 5.52 8.95
      vertex 17 23.5 8.95
      vertex 17 5.52 8.95
    endloop
  endfacet
  facet normal -1 0 0
    outer loop
      vertex 0 14.9 5.5
      vertex 0 15.9 7.5
      vertex 0 15.9 5.5
    endloop
  endfacet
  facet normal -1 -0 0
    outer loop
      vertex 0 15.9 7.5
      vertex 0 14.9 5.5
      vertex 0 14.9 7.5
    endloop
  endfacet
  facet normal 0 0 -1
    outer loop
      vertex 4.78835 14.9 5.5
      vertex 17 15.9 5.5
      vertex 17 14.9 5.5
    endloop
  endfacet
  facet normal -0 0 -1
    outer loop
      vertex 17 15.9 5.5
      vertex 4.78835 14.9 5.5
      vertex 4.78835 15.9 5.5
    endloop
  endfacet
  facet normal 0 0 -1
    outer loop
      vertex 0 14.9 5.5
      vertex 0.211651 15.9 5.5
      vertex 0.211651 14.9 5.5
    endloop
  endfacet
  facet normal -0 0 -1
    outer loop
      vertex 0.211651 15.9 5.5
      vertex 0 14.9 5.5
      vertex 0 15.9 5.5
    endloop
  endfacet
  facet normal -0 0 1
    outer loop
      vertex 4.78835 15.9 7.5
      vertex 17 14.9 7.5
      vertex 17 15.9 7.5
    endloop
  endfacet
  facet normal 0 0 1
    outer loop
      vertex 17 14.9 7.5
      vertex 4.78835 15.9 7.5
      vertex 4.78835 14.9 7.5
    endloop
  endfacet
  facet normal -0 0 1
    outer loop
      vertex 0 15.9 7.5
      vertex 0.211651 14.9 7.5
      vertex 0.211651 15.9 7.5
    endloop
  endfacet
  facet normal 0 0 1
    outer loop
      vertex 0.211651 14.9 7.5
      vertex 0 15.9 7.5
      vertex 0 14.9 7.5
    endloop
  endfacet
  facet normal -1 0 0
    outer loop
      vertex 38.25 14.9 3.5
      vertex 38.25 15.9 5.9
      vertex 38.25 15.9 3.5
    endloop
  endfacet
  facet normal -1 -0 0
    outer loop
      vertex 38.25 15.9 5.9
      vertex 38.25 14.9 3.5
      vertex 38.25 14.9 5.9
    endloop
  endfacet
  facet normal 1 -0 0
    outer loop
      vertex 51.65 14.9 5.5
      vertex 51.65 15.9 3.5
      vertex 51.65 15.9 5.5
    endloop
  endfacet
  facet normal 1 0 0
    outer loop
      vertex 51.65 15.9 3.5
      vertex 51.65 14.9 5.5
      vertex 51.65 14.9 3.5
    endloop
  endfacet
  facet normal 0 0 -1
    outer loop
      vertex 38.25 14.9 3.5
      vertex 49.65 15.9 3.5
      vertex 49.65 14.9 3.5
    endloop
  endfacet
  facet normal -0 0 -1
    outer loop
      vertex 49.65 15.9 3.5
      vertex 38.25 14.9 3.5
      vertex 38.25 15.9 3.5
    endloop
  endfacet
  facet normal -0 0 1
    outer loop
      vertex 39.65 15.9 5.5
      vertex 51.65 14.9 5.5
      vertex 51.65 15.9 5.5
    endloop
  endfacet
  facet normal 0 0 1
    outer loop
      vertex 51.65 14.9 5.5
      vertex 39.65 15.9 5.5
      vertex 39.65 14.9 5.5
    endloop
  endfacet
  facet normal -1 0 0
    outer loop
      vertex 49.65 14.9 1.5
      vertex 49.65 15.9 3.5
      vertex 49.65 15.9 1.5
    endloop
  endfacet
  facet normal -1 -0 0
    outer loop
      vertex 49.65 15.9 3.5
      vertex 49.65 14.9 1.5
      vertex 49.65 14.9 3.5
    endloop
  endfacet
  facet normal 1 -0 0
    outer loop
      vertex 60 14.9 3.5
      vertex 60 15.9 1.5
      vertex 60 15.9 3.5
    endloop
  endfacet
  facet normal 1 0 0
    outer loop
      vertex 60 15.9 1.5
      vertex 60 14.9 3.5
      vertex 60 14.9 1.5
    endloop
  endfacet
  facet normal -0 0 1
    outer loop
      vertex 59.7883 15.9 3.5
      vertex 60 14.9 3.5
      vertex 60 15.9 3.5
    endloop
  endfacet
  facet normal 0 0 1
    outer loop
      vertex 60 14.9 3.5
      vertex 59.7883 15.9 3.5
      vertex 59.7883 14.9 3.5
    endloop
  endfacet
  facet normal -0 0 1
    outer loop
      vertex 51.65 15.9 3.5
      vertex 55.2117 14.9 3.5
      vertex 55.2117 15.9 3.5
    endloop
  endfacet
  facet normal 0 0 1
    outer loop
      vertex 55.2117 14.9 3.5
      vertex 51.65 15.9 3.5
      vertex 51.65 14.9 3.5
    endloop
  endfacet
  facet normal 0 0 -1
    outer loop
      vertex 59.7883 14.9 1.5
      vertex 60 15.9 1.5
      vertex 60 14.9 1.5
    endloop
  endfacet
  facet normal -0 0 -1
    outer loop
      vertex 60 15.9 1.5
      vertex 59.7883 14.9 1.5
      vertex 59.7883 15.9 1.5
    endloop
  endfacet
  facet normal 0 0 -1
    outer loop
      vertex 49.65 14.9 1.5
      vertex 55.2117 15.9 1.5
      vertex 55.2117 14.9 1.5
    endloop
  endfacet
  facet normal -0 0 -1
    outer loop
      vertex 55.2117 15.9 1.5
      vertex 49.65 14.9 1.5
      vertex 49.65 15.9 1.5
    endloop
  endfacet
  facet normal -0.89686 0 -0.442314
    outer loop
      vertex 3.60866 14.9 6.95922
      vertex 3.53923 19.5 7.1
      vertex 3.60866 19.5 6.95922
    endloop
  endfacet
  facet normal -0.89686 -0 -0.442314
    outer loop
      vertex 3.53923 19.5 7.1
      vertex 3.60866 14.9 6.95922
      vertex 3.53923 14.9 7.1
    endloop
  endfacet
  facet normal -0.831452 0 -0.555597
    outer loop
      vertex 3.53923 14.9 7.1
      vertex 3.45202 19.5 7.23051
      vertex 3.53923 19.5 7.1
    endloop
  endfacet
  facet normal -0.831452 -0 -0.555597
    outer loop
      vertex 3.45202 19.5 7.23051
      vertex 3.53923 14.9 7.1
      vertex 3.45202 14.9 7.23051
    endloop
  endfacet
  facet normal -0.32146 0 -0.946923
    outer loop
      vertex 2.81058 14.9 7.65911
      vertex 2.95922 19.5 7.60865
      vertex 2.95922 14.9 7.60865
    endloop
  endfacet
  facet normal -0.32146 0 -0.946923
    outer loop
      vertex 2.95922 19.5 7.60865
      vertex 2.81058 14.9 7.65911
      vertex 2.81058 19.5 7.65911
    endloop
  endfacet
  facet normal 0.442263 0 -0.896885
    outer loop
      vertex 1.9 14.9 7.53923
      vertex 2.04078 19.5 7.60865
      vertex 2.04078 14.9 7.60865
    endloop
  endfacet
  facet normal 0.442263 0 -0.896885
    outer loop
      vertex 2.04078 19.5 7.60865
      vertex 1.9 14.9 7.53923
      vertex 1.9 19.5 7.53923
    endloop
  endfacet
  facet normal 0.946923 0 -0.32146
    outer loop
      vertex 1.39135 14.9 6.95922
      vertex 1.34089 19.5 6.81058
      vertex 1.39135 19.5 6.95922
    endloop
  endfacet
  facet normal 0.946923 0 -0.32146
    outer loop
      vertex 1.34089 19.5 6.81058
      vertex 1.39135 14.9 6.95922
      vertex 1.34089 14.9 6.81058
    endloop
  endfacet
  facet normal -0.980788 0 0.195075
    outer loop
      vertex 3.65911 14.9 6.18942
      vertex 3.68973 19.5 6.34337
      vertex 3.65911 19.5 6.18942
    endloop
  endfacet
  facet normal -0.980788 0 0.195075
    outer loop
      vertex 3.68973 19.5 6.34337
      vertex 3.65911 14.9 6.18942
      vertex 3.68973 14.9 6.34337
    endloop
  endfacet
  facet normal -0.659307 0 -0.751874
    outer loop
      vertex 3.23051 14.9 7.45202
      vertex 3.34853 19.5 7.34853
      vertex 3.34853 14.9 7.34853
    endloop
  endfacet
  facet normal -0.659307 0 -0.751874
    outer loop
      vertex 3.34853 19.5 7.34853
      vertex 3.23051 14.9 7.45202
      vertex 3.23051 19.5 7.45202
    endloop
  endfacet
  facet normal -0.442263 0 -0.896885
    outer loop
      vertex 2.95922 14.9 7.60865
      vertex 3.1 19.5 7.53923
      vertex 3.1 14.9 7.53923
    endloop
  endfacet
  facet normal -0.442263 0 -0.896885
    outer loop
      vertex 3.1 19.5 7.53923
      vertex 2.95922 14.9 7.60865
      vertex 2.95922 19.5 7.60865
    endloop
  endfacet
  facet normal 0.831452 0 -0.555597
    outer loop
      vertex 1.54798 14.9 7.23051
      vertex 1.46077 19.5 7.1
      vertex 1.54798 19.5 7.23051
    endloop
  endfacet
  facet normal 0.831452 0 -0.555597
    outer loop
      vertex 1.46077 19.5 7.1
      vertex 1.54798 14.9 7.23051
      vertex 1.46077 14.9 7.1
    endloop
  endfacet
  facet normal 0.32146 0 -0.946923
    outer loop
      vertex 2.04078 14.9 7.60865
      vertex 2.18942 19.5 7.65911
      vertex 2.18942 14.9 7.65911
    endloop
  endfacet
  facet normal 0.32146 0 -0.946923
    outer loop
      vertex 2.18942 19.5 7.65911
      vertex 2.04078 14.9 7.60865
      vertex 2.04078 19.5 7.60865
    endloop
  endfacet
  facet normal 0.751874 0 -0.659307
    outer loop
      vertex 1.65147 14.9 7.34853
      vertex 1.54798 19.5 7.23051
      vertex 1.65147 19.5 7.34853
    endloop
  endfacet
  facet normal 0.751874 0 -0.659307
    outer loop
      vertex 1.54798 19.5 7.23051
      vertex 1.65147 14.9 7.34853
      vertex 1.54798 14.9 7.23051
    endloop
  endfacet
  facet normal -0.997857 0 0.065428
    outer loop
      vertex 3.68973 14.9 6.34337
      vertex 3.7 19.5 6.5
      vertex 3.68973 19.5 6.34337
    endloop
  endfacet
  facet normal -0.997857 0 0.065428
    outer loop
      vertex 3.7 19.5 6.5
      vertex 3.68973 14.9 6.34337
      vertex 3.7 14.9 6.5
    endloop
  endfacet
  facet normal -0.946943 0 0.321402
    outer loop
      vertex 3.60866 14.9 6.04078
      vertex 3.65911 19.5 6.18942
      vertex 3.60866 19.5 6.04078
    endloop
  endfacet
  facet normal -0.946943 0 0.321402
    outer loop
      vertex 3.65911 19.5 6.18942
      vertex 3.60866 14.9 6.04078
      vertex 3.65911 14.9 6.18942
    endloop
  endfacet
  facet normal -0.946943 0 -0.321402
    outer loop
      vertex 3.65911 14.9 6.81058
      vertex 3.60866 19.5 6.95922
      vertex 3.65911 19.5 6.81058
    endloop
  endfacet
  facet normal -0.946943 -0 -0.321402
    outer loop
      vertex 3.60866 19.5 6.95922
      vertex 3.65911 14.9 6.81058
      vertex 3.60866 14.9 6.95922
    endloop
  endfacet
  facet normal -0.751874 0 -0.659307
    outer loop
      vertex 3.45202 14.9 7.23051
      vertex 3.34853 19.5 7.34853
      vertex 3.45202 19.5 7.23051
    endloop
  endfacet
  facet normal -0.751874 -0 -0.659307
    outer loop
      vertex 3.34853 19.5 7.34853
      vertex 3.45202 14.9 7.23051
      vertex 3.34853 14.9 7.34853
    endloop
  endfacet
  facet normal 0.065428 0 -0.997857
    outer loop
      vertex 2.34337 14.9 7.68973
      vertex 2.5 19.5 7.7
      vertex 2.5 14.9 7.7
    endloop
  endfacet
  facet normal 0.065428 0 -0.997857
    outer loop
      vertex 2.5 19.5 7.7
      vertex 2.34337 14.9 7.68973
      vertex 2.34337 19.5 7.68973
    endloop
  endfacet
  facet normal -0.195075 0 -0.980788
    outer loop
      vertex 2.65663 14.9 7.68973
      vertex 2.81058 19.5 7.65911
      vertex 2.81058 14.9 7.65911
    endloop
  endfacet
  facet normal -0.195075 0 -0.980788
    outer loop
      vertex 2.81058 19.5 7.65911
      vertex 2.65663 14.9 7.68973
      vertex 2.65663 19.5 7.68973
    endloop
  endfacet
  facet normal -0.555597 0 -0.831452
    outer loop
      vertex 3.1 14.9 7.53923
      vertex 3.23051 19.5 7.45202
      vertex 3.23051 14.9 7.45202
    endloop
  endfacet
  facet normal -0.555597 0 -0.831452
    outer loop
      vertex 3.23051 19.5 7.45202
      vertex 3.1 14.9 7.53923
      vertex 3.1 19.5 7.53923
    endloop
  endfacet
  facet normal 0.997857 -0 0.065428
    outer loop
      vertex 1.3 14.9 6.5
      vertex 1.31027 19.5 6.34337
      vertex 1.3 19.5 6.5
    endloop
  endfacet
  facet normal 0.997857 0 0.065428
    outer loop
      vertex 1.31027 19.5 6.34337
      vertex 1.3 14.9 6.5
      vertex 1.31027 14.9 6.34337
    endloop
  endfacet
  facet normal 0.980788 0 -0.195075
    outer loop
      vertex 1.34089 14.9 6.81058
      vertex 1.31027 19.5 6.65663
      vertex 1.34089 19.5 6.81058
    endloop
  endfacet
  facet normal 0.980788 0 -0.195075
    outer loop
      vertex 1.31027 19.5 6.65663
      vertex 1.34089 14.9 6.81058
      vertex 1.31027 14.9 6.65663
    endloop
  endfacet
  facet normal 0.896885 0 -0.442263
    outer loop
      vertex 1.46077 14.9 7.1
      vertex 1.39135 19.5 6.95922
      vertex 1.46077 19.5 7.1
    endloop
  endfacet
  facet normal 0.896885 0 -0.442263
    outer loop
      vertex 1.39135 19.5 6.95922
      vertex 1.46077 14.9 7.1
      vertex 1.39135 14.9 6.95922
    endloop
  endfacet
  facet normal 0.195075 0 -0.980788
    outer loop
      vertex 2.18942 14.9 7.65911
      vertex 2.34337 19.5 7.68973
      vertex 2.34337 14.9 7.68973
    endloop
  endfacet
  facet normal 0.195075 0 -0.980788
    outer loop
      vertex 2.34337 19.5 7.68973
      vertex 2.18942 14.9 7.65911
      vertex 2.18942 19.5 7.65911
    endloop
  endfacet
  facet normal 0.659307 0 -0.751874
    outer loop
      vertex 1.65147 14.9 7.34853
      vertex 1.76949 19.5 7.45202
      vertex 1.76949 14.9 7.45202
    endloop
  endfacet
  facet normal 0.659307 0 -0.751874
    outer loop
      vertex 1.76949 19.5 7.45202
      vertex 1.65147 14.9 7.34853
      vertex 1.65147 19.5 7.34853
    endloop
  endfacet
  facet normal 0.555597 0 -0.831452
    outer loop
      vertex 1.76949 14.9 7.45202
      vertex 1.9 19.5 7.53923
      vertex 1.9 14.9 7.53923
    endloop
  endfacet
  facet normal 0.555597 0 -0.831452
    outer loop
      vertex 1.9 19.5 7.53923
      vertex 1.76949 14.9 7.45202
      vertex 1.76949 19.5 7.45202
    endloop
  endfacet
  facet normal -0.997857 0 -0.065428
    outer loop
      vertex 3.7 14.9 6.5
      vertex 3.68973 19.5 6.65663
      vertex 3.7 19.5 6.5
    endloop
  endfacet
  facet normal -0.997857 -0 -0.065428
    outer loop
      vertex 3.68973 19.5 6.65663
      vertex 3.7 14.9 6.5
      vertex 3.68973 14.9 6.65663
    endloop
  endfacet
  facet normal 0.831452 -0 0.555597
    outer loop
      vertex 1.46077 14.9 5.9
      vertex 1.54798 19.5 5.76949
      vertex 1.46077 19.5 5.9
    endloop
  endfacet
  facet normal 0.831452 0 0.555597
    outer loop
      vertex 1.54798 19.5 5.76949
      vertex 1.46077 14.9 5.9
      vertex 1.54798 14.9 5.76949
    endloop
  endfacet
  facet normal -0.195075 0 0.980788
    outer loop
      vertex 2.65663 19.5 5.31027
      vertex 2.81058 14.9 5.34089
      vertex 2.81058 19.5 5.34089
    endloop
  endfacet
  facet normal -0.195075 0 0.980788
    outer loop
      vertex 2.81058 14.9 5.34089
      vertex 2.65663 19.5 5.31027
      vertex 2.65663 14.9 5.31027
    endloop
  endfacet
  facet normal -0.442314 0 0.89686
    outer loop
      vertex 2.95922 19.5 5.39134
      vertex 3.1 14.9 5.46077
      vertex 3.1 19.5 5.46077
    endloop
  endfacet
  facet normal -0.442314 0 0.89686
    outer loop
      vertex 3.1 14.9 5.46077
      vertex 2.95922 19.5 5.39134
      vertex 2.95922 14.9 5.39134
    endloop
  endfacet
  facet normal -0.980788 0 -0.195075
    outer loop
      vertex 3.68973 14.9 6.65663
      vertex 3.65911 19.5 6.81058
      vertex 3.68973 19.5 6.65663
    endloop
  endfacet
  facet normal -0.980788 -0 -0.195075
    outer loop
      vertex 3.65911 19.5 6.81058
      vertex 3.68973 14.9 6.65663
      vertex 3.65911 14.9 6.81058
    endloop
  endfacet
  facet normal -0.065428 0 -0.997857
    outer loop
      vertex 2.5 14.9 7.7
      vertex 2.65663 19.5 7.68973
      vertex 2.65663 14.9 7.68973
    endloop
  endfacet
  facet normal -0.065428 0 -0.997857
    outer loop
      vertex 2.65663 19.5 7.68973
      vertex 2.5 14.9 7.7
      vertex 2.5 19.5 7.7
    endloop
  endfacet
  facet normal 0.997857 0 -0.065428
    outer loop
      vertex 1.31027 14.9 6.65663
      vertex 1.3 19.5 6.5
      vertex 1.31027 19.5 6.65663
    endloop
  endfacet
  facet normal 0.997857 0 -0.065428
    outer loop
      vertex 1.3 19.5 6.5
      vertex 1.31027 14.9 6.65663
      vertex 1.3 14.9 6.5
    endloop
  endfacet
  facet normal -0.751874 0 0.659307
    outer loop
      vertex 3.34853 14.9 5.65147
      vertex 3.45202 19.5 5.76949
      vertex 3.34853 19.5 5.65147
    endloop
  endfacet
  facet normal -0.751874 0 0.659307
    outer loop
      vertex 3.45202 19.5 5.76949
      vertex 3.34853 14.9 5.65147
      vertex 3.45202 14.9 5.76949
    endloop
  endfacet
  facet normal -0.89686 0 0.442314
    outer loop
      vertex 3.53923 14.9 5.9
      vertex 3.60866 19.5 6.04078
      vertex 3.53923 19.5 5.9
    endloop
  endfacet
  facet normal -0.89686 0 0.442314
    outer loop
      vertex 3.60866 19.5 6.04078
      vertex 3.53923 14.9 5.9
      vertex 3.60866 14.9 6.04078
    endloop
  endfacet
  facet normal 0.980788 -0 0.195075
    outer loop
      vertex 1.31027 14.9 6.34337
      vertex 1.34089 19.5 6.18942
      vertex 1.31027 19.5 6.34337
    endloop
  endfacet
  facet normal 0.980788 0 0.195075
    outer loop
      vertex 1.34089 19.5 6.18942
      vertex 1.31027 14.9 6.34337
      vertex 1.34089 14.9 6.18942
    endloop
  endfacet
  facet normal 0.896885 -0 0.442263
    outer loop
      vertex 1.39135 14.9 6.04078
      vertex 1.46077 19.5 5.9
      vertex 1.39135 19.5 6.04078
    endloop
  endfacet
  facet normal 0.896885 0 0.442263
    outer loop
      vertex 1.46077 19.5 5.9
      vertex 1.39135 14.9 6.04078
      vertex 1.46077 14.9 5.9
    endloop
  endfacet
  facet normal -0.321402 0 0.946943
    outer loop
      vertex 2.81058 19.5 5.34089
      vertex 2.95922 14.9 5.39134
      vertex 2.95922 19.5 5.39134
    endloop
  endfacet
  facet normal -0.321402 0 0.946943
    outer loop
      vertex 2.95922 14.9 5.39134
      vertex 2.81058 19.5 5.34089
      vertex 2.81058 14.9 5.34089
    endloop
  endfacet
  facet normal -0.659307 0 0.751874
    outer loop
      vertex 3.23051 19.5 5.54798
      vertex 3.34853 14.9 5.65147
      vertex 3.34853 19.5 5.65147
    endloop
  endfacet
  facet normal -0.659307 0 0.751874
    outer loop
      vertex 3.34853 14.9 5.65147
      vertex 3.23051 19.5 5.54798
      vertex 3.23051 14.9 5.54798
    endloop
  endfacet
  facet normal -0.555597 0 0.831452
    outer loop
      vertex 3.1 19.5 5.46077
      vertex 3.23051 14.9 5.54798
      vertex 3.23051 19.5 5.54798
    endloop
  endfacet
  facet normal -0.555597 0 0.831452
    outer loop
      vertex 3.23051 14.9 5.54798
      vertex 3.1 19.5 5.46077
      vertex 3.1 14.9 5.46077
    endloop
  endfacet
  facet normal -0.831452 0 0.555597
    outer loop
      vertex 3.45202 14.9 5.76949
      vertex 3.53923 19.5 5.9
      vertex 3.45202 19.5 5.76949
    endloop
  endfacet
  facet normal -0.831452 0 0.555597
    outer loop
      vertex 3.53923 19.5 5.9
      vertex 3.45202 14.9 5.76949
      vertex 3.53923 14.9 5.9
    endloop
  endfacet
  facet normal 0.321402 0 0.946943
    outer loop
      vertex 2.04078 19.5 5.39134
      vertex 2.18942 14.9 5.34089
      vertex 2.18942 19.5 5.34089
    endloop
  endfacet
  facet normal 0.321402 0 0.946943
    outer loop
      vertex 2.18942 14.9 5.34089
      vertex 2.04078 19.5 5.39134
      vertex 2.04078 14.9 5.39134
    endloop
  endfacet
  facet normal -0.065428 0 0.997857
    outer loop
      vertex 2.5 19.5 5.3
      vertex 2.65663 14.9 5.31027
      vertex 2.65663 19.5 5.31027
    endloop
  endfacet
  facet normal -0.065428 0 0.997857
    outer loop
      vertex 2.65663 14.9 5.31027
      vertex 2.5 19.5 5.3
      vertex 2.5 14.9 5.3
    endloop
  endfacet
  facet normal 0.065428 0 0.997857
    outer loop
      vertex 2.34337 19.5 5.31027
      vertex 2.5 14.9 5.3
      vertex 2.5 19.5 5.3
    endloop
  endfacet
  facet normal 0.065428 0 0.997857
    outer loop
      vertex 2.5 14.9 5.3
      vertex 2.34337 19.5 5.31027
      vertex 2.34337 14.9 5.31027
    endloop
  endfacet
  facet normal 0.195075 0 0.980788
    outer loop
      vertex 2.18942 19.5 5.34089
      vertex 2.34337 14.9 5.31027
      vertex 2.34337 19.5 5.31027
    endloop
  endfacet
  facet normal 0.195075 0 0.980788
    outer loop
      vertex 2.34337 14.9 5.31027
      vertex 2.18942 19.5 5.34089
      vertex 2.18942 14.9 5.34089
    endloop
  endfacet
  facet normal 0.751874 -0 0.659307
    outer loop
      vertex 1.54798 14.9 5.76949
      vertex 1.65147 19.5 5.65147
      vertex 1.54798 19.5 5.76949
    endloop
  endfacet
  facet normal 0.751874 0 0.659307
    outer loop
      vertex 1.65147 19.5 5.65147
      vertex 1.54798 14.9 5.76949
      vertex 1.65147 14.9 5.65147
    endloop
  endfacet
  facet normal 0.659307 0 0.751874
    outer loop
      vertex 1.65147 19.5 5.65147
      vertex 1.76949 14.9 5.54798
      vertex 1.76949 19.5 5.54798
    endloop
  endfacet
  facet normal 0.659307 0 0.751874
    outer loop
      vertex 1.76949 14.9 5.54798
      vertex 1.65147 19.5 5.65147
      vertex 1.65147 14.9 5.65147
    endloop
  endfacet
  facet normal 0.946923 -0 0.32146
    outer loop
      vertex 1.34089 14.9 6.18942
      vertex 1.39135 19.5 6.04078
      vertex 1.34089 19.5 6.18942
    endloop
  endfacet
  facet normal 0.946923 0 0.32146
    outer loop
      vertex 1.39135 19.5 6.04078
      vertex 1.34089 14.9 6.18942
      vertex 1.39135 14.9 6.04078
    endloop
  endfacet
  facet normal 0.442314 0 0.89686
    outer loop
      vertex 1.9 19.5 5.46077
      vertex 2.04078 14.9 5.39134
      vertex 2.04078 19.5 5.39134
    endloop
  endfacet
  facet normal 0.442314 0 0.89686
    outer loop
      vertex 2.04078 14.9 5.39134
      vertex 1.9 19.5 5.46077
      vertex 1.9 14.9 5.46077
    endloop
  endfacet
  facet normal 0.555597 0 0.831452
    outer loop
      vertex 1.76949 19.5 5.54798
      vertex 1.9 14.9 5.46077
      vertex 1.9 19.5 5.46077
    endloop
  endfacet
  facet normal 0.555597 0 0.831452
    outer loop
      vertex 1.9 14.9 5.46077
      vertex 1.76949 19.5 5.54798
      vertex 1.76949 14.9 5.54798
    endloop
  endfacet
  facet normal -0.997845 0 -0.0656183
    outer loop
      vertex 58.7 14.9 2.5
      vertex 58.6897 19.5 2.65663
      vertex 58.7 19.5 2.5
    endloop
  endfacet
  facet normal -0.997845 -0 -0.0656183
    outer loop
      vertex 58.6897 19.5 2.65663
      vertex 58.7 14.9 2.5
      vertex 58.6897 14.9 2.65663
    endloop
  endfacet
  facet normal 0.0654405 0 -0.997856
    outer loop
      vertex 57.3434 14.9 3.68973
      vertex 57.5 19.5 3.7
      vertex 57.5 14.9 3.7
    endloop
  endfacet
  facet normal 0.0654405 0 -0.997856
    outer loop
      vertex 57.5 19.5 3.7
      vertex 57.3434 14.9 3.68973
      vertex 57.3434 19.5 3.68973
    endloop
  endfacet
  facet normal -0.0654405 0 0.997856
    outer loop
      vertex 57.5 19.5 1.3
      vertex 57.6566 14.9 1.31027
      vertex 57.6566 19.5 1.31027
    endloop
  endfacet
  facet normal -0.0654405 0 0.997856
    outer loop
      vertex 57.6566 14.9 1.31027
      vertex 57.5 19.5 1.3
      vertex 57.5 14.9 1.3
    endloop
  endfacet
  facet normal -0.65937 0 -0.751818
    outer loop
      vertex 58.2305 14.9 3.45202
      vertex 58.3485 19.5 3.34853
      vertex 58.3485 14.9 3.34853
    endloop
  endfacet
  facet normal -0.65937 0 -0.751818
    outer loop
      vertex 58.3485 19.5 3.34853
      vertex 58.2305 14.9 3.45202
      vertex 58.2305 19.5 3.45202
    endloop
  endfacet
  facet normal 0.751842 0 -0.659343
    outer loop
      vertex 56.6515 14.9 3.34853
      vertex 56.548 19.5 3.23051
      vertex 56.6515 19.5 3.34853
    endloop
  endfacet
  facet normal 0.751842 0 -0.659343
    outer loop
      vertex 56.548 19.5 3.23051
      vertex 56.6515 14.9 3.34853
      vertex 56.548 14.9 3.23051
    endloop
  endfacet
  facet normal 0.442212 0 -0.89691
    outer loop
      vertex 56.9 14.9 3.53923
      vertex 57.0408 19.5 3.60865
      vertex 57.0408 14.9 3.60865
    endloop
  endfacet
  facet normal 0.442212 0 -0.89691
    outer loop
      vertex 57.0408 19.5 3.60865
      vertex 56.9 14.9 3.53923
      vertex 56.9 19.5 3.53923
    endloop
  endfacet
  facet normal -0.896683 0 -0.442673
    outer loop
      vertex 58.6087 14.9 2.95922
      vertex 58.5392 19.5 3.1
      vertex 58.6087 19.5 2.95922
    endloop
  endfacet
  facet normal -0.896683 -0 -0.442673
    outer loop
      vertex 58.5392 19.5 3.1
      vertex 58.6087 14.9 2.95922
      vertex 58.5392 14.9 3.1
    endloop
  endfacet
  facet normal -0.321537 0 -0.946897
    outer loop
      vertex 57.8106 14.9 3.65911
      vertex 57.9592 19.5 3.60865
      vertex 57.9592 14.9 3.60865
    endloop
  endfacet
  facet normal -0.321537 0 -0.946897
    outer loop
      vertex 57.9592 19.5 3.60865
      vertex 57.8106 14.9 3.65911
      vertex 57.8106 19.5 3.65911
    endloop
  endfacet
  facet normal -0.195014 0 -0.980801
    outer loop
      vertex 57.6566 14.9 3.68973
      vertex 57.8106 19.5 3.65911
      vertex 57.8106 14.9 3.65911
    endloop
  endfacet
  facet normal -0.195014 0 -0.980801
    outer loop
      vertex 57.8106 19.5 3.65911
      vertex 57.6566 14.9 3.68973
      vertex 57.6566 19.5 3.68973
    endloop
  endfacet
  facet normal -0.442212 0 -0.89691
    outer loop
      vertex 57.9592 14.9 3.60865
      vertex 58.1 19.5 3.53923
      vertex 58.1 14.9 3.53923
    endloop
  endfacet
  facet normal -0.442212 0 -0.89691
    outer loop
      vertex 58.1 19.5 3.53923
      vertex 57.9592 14.9 3.60865
      vertex 57.9592 19.5 3.60865
    endloop
  endfacet
  facet normal 0.94704 0 -0.321117
    outer loop
      vertex 56.3913 14.9 2.95922
      vertex 56.3409 19.5 2.81058
      vertex 56.3913 19.5 2.95922
    endloop
  endfacet
  facet normal 0.94704 0 -0.321117
    outer loop
      vertex 56.3409 19.5 2.81058
      vertex 56.3913 14.9 2.95922
      vertex 56.3409 14.9 2.81058
    endloop
  endfacet
  facet normal 0.980813 0 -0.194952
    outer loop
      vertex 56.3409 14.9 2.81058
      vertex 56.3103 19.5 2.65663
      vertex 56.3409 19.5 2.81058
    endloop
  endfacet
  facet normal 0.980813 0 -0.194952
    outer loop
      vertex 56.3103 19.5 2.65663
      vertex 56.3409 14.9 2.81058
      vertex 56.3103 14.9 2.65663
    endloop
  endfacet
  facet normal 0.321537 0 -0.946897
    outer loop
      vertex 57.0408 14.9 3.60865
      vertex 57.1894 19.5 3.65911
      vertex 57.1894 14.9 3.65911
    endloop
  endfacet
  facet normal 0.321537 0 -0.946897
    outer loop
      vertex 57.1894 19.5 3.65911
      vertex 57.0408 14.9 3.60865
      vertex 57.0408 19.5 3.60865
    endloop
  endfacet
  facet normal -0.195014 0 0.980801
    outer loop
      vertex 57.6566 19.5 1.31027
      vertex 57.8106 14.9 1.34089
      vertex 57.8106 19.5 1.34089
    endloop
  endfacet
  facet normal -0.195014 0 0.980801
    outer loop
      vertex 57.8106 14.9 1.34089
      vertex 57.6566 19.5 1.31027
      vertex 57.6566 14.9 1.31027
    endloop
  endfacet
  facet normal -0.94704 0 -0.321117
    outer loop
      vertex 58.6591 14.9 2.81058
      vertex 58.6087 19.5 2.95922
      vertex 58.6591 19.5 2.81058
    endloop
  endfacet
  facet normal -0.94704 -0 -0.321117
    outer loop
      vertex 58.6087 19.5 2.95922
      vertex 58.6591 14.9 2.81058
      vertex 58.6087 14.9 2.95922
    endloop
  endfacet
  facet normal -0.980813 0 -0.194952
    outer loop
      vertex 58.6897 14.9 2.65663
      vertex 58.6591 19.5 2.81058
      vertex 58.6897 19.5 2.65663
    endloop
  endfacet
  facet normal -0.980813 -0 -0.194952
    outer loop
      vertex 58.6591 19.5 2.81058
      vertex 58.6897 14.9 2.65663
      vertex 58.6591 14.9 2.81058
    endloop
  endfacet
  facet normal -0.751842 0 -0.659343
    outer loop
      vertex 58.452 14.9 3.23051
      vertex 58.3485 19.5 3.34853
      vertex 58.452 19.5 3.23051
    endloop
  endfacet
  facet normal -0.751842 -0 -0.659343
    outer loop
      vertex 58.3485 19.5 3.34853
      vertex 58.452 14.9 3.23051
      vertex 58.3485 14.9 3.34853
    endloop
  endfacet
  facet normal -0.831481 0 -0.555553
    outer loop
      vertex 58.5392 14.9 3.1
      vertex 58.452 19.5 3.23051
      vertex 58.5392 19.5 3.1
    endloop
  endfacet
  facet normal -0.831481 -0 -0.555553
    outer loop
      vertex 58.452 19.5 3.23051
      vertex 58.5392 14.9 3.1
      vertex 58.452 14.9 3.23051
    endloop
  endfacet
  facet normal -0.0654405 0 -0.997856
    outer loop
      vertex 57.5 14.9 3.7
      vertex 57.6566 19.5 3.68973
      vertex 57.6566 14.9 3.68973
    endloop
  endfacet
  facet normal -0.0654405 0 -0.997856
    outer loop
      vertex 57.6566 19.5 3.68973
      vertex 57.5 14.9 3.7
      vertex 57.5 19.5 3.7
    endloop
  endfacet
  facet normal -0.555626 0 -0.831432
    outer loop
      vertex 58.1 14.9 3.53923
      vertex 58.2305 19.5 3.45202
      vertex 58.2305 14.9 3.45202
    endloop
  endfacet
  facet normal -0.555626 0 -0.831432
    outer loop
      vertex 58.2305 19.5 3.45202
      vertex 58.1 14.9 3.53923
      vertex 58.1 19.5 3.53923
    endloop
  endfacet
  facet normal 0.896683 0 -0.442673
    outer loop
      vertex 56.4608 14.9 3.1
      vertex 56.3913 19.5 2.95922
      vertex 56.4608 19.5 3.1
    endloop
  endfacet
  facet normal 0.896683 0 -0.442673
    outer loop
      vertex 56.3913 19.5 2.95922
      vertex 56.4608 14.9 3.1
      vertex 56.3913 14.9 2.95922
    endloop
  endfacet
  facet normal 0.831481 0 -0.555553
    outer loop
      vertex 56.548 14.9 3.23051
      vertex 56.4608 19.5 3.1
      vertex 56.548 19.5 3.23051
    endloop
  endfacet
  facet normal 0.831481 0 -0.555553
    outer loop
      vertex 56.4608 19.5 3.1
      vertex 56.548 14.9 3.23051
      vertex 56.4608 14.9 3.1
    endloop
  endfacet
  facet normal 0.997845 0 -0.0656183
    outer loop
      vertex 56.3103 14.9 2.65663
      vertex 56.3 19.5 2.5
      vertex 56.3103 19.5 2.65663
    endloop
  endfacet
  facet normal 0.997845 0 -0.0656183
    outer loop
      vertex 56.3 19.5 2.5
      vertex 56.3103 14.9 2.65663
      vertex 56.3 14.9 2.5
    endloop
  endfacet
  facet normal 0.555626 0 -0.831432
    outer loop
      vertex 56.7695 14.9 3.45202
      vertex 56.9 19.5 3.53923
      vertex 56.9 14.9 3.53923
    endloop
  endfacet
  facet normal 0.555626 0 -0.831432
    outer loop
      vertex 56.9 19.5 3.53923
      vertex 56.7695 14.9 3.45202
      vertex 56.7695 19.5 3.45202
    endloop
  endfacet
  facet normal 0.65937 0 -0.751818
    outer loop
      vertex 56.6515 14.9 3.34853
      vertex 56.7695 19.5 3.45202
      vertex 56.7695 14.9 3.45202
    endloop
  endfacet
  facet normal 0.65937 0 -0.751818
    outer loop
      vertex 56.7695 19.5 3.45202
      vertex 56.6515 14.9 3.34853
      vertex 56.6515 19.5 3.34853
    endloop
  endfacet
  facet normal 0.195014 0 -0.980801
    outer loop
      vertex 57.1894 14.9 3.65911
      vertex 57.3434 19.5 3.68973
      vertex 57.3434 14.9 3.68973
    endloop
  endfacet
  facet normal 0.195014 0 -0.980801
    outer loop
      vertex 57.3434 19.5 3.68973
      vertex 57.1894 14.9 3.65911
      vertex 57.1894 19.5 3.65911
    endloop
  endfacet
  facet normal -0.751842 0 0.659343
    outer loop
      vertex 58.3485 14.9 1.65147
      vertex 58.452 19.5 1.76949
      vertex 58.3485 19.5 1.65147
    endloop
  endfacet
  facet normal -0.751842 0 0.659343
    outer loop
      vertex 58.452 19.5 1.76949
      vertex 58.3485 14.9 1.65147
      vertex 58.452 14.9 1.76949
    endloop
  endfacet
  facet normal -0.94704 0 0.321117
    outer loop
      vertex 58.6087 14.9 2.04078
      vertex 58.6591 19.5 2.18942
      vertex 58.6087 19.5 2.04078
    endloop
  endfacet
  facet normal -0.94704 0 0.321117
    outer loop
      vertex 58.6591 19.5 2.18942
      vertex 58.6087 14.9 2.04078
      vertex 58.6591 14.9 2.18942
    endloop
  endfacet
  facet normal -0.980813 0 0.194952
    outer loop
      vertex 58.6591 14.9 2.18942
      vertex 58.6897 19.5 2.34337
      vertex 58.6591 19.5 2.18942
    endloop
  endfacet
  facet normal -0.980813 0 0.194952
    outer loop
      vertex 58.6897 19.5 2.34337
      vertex 58.6591 14.9 2.18942
      vertex 58.6897 14.9 2.34337
    endloop
  endfacet
  facet normal 0.997845 -0 0.0656183
    outer loop
      vertex 56.3 14.9 2.5
      vertex 56.3103 19.5 2.34337
      vertex 56.3 19.5 2.5
    endloop
  endfacet
  facet normal 0.997845 0 0.0656183
    outer loop
      vertex 56.3103 19.5 2.34337
      vertex 56.3 14.9 2.5
      vertex 56.3103 14.9 2.34337
    endloop
  endfacet
  facet normal -0.831481 0 0.555553
    outer loop
      vertex 58.452 14.9 1.76949
      vertex 58.5392 19.5 1.9
      vertex 58.452 19.5 1.76949
    endloop
  endfacet
  facet normal -0.831481 0 0.555553
    outer loop
      vertex 58.5392 19.5 1.9
      vertex 58.452 14.9 1.76949
      vertex 58.5392 14.9 1.9
    endloop
  endfacet
  facet normal -0.997845 0 0.0656183
    outer loop
      vertex 58.6897 14.9 2.34337
      vertex 58.7 19.5 2.5
      vertex 58.6897 19.5 2.34337
    endloop
  endfacet
  facet normal -0.997845 0 0.0656183
    outer loop
      vertex 58.7 19.5 2.5
      vertex 58.6897 14.9 2.34337
      vertex 58.7 14.9 2.5
    endloop
  endfacet
  facet normal 0.65937 0 0.751818
    outer loop
      vertex 56.6515 19.5 1.65147
      vertex 56.7695 14.9 1.54798
      vertex 56.7695 19.5 1.54798
    endloop
  endfacet
  facet normal 0.65937 0 0.751818
    outer loop
      vertex 56.7695 14.9 1.54798
      vertex 56.6515 19.5 1.65147
      vertex 56.6515 14.9 1.65147
    endloop
  endfacet
  facet normal 0.896683 -0 0.442673
    outer loop
      vertex 56.3913 14.9 2.04078
      vertex 56.4608 19.5 1.9
      vertex 56.3913 19.5 2.04078
    endloop
  endfacet
  facet normal 0.896683 0 0.442673
    outer loop
      vertex 56.4608 19.5 1.9
      vertex 56.3913 14.9 2.04078
      vertex 56.4608 14.9 1.9
    endloop
  endfacet
  facet normal 0.980813 -0 0.194952
    outer loop
      vertex 56.3103 14.9 2.34337
      vertex 56.3409 19.5 2.18942
      vertex 56.3103 19.5 2.34337
    endloop
  endfacet
  facet normal 0.980813 0 0.194952
    outer loop
      vertex 56.3409 19.5 2.18942
      vertex 56.3103 14.9 2.34337
      vertex 56.3409 14.9 2.18942
    endloop
  endfacet
  facet normal -0.442264 0 0.896885
    outer loop
      vertex 57.9592 19.5 1.39134
      vertex 58.1 14.9 1.46077
      vertex 58.1 19.5 1.46077
    endloop
  endfacet
  facet normal -0.442264 0 0.896885
    outer loop
      vertex 58.1 14.9 1.46077
      vertex 57.9592 19.5 1.39134
      vertex 57.9592 14.9 1.39134
    endloop
  endfacet
  facet normal -0.32148 0 0.946916
    outer loop
      vertex 57.8106 19.5 1.34089
      vertex 57.9592 14.9 1.39134
      vertex 57.9592 19.5 1.39134
    endloop
  endfacet
  facet normal -0.32148 0 0.946916
    outer loop
      vertex 57.9592 14.9 1.39134
      vertex 57.8106 19.5 1.34089
      vertex 57.8106 14.9 1.34089
    endloop
  endfacet
  facet normal -0.896683 0 0.442673
    outer loop
      vertex 58.5392 14.9 1.9
      vertex 58.6087 19.5 2.04078
      vertex 58.5392 19.5 1.9
    endloop
  endfacet
  facet normal -0.896683 0 0.442673
    outer loop
      vertex 58.6087 19.5 2.04078
      vertex 58.5392 14.9 1.9
      vertex 58.6087 14.9 2.04078
    endloop
  endfacet
  facet normal -0.65937 0 0.751818
    outer loop
      vertex 58.2305 19.5 1.54798
      vertex 58.3485 14.9 1.65147
      vertex 58.3485 19.5 1.65147
    endloop
  endfacet
  facet normal -0.65937 0 0.751818
    outer loop
      vertex 58.3485 14.9 1.65147
      vertex 58.2305 19.5 1.54798
      vertex 58.2305 14.9 1.54798
    endloop
  endfacet
  facet normal -0.555626 0 0.831432
    outer loop
      vertex 58.1 19.5 1.46077
      vertex 58.2305 14.9 1.54798
      vertex 58.2305 19.5 1.54798
    endloop
  endfacet
  facet normal -0.555626 0 0.831432
    outer loop
      vertex 58.2305 14.9 1.54798
      vertex 58.1 19.5 1.46077
      vertex 58.1 14.9 1.46077
    endloop
  endfacet
  facet normal 0.32148 0 0.946916
    outer loop
      vertex 57.0408 19.5 1.39134
      vertex 57.1894 14.9 1.34089
      vertex 57.1894 19.5 1.34089
    endloop
  endfacet
  facet normal 0.32148 0 0.946916
    outer loop
      vertex 57.1894 14.9 1.34089
      vertex 57.0408 19.5 1.39134
      vertex 57.0408 14.9 1.39134
    endloop
  endfacet
  facet normal 0.195014 0 0.980801
    outer loop
      vertex 57.1894 19.5 1.34089
      vertex 57.3434 14.9 1.31027
      vertex 57.3434 19.5 1.31027
    endloop
  endfacet
  facet normal 0.195014 0 0.980801
    outer loop
      vertex 57.3434 14.9 1.31027
      vertex 57.1894 19.5 1.34089
      vertex 57.1894 14.9 1.34089
    endloop
  endfacet
  facet normal 0.751842 -0 0.659343
    outer loop
      vertex 56.548 14.9 1.76949
      vertex 56.6515 19.5 1.65147
      vertex 56.548 19.5 1.76949
    endloop
  endfacet
  facet normal 0.751842 0 0.659343
    outer loop
      vertex 56.6515 19.5 1.65147
      vertex 56.548 14.9 1.76949
      vertex 56.6515 14.9 1.65147
    endloop
  endfacet
  facet normal 0.831481 -0 0.555553
    outer loop
      vertex 56.4608 14.9 1.9
      vertex 56.548 19.5 1.76949
      vertex 56.4608 19.5 1.9
    endloop
  endfacet
  facet normal 0.831481 0 0.555553
    outer loop
      vertex 56.548 19.5 1.76949
      vertex 56.4608 14.9 1.9
      vertex 56.548 14.9 1.76949
    endloop
  endfacet
  facet normal 0.94704 -0 0.321117
    outer loop
      vertex 56.3409 14.9 2.18942
      vertex 56.3913 19.5 2.04078
      vertex 56.3409 19.5 2.18942
    endloop
  endfacet
  facet normal 0.94704 0 0.321117
    outer loop
      vertex 56.3913 19.5 2.04078
      vertex 56.3409 14.9 2.18942
      vertex 56.3913 14.9 2.04078
    endloop
  endfacet
  facet normal 0.442264 0 0.896885
    outer loop
      vertex 56.9 19.5 1.46077
      vertex 57.0408 14.9 1.39134
      vertex 57.0408 19.5 1.39134
    endloop
  endfacet
  facet normal 0.442264 0 0.896885
    outer loop
      vertex 57.0408 14.9 1.39134
      vertex 56.9 19.5 1.46077
      vertex 56.9 14.9 1.46077
    endloop
  endfacet
  facet normal 0.555626 0 0.831432
    outer loop
      vertex 56.7695 19.5 1.54798
      vertex 56.9 14.9 1.46077
      vertex 56.9 19.5 1.46077
    endloop
  endfacet
  facet normal 0.555626 0 0.831432
    outer loop
      vertex 56.9 14.9 1.46077
      vertex 56.7695 19.5 1.54798
      vertex 56.7695 14.9 1.54798
    endloop
  endfacet
  facet normal 0.0654405 0 0.997856
    outer loop
      vertex 57.3434 19.5 1.31027
      vertex 57.5 14.9 1.3
      vertex 57.5 19.5 1.3
    endloop
  endfacet
  facet normal 0.0654405 0 0.997856
    outer loop
      vertex 57.5 14.9 1.3
      vertex 57.3434 19.5 1.31027
      vertex 57.3434 14.9 1.31027
    endloop
  endfacet
  facet normal -0.65937 -0.751818 0
    outer loop
      vertex 22.4805 3.45202 5.9
      vertex 22.5985 3.34853 7.2
      vertex 22.4805 3.45202 7.2
    endloop
  endfacet
  facet normal -0.65937 -0.751818 -0
    outer loop
      vertex 22.5985 3.34853 7.2
      vertex 22.4805 3.45202 5.9
      vertex 22.5985 3.34853 5.9
    endloop
  endfacet
  facet normal 0.32148 -0.946916 0
    outer loop
      vertex 21.2908 3.60866 5.9
      vertex 21.4394 3.65911 7.2
      vertex 21.2908 3.60866 7.2
    endloop
  endfacet
  facet normal 0.32148 -0.946916 0
    outer loop
      vertex 21.4394 3.65911 7.2
      vertex 21.2908 3.60866 5.9
      vertex 21.4394 3.65911 5.9
    endloop
  endfacet
  facet normal 0.896683 -0.442673 0
    outer loop
      vertex 20.6413 2.95922 7.2
      vertex 20.7108 3.1 5.9
      vertex 20.7108 3.1 7.2
    endloop
  endfacet
  facet normal 0.896683 -0.442673 0
    outer loop
      vertex 20.7108 3.1 5.9
      vertex 20.6413 2.95922 7.2
      vertex 20.6413 2.95922 5.9
    endloop
  endfacet
  facet normal -0.896683 -0.442673 0
    outer loop
      vertex 22.8587 2.95922 5.9
      vertex 22.7892 3.1 7.2
      vertex 22.7892 3.1 5.9
    endloop
  endfacet
  facet normal -0.896683 -0.442673 0
    outer loop
      vertex 22.7892 3.1 7.2
      vertex 22.8587 2.95922 5.9
      vertex 22.8587 2.95922 7.2
    endloop
  endfacet
  facet normal -0.831481 -0.555553 0
    outer loop
      vertex 22.7892 3.1 5.9
      vertex 22.702 3.23051 7.2
      vertex 22.702 3.23051 5.9
    endloop
  endfacet
  facet normal -0.831481 -0.555553 0
    outer loop
      vertex 22.702 3.23051 7.2
      vertex 22.7892 3.1 5.9
      vertex 22.7892 3.1 7.2
    endloop
  endfacet
  facet normal -0.751842 -0.659343 0
    outer loop
      vertex 22.702 3.23051 5.9
      vertex 22.5985 3.34853 7.2
      vertex 22.5985 3.34853 5.9
    endloop
  endfacet
  facet normal -0.751842 -0.659343 0
    outer loop
      vertex 22.5985 3.34853 7.2
      vertex 22.702 3.23051 5.9
      vertex 22.702 3.23051 7.2
    endloop
  endfacet
  facet normal -0.442264 -0.896885 0
    outer loop
      vertex 22.2092 3.60866 5.9
      vertex 22.35 3.53923 7.2
      vertex 22.2092 3.60866 7.2
    endloop
  endfacet
  facet normal -0.442264 -0.896885 -0
    outer loop
      vertex 22.35 3.53923 7.2
      vertex 22.2092 3.60866 5.9
      vertex 22.35 3.53923 5.9
    endloop
  endfacet
  facet normal -0.0654405 -0.997856 0
    outer loop
      vertex 21.75 3.7 5.9
      vertex 21.9066 3.68973 7.2
      vertex 21.75 3.7 7.2
    endloop
  endfacet
  facet normal -0.0654405 -0.997856 -0
    outer loop
      vertex 21.9066 3.68973 7.2
      vertex 21.75 3.7 5.9
      vertex 21.9066 3.68973 5.9
    endloop
  endfacet
  facet normal 0.997845 -0.0656183 0
    outer loop
      vertex 20.55 2.5 7.2
      vertex 20.5603 2.65663 5.9
      vertex 20.5603 2.65663 7.2
    endloop
  endfacet
  facet normal 0.997845 -0.0656183 0
    outer loop
      vertex 20.5603 2.65663 5.9
      vertex 20.55 2.5 7.2
      vertex 20.55 2.5 5.9
    endloop
  endfacet
  facet normal 0.751842 -0.659343 0
    outer loop
      vertex 20.798 3.23051 7.2
      vertex 20.9015 3.34853 5.9
      vertex 20.9015 3.34853 7.2
    endloop
  endfacet
  facet normal 0.751842 -0.659343 0
    outer loop
      vertex 20.9015 3.34853 5.9
      vertex 20.798 3.23051 7.2
      vertex 20.798 3.23051 5.9
    endloop
  endfacet
  facet normal 0.442264 -0.896885 0
    outer loop
      vertex 21.15 3.53923 5.9
      vertex 21.2908 3.60866 7.2
      vertex 21.15 3.53923 7.2
    endloop
  endfacet
  facet normal 0.442264 -0.896885 0
    outer loop
      vertex 21.2908 3.60866 7.2
      vertex 21.15 3.53923 5.9
      vertex 21.2908 3.60866 5.9
    endloop
  endfacet
  facet normal 0.0654405 -0.997856 0
    outer loop
      vertex 21.5934 3.68973 5.9
      vertex 21.75 3.7 7.2
      vertex 21.5934 3.68973 7.2
    endloop
  endfacet
  facet normal 0.0654405 -0.997856 0
    outer loop
      vertex 21.75 3.7 7.2
      vertex 21.5934 3.68973 5.9
      vertex 21.75 3.7 5.9
    endloop
  endfacet
  facet normal -0.997845 0.0656183 0
    outer loop
      vertex 22.9397 2.34337 5.9
      vertex 22.95 2.5 7.2
      vertex 22.95 2.5 5.9
    endloop
  endfacet
  facet normal -0.997845 0.0656183 0
    outer loop
      vertex 22.95 2.5 7.2
      vertex 22.9397 2.34337 5.9
      vertex 22.9397 2.34337 7.2
    endloop
  endfacet
  facet normal -0.0654405 0.997856 0
    outer loop
      vertex 21.9066 1.31027 5.9
      vertex 21.75 1.3 7.2
      vertex 21.9066 1.31027 7.2
    endloop
  endfacet
  facet normal -0.0654405 0.997856 0
    outer loop
      vertex 21.75 1.3 7.2
      vertex 21.9066 1.31027 5.9
      vertex 21.75 1.3 5.9
    endloop
  endfacet
  facet normal -0.442212 0.89691 0
    outer loop
      vertex 22.35 1.46077 5.9
      vertex 22.2092 1.39135 7.2
      vertex 22.35 1.46077 7.2
    endloop
  endfacet
  facet normal -0.442212 0.89691 0
    outer loop
      vertex 22.2092 1.39135 7.2
      vertex 22.35 1.46077 5.9
      vertex 22.2092 1.39135 5.9
    endloop
  endfacet
  facet normal -0.751842 0.659343 0
    outer loop
      vertex 22.5985 1.65147 5.9
      vertex 22.702 1.76949 7.2
      vertex 22.702 1.76949 5.9
    endloop
  endfacet
  facet normal -0.751842 0.659343 0
    outer loop
      vertex 22.702 1.76949 7.2
      vertex 22.5985 1.65147 5.9
      vertex 22.5985 1.65147 7.2
    endloop
  endfacet
  facet normal 0.0654405 0.997856 -0
    outer loop
      vertex 21.75 1.3 5.9
      vertex 21.5934 1.31027 7.2
      vertex 21.75 1.3 7.2
    endloop
  endfacet
  facet normal 0.0654405 0.997856 0
    outer loop
      vertex 21.5934 1.31027 7.2
      vertex 21.75 1.3 5.9
      vertex 21.5934 1.31027 5.9
    endloop
  endfacet
  facet normal 0.65937 0.751818 -0
    outer loop
      vertex 21.0195 1.54798 5.9
      vertex 20.9015 1.65147 7.2
      vertex 21.0195 1.54798 7.2
    endloop
  endfacet
  facet normal 0.65937 0.751818 0
    outer loop
      vertex 20.9015 1.65147 7.2
      vertex 21.0195 1.54798 5.9
      vertex 20.9015 1.65147 5.9
    endloop
  endfacet
  facet normal 0.896683 0.442673 0
    outer loop
      vertex 20.7108 1.9 7.2
      vertex 20.6413 2.04078 5.9
      vertex 20.6413 2.04078 7.2
    endloop
  endfacet
  facet normal 0.896683 0.442673 0
    outer loop
      vertex 20.6413 2.04078 5.9
      vertex 20.7108 1.9 7.2
      vertex 20.7108 1.9 5.9
    endloop
  endfacet
  facet normal 0.997845 0.0656183 0
    outer loop
      vertex 20.5603 2.34337 7.2
      vertex 20.55 2.5 5.9
      vertex 20.55 2.5 7.2
    endloop
  endfacet
  facet normal 0.997845 0.0656183 0
    outer loop
      vertex 20.55 2.5 5.9
      vertex 20.5603 2.34337 7.2
      vertex 20.5603 2.34337 5.9
    endloop
  endfacet
  facet normal -0.94704 -0.321117 0
    outer loop
      vertex 22.9091 2.81058 5.9
      vertex 22.8587 2.95922 7.2
      vertex 22.8587 2.95922 5.9
    endloop
  endfacet
  facet normal -0.94704 -0.321117 0
    outer loop
      vertex 22.8587 2.95922 7.2
      vertex 22.9091 2.81058 5.9
      vertex 22.9091 2.81058 7.2
    endloop
  endfacet
  facet normal -0.555626 -0.831432 0
    outer loop
      vertex 22.35 3.53923 5.9
      vertex 22.4805 3.45202 7.2
      vertex 22.35 3.53923 7.2
    endloop
  endfacet
  facet normal -0.555626 -0.831432 -0
    outer loop
      vertex 22.4805 3.45202 7.2
      vertex 22.35 3.53923 5.9
      vertex 22.4805 3.45202 5.9
    endloop
  endfacet
  facet normal -0.32148 -0.946916 0
    outer loop
      vertex 22.0606 3.65911 5.9
      vertex 22.2092 3.60866 7.2
      vertex 22.0606 3.65911 7.2
    endloop
  endfacet
  facet normal -0.32148 -0.946916 -0
    outer loop
      vertex 22.2092 3.60866 7.2
      vertex 22.0606 3.65911 5.9
      vertex 22.2092 3.60866 5.9
    endloop
  endfacet
  facet normal -0.195014 -0.980801 0
    outer loop
      vertex 21.9066 3.68973 5.9
      vertex 22.0606 3.65911 7.2
      vertex 21.9066 3.68973 7.2
    endloop
  endfacet
  facet normal -0.195014 -0.980801 -0
    outer loop
      vertex 22.0606 3.65911 7.2
      vertex 21.9066 3.68973 5.9
      vertex 22.0606 3.65911 5.9
    endloop
  endfacet
  facet normal 0.94704 -0.321117 0
    outer loop
      vertex 20.5909 2.81058 7.2
      vertex 20.6413 2.95922 5.9
      vertex 20.6413 2.95922 7.2
    endloop
  endfacet
  facet normal 0.94704 -0.321117 0
    outer loop
      vertex 20.6413 2.95922 5.9
      vertex 20.5909 2.81058 7.2
      vertex 20.5909 2.81058 5.9
    endloop
  endfacet
  facet normal 0.980813 -0.194952 0
    outer loop
      vertex 20.5603 2.65663 7.2
      vertex 20.5909 2.81058 5.9
      vertex 20.5909 2.81058 7.2
    endloop
  endfacet
  facet normal 0.980813 -0.194952 0
    outer loop
      vertex 20.5909 2.81058 5.9
      vertex 20.5603 2.65663 7.2
      vertex 20.5603 2.65663 5.9
    endloop
  endfacet
  facet normal 0.831481 -0.555553 0
    outer loop
      vertex 20.7108 3.1 7.2
      vertex 20.798 3.23051 5.9
      vertex 20.798 3.23051 7.2
    endloop
  endfacet
  facet normal 0.831481 -0.555553 0
    outer loop
      vertex 20.798 3.23051 5.9
      vertex 20.7108 3.1 7.2
      vertex 20.7108 3.1 5.9
    endloop
  endfacet
  facet normal 0.195014 -0.980801 0
    outer loop
      vertex 21.4394 3.65911 5.9
      vertex 21.5934 3.68973 7.2
      vertex 21.4394 3.65911 7.2
    endloop
  endfacet
  facet normal 0.195014 -0.980801 0
    outer loop
      vertex 21.5934 3.68973 7.2
      vertex 21.4394 3.65911 5.9
      vertex 21.5934 3.68973 5.9
    endloop
  endfacet
  facet normal 0.555626 -0.831432 0
    outer loop
      vertex 21.0195 3.45202 5.9
      vertex 21.15 3.53923 7.2
      vertex 21.0195 3.45202 7.2
    endloop
  endfacet
  facet normal 0.555626 -0.831432 0
    outer loop
      vertex 21.15 3.53923 7.2
      vertex 21.0195 3.45202 5.9
      vertex 21.15 3.53923 5.9
    endloop
  endfacet
  facet normal 0.65937 -0.751818 0
    outer loop
      vertex 20.9015 3.34853 5.9
      vertex 21.0195 3.45202 7.2
      vertex 20.9015 3.34853 7.2
    endloop
  endfacet
  facet normal 0.65937 -0.751818 0
    outer loop
      vertex 21.0195 3.45202 7.2
      vertex 20.9015 3.34853 5.9
      vertex 21.0195 3.45202 5.9
    endloop
  endfacet
  facet normal -0.997845 -0.0656183 0
    outer loop
      vertex 22.95 2.5 5.9
      vertex 22.9397 2.65663 7.2
      vertex 22.9397 2.65663 5.9
    endloop
  endfacet
  facet normal -0.997845 -0.0656183 0
    outer loop
      vertex 22.9397 2.65663 7.2
      vertex 22.95 2.5 5.9
      vertex 22.95 2.5 7.2
    endloop
  endfacet
  facet normal -0.195014 0.980801 0
    outer loop
      vertex 22.0606 1.34089 5.9
      vertex 21.9066 1.31027 7.2
      vertex 22.0606 1.34089 7.2
    endloop
  endfacet
  facet normal -0.195014 0.980801 0
    outer loop
      vertex 21.9066 1.31027 7.2
      vertex 22.0606 1.34089 5.9
      vertex 21.9066 1.31027 5.9
    endloop
  endfacet
  facet normal -0.555626 0.831432 0
    outer loop
      vertex 22.4805 1.54798 5.9
      vertex 22.35 1.46077 7.2
      vertex 22.4805 1.54798 7.2
    endloop
  endfacet
  facet normal -0.555626 0.831432 0
    outer loop
      vertex 22.35 1.46077 7.2
      vertex 22.4805 1.54798 5.9
      vertex 22.35 1.46077 5.9
    endloop
  endfacet
  facet normal -0.896683 0.442673 0
    outer loop
      vertex 22.7892 1.9 5.9
      vertex 22.8587 2.04078 7.2
      vertex 22.8587 2.04078 5.9
    endloop
  endfacet
  facet normal -0.896683 0.442673 0
    outer loop
      vertex 22.8587 2.04078 7.2
      vertex 22.7892 1.9 5.9
      vertex 22.7892 1.9 7.2
    endloop
  endfacet
  facet normal 0.321537 0.946897 -0
    outer loop
      vertex 21.4394 1.34089 5.9
      vertex 21.2908 1.39135 7.2
      vertex 21.4394 1.34089 7.2
    endloop
  endfacet
  facet normal 0.321537 0.946897 0
    outer loop
      vertex 21.2908 1.39135 7.2
      vertex 21.4394 1.34089 5.9
      vertex 21.2908 1.39135 5.9
    endloop
  endfacet
  facet normal 0.442212 0.89691 -0
    outer loop
      vertex 21.2908 1.39135 5.9
      vertex 21.15 1.46077 7.2
      vertex 21.2908 1.39135 7.2
    endloop
  endfacet
  facet normal 0.442212 0.89691 0
    outer loop
      vertex 21.15 1.46077 7.2
      vertex 21.2908 1.39135 5.9
      vertex 21.15 1.46077 5.9
    endloop
  endfacet
  facet normal 0.980813 0.194952 0
    outer loop
      vertex 20.5909 2.18942 7.2
      vertex 20.5603 2.34337 5.9
      vertex 20.5603 2.34337 7.2
    endloop
  endfacet
  facet normal 0.980813 0.194952 0
    outer loop
      vertex 20.5603 2.34337 5.9
      vertex 20.5909 2.18942 7.2
      vertex 20.5909 2.18942 5.9
    endloop
  endfacet
  facet normal 0.831481 0.555553 0
    outer loop
      vertex 20.798 1.76949 7.2
      vertex 20.7108 1.9 5.9
      vertex 20.7108 1.9 7.2
    endloop
  endfacet
  facet normal 0.831481 0.555553 0
    outer loop
      vertex 20.7108 1.9 5.9
      vertex 20.798 1.76949 7.2
      vertex 20.798 1.76949 5.9
    endloop
  endfacet
  facet normal 0.751842 0.659343 0
    outer loop
      vertex 20.9015 1.65147 7.2
      vertex 20.798 1.76949 5.9
      vertex 20.798 1.76949 7.2
    endloop
  endfacet
  facet normal 0.751842 0.659343 0
    outer loop
      vertex 20.798 1.76949 5.9
      vertex 20.9015 1.65147 7.2
      vertex 20.9015 1.65147 5.9
    endloop
  endfacet
  facet normal -0.980813 -0.194952 0
    outer loop
      vertex 22.9397 2.65663 5.9
      vertex 22.9091 2.81058 7.2
      vertex 22.9091 2.81058 5.9
    endloop
  endfacet
  facet normal -0.980813 -0.194952 0
    outer loop
      vertex 22.9091 2.81058 7.2
      vertex 22.9397 2.65663 5.9
      vertex 22.9397 2.65663 7.2
    endloop
  endfacet
  facet normal -0.980813 0.194952 0
    outer loop
      vertex 22.9091 2.18942 5.9
      vertex 22.9397 2.34337 7.2
      vertex 22.9397 2.34337 5.9
    endloop
  endfacet
  facet normal -0.980813 0.194952 0
    outer loop
      vertex 22.9397 2.34337 7.2
      vertex 22.9091 2.18942 5.9
      vertex 22.9091 2.18942 7.2
    endloop
  endfacet
  facet normal -0.94704 0.321117 0
    outer loop
      vertex 22.8587 2.04078 5.9
      vertex 22.9091 2.18942 7.2
      vertex 22.9091 2.18942 5.9
    endloop
  endfacet
  facet normal -0.94704 0.321117 0
    outer loop
      vertex 22.9091 2.18942 7.2
      vertex 22.8587 2.04078 5.9
      vertex 22.8587 2.04078 7.2
    endloop
  endfacet
  facet normal -0.321537 0.946897 0
    outer loop
      vertex 22.2092 1.39135 5.9
      vertex 22.0606 1.34089 7.2
      vertex 22.2092 1.39135 7.2
    endloop
  endfacet
  facet normal -0.321537 0.946897 0
    outer loop
      vertex 22.0606 1.34089 7.2
      vertex 22.2092 1.39135 5.9
      vertex 22.0606 1.34089 5.9
    endloop
  endfacet
  facet normal -0.65937 0.751818 0
    outer loop
      vertex 22.5985 1.65147 5.9
      vertex 22.4805 1.54798 7.2
      vertex 22.5985 1.65147 7.2
    endloop
  endfacet
  facet normal -0.65937 0.751818 0
    outer loop
      vertex 22.4805 1.54798 7.2
      vertex 22.5985 1.65147 5.9
      vertex 22.4805 1.54798 5.9
    endloop
  endfacet
  facet normal -0.831481 0.555553 0
    outer loop
      vertex 22.702 1.76949 5.9
      vertex 22.7892 1.9 7.2
      vertex 22.7892 1.9 5.9
    endloop
  endfacet
  facet normal -0.831481 0.555553 0
    outer loop
      vertex 22.7892 1.9 7.2
      vertex 22.702 1.76949 5.9
      vertex 22.702 1.76949 7.2
    endloop
  endfacet
  facet normal 0.195014 0.980801 -0
    outer loop
      vertex 21.5934 1.31027 5.9
      vertex 21.4394 1.34089 7.2
      vertex 21.5934 1.31027 7.2
    endloop
  endfacet
  facet normal 0.195014 0.980801 0
    outer loop
      vertex 21.4394 1.34089 7.2
      vertex 21.5934 1.31027 5.9
      vertex 21.4394 1.34089 5.9
    endloop
  endfacet
  facet normal 0.555626 0.831432 -0
    outer loop
      vertex 21.15 1.46077 5.9
      vertex 21.0195 1.54798 7.2
      vertex 21.15 1.46077 7.2
    endloop
  endfacet
  facet normal 0.555626 0.831432 0
    outer loop
      vertex 21.0195 1.54798 7.2
      vertex 21.15 1.46077 5.9
      vertex 21.0195 1.54798 5.9
    endloop
  endfacet
  facet normal 0.94704 0.321117 0
    outer loop
      vertex 20.6413 2.04078 7.2
      vertex 20.5909 2.18942 5.9
      vertex 20.5909 2.18942 7.2
    endloop
  endfacet
  facet normal 0.94704 0.321117 0
    outer loop
      vertex 20.5909 2.18942 5.9
      vertex 20.6413 2.04078 7.2
      vertex 20.6413 2.04078 5.9
    endloop
  endfacet
  facet normal -0.65937 -0.751818 0
    outer loop
      vertex 34.9805 3.45202 5.9
      vertex 35.0985 3.34853 7.2
      vertex 34.9805 3.45202 7.2
    endloop
  endfacet
  facet normal -0.65937 -0.751818 -0
    outer loop
      vertex 35.0985 3.34853 7.2
      vertex 34.9805 3.45202 5.9
      vertex 35.0985 3.34853 5.9
    endloop
  endfacet
  facet normal 0.32148 -0.946916 0
    outer loop
      vertex 33.7908 3.60866 5.9
      vertex 33.9394 3.65911 7.2
      vertex 33.7908 3.60866 7.2
    endloop
  endfacet
  facet normal 0.32148 -0.946916 0
    outer loop
      vertex 33.9394 3.65911 7.2
      vertex 33.7908 3.60866 5.9
      vertex 33.9394 3.65911 5.9
    endloop
  endfacet
  facet normal 0.896683 -0.442673 0
    outer loop
      vertex 33.1413 2.95922 7.2
      vertex 33.2108 3.1 5.9
      vertex 33.2108 3.1 7.2
    endloop
  endfacet
  facet normal 0.896683 -0.442673 0
    outer loop
      vertex 33.2108 3.1 5.9
      vertex 33.1413 2.95922 7.2
      vertex 33.1413 2.95922 5.9
    endloop
  endfacet
  facet normal -0.896683 -0.442673 0
    outer loop
      vertex 35.3587 2.95922 5.9
      vertex 35.2892 3.1 7.2
      vertex 35.2892 3.1 5.9
    endloop
  endfacet
  facet normal -0.896683 -0.442673 0
    outer loop
      vertex 35.2892 3.1 7.2
      vertex 35.3587 2.95922 5.9
      vertex 35.3587 2.95922 7.2
    endloop
  endfacet
  facet normal -0.831481 -0.555553 0
    outer loop
      vertex 35.2892 3.1 5.9
      vertex 35.202 3.23051 7.2
      vertex 35.202 3.23051 5.9
    endloop
  endfacet
  facet normal -0.831481 -0.555553 0
    outer loop
      vertex 35.202 3.23051 7.2
      vertex 35.2892 3.1 5.9
      vertex 35.2892 3.1 7.2
    endloop
  endfacet
  facet normal -0.751842 -0.659343 0
    outer loop
      vertex 35.202 3.23051 5.9
      vertex 35.0985 3.34853 7.2
      vertex 35.0985 3.34853 5.9
    endloop
  endfacet
  facet normal -0.751842 -0.659343 0
    outer loop
      vertex 35.0985 3.34853 7.2
      vertex 35.202 3.23051 5.9
      vertex 35.202 3.23051 7.2
    endloop
  endfacet
  facet normal -0.442264 -0.896885 0
    outer loop
      vertex 34.7092 3.60866 5.9
      vertex 34.85 3.53923 7.2
      vertex 34.7092 3.60866 7.2
    endloop
  endfacet
  facet normal -0.442264 -0.896885 -0
    outer loop
      vertex 34.85 3.53923 7.2
      vertex 34.7092 3.60866 5.9
      vertex 34.85 3.53923 5.9
    endloop
  endfacet
  facet normal -0.0654405 -0.997856 0
    outer loop
      vertex 34.25 3.7 5.9
      vertex 34.4066 3.68973 7.2
      vertex 34.25 3.7 7.2
    endloop
  endfacet
  facet normal -0.0654405 -0.997856 -0
    outer loop
      vertex 34.4066 3.68973 7.2
      vertex 34.25 3.7 5.9
      vertex 34.4066 3.68973 5.9
    endloop
  endfacet
  facet normal 0.997845 -0.0656183 0
    outer loop
      vertex 33.05 2.5 7.2
      vertex 33.0603 2.65663 5.9
      vertex 33.0603 2.65663 7.2
    endloop
  endfacet
  facet normal 0.997845 -0.0656183 0
    outer loop
      vertex 33.0603 2.65663 5.9
      vertex 33.05 2.5 7.2
      vertex 33.05 2.5 5.9
    endloop
  endfacet
  facet normal 0.751842 -0.659343 0
    outer loop
      vertex 33.298 3.23051 7.2
      vertex 33.4015 3.34853 5.9
      vertex 33.4015 3.34853 7.2
    endloop
  endfacet
  facet normal 0.751842 -0.659343 0
    outer loop
      vertex 33.4015 3.34853 5.9
      vertex 33.298 3.23051 7.2
      vertex 33.298 3.23051 5.9
    endloop
  endfacet
  facet normal 0.442264 -0.896885 0
    outer loop
      vertex 33.65 3.53923 5.9
      vertex 33.7908 3.60866 7.2
      vertex 33.65 3.53923 7.2
    endloop
  endfacet
  facet normal 0.442264 -0.896885 0
    outer loop
      vertex 33.7908 3.60866 7.2
      vertex 33.65 3.53923 5.9
      vertex 33.7908 3.60866 5.9
    endloop
  endfacet
  facet normal 0.0654405 -0.997856 0
    outer loop
      vertex 34.0934 3.68973 5.9
      vertex 34.25 3.7 7.2
      vertex 34.0934 3.68973 7.2
    endloop
  endfacet
  facet normal 0.0654405 -0.997856 0
    outer loop
      vertex 34.25 3.7 7.2
      vertex 34.0934 3.68973 5.9
      vertex 34.25 3.7 5.9
    endloop
  endfacet
  facet normal -0.997845 0.0656183 0
    outer loop
      vertex 35.4397 2.34337 5.9
      vertex 35.45 2.5 7.2
      vertex 35.45 2.5 5.9
    endloop
  endfacet
  facet normal -0.997845 0.0656183 0
    outer loop
      vertex 35.45 2.5 7.2
      vertex 35.4397 2.34337 5.9
      vertex 35.4397 2.34337 7.2
    endloop
  endfacet
  facet normal -0.0654405 0.997856 0
    outer loop
      vertex 34.4066 1.31027 5.9
      vertex 34.25 1.3 7.2
      vertex 34.4066 1.31027 7.2
    endloop
  endfacet
  facet normal -0.0654405 0.997856 0
    outer loop
      vertex 34.25 1.3 7.2
      vertex 34.4066 1.31027 5.9
      vertex 34.25 1.3 5.9
    endloop
  endfacet
  facet normal -0.321537 0.946897 0
    outer loop
      vertex 34.7092 1.39135 5.9
      vertex 34.5606 1.34089 7.2
      vertex 34.7092 1.39135 7.2
    endloop
  endfacet
  facet normal -0.321537 0.946897 0
    outer loop
      vertex 34.5606 1.34089 7.2
      vertex 34.7092 1.39135 5.9
      vertex 34.5606 1.34089 5.9
    endloop
  endfacet
  facet normal -0.442212 0.89691 0
    outer loop
      vertex 34.85 1.46077 5.9
      vertex 34.7092 1.39135 7.2
      vertex 34.85 1.46077 7.2
    endloop
  endfacet
  facet normal -0.442212 0.89691 0
    outer loop
      vertex 34.7092 1.39135 7.2
      vertex 34.85 1.46077 5.9
      vertex 34.7092 1.39135 5.9
    endloop
  endfacet
  facet normal -0.751842 0.659343 0
    outer loop
      vertex 35.0985 1.65147 5.9
      vertex 35.202 1.76949 7.2
      vertex 35.202 1.76949 5.9
    endloop
  endfacet
  facet normal -0.751842 0.659343 0
    outer loop
      vertex 35.202 1.76949 7.2
      vertex 35.0985 1.65147 5.9
      vertex 35.0985 1.65147 7.2
    endloop
  endfacet
  facet normal 0.0654405 0.997856 -0
    outer loop
      vertex 34.25 1.3 5.9
      vertex 34.0934 1.31027 7.2
      vertex 34.25 1.3 7.2
    endloop
  endfacet
  facet normal 0.0654405 0.997856 0
    outer loop
      vertex 34.0934 1.31027 7.2
      vertex 34.25 1.3 5.9
      vertex 34.0934 1.31027 5.9
    endloop
  endfacet
  facet normal 0.65937 0.751818 -0
    outer loop
      vertex 33.5195 1.54798 5.9
      vertex 33.4015 1.65147 7.2
      vertex 33.5195 1.54798 7.2
    endloop
  endfacet
  facet normal 0.65937 0.751818 0
    outer loop
      vertex 33.4015 1.65147 7.2
      vertex 33.5195 1.54798 5.9
      vertex 33.4015 1.65147 5.9
    endloop
  endfacet
  facet normal 0.896683 0.442673 0
    outer loop
      vertex 33.2108 1.9 7.2
      vertex 33.1413 2.04078 5.9
      vertex 33.1413 2.04078 7.2
    endloop
  endfacet
  facet normal 0.896683 0.442673 0
    outer loop
      vertex 33.1413 2.04078 5.9
      vertex 33.2108 1.9 7.2
      vertex 33.2108 1.9 5.9
    endloop
  endfacet
  facet normal 0.997845 0.0656183 0
    outer loop
      vertex 33.0603 2.34337 7.2
      vertex 33.05 2.5 5.9
      vertex 33.05 2.5 7.2
    endloop
  endfacet
  facet normal 0.997845 0.0656183 0
    outer loop
      vertex 33.05 2.5 5.9
      vertex 33.0603 2.34337 7.2
      vertex 33.0603 2.34337 5.9
    endloop
  endfacet
  facet normal -0.94704 -0.321117 0
    outer loop
      vertex 35.4091 2.81058 5.9
      vertex 35.3587 2.95922 7.2
      vertex 35.3587 2.95922 5.9
    endloop
  endfacet
  facet normal -0.94704 -0.321117 0
    outer loop
      vertex 35.3587 2.95922 7.2
      vertex 35.4091 2.81058 5.9
      vertex 35.4091 2.81058 7.2
    endloop
  endfacet
  facet normal -0.555626 -0.831432 0
    outer loop
      vertex 34.85 3.53923 5.9
      vertex 34.9805 3.45202 7.2
      vertex 34.85 3.53923 7.2
    endloop
  endfacet
  facet normal -0.555626 -0.831432 -0
    outer loop
      vertex 34.9805 3.45202 7.2
      vertex 34.85 3.53923 5.9
      vertex 34.9805 3.45202 5.9
    endloop
  endfacet
  facet normal -0.32148 -0.946916 0
    outer loop
      vertex 34.5606 3.65911 5.9
      vertex 34.7092 3.60866 7.2
      vertex 34.5606 3.65911 7.2
    endloop
  endfacet
  facet normal -0.32148 -0.946916 -0
    outer loop
      vertex 34.7092 3.60866 7.2
      vertex 34.5606 3.65911 5.9
      vertex 34.7092 3.60866 5.9
    endloop
  endfacet
  facet normal -0.195014 -0.980801 0
    outer loop
      vertex 34.4066 3.68973 5.9
      vertex 34.5606 3.65911 7.2
      vertex 34.4066 3.68973 7.2
    endloop
  endfacet
  facet normal -0.195014 -0.980801 -0
    outer loop
      vertex 34.5606 3.65911 7.2
      vertex 34.4066 3.68973 5.9
      vertex 34.5606 3.65911 5.9
    endloop
  endfacet
  facet normal 0.94704 -0.321117 0
    outer loop
      vertex 33.0909 2.81058 7.2
      vertex 33.1413 2.95922 5.9
      vertex 33.1413 2.95922 7.2
    endloop
  endfacet
  facet normal 0.94704 -0.321117 0
    outer loop
      vertex 33.1413 2.95922 5.9
      vertex 33.0909 2.81058 7.2
      vertex 33.0909 2.81058 5.9
    endloop
  endfacet
  facet normal 0.980813 -0.194952 0
    outer loop
      vertex 33.0603 2.65663 7.2
      vertex 33.0909 2.81058 5.9
      vertex 33.0909 2.81058 7.2
    endloop
  endfacet
  facet normal 0.980813 -0.194952 0
    outer loop
      vertex 33.0909 2.81058 5.9
      vertex 33.0603 2.65663 7.2
      vertex 33.0603 2.65663 5.9
    endloop
  endfacet
  facet normal 0.831481 -0.555553 0
    outer loop
      vertex 33.2108 3.1 7.2
      vertex 33.298 3.23051 5.9
      vertex 33.298 3.23051 7.2
    endloop
  endfacet
  facet normal 0.831481 -0.555553 0
    outer loop
      vertex 33.298 3.23051 5.9
      vertex 33.2108 3.1 7.2
      vertex 33.2108 3.1 5.9
    endloop
  endfacet
  facet normal 0.195014 -0.980801 0
    outer loop
      vertex 33.9394 3.65911 5.9
      vertex 34.0934 3.68973 7.2
      vertex 33.9394 3.65911 7.2
    endloop
  endfacet
  facet normal 0.195014 -0.980801 0
    outer loop
      vertex 34.0934 3.68973 7.2
      vertex 33.9394 3.65911 5.9
      vertex 34.0934 3.68973 5.9
    endloop
  endfacet
  facet normal 0.555626 -0.831432 0
    outer loop
      vertex 33.5195 3.45202 5.9
      vertex 33.65 3.53923 7.2
      vertex 33.5195 3.45202 7.2
    endloop
  endfacet
  facet normal 0.555626 -0.831432 0
    outer loop
      vertex 33.65 3.53923 7.2
      vertex 33.5195 3.45202 5.9
      vertex 33.65 3.53923 5.9
    endloop
  endfacet
  facet normal 0.65937 -0.751818 0
    outer loop
      vertex 33.4015 3.34853 5.9
      vertex 33.5195 3.45202 7.2
      vertex 33.4015 3.34853 7.2
    endloop
  endfacet
  facet normal 0.65937 -0.751818 0
    outer loop
      vertex 33.5195 3.45202 7.2
      vertex 33.4015 3.34853 5.9
      vertex 33.5195 3.45202 5.9
    endloop
  endfacet
  facet normal -0.997845 -0.0656183 0
    outer loop
      vertex 35.45 2.5 5.9
      vertex 35.4397 2.65663 7.2
      vertex 35.4397 2.65663 5.9
    endloop
  endfacet
  facet normal -0.997845 -0.0656183 0
    outer loop
      vertex 35.4397 2.65663 7.2
      vertex 35.45 2.5 5.9
      vertex 35.45 2.5 7.2
    endloop
  endfacet
  facet normal -0.94704 0.321117 0
    outer loop
      vertex 35.3587 2.04078 5.9
      vertex 35.4091 2.18942 7.2
      vertex 35.4091 2.18942 5.9
    endloop
  endfacet
  facet normal -0.94704 0.321117 0
    outer loop
      vertex 35.4091 2.18942 7.2
      vertex 35.3587 2.04078 5.9
      vertex 35.3587 2.04078 7.2
    endloop
  endfacet
  facet normal -0.195014 0.980801 0
    outer loop
      vertex 34.5606 1.34089 5.9
      vertex 34.4066 1.31027 7.2
      vertex 34.5606 1.34089 7.2
    endloop
  endfacet
  facet normal -0.195014 0.980801 0
    outer loop
      vertex 34.4066 1.31027 7.2
      vertex 34.5606 1.34089 5.9
      vertex 34.4066 1.31027 5.9
    endloop
  endfacet
  facet normal -0.555626 0.831432 0
    outer loop
      vertex 34.9805 1.54798 5.9
      vertex 34.85 1.46077 7.2
      vertex 34.9805 1.54798 7.2
    endloop
  endfacet
  facet normal -0.555626 0.831432 0
    outer loop
      vertex 34.85 1.46077 7.2
      vertex 34.9805 1.54798 5.9
      vertex 34.85 1.46077 5.9
    endloop
  endfacet
  facet normal -0.896683 0.442673 0
    outer loop
      vertex 35.2892 1.9 5.9
      vertex 35.3587 2.04078 7.2
      vertex 35.3587 2.04078 5.9
    endloop
  endfacet
  facet normal -0.896683 0.442673 0
    outer loop
      vertex 35.3587 2.04078 7.2
      vertex 35.2892 1.9 5.9
      vertex 35.2892 1.9 7.2
    endloop
  endfacet
  facet normal 0.321537 0.946897 -0
    outer loop
      vertex 33.9394 1.34089 5.9
      vertex 33.7908 1.39135 7.2
      vertex 33.9394 1.34089 7.2
    endloop
  endfacet
  facet normal 0.321537 0.946897 0
    outer loop
      vertex 33.7908 1.39135 7.2
      vertex 33.9394 1.34089 5.9
      vertex 33.7908 1.39135 5.9
    endloop
  endfacet
  facet normal 0.442212 0.89691 -0
    outer loop
      vertex 33.7908 1.39135 5.9
      vertex 33.65 1.46077 7.2
      vertex 33.7908 1.39135 7.2
    endloop
  endfacet
  facet normal 0.442212 0.89691 0
    outer loop
      vertex 33.65 1.46077 7.2
      vertex 33.7908 1.39135 5.9
      vertex 33.65 1.46077 5.9
    endloop
  endfacet
  facet normal 0.980813 0.194952 0
    outer loop
      vertex 33.0909 2.18942 7.2
      vertex 33.0603 2.34337 5.9
      vertex 33.0603 2.34337 7.2
    endloop
  endfacet
  facet normal 0.980813 0.194952 0
    outer loop
      vertex 33.0603 2.34337 5.9
      vertex 33.0909 2.18942 7.2
      vertex 33.0909 2.18942 5.9
    endloop
  endfacet
  facet normal 0.831481 0.555553 0
    outer loop
      vertex 33.298 1.76949 7.2
      vertex 33.2108 1.9 5.9
      vertex 33.2108 1.9 7.2
    endloop
  endfacet
  facet normal 0.831481 0.555553 0
    outer loop
      vertex 33.2108 1.9 5.9
      vertex 33.298 1.76949 7.2
      vertex 33.298 1.76949 5.9
    endloop
  endfacet
  facet normal 0.751842 0.659343 0
    outer loop
      vertex 33.4015 1.65147 7.2
      vertex 33.298 1.76949 5.9
      vertex 33.298 1.76949 7.2
    endloop
  endfacet
  facet normal 0.751842 0.659343 0
    outer loop
      vertex 33.298 1.76949 5.9
      vertex 33.4015 1.65147 7.2
      vertex 33.4015 1.65147 5.9
    endloop
  endfacet
  facet normal -0.980813 -0.194952 0
    outer loop
      vertex 35.4397 2.65663 5.9
      vertex 35.4091 2.81058 7.2
      vertex 35.4091 2.81058 5.9
    endloop
  endfacet
  facet normal -0.980813 -0.194952 0
    outer loop
      vertex 35.4091 2.81058 7.2
      vertex 35.4397 2.65663 5.9
      vertex 35.4397 2.65663 7.2
    endloop
  endfacet
  facet normal -0.980813 0.194952 0
    outer loop
      vertex 35.4091 2.18942 5.9
      vertex 35.4397 2.34337 7.2
      vertex 35.4397 2.34337 5.9
    endloop
  endfacet
  facet normal -0.980813 0.194952 0
    outer loop
      vertex 35.4397 2.34337 7.2
      vertex 35.4091 2.18942 5.9
      vertex 35.4091 2.18942 7.2
    endloop
  endfacet
  facet normal -0.65937 0.751818 0
    outer loop
      vertex 35.0985 1.65147 5.9
      vertex 34.9805 1.54798 7.2
      vertex 35.0985 1.65147 7.2
    endloop
  endfacet
  facet normal -0.65937 0.751818 0
    outer loop
      vertex 34.9805 1.54798 7.2
      vertex 35.0985 1.65147 5.9
      vertex 34.9805 1.54798 5.9
    endloop
  endfacet
  facet normal -0.831481 0.555553 0
    outer loop
      vertex 35.202 1.76949 5.9
      vertex 35.2892 1.9 7.2
      vertex 35.2892 1.9 5.9
    endloop
  endfacet
  facet normal -0.831481 0.555553 0
    outer loop
      vertex 35.2892 1.9 7.2
      vertex 35.202 1.76949 5.9
      vertex 35.202 1.76949 7.2
    endloop
  endfacet
  facet normal 0.195014 0.980801 -0
    outer loop
      vertex 34.0934 1.31027 5.9
      vertex 33.9394 1.34089 7.2
      vertex 34.0934 1.31027 7.2
    endloop
  endfacet
  facet normal 0.195014 0.980801 0
    outer loop
      vertex 33.9394 1.34089 7.2
      vertex 34.0934 1.31027 5.9
      vertex 33.9394 1.34089 5.9
    endloop
  endfacet
  facet normal 0.555626 0.831432 -0
    outer loop
      vertex 33.65 1.46077 5.9
      vertex 33.5195 1.54798 7.2
      vertex 33.65 1.46077 7.2
    endloop
  endfacet
  facet normal 0.555626 0.831432 0
    outer loop
      vertex 33.5195 1.54798 7.2
      vertex 33.65 1.46077 5.9
      vertex 33.5195 1.54798 5.9
    endloop
  endfacet
  facet normal 0.94704 0.321117 0
    outer loop
      vertex 33.1413 2.04078 7.2
      vertex 33.0909 2.18942 5.9
      vertex 33.0909 2.18942 7.2
    endloop
  endfacet
  facet normal 0.94704 0.321117 0
    outer loop
      vertex 33.0909 2.18942 5.9
      vertex 33.1413 2.04078 7.2
      vertex 33.1413 2.04078 5.9
    endloop
  endfacet
endsolid OpenSCAD_Model
