solid OpenSCAD_Model
  facet normal -1 0 0
    outer loop
      vertex 34.025 81.7 22
      vertex 34.025 83.45 25.5
      vertex 34.025 83.45 22
    endloop
  endfacet
  facet normal -1 -0 0
    outer loop
      vertex 34.025 83.45 25.5
      vertex 34.025 81.7 22
      vertex 34.025 81.7 25.5
    endloop
  endfacet
  facet normal 0 0 1
    outer loop
      vertex 35 83.45 25.5
      vertex 34.4 81.7 25.5
      vertex 35 81.7 25.5
    endloop
  endfacet
  facet normal -0 0 1
    outer loop
      vertex 34.025 83.45 25.5
      vertex 34.4 81.7 25.5
      vertex 35 83.45 25.5
    endloop
  endfacet
  facet normal 0 0 1
    outer loop
      vertex 34.4 81.7 25.5
      vertex 34.025 83.45 25.5
      vertex 34.025 81.7 25.5
    endloop
  endfacet
  facet normal 1 -0 0
    outer loop
      vertex 35 81.7 25.5
      vertex 35 83.45 22
      vertex 35 83.45 25.5
    endloop
  endfacet
  facet normal 1 0 0
    outer loop
      vertex 35 83.45 22
      vertex 35 81.7 25.5
      vertex 35 81.7 22
    endloop
  endfacet
  facet normal 0 0 -1
    outer loop
      vertex 34.4 81.7 22
      vertex 35 83.45 22
      vertex 35 81.7 22
    endloop
  endfacet
  facet normal 0 0 -1
    outer loop
      vertex 34.025 83.45 22
      vertex 34.4 81.7 22
      vertex 34.025 81.7 22
    endloop
  endfacet
  facet normal 0 0 -1
    outer loop
      vertex 34.4 81.7 22
      vertex 34.025 83.45 22
      vertex 35 83.45 22
    endloop
  endfacet
  facet normal 0 -1 0
    outer loop
      vertex 34.4 81.7 21
      vertex 35 81.7 21.8
      vertex 34.4 81.7 21.8
    endloop
  endfacet
  facet normal 0 -1 -0
    outer loop
      vertex 35 81.7 21.8
      vertex 34.4 81.7 21
      vertex 35 81.7 21
    endloop
  endfacet
  facet normal 0 1 0
    outer loop
      vertex 34.4 81.7 36.2
      vertex 34.4 81.7 25.5
      vertex 34.025 81.7 36.2
    endloop
  endfacet
  facet normal 0 1 0
    outer loop
      vertex 12.65 81.7 22
      vertex 16.9592 81.7 41.8913
      vertex 34.025 81.7 25.5
    endloop
  endfacet
  facet normal 0 1 0
    outer loop
      vertex 34.025 81.7 25.5
      vertex 34.025 81.7 36.2
      vertex 34.4 81.7 25.5
    endloop
  endfacet
  facet normal 0 1 0
    outer loop
      vertex 16.9592 81.7 41.8913
      vertex 12.65 81.7 22
      vertex 16.8106 81.7 41.8409
    endloop
  endfacet
  facet normal 0 1 0
    outer loop
      vertex 12.65 81.7 22
      vertex 34.025 81.7 25.5
      vertex 34.025 81.7 22
    endloop
  endfacet
  facet normal 0 1 0
    outer loop
      vertex 16.8106 81.7 41.8409
      vertex 12.65 81.7 22
      vertex 12.65 81.7 39.98
    endloop
  endfacet
  facet normal 0 1 -0
    outer loop
      vertex 34.4 81.7 21.8
      vertex 34.025 81.7 22
      vertex 34.4 81.7 22
    endloop
  endfacet
  facet normal 0 1 0
    outer loop
      vertex 34.025 81.7 22
      vertex 34.4 81.7 21.8
      vertex 12.65 81.7 22
    endloop
  endfacet
  facet normal 0 1 0
    outer loop
      vertex 11.75 81.7 21.8
      vertex 12.65 81.7 22
      vertex 34.4 81.7 21.8
    endloop
  endfacet
  facet normal 0 1 0
    outer loop
      vertex 12.65 81.7 22
      vertex 11.75 81.7 21.8
      vertex 11.75 81.7 22
    endloop
  endfacet
  facet normal 0 1 -0
    outer loop
      vertex 16.6566 81.7 44.1897
      vertex 11.75 81.7 45.5
      vertex 28.8434 81.7 44.1897
    endloop
  endfacet
  facet normal 0 1 0
    outer loop
      vertex 11.75 81.7 45.5
      vertex 16.6566 81.7 44.1897
      vertex 16.5 81.7 44.2
    endloop
  endfacet
  facet normal 0 1 -0
    outer loop
      vertex 28.6894 81.7 44.1591
      vertex 16.6566 81.7 44.1897
      vertex 28.8434 81.7 44.1897
    endloop
  endfacet
  facet normal 0 1 0
    outer loop
      vertex 28.6894 81.7 44.1591
      vertex 16.8106 81.7 44.1591
      vertex 16.6566 81.7 44.1897
    endloop
  endfacet
  facet normal 0 1 -0
    outer loop
      vertex 28.5408 81.7 44.1087
      vertex 16.8106 81.7 44.1591
      vertex 28.6894 81.7 44.1591
    endloop
  endfacet
  facet normal 0 1 0
    outer loop
      vertex 28.5408 81.7 44.1087
      vertex 16.9592 81.7 44.1087
      vertex 16.8106 81.7 44.1591
    endloop
  endfacet
  facet normal 0 1 -0
    outer loop
      vertex 28.4 81.7 44.0392
      vertex 16.9592 81.7 44.1087
      vertex 28.5408 81.7 44.1087
    endloop
  endfacet
  facet normal 0 1 0
    outer loop
      vertex 28.4 81.7 44.0392
      vertex 17.1 81.7 44.0392
      vertex 16.9592 81.7 44.1087
    endloop
  endfacet
  facet normal 0 1 -0
    outer loop
      vertex 28.2695 81.7 43.952
      vertex 17.1 81.7 44.0392
      vertex 28.4 81.7 44.0392
    endloop
  endfacet
  facet normal 0 1 0
    outer loop
      vertex 28.2695 81.7 43.952
      vertex 17.2305 81.7 43.952
      vertex 17.1 81.7 44.0392
    endloop
  endfacet
  facet normal 0 1 -0
    outer loop
      vertex 28.1515 81.7 43.8485
      vertex 17.2305 81.7 43.952
      vertex 28.2695 81.7 43.952
    endloop
  endfacet
  facet normal 0 1 0
    outer loop
      vertex 28.1515 81.7 43.8485
      vertex 17.3485 81.7 43.8485
      vertex 17.2305 81.7 43.952
    endloop
  endfacet
  facet normal 0 1 -0
    outer loop
      vertex 28.048 81.7 43.7305
      vertex 17.3485 81.7 43.8485
      vertex 28.1515 81.7 43.8485
    endloop
  endfacet
  facet normal 0 1 0
    outer loop
      vertex 28.048 81.7 43.7305
      vertex 17.452 81.7 43.7305
      vertex 17.3485 81.7 43.8485
    endloop
  endfacet
  facet normal 0 1 -0
    outer loop
      vertex 27.9608 81.7 43.6
      vertex 17.452 81.7 43.7305
      vertex 28.048 81.7 43.7305
    endloop
  endfacet
  facet normal 0 1 0
    outer loop
      vertex 27.9608 81.7 43.6
      vertex 17.5392 81.7 43.6
      vertex 17.452 81.7 43.7305
    endloop
  endfacet
  facet normal 0 1 -0
    outer loop
      vertex 27.8913 81.7 43.4592
      vertex 17.5392 81.7 43.6
      vertex 27.9608 81.7 43.6
    endloop
  endfacet
  facet normal 0 1 0
    outer loop
      vertex 27.8913 81.7 43.4592
      vertex 17.6087 81.7 43.4592
      vertex 17.5392 81.7 43.6
    endloop
  endfacet
  facet normal 0 1 -0
    outer loop
      vertex 27.8409 81.7 43.3106
      vertex 17.6087 81.7 43.4592
      vertex 27.8913 81.7 43.4592
    endloop
  endfacet
  facet normal 0 1 0
    outer loop
      vertex 27.8409 81.7 43.3106
      vertex 17.6591 81.7 43.3106
      vertex 17.6087 81.7 43.4592
    endloop
  endfacet
  facet normal 0 1 -0
    outer loop
      vertex 27.8103 81.7 43.1566
      vertex 17.6591 81.7 43.3106
      vertex 27.8409 81.7 43.3106
    endloop
  endfacet
  facet normal 0 1 0
    outer loop
      vertex 27.8103 81.7 43.1566
      vertex 17.6897 81.7 43.1566
      vertex 17.6591 81.7 43.3106
    endloop
  endfacet
  facet normal 0 1 -0
    outer loop
      vertex 27.8 81.7 43
      vertex 17.6897 81.7 43.1566
      vertex 27.8103 81.7 43.1566
    endloop
  endfacet
  facet normal 0 1 0
    outer loop
      vertex 27.8 81.7 43
      vertex 17.7 81.7 43
      vertex 17.6897 81.7 43.1566
    endloop
  endfacet
  facet normal 0 1 0
    outer loop
      vertex 27.8103 81.7 42.8434
      vertex 17.7 81.7 43
      vertex 27.8 81.7 43
    endloop
  endfacet
  facet normal 0 1 0
    outer loop
      vertex 27.8103 81.7 42.8434
      vertex 17.6897 81.7 42.8434
      vertex 17.7 81.7 43
    endloop
  endfacet
  facet normal 0 1 0
    outer loop
      vertex 27.8409 81.7 42.6894
      vertex 17.6897 81.7 42.8434
      vertex 27.8103 81.7 42.8434
    endloop
  endfacet
  facet normal 0 1 0
    outer loop
      vertex 27.8409 81.7 42.6894
      vertex 17.6591 81.7 42.6894
      vertex 17.6897 81.7 42.8434
    endloop
  endfacet
  facet normal 0 1 0
    outer loop
      vertex 27.8913 81.7 42.5408
      vertex 17.6591 81.7 42.6894
      vertex 27.8409 81.7 42.6894
    endloop
  endfacet
  facet normal 0 1 0
    outer loop
      vertex 27.8913 81.7 42.5408
      vertex 17.6087 81.7 42.5408
      vertex 17.6591 81.7 42.6894
    endloop
  endfacet
  facet normal 0 1 0
    outer loop
      vertex 27.9608 81.7 42.4
      vertex 17.6087 81.7 42.5408
      vertex 27.8913 81.7 42.5408
    endloop
  endfacet
  facet normal 0 1 0
    outer loop
      vertex 27.9608 81.7 42.4
      vertex 17.5392 81.7 42.4
      vertex 17.6087 81.7 42.5408
    endloop
  endfacet
  facet normal 0 1 0
    outer loop
      vertex 28.048 81.7 42.2695
      vertex 17.5392 81.7 42.4
      vertex 27.9608 81.7 42.4
    endloop
  endfacet
  facet normal 0 1 0
    outer loop
      vertex 28.048 81.7 42.2695
      vertex 17.452 81.7 42.2695
      vertex 17.5392 81.7 42.4
    endloop
  endfacet
  facet normal 0 1 0
    outer loop
      vertex 28.1515 81.7 42.1515
      vertex 17.452 81.7 42.2695
      vertex 28.048 81.7 42.2695
    endloop
  endfacet
  facet normal 0 1 0
    outer loop
      vertex 28.1515 81.7 42.1515
      vertex 17.3485 81.7 42.1515
      vertex 17.452 81.7 42.2695
    endloop
  endfacet
  facet normal 0 1 0
    outer loop
      vertex 28.2695 81.7 42.048
      vertex 17.3485 81.7 42.1515
      vertex 28.1515 81.7 42.1515
    endloop
  endfacet
  facet normal 0 1 0
    outer loop
      vertex 28.2695 81.7 42.048
      vertex 17.2305 81.7 42.048
      vertex 17.3485 81.7 42.1515
    endloop
  endfacet
  facet normal 0 1 0
    outer loop
      vertex 28.4 81.7 41.9608
      vertex 17.2305 81.7 42.048
      vertex 28.2695 81.7 42.048
    endloop
  endfacet
  facet normal 0 1 0
    outer loop
      vertex 28.4 81.7 41.9608
      vertex 17.1 81.7 41.9608
      vertex 17.2305 81.7 42.048
    endloop
  endfacet
  facet normal 0 1 0
    outer loop
      vertex 34.025 81.7 36.2
      vertex 28.4 81.7 41.9608
      vertex 28.5408 81.7 41.8913
    endloop
  endfacet
  facet normal 0 1 0
    outer loop
      vertex 28.4 81.7 41.9608
      vertex 34.025 81.7 36.2
      vertex 17.1 81.7 41.9608
    endloop
  endfacet
  facet normal 0 1 0
    outer loop
      vertex 34.025 81.7 36.2
      vertex 28.5408 81.7 41.8913
      vertex 28.6894 81.7 41.8409
    endloop
  endfacet
  facet normal 0 1 -0
    outer loop
      vertex 34.025 81.7 25.5
      vertex 17.1 81.7 41.9608
      vertex 34.025 81.7 36.2
    endloop
  endfacet
  facet normal 0 1 0
    outer loop
      vertex 29 81.7 41.8
      vertex 34.025 81.7 36.2
      vertex 28.8434 81.7 41.8103
    endloop
  endfacet
  facet normal 0 1 0
    outer loop
      vertex 17.1 81.7 41.9608
      vertex 34.025 81.7 25.5
      vertex 16.9592 81.7 41.8913
    endloop
  endfacet
  facet normal 0 1 0
    outer loop
      vertex 29.1566 81.7 41.8103
      vertex 34.025 81.7 36.2
      vertex 29 81.7 41.8
    endloop
  endfacet
  facet normal 0 1 0
    outer loop
      vertex 16.8106 81.7 41.8409
      vertex 12.65 81.7 39.98
      vertex 16.6566 81.7 41.8103
    endloop
  endfacet
  facet normal 0 1 0
    outer loop
      vertex 28.8434 81.7 44.1897
      vertex 34.4 81.7 45.5
      vertex 29 81.7 44.2
    endloop
  endfacet
  facet normal 0 1 0
    outer loop
      vertex 34.4 81.7 45.5
      vertex 29.1566 81.7 44.1897
      vertex 29 81.7 44.2
    endloop
  endfacet
  facet normal 0 1 0
    outer loop
      vertex 34.4 81.7 45.5
      vertex 29.3106 81.7 44.1591
      vertex 29.1566 81.7 44.1897
    endloop
  endfacet
  facet normal 0 1 0
    outer loop
      vertex 34.4 81.7 45.5
      vertex 29.4592 81.7 44.1087
      vertex 29.3106 81.7 44.1591
    endloop
  endfacet
  facet normal 0 1 0
    outer loop
      vertex 34.4 81.7 45.5
      vertex 29.6 81.7 44.0392
      vertex 29.4592 81.7 44.1087
    endloop
  endfacet
  facet normal 0 1 0
    outer loop
      vertex 34.4 81.7 45.5
      vertex 29.7305 81.7 43.952
      vertex 29.6 81.7 44.0392
    endloop
  endfacet
  facet normal 0 1 0
    outer loop
      vertex 34.4 81.7 45.5
      vertex 29.8485 81.7 43.8485
      vertex 29.7305 81.7 43.952
    endloop
  endfacet
  facet normal 0 1 0
    outer loop
      vertex 34.4 81.7 45.5
      vertex 29.952 81.7 43.7305
      vertex 29.8485 81.7 43.8485
    endloop
  endfacet
  facet normal 0 1 0
    outer loop
      vertex 34.4 81.7 45.5
      vertex 30.0392 81.7 43.6
      vertex 29.952 81.7 43.7305
    endloop
  endfacet
  facet normal 0 1 0
    outer loop
      vertex 34.4 81.7 45.5
      vertex 30.1087 81.7 43.4592
      vertex 30.0392 81.7 43.6
    endloop
  endfacet
  facet normal 0 1 0
    outer loop
      vertex 34.4 81.7 45.5
      vertex 30.1591 81.7 43.3106
      vertex 30.1087 81.7 43.4592
    endloop
  endfacet
  facet normal 0 1 0
    outer loop
      vertex 34.4 81.7 45.5
      vertex 30.1897 81.7 43.1566
      vertex 30.1591 81.7 43.3106
    endloop
  endfacet
  facet normal 0 1 0
    outer loop
      vertex 34.4 81.7 45.5
      vertex 30.2 81.7 43
      vertex 30.1897 81.7 43.1566
    endloop
  endfacet
  facet normal 0 1 -0
    outer loop
      vertex 34.025 81.7 39.98
      vertex 30.2 81.7 43
      vertex 34.4 81.7 45.5
    endloop
  endfacet
  facet normal 0 1 0
    outer loop
      vertex 30.2 81.7 43
      vertex 34.025 81.7 39.98
      vertex 30.1897 81.7 42.8434
    endloop
  endfacet
  facet normal 0 1 0
    outer loop
      vertex 30.1897 81.7 42.8434
      vertex 34.025 81.7 39.98
      vertex 30.1591 81.7 42.6894
    endloop
  endfacet
  facet normal 0 1 0
    outer loop
      vertex 30.1591 81.7 42.6894
      vertex 34.025 81.7 39.98
      vertex 30.1087 81.7 42.5408
    endloop
  endfacet
  facet normal 0 1 0
    outer loop
      vertex 30.1087 81.7 42.5408
      vertex 34.025 81.7 39.98
      vertex 30.0392 81.7 42.4
    endloop
  endfacet
  facet normal 0 1 0
    outer loop
      vertex 30.0392 81.7 42.4
      vertex 34.025 81.7 39.98
      vertex 29.952 81.7 42.2695
    endloop
  endfacet
  facet normal 0 1 0
    outer loop
      vertex 29.952 81.7 42.2695
      vertex 34.025 81.7 39.98
      vertex 29.8485 81.7 42.1515
    endloop
  endfacet
  facet normal 0 1 0
    outer loop
      vertex 29.3106 81.7 41.8409
      vertex 34.025 81.7 36.2
      vertex 29.1566 81.7 41.8103
    endloop
  endfacet
  facet normal 0 1 -0
    outer loop
      vertex 34.025 81.7 36.2
      vertex 29.3106 81.7 41.8409
      vertex 34.025 81.7 39.98
    endloop
  endfacet
  facet normal 0 1 0
    outer loop
      vertex 29.4592 81.7 41.8913
      vertex 34.025 81.7 39.98
      vertex 29.3106 81.7 41.8409
    endloop
  endfacet
  facet normal 0 1 0
    outer loop
      vertex 29.6 81.7 41.9608
      vertex 34.025 81.7 39.98
      vertex 29.4592 81.7 41.8913
    endloop
  endfacet
  facet normal 0 1 0
    outer loop
      vertex 29.7305 81.7 42.048
      vertex 34.025 81.7 39.98
      vertex 29.6 81.7 41.9608
    endloop
  endfacet
  facet normal 0 1 0
    outer loop
      vertex 29.8485 81.7 42.1515
      vertex 34.025 81.7 39.98
      vertex 29.7305 81.7 42.048
    endloop
  endfacet
  facet normal 0 1 0
    outer loop
      vertex 34.025 81.7 39.98
      vertex 34.4 81.7 45.5
      vertex 34.4 81.7 39.98
    endloop
  endfacet
  facet normal 0 1 0
    outer loop
      vertex 34.4 81.7 45.5
      vertex 28.8434 81.7 44.1897
      vertex 11.75 81.7 45.5
    endloop
  endfacet
  facet normal 0 1 -0
    outer loop
      vertex 16.3434 81.7 44.1897
      vertex 11.75 81.7 45.5
      vertex 16.5 81.7 44.2
    endloop
  endfacet
  facet normal 0 1 -0
    outer loop
      vertex 16.1894 81.7 44.1591
      vertex 11.75 81.7 45.5
      vertex 16.3434 81.7 44.1897
    endloop
  endfacet
  facet normal 0 1 -0
    outer loop
      vertex 16.0408 81.7 44.1087
      vertex 11.75 81.7 45.5
      vertex 16.1894 81.7 44.1591
    endloop
  endfacet
  facet normal 0 1 -0
    outer loop
      vertex 15.9 81.7 44.0392
      vertex 11.75 81.7 45.5
      vertex 16.0408 81.7 44.1087
    endloop
  endfacet
  facet normal 0 1 -0
    outer loop
      vertex 15.7695 81.7 43.952
      vertex 11.75 81.7 45.5
      vertex 15.9 81.7 44.0392
    endloop
  endfacet
  facet normal 0 1 -0
    outer loop
      vertex 15.6515 81.7 43.8485
      vertex 11.75 81.7 45.5
      vertex 15.7695 81.7 43.952
    endloop
  endfacet
  facet normal 0 1 -0
    outer loop
      vertex 15.548 81.7 43.7305
      vertex 11.75 81.7 45.5
      vertex 15.6515 81.7 43.8485
    endloop
  endfacet
  facet normal 0 1 -0
    outer loop
      vertex 15.4608 81.7 43.6
      vertex 11.75 81.7 45.5
      vertex 15.548 81.7 43.7305
    endloop
  endfacet
  facet normal 0 1 -0
    outer loop
      vertex 15.3913 81.7 43.4592
      vertex 11.75 81.7 45.5
      vertex 15.4608 81.7 43.6
    endloop
  endfacet
  facet normal 0 1 -0
    outer loop
      vertex 15.3409 81.7 43.3106
      vertex 11.75 81.7 45.5
      vertex 15.3913 81.7 43.4592
    endloop
  endfacet
  facet normal 0 1 -0
    outer loop
      vertex 15.3103 81.7 43.1566
      vertex 11.75 81.7 45.5
      vertex 15.3409 81.7 43.3106
    endloop
  endfacet
  facet normal 0 1 -0
    outer loop
      vertex 15.3 81.7 43
      vertex 11.75 81.7 45.5
      vertex 15.3103 81.7 43.1566
    endloop
  endfacet
  facet normal 0 1 0
    outer loop
      vertex 12.65 81.7 39.98
      vertex 15.3 81.7 43
      vertex 15.3103 81.7 42.8434
    endloop
  endfacet
  facet normal 0 1 0
    outer loop
      vertex 12.65 81.7 39.98
      vertex 15.3103 81.7 42.8434
      vertex 15.3409 81.7 42.6894
    endloop
  endfacet
  facet normal 0 1 0
    outer loop
      vertex 12.65 81.7 39.98
      vertex 15.3409 81.7 42.6894
      vertex 15.3913 81.7 42.5408
    endloop
  endfacet
  facet normal 0 1 0
    outer loop
      vertex 12.65 81.7 39.98
      vertex 15.3913 81.7 42.5408
      vertex 15.4608 81.7 42.4
    endloop
  endfacet
  facet normal 0 1 0
    outer loop
      vertex 12.65 81.7 39.98
      vertex 15.4608 81.7 42.4
      vertex 15.548 81.7 42.2695
    endloop
  endfacet
  facet normal 0 1 0
    outer loop
      vertex 12.65 81.7 39.98
      vertex 15.548 81.7 42.2695
      vertex 15.6515 81.7 42.1515
    endloop
  endfacet
  facet normal 0 1 0
    outer loop
      vertex 12.65 81.7 39.98
      vertex 15.6515 81.7 42.1515
      vertex 15.7695 81.7 42.048
    endloop
  endfacet
  facet normal 0 1 0
    outer loop
      vertex 28.8434 81.7 41.8103
      vertex 34.025 81.7 36.2
      vertex 28.6894 81.7 41.8409
    endloop
  endfacet
  facet normal 0 1 0
    outer loop
      vertex 16.6566 81.7 41.8103
      vertex 12.65 81.7 39.98
      vertex 16.5 81.7 41.8
    endloop
  endfacet
  facet normal 0 1 0
    outer loop
      vertex 16.5 81.7 41.8
      vertex 12.65 81.7 39.98
      vertex 16.3434 81.7 41.8103
    endloop
  endfacet
  facet normal 0 1 0
    outer loop
      vertex 12.65 81.7 39.98
      vertex 16.1894 81.7 41.8409
      vertex 16.3434 81.7 41.8103
    endloop
  endfacet
  facet normal 0 1 0
    outer loop
      vertex 12.65 81.7 39.98
      vertex 16.0408 81.7 41.8913
      vertex 16.1894 81.7 41.8409
    endloop
  endfacet
  facet normal 0 1 0
    outer loop
      vertex 12.65 81.7 39.98
      vertex 15.9 81.7 41.9608
      vertex 16.0408 81.7 41.8913
    endloop
  endfacet
  facet normal 0 1 0
    outer loop
      vertex 12.65 81.7 39.98
      vertex 15.7695 81.7 42.048
      vertex 15.9 81.7 41.9608
    endloop
  endfacet
  facet normal 0 1 0
    outer loop
      vertex 15.3 81.7 43
      vertex 12.65 81.7 39.98
      vertex 11.75 81.7 45.5
    endloop
  endfacet
  facet normal 0 1 0
    outer loop
      vertex 11.75 81.7 45.5
      vertex 12.65 81.7 39.98
      vertex 11.75 81.7 39.98
    endloop
  endfacet
  facet normal 0 -1 0
    outer loop
      vertex 34.4 81.7 22
      vertex 35 81.7 25.5
      vertex 34.4 81.7 25.5
    endloop
  endfacet
  facet normal 0 -1 -0
    outer loop
      vertex 35 81.7 25.5
      vertex 34.4 81.7 22
      vertex 35 81.7 22
    endloop
  endfacet
  facet normal 0 -1 0
    outer loop
      vertex 34.4 81.7 36.2
      vertex 35 81.7 39.98
      vertex 34.4 81.7 39.98
    endloop
  endfacet
  facet normal 0 -1 -0
    outer loop
      vertex 35 81.7 39.98
      vertex 34.4 81.7 36.2
      vertex 35 81.7 36.2
    endloop
  endfacet
  facet normal 0 1 -0
    outer loop
      vertex 35 83.45 22
      vertex 34.025 83.45 25.5
      vertex 35 83.45 25.5
    endloop
  endfacet
  facet normal 0 1 0
    outer loop
      vertex 34.025 83.45 25.5
      vertex 35 83.45 22
      vertex 34.025 83.45 22
    endloop
  endfacet
  facet normal -1 0 0
    outer loop
      vertex 34.025 81.7 36.2
      vertex 34.025 83.45 39.98
      vertex 34.025 83.45 36.2
    endloop
  endfacet
  facet normal -1 -0 0
    outer loop
      vertex 34.025 83.45 39.98
      vertex 34.025 81.7 36.2
      vertex 34.025 81.7 39.98
    endloop
  endfacet
  facet normal 0 0 1
    outer loop
      vertex 35 83.45 39.98
      vertex 34.4 81.7 39.98
      vertex 35 81.7 39.98
    endloop
  endfacet
  facet normal -0 0 1
    outer loop
      vertex 34.025 83.45 39.98
      vertex 34.4 81.7 39.98
      vertex 35 83.45 39.98
    endloop
  endfacet
  facet normal 0 0 1
    outer loop
      vertex 34.4 81.7 39.98
      vertex 34.025 83.45 39.98
      vertex 34.025 81.7 39.98
    endloop
  endfacet
  facet normal 1 -0 0
    outer loop
      vertex 35 81.7 39.98
      vertex 35 83.45 36.2
      vertex 35 83.45 39.98
    endloop
  endfacet
  facet normal 1 0 0
    outer loop
      vertex 35 83.45 36.2
      vertex 35 81.7 39.98
      vertex 35 81.7 36.2
    endloop
  endfacet
  facet normal 0 0 -1
    outer loop
      vertex 34.4 81.7 36.2
      vertex 35 83.45 36.2
      vertex 35 81.7 36.2
    endloop
  endfacet
  facet normal 0 0 -1
    outer loop
      vertex 34.025 83.45 36.2
      vertex 34.4 81.7 36.2
      vertex 34.025 81.7 36.2
    endloop
  endfacet
  facet normal 0 0 -1
    outer loop
      vertex 34.4 81.7 36.2
      vertex 34.025 83.45 36.2
      vertex 35 83.45 36.2
    endloop
  endfacet
  facet normal 0 1 -0
    outer loop
      vertex 35 83.45 36.2
      vertex 34.025 83.45 39.98
      vertex 35 83.45 39.98
    endloop
  endfacet
  facet normal 0 1 0
    outer loop
      vertex 34.025 83.45 39.98
      vertex 35 83.45 36.2
      vertex 34.025 83.45 36.2
    endloop
  endfacet
  facet normal 0.831466 0.555575 0
    outer loop
      vertex -0.584936 82.25 30.6
      vertex -0.766616 82.5219 29.6
      vertex -0.766616 82.5219 30.6
    endloop
  endfacet
  facet normal 0.831466 0.555575 0
    outer loop
      vertex -0.766616 82.5219 29.6
      vertex -0.584936 82.25 30.6
      vertex -0.584936 82.25 29.6
    endloop
  endfacet
  facet normal 0.442204 0.896915 -0
    outer loop
      vertex -1.5 83.1651 29.6
      vertex -1.79329 83.3097 30.6
      vertex -1.5 83.1651 30.6
    endloop
  endfacet
  facet normal 0.442204 0.896915 0
    outer loop
      vertex -1.79329 83.3097 30.6
      vertex -1.5 83.1651 29.6
      vertex -1.79329 83.3097 29.6
    endloop
  endfacet
  facet normal -0.321397 0.946944 0
    outer loop
      vertex -3.39705 83.4148 29.6
      vertex -3.70671 83.3097 30.6
      vertex -3.39705 83.4148 30.6
    endloop
  endfacet
  facet normal -0.321397 0.946944 0
    outer loop
      vertex -3.70671 83.3097 30.6
      vertex -3.39705 83.4148 29.6
      vertex -3.70671 83.3097 29.6
    endloop
  endfacet
  facet normal -0.896868 0.442299 0
    outer loop
      vertex -5.03835 82 29.6
      vertex -4.91506 82.25 30.6
      vertex -4.91506 82.25 29.6
    endloop
  endfacet
  facet normal -0.896868 0.442299 0
    outer loop
      vertex -4.91506 82.25 30.6
      vertex -5.03835 82 29.6
      vertex -5.03835 82 30.6
    endloop
  endfacet
  facet normal 0.751889 0.65929 0
    outer loop
      vertex -0.766616 82.5219 30.6
      vertex -0.982232 82.7678 29.6
      vertex -0.982232 82.7678 30.6
    endloop
  endfacet
  facet normal 0.751889 0.65929 0
    outer loop
      vertex -0.982232 82.7678 29.6
      vertex -0.766616 82.5219 30.6
      vertex -0.766616 82.5219 29.6
    endloop
  endfacet
  facet normal 0.0654392 0.997857 -0
    outer loop
      vertex -2.42368 83.4786 29.6
      vertex -2.75 83.5 30.6
      vertex -2.42368 83.4786 30.6
    endloop
  endfacet
  facet normal 0.0654392 0.997857 0
    outer loop
      vertex -2.75 83.5 30.6
      vertex -2.42368 83.4786 29.6
      vertex -2.75 83.5 29.6
    endloop
  endfacet
  facet normal 0.65931 0.751871 -0
    outer loop
      vertex -0.982232 82.7678 29.6
      vertex -1.2281 82.9834 30.6
      vertex -0.982232 82.7678 30.6
    endloop
  endfacet
  facet normal 0.65931 0.751871 0
    outer loop
      vertex -1.2281 82.9834 30.6
      vertex -0.982232 82.7678 29.6
      vertex -1.2281 82.9834 29.6
    endloop
  endfacet
  facet normal -0.751898 0.659279 0
    outer loop
      vertex -4.73338 82.5219 29.6
      vertex -4.51777 82.7678 30.6
      vertex -4.51777 82.7678 29.6
    endloop
  endfacet
  facet normal -0.751898 0.659279 0
    outer loop
      vertex -4.51777 82.7678 30.6
      vertex -4.73338 82.5219 29.6
      vertex -4.73338 82.5219 30.6
    endloop
  endfacet
  facet normal -0.442204 0.896915 0
    outer loop
      vertex -3.70671 83.3097 29.6
      vertex -4 83.1651 30.6
      vertex -3.70671 83.3097 30.6
    endloop
  endfacet
  facet normal -0.442204 0.896915 0
    outer loop
      vertex -4 83.1651 30.6
      vertex -3.70671 83.3097 29.6
      vertex -4 83.1651 29.6
    endloop
  endfacet
  facet normal -0.0654412 0.997856 0
    outer loop
      vertex -2.75 83.5 29.6
      vertex -3.07631 83.4786 30.6
      vertex -2.75 83.5 30.6
    endloop
  endfacet
  facet normal -0.0654412 0.997856 0
    outer loop
      vertex -3.07631 83.4786 30.6
      vertex -2.75 83.5 29.6
      vertex -3.07631 83.4786 29.6
    endloop
  endfacet
  facet normal 0.555617 -0.831438 0
    outer loop
      vertex -1.5 78.8349 29.6
      vertex -1.2281 79.0166 30.6
      vertex -1.5 78.8349 30.6
    endloop
  endfacet
  facet normal 0.555617 -0.831438 0
    outer loop
      vertex -1.2281 79.0166 30.6
      vertex -1.5 78.8349 29.6
      vertex -1.2281 79.0166 29.6
    endloop
  endfacet
  facet normal -0.659307 -0.751873 0
    outer loop
      vertex -4.51777 79.2322 29.6
      vertex -4.2719 79.0166 30.6
      vertex -4.51777 79.2322 30.6
    endloop
  endfacet
  facet normal -0.659307 -0.751873 -0
    outer loop
      vertex -4.2719 79.0166 30.6
      vertex -4.51777 79.2322 29.6
      vertex -4.2719 79.0166 29.6
    endloop
  endfacet
  facet normal -0.896868 -0.442299 0
    outer loop
      vertex -4.91506 79.75 29.6
      vertex -5.03835 80 30.6
      vertex -5.03835 80 29.6
    endloop
  endfacet
  facet normal -0.896868 -0.442299 0
    outer loop
      vertex -5.03835 80 30.6
      vertex -4.91506 79.75 29.6
      vertex -4.91506 79.75 30.6
    endloop
  endfacet
  facet normal 0.321397 0.946944 -0
    outer loop
      vertex -1.79329 83.3097 29.6
      vertex -2.10295 83.4148 30.6
      vertex -1.79329 83.3097 30.6
    endloop
  endfacet
  facet normal 0.321397 0.946944 0
    outer loop
      vertex -2.10295 83.4148 30.6
      vertex -1.79329 83.3097 29.6
      vertex -2.10295 83.4148 29.6
    endloop
  endfacet
  facet normal 0.195099 0.980784 -0
    outer loop
      vertex -2.10295 83.4148 29.6
      vertex -2.42368 83.4786 30.6
      vertex -2.10295 83.4148 30.6
    endloop
  endfacet
  facet normal 0.195099 0.980784 0
    outer loop
      vertex -2.42368 83.4786 30.6
      vertex -2.10295 83.4148 29.6
      vertex -2.42368 83.4786 29.6
    endloop
  endfacet
  facet normal 0.555617 0.831438 -0
    outer loop
      vertex -1.2281 82.9834 29.6
      vertex -1.5 83.1651 30.6
      vertex -1.2281 82.9834 30.6
    endloop
  endfacet
  facet normal 0.555617 0.831438 0
    outer loop
      vertex -1.5 83.1651 30.6
      vertex -1.2281 82.9834 29.6
      vertex -1.5 83.1651 29.6
    endloop
  endfacet
  facet normal -0 0 1
    outer loop
      vertex -0.46165 82 30.6
      vertex 11.75 80.4 30.6
      vertex 11.75 82 30.6
    endloop
  endfacet
  facet normal 0 0 1
    outer loop
      vertex 11.75 80.4 30.6
      vertex -0.46165 80 30.6
      vertex 11.75 80 30.6
    endloop
  endfacet
  facet normal 0 0 1
    outer loop
      vertex 11.75 80.4 30.6
      vertex -0.46165 82 30.6
      vertex -0.46165 80 30.6
    endloop
  endfacet
  facet normal 0 0 1
    outer loop
      vertex -1.71077 81.6 30.6
      vertex -0.46165 82 30.6
      vertex -0.584936 82.25 30.6
    endloop
  endfacet
  facet normal 0 0 1
    outer loop
      vertex -0.46165 82 30.6
      vertex -1.55 81 30.6
      vertex -0.46165 80 30.6
    endloop
  endfacet
  facet normal 0 0 1
    outer loop
      vertex -1.71077 81.6 30.6
      vertex -0.584936 82.25 30.6
      vertex -0.766616 82.5219 30.6
    endloop
  endfacet
  facet normal -0 0 1
    outer loop
      vertex -1.56027 80.8434 30.6
      vertex -0.46165 80 30.6
      vertex -1.55 81 30.6
    endloop
  endfacet
  facet normal 0 0 1
    outer loop
      vertex -1.79798 81.7305 30.6
      vertex -0.766616 82.5219 30.6
      vertex -0.982232 82.7678 30.6
    endloop
  endfacet
  facet normal -0 0 1
    outer loop
      vertex -1.59089 80.6894 30.6
      vertex -0.46165 80 30.6
      vertex -1.56027 80.8434 30.6
    endloop
  endfacet
  facet normal 0 0 1
    outer loop
      vertex -1.90147 81.8485 30.6
      vertex -0.982232 82.7678 30.6
      vertex -1.2281 82.9834 30.6
    endloop
  endfacet
  facet normal -0 0 1
    outer loop
      vertex -1.64134 80.5408 30.6
      vertex -0.46165 80 30.6
      vertex -1.59089 80.6894 30.6
    endloop
  endfacet
  facet normal 0 0 1
    outer loop
      vertex -2.01949 81.952 30.6
      vertex -1.2281 82.9834 30.6
      vertex -1.5 83.1651 30.6
    endloop
  endfacet
  facet normal -0 0 1
    outer loop
      vertex -1.71077 80.4 30.6
      vertex -0.46165 80 30.6
      vertex -1.64134 80.5408 30.6
    endloop
  endfacet
  facet normal 0 0 1
    outer loop
      vertex -0.46165 80 30.6
      vertex -1.71077 80.4 30.6
      vertex -0.584936 79.75 30.6
    endloop
  endfacet
  facet normal 0 0 1
    outer loop
      vertex -0.46165 82 30.6
      vertex -1.56027 81.1566 30.6
      vertex -1.55 81 30.6
    endloop
  endfacet
  facet normal 0 0 1
    outer loop
      vertex -0.46165 82 30.6
      vertex -1.59089 81.3106 30.6
      vertex -1.56027 81.1566 30.6
    endloop
  endfacet
  facet normal 0 0 1
    outer loop
      vertex -0.46165 82 30.6
      vertex -1.64134 81.4592 30.6
      vertex -1.59089 81.3106 30.6
    endloop
  endfacet
  facet normal 0 0 1
    outer loop
      vertex -0.46165 82 30.6
      vertex -1.71077 81.6 30.6
      vertex -1.64134 81.4592 30.6
    endloop
  endfacet
  facet normal 0 0 1
    outer loop
      vertex -2.15 82.0392 30.6
      vertex -1.5 83.1651 30.6
      vertex -1.79329 83.3097 30.6
    endloop
  endfacet
  facet normal 0 0 1
    outer loop
      vertex -0.766616 82.5219 30.6
      vertex -1.79798 81.7305 30.6
      vertex -1.71077 81.6 30.6
    endloop
  endfacet
  facet normal 0 0 1
    outer loop
      vertex -0.982232 82.7678 30.6
      vertex -1.90147 81.8485 30.6
      vertex -1.79798 81.7305 30.6
    endloop
  endfacet
  facet normal 0 0 1
    outer loop
      vertex -1.2281 82.9834 30.6
      vertex -2.01949 81.952 30.6
      vertex -1.90147 81.8485 30.6
    endloop
  endfacet
  facet normal 0 0 1
    outer loop
      vertex -2.29078 82.1087 30.6
      vertex -1.79329 83.3097 30.6
      vertex -2.10295 83.4148 30.6
    endloop
  endfacet
  facet normal 0 0 1
    outer loop
      vertex -1.5 83.1651 30.6
      vertex -2.15 82.0392 30.6
      vertex -2.01949 81.952 30.6
    endloop
  endfacet
  facet normal 0 0 1
    outer loop
      vertex -1.79329 83.3097 30.6
      vertex -2.29078 82.1087 30.6
      vertex -2.15 82.0392 30.6
    endloop
  endfacet
  facet normal 0 0 1
    outer loop
      vertex -2.43942 82.1591 30.6
      vertex -2.10295 83.4148 30.6
      vertex -2.42368 83.4786 30.6
    endloop
  endfacet
  facet normal 0 0 1
    outer loop
      vertex -2.10295 83.4148 30.6
      vertex -2.43942 82.1591 30.6
      vertex -2.29078 82.1087 30.6
    endloop
  endfacet
  facet normal 0 0 1
    outer loop
      vertex -2.42368 83.4786 30.6
      vertex -2.59337 82.1897 30.6
      vertex -2.43942 82.1591 30.6
    endloop
  endfacet
  facet normal 0 0 1
    outer loop
      vertex -2.75 83.5 30.6
      vertex -2.59337 82.1897 30.6
      vertex -2.42368 83.4786 30.6
    endloop
  endfacet
  facet normal 0 0 1
    outer loop
      vertex -2.75 83.5 30.6
      vertex -2.75 82.2 30.6
      vertex -2.59337 82.1897 30.6
    endloop
  endfacet
  facet normal 0 0 1
    outer loop
      vertex -2.75 83.5 30.6
      vertex -2.90663 82.1897 30.6
      vertex -2.75 82.2 30.6
    endloop
  endfacet
  facet normal -0 0 1
    outer loop
      vertex -3.07631 83.4786 30.6
      vertex -2.90663 82.1897 30.6
      vertex -2.75 83.5 30.6
    endloop
  endfacet
  facet normal 0 0 1
    outer loop
      vertex -2.90663 82.1897 30.6
      vertex -3.07631 83.4786 30.6
      vertex -3.06058 82.1591 30.6
    endloop
  endfacet
  facet normal -0 0 1
    outer loop
      vertex -3.39705 83.4148 30.6
      vertex -3.06058 82.1591 30.6
      vertex -3.07631 83.4786 30.6
    endloop
  endfacet
  facet normal 0 0 1
    outer loop
      vertex -3.06058 82.1591 30.6
      vertex -3.39705 83.4148 30.6
      vertex -3.20922 82.1087 30.6
    endloop
  endfacet
  facet normal -0 0 1
    outer loop
      vertex -3.70671 83.3097 30.6
      vertex -3.20922 82.1087 30.6
      vertex -3.39705 83.4148 30.6
    endloop
  endfacet
  facet normal 0 0 1
    outer loop
      vertex -3.20922 82.1087 30.6
      vertex -3.70671 83.3097 30.6
      vertex -3.35 82.0392 30.6
    endloop
  endfacet
  facet normal -0 0 1
    outer loop
      vertex -4 83.1651 30.6
      vertex -3.35 82.0392 30.6
      vertex -3.70671 83.3097 30.6
    endloop
  endfacet
  facet normal 0 0 1
    outer loop
      vertex -3.35 82.0392 30.6
      vertex -4 83.1651 30.6
      vertex -3.48051 81.952 30.6
    endloop
  endfacet
  facet normal -0 0 1
    outer loop
      vertex -4.2719 82.9834 30.6
      vertex -3.48051 81.952 30.6
      vertex -4 83.1651 30.6
    endloop
  endfacet
  facet normal 0 0 1
    outer loop
      vertex -3.48051 81.952 30.6
      vertex -4.2719 82.9834 30.6
      vertex -3.59853 81.8485 30.6
    endloop
  endfacet
  facet normal -0 0 1
    outer loop
      vertex -4.51777 82.7678 30.6
      vertex -3.59853 81.8485 30.6
      vertex -4.2719 82.9834 30.6
    endloop
  endfacet
  facet normal 0 0 1
    outer loop
      vertex -3.59853 81.8485 30.6
      vertex -4.51777 82.7678 30.6
      vertex -3.70202 81.7305 30.6
    endloop
  endfacet
  facet normal -0 0 1
    outer loop
      vertex -4.73338 82.5219 30.6
      vertex -3.70202 81.7305 30.6
      vertex -4.51777 82.7678 30.6
    endloop
  endfacet
  facet normal -0 0 1
    outer loop
      vertex -4.91506 82.25 30.6
      vertex -3.78923 81.6 30.6
      vertex -4.73338 82.5219 30.6
    endloop
  endfacet
  facet normal 0 0 1
    outer loop
      vertex -3.70202 81.7305 30.6
      vertex -4.73338 82.5219 30.6
      vertex -3.78923 81.6 30.6
    endloop
  endfacet
  facet normal 0 0 1
    outer loop
      vertex -0.584936 79.75 30.6
      vertex -1.71077 80.4 30.6
      vertex -0.766616 79.4781 30.6
    endloop
  endfacet
  facet normal -0 0 1
    outer loop
      vertex -1.79798 80.2695 30.6
      vertex -0.766616 79.4781 30.6
      vertex -1.71077 80.4 30.6
    endloop
  endfacet
  facet normal 0 0 1
    outer loop
      vertex -0.766616 79.4781 30.6
      vertex -1.79798 80.2695 30.6
      vertex -0.982232 79.2322 30.6
    endloop
  endfacet
  facet normal -0 0 1
    outer loop
      vertex -1.90147 80.1515 30.6
      vertex -0.982232 79.2322 30.6
      vertex -1.79798 80.2695 30.6
    endloop
  endfacet
  facet normal 0 0 1
    outer loop
      vertex -0.982232 79.2322 30.6
      vertex -1.90147 80.1515 30.6
      vertex -1.2281 79.0166 30.6
    endloop
  endfacet
  facet normal -0 0 1
    outer loop
      vertex -2.01949 80.048 30.6
      vertex -1.2281 79.0166 30.6
      vertex -1.90147 80.1515 30.6
    endloop
  endfacet
  facet normal 0 0 1
    outer loop
      vertex -1.2281 79.0166 30.6
      vertex -2.01949 80.048 30.6
      vertex -1.5 78.8349 30.6
    endloop
  endfacet
  facet normal -0 0 1
    outer loop
      vertex -2.15 79.9608 30.6
      vertex -1.5 78.8349 30.6
      vertex -2.01949 80.048 30.6
    endloop
  endfacet
  facet normal 0 0 1
    outer loop
      vertex -1.5 78.8349 30.6
      vertex -2.15 79.9608 30.6
      vertex -1.79329 78.6903 30.6
    endloop
  endfacet
  facet normal -0 0 1
    outer loop
      vertex -2.29078 79.8913 30.6
      vertex -1.79329 78.6903 30.6
      vertex -2.15 79.9608 30.6
    endloop
  endfacet
  facet normal 0 0 1
    outer loop
      vertex -1.79329 78.6903 30.6
      vertex -2.29078 79.8913 30.6
      vertex -2.10295 78.5852 30.6
    endloop
  endfacet
  facet normal -0 0 1
    outer loop
      vertex -2.43942 79.8409 30.6
      vertex -2.10295 78.5852 30.6
      vertex -2.29078 79.8913 30.6
    endloop
  endfacet
  facet normal 0 0 1
    outer loop
      vertex -2.10295 78.5852 30.6
      vertex -2.43942 79.8409 30.6
      vertex -2.42368 78.5214 30.6
    endloop
  endfacet
  facet normal -0 0 1
    outer loop
      vertex -2.59337 79.8103 30.6
      vertex -2.42368 78.5214 30.6
      vertex -2.43942 79.8409 30.6
    endloop
  endfacet
  facet normal -0 0 1
    outer loop
      vertex -2.75 79.8 30.6
      vertex -2.42368 78.5214 30.6
      vertex -2.59337 79.8103 30.6
    endloop
  endfacet
  facet normal 0 0 1
    outer loop
      vertex -2.75 79.8 30.6
      vertex -2.75 78.5 30.6
      vertex -2.42368 78.5214 30.6
    endloop
  endfacet
  facet normal 0 0 1
    outer loop
      vertex -2.90663 79.8103 30.6
      vertex -2.75 78.5 30.6
      vertex -2.75 79.8 30.6
    endloop
  endfacet
  facet normal 0 0 1
    outer loop
      vertex -3.07631 78.5214 30.6
      vertex -2.90663 79.8103 30.6
      vertex -3.06058 79.8409 30.6
    endloop
  endfacet
  facet normal 0 0 1
    outer loop
      vertex -2.90663 79.8103 30.6
      vertex -3.07631 78.5214 30.6
      vertex -2.75 78.5 30.6
    endloop
  endfacet
  facet normal 0 0 1
    outer loop
      vertex -3.39705 78.5852 30.6
      vertex -3.06058 79.8409 30.6
      vertex -3.20922 79.8913 30.6
    endloop
  endfacet
  facet normal 0 0 1
    outer loop
      vertex -3.70671 78.6903 30.6
      vertex -3.20922 79.8913 30.6
      vertex -3.35 79.9608 30.6
    endloop
  endfacet
  facet normal 0 0 1
    outer loop
      vertex -3.06058 79.8409 30.6
      vertex -3.39705 78.5852 30.6
      vertex -3.07631 78.5214 30.6
    endloop
  endfacet
  facet normal 0 0 1
    outer loop
      vertex -4 78.8349 30.6
      vertex -3.35 79.9608 30.6
      vertex -3.48051 80.048 30.6
    endloop
  endfacet
  facet normal 0 0 1
    outer loop
      vertex -4.2719 79.0166 30.6
      vertex -3.48051 80.048 30.6
      vertex -3.59853 80.1515 30.6
    endloop
  endfacet
  facet normal 0 0 1
    outer loop
      vertex -4.51777 79.2322 30.6
      vertex -3.59853 80.1515 30.6
      vertex -3.70202 80.2695 30.6
    endloop
  endfacet
  facet normal 0 0 1
    outer loop
      vertex -3.20922 79.8913 30.6
      vertex -3.70671 78.6903 30.6
      vertex -3.39705 78.5852 30.6
    endloop
  endfacet
  facet normal 0 0 1
    outer loop
      vertex -4.73338 79.4781 30.6
      vertex -3.70202 80.2695 30.6
      vertex -3.78923 80.4 30.6
    endloop
  endfacet
  facet normal 0 0 1
    outer loop
      vertex -5.03835 80 30.6
      vertex -3.78923 80.4 30.6
      vertex -3.85865 80.5408 30.6
    endloop
  endfacet
  facet normal 0 0 1
    outer loop
      vertex -5.03835 80 30.6
      vertex -3.85865 80.5408 30.6
      vertex -3.90911 80.6894 30.6
    endloop
  endfacet
  facet normal 0 0 1
    outer loop
      vertex -5.03835 80 30.6
      vertex -3.90911 80.6894 30.6
      vertex -3.93973 80.8434 30.6
    endloop
  endfacet
  facet normal 0 0 1
    outer loop
      vertex -3.35 79.9608 30.6
      vertex -4 78.8349 30.6
      vertex -3.70671 78.6903 30.6
    endloop
  endfacet
  facet normal 0 0 1
    outer loop
      vertex -5.03835 80 30.6
      vertex -3.93973 80.8434 30.6
      vertex -3.95 81 30.6
    endloop
  endfacet
  facet normal -0 0 1
    outer loop
      vertex -5.03835 82 30.6
      vertex -3.78923 81.6 30.6
      vertex -4.91506 82.25 30.6
    endloop
  endfacet
  facet normal 0 0 1
    outer loop
      vertex -3.78923 81.6 30.6
      vertex -5.03835 82 30.6
      vertex -3.85865 81.4592 30.6
    endloop
  endfacet
  facet normal 0 0 1
    outer loop
      vertex -3.48051 80.048 30.6
      vertex -4.2719 79.0166 30.6
      vertex -4 78.8349 30.6
    endloop
  endfacet
  facet normal 0 0 1
    outer loop
      vertex -3.85865 81.4592 30.6
      vertex -5.03835 82 30.6
      vertex -3.90911 81.3106 30.6
    endloop
  endfacet
  facet normal 0 0 1
    outer loop
      vertex -3.59853 80.1515 30.6
      vertex -4.51777 79.2322 30.6
      vertex -4.2719 79.0166 30.6
    endloop
  endfacet
  facet normal 0 0 1
    outer loop
      vertex -3.90911 81.3106 30.6
      vertex -5.03835 82 30.6
      vertex -3.93973 81.1566 30.6
    endloop
  endfacet
  facet normal 0 0 1
    outer loop
      vertex -3.70202 80.2695 30.6
      vertex -4.73338 79.4781 30.6
      vertex -4.51777 79.2322 30.6
    endloop
  endfacet
  facet normal 0 0 1
    outer loop
      vertex -3.93973 81.1566 30.6
      vertex -5.03835 82 30.6
      vertex -3.95 81 30.6
    endloop
  endfacet
  facet normal 0 0 1
    outer loop
      vertex -5.03835 80 30.6
      vertex -3.95 81 30.6
      vertex -5.03835 82 30.6
    endloop
  endfacet
  facet normal 0 0 1
    outer loop
      vertex -3.78923 80.4 30.6
      vertex -5.03835 80 30.6
      vertex -4.91506 79.75 30.6
    endloop
  endfacet
  facet normal 0 0 1
    outer loop
      vertex -3.78923 80.4 30.6
      vertex -4.91506 79.75 30.6
      vertex -4.73338 79.4781 30.6
    endloop
  endfacet
  facet normal -0 0 1
    outer loop
      vertex -5.25 82 30.6
      vertex -5.03835 80 30.6
      vertex -5.03835 82 30.6
    endloop
  endfacet
  facet normal 0 0 1
    outer loop
      vertex -5.03835 80 30.6
      vertex -5.25 82 30.6
      vertex -5.25 80 30.6
    endloop
  endfacet
  facet normal -0.831466 0.555575 0
    outer loop
      vertex -4.91506 82.25 29.6
      vertex -4.73338 82.5219 30.6
      vertex -4.73338 82.5219 29.6
    endloop
  endfacet
  facet normal -0.831466 0.555575 0
    outer loop
      vertex -4.73338 82.5219 30.6
      vertex -4.91506 82.25 29.6
      vertex -4.91506 82.25 30.6
    endloop
  endfacet
  facet normal -0.195093 0.980785 0
    outer loop
      vertex -3.07631 83.4786 29.6
      vertex -3.39705 83.4148 30.6
      vertex -3.07631 83.4786 30.6
    endloop
  endfacet
  facet normal -0.195093 0.980785 0
    outer loop
      vertex -3.39705 83.4148 30.6
      vertex -3.07631 83.4786 29.6
      vertex -3.39705 83.4148 29.6
    endloop
  endfacet
  facet normal -0.555617 0.831438 0
    outer loop
      vertex -4 83.1651 29.6
      vertex -4.2719 82.9834 30.6
      vertex -4 83.1651 30.6
    endloop
  endfacet
  facet normal -0.555617 0.831438 0
    outer loop
      vertex -4.2719 82.9834 30.6
      vertex -4 83.1651 29.6
      vertex -4.2719 82.9834 29.6
    endloop
  endfacet
  facet normal -0.659307 0.751873 0
    outer loop
      vertex -4.2719 82.9834 29.6
      vertex -4.51777 82.7678 30.6
      vertex -4.2719 82.9834 30.6
    endloop
  endfacet
  facet normal -0.659307 0.751873 0
    outer loop
      vertex -4.51777 82.7678 30.6
      vertex -4.2719 82.9834 29.6
      vertex -4.51777 82.7678 29.6
    endloop
  endfacet
  facet normal -0.751898 -0.659279 0
    outer loop
      vertex -4.51777 79.2322 29.6
      vertex -4.73338 79.4781 30.6
      vertex -4.73338 79.4781 29.6
    endloop
  endfacet
  facet normal -0.751898 -0.659279 0
    outer loop
      vertex -4.73338 79.4781 30.6
      vertex -4.51777 79.2322 29.6
      vertex -4.51777 79.2322 30.6
    endloop
  endfacet
  facet normal 0.195099 -0.980784 0
    outer loop
      vertex -2.42368 78.5214 29.6
      vertex -2.10295 78.5852 30.6
      vertex -2.42368 78.5214 30.6
    endloop
  endfacet
  facet normal 0.195099 -0.980784 0
    outer loop
      vertex -2.10295 78.5852 30.6
      vertex -2.42368 78.5214 29.6
      vertex -2.10295 78.5852 29.6
    endloop
  endfacet
  facet normal 0.442204 -0.896915 0
    outer loop
      vertex -1.79329 78.6903 29.6
      vertex -1.5 78.8349 30.6
      vertex -1.79329 78.6903 30.6
    endloop
  endfacet
  facet normal 0.442204 -0.896915 0
    outer loop
      vertex -1.5 78.8349 30.6
      vertex -1.79329 78.6903 29.6
      vertex -1.5 78.8349 29.6
    endloop
  endfacet
  facet normal 0.896873 0.442288 0
    outer loop
      vertex -0.46165 82 30.6
      vertex -0.584936 82.25 29.6
      vertex -0.584936 82.25 30.6
    endloop
  endfacet
  facet normal 0.896873 0.442288 0
    outer loop
      vertex -0.584936 82.25 29.6
      vertex -0.46165 82 30.6
      vertex -0.46165 82 29.6
    endloop
  endfacet
  facet normal 0.751889 -0.65929 0
    outer loop
      vertex -0.982232 79.2322 30.6
      vertex -0.766616 79.4781 29.6
      vertex -0.766616 79.4781 30.6
    endloop
  endfacet
  facet normal 0.751889 -0.65929 0
    outer loop
      vertex -0.766616 79.4781 29.6
      vertex -0.982232 79.2322 30.6
      vertex -0.982232 79.2322 29.6
    endloop
  endfacet
  facet normal 0.831466 -0.555575 0
    outer loop
      vertex -0.766616 79.4781 30.6
      vertex -0.584936 79.75 29.6
      vertex -0.584936 79.75 30.6
    endloop
  endfacet
  facet normal 0.831466 -0.555575 0
    outer loop
      vertex -0.584936 79.75 29.6
      vertex -0.766616 79.4781 30.6
      vertex -0.766616 79.4781 29.6
    endloop
  endfacet
  facet normal -0.195093 -0.980785 0
    outer loop
      vertex -3.39705 78.5852 29.6
      vertex -3.07631 78.5214 30.6
      vertex -3.39705 78.5852 30.6
    endloop
  endfacet
  facet normal -0.195093 -0.980785 -0
    outer loop
      vertex -3.07631 78.5214 30.6
      vertex -3.39705 78.5852 29.6
      vertex -3.07631 78.5214 29.6
    endloop
  endfacet
  facet normal -0.0654412 -0.997856 0
    outer loop
      vertex -3.07631 78.5214 29.6
      vertex -2.75 78.5 30.6
      vertex -3.07631 78.5214 30.6
    endloop
  endfacet
  facet normal -0.0654412 -0.997856 -0
    outer loop
      vertex -2.75 78.5 30.6
      vertex -3.07631 78.5214 29.6
      vertex -2.75 78.5 29.6
    endloop
  endfacet
  facet normal 0 0 -1
    outer loop
      vertex -0.46165 80 29.6
      vertex 11.75 80.4 29.6
      vertex 11.75 80 29.6
    endloop
  endfacet
  facet normal 0 0 -1
    outer loop
      vertex -0.46165 82 29.6
      vertex 11.75 80.4 29.6
      vertex -0.46165 80 29.6
    endloop
  endfacet
  facet normal 0 0 -1
    outer loop
      vertex 11.75 80.4 29.6
      vertex -0.46165 82 29.6
      vertex 11.75 82 29.6
    endloop
  endfacet
  facet normal 0 0 -1
    outer loop
      vertex -1.19115 80.1 29.6
      vertex -0.46165 80 29.6
      vertex -0.584936 79.75 29.6
    endloop
  endfacet
  facet normal 0 0 -1
    outer loop
      vertex -0.46165 80 29.6
      vertex -0.95 81 29.6
      vertex -0.46165 82 29.6
    endloop
  endfacet
  facet normal 0 0 -1
    outer loop
      vertex -1.19115 80.1 29.6
      vertex -0.584936 79.75 29.6
      vertex -0.766616 79.4781 29.6
    endloop
  endfacet
  facet normal 0 0 -1
    outer loop
      vertex -0.965399 81.2349 29.6
      vertex -0.46165 82 29.6
      vertex -0.95 81 29.6
    endloop
  endfacet
  facet normal 0 0 -1
    outer loop
      vertex -1.01133 81.4659 29.6
      vertex -0.46165 82 29.6
      vertex -0.965399 81.2349 29.6
    endloop
  endfacet
  facet normal 0 0 -1
    outer loop
      vertex -0.46165 80 29.6
      vertex -0.965399 80.7651 29.6
      vertex -0.95 81 29.6
    endloop
  endfacet
  facet normal 0 0 -1
    outer loop
      vertex -1.32196 79.9042 29.6
      vertex -0.766616 79.4781 29.6
      vertex -0.982232 79.2322 29.6
    endloop
  endfacet
  facet normal 0 0 -1
    outer loop
      vertex -0.46165 80 29.6
      vertex -1.01133 80.5341 29.6
      vertex -0.965399 80.7651 29.6
    endloop
  endfacet
  facet normal 0 0 -1
    outer loop
      vertex -0.46165 80 29.6
      vertex -1.08702 80.3112 29.6
      vertex -1.01133 80.5341 29.6
    endloop
  endfacet
  facet normal 0 0 -1
    outer loop
      vertex -0.46165 80 29.6
      vertex -1.19115 80.1 29.6
      vertex -1.08702 80.3112 29.6
    endloop
  endfacet
  facet normal 0 0 -1
    outer loop
      vertex -1.47721 79.7272 29.6
      vertex -0.982232 79.2322 29.6
      vertex -1.2281 79.0166 29.6
    endloop
  endfacet
  facet normal 0 0 -1
    outer loop
      vertex -0.766616 79.4781 29.6
      vertex -1.32196 79.9042 29.6
      vertex -1.19115 80.1 29.6
    endloop
  endfacet
  facet normal 0 0 -1
    outer loop
      vertex -0.982232 79.2322 29.6
      vertex -1.47721 79.7272 29.6
      vertex -1.32196 79.9042 29.6
    endloop
  endfacet
  facet normal 0 0 -1
    outer loop
      vertex -1.65423 79.572 29.6
      vertex -1.2281 79.0166 29.6
      vertex -1.5 78.8349 29.6
    endloop
  endfacet
  facet normal 0 0 -1
    outer loop
      vertex -1.2281 79.0166 29.6
      vertex -1.65423 79.572 29.6
      vertex -1.47721 79.7272 29.6
    endloop
  endfacet
  facet normal 0 0 -1
    outer loop
      vertex -1.85 79.4412 29.6
      vertex -1.5 78.8349 29.6
      vertex -1.79329 78.6903 29.6
    endloop
  endfacet
  facet normal 0 0 -1
    outer loop
      vertex -1.5 78.8349 29.6
      vertex -1.85 79.4412 29.6
      vertex -1.65423 79.572 29.6
    endloop
  endfacet
  facet normal 0 0 -1
    outer loop
      vertex -1.79329 78.6903 29.6
      vertex -2.06117 79.337 29.6
      vertex -1.85 79.4412 29.6
    endloop
  endfacet
  facet normal 0 0 -1
    outer loop
      vertex -2.10295 78.5852 29.6
      vertex -2.06117 79.337 29.6
      vertex -1.79329 78.6903 29.6
    endloop
  endfacet
  facet normal 0 0 -1
    outer loop
      vertex -2.10295 78.5852 29.6
      vertex -2.28413 79.2613 29.6
      vertex -2.06117 79.337 29.6
    endloop
  endfacet
  facet normal 0 0 -1
    outer loop
      vertex -2.42368 78.5214 29.6
      vertex -2.28413 79.2613 29.6
      vertex -2.10295 78.5852 29.6
    endloop
  endfacet
  facet normal 0 0 -1
    outer loop
      vertex -2.42368 78.5214 29.6
      vertex -2.51505 79.2154 29.6
      vertex -2.28413 79.2613 29.6
    endloop
  endfacet
  facet normal 0 0 -1
    outer loop
      vertex -2.75 78.5 29.6
      vertex -2.51505 79.2154 29.6
      vertex -2.42368 78.5214 29.6
    endloop
  endfacet
  facet normal 0 0 -1
    outer loop
      vertex -2.75 78.5 29.6
      vertex -2.75 79.2 29.6
      vertex -2.51505 79.2154 29.6
    endloop
  endfacet
  facet normal 0 0 -1
    outer loop
      vertex -2.75 78.5 29.6
      vertex -2.98495 79.2154 29.6
      vertex -2.75 79.2 29.6
    endloop
  endfacet
  facet normal 0 0 -1
    outer loop
      vertex -3.07631 78.5214 29.6
      vertex -2.98495 79.2154 29.6
      vertex -2.75 78.5 29.6
    endloop
  endfacet
  facet normal 0 0 -1
    outer loop
      vertex -3.07631 78.5214 29.6
      vertex -3.21587 79.2613 29.6
      vertex -2.98495 79.2154 29.6
    endloop
  endfacet
  facet normal 0 0 -1
    outer loop
      vertex -3.39705 78.5852 29.6
      vertex -3.21587 79.2613 29.6
      vertex -3.07631 78.5214 29.6
    endloop
  endfacet
  facet normal 0 0 -1
    outer loop
      vertex -3.39705 78.5852 29.6
      vertex -3.43883 79.337 29.6
      vertex -3.21587 79.2613 29.6
    endloop
  endfacet
  facet normal 0 0 -1
    outer loop
      vertex -3.70671 78.6903 29.6
      vertex -3.43883 79.337 29.6
      vertex -3.39705 78.5852 29.6
    endloop
  endfacet
  facet normal -0 0 -1
    outer loop
      vertex -3.43883 79.337 29.6
      vertex -3.70671 78.6903 29.6
      vertex -3.65 79.4412 29.6
    endloop
  endfacet
  facet normal 0 0 -1
    outer loop
      vertex -4 78.8349 29.6
      vertex -3.65 79.4412 29.6
      vertex -3.70671 78.6903 29.6
    endloop
  endfacet
  facet normal -0 0 -1
    outer loop
      vertex -3.65 79.4412 29.6
      vertex -4 78.8349 29.6
      vertex -3.84577 79.572 29.6
    endloop
  endfacet
  facet normal 0 0 -1
    outer loop
      vertex -4.2719 79.0166 29.6
      vertex -3.84577 79.572 29.6
      vertex -4 78.8349 29.6
    endloop
  endfacet
  facet normal -0 0 -1
    outer loop
      vertex -3.84577 79.572 29.6
      vertex -4.2719 79.0166 29.6
      vertex -4.02279 79.7272 29.6
    endloop
  endfacet
  facet normal 0 0 -1
    outer loop
      vertex -4.51777 79.2322 29.6
      vertex -4.02279 79.7272 29.6
      vertex -4.2719 79.0166 29.6
    endloop
  endfacet
  facet normal -0 0 -1
    outer loop
      vertex -4.02279 79.7272 29.6
      vertex -4.51777 79.2322 29.6
      vertex -4.17804 79.9042 29.6
    endloop
  endfacet
  facet normal 0 0 -1
    outer loop
      vertex -4.73338 79.4781 29.6
      vertex -4.17804 79.9042 29.6
      vertex -4.51777 79.2322 29.6
    endloop
  endfacet
  facet normal -0 0 -1
    outer loop
      vertex -4.17804 79.9042 29.6
      vertex -4.73338 79.4781 29.6
      vertex -4.30885 80.1 29.6
    endloop
  endfacet
  facet normal 0 0 -1
    outer loop
      vertex -4.91506 79.75 29.6
      vertex -4.30885 80.1 29.6
      vertex -4.73338 79.4781 29.6
    endloop
  endfacet
  facet normal 0 0 -1
    outer loop
      vertex -5.03835 80 29.6
      vertex -4.30885 80.1 29.6
      vertex -4.91506 79.75 29.6
    endloop
  endfacet
  facet normal -0 0 -1
    outer loop
      vertex -4.30885 80.1 29.6
      vertex -5.03835 80 29.6
      vertex -4.41298 80.3112 29.6
    endloop
  endfacet
  facet normal -0 0 -1
    outer loop
      vertex -4.41298 80.3112 29.6
      vertex -5.03835 80 29.6
      vertex -4.48867 80.5341 29.6
    endloop
  endfacet
  facet normal 0 0 -1
    outer loop
      vertex -1.08702 81.6888 29.6
      vertex -0.46165 82 29.6
      vertex -1.01133 81.4659 29.6
    endloop
  endfacet
  facet normal 0 0 -1
    outer loop
      vertex -1.19115 81.9 29.6
      vertex -0.46165 82 29.6
      vertex -1.08702 81.6888 29.6
    endloop
  endfacet
  facet normal -0 0 -1
    outer loop
      vertex -0.46165 82 29.6
      vertex -1.19115 81.9 29.6
      vertex -0.584936 82.25 29.6
    endloop
  endfacet
  facet normal -0 0 -1
    outer loop
      vertex -0.584936 82.25 29.6
      vertex -1.19115 81.9 29.6
      vertex -0.766616 82.5219 29.6
    endloop
  endfacet
  facet normal 0 0 -1
    outer loop
      vertex -1.32196 82.0958 29.6
      vertex -0.766616 82.5219 29.6
      vertex -1.19115 81.9 29.6
    endloop
  endfacet
  facet normal -0 0 -1
    outer loop
      vertex -0.766616 82.5219 29.6
      vertex -1.32196 82.0958 29.6
      vertex -0.982232 82.7678 29.6
    endloop
  endfacet
  facet normal 0 0 -1
    outer loop
      vertex -1.47721 82.2728 29.6
      vertex -0.982232 82.7678 29.6
      vertex -1.32196 82.0958 29.6
    endloop
  endfacet
  facet normal -0 0 -1
    outer loop
      vertex -0.982232 82.7678 29.6
      vertex -1.47721 82.2728 29.6
      vertex -1.2281 82.9834 29.6
    endloop
  endfacet
  facet normal 0 0 -1
    outer loop
      vertex -1.65423 82.428 29.6
      vertex -1.2281 82.9834 29.6
      vertex -1.47721 82.2728 29.6
    endloop
  endfacet
  facet normal -0 0 -1
    outer loop
      vertex -1.2281 82.9834 29.6
      vertex -1.65423 82.428 29.6
      vertex -1.5 83.1651 29.6
    endloop
  endfacet
  facet normal 0 0 -1
    outer loop
      vertex -1.85 82.5588 29.6
      vertex -1.5 83.1651 29.6
      vertex -1.65423 82.428 29.6
    endloop
  endfacet
  facet normal -0 0 -1
    outer loop
      vertex -1.5 83.1651 29.6
      vertex -1.85 82.5588 29.6
      vertex -1.79329 83.3097 29.6
    endloop
  endfacet
  facet normal 0 0 -1
    outer loop
      vertex -2.06117 82.663 29.6
      vertex -1.79329 83.3097 29.6
      vertex -1.85 82.5588 29.6
    endloop
  endfacet
  facet normal 0 0 -1
    outer loop
      vertex -2.06117 82.663 29.6
      vertex -2.10295 83.4148 29.6
      vertex -1.79329 83.3097 29.6
    endloop
  endfacet
  facet normal 0 0 -1
    outer loop
      vertex -2.28413 82.7387 29.6
      vertex -2.10295 83.4148 29.6
      vertex -2.06117 82.663 29.6
    endloop
  endfacet
  facet normal 0 0 -1
    outer loop
      vertex -2.28413 82.7387 29.6
      vertex -2.42368 83.4786 29.6
      vertex -2.10295 83.4148 29.6
    endloop
  endfacet
  facet normal 0 0 -1
    outer loop
      vertex -2.51505 82.7846 29.6
      vertex -2.42368 83.4786 29.6
      vertex -2.28413 82.7387 29.6
    endloop
  endfacet
  facet normal 0 0 -1
    outer loop
      vertex -2.75 82.8 29.6
      vertex -2.42368 83.4786 29.6
      vertex -2.51505 82.7846 29.6
    endloop
  endfacet
  facet normal 0 0 -1
    outer loop
      vertex -2.75 82.8 29.6
      vertex -2.75 83.5 29.6
      vertex -2.42368 83.4786 29.6
    endloop
  endfacet
  facet normal 0 0 -1
    outer loop
      vertex -2.98495 82.7846 29.6
      vertex -2.75 83.5 29.6
      vertex -2.75 82.8 29.6
    endloop
  endfacet
  facet normal 0 0 -1
    outer loop
      vertex -2.98495 82.7846 29.6
      vertex -3.07631 83.4786 29.6
      vertex -2.75 83.5 29.6
    endloop
  endfacet
  facet normal 0 0 -1
    outer loop
      vertex -3.21587 82.7387 29.6
      vertex -3.07631 83.4786 29.6
      vertex -2.98495 82.7846 29.6
    endloop
  endfacet
  facet normal 0 0 -1
    outer loop
      vertex -3.21587 82.7387 29.6
      vertex -3.39705 83.4148 29.6
      vertex -3.07631 83.4786 29.6
    endloop
  endfacet
  facet normal 0 0 -1
    outer loop
      vertex -3.43883 82.663 29.6
      vertex -3.39705 83.4148 29.6
      vertex -3.21587 82.7387 29.6
    endloop
  endfacet
  facet normal 0 0 -1
    outer loop
      vertex -3.70671 83.3097 29.6
      vertex -3.43883 82.663 29.6
      vertex -3.65 82.5588 29.6
    endloop
  endfacet
  facet normal 0 0 -1
    outer loop
      vertex -3.43883 82.663 29.6
      vertex -3.70671 83.3097 29.6
      vertex -3.39705 83.4148 29.6
    endloop
  endfacet
  facet normal 0 0 -1
    outer loop
      vertex -4 83.1651 29.6
      vertex -3.65 82.5588 29.6
      vertex -3.84577 82.428 29.6
    endloop
  endfacet
  facet normal 0 0 -1
    outer loop
      vertex -3.65 82.5588 29.6
      vertex -4 83.1651 29.6
      vertex -3.70671 83.3097 29.6
    endloop
  endfacet
  facet normal 0 0 -1
    outer loop
      vertex -4.2719 82.9834 29.6
      vertex -3.84577 82.428 29.6
      vertex -4.02279 82.2728 29.6
    endloop
  endfacet
  facet normal 0 0 -1
    outer loop
      vertex -4.51777 82.7678 29.6
      vertex -4.02279 82.2728 29.6
      vertex -4.17804 82.0958 29.6
    endloop
  endfacet
  facet normal 0 0 -1
    outer loop
      vertex -3.84577 82.428 29.6
      vertex -4.2719 82.9834 29.6
      vertex -4 83.1651 29.6
    endloop
  endfacet
  facet normal 0 0 -1
    outer loop
      vertex -4.73338 82.5219 29.6
      vertex -4.17804 82.0958 29.6
      vertex -4.30885 81.9 29.6
    endloop
  endfacet
  facet normal 0 0 -1
    outer loop
      vertex -5.03835 82 29.6
      vertex -4.30885 81.9 29.6
      vertex -4.41298 81.6888 29.6
    endloop
  endfacet
  facet normal 0 0 -1
    outer loop
      vertex -5.03835 82 29.6
      vertex -4.41298 81.6888 29.6
      vertex -4.48867 81.4659 29.6
    endloop
  endfacet
  facet normal 0 0 -1
    outer loop
      vertex -4.02279 82.2728 29.6
      vertex -4.51777 82.7678 29.6
      vertex -4.2719 82.9834 29.6
    endloop
  endfacet
  facet normal 0 0 -1
    outer loop
      vertex -5.03835 82 29.6
      vertex -4.48867 81.4659 29.6
      vertex -4.5346 81.2349 29.6
    endloop
  endfacet
  facet normal 0 0 -1
    outer loop
      vertex -5.25 82 29.6
      vertex -4.5346 81.2349 29.6
      vertex -4.55 81 29.6
    endloop
  endfacet
  facet normal -0 0 -1
    outer loop
      vertex -4.48867 80.5341 29.6
      vertex -5.03835 80 29.6
      vertex -4.5346 80.7651 29.6
    endloop
  endfacet
  facet normal 0 0 -1
    outer loop
      vertex -4.17804 82.0958 29.6
      vertex -4.73338 82.5219 29.6
      vertex -4.51777 82.7678 29.6
    endloop
  endfacet
  facet normal 0 0 -1
    outer loop
      vertex -5.25 80 29.6
      vertex -4.5346 80.7651 29.6
      vertex -5.03835 80 29.6
    endloop
  endfacet
  facet normal 0 0 -1
    outer loop
      vertex -4.30885 81.9 29.6
      vertex -5.03835 82 29.6
      vertex -4.91506 82.25 29.6
    endloop
  endfacet
  facet normal 0 0 -1
    outer loop
      vertex -4.30885 81.9 29.6
      vertex -4.91506 82.25 29.6
      vertex -4.73338 82.5219 29.6
    endloop
  endfacet
  facet normal -0 0 -1
    outer loop
      vertex -4.5346 80.7651 29.6
      vertex -5.25 80 29.6
      vertex -4.55 81 29.6
    endloop
  endfacet
  facet normal 0 0 -1
    outer loop
      vertex -5.25 82 29.6
      vertex -4.55 81 29.6
      vertex -5.25 80 29.6
    endloop
  endfacet
  facet normal 0 0 -1
    outer loop
      vertex -4.5346 81.2349 29.6
      vertex -5.25 82 29.6
      vertex -5.03835 82 29.6
    endloop
  endfacet
  facet normal 0.321397 -0.946944 0
    outer loop
      vertex -2.10295 78.5852 29.6
      vertex -1.79329 78.6903 30.6
      vertex -2.10295 78.5852 30.6
    endloop
  endfacet
  facet normal 0.321397 -0.946944 0
    outer loop
      vertex -1.79329 78.6903 30.6
      vertex -2.10295 78.5852 29.6
      vertex -1.79329 78.6903 29.6
    endloop
  endfacet
  facet normal 0.65931 -0.751871 0
    outer loop
      vertex -1.2281 79.0166 29.6
      vertex -0.982232 79.2322 30.6
      vertex -1.2281 79.0166 30.6
    endloop
  endfacet
  facet normal 0.65931 -0.751871 0
    outer loop
      vertex -0.982232 79.2322 30.6
      vertex -1.2281 79.0166 29.6
      vertex -0.982232 79.2322 29.6
    endloop
  endfacet
  facet normal 0.896873 -0.442288 0
    outer loop
      vertex -0.584936 79.75 30.6
      vertex -0.46165 80 29.6
      vertex -0.46165 80 30.6
    endloop
  endfacet
  facet normal 0.896873 -0.442288 0
    outer loop
      vertex -0.46165 80 29.6
      vertex -0.584936 79.75 30.6
      vertex -0.584936 79.75 29.6
    endloop
  endfacet
  facet normal 0.0654392 -0.997857 0
    outer loop
      vertex -2.75 78.5 29.6
      vertex -2.42368 78.5214 30.6
      vertex -2.75 78.5 30.6
    endloop
  endfacet
  facet normal 0.0654392 -0.997857 0
    outer loop
      vertex -2.42368 78.5214 30.6
      vertex -2.75 78.5 29.6
      vertex -2.42368 78.5214 29.6
    endloop
  endfacet
  facet normal -0.321397 -0.946944 0
    outer loop
      vertex -3.70671 78.6903 29.6
      vertex -3.39705 78.5852 30.6
      vertex -3.70671 78.6903 30.6
    endloop
  endfacet
  facet normal -0.321397 -0.946944 -0
    outer loop
      vertex -3.39705 78.5852 30.6
      vertex -3.70671 78.6903 29.6
      vertex -3.39705 78.5852 29.6
    endloop
  endfacet
  facet normal -0.442204 -0.896915 0
    outer loop
      vertex -4 78.8349 29.6
      vertex -3.70671 78.6903 30.6
      vertex -4 78.8349 30.6
    endloop
  endfacet
  facet normal -0.442204 -0.896915 -0
    outer loop
      vertex -3.70671 78.6903 30.6
      vertex -4 78.8349 29.6
      vertex -3.70671 78.6903 29.6
    endloop
  endfacet
  facet normal -0.831466 -0.555575 0
    outer loop
      vertex -4.73338 79.4781 29.6
      vertex -4.91506 79.75 30.6
      vertex -4.91506 79.75 29.6
    endloop
  endfacet
  facet normal -0.831466 -0.555575 0
    outer loop
      vertex -4.91506 79.75 30.6
      vertex -4.73338 79.4781 29.6
      vertex -4.73338 79.4781 30.6
    endloop
  endfacet
  facet normal -0.555617 -0.831438 0
    outer loop
      vertex -4.2719 79.0166 29.6
      vertex -4 78.8349 30.6
      vertex -4.2719 79.0166 30.6
    endloop
  endfacet
  facet normal -0.555617 -0.831438 -0
    outer loop
      vertex -4 78.8349 30.6
      vertex -4.2719 79.0166 29.6
      vertex -4 78.8349 29.6
    endloop
  endfacet
  facet normal 0.555543 0.831488 -0
    outer loop
      vertex -1.65423 82.428 26
      vertex -1.85 82.5588 29.6
      vertex -1.65423 82.428 29.6
    endloop
  endfacet
  facet normal 0.555543 0.831488 0
    outer loop
      vertex -1.85 82.5588 29.6
      vertex -1.65423 82.428 26
      vertex -1.85 82.5588 26
    endloop
  endfacet
  facet normal 0.9808 -0.195018 0
    outer loop
      vertex -1.01133 80.5341 29.6
      vertex -0.965399 80.7651 26
      vertex -0.965399 80.7651 29.6
    endloop
  endfacet
  facet normal 0.9808 -0.195018 0
    outer loop
      vertex -0.965399 80.7651 26
      vertex -1.01133 80.5341 29.6
      vertex -1.01133 80.5341 26
    endloop
  endfacet
  facet normal -0.194956 -0.980812 0
    outer loop
      vertex -3.21587 79.2613 26
      vertex -2.98495 79.2154 29.6
      vertex -3.21587 79.2613 29.6
    endloop
  endfacet
  facet normal -0.194956 -0.980812 -0
    outer loop
      vertex -2.98495 79.2154 29.6
      vertex -3.21587 79.2613 26
      vertex -2.98495 79.2154 26
    endloop
  endfacet
  facet normal -0.442502 0.896767 0
    outer loop
      vertex -3.43883 82.663 26
      vertex -3.65 82.5588 29.6
      vertex -3.43883 82.663 29.6
    endloop
  endfacet
  facet normal -0.442502 0.896767 0
    outer loop
      vertex -3.65 82.5588 29.6
      vertex -3.43883 82.663 26
      vertex -3.65 82.5588 26
    endloop
  endfacet
  facet normal -0.946897 0.321537 0
    outer loop
      vertex -4.48867 81.4659 26
      vertex -4.41298 81.6888 29.6
      vertex -4.41298 81.6888 26
    endloop
  endfacet
  facet normal -0.946897 0.321537 0
    outer loop
      vertex -4.41298 81.6888 29.6
      vertex -4.48867 81.4659 26
      vertex -4.48867 81.4659 29.6
    endloop
  endfacet
  facet normal 0.997858 -0.0654151 0
    outer loop
      vertex -0.965399 80.7651 29.6
      vertex -0.95 81 26
      vertex -0.95 81 29.6
    endloop
  endfacet
  facet normal 0.997858 -0.0654151 0
    outer loop
      vertex -0.95 81 26
      vertex -0.965399 80.7651 29.6
      vertex -0.965399 80.7651 26
    endloop
  endfacet
  facet normal 0.89691 0.442212 0
    outer loop
      vertex -1.08702 81.6888 29.6
      vertex -1.19115 81.9 26
      vertex -1.19115 81.9 29.6
    endloop
  endfacet
  facet normal 0.89691 0.442212 0
    outer loop
      vertex -1.19115 81.9 26
      vertex -1.08702 81.6888 29.6
      vertex -1.08702 81.6888 26
    endloop
  endfacet
  facet normal 0.831508 0.555513 0
    outer loop
      vertex -1.19115 81.9 29.6
      vertex -1.32196 82.0958 26
      vertex -1.32196 82.0958 29.6
    endloop
  endfacet
  facet normal 0.831508 0.555513 0
    outer loop
      vertex -1.32196 82.0958 26
      vertex -1.19115 81.9 29.6
      vertex -1.19115 81.9 26
    endloop
  endfacet
  facet normal 0.659244 0.751929 -0
    outer loop
      vertex -1.47721 82.2728 26
      vertex -1.65423 82.428 29.6
      vertex -1.47721 82.2728 29.6
    endloop
  endfacet
  facet normal 0.659244 0.751929 0
    outer loop
      vertex -1.65423 82.428 29.6
      vertex -1.47721 82.2728 26
      vertex -1.65423 82.428 26
    endloop
  endfacet
  facet normal 0.321498 0.94691 -0
    outer loop
      vertex -2.06117 82.663 26
      vertex -2.28413 82.7387 29.6
      vertex -2.06117 82.663 29.6
    endloop
  endfacet
  facet normal 0.321498 0.94691 0
    outer loop
      vertex -2.28413 82.7387 29.6
      vertex -2.06117 82.663 26
      vertex -2.28413 82.7387 26
    endloop
  endfacet
  facet normal 0.0654055 0.997859 -0
    outer loop
      vertex -2.51505 82.7846 26
      vertex -2.75 82.8 29.6
      vertex -2.51505 82.7846 29.6
    endloop
  endfacet
  facet normal 0.0654055 0.997859 0
    outer loop
      vertex -2.75 82.8 29.6
      vertex -2.51505 82.7846 26
      vertex -2.75 82.8 26
    endloop
  endfacet
  facet normal 0 0 -1
    outer loop
      vertex -1.55 81 26
      vertex -0.95 81 26
      vertex -0.965399 80.7651 26
    endloop
  endfacet
  facet normal 0 0 -1
    outer loop
      vertex -1.56027 80.8434 26
      vertex -0.965399 80.7651 26
      vertex -1.01133 80.5341 26
    endloop
  endfacet
  facet normal 0 0 -1
    outer loop
      vertex -0.95 81 26
      vertex -1.55 81 26
      vertex -0.965399 81.2349 26
    endloop
  endfacet
  facet normal 0 0 -1
    outer loop
      vertex -1.59089 80.6894 26
      vertex -1.01133 80.5341 26
      vertex -1.08702 80.3112 26
    endloop
  endfacet
  facet normal 0 0 -1
    outer loop
      vertex -1.56027 81.1566 26
      vertex -0.965399 81.2349 26
      vertex -1.55 81 26
    endloop
  endfacet
  facet normal 0 0 -1
    outer loop
      vertex -1.64134 80.5408 26
      vertex -1.08702 80.3112 26
      vertex -1.19115 80.1 26
    endloop
  endfacet
  facet normal -0 0 -1
    outer loop
      vertex -0.965399 81.2349 26
      vertex -1.56027 81.1566 26
      vertex -1.01133 81.4659 26
    endloop
  endfacet
  facet normal 0 0 -1
    outer loop
      vertex -1.71077 80.4 26
      vertex -1.19115 80.1 26
      vertex -1.32196 79.9042 26
    endloop
  endfacet
  facet normal 0 0 -1
    outer loop
      vertex -1.59089 81.3106 26
      vertex -1.01133 81.4659 26
      vertex -1.56027 81.1566 26
    endloop
  endfacet
  facet normal 0 0 -1
    outer loop
      vertex -1.79798 80.2695 26
      vertex -1.32196 79.9042 26
      vertex -1.47721 79.7272 26
    endloop
  endfacet
  facet normal -0 0 -1
    outer loop
      vertex -1.01133 81.4659 26
      vertex -1.59089 81.3106 26
      vertex -1.08702 81.6888 26
    endloop
  endfacet
  facet normal 0 0 -1
    outer loop
      vertex -1.64134 81.4592 26
      vertex -1.08702 81.6888 26
      vertex -1.59089 81.3106 26
    endloop
  endfacet
  facet normal 0 0 -1
    outer loop
      vertex -0.965399 80.7651 26
      vertex -1.56027 80.8434 26
      vertex -1.55 81 26
    endloop
  endfacet
  facet normal 0 0 -1
    outer loop
      vertex -1.01133 80.5341 26
      vertex -1.59089 80.6894 26
      vertex -1.56027 80.8434 26
    endloop
  endfacet
  facet normal 0 0 -1
    outer loop
      vertex -1.08702 80.3112 26
      vertex -1.64134 80.5408 26
      vertex -1.59089 80.6894 26
    endloop
  endfacet
  facet normal 0 0 -1
    outer loop
      vertex -1.90147 80.1515 26
      vertex -1.47721 79.7272 26
      vertex -1.65423 79.572 26
    endloop
  endfacet
  facet normal 0 0 -1
    outer loop
      vertex -1.19115 80.1 26
      vertex -1.71077 80.4 26
      vertex -1.64134 80.5408 26
    endloop
  endfacet
  facet normal 0 0 -1
    outer loop
      vertex -1.32196 79.9042 26
      vertex -1.79798 80.2695 26
      vertex -1.71077 80.4 26
    endloop
  endfacet
  facet normal 0 0 -1
    outer loop
      vertex -2.01949 80.048 26
      vertex -1.65423 79.572 26
      vertex -1.85 79.4412 26
    endloop
  endfacet
  facet normal 0 0 -1
    outer loop
      vertex -1.47721 79.7272 26
      vertex -1.90147 80.1515 26
      vertex -1.79798 80.2695 26
    endloop
  endfacet
  facet normal 0 0 -1
    outer loop
      vertex -1.65423 79.572 26
      vertex -2.01949 80.048 26
      vertex -1.90147 80.1515 26
    endloop
  endfacet
  facet normal 0 0 -1
    outer loop
      vertex -2.15 79.9608 26
      vertex -1.85 79.4412 26
      vertex -2.06117 79.337 26
    endloop
  endfacet
  facet normal 0 0 -1
    outer loop
      vertex -1.85 79.4412 26
      vertex -2.15 79.9608 26
      vertex -2.01949 80.048 26
    endloop
  endfacet
  facet normal 0 0 -1
    outer loop
      vertex -2.29078 79.8913 26
      vertex -2.06117 79.337 26
      vertex -2.28413 79.2613 26
    endloop
  endfacet
  facet normal 0 0 -1
    outer loop
      vertex -2.06117 79.337 26
      vertex -2.29078 79.8913 26
      vertex -2.15 79.9608 26
    endloop
  endfacet
  facet normal 0 0 -1
    outer loop
      vertex -2.28413 79.2613 26
      vertex -2.43942 79.8409 26
      vertex -2.29078 79.8913 26
    endloop
  endfacet
  facet normal 0 0 -1
    outer loop
      vertex -2.51505 79.2154 26
      vertex -2.43942 79.8409 26
      vertex -2.28413 79.2613 26
    endloop
  endfacet
  facet normal 0 0 -1
    outer loop
      vertex -2.51505 79.2154 26
      vertex -2.59337 79.8103 26
      vertex -2.43942 79.8409 26
    endloop
  endfacet
  facet normal 0 0 -1
    outer loop
      vertex -2.75 79.2 26
      vertex -2.59337 79.8103 26
      vertex -2.51505 79.2154 26
    endloop
  endfacet
  facet normal 0 0 -1
    outer loop
      vertex -2.75 79.2 26
      vertex -2.75 79.8 26
      vertex -2.59337 79.8103 26
    endloop
  endfacet
  facet normal 0 0 -1
    outer loop
      vertex -2.75 79.2 26
      vertex -2.90663 79.8103 26
      vertex -2.75 79.8 26
    endloop
  endfacet
  facet normal 0 0 -1
    outer loop
      vertex -2.98495 79.2154 26
      vertex -2.90663 79.8103 26
      vertex -2.75 79.2 26
    endloop
  endfacet
  facet normal 0 0 -1
    outer loop
      vertex -2.98495 79.2154 26
      vertex -3.06058 79.8409 26
      vertex -2.90663 79.8103 26
    endloop
  endfacet
  facet normal 0 0 -1
    outer loop
      vertex -3.21587 79.2613 26
      vertex -3.06058 79.8409 26
      vertex -2.98495 79.2154 26
    endloop
  endfacet
  facet normal -0 0 -1
    outer loop
      vertex -3.06058 79.8409 26
      vertex -3.21587 79.2613 26
      vertex -3.20922 79.8913 26
    endloop
  endfacet
  facet normal 0 0 -1
    outer loop
      vertex -3.43883 79.337 26
      vertex -3.20922 79.8913 26
      vertex -3.21587 79.2613 26
    endloop
  endfacet
  facet normal -0 0 -1
    outer loop
      vertex -3.20922 79.8913 26
      vertex -3.43883 79.337 26
      vertex -3.35 79.9608 26
    endloop
  endfacet
  facet normal 0 0 -1
    outer loop
      vertex -3.65 79.4412 26
      vertex -3.35 79.9608 26
      vertex -3.43883 79.337 26
    endloop
  endfacet
  facet normal -0 0 -1
    outer loop
      vertex -3.35 79.9608 26
      vertex -3.65 79.4412 26
      vertex -3.48051 80.048 26
    endloop
  endfacet
  facet normal 0 0 -1
    outer loop
      vertex -3.84577 79.572 26
      vertex -3.48051 80.048 26
      vertex -3.65 79.4412 26
    endloop
  endfacet
  facet normal -0 0 -1
    outer loop
      vertex -3.48051 80.048 26
      vertex -3.84577 79.572 26
      vertex -3.59853 80.1515 26
    endloop
  endfacet
  facet normal 0 0 -1
    outer loop
      vertex -4.02279 79.7272 26
      vertex -3.59853 80.1515 26
      vertex -3.84577 79.572 26
    endloop
  endfacet
  facet normal -0 0 -1
    outer loop
      vertex -3.59853 80.1515 26
      vertex -4.02279 79.7272 26
      vertex -3.70202 80.2695 26
    endloop
  endfacet
  facet normal 0 0 -1
    outer loop
      vertex -4.17804 79.9042 26
      vertex -3.70202 80.2695 26
      vertex -4.02279 79.7272 26
    endloop
  endfacet
  facet normal -0 0 -1
    outer loop
      vertex -3.70202 80.2695 26
      vertex -4.17804 79.9042 26
      vertex -3.78923 80.4 26
    endloop
  endfacet
  facet normal 0 0 -1
    outer loop
      vertex -4.30885 80.1 26
      vertex -3.78923 80.4 26
      vertex -4.17804 79.9042 26
    endloop
  endfacet
  facet normal 0 0 -1
    outer loop
      vertex -4.41298 80.3112 26
      vertex -3.85865 80.5408 26
      vertex -4.30885 80.1 26
    endloop
  endfacet
  facet normal -0 0 -1
    outer loop
      vertex -3.78923 80.4 26
      vertex -4.30885 80.1 26
      vertex -3.85865 80.5408 26
    endloop
  endfacet
  facet normal -0 0 -1
    outer loop
      vertex -1.08702 81.6888 26
      vertex -1.64134 81.4592 26
      vertex -1.19115 81.9 26
    endloop
  endfacet
  facet normal 0 0 -1
    outer loop
      vertex -1.71077 81.6 26
      vertex -1.19115 81.9 26
      vertex -1.64134 81.4592 26
    endloop
  endfacet
  facet normal -0 0 -1
    outer loop
      vertex -1.19115 81.9 26
      vertex -1.71077 81.6 26
      vertex -1.32196 82.0958 26
    endloop
  endfacet
  facet normal 0 0 -1
    outer loop
      vertex -1.79798 81.7305 26
      vertex -1.32196 82.0958 26
      vertex -1.71077 81.6 26
    endloop
  endfacet
  facet normal -0 0 -1
    outer loop
      vertex -1.32196 82.0958 26
      vertex -1.79798 81.7305 26
      vertex -1.47721 82.2728 26
    endloop
  endfacet
  facet normal 0 0 -1
    outer loop
      vertex -1.90147 81.8485 26
      vertex -1.47721 82.2728 26
      vertex -1.79798 81.7305 26
    endloop
  endfacet
  facet normal -0 0 -1
    outer loop
      vertex -1.47721 82.2728 26
      vertex -1.90147 81.8485 26
      vertex -1.65423 82.428 26
    endloop
  endfacet
  facet normal 0 0 -1
    outer loop
      vertex -2.01949 81.952 26
      vertex -1.65423 82.428 26
      vertex -1.90147 81.8485 26
    endloop
  endfacet
  facet normal -0 0 -1
    outer loop
      vertex -1.65423 82.428 26
      vertex -2.01949 81.952 26
      vertex -1.85 82.5588 26
    endloop
  endfacet
  facet normal 0 0 -1
    outer loop
      vertex -2.15 82.0392 26
      vertex -1.85 82.5588 26
      vertex -2.01949 81.952 26
    endloop
  endfacet
  facet normal -0 0 -1
    outer loop
      vertex -1.85 82.5588 26
      vertex -2.15 82.0392 26
      vertex -2.06117 82.663 26
    endloop
  endfacet
  facet normal 0 0 -1
    outer loop
      vertex -2.29078 82.1087 26
      vertex -2.06117 82.663 26
      vertex -2.15 82.0392 26
    endloop
  endfacet
  facet normal -0 0 -1
    outer loop
      vertex -2.06117 82.663 26
      vertex -2.29078 82.1087 26
      vertex -2.28413 82.7387 26
    endloop
  endfacet
  facet normal 0 0 -1
    outer loop
      vertex -2.43942 82.1591 26
      vertex -2.28413 82.7387 26
      vertex -2.29078 82.1087 26
    endloop
  endfacet
  facet normal 0 0 -1
    outer loop
      vertex -2.43942 82.1591 26
      vertex -2.51505 82.7846 26
      vertex -2.28413 82.7387 26
    endloop
  endfacet
  facet normal 0 0 -1
    outer loop
      vertex -2.59337 82.1897 26
      vertex -2.51505 82.7846 26
      vertex -2.43942 82.1591 26
    endloop
  endfacet
  facet normal 0 0 -1
    outer loop
      vertex -2.75 82.2 26
      vertex -2.51505 82.7846 26
      vertex -2.59337 82.1897 26
    endloop
  endfacet
  facet normal 0 0 -1
    outer loop
      vertex -2.75 82.2 26
      vertex -2.75 82.8 26
      vertex -2.51505 82.7846 26
    endloop
  endfacet
  facet normal 0 0 -1
    outer loop
      vertex -2.90663 82.1897 26
      vertex -2.75 82.8 26
      vertex -2.75 82.2 26
    endloop
  endfacet
  facet normal 0 0 -1
    outer loop
      vertex -2.90663 82.1897 26
      vertex -2.98495 82.7846 26
      vertex -2.75 82.8 26
    endloop
  endfacet
  facet normal 0 0 -1
    outer loop
      vertex -3.06058 82.1591 26
      vertex -2.98495 82.7846 26
      vertex -2.90663 82.1897 26
    endloop
  endfacet
  facet normal 0 0 -1
    outer loop
      vertex -3.21587 82.7387 26
      vertex -3.06058 82.1591 26
      vertex -3.20922 82.1087 26
    endloop
  endfacet
  facet normal 0 0 -1
    outer loop
      vertex -3.06058 82.1591 26
      vertex -3.21587 82.7387 26
      vertex -2.98495 82.7846 26
    endloop
  endfacet
  facet normal 0 0 -1
    outer loop
      vertex -3.43883 82.663 26
      vertex -3.20922 82.1087 26
      vertex -3.35 82.0392 26
    endloop
  endfacet
  facet normal 0 0 -1
    outer loop
      vertex -3.20922 82.1087 26
      vertex -3.43883 82.663 26
      vertex -3.21587 82.7387 26
    endloop
  endfacet
  facet normal 0 0 -1
    outer loop
      vertex -3.65 82.5588 26
      vertex -3.35 82.0392 26
      vertex -3.48051 81.952 26
    endloop
  endfacet
  facet normal 0 0 -1
    outer loop
      vertex -3.84577 82.428 26
      vertex -3.48051 81.952 26
      vertex -3.59853 81.8485 26
    endloop
  endfacet
  facet normal 0 0 -1
    outer loop
      vertex -3.35 82.0392 26
      vertex -3.65 82.5588 26
      vertex -3.43883 82.663 26
    endloop
  endfacet
  facet normal 0 0 -1
    outer loop
      vertex -4.02279 82.2728 26
      vertex -3.59853 81.8485 26
      vertex -3.70202 81.7305 26
    endloop
  endfacet
  facet normal 0 0 -1
    outer loop
      vertex -4.17804 82.0958 26
      vertex -3.70202 81.7305 26
      vertex -3.78923 81.6 26
    endloop
  endfacet
  facet normal 0 0 -1
    outer loop
      vertex -3.48051 81.952 26
      vertex -3.84577 82.428 26
      vertex -3.65 82.5588 26
    endloop
  endfacet
  facet normal 0 0 -1
    outer loop
      vertex -4.30885 81.9 26
      vertex -3.78923 81.6 26
      vertex -3.85865 81.4592 26
    endloop
  endfacet
  facet normal 0 0 -1
    outer loop
      vertex -4.41298 81.6888 26
      vertex -3.85865 81.4592 26
      vertex -3.90911 81.3106 26
    endloop
  endfacet
  facet normal 0 0 -1
    outer loop
      vertex -4.48867 81.4659 26
      vertex -3.90911 81.3106 26
      vertex -3.93973 81.1566 26
    endloop
  endfacet
  facet normal 0 0 -1
    outer loop
      vertex -3.59853 81.8485 26
      vertex -4.02279 82.2728 26
      vertex -3.84577 82.428 26
    endloop
  endfacet
  facet normal 0 0 -1
    outer loop
      vertex -4.5346 81.2349 26
      vertex -3.93973 81.1566 26
      vertex -3.95 81 26
    endloop
  endfacet
  facet normal -0 0 -1
    outer loop
      vertex -3.85865 80.5408 26
      vertex -4.41298 80.3112 26
      vertex -3.90911 80.6894 26
    endloop
  endfacet
  facet normal 0 0 -1
    outer loop
      vertex -4.48867 80.5341 26
      vertex -3.90911 80.6894 26
      vertex -4.41298 80.3112 26
    endloop
  endfacet
  facet normal 0 0 -1
    outer loop
      vertex -3.70202 81.7305 26
      vertex -4.17804 82.0958 26
      vertex -4.02279 82.2728 26
    endloop
  endfacet
  facet normal -0 0 -1
    outer loop
      vertex -3.90911 80.6894 26
      vertex -4.48867 80.5341 26
      vertex -3.93973 80.8434 26
    endloop
  endfacet
  facet normal 0 0 -1
    outer loop
      vertex -3.78923 81.6 26
      vertex -4.30885 81.9 26
      vertex -4.17804 82.0958 26
    endloop
  endfacet
  facet normal 0 0 -1
    outer loop
      vertex -4.5346 80.7651 26
      vertex -3.93973 80.8434 26
      vertex -4.48867 80.5341 26
    endloop
  endfacet
  facet normal 0 0 -1
    outer loop
      vertex -3.85865 81.4592 26
      vertex -4.41298 81.6888 26
      vertex -4.30885 81.9 26
    endloop
  endfacet
  facet normal -0 0 -1
    outer loop
      vertex -3.93973 80.8434 26
      vertex -4.5346 80.7651 26
      vertex -3.95 81 26
    endloop
  endfacet
  facet normal 0 0 -1
    outer loop
      vertex -3.90911 81.3106 26
      vertex -4.48867 81.4659 26
      vertex -4.41298 81.6888 26
    endloop
  endfacet
  facet normal 0 0 -1
    outer loop
      vertex -4.55 81 26
      vertex -3.95 81 26
      vertex -4.5346 80.7651 26
    endloop
  endfacet
  facet normal 0 0 -1
    outer loop
      vertex -3.93973 81.1566 26
      vertex -4.5346 81.2349 26
      vertex -4.48867 81.4659 26
    endloop
  endfacet
  facet normal 0 0 -1
    outer loop
      vertex -3.95 81 26
      vertex -4.55 81 26
      vertex -4.5346 81.2349 26
    endloop
  endfacet
  facet normal -0.997858 0.0654194 0
    outer loop
      vertex -4.55 81 26
      vertex -4.5346 81.2349 29.6
      vertex -4.5346 81.2349 26
    endloop
  endfacet
  facet normal -0.997858 0.0654194 0
    outer loop
      vertex -4.5346 81.2349 29.6
      vertex -4.55 81 26
      vertex -4.55 81 29.6
    endloop
  endfacet
  facet normal -0.831508 0.555513 0
    outer loop
      vertex -4.30885 81.9 26
      vertex -4.17804 82.0958 29.6
      vertex -4.17804 82.0958 26
    endloop
  endfacet
  facet normal -0.831508 0.555513 0
    outer loop
      vertex -4.17804 82.0958 29.6
      vertex -4.30885 81.9 26
      vertex -4.30885 81.9 29.6
    endloop
  endfacet
  facet normal -0.321498 0.94691 0
    outer loop
      vertex -3.21587 82.7387 26
      vertex -3.43883 82.663 29.6
      vertex -3.21587 82.7387 29.6
    endloop
  endfacet
  facet normal -0.321498 0.94691 0
    outer loop
      vertex -3.43883 82.663 29.6
      vertex -3.21587 82.7387 26
      vertex -3.43883 82.663 26
    endloop
  endfacet
  facet normal -0.751787 0.659406 0
    outer loop
      vertex -4.17804 82.0958 26
      vertex -4.02279 82.2728 29.6
      vertex -4.02279 82.2728 26
    endloop
  endfacet
  facet normal -0.751787 0.659406 0
    outer loop
      vertex -4.02279 82.2728 29.6
      vertex -4.17804 82.0958 26
      vertex -4.17804 82.0958 29.6
    endloop
  endfacet
  facet normal 0.946897 -0.321537 0
    outer loop
      vertex -1.08702 80.3112 29.6
      vertex -1.01133 80.5341 26
      vertex -1.01133 80.5341 29.6
    endloop
  endfacet
  facet normal 0.946897 -0.321537 0
    outer loop
      vertex -1.01133 80.5341 26
      vertex -1.08702 80.3112 29.6
      vertex -1.08702 80.3112 26
    endloop
  endfacet
  facet normal 0.442502 -0.896767 0
    outer loop
      vertex -2.06117 79.337 26
      vertex -1.85 79.4412 29.6
      vertex -2.06117 79.337 29.6
    endloop
  endfacet
  facet normal 0.442502 -0.896767 0
    outer loop
      vertex -1.85 79.4412 29.6
      vertex -2.06117 79.337 26
      vertex -1.85 79.4412 26
    endloop
  endfacet
  facet normal -0.0654055 -0.997859 0
    outer loop
      vertex -2.98495 79.2154 26
      vertex -2.75 79.2 29.6
      vertex -2.98495 79.2154 29.6
    endloop
  endfacet
  facet normal -0.0654055 -0.997859 -0
    outer loop
      vertex -2.75 79.2 29.6
      vertex -2.98495 79.2154 26
      vertex -2.75 79.2 26
    endloop
  endfacet
  facet normal -0.555543 -0.831488 0
    outer loop
      vertex -3.84577 79.572 26
      vertex -3.65 79.4412 29.6
      vertex -3.84577 79.572 29.6
    endloop
  endfacet
  facet normal -0.555543 -0.831488 -0
    outer loop
      vertex -3.65 79.4412 29.6
      vertex -3.84577 79.572 26
      vertex -3.65 79.4412 26
    endloop
  endfacet
  facet normal 0.9808 0.195018 0
    outer loop
      vertex -0.965399 81.2349 29.6
      vertex -1.01133 81.4659 26
      vertex -1.01133 81.4659 29.6
    endloop
  endfacet
  facet normal 0.9808 0.195018 0
    outer loop
      vertex -1.01133 81.4659 26
      vertex -0.965399 81.2349 29.6
      vertex -0.965399 81.2349 26
    endloop
  endfacet
  facet normal 0.946897 0.321537 0
    outer loop
      vertex -1.01133 81.4659 29.6
      vertex -1.08702 81.6888 26
      vertex -1.08702 81.6888 29.6
    endloop
  endfacet
  facet normal 0.946897 0.321537 0
    outer loop
      vertex -1.08702 81.6888 26
      vertex -1.01133 81.4659 29.6
      vertex -1.01133 81.4659 26
    endloop
  endfacet
  facet normal 0.751787 0.659406 0
    outer loop
      vertex -1.32196 82.0958 29.6
      vertex -1.47721 82.2728 26
      vertex -1.47721 82.2728 29.6
    endloop
  endfacet
  facet normal 0.751787 0.659406 0
    outer loop
      vertex -1.47721 82.2728 26
      vertex -1.32196 82.0958 29.6
      vertex -1.32196 82.0958 26
    endloop
  endfacet
  facet normal -0.0654055 0.997859 0
    outer loop
      vertex -2.75 82.8 26
      vertex -2.98495 82.7846 29.6
      vertex -2.75 82.8 29.6
    endloop
  endfacet
  facet normal -0.0654055 0.997859 0
    outer loop
      vertex -2.98495 82.7846 29.6
      vertex -2.75 82.8 26
      vertex -2.98495 82.7846 26
    endloop
  endfacet
  facet normal 0.442502 0.896767 -0
    outer loop
      vertex -1.85 82.5588 26
      vertex -2.06117 82.663 29.6
      vertex -1.85 82.5588 29.6
    endloop
  endfacet
  facet normal 0.442502 0.896767 0
    outer loop
      vertex -2.06117 82.663 29.6
      vertex -1.85 82.5588 26
      vertex -2.06117 82.663 26
    endloop
  endfacet
  facet normal 0.194956 0.980812 -0
    outer loop
      vertex -2.28413 82.7387 26
      vertex -2.51505 82.7846 29.6
      vertex -2.28413 82.7387 29.6
    endloop
  endfacet
  facet normal 0.194956 0.980812 0
    outer loop
      vertex -2.51505 82.7846 29.6
      vertex -2.28413 82.7387 26
      vertex -2.51505 82.7846 26
    endloop
  endfacet
  facet normal -0.980801 0.195014 0
    outer loop
      vertex -4.5346 81.2349 26
      vertex -4.48867 81.4659 29.6
      vertex -4.48867 81.4659 26
    endloop
  endfacet
  facet normal -0.980801 0.195014 0
    outer loop
      vertex -4.48867 81.4659 29.6
      vertex -4.5346 81.2349 26
      vertex -4.5346 81.2349 29.6
    endloop
  endfacet
  facet normal -0.89691 0.442212 0
    outer loop
      vertex -4.41298 81.6888 26
      vertex -4.30885 81.9 29.6
      vertex -4.30885 81.9 26
    endloop
  endfacet
  facet normal -0.89691 0.442212 0
    outer loop
      vertex -4.30885 81.9 29.6
      vertex -4.41298 81.6888 26
      vertex -4.41298 81.6888 29.6
    endloop
  endfacet
  facet normal -0.194956 0.980812 0
    outer loop
      vertex -2.98495 82.7846 26
      vertex -3.21587 82.7387 29.6
      vertex -2.98495 82.7846 29.6
    endloop
  endfacet
  facet normal -0.194956 0.980812 0
    outer loop
      vertex -3.21587 82.7387 29.6
      vertex -2.98495 82.7846 26
      vertex -3.21587 82.7387 26
    endloop
  endfacet
  facet normal -0.659244 0.751929 0
    outer loop
      vertex -3.84577 82.428 26
      vertex -4.02279 82.2728 29.6
      vertex -3.84577 82.428 29.6
    endloop
  endfacet
  facet normal -0.659244 0.751929 0
    outer loop
      vertex -4.02279 82.2728 29.6
      vertex -3.84577 82.428 26
      vertex -4.02279 82.2728 26
    endloop
  endfacet
  facet normal -0.555543 0.831488 0
    outer loop
      vertex -3.65 82.5588 26
      vertex -3.84577 82.428 29.6
      vertex -3.65 82.5588 29.6
    endloop
  endfacet
  facet normal -0.555543 0.831488 0
    outer loop
      vertex -3.84577 82.428 29.6
      vertex -3.65 82.5588 26
      vertex -3.84577 82.428 26
    endloop
  endfacet
  facet normal 0.997858 0.0654151 0
    outer loop
      vertex -0.95 81 29.6
      vertex -0.965399 81.2349 26
      vertex -0.965399 81.2349 29.6
    endloop
  endfacet
  facet normal 0.997858 0.0654151 0
    outer loop
      vertex -0.965399 81.2349 26
      vertex -0.95 81 29.6
      vertex -0.95 81 26
    endloop
  endfacet
  facet normal 0.194956 -0.980812 0
    outer loop
      vertex -2.51505 79.2154 26
      vertex -2.28413 79.2613 29.6
      vertex -2.51505 79.2154 29.6
    endloop
  endfacet
  facet normal 0.194956 -0.980812 0
    outer loop
      vertex -2.28413 79.2613 29.6
      vertex -2.51505 79.2154 26
      vertex -2.28413 79.2613 26
    endloop
  endfacet
  facet normal 0.831508 -0.555513 0
    outer loop
      vertex -1.32196 79.9042 29.6
      vertex -1.19115 80.1 26
      vertex -1.19115 80.1 29.6
    endloop
  endfacet
  facet normal 0.831508 -0.555513 0
    outer loop
      vertex -1.19115 80.1 26
      vertex -1.32196 79.9042 29.6
      vertex -1.32196 79.9042 26
    endloop
  endfacet
  facet normal 0.89691 -0.442212 0
    outer loop
      vertex -1.19115 80.1 29.6
      vertex -1.08702 80.3112 26
      vertex -1.08702 80.3112 29.6
    endloop
  endfacet
  facet normal 0.89691 -0.442212 0
    outer loop
      vertex -1.08702 80.3112 26
      vertex -1.19115 80.1 29.6
      vertex -1.19115 80.1 26
    endloop
  endfacet
  facet normal 0.751787 -0.659406 0
    outer loop
      vertex -1.47721 79.7272 29.6
      vertex -1.32196 79.9042 26
      vertex -1.32196 79.9042 29.6
    endloop
  endfacet
  facet normal 0.751787 -0.659406 0
    outer loop
      vertex -1.32196 79.9042 26
      vertex -1.47721 79.7272 29.6
      vertex -1.47721 79.7272 26
    endloop
  endfacet
  facet normal 0.555543 -0.831488 0
    outer loop
      vertex -1.85 79.4412 26
      vertex -1.65423 79.572 29.6
      vertex -1.85 79.4412 29.6
    endloop
  endfacet
  facet normal 0.555543 -0.831488 0
    outer loop
      vertex -1.65423 79.572 29.6
      vertex -1.85 79.4412 26
      vertex -1.65423 79.572 26
    endloop
  endfacet
  facet normal -0.442502 -0.896767 0
    outer loop
      vertex -3.65 79.4412 26
      vertex -3.43883 79.337 29.6
      vertex -3.65 79.4412 29.6
    endloop
  endfacet
  facet normal -0.442502 -0.896767 -0
    outer loop
      vertex -3.43883 79.337 29.6
      vertex -3.65 79.4412 26
      vertex -3.43883 79.337 26
    endloop
  endfacet
  facet normal -0.89691 -0.442212 0
    outer loop
      vertex -4.30885 80.1 26
      vertex -4.41298 80.3112 29.6
      vertex -4.41298 80.3112 26
    endloop
  endfacet
  facet normal -0.89691 -0.442212 0
    outer loop
      vertex -4.41298 80.3112 29.6
      vertex -4.30885 80.1 26
      vertex -4.30885 80.1 29.6
    endloop
  endfacet
  facet normal -0.980801 -0.195014 0
    outer loop
      vertex -4.48867 80.5341 26
      vertex -4.5346 80.7651 29.6
      vertex -4.5346 80.7651 26
    endloop
  endfacet
  facet normal -0.980801 -0.195014 0
    outer loop
      vertex -4.5346 80.7651 29.6
      vertex -4.48867 80.5341 26
      vertex -4.48867 80.5341 29.6
    endloop
  endfacet
  facet normal -0.659244 -0.751929 0
    outer loop
      vertex -4.02279 79.7272 26
      vertex -3.84577 79.572 29.6
      vertex -4.02279 79.7272 29.6
    endloop
  endfacet
  facet normal -0.659244 -0.751929 -0
    outer loop
      vertex -3.84577 79.572 29.6
      vertex -4.02279 79.7272 26
      vertex -3.84577 79.572 26
    endloop
  endfacet
  facet normal -0.831508 -0.555513 0
    outer loop
      vertex -4.17804 79.9042 26
      vertex -4.30885 80.1 29.6
      vertex -4.30885 80.1 26
    endloop
  endfacet
  facet normal -0.831508 -0.555513 0
    outer loop
      vertex -4.30885 80.1 29.6
      vertex -4.17804 79.9042 26
      vertex -4.17804 79.9042 29.6
    endloop
  endfacet
  facet normal -0.997858 -0.0654194 0
    outer loop
      vertex -4.5346 80.7651 26
      vertex -4.55 81 29.6
      vertex -4.55 81 26
    endloop
  endfacet
  facet normal -0.997858 -0.0654194 0
    outer loop
      vertex -4.55 81 29.6
      vertex -4.5346 80.7651 26
      vertex -4.5346 80.7651 29.6
    endloop
  endfacet
  facet normal 0.321498 -0.94691 0
    outer loop
      vertex -2.28413 79.2613 26
      vertex -2.06117 79.337 29.6
      vertex -2.28413 79.2613 29.6
    endloop
  endfacet
  facet normal 0.321498 -0.94691 0
    outer loop
      vertex -2.06117 79.337 29.6
      vertex -2.28413 79.2613 26
      vertex -2.06117 79.337 26
    endloop
  endfacet
  facet normal 0.659244 -0.751929 0
    outer loop
      vertex -1.65423 79.572 26
      vertex -1.47721 79.7272 29.6
      vertex -1.65423 79.572 29.6
    endloop
  endfacet
  facet normal 0.659244 -0.751929 0
    outer loop
      vertex -1.47721 79.7272 29.6
      vertex -1.65423 79.572 26
      vertex -1.47721 79.7272 26
    endloop
  endfacet
  facet normal 0.0654055 -0.997859 0
    outer loop
      vertex -2.75 79.2 26
      vertex -2.51505 79.2154 29.6
      vertex -2.75 79.2 29.6
    endloop
  endfacet
  facet normal 0.0654055 -0.997859 0
    outer loop
      vertex -2.51505 79.2154 29.6
      vertex -2.75 79.2 26
      vertex -2.51505 79.2154 26
    endloop
  endfacet
  facet normal -0.321498 -0.94691 0
    outer loop
      vertex -3.43883 79.337 26
      vertex -3.21587 79.2613 29.6
      vertex -3.43883 79.337 29.6
    endloop
  endfacet
  facet normal -0.321498 -0.94691 -0
    outer loop
      vertex -3.21587 79.2613 29.6
      vertex -3.43883 79.337 26
      vertex -3.21587 79.2613 26
    endloop
  endfacet
  facet normal -0.946897 -0.321537 0
    outer loop
      vertex -4.41298 80.3112 26
      vertex -4.48867 80.5341 29.6
      vertex -4.48867 80.5341 26
    endloop
  endfacet
  facet normal -0.946897 -0.321537 0
    outer loop
      vertex -4.48867 80.5341 29.6
      vertex -4.41298 80.3112 26
      vertex -4.41298 80.3112 29.6
    endloop
  endfacet
  facet normal -0.751787 -0.659406 0
    outer loop
      vertex -4.02279 79.7272 26
      vertex -4.17804 79.9042 29.6
      vertex -4.17804 79.9042 26
    endloop
  endfacet
  facet normal -0.751787 -0.659406 0
    outer loop
      vertex -4.17804 79.9042 29.6
      vertex -4.02279 79.7272 26
      vertex -4.02279 79.7272 29.6
    endloop
  endfacet
  facet normal -0.0654432 0.997856 0
    outer loop
      vertex 52.25 79.5 29.6
      vertex 51.9237 79.4786 30.6
      vertex 52.25 79.5 30.6
    endloop
  endfacet
  facet normal -0.0654432 0.997856 0
    outer loop
      vertex 51.9237 79.4786 30.6
      vertex 52.25 79.5 29.6
      vertex 51.9237 79.4786 29.6
    endloop
  endfacet
  facet normal 0.659262 0.751913 -0
    outer loop
      vertex 54.0178 78.7678 29.6
      vertex 53.7719 78.9834 30.6
      vertex 54.0178 78.7678 30.6
    endloop
  endfacet
  facet normal 0.659262 0.751913 0
    outer loop
      vertex 53.7719 78.9834 30.6
      vertex 54.0178 78.7678 29.6
      vertex 53.7719 78.9834 29.6
    endloop
  endfacet
  facet normal -0.751913 0.659262 0
    outer loop
      vertex 50.2666 78.5219 29.6
      vertex 50.4822 78.7678 30.6
      vertex 50.4822 78.7678 29.6
    endloop
  endfacet
  facet normal -0.751913 0.659262 0
    outer loop
      vertex 50.4822 78.7678 30.6
      vertex 50.2666 78.5219 29.6
      vertex 50.2666 78.5219 30.6
    endloop
  endfacet
  facet normal -0.442191 0.896921 0
    outer loop
      vertex 51.2933 79.3097 29.6
      vertex 51 79.1651 30.6
      vertex 51.2933 79.3097 30.6
    endloop
  endfacet
  facet normal -0.442191 0.896921 0
    outer loop
      vertex 51 79.1651 30.6
      vertex 51.2933 79.3097 29.6
      vertex 51 79.1651 29.6
    endloop
  endfacet
  facet normal 0.896996 0.442039 0
    outer loop
      vertex 54.5383 78 30.6
      vertex 54.4151 78.25 29.6
      vertex 54.4151 78.25 30.6
    endloop
  endfacet
  facet normal 0.896996 0.442039 0
    outer loop
      vertex 54.4151 78.25 29.6
      vertex 54.5383 78 30.6
      vertex 54.5383 78 29.6
    endloop
  endfacet
  facet normal 0.32136 0.946957 -0
    outer loop
      vertex 53.2067 79.3097 29.6
      vertex 52.897 79.4148 30.6
      vertex 53.2067 79.3097 30.6
    endloop
  endfacet
  facet normal 0.32136 0.946957 0
    outer loop
      vertex 52.897 79.4148 30.6
      vertex 53.2067 79.3097 29.6
      vertex 52.897 79.4148 29.6
    endloop
  endfacet
  facet normal 0.555617 0.831438 -0
    outer loop
      vertex 53.7719 78.9834 29.6
      vertex 53.5 79.1651 30.6
      vertex 53.7719 78.9834 30.6
    endloop
  endfacet
  facet normal 0.555617 0.831438 0
    outer loop
      vertex 53.5 79.1651 30.6
      vertex 53.7719 78.9834 29.6
      vertex 53.5 79.1651 29.6
    endloop
  endfacet
  facet normal -0.831438 0.555617 0
    outer loop
      vertex 50.0849 78.25 29.6
      vertex 50.2666 78.5219 30.6
      vertex 50.2666 78.5219 29.6
    endloop
  endfacet
  facet normal -0.831438 0.555617 0
    outer loop
      vertex 50.2666 78.5219 30.6
      vertex 50.0849 78.25 29.6
      vertex 50.0849 78.25 30.6
    endloop
  endfacet
  facet normal -0.32136 0.946957 0
    outer loop
      vertex 51.603 79.4148 29.6
      vertex 51.2933 79.3097 30.6
      vertex 51.603 79.4148 30.6
    endloop
  endfacet
  facet normal -0.32136 0.946957 0
    outer loop
      vertex 51.2933 79.3097 30.6
      vertex 51.603 79.4148 29.6
      vertex 51.2933 79.3097 29.6
    endloop
  endfacet
  facet normal 0.195116 -0.98078 0
    outer loop
      vertex 52.5763 74.5214 29.6
      vertex 52.897 74.5852 30.6
      vertex 52.5763 74.5214 30.6
    endloop
  endfacet
  facet normal 0.195116 -0.98078 0
    outer loop
      vertex 52.897 74.5852 30.6
      vertex 52.5763 74.5214 29.6
      vertex 52.897 74.5852 29.6
    endloop
  endfacet
  facet normal -0.195116 -0.98078 0
    outer loop
      vertex 51.603 74.5852 29.6
      vertex 51.9237 74.5214 30.6
      vertex 51.603 74.5852 30.6
    endloop
  endfacet
  facet normal -0.195116 -0.98078 -0
    outer loop
      vertex 51.9237 74.5214 30.6
      vertex 51.603 74.5852 29.6
      vertex 51.9237 74.5214 29.6
    endloop
  endfacet
  facet normal 0.751913 0.659262 0
    outer loop
      vertex 54.2334 78.5219 30.6
      vertex 54.0178 78.7678 29.6
      vertex 54.0178 78.7678 30.6
    endloop
  endfacet
  facet normal 0.751913 0.659262 0
    outer loop
      vertex 54.0178 78.7678 29.6
      vertex 54.2334 78.5219 30.6
      vertex 54.2334 78.5219 29.6
    endloop
  endfacet
  facet normal 0.831438 0.555617 0
    outer loop
      vertex 54.4151 78.25 30.6
      vertex 54.2334 78.5219 29.6
      vertex 54.2334 78.5219 30.6
    endloop
  endfacet
  facet normal 0.831438 0.555617 0
    outer loop
      vertex 54.2334 78.5219 29.6
      vertex 54.4151 78.25 30.6
      vertex 54.4151 78.25 29.6
    endloop
  endfacet
  facet normal 0.195116 0.98078 -0
    outer loop
      vertex 52.897 79.4148 29.6
      vertex 52.5763 79.4786 30.6
      vertex 52.897 79.4148 30.6
    endloop
  endfacet
  facet normal 0.195116 0.98078 0
    outer loop
      vertex 52.5763 79.4786 30.6
      vertex 52.897 79.4148 29.6
      vertex 52.5763 79.4786 29.6
    endloop
  endfacet
  facet normal 0.0654432 0.997856 -0
    outer loop
      vertex 52.5763 79.4786 29.6
      vertex 52.25 79.5 30.6
      vertex 52.5763 79.4786 30.6
    endloop
  endfacet
  facet normal 0.0654432 0.997856 0
    outer loop
      vertex 52.25 79.5 30.6
      vertex 52.5763 79.4786 29.6
      vertex 52.25 79.5 29.6
    endloop
  endfacet
  facet normal 0.442191 0.896921 -0
    outer loop
      vertex 53.5 79.1651 29.6
      vertex 53.2067 79.3097 30.6
      vertex 53.5 79.1651 30.6
    endloop
  endfacet
  facet normal 0.442191 0.896921 0
    outer loop
      vertex 53.2067 79.3097 30.6
      vertex 53.5 79.1651 29.6
      vertex 53.2067 79.3097 29.6
    endloop
  endfacet
  facet normal 0 0 -1
    outer loop
      vertex 54.0346 76.7651 29.6
      vertex 54.75 76 29.6
      vertex 54.5383 76 29.6
    endloop
  endfacet
  facet normal 0 0 -1
    outer loop
      vertex 54.75 76 29.6
      vertex 54.05 77 29.6
      vertex 54.75 78 29.6
    endloop
  endfacet
  facet normal 0 0 -1
    outer loop
      vertex 53.8088 76.1 29.6
      vertex 54.5383 76 29.6
      vertex 54.4151 75.75 29.6
    endloop
  endfacet
  facet normal 0 0 -1
    outer loop
      vertex 54.0346 77.2349 29.6
      vertex 54.75 78 29.6
      vertex 54.05 77 29.6
    endloop
  endfacet
  facet normal 0 0 -1
    outer loop
      vertex 53.8088 76.1 29.6
      vertex 54.4151 75.75 29.6
      vertex 54.2334 75.4781 29.6
    endloop
  endfacet
  facet normal -0 0 -1
    outer loop
      vertex 54.75 78 29.6
      vertex 54.0346 77.2349 29.6
      vertex 54.5383 78 29.6
    endloop
  endfacet
  facet normal 0 0 -1
    outer loop
      vertex 53.9887 77.4659 29.6
      vertex 54.5383 78 29.6
      vertex 54.0346 77.2349 29.6
    endloop
  endfacet
  facet normal 0 0 -1
    outer loop
      vertex 54.75 76 29.6
      vertex 54.0346 76.7651 29.6
      vertex 54.05 77 29.6
    endloop
  endfacet
  facet normal 0 0 -1
    outer loop
      vertex 53.678 75.9042 29.6
      vertex 54.2334 75.4781 29.6
      vertex 54.0178 75.2322 29.6
    endloop
  endfacet
  facet normal 0 0 -1
    outer loop
      vertex 54.5383 76 29.6
      vertex 53.9887 76.5341 29.6
      vertex 54.0346 76.7651 29.6
    endloop
  endfacet
  facet normal 0 0 -1
    outer loop
      vertex 54.5383 76 29.6
      vertex 53.913 76.3112 29.6
      vertex 53.9887 76.5341 29.6
    endloop
  endfacet
  facet normal 0 0 -1
    outer loop
      vertex 54.5383 76 29.6
      vertex 53.8088 76.1 29.6
      vertex 53.913 76.3112 29.6
    endloop
  endfacet
  facet normal 0 0 -1
    outer loop
      vertex 53.5228 75.7272 29.6
      vertex 54.0178 75.2322 29.6
      vertex 53.7719 75.0166 29.6
    endloop
  endfacet
  facet normal 0 0 -1
    outer loop
      vertex 54.2334 75.4781 29.6
      vertex 53.678 75.9042 29.6
      vertex 53.8088 76.1 29.6
    endloop
  endfacet
  facet normal 0 0 -1
    outer loop
      vertex 54.0178 75.2322 29.6
      vertex 53.5228 75.7272 29.6
      vertex 53.678 75.9042 29.6
    endloop
  endfacet
  facet normal 0 0 -1
    outer loop
      vertex 53.3458 75.572 29.6
      vertex 53.7719 75.0166 29.6
      vertex 53.5 74.8349 29.6
    endloop
  endfacet
  facet normal 0 0 -1
    outer loop
      vertex 53.7719 75.0166 29.6
      vertex 53.3458 75.572 29.6
      vertex 53.5228 75.7272 29.6
    endloop
  endfacet
  facet normal 0 0 -1
    outer loop
      vertex 53.15 75.4412 29.6
      vertex 53.5 74.8349 29.6
      vertex 53.2067 74.6903 29.6
    endloop
  endfacet
  facet normal 0 0 -1
    outer loop
      vertex 53.5 74.8349 29.6
      vertex 53.15 75.4412 29.6
      vertex 53.3458 75.572 29.6
    endloop
  endfacet
  facet normal 0 0 -1
    outer loop
      vertex 53.2067 74.6903 29.6
      vertex 52.9388 75.337 29.6
      vertex 53.15 75.4412 29.6
    endloop
  endfacet
  facet normal 0 0 -1
    outer loop
      vertex 52.897 74.5852 29.6
      vertex 52.9388 75.337 29.6
      vertex 53.2067 74.6903 29.6
    endloop
  endfacet
  facet normal 0 0 -1
    outer loop
      vertex 52.897 74.5852 29.6
      vertex 52.7159 75.2613 29.6
      vertex 52.9388 75.337 29.6
    endloop
  endfacet
  facet normal 0 0 -1
    outer loop
      vertex 52.5763 74.5214 29.6
      vertex 52.7159 75.2613 29.6
      vertex 52.897 74.5852 29.6
    endloop
  endfacet
  facet normal 0 0 -1
    outer loop
      vertex 52.5763 74.5214 29.6
      vertex 52.4849 75.2154 29.6
      vertex 52.7159 75.2613 29.6
    endloop
  endfacet
  facet normal 0 0 -1
    outer loop
      vertex 52.25 74.5 29.6
      vertex 52.4849 75.2154 29.6
      vertex 52.5763 74.5214 29.6
    endloop
  endfacet
  facet normal 0 0 -1
    outer loop
      vertex 52.25 74.5 29.6
      vertex 52.25 75.2 29.6
      vertex 52.4849 75.2154 29.6
    endloop
  endfacet
  facet normal 0 0 -1
    outer loop
      vertex 52.25 74.5 29.6
      vertex 52.0151 75.2154 29.6
      vertex 52.25 75.2 29.6
    endloop
  endfacet
  facet normal 0 0 -1
    outer loop
      vertex 51.9237 74.5214 29.6
      vertex 52.0151 75.2154 29.6
      vertex 52.25 74.5 29.6
    endloop
  endfacet
  facet normal 0 0 -1
    outer loop
      vertex 51.9237 74.5214 29.6
      vertex 51.7841 75.2613 29.6
      vertex 52.0151 75.2154 29.6
    endloop
  endfacet
  facet normal 0 0 -1
    outer loop
      vertex 51.603 74.5852 29.6
      vertex 51.7841 75.2613 29.6
      vertex 51.9237 74.5214 29.6
    endloop
  endfacet
  facet normal 0 0 -1
    outer loop
      vertex 51.603 74.5852 29.6
      vertex 51.5612 75.337 29.6
      vertex 51.7841 75.2613 29.6
    endloop
  endfacet
  facet normal 0 0 -1
    outer loop
      vertex 51.2933 74.6903 29.6
      vertex 51.5612 75.337 29.6
      vertex 51.603 74.5852 29.6
    endloop
  endfacet
  facet normal -0 0 -1
    outer loop
      vertex 51.5612 75.337 29.6
      vertex 51.2933 74.6903 29.6
      vertex 51.35 75.4412 29.6
    endloop
  endfacet
  facet normal 0 0 -1
    outer loop
      vertex 51 74.8349 29.6
      vertex 51.35 75.4412 29.6
      vertex 51.2933 74.6903 29.6
    endloop
  endfacet
  facet normal -0 0 -1
    outer loop
      vertex 51.35 75.4412 29.6
      vertex 51 74.8349 29.6
      vertex 51.1542 75.572 29.6
    endloop
  endfacet
  facet normal 0 0 -1
    outer loop
      vertex 50.7281 75.0166 29.6
      vertex 51.1542 75.572 29.6
      vertex 51 74.8349 29.6
    endloop
  endfacet
  facet normal -0 0 -1
    outer loop
      vertex 51.1542 75.572 29.6
      vertex 50.7281 75.0166 29.6
      vertex 50.9772 75.7272 29.6
    endloop
  endfacet
  facet normal 0 0 -1
    outer loop
      vertex 50.4822 75.2322 29.6
      vertex 50.9772 75.7272 29.6
      vertex 50.7281 75.0166 29.6
    endloop
  endfacet
  facet normal -0 0 -1
    outer loop
      vertex 50.9772 75.7272 29.6
      vertex 50.4822 75.2322 29.6
      vertex 50.822 75.9042 29.6
    endloop
  endfacet
  facet normal 0 0 -1
    outer loop
      vertex 50.2666 75.4781 29.6
      vertex 50.822 75.9042 29.6
      vertex 50.4822 75.2322 29.6
    endloop
  endfacet
  facet normal -0 0 -1
    outer loop
      vertex 50.822 75.9042 29.6
      vertex 50.2666 75.4781 29.6
      vertex 50.6912 76.1 29.6
    endloop
  endfacet
  facet normal 0 0 -1
    outer loop
      vertex 50.0849 75.75 29.6
      vertex 50.6912 76.1 29.6
      vertex 50.2666 75.4781 29.6
    endloop
  endfacet
  facet normal 0 0 -1
    outer loop
      vertex 49.9617 76 29.6
      vertex 50.6912 76.1 29.6
      vertex 50.0849 75.75 29.6
    endloop
  endfacet
  facet normal -0 0 -1
    outer loop
      vertex 50.6912 76.1 29.6
      vertex 49.9617 76 29.6
      vertex 50.587 76.3112 29.6
    endloop
  endfacet
  facet normal -0 0 -1
    outer loop
      vertex 50.587 76.3112 29.6
      vertex 49.9617 76 29.6
      vertex 50.5113 76.5341 29.6
    endloop
  endfacet
  facet normal 0 0 -1
    outer loop
      vertex 53.913 77.6888 29.6
      vertex 54.5383 78 29.6
      vertex 53.9887 77.4659 29.6
    endloop
  endfacet
  facet normal 0 0 -1
    outer loop
      vertex 53.8088 77.9 29.6
      vertex 54.5383 78 29.6
      vertex 53.913 77.6888 29.6
    endloop
  endfacet
  facet normal -0 0 -1
    outer loop
      vertex 54.5383 78 29.6
      vertex 53.8088 77.9 29.6
      vertex 54.4151 78.25 29.6
    endloop
  endfacet
  facet normal -0 0 -1
    outer loop
      vertex 54.4151 78.25 29.6
      vertex 53.8088 77.9 29.6
      vertex 54.2334 78.5219 29.6
    endloop
  endfacet
  facet normal 0 0 -1
    outer loop
      vertex 53.678 78.0958 29.6
      vertex 54.2334 78.5219 29.6
      vertex 53.8088 77.9 29.6
    endloop
  endfacet
  facet normal -0 0 -1
    outer loop
      vertex 54.2334 78.5219 29.6
      vertex 53.678 78.0958 29.6
      vertex 54.0178 78.7678 29.6
    endloop
  endfacet
  facet normal 0 0 -1
    outer loop
      vertex 53.5228 78.2728 29.6
      vertex 54.0178 78.7678 29.6
      vertex 53.678 78.0958 29.6
    endloop
  endfacet
  facet normal -0 0 -1
    outer loop
      vertex 54.0178 78.7678 29.6
      vertex 53.5228 78.2728 29.6
      vertex 53.7719 78.9834 29.6
    endloop
  endfacet
  facet normal 0 0 -1
    outer loop
      vertex 53.3458 78.428 29.6
      vertex 53.7719 78.9834 29.6
      vertex 53.5228 78.2728 29.6
    endloop
  endfacet
  facet normal -0 0 -1
    outer loop
      vertex 53.7719 78.9834 29.6
      vertex 53.3458 78.428 29.6
      vertex 53.5 79.1651 29.6
    endloop
  endfacet
  facet normal 0 0 -1
    outer loop
      vertex 53.15 78.5588 29.6
      vertex 53.5 79.1651 29.6
      vertex 53.3458 78.428 29.6
    endloop
  endfacet
  facet normal -0 0 -1
    outer loop
      vertex 53.5 79.1651 29.6
      vertex 53.15 78.5588 29.6
      vertex 53.2067 79.3097 29.6
    endloop
  endfacet
  facet normal 0 0 -1
    outer loop
      vertex 52.9388 78.663 29.6
      vertex 53.2067 79.3097 29.6
      vertex 53.15 78.5588 29.6
    endloop
  endfacet
  facet normal 0 0 -1
    outer loop
      vertex 52.9388 78.663 29.6
      vertex 52.897 79.4148 29.6
      vertex 53.2067 79.3097 29.6
    endloop
  endfacet
  facet normal 0 0 -1
    outer loop
      vertex 52.7159 78.7387 29.6
      vertex 52.897 79.4148 29.6
      vertex 52.9388 78.663 29.6
    endloop
  endfacet
  facet normal 0 0 -1
    outer loop
      vertex 52.7159 78.7387 29.6
      vertex 52.5763 79.4786 29.6
      vertex 52.897 79.4148 29.6
    endloop
  endfacet
  facet normal 0 0 -1
    outer loop
      vertex 52.4849 78.7846 29.6
      vertex 52.5763 79.4786 29.6
      vertex 52.7159 78.7387 29.6
    endloop
  endfacet
  facet normal 0 0 -1
    outer loop
      vertex 52.25 78.8 29.6
      vertex 52.5763 79.4786 29.6
      vertex 52.4849 78.7846 29.6
    endloop
  endfacet
  facet normal 0 0 -1
    outer loop
      vertex 52.25 78.8 29.6
      vertex 52.25 79.5 29.6
      vertex 52.5763 79.4786 29.6
    endloop
  endfacet
  facet normal 0 0 -1
    outer loop
      vertex 52.0151 78.7846 29.6
      vertex 52.25 79.5 29.6
      vertex 52.25 78.8 29.6
    endloop
  endfacet
  facet normal 0 0 -1
    outer loop
      vertex 52.0151 78.7846 29.6
      vertex 51.9237 79.4786 29.6
      vertex 52.25 79.5 29.6
    endloop
  endfacet
  facet normal 0 0 -1
    outer loop
      vertex 51.7841 78.7387 29.6
      vertex 51.9237 79.4786 29.6
      vertex 52.0151 78.7846 29.6
    endloop
  endfacet
  facet normal 0 0 -1
    outer loop
      vertex 51.7841 78.7387 29.6
      vertex 51.603 79.4148 29.6
      vertex 51.9237 79.4786 29.6
    endloop
  endfacet
  facet normal 0 0 -1
    outer loop
      vertex 51.5612 78.663 29.6
      vertex 51.603 79.4148 29.6
      vertex 51.7841 78.7387 29.6
    endloop
  endfacet
  facet normal 0 0 -1
    outer loop
      vertex 51.2933 79.3097 29.6
      vertex 51.5612 78.663 29.6
      vertex 51.35 78.5588 29.6
    endloop
  endfacet
  facet normal 0 0 -1
    outer loop
      vertex 51.5612 78.663 29.6
      vertex 51.2933 79.3097 29.6
      vertex 51.603 79.4148 29.6
    endloop
  endfacet
  facet normal 0 0 -1
    outer loop
      vertex 51 79.1651 29.6
      vertex 51.35 78.5588 29.6
      vertex 51.1542 78.428 29.6
    endloop
  endfacet
  facet normal 0 0 -1
    outer loop
      vertex 51.35 78.5588 29.6
      vertex 51 79.1651 29.6
      vertex 51.2933 79.3097 29.6
    endloop
  endfacet
  facet normal 0 0 -1
    outer loop
      vertex 50.7281 78.9834 29.6
      vertex 51.1542 78.428 29.6
      vertex 50.9772 78.2728 29.6
    endloop
  endfacet
  facet normal 0 0 -1
    outer loop
      vertex 50.4822 78.7678 29.6
      vertex 50.9772 78.2728 29.6
      vertex 50.822 78.0958 29.6
    endloop
  endfacet
  facet normal 0 0 -1
    outer loop
      vertex 51.1542 78.428 29.6
      vertex 50.7281 78.9834 29.6
      vertex 51 79.1651 29.6
    endloop
  endfacet
  facet normal 0 0 -1
    outer loop
      vertex 50.2666 78.5219 29.6
      vertex 50.822 78.0958 29.6
      vertex 50.6912 77.9 29.6
    endloop
  endfacet
  facet normal 0 0 -1
    outer loop
      vertex 49.9617 78 29.6
      vertex 50.6912 77.9 29.6
      vertex 50.587 77.6888 29.6
    endloop
  endfacet
  facet normal 0 0 -1
    outer loop
      vertex 49.9617 78 29.6
      vertex 50.587 77.6888 29.6
      vertex 50.5113 77.4659 29.6
    endloop
  endfacet
  facet normal 0 0 -1
    outer loop
      vertex 50.9772 78.2728 29.6
      vertex 50.4822 78.7678 29.6
      vertex 50.7281 78.9834 29.6
    endloop
  endfacet
  facet normal 0 0 -1
    outer loop
      vertex 49.9617 78 29.6
      vertex 50.5113 77.4659 29.6
      vertex 50.4654 77.2349 29.6
    endloop
  endfacet
  facet normal 0 0 -1
    outer loop
      vertex 49.9617 78 29.6
      vertex 50.4654 77.2349 29.6
      vertex 50.45 77 29.6
    endloop
  endfacet
  facet normal -0 0 -1
    outer loop
      vertex 50.5113 76.5341 29.6
      vertex 49.9617 76 29.6
      vertex 50.4654 76.7651 29.6
    endloop
  endfacet
  facet normal 0 0 -1
    outer loop
      vertex 50.822 78.0958 29.6
      vertex 50.2666 78.5219 29.6
      vertex 50.4822 78.7678 29.6
    endloop
  endfacet
  facet normal -0 0 -1
    outer loop
      vertex 50.4654 76.7651 29.6
      vertex 49.9617 76 29.6
      vertex 50.45 77 29.6
    endloop
  endfacet
  facet normal 0 0 -1
    outer loop
      vertex 49.9617 78 29.6
      vertex 50.45 77 29.6
      vertex 49.9617 76 29.6
    endloop
  endfacet
  facet normal 0 0 -1
    outer loop
      vertex 50.6912 77.9 29.6
      vertex 49.9617 78 29.6
      vertex 50.0849 78.25 29.6
    endloop
  endfacet
  facet normal 0 0 -1
    outer loop
      vertex 50.6912 77.9 29.6
      vertex 50.0849 78.25 29.6
      vertex 50.2666 78.5219 29.6
    endloop
  endfacet
  facet normal 0 0 -1
    outer loop
      vertex 49.9617 76 29.6
      vertex 46.4 78 29.6
      vertex 49.9617 78 29.6
    endloop
  endfacet
  facet normal 0 0 -1
    outer loop
      vertex 44.4 76 29.6
      vertex 46.4 78 29.6
      vertex 49.9617 76 29.6
    endloop
  endfacet
  facet normal 0 0 -1
    outer loop
      vertex 44.4 78 29.6
      vertex 46.4 78 29.6
      vertex 44.4 76 29.6
    endloop
  endfacet
  facet normal 0 0 -1
    outer loop
      vertex 46.4 78 29.6
      vertex 44.4 78 29.6
      vertex 46.4 80 29.6
    endloop
  endfacet
  facet normal 0 0 -1
    outer loop
      vertex 44.4 78 29.6
      vertex 34.4 80 29.6
      vertex 46.4 80 29.6
    endloop
  endfacet
  facet normal 0 0 -1
    outer loop
      vertex 33 78 29.6
      vertex 34.4 80 29.6
      vertex 44.4 78 29.6
    endloop
  endfacet
  facet normal 0 0 -1
    outer loop
      vertex 33 80.4 29.6
      vertex 34.4 80 29.6
      vertex 33 78 29.6
    endloop
  endfacet
  facet normal 0 0 -1
    outer loop
      vertex 34.4 80 29.6
      vertex 33 80.4 29.6
      vertex 34.4 80.4 29.6
    endloop
  endfacet
  facet normal -0.896996 0.442039 0
    outer loop
      vertex 49.9617 78 29.6
      vertex 50.0849 78.25 30.6
      vertex 50.0849 78.25 29.6
    endloop
  endfacet
  facet normal -0.896996 0.442039 0
    outer loop
      vertex 50.0849 78.25 30.6
      vertex 49.9617 78 29.6
      vertex 49.9617 78 30.6
    endloop
  endfacet
  facet normal 0 0 1
    outer loop
      vertex 34.4 80.4 30.6
      vertex 33 80.4 30.6
      vertex 34.4 80 30.6
    endloop
  endfacet
  facet normal 0 0 1
    outer loop
      vertex 46.4 80 30.6
      vertex 44.4 78 30.6
      vertex 46.4 78 30.6
    endloop
  endfacet
  facet normal -0 0 1
    outer loop
      vertex 34.4 80 30.6
      vertex 44.4 78 30.6
      vertex 46.4 80 30.6
    endloop
  endfacet
  facet normal 0 0 1
    outer loop
      vertex 34.4 80 30.6
      vertex 33 78 30.6
      vertex 44.4 78 30.6
    endloop
  endfacet
  facet normal 0 0 1
    outer loop
      vertex 33 78 30.6
      vertex 34.4 80 30.6
      vertex 33 80.4 30.6
    endloop
  endfacet
  facet normal -0 0 1
    outer loop
      vertex 54.5383 78 30.6
      vertex 54.75 76 30.6
      vertex 54.75 78 30.6
    endloop
  endfacet
  facet normal 0 0 1
    outer loop
      vertex 54.5383 78 30.6
      vertex 54.5383 76 30.6
      vertex 54.75 76 30.6
    endloop
  endfacet
  facet normal 0 0 1
    outer loop
      vertex 53.2892 77.6 30.6
      vertex 54.5383 78 30.6
      vertex 54.4151 78.25 30.6
    endloop
  endfacet
  facet normal 0 0 1
    outer loop
      vertex 54.5383 78 30.6
      vertex 53.45 77 30.6
      vertex 54.5383 76 30.6
    endloop
  endfacet
  facet normal 0 0 1
    outer loop
      vertex 53.2892 77.6 30.6
      vertex 54.4151 78.25 30.6
      vertex 54.2334 78.5219 30.6
    endloop
  endfacet
  facet normal -0 0 1
    outer loop
      vertex 53.4397 76.8434 30.6
      vertex 54.5383 76 30.6
      vertex 53.45 77 30.6
    endloop
  endfacet
  facet normal 0 0 1
    outer loop
      vertex 53.202 77.7305 30.6
      vertex 54.2334 78.5219 30.6
      vertex 54.0178 78.7678 30.6
    endloop
  endfacet
  facet normal -0 0 1
    outer loop
      vertex 53.4091 76.6894 30.6
      vertex 54.5383 76 30.6
      vertex 53.4397 76.8434 30.6
    endloop
  endfacet
  facet normal 0 0 1
    outer loop
      vertex 53.0985 77.8485 30.6
      vertex 54.0178 78.7678 30.6
      vertex 53.7719 78.9834 30.6
    endloop
  endfacet
  facet normal -0 0 1
    outer loop
      vertex 53.3587 76.5408 30.6
      vertex 54.5383 76 30.6
      vertex 53.4091 76.6894 30.6
    endloop
  endfacet
  facet normal 0 0 1
    outer loop
      vertex 52.9805 77.952 30.6
      vertex 53.7719 78.9834 30.6
      vertex 53.5 79.1651 30.6
    endloop
  endfacet
  facet normal -0 0 1
    outer loop
      vertex 53.2892 76.4 30.6
      vertex 54.5383 76 30.6
      vertex 53.3587 76.5408 30.6
    endloop
  endfacet
  facet normal 0 0 1
    outer loop
      vertex 54.5383 76 30.6
      vertex 53.2892 76.4 30.6
      vertex 54.4151 75.75 30.6
    endloop
  endfacet
  facet normal 0 0 1
    outer loop
      vertex 54.5383 78 30.6
      vertex 53.4397 77.1566 30.6
      vertex 53.45 77 30.6
    endloop
  endfacet
  facet normal 0 0 1
    outer loop
      vertex 54.5383 78 30.6
      vertex 53.4091 77.3106 30.6
      vertex 53.4397 77.1566 30.6
    endloop
  endfacet
  facet normal 0 0 1
    outer loop
      vertex 54.5383 78 30.6
      vertex 53.3587 77.4592 30.6
      vertex 53.4091 77.3106 30.6
    endloop
  endfacet
  facet normal 0 0 1
    outer loop
      vertex 54.5383 78 30.6
      vertex 53.2892 77.6 30.6
      vertex 53.3587 77.4592 30.6
    endloop
  endfacet
  facet normal 0 0 1
    outer loop
      vertex 52.85 78.0392 30.6
      vertex 53.5 79.1651 30.6
      vertex 53.2067 79.3097 30.6
    endloop
  endfacet
  facet normal 0 0 1
    outer loop
      vertex 54.2334 78.5219 30.6
      vertex 53.202 77.7305 30.6
      vertex 53.2892 77.6 30.6
    endloop
  endfacet
  facet normal 0 0 1
    outer loop
      vertex 54.0178 78.7678 30.6
      vertex 53.0985 77.8485 30.6
      vertex 53.202 77.7305 30.6
    endloop
  endfacet
  facet normal 0 0 1
    outer loop
      vertex 53.7719 78.9834 30.6
      vertex 52.9805 77.952 30.6
      vertex 53.0985 77.8485 30.6
    endloop
  endfacet
  facet normal 0 0 1
    outer loop
      vertex 52.7092 78.1087 30.6
      vertex 53.2067 79.3097 30.6
      vertex 52.897 79.4148 30.6
    endloop
  endfacet
  facet normal 0 0 1
    outer loop
      vertex 53.5 79.1651 30.6
      vertex 52.85 78.0392 30.6
      vertex 52.9805 77.952 30.6
    endloop
  endfacet
  facet normal 0 0 1
    outer loop
      vertex 53.2067 79.3097 30.6
      vertex 52.7092 78.1087 30.6
      vertex 52.85 78.0392 30.6
    endloop
  endfacet
  facet normal 0 0 1
    outer loop
      vertex 52.5606 78.1591 30.6
      vertex 52.897 79.4148 30.6
      vertex 52.5763 79.4786 30.6
    endloop
  endfacet
  facet normal 0 0 1
    outer loop
      vertex 52.897 79.4148 30.6
      vertex 52.5606 78.1591 30.6
      vertex 52.7092 78.1087 30.6
    endloop
  endfacet
  facet normal 0 0 1
    outer loop
      vertex 52.5763 79.4786 30.6
      vertex 52.4066 78.1897 30.6
      vertex 52.5606 78.1591 30.6
    endloop
  endfacet
  facet normal 0 0 1
    outer loop
      vertex 52.25 79.5 30.6
      vertex 52.4066 78.1897 30.6
      vertex 52.5763 79.4786 30.6
    endloop
  endfacet
  facet normal 0 0 1
    outer loop
      vertex 52.25 79.5 30.6
      vertex 52.25 78.2 30.6
      vertex 52.4066 78.1897 30.6
    endloop
  endfacet
  facet normal 0 0 1
    outer loop
      vertex 52.25 79.5 30.6
      vertex 52.0934 78.1897 30.6
      vertex 52.25 78.2 30.6
    endloop
  endfacet
  facet normal -0 0 1
    outer loop
      vertex 51.9237 79.4786 30.6
      vertex 52.0934 78.1897 30.6
      vertex 52.25 79.5 30.6
    endloop
  endfacet
  facet normal 0 0 1
    outer loop
      vertex 52.0934 78.1897 30.6
      vertex 51.9237 79.4786 30.6
      vertex 51.9394 78.1591 30.6
    endloop
  endfacet
  facet normal -0 0 1
    outer loop
      vertex 51.603 79.4148 30.6
      vertex 51.9394 78.1591 30.6
      vertex 51.9237 79.4786 30.6
    endloop
  endfacet
  facet normal 0 0 1
    outer loop
      vertex 51.9394 78.1591 30.6
      vertex 51.603 79.4148 30.6
      vertex 51.7908 78.1087 30.6
    endloop
  endfacet
  facet normal -0 0 1
    outer loop
      vertex 51.2933 79.3097 30.6
      vertex 51.7908 78.1087 30.6
      vertex 51.603 79.4148 30.6
    endloop
  endfacet
  facet normal 0 0 1
    outer loop
      vertex 51.7908 78.1087 30.6
      vertex 51.2933 79.3097 30.6
      vertex 51.65 78.0392 30.6
    endloop
  endfacet
  facet normal -0 0 1
    outer loop
      vertex 51 79.1651 30.6
      vertex 51.65 78.0392 30.6
      vertex 51.2933 79.3097 30.6
    endloop
  endfacet
  facet normal 0 0 1
    outer loop
      vertex 51.65 78.0392 30.6
      vertex 51 79.1651 30.6
      vertex 51.5195 77.952 30.6
    endloop
  endfacet
  facet normal -0 0 1
    outer loop
      vertex 50.7281 78.9834 30.6
      vertex 51.5195 77.952 30.6
      vertex 51 79.1651 30.6
    endloop
  endfacet
  facet normal 0 0 1
    outer loop
      vertex 51.5195 77.952 30.6
      vertex 50.7281 78.9834 30.6
      vertex 51.4015 77.8485 30.6
    endloop
  endfacet
  facet normal -0 0 1
    outer loop
      vertex 50.4822 78.7678 30.6
      vertex 51.4015 77.8485 30.6
      vertex 50.7281 78.9834 30.6
    endloop
  endfacet
  facet normal 0 0 1
    outer loop
      vertex 51.4015 77.8485 30.6
      vertex 50.4822 78.7678 30.6
      vertex 51.298 77.7305 30.6
    endloop
  endfacet
  facet normal -0 0 1
    outer loop
      vertex 50.2666 78.5219 30.6
      vertex 51.298 77.7305 30.6
      vertex 50.4822 78.7678 30.6
    endloop
  endfacet
  facet normal -0 0 1
    outer loop
      vertex 50.0849 78.25 30.6
      vertex 51.2108 77.6 30.6
      vertex 50.2666 78.5219 30.6
    endloop
  endfacet
  facet normal 0 0 1
    outer loop
      vertex 51.298 77.7305 30.6
      vertex 50.2666 78.5219 30.6
      vertex 51.2108 77.6 30.6
    endloop
  endfacet
  facet normal 0 0 1
    outer loop
      vertex 54.4151 75.75 30.6
      vertex 53.2892 76.4 30.6
      vertex 54.2334 75.4781 30.6
    endloop
  endfacet
  facet normal -0 0 1
    outer loop
      vertex 53.202 76.2695 30.6
      vertex 54.2334 75.4781 30.6
      vertex 53.2892 76.4 30.6
    endloop
  endfacet
  facet normal 0 0 1
    outer loop
      vertex 54.2334 75.4781 30.6
      vertex 53.202 76.2695 30.6
      vertex 54.0178 75.2322 30.6
    endloop
  endfacet
  facet normal -0 0 1
    outer loop
      vertex 53.0985 76.1515 30.6
      vertex 54.0178 75.2322 30.6
      vertex 53.202 76.2695 30.6
    endloop
  endfacet
  facet normal 0 0 1
    outer loop
      vertex 54.0178 75.2322 30.6
      vertex 53.0985 76.1515 30.6
      vertex 53.7719 75.0166 30.6
    endloop
  endfacet
  facet normal -0 0 1
    outer loop
      vertex 52.9805 76.048 30.6
      vertex 53.7719 75.0166 30.6
      vertex 53.0985 76.1515 30.6
    endloop
  endfacet
  facet normal 0 0 1
    outer loop
      vertex 53.7719 75.0166 30.6
      vertex 52.9805 76.048 30.6
      vertex 53.5 74.8349 30.6
    endloop
  endfacet
  facet normal -0 0 1
    outer loop
      vertex 52.85 75.9608 30.6
      vertex 53.5 74.8349 30.6
      vertex 52.9805 76.048 30.6
    endloop
  endfacet
  facet normal 0 0 1
    outer loop
      vertex 53.5 74.8349 30.6
      vertex 52.85 75.9608 30.6
      vertex 53.2067 74.6903 30.6
    endloop
  endfacet
  facet normal -0 0 1
    outer loop
      vertex 52.7092 75.8913 30.6
      vertex 53.2067 74.6903 30.6
      vertex 52.85 75.9608 30.6
    endloop
  endfacet
  facet normal 0 0 1
    outer loop
      vertex 53.2067 74.6903 30.6
      vertex 52.7092 75.8913 30.6
      vertex 52.897 74.5852 30.6
    endloop
  endfacet
  facet normal -0 0 1
    outer loop
      vertex 52.5606 75.8409 30.6
      vertex 52.897 74.5852 30.6
      vertex 52.7092 75.8913 30.6
    endloop
  endfacet
  facet normal 0 0 1
    outer loop
      vertex 52.897 74.5852 30.6
      vertex 52.5606 75.8409 30.6
      vertex 52.5763 74.5214 30.6
    endloop
  endfacet
  facet normal -0 0 1
    outer loop
      vertex 52.4066 75.8103 30.6
      vertex 52.5763 74.5214 30.6
      vertex 52.5606 75.8409 30.6
    endloop
  endfacet
  facet normal -0 0 1
    outer loop
      vertex 52.25 75.8 30.6
      vertex 52.5763 74.5214 30.6
      vertex 52.4066 75.8103 30.6
    endloop
  endfacet
  facet normal 0 0 1
    outer loop
      vertex 52.25 75.8 30.6
      vertex 52.25 74.5 30.6
      vertex 52.5763 74.5214 30.6
    endloop
  endfacet
  facet normal 0 0 1
    outer loop
      vertex 52.0934 75.8103 30.6
      vertex 52.25 74.5 30.6
      vertex 52.25 75.8 30.6
    endloop
  endfacet
  facet normal 0 0 1
    outer loop
      vertex 51.9237 74.5214 30.6
      vertex 52.0934 75.8103 30.6
      vertex 51.9394 75.8409 30.6
    endloop
  endfacet
  facet normal 0 0 1
    outer loop
      vertex 52.0934 75.8103 30.6
      vertex 51.9237 74.5214 30.6
      vertex 52.25 74.5 30.6
    endloop
  endfacet
  facet normal 0 0 1
    outer loop
      vertex 51.603 74.5852 30.6
      vertex 51.9394 75.8409 30.6
      vertex 51.7908 75.8913 30.6
    endloop
  endfacet
  facet normal 0 0 1
    outer loop
      vertex 51.2933 74.6903 30.6
      vertex 51.7908 75.8913 30.6
      vertex 51.65 75.9608 30.6
    endloop
  endfacet
  facet normal 0 0 1
    outer loop
      vertex 51.9394 75.8409 30.6
      vertex 51.603 74.5852 30.6
      vertex 51.9237 74.5214 30.6
    endloop
  endfacet
  facet normal 0 0 1
    outer loop
      vertex 51 74.8349 30.6
      vertex 51.65 75.9608 30.6
      vertex 51.5195 76.048 30.6
    endloop
  endfacet
  facet normal 0 0 1
    outer loop
      vertex 50.7281 75.0166 30.6
      vertex 51.5195 76.048 30.6
      vertex 51.4015 76.1515 30.6
    endloop
  endfacet
  facet normal 0 0 1
    outer loop
      vertex 50.4822 75.2322 30.6
      vertex 51.4015 76.1515 30.6
      vertex 51.298 76.2695 30.6
    endloop
  endfacet
  facet normal 0 0 1
    outer loop
      vertex 51.7908 75.8913 30.6
      vertex 51.2933 74.6903 30.6
      vertex 51.603 74.5852 30.6
    endloop
  endfacet
  facet normal 0 0 1
    outer loop
      vertex 50.2666 75.4781 30.6
      vertex 51.298 76.2695 30.6
      vertex 51.2108 76.4 30.6
    endloop
  endfacet
  facet normal 0 0 1
    outer loop
      vertex 49.9617 76 30.6
      vertex 51.2108 76.4 30.6
      vertex 51.1413 76.5408 30.6
    endloop
  endfacet
  facet normal 0 0 1
    outer loop
      vertex 49.9617 76 30.6
      vertex 51.1413 76.5408 30.6
      vertex 51.0909 76.6894 30.6
    endloop
  endfacet
  facet normal 0 0 1
    outer loop
      vertex 49.9617 76 30.6
      vertex 51.0909 76.6894 30.6
      vertex 51.0603 76.8434 30.6
    endloop
  endfacet
  facet normal 0 0 1
    outer loop
      vertex 51.65 75.9608 30.6
      vertex 51 74.8349 30.6
      vertex 51.2933 74.6903 30.6
    endloop
  endfacet
  facet normal 0 0 1
    outer loop
      vertex 49.9617 76 30.6
      vertex 51.0603 76.8434 30.6
      vertex 51.05 77 30.6
    endloop
  endfacet
  facet normal -0 0 1
    outer loop
      vertex 49.9617 78 30.6
      vertex 51.2108 77.6 30.6
      vertex 50.0849 78.25 30.6
    endloop
  endfacet
  facet normal 0 0 1
    outer loop
      vertex 51.2108 77.6 30.6
      vertex 49.9617 78 30.6
      vertex 51.1413 77.4592 30.6
    endloop
  endfacet
  facet normal 0 0 1
    outer loop
      vertex 51.5195 76.048 30.6
      vertex 50.7281 75.0166 30.6
      vertex 51 74.8349 30.6
    endloop
  endfacet
  facet normal 0 0 1
    outer loop
      vertex 51.1413 77.4592 30.6
      vertex 49.9617 78 30.6
      vertex 51.0909 77.3106 30.6
    endloop
  endfacet
  facet normal 0 0 1
    outer loop
      vertex 51.4015 76.1515 30.6
      vertex 50.4822 75.2322 30.6
      vertex 50.7281 75.0166 30.6
    endloop
  endfacet
  facet normal 0 0 1
    outer loop
      vertex 51.0909 77.3106 30.6
      vertex 49.9617 78 30.6
      vertex 51.0603 77.1566 30.6
    endloop
  endfacet
  facet normal 0 0 1
    outer loop
      vertex 51.298 76.2695 30.6
      vertex 50.2666 75.4781 30.6
      vertex 50.4822 75.2322 30.6
    endloop
  endfacet
  facet normal 0 0 1
    outer loop
      vertex 51.0603 77.1566 30.6
      vertex 49.9617 78 30.6
      vertex 51.05 77 30.6
    endloop
  endfacet
  facet normal 0 0 1
    outer loop
      vertex 49.9617 76 30.6
      vertex 51.05 77 30.6
      vertex 49.9617 78 30.6
    endloop
  endfacet
  facet normal 0 0 1
    outer loop
      vertex 51.2108 76.4 30.6
      vertex 49.9617 76 30.6
      vertex 50.0849 75.75 30.6
    endloop
  endfacet
  facet normal 0 0 1
    outer loop
      vertex 51.2108 76.4 30.6
      vertex 50.0849 75.75 30.6
      vertex 50.2666 75.4781 30.6
    endloop
  endfacet
  facet normal -0 0 1
    outer loop
      vertex 46.4 78 30.6
      vertex 49.9617 76 30.6
      vertex 49.9617 78 30.6
    endloop
  endfacet
  facet normal 0 0 1
    outer loop
      vertex 44.4 76 30.6
      vertex 46.4 78 30.6
      vertex 44.4 78 30.6
    endloop
  endfacet
  facet normal 0 0 1
    outer loop
      vertex 46.4 78 30.6
      vertex 44.4 76 30.6
      vertex 49.9617 76 30.6
    endloop
  endfacet
  facet normal -0.555617 0.831438 0
    outer loop
      vertex 51 79.1651 29.6
      vertex 50.7281 78.9834 30.6
      vertex 51 79.1651 30.6
    endloop
  endfacet
  facet normal -0.555617 0.831438 0
    outer loop
      vertex 50.7281 78.9834 30.6
      vertex 51 79.1651 29.6
      vertex 50.7281 78.9834 29.6
    endloop
  endfacet
  facet normal -0.659262 0.751913 0
    outer loop
      vertex 50.7281 78.9834 29.6
      vertex 50.4822 78.7678 30.6
      vertex 50.7281 78.9834 30.6
    endloop
  endfacet
  facet normal -0.659262 0.751913 0
    outer loop
      vertex 50.4822 78.7678 30.6
      vertex 50.7281 78.9834 29.6
      vertex 50.4822 78.7678 29.6
    endloop
  endfacet
  facet normal -0.195116 0.98078 0
    outer loop
      vertex 51.9237 79.4786 29.6
      vertex 51.603 79.4148 30.6
      vertex 51.9237 79.4786 30.6
    endloop
  endfacet
  facet normal -0.195116 0.98078 0
    outer loop
      vertex 51.603 79.4148 30.6
      vertex 51.9237 79.4786 29.6
      vertex 51.603 79.4148 29.6
    endloop
  endfacet
  facet normal 0.32136 -0.946957 0
    outer loop
      vertex 52.897 74.5852 29.6
      vertex 53.2067 74.6903 30.6
      vertex 52.897 74.5852 30.6
    endloop
  endfacet
  facet normal 0.32136 -0.946957 0
    outer loop
      vertex 53.2067 74.6903 30.6
      vertex 52.897 74.5852 29.6
      vertex 53.2067 74.6903 29.6
    endloop
  endfacet
  facet normal 0.751913 -0.659262 0
    outer loop
      vertex 54.0178 75.2322 30.6
      vertex 54.2334 75.4781 29.6
      vertex 54.2334 75.4781 30.6
    endloop
  endfacet
  facet normal 0.751913 -0.659262 0
    outer loop
      vertex 54.2334 75.4781 29.6
      vertex 54.0178 75.2322 30.6
      vertex 54.0178 75.2322 29.6
    endloop
  endfacet
  facet normal 0.555617 -0.831438 0
    outer loop
      vertex 53.5 74.8349 29.6
      vertex 53.7719 75.0166 30.6
      vertex 53.5 74.8349 30.6
    endloop
  endfacet
  facet normal 0.555617 -0.831438 0
    outer loop
      vertex 53.7719 75.0166 30.6
      vertex 53.5 74.8349 29.6
      vertex 53.7719 75.0166 29.6
    endloop
  endfacet
  facet normal 0.831438 -0.555617 0
    outer loop
      vertex 54.2334 75.4781 30.6
      vertex 54.4151 75.75 29.6
      vertex 54.4151 75.75 30.6
    endloop
  endfacet
  facet normal 0.831438 -0.555617 0
    outer loop
      vertex 54.4151 75.75 29.6
      vertex 54.2334 75.4781 30.6
      vertex 54.2334 75.4781 29.6
    endloop
  endfacet
  facet normal -0.555617 -0.831438 0
    outer loop
      vertex 50.7281 75.0166 29.6
      vertex 51 74.8349 30.6
      vertex 50.7281 75.0166 30.6
    endloop
  endfacet
  facet normal -0.555617 -0.831438 -0
    outer loop
      vertex 51 74.8349 30.6
      vertex 50.7281 75.0166 29.6
      vertex 51 74.8349 29.6
    endloop
  endfacet
  facet normal -0.32136 -0.946957 0
    outer loop
      vertex 51.2933 74.6903 29.6
      vertex 51.603 74.5852 30.6
      vertex 51.2933 74.6903 30.6
    endloop
  endfacet
  facet normal -0.32136 -0.946957 -0
    outer loop
      vertex 51.603 74.5852 30.6
      vertex 51.2933 74.6903 29.6
      vertex 51.603 74.5852 29.6
    endloop
  endfacet
  facet normal -0.0654432 -0.997856 0
    outer loop
      vertex 51.9237 74.5214 29.6
      vertex 52.25 74.5 30.6
      vertex 51.9237 74.5214 30.6
    endloop
  endfacet
  facet normal -0.0654432 -0.997856 -0
    outer loop
      vertex 52.25 74.5 30.6
      vertex 51.9237 74.5214 29.6
      vertex 52.25 74.5 29.6
    endloop
  endfacet
  facet normal -0.831438 -0.555617 0
    outer loop
      vertex 50.2666 75.4781 29.6
      vertex 50.0849 75.75 30.6
      vertex 50.0849 75.75 29.6
    endloop
  endfacet
  facet normal -0.831438 -0.555617 0
    outer loop
      vertex 50.0849 75.75 30.6
      vertex 50.2666 75.4781 29.6
      vertex 50.2666 75.4781 30.6
    endloop
  endfacet
  facet normal -0.659262 -0.751913 0
    outer loop
      vertex 50.4822 75.2322 29.6
      vertex 50.7281 75.0166 30.6
      vertex 50.4822 75.2322 30.6
    endloop
  endfacet
  facet normal -0.659262 -0.751913 -0
    outer loop
      vertex 50.7281 75.0166 30.6
      vertex 50.4822 75.2322 29.6
      vertex 50.7281 75.0166 29.6
    endloop
  endfacet
  facet normal -0.896996 -0.442039 0
    outer loop
      vertex 50.0849 75.75 29.6
      vertex 49.9617 76 30.6
      vertex 49.9617 76 29.6
    endloop
  endfacet
  facet normal -0.896996 -0.442039 0
    outer loop
      vertex 49.9617 76 30.6
      vertex 50.0849 75.75 29.6
      vertex 50.0849 75.75 30.6
    endloop
  endfacet
  facet normal 0.442191 -0.896921 0
    outer loop
      vertex 53.2067 74.6903 29.6
      vertex 53.5 74.8349 30.6
      vertex 53.2067 74.6903 30.6
    endloop
  endfacet
  facet normal 0.442191 -0.896921 0
    outer loop
      vertex 53.5 74.8349 30.6
      vertex 53.2067 74.6903 29.6
      vertex 53.5 74.8349 29.6
    endloop
  endfacet
  facet normal 0.659262 -0.751913 0
    outer loop
      vertex 53.7719 75.0166 29.6
      vertex 54.0178 75.2322 30.6
      vertex 53.7719 75.0166 30.6
    endloop
  endfacet
  facet normal 0.659262 -0.751913 0
    outer loop
      vertex 54.0178 75.2322 30.6
      vertex 53.7719 75.0166 29.6
      vertex 54.0178 75.2322 29.6
    endloop
  endfacet
  facet normal 0.896996 -0.442039 0
    outer loop
      vertex 54.4151 75.75 30.6
      vertex 54.5383 76 29.6
      vertex 54.5383 76 30.6
    endloop
  endfacet
  facet normal 0.896996 -0.442039 0
    outer loop
      vertex 54.5383 76 29.6
      vertex 54.4151 75.75 30.6
      vertex 54.4151 75.75 29.6
    endloop
  endfacet
  facet normal -0.442191 -0.896921 0
    outer loop
      vertex 51 74.8349 29.6
      vertex 51.2933 74.6903 30.6
      vertex 51 74.8349 30.6
    endloop
  endfacet
  facet normal -0.442191 -0.896921 -0
    outer loop
      vertex 51.2933 74.6903 30.6
      vertex 51 74.8349 29.6
      vertex 51.2933 74.6903 29.6
    endloop
  endfacet
  facet normal 0.0654432 -0.997856 0
    outer loop
      vertex 52.25 74.5 29.6
      vertex 52.5763 74.5214 30.6
      vertex 52.25 74.5 30.6
    endloop
  endfacet
  facet normal 0.0654432 -0.997856 0
    outer loop
      vertex 52.5763 74.5214 30.6
      vertex 52.25 74.5 29.6
      vertex 52.5763 74.5214 29.6
    endloop
  endfacet
  facet normal -0.751913 -0.659262 0
    outer loop
      vertex 50.4822 75.2322 29.6
      vertex 50.2666 75.4781 30.6
      vertex 50.2666 75.4781 29.6
    endloop
  endfacet
  facet normal -0.751913 -0.659262 0
    outer loop
      vertex 50.2666 75.4781 30.6
      vertex 50.4822 75.2322 29.6
      vertex 50.4822 75.2322 30.6
    endloop
  endfacet
  facet normal 0.555484 0.831527 -0
    outer loop
      vertex 53.3458 78.428 26
      vertex 53.15 78.5588 29.6
      vertex 53.3458 78.428 29.6
    endloop
  endfacet
  facet normal 0.555484 0.831527 0
    outer loop
      vertex 53.15 78.5588 29.6
      vertex 53.3458 78.428 26
      vertex 53.15 78.5588 26
    endloop
  endfacet
  facet normal 0.980825 -0.194891 0
    outer loop
      vertex 53.9887 76.5341 29.6
      vertex 54.0346 76.7651 26
      vertex 54.0346 76.7651 29.6
    endloop
  endfacet
  facet normal 0.980825 -0.194891 0
    outer loop
      vertex 54.0346 76.7651 26
      vertex 53.9887 76.5341 29.6
      vertex 53.9887 76.5341 26
    endloop
  endfacet
  facet normal -0.194891 -0.980825 0
    outer loop
      vertex 51.7841 75.2613 26
      vertex 52.0151 75.2154 29.6
      vertex 51.7841 75.2613 29.6
    endloop
  endfacet
  facet normal -0.194891 -0.980825 -0
    outer loop
      vertex 52.0151 75.2154 29.6
      vertex 51.7841 75.2613 26
      vertex 52.0151 75.2154 26
    endloop
  endfacet
  facet normal -0.442452 0.896792 0
    outer loop
      vertex 51.5612 78.663 26
      vertex 51.35 78.5588 29.6
      vertex 51.5612 78.663 29.6
    endloop
  endfacet
  facet normal -0.442452 0.896792 0
    outer loop
      vertex 51.35 78.5588 29.6
      vertex 51.5612 78.663 26
      vertex 51.35 78.5588 26
    endloop
  endfacet
  facet normal -0.946884 0.321575 0
    outer loop
      vertex 50.5113 77.4659 26
      vertex 50.587 77.6888 29.6
      vertex 50.587 77.6888 26
    endloop
  endfacet
  facet normal -0.946884 0.321575 0
    outer loop
      vertex 50.587 77.6888 29.6
      vertex 50.5113 77.4659 26
      vertex 50.5113 77.4659 29.6
    endloop
  endfacet
  facet normal 0.997858 -0.0654194 0
    outer loop
      vertex 54.0346 76.7651 29.6
      vertex 54.05 77 26
      vertex 54.05 77 29.6
    endloop
  endfacet
  facet normal 0.997858 -0.0654194 0
    outer loop
      vertex 54.05 77 26
      vertex 54.0346 76.7651 29.6
      vertex 54.0346 76.7651 26
    endloop
  endfacet
  facet normal 0.896792 0.442452 0
    outer loop
      vertex 53.913 77.6888 29.6
      vertex 53.8088 77.9 26
      vertex 53.8088 77.9 29.6
    endloop
  endfacet
  facet normal 0.896792 0.442452 0
    outer loop
      vertex 53.8088 77.9 26
      vertex 53.913 77.6888 29.6
      vertex 53.913 77.6888 26
    endloop
  endfacet
  facet normal 0.831527 0.555484 0
    outer loop
      vertex 53.8088 77.9 29.6
      vertex 53.678 78.0958 26
      vertex 53.678 78.0958 29.6
    endloop
  endfacet
  facet normal 0.831527 0.555484 0
    outer loop
      vertex 53.678 78.0958 26
      vertex 53.8088 77.9 29.6
      vertex 53.8088 77.9 26
    endloop
  endfacet
  facet normal 0.659286 0.751892 -0
    outer loop
      vertex 53.5228 78.2728 26
      vertex 53.3458 78.428 29.6
      vertex 53.5228 78.2728 29.6
    endloop
  endfacet
  facet normal 0.659286 0.751892 0
    outer loop
      vertex 53.3458 78.428 29.6
      vertex 53.5228 78.2728 26
      vertex 53.3458 78.428 26
    endloop
  endfacet
  facet normal 0.321575 0.946884 -0
    outer loop
      vertex 52.9388 78.663 26
      vertex 52.7159 78.7387 29.6
      vertex 52.9388 78.663 29.6
    endloop
  endfacet
  facet normal 0.321575 0.946884 0
    outer loop
      vertex 52.7159 78.7387 29.6
      vertex 52.9388 78.663 26
      vertex 52.7159 78.7387 26
    endloop
  endfacet
  facet normal 0.0654194 0.997858 -0
    outer loop
      vertex 52.4849 78.7846 26
      vertex 52.25 78.8 29.6
      vertex 52.4849 78.7846 29.6
    endloop
  endfacet
  facet normal 0.0654194 0.997858 0
    outer loop
      vertex 52.25 78.8 29.6
      vertex 52.4849 78.7846 26
      vertex 52.25 78.8 26
    endloop
  endfacet
  facet normal 0 0 -1
    outer loop
      vertex 53.45 77 26
      vertex 54.05 77 26
      vertex 54.0346 76.7651 26
    endloop
  endfacet
  facet normal 0 0 -1
    outer loop
      vertex 53.4397 76.8434 26
      vertex 54.0346 76.7651 26
      vertex 53.9887 76.5341 26
    endloop
  endfacet
  facet normal 0 0 -1
    outer loop
      vertex 54.05 77 26
      vertex 53.45 77 26
      vertex 54.0346 77.2349 26
    endloop
  endfacet
  facet normal 0 0 -1
    outer loop
      vertex 53.4091 76.6894 26
      vertex 53.9887 76.5341 26
      vertex 53.913 76.3112 26
    endloop
  endfacet
  facet normal 0 0 -1
    outer loop
      vertex 53.4397 77.1566 26
      vertex 54.0346 77.2349 26
      vertex 53.45 77 26
    endloop
  endfacet
  facet normal 0 0 -1
    outer loop
      vertex 53.3587 76.5408 26
      vertex 53.913 76.3112 26
      vertex 53.8088 76.1 26
    endloop
  endfacet
  facet normal -0 0 -1
    outer loop
      vertex 54.0346 77.2349 26
      vertex 53.4397 77.1566 26
      vertex 53.9887 77.4659 26
    endloop
  endfacet
  facet normal 0 0 -1
    outer loop
      vertex 53.2892 76.4 26
      vertex 53.8088 76.1 26
      vertex 53.678 75.9042 26
    endloop
  endfacet
  facet normal 0 0 -1
    outer loop
      vertex 53.4091 77.3106 26
      vertex 53.9887 77.4659 26
      vertex 53.4397 77.1566 26
    endloop
  endfacet
  facet normal 0 0 -1
    outer loop
      vertex 53.202 76.2695 26
      vertex 53.678 75.9042 26
      vertex 53.5228 75.7272 26
    endloop
  endfacet
  facet normal -0 0 -1
    outer loop
      vertex 53.9887 77.4659 26
      vertex 53.4091 77.3106 26
      vertex 53.913 77.6888 26
    endloop
  endfacet
  facet normal 0 0 -1
    outer loop
      vertex 53.3587 77.4592 26
      vertex 53.913 77.6888 26
      vertex 53.4091 77.3106 26
    endloop
  endfacet
  facet normal 0 0 -1
    outer loop
      vertex 54.0346 76.7651 26
      vertex 53.4397 76.8434 26
      vertex 53.45 77 26
    endloop
  endfacet
  facet normal 0 0 -1
    outer loop
      vertex 53.9887 76.5341 26
      vertex 53.4091 76.6894 26
      vertex 53.4397 76.8434 26
    endloop
  endfacet
  facet normal 0 0 -1
    outer loop
      vertex 53.913 76.3112 26
      vertex 53.3587 76.5408 26
      vertex 53.4091 76.6894 26
    endloop
  endfacet
  facet normal 0 0 -1
    outer loop
      vertex 53.0985 76.1515 26
      vertex 53.5228 75.7272 26
      vertex 53.3458 75.572 26
    endloop
  endfacet
  facet normal 0 0 -1
    outer loop
      vertex 53.8088 76.1 26
      vertex 53.2892 76.4 26
      vertex 53.3587 76.5408 26
    endloop
  endfacet
  facet normal 0 0 -1
    outer loop
      vertex 53.678 75.9042 26
      vertex 53.202 76.2695 26
      vertex 53.2892 76.4 26
    endloop
  endfacet
  facet normal 0 0 -1
    outer loop
      vertex 52.9805 76.048 26
      vertex 53.3458 75.572 26
      vertex 53.15 75.4412 26
    endloop
  endfacet
  facet normal 0 0 -1
    outer loop
      vertex 53.5228 75.7272 26
      vertex 53.0985 76.1515 26
      vertex 53.202 76.2695 26
    endloop
  endfacet
  facet normal 0 0 -1
    outer loop
      vertex 53.3458 75.572 26
      vertex 52.9805 76.048 26
      vertex 53.0985 76.1515 26
    endloop
  endfacet
  facet normal 0 0 -1
    outer loop
      vertex 52.85 75.9608 26
      vertex 53.15 75.4412 26
      vertex 52.9388 75.337 26
    endloop
  endfacet
  facet normal 0 0 -1
    outer loop
      vertex 53.15 75.4412 26
      vertex 52.85 75.9608 26
      vertex 52.9805 76.048 26
    endloop
  endfacet
  facet normal 0 0 -1
    outer loop
      vertex 52.7092 75.8913 26
      vertex 52.9388 75.337 26
      vertex 52.7159 75.2613 26
    endloop
  endfacet
  facet normal 0 0 -1
    outer loop
      vertex 52.9388 75.337 26
      vertex 52.7092 75.8913 26
      vertex 52.85 75.9608 26
    endloop
  endfacet
  facet normal 0 0 -1
    outer loop
      vertex 52.7159 75.2613 26
      vertex 52.5606 75.8409 26
      vertex 52.7092 75.8913 26
    endloop
  endfacet
  facet normal 0 0 -1
    outer loop
      vertex 52.4849 75.2154 26
      vertex 52.5606 75.8409 26
      vertex 52.7159 75.2613 26
    endloop
  endfacet
  facet normal 0 0 -1
    outer loop
      vertex 52.4849 75.2154 26
      vertex 52.4066 75.8103 26
      vertex 52.5606 75.8409 26
    endloop
  endfacet
  facet normal 0 0 -1
    outer loop
      vertex 52.25 75.2 26
      vertex 52.4066 75.8103 26
      vertex 52.4849 75.2154 26
    endloop
  endfacet
  facet normal 0 0 -1
    outer loop
      vertex 52.25 75.2 26
      vertex 52.25 75.8 26
      vertex 52.4066 75.8103 26
    endloop
  endfacet
  facet normal 0 0 -1
    outer loop
      vertex 52.25 75.2 26
      vertex 52.0934 75.8103 26
      vertex 52.25 75.8 26
    endloop
  endfacet
  facet normal 0 0 -1
    outer loop
      vertex 52.0151 75.2154 26
      vertex 52.0934 75.8103 26
      vertex 52.25 75.2 26
    endloop
  endfacet
  facet normal 0 0 -1
    outer loop
      vertex 52.0151 75.2154 26
      vertex 51.9394 75.8409 26
      vertex 52.0934 75.8103 26
    endloop
  endfacet
  facet normal 0 0 -1
    outer loop
      vertex 51.7841 75.2613 26
      vertex 51.9394 75.8409 26
      vertex 52.0151 75.2154 26
    endloop
  endfacet
  facet normal -0 0 -1
    outer loop
      vertex 51.9394 75.8409 26
      vertex 51.7841 75.2613 26
      vertex 51.7908 75.8913 26
    endloop
  endfacet
  facet normal 0 0 -1
    outer loop
      vertex 51.5612 75.337 26
      vertex 51.7908 75.8913 26
      vertex 51.7841 75.2613 26
    endloop
  endfacet
  facet normal -0 0 -1
    outer loop
      vertex 51.7908 75.8913 26
      vertex 51.5612 75.337 26
      vertex 51.65 75.9608 26
    endloop
  endfacet
  facet normal 0 0 -1
    outer loop
      vertex 51.35 75.4412 26
      vertex 51.65 75.9608 26
      vertex 51.5612 75.337 26
    endloop
  endfacet
  facet normal -0 0 -1
    outer loop
      vertex 51.65 75.9608 26
      vertex 51.35 75.4412 26
      vertex 51.5195 76.048 26
    endloop
  endfacet
  facet normal 0 0 -1
    outer loop
      vertex 51.1542 75.572 26
      vertex 51.5195 76.048 26
      vertex 51.35 75.4412 26
    endloop
  endfacet
  facet normal -0 0 -1
    outer loop
      vertex 51.5195 76.048 26
      vertex 51.1542 75.572 26
      vertex 51.4015 76.1515 26
    endloop
  endfacet
  facet normal 0 0 -1
    outer loop
      vertex 50.9772 75.7272 26
      vertex 51.4015 76.1515 26
      vertex 51.1542 75.572 26
    endloop
  endfacet
  facet normal -0 0 -1
    outer loop
      vertex 51.4015 76.1515 26
      vertex 50.9772 75.7272 26
      vertex 51.298 76.2695 26
    endloop
  endfacet
  facet normal 0 0 -1
    outer loop
      vertex 50.822 75.9042 26
      vertex 51.298 76.2695 26
      vertex 50.9772 75.7272 26
    endloop
  endfacet
  facet normal -0 0 -1
    outer loop
      vertex 51.298 76.2695 26
      vertex 50.822 75.9042 26
      vertex 51.2108 76.4 26
    endloop
  endfacet
  facet normal 0 0 -1
    outer loop
      vertex 50.6912 76.1 26
      vertex 51.2108 76.4 26
      vertex 50.822 75.9042 26
    endloop
  endfacet
  facet normal 0 0 -1
    outer loop
      vertex 50.587 76.3112 26
      vertex 51.1413 76.5408 26
      vertex 50.6912 76.1 26
    endloop
  endfacet
  facet normal -0 0 -1
    outer loop
      vertex 51.2108 76.4 26
      vertex 50.6912 76.1 26
      vertex 51.1413 76.5408 26
    endloop
  endfacet
  facet normal -0 0 -1
    outer loop
      vertex 53.913 77.6888 26
      vertex 53.3587 77.4592 26
      vertex 53.8088 77.9 26
    endloop
  endfacet
  facet normal 0 0 -1
    outer loop
      vertex 53.2892 77.6 26
      vertex 53.8088 77.9 26
      vertex 53.3587 77.4592 26
    endloop
  endfacet
  facet normal -0 0 -1
    outer loop
      vertex 53.8088 77.9 26
      vertex 53.2892 77.6 26
      vertex 53.678 78.0958 26
    endloop
  endfacet
  facet normal 0 0 -1
    outer loop
      vertex 53.202 77.7305 26
      vertex 53.678 78.0958 26
      vertex 53.2892 77.6 26
    endloop
  endfacet
  facet normal -0 0 -1
    outer loop
      vertex 53.678 78.0958 26
      vertex 53.202 77.7305 26
      vertex 53.5228 78.2728 26
    endloop
  endfacet
  facet normal 0 0 -1
    outer loop
      vertex 53.0985 77.8485 26
      vertex 53.5228 78.2728 26
      vertex 53.202 77.7305 26
    endloop
  endfacet
  facet normal -0 0 -1
    outer loop
      vertex 53.5228 78.2728 26
      vertex 53.0985 77.8485 26
      vertex 53.3458 78.428 26
    endloop
  endfacet
  facet normal 0 0 -1
    outer loop
      vertex 52.9805 77.952 26
      vertex 53.3458 78.428 26
      vertex 53.0985 77.8485 26
    endloop
  endfacet
  facet normal -0 0 -1
    outer loop
      vertex 53.3458 78.428 26
      vertex 52.9805 77.952 26
      vertex 53.15 78.5588 26
    endloop
  endfacet
  facet normal 0 0 -1
    outer loop
      vertex 52.85 78.0392 26
      vertex 53.15 78.5588 26
      vertex 52.9805 77.952 26
    endloop
  endfacet
  facet normal -0 0 -1
    outer loop
      vertex 53.15 78.5588 26
      vertex 52.85 78.0392 26
      vertex 52.9388 78.663 26
    endloop
  endfacet
  facet normal 0 0 -1
    outer loop
      vertex 52.7092 78.1087 26
      vertex 52.9388 78.663 26
      vertex 52.85 78.0392 26
    endloop
  endfacet
  facet normal -0 0 -1
    outer loop
      vertex 52.9388 78.663 26
      vertex 52.7092 78.1087 26
      vertex 52.7159 78.7387 26
    endloop
  endfacet
  facet normal 0 0 -1
    outer loop
      vertex 52.5606 78.1591 26
      vertex 52.7159 78.7387 26
      vertex 52.7092 78.1087 26
    endloop
  endfacet
  facet normal 0 0 -1
    outer loop
      vertex 52.5606 78.1591 26
      vertex 52.4849 78.7846 26
      vertex 52.7159 78.7387 26
    endloop
  endfacet
  facet normal 0 0 -1
    outer loop
      vertex 52.4066 78.1897 26
      vertex 52.4849 78.7846 26
      vertex 52.5606 78.1591 26
    endloop
  endfacet
  facet normal 0 0 -1
    outer loop
      vertex 52.25 78.2 26
      vertex 52.4849 78.7846 26
      vertex 52.4066 78.1897 26
    endloop
  endfacet
  facet normal 0 0 -1
    outer loop
      vertex 52.25 78.2 26
      vertex 52.25 78.8 26
      vertex 52.4849 78.7846 26
    endloop
  endfacet
  facet normal 0 0 -1
    outer loop
      vertex 52.0934 78.1897 26
      vertex 52.25 78.8 26
      vertex 52.25 78.2 26
    endloop
  endfacet
  facet normal 0 0 -1
    outer loop
      vertex 52.0934 78.1897 26
      vertex 52.0151 78.7846 26
      vertex 52.25 78.8 26
    endloop
  endfacet
  facet normal 0 0 -1
    outer loop
      vertex 51.9394 78.1591 26
      vertex 52.0151 78.7846 26
      vertex 52.0934 78.1897 26
    endloop
  endfacet
  facet normal 0 0 -1
    outer loop
      vertex 51.7841 78.7387 26
      vertex 51.9394 78.1591 26
      vertex 51.7908 78.1087 26
    endloop
  endfacet
  facet normal 0 0 -1
    outer loop
      vertex 51.9394 78.1591 26
      vertex 51.7841 78.7387 26
      vertex 52.0151 78.7846 26
    endloop
  endfacet
  facet normal 0 0 -1
    outer loop
      vertex 51.5612 78.663 26
      vertex 51.7908 78.1087 26
      vertex 51.65 78.0392 26
    endloop
  endfacet
  facet normal 0 0 -1
    outer loop
      vertex 51.7908 78.1087 26
      vertex 51.5612 78.663 26
      vertex 51.7841 78.7387 26
    endloop
  endfacet
  facet normal 0 0 -1
    outer loop
      vertex 51.35 78.5588 26
      vertex 51.65 78.0392 26
      vertex 51.5195 77.952 26
    endloop
  endfacet
  facet normal 0 0 -1
    outer loop
      vertex 51.1542 78.428 26
      vertex 51.5195 77.952 26
      vertex 51.4015 77.8485 26
    endloop
  endfacet
  facet normal 0 0 -1
    outer loop
      vertex 51.65 78.0392 26
      vertex 51.35 78.5588 26
      vertex 51.5612 78.663 26
    endloop
  endfacet
  facet normal 0 0 -1
    outer loop
      vertex 50.9772 78.2728 26
      vertex 51.4015 77.8485 26
      vertex 51.298 77.7305 26
    endloop
  endfacet
  facet normal 0 0 -1
    outer loop
      vertex 50.822 78.0958 26
      vertex 51.298 77.7305 26
      vertex 51.2108 77.6 26
    endloop
  endfacet
  facet normal 0 0 -1
    outer loop
      vertex 51.5195 77.952 26
      vertex 51.1542 78.428 26
      vertex 51.35 78.5588 26
    endloop
  endfacet
  facet normal 0 0 -1
    outer loop
      vertex 50.6912 77.9 26
      vertex 51.2108 77.6 26
      vertex 51.1413 77.4592 26
    endloop
  endfacet
  facet normal 0 0 -1
    outer loop
      vertex 50.587 77.6888 26
      vertex 51.1413 77.4592 26
      vertex 51.0909 77.3106 26
    endloop
  endfacet
  facet normal 0 0 -1
    outer loop
      vertex 50.5113 77.4659 26
      vertex 51.0909 77.3106 26
      vertex 51.0603 77.1566 26
    endloop
  endfacet
  facet normal 0 0 -1
    outer loop
      vertex 51.4015 77.8485 26
      vertex 50.9772 78.2728 26
      vertex 51.1542 78.428 26
    endloop
  endfacet
  facet normal 0 0 -1
    outer loop
      vertex 50.4654 77.2349 26
      vertex 51.0603 77.1566 26
      vertex 51.05 77 26
    endloop
  endfacet
  facet normal -0 0 -1
    outer loop
      vertex 51.1413 76.5408 26
      vertex 50.587 76.3112 26
      vertex 51.0909 76.6894 26
    endloop
  endfacet
  facet normal 0 0 -1
    outer loop
      vertex 50.5113 76.5341 26
      vertex 51.0909 76.6894 26
      vertex 50.587 76.3112 26
    endloop
  endfacet
  facet normal 0 0 -1
    outer loop
      vertex 51.298 77.7305 26
      vertex 50.822 78.0958 26
      vertex 50.9772 78.2728 26
    endloop
  endfacet
  facet normal -0 0 -1
    outer loop
      vertex 51.0909 76.6894 26
      vertex 50.5113 76.5341 26
      vertex 51.0603 76.8434 26
    endloop
  endfacet
  facet normal 0 0 -1
    outer loop
      vertex 51.2108 77.6 26
      vertex 50.6912 77.9 26
      vertex 50.822 78.0958 26
    endloop
  endfacet
  facet normal 0 0 -1
    outer loop
      vertex 50.4654 76.7651 26
      vertex 51.0603 76.8434 26
      vertex 50.5113 76.5341 26
    endloop
  endfacet
  facet normal 0 0 -1
    outer loop
      vertex 51.1413 77.4592 26
      vertex 50.587 77.6888 26
      vertex 50.6912 77.9 26
    endloop
  endfacet
  facet normal -0 0 -1
    outer loop
      vertex 51.0603 76.8434 26
      vertex 50.4654 76.7651 26
      vertex 51.05 77 26
    endloop
  endfacet
  facet normal 0 0 -1
    outer loop
      vertex 51.0909 77.3106 26
      vertex 50.5113 77.4659 26
      vertex 50.587 77.6888 26
    endloop
  endfacet
  facet normal 0 0 -1
    outer loop
      vertex 50.45 77 26
      vertex 51.05 77 26
      vertex 50.4654 76.7651 26
    endloop
  endfacet
  facet normal 0 0 -1
    outer loop
      vertex 51.0603 77.1566 26
      vertex 50.4654 77.2349 26
      vertex 50.5113 77.4659 26
    endloop
  endfacet
  facet normal 0 0 -1
    outer loop
      vertex 51.05 77 26
      vertex 50.45 77 26
      vertex 50.4654 77.2349 26
    endloop
  endfacet
  facet normal -0.997858 0.0654194 0
    outer loop
      vertex 50.45 77 26
      vertex 50.4654 77.2349 29.6
      vertex 50.4654 77.2349 26
    endloop
  endfacet
  facet normal -0.997858 0.0654194 0
    outer loop
      vertex 50.4654 77.2349 29.6
      vertex 50.45 77 26
      vertex 50.45 77 29.6
    endloop
  endfacet
  facet normal -0.831527 0.555484 0
    outer loop
      vertex 50.6912 77.9 26
      vertex 50.822 78.0958 29.6
      vertex 50.822 78.0958 26
    endloop
  endfacet
  facet normal -0.831527 0.555484 0
    outer loop
      vertex 50.822 78.0958 29.6
      vertex 50.6912 77.9 26
      vertex 50.6912 77.9 29.6
    endloop
  endfacet
  facet normal -0.321575 0.946884 0
    outer loop
      vertex 51.7841 78.7387 26
      vertex 51.5612 78.663 29.6
      vertex 51.7841 78.7387 29.6
    endloop
  endfacet
  facet normal -0.321575 0.946884 0
    outer loop
      vertex 51.5612 78.663 29.6
      vertex 51.7841 78.7387 26
      vertex 51.5612 78.663 26
    endloop
  endfacet
  facet normal -0.751892 0.659286 0
    outer loop
      vertex 50.822 78.0958 26
      vertex 50.9772 78.2728 29.6
      vertex 50.9772 78.2728 26
    endloop
  endfacet
  facet normal -0.751892 0.659286 0
    outer loop
      vertex 50.9772 78.2728 29.6
      vertex 50.822 78.0958 26
      vertex 50.822 78.0958 29.6
    endloop
  endfacet
  facet normal 0.946884 -0.321575 0
    outer loop
      vertex 53.913 76.3112 29.6
      vertex 53.9887 76.5341 26
      vertex 53.9887 76.5341 29.6
    endloop
  endfacet
  facet normal 0.946884 -0.321575 0
    outer loop
      vertex 53.9887 76.5341 26
      vertex 53.913 76.3112 29.6
      vertex 53.913 76.3112 26
    endloop
  endfacet
  facet normal 0.442452 -0.896792 0
    outer loop
      vertex 52.9388 75.337 26
      vertex 53.15 75.4412 29.6
      vertex 52.9388 75.337 29.6
    endloop
  endfacet
  facet normal 0.442452 -0.896792 0
    outer loop
      vertex 53.15 75.4412 29.6
      vertex 52.9388 75.337 26
      vertex 53.15 75.4412 26
    endloop
  endfacet
  facet normal -0.0654194 -0.997858 0
    outer loop
      vertex 52.0151 75.2154 26
      vertex 52.25 75.2 29.6
      vertex 52.0151 75.2154 29.6
    endloop
  endfacet
  facet normal -0.0654194 -0.997858 -0
    outer loop
      vertex 52.25 75.2 29.6
      vertex 52.0151 75.2154 26
      vertex 52.25 75.2 26
    endloop
  endfacet
  facet normal -0.555484 -0.831527 0
    outer loop
      vertex 51.1542 75.572 26
      vertex 51.35 75.4412 29.6
      vertex 51.1542 75.572 29.6
    endloop
  endfacet
  facet normal -0.555484 -0.831527 -0
    outer loop
      vertex 51.35 75.4412 29.6
      vertex 51.1542 75.572 26
      vertex 51.35 75.4412 26
    endloop
  endfacet
  facet normal 0.980825 0.194891 0
    outer loop
      vertex 54.0346 77.2349 29.6
      vertex 53.9887 77.4659 26
      vertex 53.9887 77.4659 29.6
    endloop
  endfacet
  facet normal 0.980825 0.194891 0
    outer loop
      vertex 53.9887 77.4659 26
      vertex 54.0346 77.2349 29.6
      vertex 54.0346 77.2349 26
    endloop
  endfacet
  facet normal 0.946884 0.321575 0
    outer loop
      vertex 53.9887 77.4659 29.6
      vertex 53.913 77.6888 26
      vertex 53.913 77.6888 29.6
    endloop
  endfacet
  facet normal 0.946884 0.321575 0
    outer loop
      vertex 53.913 77.6888 26
      vertex 53.9887 77.4659 29.6
      vertex 53.9887 77.4659 26
    endloop
  endfacet
  facet normal 0.751892 0.659286 0
    outer loop
      vertex 53.678 78.0958 29.6
      vertex 53.5228 78.2728 26
      vertex 53.5228 78.2728 29.6
    endloop
  endfacet
  facet normal 0.751892 0.659286 0
    outer loop
      vertex 53.5228 78.2728 26
      vertex 53.678 78.0958 29.6
      vertex 53.678 78.0958 26
    endloop
  endfacet
  facet normal -0.0654194 0.997858 0
    outer loop
      vertex 52.25 78.8 26
      vertex 52.0151 78.7846 29.6
      vertex 52.25 78.8 29.6
    endloop
  endfacet
  facet normal -0.0654194 0.997858 0
    outer loop
      vertex 52.0151 78.7846 29.6
      vertex 52.25 78.8 26
      vertex 52.0151 78.7846 26
    endloop
  endfacet
  facet normal 0.442452 0.896792 -0
    outer loop
      vertex 53.15 78.5588 26
      vertex 52.9388 78.663 29.6
      vertex 53.15 78.5588 29.6
    endloop
  endfacet
  facet normal 0.442452 0.896792 0
    outer loop
      vertex 52.9388 78.663 29.6
      vertex 53.15 78.5588 26
      vertex 52.9388 78.663 26
    endloop
  endfacet
  facet normal 0.194891 0.980825 -0
    outer loop
      vertex 52.7159 78.7387 26
      vertex 52.4849 78.7846 29.6
      vertex 52.7159 78.7387 29.6
    endloop
  endfacet
  facet normal 0.194891 0.980825 0
    outer loop
      vertex 52.4849 78.7846 29.6
      vertex 52.7159 78.7387 26
      vertex 52.4849 78.7846 26
    endloop
  endfacet
  facet normal -0.980825 0.194891 0
    outer loop
      vertex 50.4654 77.2349 26
      vertex 50.5113 77.4659 29.6
      vertex 50.5113 77.4659 26
    endloop
  endfacet
  facet normal -0.980825 0.194891 0
    outer loop
      vertex 50.5113 77.4659 29.6
      vertex 50.4654 77.2349 26
      vertex 50.4654 77.2349 29.6
    endloop
  endfacet
  facet normal -0.896792 0.442452 0
    outer loop
      vertex 50.587 77.6888 26
      vertex 50.6912 77.9 29.6
      vertex 50.6912 77.9 26
    endloop
  endfacet
  facet normal -0.896792 0.442452 0
    outer loop
      vertex 50.6912 77.9 29.6
      vertex 50.587 77.6888 26
      vertex 50.587 77.6888 29.6
    endloop
  endfacet
  facet normal -0.194891 0.980825 0
    outer loop
      vertex 52.0151 78.7846 26
      vertex 51.7841 78.7387 29.6
      vertex 52.0151 78.7846 29.6
    endloop
  endfacet
  facet normal -0.194891 0.980825 0
    outer loop
      vertex 51.7841 78.7387 29.6
      vertex 52.0151 78.7846 26
      vertex 51.7841 78.7387 26
    endloop
  endfacet
  facet normal -0.659286 0.751892 0
    outer loop
      vertex 51.1542 78.428 26
      vertex 50.9772 78.2728 29.6
      vertex 51.1542 78.428 29.6
    endloop
  endfacet
  facet normal -0.659286 0.751892 0
    outer loop
      vertex 50.9772 78.2728 29.6
      vertex 51.1542 78.428 26
      vertex 50.9772 78.2728 26
    endloop
  endfacet
  facet normal -0.555484 0.831527 0
    outer loop
      vertex 51.35 78.5588 26
      vertex 51.1542 78.428 29.6
      vertex 51.35 78.5588 29.6
    endloop
  endfacet
  facet normal -0.555484 0.831527 0
    outer loop
      vertex 51.1542 78.428 29.6
      vertex 51.35 78.5588 26
      vertex 51.1542 78.428 26
    endloop
  endfacet
  facet normal 0.997858 0.0654194 0
    outer loop
      vertex 54.05 77 29.6
      vertex 54.0346 77.2349 26
      vertex 54.0346 77.2349 29.6
    endloop
  endfacet
  facet normal 0.997858 0.0654194 0
    outer loop
      vertex 54.0346 77.2349 26
      vertex 54.05 77 29.6
      vertex 54.05 77 26
    endloop
  endfacet
  facet normal 0.194891 -0.980825 0
    outer loop
      vertex 52.4849 75.2154 26
      vertex 52.7159 75.2613 29.6
      vertex 52.4849 75.2154 29.6
    endloop
  endfacet
  facet normal 0.194891 -0.980825 0
    outer loop
      vertex 52.7159 75.2613 29.6
      vertex 52.4849 75.2154 26
      vertex 52.7159 75.2613 26
    endloop
  endfacet
  facet normal 0.831527 -0.555484 0
    outer loop
      vertex 53.678 75.9042 29.6
      vertex 53.8088 76.1 26
      vertex 53.8088 76.1 29.6
    endloop
  endfacet
  facet normal 0.831527 -0.555484 0
    outer loop
      vertex 53.8088 76.1 26
      vertex 53.678 75.9042 29.6
      vertex 53.678 75.9042 26
    endloop
  endfacet
  facet normal 0.896792 -0.442452 0
    outer loop
      vertex 53.8088 76.1 29.6
      vertex 53.913 76.3112 26
      vertex 53.913 76.3112 29.6
    endloop
  endfacet
  facet normal 0.896792 -0.442452 0
    outer loop
      vertex 53.913 76.3112 26
      vertex 53.8088 76.1 29.6
      vertex 53.8088 76.1 26
    endloop
  endfacet
  facet normal 0.751892 -0.659286 0
    outer loop
      vertex 53.5228 75.7272 29.6
      vertex 53.678 75.9042 26
      vertex 53.678 75.9042 29.6
    endloop
  endfacet
  facet normal 0.751892 -0.659286 0
    outer loop
      vertex 53.678 75.9042 26
      vertex 53.5228 75.7272 29.6
      vertex 53.5228 75.7272 26
    endloop
  endfacet
  facet normal 0.555484 -0.831527 0
    outer loop
      vertex 53.15 75.4412 26
      vertex 53.3458 75.572 29.6
      vertex 53.15 75.4412 29.6
    endloop
  endfacet
  facet normal 0.555484 -0.831527 0
    outer loop
      vertex 53.3458 75.572 29.6
      vertex 53.15 75.4412 26
      vertex 53.3458 75.572 26
    endloop
  endfacet
  facet normal -0.442452 -0.896792 0
    outer loop
      vertex 51.35 75.4412 26
      vertex 51.5612 75.337 29.6
      vertex 51.35 75.4412 29.6
    endloop
  endfacet
  facet normal -0.442452 -0.896792 -0
    outer loop
      vertex 51.5612 75.337 29.6
      vertex 51.35 75.4412 26
      vertex 51.5612 75.337 26
    endloop
  endfacet
  facet normal -0.896792 -0.442452 0
    outer loop
      vertex 50.6912 76.1 26
      vertex 50.587 76.3112 29.6
      vertex 50.587 76.3112 26
    endloop
  endfacet
  facet normal -0.896792 -0.442452 0
    outer loop
      vertex 50.587 76.3112 29.6
      vertex 50.6912 76.1 26
      vertex 50.6912 76.1 29.6
    endloop
  endfacet
  facet normal -0.980825 -0.194891 0
    outer loop
      vertex 50.5113 76.5341 26
      vertex 50.4654 76.7651 29.6
      vertex 50.4654 76.7651 26
    endloop
  endfacet
  facet normal -0.980825 -0.194891 0
    outer loop
      vertex 50.4654 76.7651 29.6
      vertex 50.5113 76.5341 26
      vertex 50.5113 76.5341 29.6
    endloop
  endfacet
  facet normal -0.659286 -0.751892 0
    outer loop
      vertex 50.9772 75.7272 26
      vertex 51.1542 75.572 29.6
      vertex 50.9772 75.7272 29.6
    endloop
  endfacet
  facet normal -0.659286 -0.751892 -0
    outer loop
      vertex 51.1542 75.572 29.6
      vertex 50.9772 75.7272 26
      vertex 51.1542 75.572 26
    endloop
  endfacet
  facet normal -0.831527 -0.555484 0
    outer loop
      vertex 50.822 75.9042 26
      vertex 50.6912 76.1 29.6
      vertex 50.6912 76.1 26
    endloop
  endfacet
  facet normal -0.831527 -0.555484 0
    outer loop
      vertex 50.6912 76.1 29.6
      vertex 50.822 75.9042 26
      vertex 50.822 75.9042 29.6
    endloop
  endfacet
  facet normal -0.997858 -0.0654194 0
    outer loop
      vertex 50.4654 76.7651 26
      vertex 50.45 77 29.6
      vertex 50.45 77 26
    endloop
  endfacet
  facet normal -0.997858 -0.0654194 0
    outer loop
      vertex 50.45 77 29.6
      vertex 50.4654 76.7651 26
      vertex 50.4654 76.7651 29.6
    endloop
  endfacet
  facet normal 0.321575 -0.946884 0
    outer loop
      vertex 52.7159 75.2613 26
      vertex 52.9388 75.337 29.6
      vertex 52.7159 75.2613 29.6
    endloop
  endfacet
  facet normal 0.321575 -0.946884 0
    outer loop
      vertex 52.9388 75.337 29.6
      vertex 52.7159 75.2613 26
      vertex 52.9388 75.337 26
    endloop
  endfacet
  facet normal 0.659286 -0.751892 0
    outer loop
      vertex 53.3458 75.572 26
      vertex 53.5228 75.7272 29.6
      vertex 53.3458 75.572 29.6
    endloop
  endfacet
  facet normal 0.659286 -0.751892 0
    outer loop
      vertex 53.5228 75.7272 29.6
      vertex 53.3458 75.572 26
      vertex 53.5228 75.7272 26
    endloop
  endfacet
  facet normal 0.0654194 -0.997858 0
    outer loop
      vertex 52.25 75.2 26
      vertex 52.4849 75.2154 29.6
      vertex 52.25 75.2 29.6
    endloop
  endfacet
  facet normal 0.0654194 -0.997858 0
    outer loop
      vertex 52.4849 75.2154 29.6
      vertex 52.25 75.2 26
      vertex 52.4849 75.2154 26
    endloop
  endfacet
  facet normal -0.321575 -0.946884 0
    outer loop
      vertex 51.5612 75.337 26
      vertex 51.7841 75.2613 29.6
      vertex 51.5612 75.337 29.6
    endloop
  endfacet
  facet normal -0.321575 -0.946884 -0
    outer loop
      vertex 51.7841 75.2613 29.6
      vertex 51.5612 75.337 26
      vertex 51.7841 75.2613 26
    endloop
  endfacet
  facet normal -0.946884 -0.321575 0
    outer loop
      vertex 50.587 76.3112 26
      vertex 50.5113 76.5341 29.6
      vertex 50.5113 76.5341 26
    endloop
  endfacet
  facet normal -0.946884 -0.321575 0
    outer loop
      vertex 50.5113 76.5341 29.6
      vertex 50.587 76.3112 26
      vertex 50.587 76.3112 29.6
    endloop
  endfacet
  facet normal -0.751892 -0.659286 0
    outer loop
      vertex 50.9772 75.7272 26
      vertex 50.822 75.9042 29.6
      vertex 50.822 75.9042 26
    endloop
  endfacet
  facet normal -0.751892 -0.659286 0
    outer loop
      vertex 50.822 75.9042 29.6
      vertex 50.9772 75.7272 26
      vertex 50.9772 75.7272 29.6
    endloop
  endfacet
  facet normal 1 -0 0
    outer loop
      vertex 11.75 80 30.6
      vertex 11.75 80.4 29.6
      vertex 11.75 80.4 30.6
    endloop
  endfacet
  facet normal 1 0 0
    outer loop
      vertex 11.75 80.4 29.6
      vertex 11.75 80 30.6
      vertex 11.75 80 29.6
    endloop
  endfacet
  facet normal -1 0 0
    outer loop
      vertex 11.75 84.8 21
      vertex 11.75 81.7 21.8
      vertex 11.75 84.8 21.8
    endloop
  endfacet
  facet normal -1 -0 0
    outer loop
      vertex 11.75 81.7 21.8
      vertex 11.75 80.4 21
      vertex 11.75 81.7 22
    endloop
  endfacet
  facet normal -1 0 0
    outer loop
      vertex 11.75 80.4 21
      vertex 11.75 81.7 21.8
      vertex 11.75 84.8 21
    endloop
  endfacet
  facet normal -1 0 0
    outer loop
      vertex 11.75 82 30.6
      vertex 11.75 83.45 22
      vertex 11.75 82 29.6
    endloop
  endfacet
  facet normal -1 0 0
    outer loop
      vertex 11.75 81.7 22
      vertex 11.75 82 29.6
      vertex 11.75 83.45 22
    endloop
  endfacet
  facet normal -1 0 0
    outer loop
      vertex 11.75 80.4 29.6
      vertex 11.75 81.7 22
      vertex 11.75 80.4 21
    endloop
  endfacet
  facet normal -1 0 0
    outer loop
      vertex 11.75 81.7 22
      vertex 11.75 80.4 29.6
      vertex 11.75 82 29.6
    endloop
  endfacet
  facet normal -1 0 0
    outer loop
      vertex 11.75 83.45 22
      vertex 11.75 82 30.6
      vertex 11.75 83.45 39.98
    endloop
  endfacet
  facet normal -1 0 0
    outer loop
      vertex 11.75 82 30.6
      vertex 11.75 81.7 39.98
      vertex 11.75 83.45 39.98
    endloop
  endfacet
  facet normal -1 0 0
    outer loop
      vertex 11.75 80.4 30.6
      vertex 11.75 81.7 39.98
      vertex 11.75 82 30.6
    endloop
  endfacet
  facet normal -1 0 0
    outer loop
      vertex 11.75 80.4 45.5
      vertex 11.75 81.7 39.98
      vertex 11.75 80.4 30.6
    endloop
  endfacet
  facet normal -1 0 0
    outer loop
      vertex 11.75 81.7 39.98
      vertex 11.75 80.4 45.5
      vertex 11.75 81.7 45.5
    endloop
  endfacet
  facet normal -0 0 1
    outer loop
      vertex 11.75 81.7 45.5
      vertex 34.4 80.4 45.5
      vertex 34.4 81.7 45.5
    endloop
  endfacet
  facet normal 0 0 1
    outer loop
      vertex 34.4 80.4 45.5
      vertex 11.75 81.7 45.5
      vertex 11.75 80.4 45.5
    endloop
  endfacet
  facet normal 1 -0 0
    outer loop
      vertex 34.4 80 30.6
      vertex 34.4 80.4 29.6
      vertex 34.4 80.4 30.6
    endloop
  endfacet
  facet normal 1 0 0
    outer loop
      vertex 34.4 80.4 29.6
      vertex 34.4 80 30.6
      vertex 34.4 80 29.6
    endloop
  endfacet
  facet normal 1 -0 0
    outer loop
      vertex 34.4 80.4 45.5
      vertex 34.4 81.7 39.98
      vertex 34.4 81.7 45.5
    endloop
  endfacet
  facet normal 1 0 0
    outer loop
      vertex 34.4 81.7 39.98
      vertex 34.4 80.4 45.5
      vertex 34.4 81.7 36.2
    endloop
  endfacet
  facet normal 1 0 0
    outer loop
      vertex 34.4 81.7 36.2
      vertex 34.4 80.4 30.6
      vertex 34.4 81.7 25.5
    endloop
  endfacet
  facet normal 1 -0 0
    outer loop
      vertex 34.4 80.4 29.6
      vertex 34.4 81.7 25.5
      vertex 34.4 80.4 30.6
    endloop
  endfacet
  facet normal 1 0 0
    outer loop
      vertex 34.4 80.4 21
      vertex 34.4 81.7 25.5
      vertex 34.4 80.4 29.6
    endloop
  endfacet
  facet normal 1 0 0
    outer loop
      vertex 34.4 81.7 36.2
      vertex 34.4 80.4 45.5
      vertex 34.4 80.4 30.6
    endloop
  endfacet
  facet normal 1 0 0
    outer loop
      vertex 34.4 81.7 25.5
      vertex 34.4 80.4 21
      vertex 34.4 81.7 22
    endloop
  endfacet
  facet normal 1 0 0
    outer loop
      vertex 34.4 81.7 22
      vertex 34.4 80.4 21
      vertex 34.4 81.7 21.8
    endloop
  endfacet
  facet normal 1 0 0
    outer loop
      vertex 34.4 81.7 21.8
      vertex 34.4 80.4 21
      vertex 34.4 81.7 21
    endloop
  endfacet
  facet normal 0 0 -1
    outer loop
      vertex 34.4 80.4 21
      vertex 11.75 80.4 21
      vertex 34.4 81.7 21
    endloop
  endfacet
  facet normal 0 0 -1
    outer loop
      vertex 34.4 81.7 21
      vertex 35 84.8 21
      vertex 35 81.7 21
    endloop
  endfacet
  facet normal 0 0 -1
    outer loop
      vertex 11.75 84.8 21
      vertex 34.4 81.7 21
      vertex 11.75 80.4 21
    endloop
  endfacet
  facet normal 0 0 -1
    outer loop
      vertex 34.4 81.7 21
      vertex 11.75 84.8 21
      vertex 35 84.8 21
    endloop
  endfacet
  facet normal 0 -1 0
    outer loop
      vertex 11.75 80.4 29.6
      vertex 33 80.4 30.6
      vertex 11.75 80.4 30.6
    endloop
  endfacet
  facet normal 0 -1 0
    outer loop
      vertex 11.75 80.4 29.6
      vertex 33 80.4 29.6
      vertex 33 80.4 30.6
    endloop
  endfacet
  facet normal 0 -1 0
    outer loop
      vertex 11.75 80.4 21
      vertex 33 80.4 29.6
      vertex 11.75 80.4 29.6
    endloop
  endfacet
  facet normal 0 -1 0
    outer loop
      vertex 34.4 80.4 21
      vertex 33 80.4 29.6
      vertex 11.75 80.4 21
    endloop
  endfacet
  facet normal 0 -1 0
    outer loop
      vertex 33 80.4 29.6
      vertex 34.4 80.4 21
      vertex 34.4 80.4 29.6
    endloop
  endfacet
  facet normal 0 -1 0
    outer loop
      vertex 28.8434 80.4 44.1897
      vertex 11.75 80.4 45.5
      vertex 16.6566 80.4 44.1897
    endloop
  endfacet
  facet normal 0 -1 0
    outer loop
      vertex 11.75 80.4 45.5
      vertex 28.8434 80.4 44.1897
      vertex 29 80.4 44.2
    endloop
  endfacet
  facet normal 0 -1 0
    outer loop
      vertex 16.8106 80.4 44.1591
      vertex 28.8434 80.4 44.1897
      vertex 16.6566 80.4 44.1897
    endloop
  endfacet
  facet normal 0 -1 0
    outer loop
      vertex 16.8106 80.4 44.1591
      vertex 28.6894 80.4 44.1591
      vertex 28.8434 80.4 44.1897
    endloop
  endfacet
  facet normal 0 -1 0
    outer loop
      vertex 16.9592 80.4 44.1087
      vertex 28.6894 80.4 44.1591
      vertex 16.8106 80.4 44.1591
    endloop
  endfacet
  facet normal 0 -1 0
    outer loop
      vertex 16.9592 80.4 44.1087
      vertex 28.5408 80.4 44.1087
      vertex 28.6894 80.4 44.1591
    endloop
  endfacet
  facet normal 0 -1 0
    outer loop
      vertex 17.1 80.4 44.0392
      vertex 28.5408 80.4 44.1087
      vertex 16.9592 80.4 44.1087
    endloop
  endfacet
  facet normal 0 -1 0
    outer loop
      vertex 17.1 80.4 44.0392
      vertex 28.4 80.4 44.0392
      vertex 28.5408 80.4 44.1087
    endloop
  endfacet
  facet normal 0 -1 0
    outer loop
      vertex 17.2305 80.4 43.952
      vertex 28.4 80.4 44.0392
      vertex 17.1 80.4 44.0392
    endloop
  endfacet
  facet normal 0 -1 0
    outer loop
      vertex 17.2305 80.4 43.952
      vertex 28.2695 80.4 43.952
      vertex 28.4 80.4 44.0392
    endloop
  endfacet
  facet normal 0 -1 0
    outer loop
      vertex 17.3485 80.4 43.8485
      vertex 28.2695 80.4 43.952
      vertex 17.2305 80.4 43.952
    endloop
  endfacet
  facet normal 0 -1 0
    outer loop
      vertex 17.3485 80.4 43.8485
      vertex 28.1515 80.4 43.8485
      vertex 28.2695 80.4 43.952
    endloop
  endfacet
  facet normal 0 -1 0
    outer loop
      vertex 17.452 80.4 43.7305
      vertex 28.1515 80.4 43.8485
      vertex 17.3485 80.4 43.8485
    endloop
  endfacet
  facet normal 0 -1 0
    outer loop
      vertex 17.452 80.4 43.7305
      vertex 28.048 80.4 43.7305
      vertex 28.1515 80.4 43.8485
    endloop
  endfacet
  facet normal 0 -1 0
    outer loop
      vertex 17.5392 80.4 43.6
      vertex 28.048 80.4 43.7305
      vertex 17.452 80.4 43.7305
    endloop
  endfacet
  facet normal 0 -1 0
    outer loop
      vertex 17.5392 80.4 43.6
      vertex 27.9608 80.4 43.6
      vertex 28.048 80.4 43.7305
    endloop
  endfacet
  facet normal 0 -1 0
    outer loop
      vertex 17.6087 80.4 43.4592
      vertex 27.9608 80.4 43.6
      vertex 17.5392 80.4 43.6
    endloop
  endfacet
  facet normal 0 -1 0
    outer loop
      vertex 17.6087 80.4 43.4592
      vertex 27.8913 80.4 43.4592
      vertex 27.9608 80.4 43.6
    endloop
  endfacet
  facet normal 0 -1 0
    outer loop
      vertex 17.6591 80.4 43.3106
      vertex 27.8913 80.4 43.4592
      vertex 17.6087 80.4 43.4592
    endloop
  endfacet
  facet normal 0 -1 0
    outer loop
      vertex 17.6591 80.4 43.3106
      vertex 27.8409 80.4 43.3106
      vertex 27.8913 80.4 43.4592
    endloop
  endfacet
  facet normal 0 -1 0
    outer loop
      vertex 17.6897 80.4 43.1566
      vertex 27.8409 80.4 43.3106
      vertex 17.6591 80.4 43.3106
    endloop
  endfacet
  facet normal 0 -1 0
    outer loop
      vertex 17.6897 80.4 43.1566
      vertex 27.8103 80.4 43.1566
      vertex 27.8409 80.4 43.3106
    endloop
  endfacet
  facet normal 0 -1 0
    outer loop
      vertex 17.7 80.4 43
      vertex 27.8103 80.4 43.1566
      vertex 17.6897 80.4 43.1566
    endloop
  endfacet
  facet normal 0 -1 0
    outer loop
      vertex 17.7 80.4 43
      vertex 27.8 80.4 43
      vertex 27.8103 80.4 43.1566
    endloop
  endfacet
  facet normal 0 -1 0
    outer loop
      vertex 17.6897 80.4 42.8434
      vertex 27.8 80.4 43
      vertex 17.7 80.4 43
    endloop
  endfacet
  facet normal 0 -1 0
    outer loop
      vertex 17.6897 80.4 42.8434
      vertex 27.8103 80.4 42.8434
      vertex 27.8 80.4 43
    endloop
  endfacet
  facet normal 0 -1 0
    outer loop
      vertex 17.6591 80.4 42.6894
      vertex 27.8103 80.4 42.8434
      vertex 17.6897 80.4 42.8434
    endloop
  endfacet
  facet normal 0 -1 0
    outer loop
      vertex 17.6591 80.4 42.6894
      vertex 27.8409 80.4 42.6894
      vertex 27.8103 80.4 42.8434
    endloop
  endfacet
  facet normal 0 -1 0
    outer loop
      vertex 17.6087 80.4 42.5408
      vertex 27.8409 80.4 42.6894
      vertex 17.6591 80.4 42.6894
    endloop
  endfacet
  facet normal 0 -1 0
    outer loop
      vertex 17.6087 80.4 42.5408
      vertex 27.8913 80.4 42.5408
      vertex 27.8409 80.4 42.6894
    endloop
  endfacet
  facet normal 0 -1 0
    outer loop
      vertex 17.5392 80.4 42.4
      vertex 27.8913 80.4 42.5408
      vertex 17.6087 80.4 42.5408
    endloop
  endfacet
  facet normal 0 -1 0
    outer loop
      vertex 17.5392 80.4 42.4
      vertex 27.9608 80.4 42.4
      vertex 27.8913 80.4 42.5408
    endloop
  endfacet
  facet normal 0 -1 0
    outer loop
      vertex 17.452 80.4 42.2695
      vertex 27.9608 80.4 42.4
      vertex 17.5392 80.4 42.4
    endloop
  endfacet
  facet normal 0 -1 0
    outer loop
      vertex 17.452 80.4 42.2695
      vertex 28.048 80.4 42.2695
      vertex 27.9608 80.4 42.4
    endloop
  endfacet
  facet normal 0 -1 0
    outer loop
      vertex 17.3485 80.4 42.1515
      vertex 28.048 80.4 42.2695
      vertex 17.452 80.4 42.2695
    endloop
  endfacet
  facet normal 0 -1 0
    outer loop
      vertex 17.3485 80.4 42.1515
      vertex 28.1515 80.4 42.1515
      vertex 28.048 80.4 42.2695
    endloop
  endfacet
  facet normal 0 -1 0
    outer loop
      vertex 17.2305 80.4 42.048
      vertex 28.1515 80.4 42.1515
      vertex 17.3485 80.4 42.1515
    endloop
  endfacet
  facet normal 0 -1 0
    outer loop
      vertex 17.2305 80.4 42.048
      vertex 28.2695 80.4 42.048
      vertex 28.1515 80.4 42.1515
    endloop
  endfacet
  facet normal 0 -1 0
    outer loop
      vertex 17.1 80.4 41.9608
      vertex 28.2695 80.4 42.048
      vertex 17.2305 80.4 42.048
    endloop
  endfacet
  facet normal 0 -1 0
    outer loop
      vertex 17.1 80.4 41.9608
      vertex 28.4 80.4 41.9608
      vertex 28.2695 80.4 42.048
    endloop
  endfacet
  facet normal 0 -1 0
    outer loop
      vertex 11.75 80.4 30.6
      vertex 17.1 80.4 41.9608
      vertex 16.9592 80.4 41.8913
    endloop
  endfacet
  facet normal 0 -1 0
    outer loop
      vertex 17.1 80.4 41.9608
      vertex 33 80.4 30.6
      vertex 28.4 80.4 41.9608
    endloop
  endfacet
  facet normal 0 -1 0
    outer loop
      vertex 11.75 80.4 30.6
      vertex 16.9592 80.4 41.8913
      vertex 16.8106 80.4 41.8409
    endloop
  endfacet
  facet normal 0 -1 0
    outer loop
      vertex 28.4 80.4 41.9608
      vertex 33 80.4 30.6
      vertex 28.5408 80.4 41.8913
    endloop
  endfacet
  facet normal 0 -1 0
    outer loop
      vertex 11.75 80.4 30.6
      vertex 16.8106 80.4 41.8409
      vertex 16.6566 80.4 41.8103
    endloop
  endfacet
  facet normal 0 -1 0
    outer loop
      vertex 28.5408 80.4 41.8913
      vertex 33 80.4 30.6
      vertex 28.6894 80.4 41.8409
    endloop
  endfacet
  facet normal 0 -1 0
    outer loop
      vertex 11.75 80.4 30.6
      vertex 16.6566 80.4 41.8103
      vertex 16.5 80.4 41.8
    endloop
  endfacet
  facet normal 0 -1 0
    outer loop
      vertex 28.6894 80.4 41.8409
      vertex 33 80.4 30.6
      vertex 28.8434 80.4 41.8103
    endloop
  endfacet
  facet normal 0 -1 0
    outer loop
      vertex 16.6566 80.4 44.1897
      vertex 11.75 80.4 45.5
      vertex 16.5 80.4 44.2
    endloop
  endfacet
  facet normal 0 -1 0
    outer loop
      vertex 11.75 80.4 45.5
      vertex 16.3434 80.4 44.1897
      vertex 16.5 80.4 44.2
    endloop
  endfacet
  facet normal 0 -1 0
    outer loop
      vertex 11.75 80.4 45.5
      vertex 16.1894 80.4 44.1591
      vertex 16.3434 80.4 44.1897
    endloop
  endfacet
  facet normal 0 -1 0
    outer loop
      vertex 11.75 80.4 45.5
      vertex 16.0408 80.4 44.1087
      vertex 16.1894 80.4 44.1591
    endloop
  endfacet
  facet normal 0 -1 0
    outer loop
      vertex 11.75 80.4 45.5
      vertex 15.9 80.4 44.0392
      vertex 16.0408 80.4 44.1087
    endloop
  endfacet
  facet normal 0 -1 0
    outer loop
      vertex 11.75 80.4 45.5
      vertex 15.7695 80.4 43.952
      vertex 15.9 80.4 44.0392
    endloop
  endfacet
  facet normal 0 -1 0
    outer loop
      vertex 11.75 80.4 45.5
      vertex 15.6515 80.4 43.8485
      vertex 15.7695 80.4 43.952
    endloop
  endfacet
  facet normal 0 -1 0
    outer loop
      vertex 11.75 80.4 45.5
      vertex 15.548 80.4 43.7305
      vertex 15.6515 80.4 43.8485
    endloop
  endfacet
  facet normal 0 -1 0
    outer loop
      vertex 11.75 80.4 45.5
      vertex 15.4608 80.4 43.6
      vertex 15.548 80.4 43.7305
    endloop
  endfacet
  facet normal 0 -1 0
    outer loop
      vertex 11.75 80.4 45.5
      vertex 15.3913 80.4 43.4592
      vertex 15.4608 80.4 43.6
    endloop
  endfacet
  facet normal 0 -1 0
    outer loop
      vertex 11.75 80.4 45.5
      vertex 15.3409 80.4 43.3106
      vertex 15.3913 80.4 43.4592
    endloop
  endfacet
  facet normal 0 -1 0
    outer loop
      vertex 11.75 80.4 45.5
      vertex 15.3103 80.4 43.1566
      vertex 15.3409 80.4 43.3106
    endloop
  endfacet
  facet normal 0 -1 0
    outer loop
      vertex 11.75 80.4 45.5
      vertex 15.3 80.4 43
      vertex 15.3103 80.4 43.1566
    endloop
  endfacet
  facet normal 0 -1 0
    outer loop
      vertex 11.75 80.4 45.5
      vertex 15.3103 80.4 42.8434
      vertex 15.3 80.4 43
    endloop
  endfacet
  facet normal 0 -1 0
    outer loop
      vertex 11.75 80.4 45.5
      vertex 15.3409 80.4 42.6894
      vertex 15.3103 80.4 42.8434
    endloop
  endfacet
  facet normal 0 -1 0
    outer loop
      vertex 11.75 80.4 45.5
      vertex 15.3913 80.4 42.5408
      vertex 15.3409 80.4 42.6894
    endloop
  endfacet
  facet normal 0 -1 0
    outer loop
      vertex 11.75 80.4 45.5
      vertex 15.4608 80.4 42.4
      vertex 15.3913 80.4 42.5408
    endloop
  endfacet
  facet normal 0 -1 0
    outer loop
      vertex 11.75 80.4 30.6
      vertex 15.4608 80.4 42.4
      vertex 11.75 80.4 45.5
    endloop
  endfacet
  facet normal 0 -1 -0
    outer loop
      vertex 15.4608 80.4 42.4
      vertex 11.75 80.4 30.6
      vertex 15.548 80.4 42.2695
    endloop
  endfacet
  facet normal 0 -1 -0
    outer loop
      vertex 15.548 80.4 42.2695
      vertex 11.75 80.4 30.6
      vertex 15.6515 80.4 42.1515
    endloop
  endfacet
  facet normal 0 -1 -0
    outer loop
      vertex 17.1 80.4 41.9608
      vertex 11.75 80.4 30.6
      vertex 33 80.4 30.6
    endloop
  endfacet
  facet normal 0 -1 -0
    outer loop
      vertex 16.3434 80.4 41.8103
      vertex 11.75 80.4 30.6
      vertex 16.5 80.4 41.8
    endloop
  endfacet
  facet normal 0 -1 -0
    outer loop
      vertex 16.1894 80.4 41.8409
      vertex 11.75 80.4 30.6
      vertex 16.3434 80.4 41.8103
    endloop
  endfacet
  facet normal 0 -1 -0
    outer loop
      vertex 16.0408 80.4 41.8913
      vertex 11.75 80.4 30.6
      vertex 16.1894 80.4 41.8409
    endloop
  endfacet
  facet normal 0 -1 -0
    outer loop
      vertex 15.9 80.4 41.9608
      vertex 11.75 80.4 30.6
      vertex 16.0408 80.4 41.8913
    endloop
  endfacet
  facet normal 0 -1 -0
    outer loop
      vertex 15.7695 80.4 42.048
      vertex 11.75 80.4 30.6
      vertex 15.9 80.4 41.9608
    endloop
  endfacet
  facet normal 0 -1 -0
    outer loop
      vertex 15.6515 80.4 42.1515
      vertex 11.75 80.4 30.6
      vertex 15.7695 80.4 42.048
    endloop
  endfacet
  facet normal 0 -1 0
    outer loop
      vertex 11.75 80.4 45.5
      vertex 29 80.4 44.2
      vertex 34.4 80.4 45.5
    endloop
  endfacet
  facet normal 0 -1 0
    outer loop
      vertex 29.1566 80.4 44.1897
      vertex 34.4 80.4 45.5
      vertex 29 80.4 44.2
    endloop
  endfacet
  facet normal 0 -1 0
    outer loop
      vertex 29.3106 80.4 44.1591
      vertex 34.4 80.4 45.5
      vertex 29.1566 80.4 44.1897
    endloop
  endfacet
  facet normal 0 -1 0
    outer loop
      vertex 29.4592 80.4 44.1087
      vertex 34.4 80.4 45.5
      vertex 29.3106 80.4 44.1591
    endloop
  endfacet
  facet normal 0 -1 0
    outer loop
      vertex 29.6 80.4 44.0392
      vertex 34.4 80.4 45.5
      vertex 29.4592 80.4 44.1087
    endloop
  endfacet
  facet normal 0 -1 0
    outer loop
      vertex 29.7305 80.4 43.952
      vertex 34.4 80.4 45.5
      vertex 29.6 80.4 44.0392
    endloop
  endfacet
  facet normal 0 -1 0
    outer loop
      vertex 29.8485 80.4 43.8485
      vertex 34.4 80.4 45.5
      vertex 29.7305 80.4 43.952
    endloop
  endfacet
  facet normal 0 -1 0
    outer loop
      vertex 29.952 80.4 43.7305
      vertex 34.4 80.4 45.5
      vertex 29.8485 80.4 43.8485
    endloop
  endfacet
  facet normal 0 -1 0
    outer loop
      vertex 30.0392 80.4 43.6
      vertex 34.4 80.4 45.5
      vertex 29.952 80.4 43.7305
    endloop
  endfacet
  facet normal 0 -1 0
    outer loop
      vertex 30.1087 80.4 43.4592
      vertex 34.4 80.4 45.5
      vertex 30.0392 80.4 43.6
    endloop
  endfacet
  facet normal 0 -1 0
    outer loop
      vertex 30.1591 80.4 43.3106
      vertex 34.4 80.4 45.5
      vertex 30.1087 80.4 43.4592
    endloop
  endfacet
  facet normal 0 -1 0
    outer loop
      vertex 30.1897 80.4 43.1566
      vertex 34.4 80.4 45.5
      vertex 30.1591 80.4 43.3106
    endloop
  endfacet
  facet normal 0 -1 0
    outer loop
      vertex 30.2 80.4 43
      vertex 34.4 80.4 45.5
      vertex 30.1897 80.4 43.1566
    endloop
  endfacet
  facet normal 0 -1 0
    outer loop
      vertex 30.1897 80.4 42.8434
      vertex 34.4 80.4 45.5
      vertex 30.2 80.4 43
    endloop
  endfacet
  facet normal 0 -1 0
    outer loop
      vertex 30.1591 80.4 42.6894
      vertex 34.4 80.4 45.5
      vertex 30.1897 80.4 42.8434
    endloop
  endfacet
  facet normal 0 -1 0
    outer loop
      vertex 30.1087 80.4 42.5408
      vertex 34.4 80.4 45.5
      vertex 30.1591 80.4 42.6894
    endloop
  endfacet
  facet normal 0 -1 0
    outer loop
      vertex 30.0392 80.4 42.4
      vertex 34.4 80.4 45.5
      vertex 30.1087 80.4 42.5408
    endloop
  endfacet
  facet normal 0 -1 0
    outer loop
      vertex 29.952 80.4 42.2695
      vertex 34.4 80.4 45.5
      vertex 30.0392 80.4 42.4
    endloop
  endfacet
  facet normal 0 -1 0
    outer loop
      vertex 34.4 80.4 30.6
      vertex 29.952 80.4 42.2695
      vertex 29.8485 80.4 42.1515
    endloop
  endfacet
  facet normal 0 -1 0
    outer loop
      vertex 34.4 80.4 30.6
      vertex 29.8485 80.4 42.1515
      vertex 29.7305 80.4 42.048
    endloop
  endfacet
  facet normal 0 -1 0
    outer loop
      vertex 28.8434 80.4 41.8103
      vertex 33 80.4 30.6
      vertex 29 80.4 41.8
    endloop
  endfacet
  facet normal 0 -1 0
    outer loop
      vertex 29 80.4 41.8
      vertex 33 80.4 30.6
      vertex 29.1566 80.4 41.8103
    endloop
  endfacet
  facet normal 0 -1 0
    outer loop
      vertex 29.1566 80.4 41.8103
      vertex 33 80.4 30.6
      vertex 29.3106 80.4 41.8409
    endloop
  endfacet
  facet normal 0 -1 0
    outer loop
      vertex 29.3106 80.4 41.8409
      vertex 33 80.4 30.6
      vertex 29.4592 80.4 41.8913
    endloop
  endfacet
  facet normal 0 -1 0
    outer loop
      vertex 29.4592 80.4 41.8913
      vertex 33 80.4 30.6
      vertex 29.6 80.4 41.9608
    endloop
  endfacet
  facet normal 0 -1 0
    outer loop
      vertex 33 80.4 30.6
      vertex 29.7305 80.4 42.048
      vertex 29.6 80.4 41.9608
    endloop
  endfacet
  facet normal 0 -1 0
    outer loop
      vertex 34.4 80.4 30.6
      vertex 29.7305 80.4 42.048
      vertex 33 80.4 30.6
    endloop
  endfacet
  facet normal 0 -1 0
    outer loop
      vertex 29.952 80.4 42.2695
      vertex 34.4 80.4 30.6
      vertex 34.4 80.4 45.5
    endloop
  endfacet
  facet normal 0 0 1
    outer loop
      vertex 35 84.8 21.8
      vertex 34.4 81.7 21.8
      vertex 35 81.7 21.8
    endloop
  endfacet
  facet normal -0 0 1
    outer loop
      vertex 11.75 84.8 21.8
      vertex 34.4 81.7 21.8
      vertex 35 84.8 21.8
    endloop
  endfacet
  facet normal 0 0 1
    outer loop
      vertex 34.4 81.7 21.8
      vertex 11.75 84.8 21.8
      vertex 11.75 81.7 21.8
    endloop
  endfacet
  facet normal 1 -0 0
    outer loop
      vertex 35 81.7 21.8
      vertex 35 84.8 21
      vertex 35 84.8 21.8
    endloop
  endfacet
  facet normal 1 0 0
    outer loop
      vertex 35 84.8 21
      vertex 35 81.7 21.8
      vertex 35 81.7 21
    endloop
  endfacet
  facet normal 0 1 -0
    outer loop
      vertex 35 84.8 21
      vertex 11.75 84.8 21.8
      vertex 35 84.8 21.8
    endloop
  endfacet
  facet normal 0 1 0
    outer loop
      vertex 11.75 84.8 21.8
      vertex 35 84.8 21
      vertex 11.75 84.8 21
    endloop
  endfacet
  facet normal -0 0 1
    outer loop
      vertex 11.75 83.45 39.98
      vertex 12.65 81.7 39.98
      vertex 12.65 83.45 39.98
    endloop
  endfacet
  facet normal 0 0 1
    outer loop
      vertex 12.65 81.7 39.98
      vertex 11.75 83.45 39.98
      vertex 11.75 81.7 39.98
    endloop
  endfacet
  facet normal 1 -0 0
    outer loop
      vertex 12.65 81.7 39.98
      vertex 12.65 83.45 22
      vertex 12.65 83.45 39.98
    endloop
  endfacet
  facet normal 1 0 0
    outer loop
      vertex 12.65 83.45 22
      vertex 12.65 81.7 39.98
      vertex 12.65 81.7 22
    endloop
  endfacet
  facet normal 0 1 -0
    outer loop
      vertex 12.65 83.45 22
      vertex 11.75 83.45 39.98
      vertex 12.65 83.45 39.98
    endloop
  endfacet
  facet normal 0 1 0
    outer loop
      vertex 11.75 83.45 39.98
      vertex 12.65 83.45 22
      vertex 11.75 83.45 22
    endloop
  endfacet
  facet normal 0 0 -1
    outer loop
      vertex 11.75 81.7 22
      vertex 12.65 83.45 22
      vertex 12.65 81.7 22
    endloop
  endfacet
  facet normal -0 0 -1
    outer loop
      vertex 12.65 83.45 22
      vertex 11.75 81.7 22
      vertex 11.75 83.45 22
    endloop
  endfacet
  facet normal -1 0 0
    outer loop
      vertex -5.25 80 29.6
      vertex -5.25 82 30.6
      vertex -5.25 82 29.6
    endloop
  endfacet
  facet normal -1 -0 0
    outer loop
      vertex -5.25 82 30.6
      vertex -5.25 80 29.6
      vertex -5.25 80 30.6
    endloop
  endfacet
  facet normal 0 1 -0
    outer loop
      vertex 11.75 82 29.6
      vertex -0.46165 82 30.6
      vertex 11.75 82 30.6
    endloop
  endfacet
  facet normal 0 1 0
    outer loop
      vertex -0.46165 82 30.6
      vertex 11.75 82 29.6
      vertex -0.46165 82 29.6
    endloop
  endfacet
  facet normal 0 1 -0
    outer loop
      vertex -5.03835 82 29.6
      vertex -5.25 82 30.6
      vertex -5.03835 82 30.6
    endloop
  endfacet
  facet normal 0 1 0
    outer loop
      vertex -5.25 82 30.6
      vertex -5.03835 82 29.6
      vertex -5.25 82 29.6
    endloop
  endfacet
  facet normal 0 -1 0
    outer loop
      vertex -0.46165 80 29.6
      vertex 11.75 80 30.6
      vertex -0.46165 80 30.6
    endloop
  endfacet
  facet normal 0 -1 -0
    outer loop
      vertex 11.75 80 30.6
      vertex -0.46165 80 29.6
      vertex 11.75 80 29.6
    endloop
  endfacet
  facet normal 0 -1 0
    outer loop
      vertex -5.25 80 29.6
      vertex -5.03835 80 30.6
      vertex -5.25 80 30.6
    endloop
  endfacet
  facet normal 0 -1 -0
    outer loop
      vertex -5.03835 80 30.6
      vertex -5.25 80 29.6
      vertex -5.03835 80 29.6
    endloop
  endfacet
  facet normal -1 0 0
    outer loop
      vertex 33 78 29.6
      vertex 33 80.4 30.6
      vertex 33 80.4 29.6
    endloop
  endfacet
  facet normal -1 -0 0
    outer loop
      vertex 33 80.4 30.6
      vertex 33 78 29.6
      vertex 33 78 30.6
    endloop
  endfacet
  facet normal 1 -0 0
    outer loop
      vertex 46.4 78 30.6
      vertex 46.4 80 29.6
      vertex 46.4 80 30.6
    endloop
  endfacet
  facet normal 1 0 0
    outer loop
      vertex 46.4 80 29.6
      vertex 46.4 78 30.6
      vertex 46.4 78 29.6
    endloop
  endfacet
  facet normal 0 1 -0
    outer loop
      vertex 46.4 80 29.6
      vertex 34.4 80 30.6
      vertex 46.4 80 30.6
    endloop
  endfacet
  facet normal 0 1 0
    outer loop
      vertex 34.4 80 30.6
      vertex 46.4 80 29.6
      vertex 34.4 80 29.6
    endloop
  endfacet
  facet normal 0 -1 0
    outer loop
      vertex 33 78 29.6
      vertex 44.4 78 30.6
      vertex 33 78 30.6
    endloop
  endfacet
  facet normal 0 -1 -0
    outer loop
      vertex 44.4 78 30.6
      vertex 33 78 29.6
      vertex 44.4 78 29.6
    endloop
  endfacet
  facet normal -1 0 0
    outer loop
      vertex 44.4 76 29.6
      vertex 44.4 78 30.6
      vertex 44.4 78 29.6
    endloop
  endfacet
  facet normal -1 -0 0
    outer loop
      vertex 44.4 78 30.6
      vertex 44.4 76 29.6
      vertex 44.4 76 30.6
    endloop
  endfacet
  facet normal 1 -0 0
    outer loop
      vertex 54.75 76 30.6
      vertex 54.75 78 29.6
      vertex 54.75 78 30.6
    endloop
  endfacet
  facet normal 1 0 0
    outer loop
      vertex 54.75 78 29.6
      vertex 54.75 76 30.6
      vertex 54.75 76 29.6
    endloop
  endfacet
  facet normal 0 1 -0
    outer loop
      vertex 54.75 78 29.6
      vertex 54.5383 78 30.6
      vertex 54.75 78 30.6
    endloop
  endfacet
  facet normal 0 1 0
    outer loop
      vertex 54.5383 78 30.6
      vertex 54.75 78 29.6
      vertex 54.5383 78 29.6
    endloop
  endfacet
  facet normal 0 1 -0
    outer loop
      vertex 49.9617 78 29.6
      vertex 46.4 78 30.6
      vertex 49.9617 78 30.6
    endloop
  endfacet
  facet normal 0 1 0
    outer loop
      vertex 46.4 78 30.6
      vertex 49.9617 78 29.6
      vertex 46.4 78 29.6
    endloop
  endfacet
  facet normal 0 -1 0
    outer loop
      vertex 54.5383 76 29.6
      vertex 54.75 76 30.6
      vertex 54.5383 76 30.6
    endloop
  endfacet
  facet normal 0 -1 -0
    outer loop
      vertex 54.75 76 30.6
      vertex 54.5383 76 29.6
      vertex 54.75 76 29.6
    endloop
  endfacet
  facet normal 0 -1 0
    outer loop
      vertex 44.4 76 29.6
      vertex 49.9617 76 30.6
      vertex 44.4 76 30.6
    endloop
  endfacet
  facet normal 0 -1 -0
    outer loop
      vertex 49.9617 76 30.6
      vertex 44.4 76 29.6
      vertex 49.9617 76 29.6
    endloop
  endfacet
  facet normal -0.997856 -0.0654405 0
    outer loop
      vertex -1.55 81 26
      vertex -1.56027 81.1566 30.6
      vertex -1.56027 81.1566 26
    endloop
  endfacet
  facet normal -0.997856 -0.0654405 0
    outer loop
      vertex -1.56027 81.1566 30.6
      vertex -1.55 81 26
      vertex -1.55 81 30.6
    endloop
  endfacet
  facet normal 0.0656183 -0.997845 0
    outer loop
      vertex -2.90663 82.1897 26
      vertex -2.75 82.2 30.6
      vertex -2.90663 82.1897 30.6
    endloop
  endfacet
  facet normal 0.0656183 -0.997845 0
    outer loop
      vertex -2.75 82.2 30.6
      vertex -2.90663 82.1897 26
      vertex -2.75 82.2 26
    endloop
  endfacet
  facet normal -0.0656183 0.997845 0
    outer loop
      vertex -2.59337 79.8103 26
      vertex -2.75 79.8 30.6
      vertex -2.59337 79.8103 30.6
    endloop
  endfacet
  facet normal -0.0656183 0.997845 0
    outer loop
      vertex -2.75 79.8 30.6
      vertex -2.59337 79.8103 26
      vertex -2.75 79.8 26
    endloop
  endfacet
  facet normal -0.659343 -0.751842 0
    outer loop
      vertex -2.01949 81.952 26
      vertex -1.90147 81.8485 30.6
      vertex -2.01949 81.952 30.6
    endloop
  endfacet
  facet normal -0.659343 -0.751842 -0
    outer loop
      vertex -1.90147 81.8485 30.6
      vertex -2.01949 81.952 26
      vertex -1.90147 81.8485 26
    endloop
  endfacet
  facet normal 0.751818 -0.65937 0
    outer loop
      vertex -3.70202 81.7305 30.6
      vertex -3.59853 81.8485 26
      vertex -3.59853 81.8485 30.6
    endloop
  endfacet
  facet normal 0.751818 -0.65937 0
    outer loop
      vertex -3.59853 81.8485 26
      vertex -3.70202 81.7305 30.6
      vertex -3.70202 81.7305 26
    endloop
  endfacet
  facet normal 0.442673 -0.896683 0
    outer loop
      vertex -3.35 82.0392 26
      vertex -3.20922 82.1087 30.6
      vertex -3.35 82.0392 30.6
    endloop
  endfacet
  facet normal 0.442673 -0.896683 0
    outer loop
      vertex -3.20922 82.1087 30.6
      vertex -3.35 82.0392 26
      vertex -3.20922 82.1087 26
    endloop
  endfacet
  facet normal -0.896885 -0.442264 0
    outer loop
      vertex -1.64134 81.4592 26
      vertex -1.71077 81.6 30.6
      vertex -1.71077 81.6 26
    endloop
  endfacet
  facet normal -0.896885 -0.442264 0
    outer loop
      vertex -1.71077 81.6 30.6
      vertex -1.64134 81.4592 26
      vertex -1.64134 81.4592 30.6
    endloop
  endfacet
  facet normal -0.321117 -0.94704 0
    outer loop
      vertex -2.43942 82.1591 26
      vertex -2.29078 82.1087 30.6
      vertex -2.43942 82.1591 30.6
    endloop
  endfacet
  facet normal -0.321117 -0.94704 -0
    outer loop
      vertex -2.29078 82.1087 30.6
      vertex -2.43942 82.1591 26
      vertex -2.29078 82.1087 26
    endloop
  endfacet
  facet normal -0.194952 -0.980813 0
    outer loop
      vertex -2.59337 82.1897 26
      vertex -2.43942 82.1591 30.6
      vertex -2.59337 82.1897 30.6
    endloop
  endfacet
  facet normal -0.194952 -0.980813 -0
    outer loop
      vertex -2.43942 82.1591 30.6
      vertex -2.59337 82.1897 26
      vertex -2.43942 82.1591 26
    endloop
  endfacet
  facet normal -0.442673 -0.896683 0
    outer loop
      vertex -2.29078 82.1087 26
      vertex -2.15 82.0392 30.6
      vertex -2.29078 82.1087 30.6
    endloop
  endfacet
  facet normal -0.442673 -0.896683 -0
    outer loop
      vertex -2.15 82.0392 30.6
      vertex -2.29078 82.1087 26
      vertex -2.15 82.0392 26
    endloop
  endfacet
  facet normal 0.946897 -0.321537 0
    outer loop
      vertex -3.90911 81.3106 30.6
      vertex -3.85865 81.4592 26
      vertex -3.85865 81.4592 30.6
    endloop
  endfacet
  facet normal 0.946897 -0.321537 0
    outer loop
      vertex -3.85865 81.4592 26
      vertex -3.90911 81.3106 30.6
      vertex -3.90911 81.3106 26
    endloop
  endfacet
  facet normal 0.89691 -0.442212 0
    outer loop
      vertex -3.85865 81.4592 30.6
      vertex -3.78923 81.6 26
      vertex -3.78923 81.6 30.6
    endloop
  endfacet
  facet normal 0.89691 -0.442212 0
    outer loop
      vertex -3.78923 81.6 26
      vertex -3.85865 81.4592 30.6
      vertex -3.85865 81.4592 26
    endloop
  endfacet
  facet normal 0.980801 -0.195014 0
    outer loop
      vertex -3.93973 81.1566 30.6
      vertex -3.90911 81.3106 26
      vertex -3.90911 81.3106 30.6
    endloop
  endfacet
  facet normal 0.980801 -0.195014 0
    outer loop
      vertex -3.90911 81.3106 26
      vertex -3.93973 81.1566 30.6
      vertex -3.93973 81.1566 26
    endloop
  endfacet
  facet normal 0.659343 -0.751842 0
    outer loop
      vertex -3.59853 81.8485 26
      vertex -3.48051 81.952 30.6
      vertex -3.59853 81.8485 30.6
    endloop
  endfacet
  facet normal 0.659343 -0.751842 0
    outer loop
      vertex -3.48051 81.952 30.6
      vertex -3.59853 81.8485 26
      vertex -3.48051 81.952 26
    endloop
  endfacet
  facet normal 0.321117 -0.94704 0
    outer loop
      vertex -3.20922 82.1087 26
      vertex -3.06058 82.1591 30.6
      vertex -3.20922 82.1087 30.6
    endloop
  endfacet
  facet normal 0.321117 -0.94704 0
    outer loop
      vertex -3.06058 82.1591 30.6
      vertex -3.20922 82.1087 26
      vertex -3.06058 82.1591 26
    endloop
  endfacet
  facet normal -0.194952 0.980813 0
    outer loop
      vertex -2.43942 79.8409 26
      vertex -2.59337 79.8103 30.6
      vertex -2.43942 79.8409 30.6
    endloop
  endfacet
  facet normal -0.194952 0.980813 0
    outer loop
      vertex -2.59337 79.8103 30.6
      vertex -2.43942 79.8409 26
      vertex -2.59337 79.8103 26
    endloop
  endfacet
  facet normal -0.946916 -0.32148 0
    outer loop
      vertex -1.59089 81.3106 26
      vertex -1.64134 81.4592 30.6
      vertex -1.64134 81.4592 26
    endloop
  endfacet
  facet normal -0.946916 -0.32148 0
    outer loop
      vertex -1.64134 81.4592 30.6
      vertex -1.59089 81.3106 26
      vertex -1.59089 81.3106 30.6
    endloop
  endfacet
  facet normal -0.980801 -0.195014 0
    outer loop
      vertex -1.56027 81.1566 26
      vertex -1.59089 81.3106 30.6
      vertex -1.59089 81.3106 26
    endloop
  endfacet
  facet normal -0.980801 -0.195014 0
    outer loop
      vertex -1.59089 81.3106 30.6
      vertex -1.56027 81.1566 26
      vertex -1.56027 81.1566 30.6
    endloop
  endfacet
  facet normal -0.751818 -0.65937 0
    outer loop
      vertex -1.79798 81.7305 26
      vertex -1.90147 81.8485 30.6
      vertex -1.90147 81.8485 26
    endloop
  endfacet
  facet normal -0.751818 -0.65937 0
    outer loop
      vertex -1.90147 81.8485 30.6
      vertex -1.79798 81.7305 26
      vertex -1.79798 81.7305 30.6
    endloop
  endfacet
  facet normal -0.831432 -0.555626 0
    outer loop
      vertex -1.71077 81.6 26
      vertex -1.79798 81.7305 30.6
      vertex -1.79798 81.7305 26
    endloop
  endfacet
  facet normal -0.831432 -0.555626 0
    outer loop
      vertex -1.79798 81.7305 30.6
      vertex -1.71077 81.6 26
      vertex -1.71077 81.6 30.6
    endloop
  endfacet
  facet normal -0.0656183 -0.997845 0
    outer loop
      vertex -2.75 82.2 26
      vertex -2.59337 82.1897 30.6
      vertex -2.75 82.2 30.6
    endloop
  endfacet
  facet normal -0.0656183 -0.997845 -0
    outer loop
      vertex -2.59337 82.1897 30.6
      vertex -2.75 82.2 26
      vertex -2.59337 82.1897 26
    endloop
  endfacet
  facet normal -0.555553 -0.831481 0
    outer loop
      vertex -2.15 82.0392 26
      vertex -2.01949 81.952 30.6
      vertex -2.15 82.0392 30.6
    endloop
  endfacet
  facet normal -0.555553 -0.831481 -0
    outer loop
      vertex -2.01949 81.952 30.6
      vertex -2.15 82.0392 26
      vertex -2.01949 81.952 26
    endloop
  endfacet
  facet normal 0.997856 -0.0654405 0
    outer loop
      vertex -3.95 81 30.6
      vertex -3.93973 81.1566 26
      vertex -3.93973 81.1566 30.6
    endloop
  endfacet
  facet normal 0.997856 -0.0654405 0
    outer loop
      vertex -3.93973 81.1566 26
      vertex -3.95 81 30.6
      vertex -3.95 81 26
    endloop
  endfacet
  facet normal 0.194952 -0.980813 0
    outer loop
      vertex -3.06058 82.1591 26
      vertex -2.90663 82.1897 30.6
      vertex -3.06058 82.1591 30.6
    endloop
  endfacet
  facet normal 0.194952 -0.980813 0
    outer loop
      vertex -2.90663 82.1897 30.6
      vertex -3.06058 82.1591 26
      vertex -2.90663 82.1897 26
    endloop
  endfacet
  facet normal -0.751818 0.65937 0
    outer loop
      vertex -1.90147 80.1515 26
      vertex -1.79798 80.2695 30.6
      vertex -1.79798 80.2695 26
    endloop
  endfacet
  facet normal -0.751818 0.65937 0
    outer loop
      vertex -1.79798 80.2695 30.6
      vertex -1.90147 80.1515 26
      vertex -1.90147 80.1515 30.6
    endloop
  endfacet
  facet normal -0.946916 0.32148 0
    outer loop
      vertex -1.64134 80.5408 26
      vertex -1.59089 80.6894 30.6
      vertex -1.59089 80.6894 26
    endloop
  endfacet
  facet normal -0.946916 0.32148 0
    outer loop
      vertex -1.59089 80.6894 30.6
      vertex -1.64134 80.5408 26
      vertex -1.64134 80.5408 30.6
    endloop
  endfacet
  facet normal -0.980801 0.195014 0
    outer loop
      vertex -1.59089 80.6894 26
      vertex -1.56027 80.8434 30.6
      vertex -1.56027 80.8434 26
    endloop
  endfacet
  facet normal -0.980801 0.195014 0
    outer loop
      vertex -1.56027 80.8434 30.6
      vertex -1.59089 80.6894 26
      vertex -1.59089 80.6894 30.6
    endloop
  endfacet
  facet normal -0.442673 0.896683 0
    outer loop
      vertex -2.15 79.9608 26
      vertex -2.29078 79.8913 30.6
      vertex -2.15 79.9608 30.6
    endloop
  endfacet
  facet normal -0.442673 0.896683 0
    outer loop
      vertex -2.29078 79.8913 30.6
      vertex -2.15 79.9608 26
      vertex -2.29078 79.8913 26
    endloop
  endfacet
  facet normal 0.831432 -0.555626 0
    outer loop
      vertex -3.78923 81.6 30.6
      vertex -3.70202 81.7305 26
      vertex -3.70202 81.7305 30.6
    endloop
  endfacet
  facet normal 0.831432 -0.555626 0
    outer loop
      vertex -3.70202 81.7305 26
      vertex -3.78923 81.6 30.6
      vertex -3.78923 81.6 26
    endloop
  endfacet
  facet normal 0.997856 0.0654405 0
    outer loop
      vertex -3.93973 80.8434 30.6
      vertex -3.95 81 26
      vertex -3.95 81 30.6
    endloop
  endfacet
  facet normal 0.997856 0.0654405 0
    outer loop
      vertex -3.95 81 26
      vertex -3.93973 80.8434 30.6
      vertex -3.93973 80.8434 26
    endloop
  endfacet
  facet normal 0.555553 -0.831481 0
    outer loop
      vertex -3.48051 81.952 26
      vertex -3.35 82.0392 30.6
      vertex -3.48051 81.952 30.6
    endloop
  endfacet
  facet normal 0.555553 -0.831481 0
    outer loop
      vertex -3.35 82.0392 30.6
      vertex -3.48051 81.952 26
      vertex -3.35 82.0392 26
    endloop
  endfacet
  facet normal -0.831432 0.555626 0
    outer loop
      vertex -1.79798 80.2695 26
      vertex -1.71077 80.4 30.6
      vertex -1.71077 80.4 26
    endloop
  endfacet
  facet normal -0.831432 0.555626 0
    outer loop
      vertex -1.71077 80.4 30.6
      vertex -1.79798 80.2695 26
      vertex -1.79798 80.2695 30.6
    endloop
  endfacet
  facet normal -0.555553 0.831481 0
    outer loop
      vertex -2.01949 80.048 26
      vertex -2.15 79.9608 30.6
      vertex -2.01949 80.048 30.6
    endloop
  endfacet
  facet normal -0.555553 0.831481 0
    outer loop
      vertex -2.15 79.9608 30.6
      vertex -2.01949 80.048 26
      vertex -2.15 79.9608 26
    endloop
  endfacet
  facet normal -0.997856 0.0654405 0
    outer loop
      vertex -1.56027 80.8434 26
      vertex -1.55 81 30.6
      vertex -1.55 81 26
    endloop
  endfacet
  facet normal -0.997856 0.0654405 0
    outer loop
      vertex -1.55 81 30.6
      vertex -1.56027 80.8434 26
      vertex -1.56027 80.8434 30.6
    endloop
  endfacet
  facet normal 0.321117 0.94704 -0
    outer loop
      vertex -3.06058 79.8409 26
      vertex -3.20922 79.8913 30.6
      vertex -3.06058 79.8409 30.6
    endloop
  endfacet
  facet normal 0.321117 0.94704 0
    outer loop
      vertex -3.20922 79.8913 30.6
      vertex -3.06058 79.8409 26
      vertex -3.20922 79.8913 26
    endloop
  endfacet
  facet normal 0.659343 0.751842 -0
    outer loop
      vertex -3.48051 80.048 26
      vertex -3.59853 80.1515 30.6
      vertex -3.48051 80.048 30.6
    endloop
  endfacet
  facet normal 0.659343 0.751842 0
    outer loop
      vertex -3.59853 80.1515 30.6
      vertex -3.48051 80.048 26
      vertex -3.59853 80.1515 26
    endloop
  endfacet
  facet normal 0.831432 0.555626 0
    outer loop
      vertex -3.70202 80.2695 30.6
      vertex -3.78923 80.4 26
      vertex -3.78923 80.4 30.6
    endloop
  endfacet
  facet normal 0.831432 0.555626 0
    outer loop
      vertex -3.78923 80.4 26
      vertex -3.70202 80.2695 30.6
      vertex -3.70202 80.2695 26
    endloop
  endfacet
  facet normal 0.89691 0.442212 0
    outer loop
      vertex -3.78923 80.4 30.6
      vertex -3.85865 80.5408 26
      vertex -3.85865 80.5408 30.6
    endloop
  endfacet
  facet normal 0.89691 0.442212 0
    outer loop
      vertex -3.85865 80.5408 26
      vertex -3.78923 80.4 30.6
      vertex -3.78923 80.4 26
    endloop
  endfacet
  facet normal 0.980801 0.195014 0
    outer loop
      vertex -3.90911 80.6894 30.6
      vertex -3.93973 80.8434 26
      vertex -3.93973 80.8434 30.6
    endloop
  endfacet
  facet normal 0.980801 0.195014 0
    outer loop
      vertex -3.93973 80.8434 26
      vertex -3.90911 80.6894 30.6
      vertex -3.90911 80.6894 26
    endloop
  endfacet
  facet normal -0.321117 0.94704 0
    outer loop
      vertex -2.29078 79.8913 26
      vertex -2.43942 79.8409 30.6
      vertex -2.29078 79.8913 30.6
    endloop
  endfacet
  facet normal -0.321117 0.94704 0
    outer loop
      vertex -2.43942 79.8409 30.6
      vertex -2.29078 79.8913 26
      vertex -2.43942 79.8409 26
    endloop
  endfacet
  facet normal -0.896885 0.442264 0
    outer loop
      vertex -1.71077 80.4 26
      vertex -1.64134 80.5408 30.6
      vertex -1.64134 80.5408 26
    endloop
  endfacet
  facet normal -0.896885 0.442264 0
    outer loop
      vertex -1.64134 80.5408 30.6
      vertex -1.71077 80.4 26
      vertex -1.71077 80.4 30.6
    endloop
  endfacet
  facet normal -0.659343 0.751842 0
    outer loop
      vertex -1.90147 80.1515 26
      vertex -2.01949 80.048 30.6
      vertex -1.90147 80.1515 30.6
    endloop
  endfacet
  facet normal -0.659343 0.751842 0
    outer loop
      vertex -2.01949 80.048 30.6
      vertex -1.90147 80.1515 26
      vertex -2.01949 80.048 26
    endloop
  endfacet
  facet normal 0.0656183 0.997845 -0
    outer loop
      vertex -2.75 79.8 26
      vertex -2.90663 79.8103 30.6
      vertex -2.75 79.8 30.6
    endloop
  endfacet
  facet normal 0.0656183 0.997845 0
    outer loop
      vertex -2.90663 79.8103 30.6
      vertex -2.75 79.8 26
      vertex -2.90663 79.8103 26
    endloop
  endfacet
  facet normal 0.194952 0.980813 -0
    outer loop
      vertex -2.90663 79.8103 26
      vertex -3.06058 79.8409 30.6
      vertex -2.90663 79.8103 30.6
    endloop
  endfacet
  facet normal 0.194952 0.980813 0
    outer loop
      vertex -3.06058 79.8409 30.6
      vertex -2.90663 79.8103 26
      vertex -3.06058 79.8409 26
    endloop
  endfacet
  facet normal 0.751818 0.65937 0
    outer loop
      vertex -3.59853 80.1515 30.6
      vertex -3.70202 80.2695 26
      vertex -3.70202 80.2695 30.6
    endloop
  endfacet
  facet normal 0.751818 0.65937 0
    outer loop
      vertex -3.70202 80.2695 26
      vertex -3.59853 80.1515 30.6
      vertex -3.59853 80.1515 26
    endloop
  endfacet
  facet normal 0.946897 0.321537 0
    outer loop
      vertex -3.85865 80.5408 30.6
      vertex -3.90911 80.6894 26
      vertex -3.90911 80.6894 30.6
    endloop
  endfacet
  facet normal 0.946897 0.321537 0
    outer loop
      vertex -3.90911 80.6894 26
      vertex -3.85865 80.5408 30.6
      vertex -3.85865 80.5408 26
    endloop
  endfacet
  facet normal 0.555553 0.831481 -0
    outer loop
      vertex -3.35 79.9608 26
      vertex -3.48051 80.048 30.6
      vertex -3.35 79.9608 30.6
    endloop
  endfacet
  facet normal 0.555553 0.831481 0
    outer loop
      vertex -3.48051 80.048 30.6
      vertex -3.35 79.9608 26
      vertex -3.48051 80.048 26
    endloop
  endfacet
  facet normal 0.442673 0.896683 -0
    outer loop
      vertex -3.20922 79.8913 26
      vertex -3.35 79.9608 30.6
      vertex -3.20922 79.8913 30.6
    endloop
  endfacet
  facet normal 0.442673 0.896683 0
    outer loop
      vertex -3.35 79.9608 30.6
      vertex -3.20922 79.8913 26
      vertex -3.35 79.9608 26
    endloop
  endfacet
  facet normal -0.997844 -0.0656309 0
    outer loop
      vertex 53.45 77 26
      vertex 53.4397 77.1566 30.6
      vertex 53.4397 77.1566 26
    endloop
  endfacet
  facet normal -0.997844 -0.0656309 0
    outer loop
      vertex 53.4397 77.1566 30.6
      vertex 53.45 77 26
      vertex 53.45 77 30.6
    endloop
  endfacet
  facet normal 0.0656309 -0.997844 0
    outer loop
      vertex 52.0934 78.1897 26
      vertex 52.25 78.2 30.6
      vertex 52.0934 78.1897 30.6
    endloop
  endfacet
  facet normal 0.0656309 -0.997844 0
    outer loop
      vertex 52.25 78.2 30.6
      vertex 52.0934 78.1897 26
      vertex 52.25 78.2 26
    endloop
  endfacet
  facet normal -0.0656309 0.997844 0
    outer loop
      vertex 52.4066 75.8103 26
      vertex 52.25 75.8 30.6
      vertex 52.4066 75.8103 30.6
    endloop
  endfacet
  facet normal -0.0656309 0.997844 0
    outer loop
      vertex 52.25 75.8 30.6
      vertex 52.4066 75.8103 26
      vertex 52.25 75.8 26
    endloop
  endfacet
  facet normal -0.659406 -0.751787 0
    outer loop
      vertex 52.9805 77.952 26
      vertex 53.0985 77.8485 30.6
      vertex 52.9805 77.952 30.6
    endloop
  endfacet
  facet normal -0.659406 -0.751787 -0
    outer loop
      vertex 53.0985 77.8485 30.6
      vertex 52.9805 77.952 26
      vertex 53.0985 77.8485 26
    endloop
  endfacet
  facet normal 0.751787 -0.659406 0
    outer loop
      vertex 51.298 77.7305 30.6
      vertex 51.4015 77.8485 26
      vertex 51.4015 77.8485 30.6
    endloop
  endfacet
  facet normal 0.751787 -0.659406 0
    outer loop
      vertex 51.4015 77.8485 26
      vertex 51.298 77.7305 30.6
      vertex 51.298 77.7305 26
    endloop
  endfacet
  facet normal 0.442622 -0.896708 0
    outer loop
      vertex 51.65 78.0392 26
      vertex 51.7908 78.1087 30.6
      vertex 51.65 78.0392 30.6
    endloop
  endfacet
  facet normal 0.442622 -0.896708 0
    outer loop
      vertex 51.7908 78.1087 30.6
      vertex 51.65 78.0392 26
      vertex 51.7908 78.1087 26
    endloop
  endfacet
  facet normal -0.896708 -0.442622 0
    outer loop
      vertex 53.3587 77.4592 26
      vertex 53.2892 77.6 30.6
      vertex 53.2892 77.6 26
    endloop
  endfacet
  facet normal -0.896708 -0.442622 0
    outer loop
      vertex 53.2892 77.6 30.6
      vertex 53.3587 77.4592 26
      vertex 53.3587 77.4592 30.6
    endloop
  endfacet
  facet normal -0.321194 -0.947013 0
    outer loop
      vertex 52.5606 78.1591 26
      vertex 52.7092 78.1087 30.6
      vertex 52.5606 78.1591 30.6
    endloop
  endfacet
  facet normal -0.321194 -0.947013 -0
    outer loop
      vertex 52.7092 78.1087 30.6
      vertex 52.5606 78.1591 26
      vertex 52.7092 78.1087 26
    endloop
  endfacet
  facet normal -0.194891 -0.980825 0
    outer loop
      vertex 52.4066 78.1897 26
      vertex 52.5606 78.1591 30.6
      vertex 52.4066 78.1897 30.6
    endloop
  endfacet
  facet normal -0.194891 -0.980825 -0
    outer loop
      vertex 52.5606 78.1591 30.6
      vertex 52.4066 78.1897 26
      vertex 52.5606 78.1591 26
    endloop
  endfacet
  facet normal -0.442622 -0.896708 0
    outer loop
      vertex 52.7092 78.1087 26
      vertex 52.85 78.0392 30.6
      vertex 52.7092 78.1087 30.6
    endloop
  endfacet
  facet normal -0.442622 -0.896708 -0
    outer loop
      vertex 52.85 78.0392 30.6
      vertex 52.7092 78.1087 26
      vertex 52.85 78.0392 26
    endloop
  endfacet
  facet normal 0.947013 -0.321194 0
    outer loop
      vertex 51.0909 77.3106 30.6
      vertex 51.1413 77.4592 26
      vertex 51.1413 77.4592 30.6
    endloop
  endfacet
  facet normal 0.947013 -0.321194 0
    outer loop
      vertex 51.1413 77.4592 26
      vertex 51.0909 77.3106 30.6
      vertex 51.0909 77.3106 26
    endloop
  endfacet
  facet normal 0.896708 -0.442622 0
    outer loop
      vertex 51.1413 77.4592 30.6
      vertex 51.2108 77.6 26
      vertex 51.2108 77.6 30.6
    endloop
  endfacet
  facet normal 0.896708 -0.442622 0
    outer loop
      vertex 51.2108 77.6 26
      vertex 51.1413 77.4592 30.6
      vertex 51.1413 77.4592 26
    endloop
  endfacet
  facet normal 0.980825 -0.194891 0
    outer loop
      vertex 51.0603 77.1566 30.6
      vertex 51.0909 77.3106 26
      vertex 51.0909 77.3106 30.6
    endloop
  endfacet
  facet normal 0.980825 -0.194891 0
    outer loop
      vertex 51.0909 77.3106 26
      vertex 51.0603 77.1566 30.6
      vertex 51.0603 77.1566 26
    endloop
  endfacet
  facet normal 0.659406 -0.751787 0
    outer loop
      vertex 51.4015 77.8485 26
      vertex 51.5195 77.952 30.6
      vertex 51.4015 77.8485 30.6
    endloop
  endfacet
  facet normal 0.659406 -0.751787 0
    outer loop
      vertex 51.5195 77.952 30.6
      vertex 51.4015 77.8485 26
      vertex 51.5195 77.952 26
    endloop
  endfacet
  facet normal 0.321194 -0.947013 0
    outer loop
      vertex 51.7908 78.1087 26
      vertex 51.9394 78.1591 30.6
      vertex 51.7908 78.1087 30.6
    endloop
  endfacet
  facet normal 0.321194 -0.947013 0
    outer loop
      vertex 51.9394 78.1591 30.6
      vertex 51.7908 78.1087 26
      vertex 51.9394 78.1591 26
    endloop
  endfacet
  facet normal -0.194891 0.980825 0
    outer loop
      vertex 52.5606 75.8409 26
      vertex 52.4066 75.8103 30.6
      vertex 52.5606 75.8409 30.6
    endloop
  endfacet
  facet normal -0.194891 0.980825 0
    outer loop
      vertex 52.4066 75.8103 30.6
      vertex 52.5606 75.8409 26
      vertex 52.4066 75.8103 26
    endloop
  endfacet
  facet normal -0.947013 -0.321194 0
    outer loop
      vertex 53.4091 77.3106 26
      vertex 53.3587 77.4592 30.6
      vertex 53.3587 77.4592 26
    endloop
  endfacet
  facet normal -0.947013 -0.321194 0
    outer loop
      vertex 53.3587 77.4592 30.6
      vertex 53.4091 77.3106 26
      vertex 53.4091 77.3106 30.6
    endloop
  endfacet
  facet normal -0.980825 -0.194891 0
    outer loop
      vertex 53.4397 77.1566 26
      vertex 53.4091 77.3106 30.6
      vertex 53.4091 77.3106 26
    endloop
  endfacet
  facet normal -0.980825 -0.194891 0
    outer loop
      vertex 53.4091 77.3106 30.6
      vertex 53.4397 77.1566 26
      vertex 53.4397 77.1566 30.6
    endloop
  endfacet
  facet normal -0.751787 -0.659406 0
    outer loop
      vertex 53.202 77.7305 26
      vertex 53.0985 77.8485 30.6
      vertex 53.0985 77.8485 26
    endloop
  endfacet
  facet normal -0.751787 -0.659406 0
    outer loop
      vertex 53.0985 77.8485 30.6
      vertex 53.202 77.7305 26
      vertex 53.202 77.7305 30.6
    endloop
  endfacet
  facet normal -0.831462 -0.555582 0
    outer loop
      vertex 53.2892 77.6 26
      vertex 53.202 77.7305 30.6
      vertex 53.202 77.7305 26
    endloop
  endfacet
  facet normal -0.831462 -0.555582 0
    outer loop
      vertex 53.202 77.7305 30.6
      vertex 53.2892 77.6 26
      vertex 53.2892 77.6 30.6
    endloop
  endfacet
  facet normal -0.0656309 -0.997844 0
    outer loop
      vertex 52.25 78.2 26
      vertex 52.4066 78.1897 30.6
      vertex 52.25 78.2 30.6
    endloop
  endfacet
  facet normal -0.0656309 -0.997844 -0
    outer loop
      vertex 52.4066 78.1897 30.6
      vertex 52.25 78.2 26
      vertex 52.4066 78.1897 26
    endloop
  endfacet
  facet normal -0.555582 -0.831462 0
    outer loop
      vertex 52.85 78.0392 26
      vertex 52.9805 77.952 30.6
      vertex 52.85 78.0392 30.6
    endloop
  endfacet
  facet normal -0.555582 -0.831462 -0
    outer loop
      vertex 52.9805 77.952 30.6
      vertex 52.85 78.0392 26
      vertex 52.9805 77.952 26
    endloop
  endfacet
  facet normal 0.831462 -0.555582 0
    outer loop
      vertex 51.2108 77.6 30.6
      vertex 51.298 77.7305 26
      vertex 51.298 77.7305 30.6
    endloop
  endfacet
  facet normal 0.831462 -0.555582 0
    outer loop
      vertex 51.298 77.7305 26
      vertex 51.2108 77.6 30.6
      vertex 51.2108 77.6 26
    endloop
  endfacet
  facet normal 0.997844 -0.0656309 0
    outer loop
      vertex 51.05 77 30.6
      vertex 51.0603 77.1566 26
      vertex 51.0603 77.1566 30.6
    endloop
  endfacet
  facet normal 0.997844 -0.0656309 0
    outer loop
      vertex 51.0603 77.1566 26
      vertex 51.05 77 30.6
      vertex 51.05 77 26
    endloop
  endfacet
  facet normal 0.555582 -0.831462 0
    outer loop
      vertex 51.5195 77.952 26
      vertex 51.65 78.0392 30.6
      vertex 51.5195 77.952 30.6
    endloop
  endfacet
  facet normal 0.555582 -0.831462 0
    outer loop
      vertex 51.65 78.0392 30.6
      vertex 51.5195 77.952 26
      vertex 51.65 78.0392 26
    endloop
  endfacet
  facet normal 0.194891 -0.980825 0
    outer loop
      vertex 51.9394 78.1591 26
      vertex 52.0934 78.1897 30.6
      vertex 51.9394 78.1591 30.6
    endloop
  endfacet
  facet normal 0.194891 -0.980825 0
    outer loop
      vertex 52.0934 78.1897 30.6
      vertex 51.9394 78.1591 26
      vertex 52.0934 78.1897 26
    endloop
  endfacet
  facet normal -0.751787 0.659406 0
    outer loop
      vertex 53.0985 76.1515 26
      vertex 53.202 76.2695 30.6
      vertex 53.202 76.2695 26
    endloop
  endfacet
  facet normal -0.751787 0.659406 0
    outer loop
      vertex 53.202 76.2695 30.6
      vertex 53.0985 76.1515 26
      vertex 53.0985 76.1515 30.6
    endloop
  endfacet
  facet normal -0.947013 0.321194 0
    outer loop
      vertex 53.3587 76.5408 26
      vertex 53.4091 76.6894 30.6
      vertex 53.4091 76.6894 26
    endloop
  endfacet
  facet normal -0.947013 0.321194 0
    outer loop
      vertex 53.4091 76.6894 30.6
      vertex 53.3587 76.5408 26
      vertex 53.3587 76.5408 30.6
    endloop
  endfacet
  facet normal -0.980825 0.194891 0
    outer loop
      vertex 53.4091 76.6894 26
      vertex 53.4397 76.8434 30.6
      vertex 53.4397 76.8434 26
    endloop
  endfacet
  facet normal -0.980825 0.194891 0
    outer loop
      vertex 53.4397 76.8434 30.6
      vertex 53.4091 76.6894 26
      vertex 53.4091 76.6894 30.6
    endloop
  endfacet
  facet normal -0.442622 0.896708 0
    outer loop
      vertex 52.85 75.9608 26
      vertex 52.7092 75.8913 30.6
      vertex 52.85 75.9608 30.6
    endloop
  endfacet
  facet normal -0.442622 0.896708 0
    outer loop
      vertex 52.7092 75.8913 30.6
      vertex 52.85 75.9608 26
      vertex 52.7092 75.8913 26
    endloop
  endfacet
  facet normal 0.997844 0.0656309 0
    outer loop
      vertex 51.0603 76.8434 30.6
      vertex 51.05 77 26
      vertex 51.05 77 30.6
    endloop
  endfacet
  facet normal 0.997844 0.0656309 0
    outer loop
      vertex 51.05 77 26
      vertex 51.0603 76.8434 30.6
      vertex 51.0603 76.8434 26
    endloop
  endfacet
  facet normal -0.831462 0.555582 0
    outer loop
      vertex 53.202 76.2695 26
      vertex 53.2892 76.4 30.6
      vertex 53.2892 76.4 26
    endloop
  endfacet
  facet normal -0.831462 0.555582 0
    outer loop
      vertex 53.2892 76.4 30.6
      vertex 53.202 76.2695 26
      vertex 53.202 76.2695 30.6
    endloop
  endfacet
  facet normal -0.555582 0.831462 0
    outer loop
      vertex 52.9805 76.048 26
      vertex 52.85 75.9608 30.6
      vertex 52.9805 76.048 30.6
    endloop
  endfacet
  facet normal -0.555582 0.831462 0
    outer loop
      vertex 52.85 75.9608 30.6
      vertex 52.9805 76.048 26
      vertex 52.85 75.9608 26
    endloop
  endfacet
  facet normal -0.997844 0.0656309 0
    outer loop
      vertex 53.4397 76.8434 26
      vertex 53.45 77 30.6
      vertex 53.45 77 26
    endloop
  endfacet
  facet normal -0.997844 0.0656309 0
    outer loop
      vertex 53.45 77 30.6
      vertex 53.4397 76.8434 26
      vertex 53.4397 76.8434 30.6
    endloop
  endfacet
  facet normal 0.321194 0.947013 -0
    outer loop
      vertex 51.9394 75.8409 26
      vertex 51.7908 75.8913 30.6
      vertex 51.9394 75.8409 30.6
    endloop
  endfacet
  facet normal 0.321194 0.947013 0
    outer loop
      vertex 51.7908 75.8913 30.6
      vertex 51.9394 75.8409 26
      vertex 51.7908 75.8913 26
    endloop
  endfacet
  facet normal 0.659406 0.751787 -0
    outer loop
      vertex 51.5195 76.048 26
      vertex 51.4015 76.1515 30.6
      vertex 51.5195 76.048 30.6
    endloop
  endfacet
  facet normal 0.659406 0.751787 0
    outer loop
      vertex 51.4015 76.1515 30.6
      vertex 51.5195 76.048 26
      vertex 51.4015 76.1515 26
    endloop
  endfacet
  facet normal 0.831462 0.555582 0
    outer loop
      vertex 51.298 76.2695 30.6
      vertex 51.2108 76.4 26
      vertex 51.2108 76.4 30.6
    endloop
  endfacet
  facet normal 0.831462 0.555582 0
    outer loop
      vertex 51.2108 76.4 26
      vertex 51.298 76.2695 30.6
      vertex 51.298 76.2695 26
    endloop
  endfacet
  facet normal 0.896708 0.442622 0
    outer loop
      vertex 51.2108 76.4 30.6
      vertex 51.1413 76.5408 26
      vertex 51.1413 76.5408 30.6
    endloop
  endfacet
  facet normal 0.896708 0.442622 0
    outer loop
      vertex 51.1413 76.5408 26
      vertex 51.2108 76.4 30.6
      vertex 51.2108 76.4 26
    endloop
  endfacet
  facet normal 0.980825 0.194891 0
    outer loop
      vertex 51.0909 76.6894 30.6
      vertex 51.0603 76.8434 26
      vertex 51.0603 76.8434 30.6
    endloop
  endfacet
  facet normal 0.980825 0.194891 0
    outer loop
      vertex 51.0603 76.8434 26
      vertex 51.0909 76.6894 30.6
      vertex 51.0909 76.6894 26
    endloop
  endfacet
  facet normal -0.321194 0.947013 0
    outer loop
      vertex 52.7092 75.8913 26
      vertex 52.5606 75.8409 30.6
      vertex 52.7092 75.8913 30.6
    endloop
  endfacet
  facet normal -0.321194 0.947013 0
    outer loop
      vertex 52.5606 75.8409 30.6
      vertex 52.7092 75.8913 26
      vertex 52.5606 75.8409 26
    endloop
  endfacet
  facet normal -0.896708 0.442622 0
    outer loop
      vertex 53.2892 76.4 26
      vertex 53.3587 76.5408 30.6
      vertex 53.3587 76.5408 26
    endloop
  endfacet
  facet normal -0.896708 0.442622 0
    outer loop
      vertex 53.3587 76.5408 30.6
      vertex 53.2892 76.4 26
      vertex 53.2892 76.4 30.6
    endloop
  endfacet
  facet normal -0.659406 0.751787 0
    outer loop
      vertex 53.0985 76.1515 26
      vertex 52.9805 76.048 30.6
      vertex 53.0985 76.1515 30.6
    endloop
  endfacet
  facet normal -0.659406 0.751787 0
    outer loop
      vertex 52.9805 76.048 30.6
      vertex 53.0985 76.1515 26
      vertex 52.9805 76.048 26
    endloop
  endfacet
  facet normal 0.194891 0.980825 -0
    outer loop
      vertex 52.0934 75.8103 26
      vertex 51.9394 75.8409 30.6
      vertex 52.0934 75.8103 30.6
    endloop
  endfacet
  facet normal 0.194891 0.980825 0
    outer loop
      vertex 51.9394 75.8409 30.6
      vertex 52.0934 75.8103 26
      vertex 51.9394 75.8409 26
    endloop
  endfacet
  facet normal 0.751787 0.659406 0
    outer loop
      vertex 51.4015 76.1515 30.6
      vertex 51.298 76.2695 26
      vertex 51.298 76.2695 30.6
    endloop
  endfacet
  facet normal 0.751787 0.659406 0
    outer loop
      vertex 51.298 76.2695 26
      vertex 51.4015 76.1515 30.6
      vertex 51.4015 76.1515 26
    endloop
  endfacet
  facet normal 0.947013 0.321194 0
    outer loop
      vertex 51.1413 76.5408 30.6
      vertex 51.0909 76.6894 26
      vertex 51.0909 76.6894 30.6
    endloop
  endfacet
  facet normal 0.947013 0.321194 0
    outer loop
      vertex 51.0909 76.6894 26
      vertex 51.1413 76.5408 30.6
      vertex 51.1413 76.5408 26
    endloop
  endfacet
  facet normal 0.555582 0.831462 -0
    outer loop
      vertex 51.65 75.9608 26
      vertex 51.5195 76.048 30.6
      vertex 51.65 75.9608 30.6
    endloop
  endfacet
  facet normal 0.555582 0.831462 0
    outer loop
      vertex 51.5195 76.048 30.6
      vertex 51.65 75.9608 26
      vertex 51.5195 76.048 26
    endloop
  endfacet
  facet normal 0.442622 0.896708 -0
    outer loop
      vertex 51.7908 75.8913 26
      vertex 51.65 75.9608 30.6
      vertex 51.7908 75.8913 30.6
    endloop
  endfacet
  facet normal 0.442622 0.896708 0
    outer loop
      vertex 51.65 75.9608 30.6
      vertex 51.7908 75.8913 26
      vertex 51.65 75.9608 26
    endloop
  endfacet
  facet normal 0.0656309 0.997844 -0
    outer loop
      vertex 52.25 75.8 26
      vertex 52.0934 75.8103 30.6
      vertex 52.25 75.8 30.6
    endloop
  endfacet
  facet normal 0.0656309 0.997844 0
    outer loop
      vertex 52.0934 75.8103 30.6
      vertex 52.25 75.8 26
      vertex 52.0934 75.8103 26
    endloop
  endfacet
  facet normal -0.659406 0 0.751787
    outer loop
      vertex 17.2305 81.7 42.048
      vertex 17.3485 80.4 42.1515
      vertex 17.3485 81.7 42.1515
    endloop
  endfacet
  facet normal -0.659406 0 0.751787
    outer loop
      vertex 17.3485 80.4 42.1515
      vertex 17.2305 81.7 42.048
      vertex 17.2305 80.4 42.048
    endloop
  endfacet
  facet normal 0.321194 0 0.947013
    outer loop
      vertex 16.0408 81.7 41.8913
      vertex 16.1894 80.4 41.8409
      vertex 16.1894 81.7 41.8409
    endloop
  endfacet
  facet normal 0.321194 0 0.947013
    outer loop
      vertex 16.1894 80.4 41.8409
      vertex 16.0408 81.7 41.8913
      vertex 16.0408 80.4 41.8913
    endloop
  endfacet
  facet normal 0.896708 -0 0.442622
    outer loop
      vertex 15.3913 80.4 42.5408
      vertex 15.4608 81.7 42.4
      vertex 15.3913 81.7 42.5408
    endloop
  endfacet
  facet normal 0.896708 0 0.442622
    outer loop
      vertex 15.4608 81.7 42.4
      vertex 15.3913 80.4 42.5408
      vertex 15.4608 80.4 42.4
    endloop
  endfacet
  facet normal -0.896708 0 0.442622
    outer loop
      vertex 17.5392 80.4 42.4
      vertex 17.6087 81.7 42.5408
      vertex 17.5392 81.7 42.4
    endloop
  endfacet
  facet normal -0.896708 0 0.442622
    outer loop
      vertex 17.6087 81.7 42.5408
      vertex 17.5392 80.4 42.4
      vertex 17.6087 80.4 42.5408
    endloop
  endfacet
  facet normal -0.831462 0 0.555582
    outer loop
      vertex 17.452 80.4 42.2695
      vertex 17.5392 81.7 42.4
      vertex 17.452 81.7 42.2695
    endloop
  endfacet
  facet normal -0.831462 0 0.555582
    outer loop
      vertex 17.5392 81.7 42.4
      vertex 17.452 80.4 42.2695
      vertex 17.5392 80.4 42.4
    endloop
  endfacet
  facet normal -0.751787 0 0.659406
    outer loop
      vertex 17.3485 80.4 42.1515
      vertex 17.452 81.7 42.2695
      vertex 17.3485 81.7 42.1515
    endloop
  endfacet
  facet normal -0.751787 0 0.659406
    outer loop
      vertex 17.452 81.7 42.2695
      vertex 17.3485 80.4 42.1515
      vertex 17.452 80.4 42.2695
    endloop
  endfacet
  facet normal -0.442622 0 0.896708
    outer loop
      vertex 16.9592 81.7 41.8913
      vertex 17.1 80.4 41.9608
      vertex 17.1 81.7 41.9608
    endloop
  endfacet
  facet normal -0.442622 0 0.896708
    outer loop
      vertex 17.1 80.4 41.9608
      vertex 16.9592 81.7 41.8913
      vertex 16.9592 80.4 41.8913
    endloop
  endfacet
  facet normal -0.0656309 0 0.997844
    outer loop
      vertex 16.5 81.7 41.8
      vertex 16.6566 80.4 41.8103
      vertex 16.6566 81.7 41.8103
    endloop
  endfacet
  facet normal -0.0656309 0 0.997844
    outer loop
      vertex 16.6566 80.4 41.8103
      vertex 16.5 81.7 41.8
      vertex 16.5 80.4 41.8
    endloop
  endfacet
  facet normal 0.997844 -0 0.0656309
    outer loop
      vertex 15.3 80.4 43
      vertex 15.3103 81.7 42.8434
      vertex 15.3 81.7 43
    endloop
  endfacet
  facet normal 0.997844 0 0.0656309
    outer loop
      vertex 15.3103 81.7 42.8434
      vertex 15.3 80.4 43
      vertex 15.3103 80.4 42.8434
    endloop
  endfacet
  facet normal 0.751787 -0 0.659406
    outer loop
      vertex 15.548 80.4 42.2695
      vertex 15.6515 81.7 42.1515
      vertex 15.548 81.7 42.2695
    endloop
  endfacet
  facet normal 0.751787 0 0.659406
    outer loop
      vertex 15.6515 81.7 42.1515
      vertex 15.548 80.4 42.2695
      vertex 15.6515 80.4 42.1515
    endloop
  endfacet
  facet normal 0.442622 0 0.896708
    outer loop
      vertex 15.9 81.7 41.9608
      vertex 16.0408 80.4 41.8913
      vertex 16.0408 81.7 41.8913
    endloop
  endfacet
  facet normal 0.442622 0 0.896708
    outer loop
      vertex 16.0408 80.4 41.8913
      vertex 15.9 81.7 41.9608
      vertex 15.9 80.4 41.9608
    endloop
  endfacet
  facet normal 0.0656309 0 0.997844
    outer loop
      vertex 16.3434 81.7 41.8103
      vertex 16.5 80.4 41.8
      vertex 16.5 81.7 41.8
    endloop
  endfacet
  facet normal 0.0656309 0 0.997844
    outer loop
      vertex 16.5 80.4 41.8
      vertex 16.3434 81.7 41.8103
      vertex 16.3434 80.4 41.8103
    endloop
  endfacet
  facet normal -0.997844 0 -0.0656309
    outer loop
      vertex 17.7 80.4 43
      vertex 17.6897 81.7 43.1566
      vertex 17.7 81.7 43
    endloop
  endfacet
  facet normal -0.997844 -0 -0.0656309
    outer loop
      vertex 17.6897 81.7 43.1566
      vertex 17.7 80.4 43
      vertex 17.6897 80.4 43.1566
    endloop
  endfacet
  facet normal -0.0656309 0 -0.997844
    outer loop
      vertex 16.5 80.4 44.2
      vertex 16.6566 81.7 44.1897
      vertex 16.6566 80.4 44.1897
    endloop
  endfacet
  facet normal -0.0656309 0 -0.997844
    outer loop
      vertex 16.6566 81.7 44.1897
      vertex 16.5 80.4 44.2
      vertex 16.5 81.7 44.2
    endloop
  endfacet
  facet normal -0.442622 0 -0.896708
    outer loop
      vertex 16.9592 80.4 44.1087
      vertex 17.1 81.7 44.0392
      vertex 17.1 80.4 44.0392
    endloop
  endfacet
  facet normal -0.442622 0 -0.896708
    outer loop
      vertex 17.1 81.7 44.0392
      vertex 16.9592 80.4 44.1087
      vertex 16.9592 81.7 44.1087
    endloop
  endfacet
  facet normal -0.751787 0 -0.659406
    outer loop
      vertex 17.452 80.4 43.7305
      vertex 17.3485 81.7 43.8485
      vertex 17.452 81.7 43.7305
    endloop
  endfacet
  facet normal -0.751787 -0 -0.659406
    outer loop
      vertex 17.3485 81.7 43.8485
      vertex 17.452 80.4 43.7305
      vertex 17.3485 80.4 43.8485
    endloop
  endfacet
  facet normal 0.0656309 0 -0.997844
    outer loop
      vertex 16.3434 80.4 44.1897
      vertex 16.5 81.7 44.2
      vertex 16.5 80.4 44.2
    endloop
  endfacet
  facet normal 0.0656309 0 -0.997844
    outer loop
      vertex 16.5 81.7 44.2
      vertex 16.3434 80.4 44.1897
      vertex 16.3434 81.7 44.1897
    endloop
  endfacet
  facet normal 0.659406 0 -0.751787
    outer loop
      vertex 15.6515 80.4 43.8485
      vertex 15.7695 81.7 43.952
      vertex 15.7695 80.4 43.952
    endloop
  endfacet
  facet normal 0.659406 0 -0.751787
    outer loop
      vertex 15.7695 81.7 43.952
      vertex 15.6515 80.4 43.8485
      vertex 15.6515 81.7 43.8485
    endloop
  endfacet
  facet normal 0.896708 0 -0.442622
    outer loop
      vertex 15.4608 80.4 43.6
      vertex 15.3913 81.7 43.4592
      vertex 15.4608 81.7 43.6
    endloop
  endfacet
  facet normal 0.896708 0 -0.442622
    outer loop
      vertex 15.3913 81.7 43.4592
      vertex 15.4608 80.4 43.6
      vertex 15.3913 80.4 43.4592
    endloop
  endfacet
  facet normal 0.997844 0 -0.0656309
    outer loop
      vertex 15.3103 80.4 43.1566
      vertex 15.3 81.7 43
      vertex 15.3103 81.7 43.1566
    endloop
  endfacet
  facet normal 0.997844 0 -0.0656309
    outer loop
      vertex 15.3 81.7 43
      vertex 15.3103 80.4 43.1566
      vertex 15.3 80.4 43
    endloop
  endfacet
  facet normal -0.947013 0 0.321194
    outer loop
      vertex 17.6087 80.4 42.5408
      vertex 17.6591 81.7 42.6894
      vertex 17.6087 81.7 42.5408
    endloop
  endfacet
  facet normal -0.947013 0 0.321194
    outer loop
      vertex 17.6591 81.7 42.6894
      vertex 17.6087 80.4 42.5408
      vertex 17.6591 80.4 42.6894
    endloop
  endfacet
  facet normal -0.555582 0 0.831462
    outer loop
      vertex 17.1 81.7 41.9608
      vertex 17.2305 80.4 42.048
      vertex 17.2305 81.7 42.048
    endloop
  endfacet
  facet normal -0.555582 0 0.831462
    outer loop
      vertex 17.2305 80.4 42.048
      vertex 17.1 81.7 41.9608
      vertex 17.1 80.4 41.9608
    endloop
  endfacet
  facet normal -0.321194 0 0.947013
    outer loop
      vertex 16.8106 81.7 41.8409
      vertex 16.9592 80.4 41.8913
      vertex 16.9592 81.7 41.8913
    endloop
  endfacet
  facet normal -0.321194 0 0.947013
    outer loop
      vertex 16.9592 80.4 41.8913
      vertex 16.8106 81.7 41.8409
      vertex 16.8106 80.4 41.8409
    endloop
  endfacet
  facet normal -0.194891 0 0.980825
    outer loop
      vertex 16.6566 81.7 41.8103
      vertex 16.8106 80.4 41.8409
      vertex 16.8106 81.7 41.8409
    endloop
  endfacet
  facet normal -0.194891 0 0.980825
    outer loop
      vertex 16.8106 80.4 41.8409
      vertex 16.6566 81.7 41.8103
      vertex 16.6566 80.4 41.8103
    endloop
  endfacet
  facet normal 0.947013 -0 0.321194
    outer loop
      vertex 15.3409 80.4 42.6894
      vertex 15.3913 81.7 42.5408
      vertex 15.3409 81.7 42.6894
    endloop
  endfacet
  facet normal 0.947013 0 0.321194
    outer loop
      vertex 15.3913 81.7 42.5408
      vertex 15.3409 80.4 42.6894
      vertex 15.3913 80.4 42.5408
    endloop
  endfacet
  facet normal 0.980825 -0 0.194891
    outer loop
      vertex 15.3103 80.4 42.8434
      vertex 15.3409 81.7 42.6894
      vertex 15.3103 81.7 42.8434
    endloop
  endfacet
  facet normal 0.980825 0 0.194891
    outer loop
      vertex 15.3409 81.7 42.6894
      vertex 15.3103 80.4 42.8434
      vertex 15.3409 80.4 42.6894
    endloop
  endfacet
  facet normal 0.831462 -0 0.555582
    outer loop
      vertex 15.4608 80.4 42.4
      vertex 15.548 81.7 42.2695
      vertex 15.4608 81.7 42.4
    endloop
  endfacet
  facet normal 0.831462 0 0.555582
    outer loop
      vertex 15.548 81.7 42.2695
      vertex 15.4608 80.4 42.4
      vertex 15.548 80.4 42.2695
    endloop
  endfacet
  facet normal 0.194891 0 0.980825
    outer loop
      vertex 16.1894 81.7 41.8409
      vertex 16.3434 80.4 41.8103
      vertex 16.3434 81.7 41.8103
    endloop
  endfacet
  facet normal 0.194891 0 0.980825
    outer loop
      vertex 16.3434 80.4 41.8103
      vertex 16.1894 81.7 41.8409
      vertex 16.1894 80.4 41.8409
    endloop
  endfacet
  facet normal 0.555582 0 0.831462
    outer loop
      vertex 15.7695 81.7 42.048
      vertex 15.9 80.4 41.9608
      vertex 15.9 81.7 41.9608
    endloop
  endfacet
  facet normal 0.555582 0 0.831462
    outer loop
      vertex 15.9 80.4 41.9608
      vertex 15.7695 81.7 42.048
      vertex 15.7695 80.4 42.048
    endloop
  endfacet
  facet normal 0.659406 0 0.751787
    outer loop
      vertex 15.6515 81.7 42.1515
      vertex 15.7695 80.4 42.048
      vertex 15.7695 81.7 42.048
    endloop
  endfacet
  facet normal 0.659406 0 0.751787
    outer loop
      vertex 15.7695 80.4 42.048
      vertex 15.6515 81.7 42.1515
      vertex 15.6515 80.4 42.1515
    endloop
  endfacet
  facet normal -0.997844 0 0.0656309
    outer loop
      vertex 17.6897 80.4 42.8434
      vertex 17.7 81.7 43
      vertex 17.6897 81.7 42.8434
    endloop
  endfacet
  facet normal -0.997844 0 0.0656309
    outer loop
      vertex 17.7 81.7 43
      vertex 17.6897 80.4 42.8434
      vertex 17.7 80.4 43
    endloop
  endfacet
  facet normal -0.947013 0 -0.321194
    outer loop
      vertex 17.6591 80.4 43.3106
      vertex 17.6087 81.7 43.4592
      vertex 17.6591 81.7 43.3106
    endloop
  endfacet
  facet normal -0.947013 -0 -0.321194
    outer loop
      vertex 17.6087 81.7 43.4592
      vertex 17.6591 80.4 43.3106
      vertex 17.6087 80.4 43.4592
    endloop
  endfacet
  facet normal -0.194891 0 -0.980825
    outer loop
      vertex 16.6566 80.4 44.1897
      vertex 16.8106 81.7 44.1591
      vertex 16.8106 80.4 44.1591
    endloop
  endfacet
  facet normal -0.194891 0 -0.980825
    outer loop
      vertex 16.8106 81.7 44.1591
      vertex 16.6566 80.4 44.1897
      vertex 16.6566 81.7 44.1897
    endloop
  endfacet
  facet normal -0.555582 0 -0.831462
    outer loop
      vertex 17.1 80.4 44.0392
      vertex 17.2305 81.7 43.952
      vertex 17.2305 80.4 43.952
    endloop
  endfacet
  facet normal -0.555582 0 -0.831462
    outer loop
      vertex 17.2305 81.7 43.952
      vertex 17.1 80.4 44.0392
      vertex 17.1 81.7 44.0392
    endloop
  endfacet
  facet normal -0.896708 0 -0.442622
    outer loop
      vertex 17.6087 80.4 43.4592
      vertex 17.5392 81.7 43.6
      vertex 17.6087 81.7 43.4592
    endloop
  endfacet
  facet normal -0.896708 -0 -0.442622
    outer loop
      vertex 17.5392 81.7 43.6
      vertex 17.6087 80.4 43.4592
      vertex 17.5392 80.4 43.6
    endloop
  endfacet
  facet normal 0.321194 0 -0.947013
    outer loop
      vertex 16.0408 80.4 44.1087
      vertex 16.1894 81.7 44.1591
      vertex 16.1894 80.4 44.1591
    endloop
  endfacet
  facet normal 0.321194 0 -0.947013
    outer loop
      vertex 16.1894 81.7 44.1591
      vertex 16.0408 80.4 44.1087
      vertex 16.0408 81.7 44.1087
    endloop
  endfacet
  facet normal 0.442622 0 -0.896708
    outer loop
      vertex 15.9 80.4 44.0392
      vertex 16.0408 81.7 44.1087
      vertex 16.0408 80.4 44.1087
    endloop
  endfacet
  facet normal 0.442622 0 -0.896708
    outer loop
      vertex 16.0408 81.7 44.1087
      vertex 15.9 80.4 44.0392
      vertex 15.9 81.7 44.0392
    endloop
  endfacet
  facet normal 0.980825 0 -0.194891
    outer loop
      vertex 15.3409 80.4 43.3106
      vertex 15.3103 81.7 43.1566
      vertex 15.3409 81.7 43.3106
    endloop
  endfacet
  facet normal 0.980825 0 -0.194891
    outer loop
      vertex 15.3103 81.7 43.1566
      vertex 15.3409 80.4 43.3106
      vertex 15.3103 80.4 43.1566
    endloop
  endfacet
  facet normal 0.831462 0 -0.555582
    outer loop
      vertex 15.548 80.4 43.7305
      vertex 15.4608 81.7 43.6
      vertex 15.548 81.7 43.7305
    endloop
  endfacet
  facet normal 0.831462 0 -0.555582
    outer loop
      vertex 15.4608 81.7 43.6
      vertex 15.548 80.4 43.7305
      vertex 15.4608 80.4 43.6
    endloop
  endfacet
  facet normal -0.980825 0 0.194891
    outer loop
      vertex 17.6591 80.4 42.6894
      vertex 17.6897 81.7 42.8434
      vertex 17.6591 81.7 42.6894
    endloop
  endfacet
  facet normal -0.980825 0 0.194891
    outer loop
      vertex 17.6897 81.7 42.8434
      vertex 17.6591 80.4 42.6894
      vertex 17.6897 80.4 42.8434
    endloop
  endfacet
  facet normal -0.980825 0 -0.194891
    outer loop
      vertex 17.6897 80.4 43.1566
      vertex 17.6591 81.7 43.3106
      vertex 17.6897 81.7 43.1566
    endloop
  endfacet
  facet normal -0.980825 -0 -0.194891
    outer loop
      vertex 17.6591 81.7 43.3106
      vertex 17.6897 80.4 43.1566
      vertex 17.6591 80.4 43.3106
    endloop
  endfacet
  facet normal -0.321194 0 -0.947013
    outer loop
      vertex 16.8106 80.4 44.1591
      vertex 16.9592 81.7 44.1087
      vertex 16.9592 80.4 44.1087
    endloop
  endfacet
  facet normal -0.321194 0 -0.947013
    outer loop
      vertex 16.9592 81.7 44.1087
      vertex 16.8106 80.4 44.1591
      vertex 16.8106 81.7 44.1591
    endloop
  endfacet
  facet normal -0.659406 0 -0.751787
    outer loop
      vertex 17.2305 80.4 43.952
      vertex 17.3485 81.7 43.8485
      vertex 17.3485 80.4 43.8485
    endloop
  endfacet
  facet normal -0.659406 0 -0.751787
    outer loop
      vertex 17.3485 81.7 43.8485
      vertex 17.2305 80.4 43.952
      vertex 17.2305 81.7 43.952
    endloop
  endfacet
  facet normal -0.831462 0 -0.555582
    outer loop
      vertex 17.5392 80.4 43.6
      vertex 17.452 81.7 43.7305
      vertex 17.5392 81.7 43.6
    endloop
  endfacet
  facet normal -0.831462 -0 -0.555582
    outer loop
      vertex 17.452 81.7 43.7305
      vertex 17.5392 80.4 43.6
      vertex 17.452 80.4 43.7305
    endloop
  endfacet
  facet normal 0.194891 0 -0.980825
    outer loop
      vertex 16.1894 80.4 44.1591
      vertex 16.3434 81.7 44.1897
      vertex 16.3434 80.4 44.1897
    endloop
  endfacet
  facet normal 0.194891 0 -0.980825
    outer loop
      vertex 16.3434 81.7 44.1897
      vertex 16.1894 80.4 44.1591
      vertex 16.1894 81.7 44.1591
    endloop
  endfacet
  facet normal 0.555582 0 -0.831462
    outer loop
      vertex 15.7695 80.4 43.952
      vertex 15.9 81.7 44.0392
      vertex 15.9 80.4 44.0392
    endloop
  endfacet
  facet normal 0.555582 0 -0.831462
    outer loop
      vertex 15.9 81.7 44.0392
      vertex 15.7695 80.4 43.952
      vertex 15.7695 81.7 43.952
    endloop
  endfacet
  facet normal 0.947013 0 -0.321194
    outer loop
      vertex 15.3913 80.4 43.4592
      vertex 15.3409 81.7 43.3106
      vertex 15.3913 81.7 43.4592
    endloop
  endfacet
  facet normal 0.947013 0 -0.321194
    outer loop
      vertex 15.3409 81.7 43.3106
      vertex 15.3913 80.4 43.4592
      vertex 15.3409 80.4 43.3106
    endloop
  endfacet
  facet normal 0.751787 0 -0.659406
    outer loop
      vertex 15.6515 80.4 43.8485
      vertex 15.548 81.7 43.7305
      vertex 15.6515 81.7 43.8485
    endloop
  endfacet
  facet normal 0.751787 0 -0.659406
    outer loop
      vertex 15.548 81.7 43.7305
      vertex 15.6515 80.4 43.8485
      vertex 15.548 80.4 43.7305
    endloop
  endfacet
  facet normal -0.659406 0 0.751787
    outer loop
      vertex 29.7305 81.7 42.048
      vertex 29.8485 80.4 42.1515
      vertex 29.8485 81.7 42.1515
    endloop
  endfacet
  facet normal -0.659406 0 0.751787
    outer loop
      vertex 29.8485 80.4 42.1515
      vertex 29.7305 81.7 42.048
      vertex 29.7305 80.4 42.048
    endloop
  endfacet
  facet normal 0.321194 0 0.947013
    outer loop
      vertex 28.5408 81.7 41.8913
      vertex 28.6894 80.4 41.8409
      vertex 28.6894 81.7 41.8409
    endloop
  endfacet
  facet normal 0.321194 0 0.947013
    outer loop
      vertex 28.6894 80.4 41.8409
      vertex 28.5408 81.7 41.8913
      vertex 28.5408 80.4 41.8913
    endloop
  endfacet
  facet normal 0.896708 -0 0.442622
    outer loop
      vertex 27.8913 80.4 42.5408
      vertex 27.9608 81.7 42.4
      vertex 27.8913 81.7 42.5408
    endloop
  endfacet
  facet normal 0.896708 0 0.442622
    outer loop
      vertex 27.9608 81.7 42.4
      vertex 27.8913 80.4 42.5408
      vertex 27.9608 80.4 42.4
    endloop
  endfacet
  facet normal -0.896708 0 0.442622
    outer loop
      vertex 30.0392 80.4 42.4
      vertex 30.1087 81.7 42.5408
      vertex 30.0392 81.7 42.4
    endloop
  endfacet
  facet normal -0.896708 0 0.442622
    outer loop
      vertex 30.1087 81.7 42.5408
      vertex 30.0392 80.4 42.4
      vertex 30.1087 80.4 42.5408
    endloop
  endfacet
  facet normal -0.831462 0 0.555582
    outer loop
      vertex 29.952 80.4 42.2695
      vertex 30.0392 81.7 42.4
      vertex 29.952 81.7 42.2695
    endloop
  endfacet
  facet normal -0.831462 0 0.555582
    outer loop
      vertex 30.0392 81.7 42.4
      vertex 29.952 80.4 42.2695
      vertex 30.0392 80.4 42.4
    endloop
  endfacet
  facet normal -0.751787 0 0.659406
    outer loop
      vertex 29.8485 80.4 42.1515
      vertex 29.952 81.7 42.2695
      vertex 29.8485 81.7 42.1515
    endloop
  endfacet
  facet normal -0.751787 0 0.659406
    outer loop
      vertex 29.952 81.7 42.2695
      vertex 29.8485 80.4 42.1515
      vertex 29.952 80.4 42.2695
    endloop
  endfacet
  facet normal -0.442622 0 0.896708
    outer loop
      vertex 29.4592 81.7 41.8913
      vertex 29.6 80.4 41.9608
      vertex 29.6 81.7 41.9608
    endloop
  endfacet
  facet normal -0.442622 0 0.896708
    outer loop
      vertex 29.6 80.4 41.9608
      vertex 29.4592 81.7 41.8913
      vertex 29.4592 80.4 41.8913
    endloop
  endfacet
  facet normal -0.0656309 0 0.997844
    outer loop
      vertex 29 81.7 41.8
      vertex 29.1566 80.4 41.8103
      vertex 29.1566 81.7 41.8103
    endloop
  endfacet
  facet normal -0.0656309 0 0.997844
    outer loop
      vertex 29.1566 80.4 41.8103
      vertex 29 81.7 41.8
      vertex 29 80.4 41.8
    endloop
  endfacet
  facet normal 0.997844 -0 0.0656309
    outer loop
      vertex 27.8 80.4 43
      vertex 27.8103 81.7 42.8434
      vertex 27.8 81.7 43
    endloop
  endfacet
  facet normal 0.997844 0 0.0656309
    outer loop
      vertex 27.8103 81.7 42.8434
      vertex 27.8 80.4 43
      vertex 27.8103 80.4 42.8434
    endloop
  endfacet
  facet normal 0.751787 -0 0.659406
    outer loop
      vertex 28.048 80.4 42.2695
      vertex 28.1515 81.7 42.1515
      vertex 28.048 81.7 42.2695
    endloop
  endfacet
  facet normal 0.751787 0 0.659406
    outer loop
      vertex 28.1515 81.7 42.1515
      vertex 28.048 80.4 42.2695
      vertex 28.1515 80.4 42.1515
    endloop
  endfacet
  facet normal 0.442622 0 0.896708
    outer loop
      vertex 28.4 81.7 41.9608
      vertex 28.5408 80.4 41.8913
      vertex 28.5408 81.7 41.8913
    endloop
  endfacet
  facet normal 0.442622 0 0.896708
    outer loop
      vertex 28.5408 80.4 41.8913
      vertex 28.4 81.7 41.9608
      vertex 28.4 80.4 41.9608
    endloop
  endfacet
  facet normal 0.0656309 0 0.997844
    outer loop
      vertex 28.8434 81.7 41.8103
      vertex 29 80.4 41.8
      vertex 29 81.7 41.8
    endloop
  endfacet
  facet normal 0.0656309 0 0.997844
    outer loop
      vertex 29 80.4 41.8
      vertex 28.8434 81.7 41.8103
      vertex 28.8434 80.4 41.8103
    endloop
  endfacet
  facet normal -0.997844 0 -0.0656309
    outer loop
      vertex 30.2 80.4 43
      vertex 30.1897 81.7 43.1566
      vertex 30.2 81.7 43
    endloop
  endfacet
  facet normal -0.997844 -0 -0.0656309
    outer loop
      vertex 30.1897 81.7 43.1566
      vertex 30.2 80.4 43
      vertex 30.1897 80.4 43.1566
    endloop
  endfacet
  facet normal -0.0656309 0 -0.997844
    outer loop
      vertex 29 80.4 44.2
      vertex 29.1566 81.7 44.1897
      vertex 29.1566 80.4 44.1897
    endloop
  endfacet
  facet normal -0.0656309 0 -0.997844
    outer loop
      vertex 29.1566 81.7 44.1897
      vertex 29 80.4 44.2
      vertex 29 81.7 44.2
    endloop
  endfacet
  facet normal -0.321194 0 -0.947013
    outer loop
      vertex 29.3106 80.4 44.1591
      vertex 29.4592 81.7 44.1087
      vertex 29.4592 80.4 44.1087
    endloop
  endfacet
  facet normal -0.321194 0 -0.947013
    outer loop
      vertex 29.4592 81.7 44.1087
      vertex 29.3106 80.4 44.1591
      vertex 29.3106 81.7 44.1591
    endloop
  endfacet
  facet normal -0.442622 0 -0.896708
    outer loop
      vertex 29.4592 80.4 44.1087
      vertex 29.6 81.7 44.0392
      vertex 29.6 80.4 44.0392
    endloop
  endfacet
  facet normal -0.442622 0 -0.896708
    outer loop
      vertex 29.6 81.7 44.0392
      vertex 29.4592 80.4 44.1087
      vertex 29.4592 81.7 44.1087
    endloop
  endfacet
  facet normal -0.751787 0 -0.659406
    outer loop
      vertex 29.952 80.4 43.7305
      vertex 29.8485 81.7 43.8485
      vertex 29.952 81.7 43.7305
    endloop
  endfacet
  facet normal -0.751787 -0 -0.659406
    outer loop
      vertex 29.8485 81.7 43.8485
      vertex 29.952 80.4 43.7305
      vertex 29.8485 80.4 43.8485
    endloop
  endfacet
  facet normal 0.0656309 0 -0.997844
    outer loop
      vertex 28.8434 80.4 44.1897
      vertex 29 81.7 44.2
      vertex 29 80.4 44.2
    endloop
  endfacet
  facet normal 0.0656309 0 -0.997844
    outer loop
      vertex 29 81.7 44.2
      vertex 28.8434 80.4 44.1897
      vertex 28.8434 81.7 44.1897
    endloop
  endfacet
  facet normal 0.659406 0 -0.751787
    outer loop
      vertex 28.1515 80.4 43.8485
      vertex 28.2695 81.7 43.952
      vertex 28.2695 80.4 43.952
    endloop
  endfacet
  facet normal 0.659406 0 -0.751787
    outer loop
      vertex 28.2695 81.7 43.952
      vertex 28.1515 80.4 43.8485
      vertex 28.1515 81.7 43.8485
    endloop
  endfacet
  facet normal 0.896708 0 -0.442622
    outer loop
      vertex 27.9608 80.4 43.6
      vertex 27.8913 81.7 43.4592
      vertex 27.9608 81.7 43.6
    endloop
  endfacet
  facet normal 0.896708 0 -0.442622
    outer loop
      vertex 27.8913 81.7 43.4592
      vertex 27.9608 80.4 43.6
      vertex 27.8913 80.4 43.4592
    endloop
  endfacet
  facet normal 0.997844 0 -0.0656309
    outer loop
      vertex 27.8103 80.4 43.1566
      vertex 27.8 81.7 43
      vertex 27.8103 81.7 43.1566
    endloop
  endfacet
  facet normal 0.997844 0 -0.0656309
    outer loop
      vertex 27.8 81.7 43
      vertex 27.8103 80.4 43.1566
      vertex 27.8 80.4 43
    endloop
  endfacet
  facet normal -0.947013 0 0.321194
    outer loop
      vertex 30.1087 80.4 42.5408
      vertex 30.1591 81.7 42.6894
      vertex 30.1087 81.7 42.5408
    endloop
  endfacet
  facet normal -0.947013 0 0.321194
    outer loop
      vertex 30.1591 81.7 42.6894
      vertex 30.1087 80.4 42.5408
      vertex 30.1591 80.4 42.6894
    endloop
  endfacet
  facet normal -0.555582 0 0.831462
    outer loop
      vertex 29.6 81.7 41.9608
      vertex 29.7305 80.4 42.048
      vertex 29.7305 81.7 42.048
    endloop
  endfacet
  facet normal -0.555582 0 0.831462
    outer loop
      vertex 29.7305 80.4 42.048
      vertex 29.6 81.7 41.9608
      vertex 29.6 80.4 41.9608
    endloop
  endfacet
  facet normal -0.321194 0 0.947013
    outer loop
      vertex 29.3106 81.7 41.8409
      vertex 29.4592 80.4 41.8913
      vertex 29.4592 81.7 41.8913
    endloop
  endfacet
  facet normal -0.321194 0 0.947013
    outer loop
      vertex 29.4592 80.4 41.8913
      vertex 29.3106 81.7 41.8409
      vertex 29.3106 80.4 41.8409
    endloop
  endfacet
  facet normal -0.194891 0 0.980825
    outer loop
      vertex 29.1566 81.7 41.8103
      vertex 29.3106 80.4 41.8409
      vertex 29.3106 81.7 41.8409
    endloop
  endfacet
  facet normal -0.194891 0 0.980825
    outer loop
      vertex 29.3106 80.4 41.8409
      vertex 29.1566 81.7 41.8103
      vertex 29.1566 80.4 41.8103
    endloop
  endfacet
  facet normal 0.947013 -0 0.321194
    outer loop
      vertex 27.8409 80.4 42.6894
      vertex 27.8913 81.7 42.5408
      vertex 27.8409 81.7 42.6894
    endloop
  endfacet
  facet normal 0.947013 0 0.321194
    outer loop
      vertex 27.8913 81.7 42.5408
      vertex 27.8409 80.4 42.6894
      vertex 27.8913 80.4 42.5408
    endloop
  endfacet
  facet normal 0.980825 -0 0.194891
    outer loop
      vertex 27.8103 80.4 42.8434
      vertex 27.8409 81.7 42.6894
      vertex 27.8103 81.7 42.8434
    endloop
  endfacet
  facet normal 0.980825 0 0.194891
    outer loop
      vertex 27.8409 81.7 42.6894
      vertex 27.8103 80.4 42.8434
      vertex 27.8409 80.4 42.6894
    endloop
  endfacet
  facet normal 0.831462 -0 0.555582
    outer loop
      vertex 27.9608 80.4 42.4
      vertex 28.048 81.7 42.2695
      vertex 27.9608 81.7 42.4
    endloop
  endfacet
  facet normal 0.831462 0 0.555582
    outer loop
      vertex 28.048 81.7 42.2695
      vertex 27.9608 80.4 42.4
      vertex 28.048 80.4 42.2695
    endloop
  endfacet
  facet normal 0.194891 0 0.980825
    outer loop
      vertex 28.6894 81.7 41.8409
      vertex 28.8434 80.4 41.8103
      vertex 28.8434 81.7 41.8103
    endloop
  endfacet
  facet normal 0.194891 0 0.980825
    outer loop
      vertex 28.8434 80.4 41.8103
      vertex 28.6894 81.7 41.8409
      vertex 28.6894 80.4 41.8409
    endloop
  endfacet
  facet normal 0.555582 0 0.831462
    outer loop
      vertex 28.2695 81.7 42.048
      vertex 28.4 80.4 41.9608
      vertex 28.4 81.7 41.9608
    endloop
  endfacet
  facet normal 0.555582 0 0.831462
    outer loop
      vertex 28.4 80.4 41.9608
      vertex 28.2695 81.7 42.048
      vertex 28.2695 80.4 42.048
    endloop
  endfacet
  facet normal 0.659406 0 0.751787
    outer loop
      vertex 28.1515 81.7 42.1515
      vertex 28.2695 80.4 42.048
      vertex 28.2695 81.7 42.048
    endloop
  endfacet
  facet normal 0.659406 0 0.751787
    outer loop
      vertex 28.2695 80.4 42.048
      vertex 28.1515 81.7 42.1515
      vertex 28.1515 80.4 42.1515
    endloop
  endfacet
  facet normal -0.997844 0 0.0656309
    outer loop
      vertex 30.1897 80.4 42.8434
      vertex 30.2 81.7 43
      vertex 30.1897 81.7 42.8434
    endloop
  endfacet
  facet normal -0.997844 0 0.0656309
    outer loop
      vertex 30.2 81.7 43
      vertex 30.1897 80.4 42.8434
      vertex 30.2 80.4 43
    endloop
  endfacet
  facet normal -0.194891 0 -0.980825
    outer loop
      vertex 29.1566 80.4 44.1897
      vertex 29.3106 81.7 44.1591
      vertex 29.3106 80.4 44.1591
    endloop
  endfacet
  facet normal -0.194891 0 -0.980825
    outer loop
      vertex 29.3106 81.7 44.1591
      vertex 29.1566 80.4 44.1897
      vertex 29.1566 81.7 44.1897
    endloop
  endfacet
  facet normal -0.555582 0 -0.831462
    outer loop
      vertex 29.6 80.4 44.0392
      vertex 29.7305 81.7 43.952
      vertex 29.7305 80.4 43.952
    endloop
  endfacet
  facet normal -0.555582 0 -0.831462
    outer loop
      vertex 29.7305 81.7 43.952
      vertex 29.6 80.4 44.0392
      vertex 29.6 81.7 44.0392
    endloop
  endfacet
  facet normal -0.896708 0 -0.442622
    outer loop
      vertex 30.1087 80.4 43.4592
      vertex 30.0392 81.7 43.6
      vertex 30.1087 81.7 43.4592
    endloop
  endfacet
  facet normal -0.896708 -0 -0.442622
    outer loop
      vertex 30.0392 81.7 43.6
      vertex 30.1087 80.4 43.4592
      vertex 30.0392 80.4 43.6
    endloop
  endfacet
  facet normal 0.321194 0 -0.947013
    outer loop
      vertex 28.5408 80.4 44.1087
      vertex 28.6894 81.7 44.1591
      vertex 28.6894 80.4 44.1591
    endloop
  endfacet
  facet normal 0.321194 0 -0.947013
    outer loop
      vertex 28.6894 81.7 44.1591
      vertex 28.5408 80.4 44.1087
      vertex 28.5408 81.7 44.1087
    endloop
  endfacet
  facet normal 0.442622 0 -0.896708
    outer loop
      vertex 28.4 80.4 44.0392
      vertex 28.5408 81.7 44.1087
      vertex 28.5408 80.4 44.1087
    endloop
  endfacet
  facet normal 0.442622 0 -0.896708
    outer loop
      vertex 28.5408 81.7 44.1087
      vertex 28.4 80.4 44.0392
      vertex 28.4 81.7 44.0392
    endloop
  endfacet
  facet normal 0.980825 0 -0.194891
    outer loop
      vertex 27.8409 80.4 43.3106
      vertex 27.8103 81.7 43.1566
      vertex 27.8409 81.7 43.3106
    endloop
  endfacet
  facet normal 0.980825 0 -0.194891
    outer loop
      vertex 27.8103 81.7 43.1566
      vertex 27.8409 80.4 43.3106
      vertex 27.8103 80.4 43.1566
    endloop
  endfacet
  facet normal 0.831462 0 -0.555582
    outer loop
      vertex 28.048 80.4 43.7305
      vertex 27.9608 81.7 43.6
      vertex 28.048 81.7 43.7305
    endloop
  endfacet
  facet normal 0.831462 0 -0.555582
    outer loop
      vertex 27.9608 81.7 43.6
      vertex 28.048 80.4 43.7305
      vertex 27.9608 80.4 43.6
    endloop
  endfacet
  facet normal 0.751787 0 -0.659406
    outer loop
      vertex 28.1515 80.4 43.8485
      vertex 28.048 81.7 43.7305
      vertex 28.1515 81.7 43.8485
    endloop
  endfacet
  facet normal 0.751787 0 -0.659406
    outer loop
      vertex 28.048 81.7 43.7305
      vertex 28.1515 80.4 43.8485
      vertex 28.048 80.4 43.7305
    endloop
  endfacet
  facet normal -0.980825 0 0.194891
    outer loop
      vertex 30.1591 80.4 42.6894
      vertex 30.1897 81.7 42.8434
      vertex 30.1591 81.7 42.6894
    endloop
  endfacet
  facet normal -0.980825 0 0.194891
    outer loop
      vertex 30.1897 81.7 42.8434
      vertex 30.1591 80.4 42.6894
      vertex 30.1897 80.4 42.8434
    endloop
  endfacet
  facet normal -0.980825 0 -0.194891
    outer loop
      vertex 30.1897 80.4 43.1566
      vertex 30.1591 81.7 43.3106
      vertex 30.1897 81.7 43.1566
    endloop
  endfacet
  facet normal -0.980825 -0 -0.194891
    outer loop
      vertex 30.1591 81.7 43.3106
      vertex 30.1897 80.4 43.1566
      vertex 30.1591 80.4 43.3106
    endloop
  endfacet
  facet normal -0.947013 0 -0.321194
    outer loop
      vertex 30.1591 80.4 43.3106
      vertex 30.1087 81.7 43.4592
      vertex 30.1591 81.7 43.3106
    endloop
  endfacet
  facet normal -0.947013 -0 -0.321194
    outer loop
      vertex 30.1087 81.7 43.4592
      vertex 30.1591 80.4 43.3106
      vertex 30.1087 80.4 43.4592
    endloop
  endfacet
  facet normal -0.659406 0 -0.751787
    outer loop
      vertex 29.7305 80.4 43.952
      vertex 29.8485 81.7 43.8485
      vertex 29.8485 80.4 43.8485
    endloop
  endfacet
  facet normal -0.659406 0 -0.751787
    outer loop
      vertex 29.8485 81.7 43.8485
      vertex 29.7305 80.4 43.952
      vertex 29.7305 81.7 43.952
    endloop
  endfacet
  facet normal -0.831462 0 -0.555582
    outer loop
      vertex 30.0392 80.4 43.6
      vertex 29.952 81.7 43.7305
      vertex 30.0392 81.7 43.6
    endloop
  endfacet
  facet normal -0.831462 -0 -0.555582
    outer loop
      vertex 29.952 81.7 43.7305
      vertex 30.0392 80.4 43.6
      vertex 29.952 80.4 43.7305
    endloop
  endfacet
  facet normal 0.194891 0 -0.980825
    outer loop
      vertex 28.6894 80.4 44.1591
      vertex 28.8434 81.7 44.1897
      vertex 28.8434 80.4 44.1897
    endloop
  endfacet
  facet normal 0.194891 0 -0.980825
    outer loop
      vertex 28.8434 81.7 44.1897
      vertex 28.6894 80.4 44.1591
      vertex 28.6894 81.7 44.1591
    endloop
  endfacet
  facet normal 0.555582 0 -0.831462
    outer loop
      vertex 28.2695 80.4 43.952
      vertex 28.4 81.7 44.0392
      vertex 28.4 80.4 44.0392
    endloop
  endfacet
  facet normal 0.555582 0 -0.831462
    outer loop
      vertex 28.4 81.7 44.0392
      vertex 28.2695 80.4 43.952
      vertex 28.2695 81.7 43.952
    endloop
  endfacet
  facet normal 0.947013 0 -0.321194
    outer loop
      vertex 27.8913 80.4 43.4592
      vertex 27.8409 81.7 43.3106
      vertex 27.8913 81.7 43.4592
    endloop
  endfacet
  facet normal 0.947013 0 -0.321194
    outer loop
      vertex 27.8409 81.7 43.3106
      vertex 27.8913 80.4 43.4592
      vertex 27.8409 80.4 43.3106
    endloop
  endfacet
endsolid OpenSCAD_Model
