solid OpenSCAD_Model
  facet normal 0.997836 0 -0.0657577
    outer loop
      vertex 17.5 78.5 43
      vertex 17.4914 78.8 42.8695
      vertex 17.5 78.8 43
    endloop
  endfacet
  facet normal 0.997836 0 -0.0657577
    outer loop
      vertex 17.4914 78.8 42.8695
      vertex 17.5 78.5 43
      vertex 17.4914 78.5 42.8695
    endloop
  endfacet
  facet normal 0.997836 0 -0.0657577
    outer loop
      vertex 17.5 80.4 43
      vertex 17.4914 84.45 42.8695
      vertex 17.5 84.45 43
    endloop
  endfacet
  facet normal 0.997836 0 -0.0657577
    outer loop
      vertex 17.4914 84.45 42.8695
      vertex 17.5 80.4 43
      vertex 17.4914 80.4 42.8695
    endloop
  endfacet
  facet normal -0.0657577 0 -0.997836
    outer loop
      vertex 16.3695 78.5 42.0086
      vertex 16.5 78.8 42
      vertex 16.5 78.5 42
    endloop
  endfacet
  facet normal -0.0657577 0 -0.997836
    outer loop
      vertex 16.5 78.8 42
      vertex 16.3695 78.5 42.0086
      vertex 16.3695 78.8 42.0086
    endloop
  endfacet
  facet normal -0.0657577 0 -0.997836
    outer loop
      vertex 16.3695 80.4 42.0086
      vertex 16.5 84.45 42
      vertex 16.5 80.4 42
    endloop
  endfacet
  facet normal -0.0657577 0 -0.997836
    outer loop
      vertex 16.5 84.45 42
      vertex 16.3695 80.4 42.0086
      vertex 16.3695 84.45 42.0086
    endloop
  endfacet
  facet normal 0.0657577 0 0.997836
    outer loop
      vertex 16.5 78.8 44
      vertex 16.6305 78.5 43.9914
      vertex 16.6305 78.8 43.9914
    endloop
  endfacet
  facet normal 0.0657577 0 0.997836
    outer loop
      vertex 16.6305 78.5 43.9914
      vertex 16.5 78.8 44
      vertex 16.5 78.5 44
    endloop
  endfacet
  facet normal 0.0657577 0 0.997836
    outer loop
      vertex 16.5 84.45 44
      vertex 16.6305 80.4 43.9914
      vertex 16.6305 84.45 43.9914
    endloop
  endfacet
  facet normal 0.0657577 0 0.997836
    outer loop
      vertex 16.6305 80.4 43.9914
      vertex 16.5 84.45 44
      vertex 16.5 80.4 44
    endloop
  endfacet
  facet normal 0.659749 0 -0.751486
    outer loop
      vertex 17.1088 78.5 42.2066
      vertex 17.2071 78.8 42.2929
      vertex 17.2071 78.5 42.2929
    endloop
  endfacet
  facet normal 0.659749 0 -0.751486
    outer loop
      vertex 17.2071 78.8 42.2929
      vertex 17.1088 78.5 42.2066
      vertex 17.1088 78.8 42.2066
    endloop
  endfacet
  facet normal 0.659749 0 -0.751486
    outer loop
      vertex 17.1088 80.4 42.2066
      vertex 17.2071 84.45 42.2929
      vertex 17.2071 80.4 42.2929
    endloop
  endfacet
  facet normal 0.659749 0 -0.751486
    outer loop
      vertex 17.2071 84.45 42.2929
      vertex 17.1088 80.4 42.2066
      vertex 17.1088 84.45 42.2066
    endloop
  endfacet
  facet normal -0.751486 0 -0.659749
    outer loop
      vertex 15.7929 78.5 42.2929
      vertex 15.7066 78.8 42.3912
      vertex 15.7929 78.8 42.2929
    endloop
  endfacet
  facet normal -0.751486 -0 -0.659749
    outer loop
      vertex 15.7066 78.8 42.3912
      vertex 15.7929 78.5 42.2929
      vertex 15.7066 78.5 42.3912
    endloop
  endfacet
  facet normal -0.751486 0 -0.659749
    outer loop
      vertex 15.7929 80.4 42.2929
      vertex 15.7066 84.45 42.3912
      vertex 15.7929 84.45 42.2929
    endloop
  endfacet
  facet normal -0.751486 -0 -0.659749
    outer loop
      vertex 15.7066 84.45 42.3912
      vertex 15.7929 80.4 42.2929
      vertex 15.7066 80.4 42.3912
    endloop
  endfacet
  facet normal -0.442621 0 -0.896709
    outer loop
      vertex 16 78.5 42.134
      vertex 16.1173 78.8 42.0761
      vertex 16.1173 78.5 42.0761
    endloop
  endfacet
  facet normal -0.442621 0 -0.896709
    outer loop
      vertex 16.1173 78.8 42.0761
      vertex 16 78.5 42.134
      vertex 16 78.8 42.134
    endloop
  endfacet
  facet normal -0.442621 0 -0.896709
    outer loop
      vertex 16 80.4 42.134
      vertex 16.1173 84.45 42.0761
      vertex 16.1173 80.4 42.0761
    endloop
  endfacet
  facet normal -0.442621 0 -0.896709
    outer loop
      vertex 16.1173 84.45 42.0761
      vertex 16 80.4 42.134
      vertex 16 84.45 42.134
    endloop
  endfacet
  facet normal 0.947066 -0 0.321039
    outer loop
      vertex 17.4239 78.5 43.3827
      vertex 17.4659 78.8 43.2588
      vertex 17.4239 78.8 43.3827
    endloop
  endfacet
  facet normal 0.947066 0 0.321039
    outer loop
      vertex 17.4659 78.8 43.2588
      vertex 17.4239 78.5 43.3827
      vertex 17.4659 78.5 43.2588
    endloop
  endfacet
  facet normal 0.947066 -0 0.321039
    outer loop
      vertex 17.4239 80.4 43.3827
      vertex 17.4659 84.45 43.2588
      vertex 17.4239 84.45 43.3827
    endloop
  endfacet
  facet normal 0.947066 0 0.321039
    outer loop
      vertex 17.4659 84.45 43.2588
      vertex 17.4239 80.4 43.3827
      vertex 17.4659 80.4 43.2588
    endloop
  endfacet
  facet normal 0.896709 0 -0.442621
    outer loop
      vertex 17.4239 78.5 42.6173
      vertex 17.366 78.8 42.5
      vertex 17.4239 78.8 42.6173
    endloop
  endfacet
  facet normal 0.896709 0 -0.442621
    outer loop
      vertex 17.366 78.8 42.5
      vertex 17.4239 78.5 42.6173
      vertex 17.366 78.5 42.5
    endloop
  endfacet
  facet normal 0.896709 0 -0.442621
    outer loop
      vertex 17.4239 80.4 42.6173
      vertex 17.366 84.45 42.5
      vertex 17.4239 84.45 42.6173
    endloop
  endfacet
  facet normal 0.896709 0 -0.442621
    outer loop
      vertex 17.366 84.45 42.5
      vertex 17.4239 80.4 42.6173
      vertex 17.366 80.4 42.5
    endloop
  endfacet
  facet normal 0.980815 0 -0.19494
    outer loop
      vertex 17.4914 78.5 42.8695
      vertex 17.4659 78.8 42.7412
      vertex 17.4914 78.8 42.8695
    endloop
  endfacet
  facet normal 0.980815 0 -0.19494
    outer loop
      vertex 17.4659 78.8 42.7412
      vertex 17.4914 78.5 42.8695
      vertex 17.4659 78.5 42.7412
    endloop
  endfacet
  facet normal 0.980815 0 -0.19494
    outer loop
      vertex 17.4914 80.4 42.8695
      vertex 17.4659 84.45 42.7412
      vertex 17.4914 84.45 42.8695
    endloop
  endfacet
  facet normal 0.980815 0 -0.19494
    outer loop
      vertex 17.4659 84.45 42.7412
      vertex 17.4914 80.4 42.8695
      vertex 17.4659 80.4 42.7412
    endloop
  endfacet
  facet normal 0.321039 0 -0.947066
    outer loop
      vertex 16.7588 78.5 42.0341
      vertex 16.8827 78.8 42.0761
      vertex 16.8827 78.5 42.0761
    endloop
  endfacet
  facet normal 0.321039 0 -0.947066
    outer loop
      vertex 16.8827 78.8 42.0761
      vertex 16.7588 78.5 42.0341
      vertex 16.7588 78.8 42.0341
    endloop
  endfacet
  facet normal 0.321039 0 -0.947066
    outer loop
      vertex 16.7588 80.4 42.0341
      vertex 16.8827 84.45 42.0761
      vertex 16.8827 80.4 42.0761
    endloop
  endfacet
  facet normal 0.321039 0 -0.947066
    outer loop
      vertex 16.8827 84.45 42.0761
      vertex 16.7588 80.4 42.0341
      vertex 16.7588 84.45 42.0341
    endloop
  endfacet
  facet normal 0.19494 0 -0.980815
    outer loop
      vertex 16.6305 78.5 42.0086
      vertex 16.7588 78.8 42.0341
      vertex 16.7588 78.5 42.0341
    endloop
  endfacet
  facet normal 0.19494 0 -0.980815
    outer loop
      vertex 16.7588 78.8 42.0341
      vertex 16.6305 78.5 42.0086
      vertex 16.6305 78.8 42.0086
    endloop
  endfacet
  facet normal 0.19494 0 -0.980815
    outer loop
      vertex 16.6305 80.4 42.0086
      vertex 16.7588 84.45 42.0341
      vertex 16.7588 80.4 42.0341
    endloop
  endfacet
  facet normal 0.19494 0 -0.980815
    outer loop
      vertex 16.7588 84.45 42.0341
      vertex 16.6305 80.4 42.0086
      vertex 16.6305 84.45 42.0086
    endloop
  endfacet
  facet normal 0.555053 0 -0.831815
    outer loop
      vertex 17 78.5 42.134
      vertex 17.1088 78.8 42.2066
      vertex 17.1088 78.5 42.2066
    endloop
  endfacet
  facet normal 0.555053 0 -0.831815
    outer loop
      vertex 17.1088 78.8 42.2066
      vertex 17 78.5 42.134
      vertex 17 78.8 42.134
    endloop
  endfacet
  facet normal 0.555053 0 -0.831815
    outer loop
      vertex 17 80.4 42.134
      vertex 17.1088 84.45 42.2066
      vertex 17.1088 80.4 42.2066
    endloop
  endfacet
  facet normal 0.555053 0 -0.831815
    outer loop
      vertex 17.1088 84.45 42.2066
      vertex 17 80.4 42.134
      vertex 17 84.45 42.134
    endloop
  endfacet
  facet normal -0.947066 0 -0.321039
    outer loop
      vertex 15.5761 78.5 42.6173
      vertex 15.5341 78.8 42.7412
      vertex 15.5761 78.8 42.6173
    endloop
  endfacet
  facet normal -0.947066 -0 -0.321039
    outer loop
      vertex 15.5341 78.8 42.7412
      vertex 15.5761 78.5 42.6173
      vertex 15.5341 78.5 42.7412
    endloop
  endfacet
  facet normal -0.947066 0 -0.321039
    outer loop
      vertex 15.5761 80.4 42.6173
      vertex 15.5341 84.45 42.7412
      vertex 15.5761 84.45 42.6173
    endloop
  endfacet
  facet normal -0.947066 -0 -0.321039
    outer loop
      vertex 15.5341 84.45 42.7412
      vertex 15.5761 80.4 42.6173
      vertex 15.5341 80.4 42.7412
    endloop
  endfacet
  facet normal -0.831815 0 -0.555053
    outer loop
      vertex 15.7066 78.5 42.3912
      vertex 15.634 78.8 42.5
      vertex 15.7066 78.8 42.3912
    endloop
  endfacet
  facet normal -0.831815 -0 -0.555053
    outer loop
      vertex 15.634 78.8 42.5
      vertex 15.7066 78.5 42.3912
      vertex 15.634 78.5 42.5
    endloop
  endfacet
  facet normal -0.831815 0 -0.555053
    outer loop
      vertex 15.7066 80.4 42.3912
      vertex 15.634 84.45 42.5
      vertex 15.7066 84.45 42.3912
    endloop
  endfacet
  facet normal -0.831815 -0 -0.555053
    outer loop
      vertex 15.634 84.45 42.5
      vertex 15.7066 80.4 42.3912
      vertex 15.634 80.4 42.5
    endloop
  endfacet
  facet normal -0.980815 0 -0.19494
    outer loop
      vertex 15.5341 78.5 42.7412
      vertex 15.5086 78.8 42.8695
      vertex 15.5341 78.8 42.7412
    endloop
  endfacet
  facet normal -0.980815 -0 -0.19494
    outer loop
      vertex 15.5086 78.8 42.8695
      vertex 15.5341 78.5 42.7412
      vertex 15.5086 78.5 42.8695
    endloop
  endfacet
  facet normal -0.980815 0 -0.19494
    outer loop
      vertex 15.5341 80.4 42.7412
      vertex 15.5086 84.45 42.8695
      vertex 15.5341 84.45 42.7412
    endloop
  endfacet
  facet normal -0.980815 -0 -0.19494
    outer loop
      vertex 15.5086 84.45 42.8695
      vertex 15.5341 80.4 42.7412
      vertex 15.5086 80.4 42.8695
    endloop
  endfacet
  facet normal -0.19494 0 -0.980815
    outer loop
      vertex 16.2412 78.5 42.0341
      vertex 16.3695 78.8 42.0086
      vertex 16.3695 78.5 42.0086
    endloop
  endfacet
  facet normal -0.19494 0 -0.980815
    outer loop
      vertex 16.3695 78.8 42.0086
      vertex 16.2412 78.5 42.0341
      vertex 16.2412 78.8 42.0341
    endloop
  endfacet
  facet normal -0.19494 0 -0.980815
    outer loop
      vertex 16.2412 80.4 42.0341
      vertex 16.3695 84.45 42.0086
      vertex 16.3695 80.4 42.0086
    endloop
  endfacet
  facet normal -0.19494 0 -0.980815
    outer loop
      vertex 16.3695 84.45 42.0086
      vertex 16.2412 80.4 42.0341
      vertex 16.2412 84.45 42.0341
    endloop
  endfacet
  facet normal -0.831815 0 0.555053
    outer loop
      vertex 15.634 78.5 43.5
      vertex 15.7066 78.8 43.6088
      vertex 15.634 78.8 43.5
    endloop
  endfacet
  facet normal -0.831815 0 0.555053
    outer loop
      vertex 15.7066 78.8 43.6088
      vertex 15.634 78.5 43.5
      vertex 15.7066 78.5 43.6088
    endloop
  endfacet
  facet normal -0.831815 0 0.555053
    outer loop
      vertex 15.634 80.4 43.5
      vertex 15.7066 84.45 43.6088
      vertex 15.634 84.45 43.5
    endloop
  endfacet
  facet normal -0.831815 0 0.555053
    outer loop
      vertex 15.7066 84.45 43.6088
      vertex 15.634 80.4 43.5
      vertex 15.7066 80.4 43.6088
    endloop
  endfacet
  facet normal 0.442621 0 0.896709
    outer loop
      vertex 16.8827 78.8 43.9239
      vertex 17 78.5 43.866
      vertex 17 78.8 43.866
    endloop
  endfacet
  facet normal 0.442621 0 0.896709
    outer loop
      vertex 17 78.5 43.866
      vertex 16.8827 78.8 43.9239
      vertex 16.8827 78.5 43.9239
    endloop
  endfacet
  facet normal 0.442621 0 0.896709
    outer loop
      vertex 16.8827 84.45 43.9239
      vertex 17 80.4 43.866
      vertex 17 84.45 43.866
    endloop
  endfacet
  facet normal 0.442621 0 0.896709
    outer loop
      vertex 17 80.4 43.866
      vertex 16.8827 84.45 43.9239
      vertex 16.8827 80.4 43.9239
    endloop
  endfacet
  facet normal 0.947066 0 -0.321039
    outer loop
      vertex 17.4659 78.5 42.7412
      vertex 17.4239 78.8 42.6173
      vertex 17.4659 78.8 42.7412
    endloop
  endfacet
  facet normal 0.947066 0 -0.321039
    outer loop
      vertex 17.4239 78.8 42.6173
      vertex 17.4659 78.5 42.7412
      vertex 17.4239 78.5 42.6173
    endloop
  endfacet
  facet normal 0.947066 0 -0.321039
    outer loop
      vertex 17.4659 80.4 42.7412
      vertex 17.4239 84.45 42.6173
      vertex 17.4659 84.45 42.7412
    endloop
  endfacet
  facet normal 0.947066 0 -0.321039
    outer loop
      vertex 17.4239 84.45 42.6173
      vertex 17.4659 80.4 42.7412
      vertex 17.4239 80.4 42.6173
    endloop
  endfacet
  facet normal 0.751486 0 -0.659749
    outer loop
      vertex 17.2934 78.5 42.3912
      vertex 17.2071 78.8 42.2929
      vertex 17.2934 78.8 42.3912
    endloop
  endfacet
  facet normal 0.751486 0 -0.659749
    outer loop
      vertex 17.2071 78.8 42.2929
      vertex 17.2934 78.5 42.3912
      vertex 17.2071 78.5 42.2929
    endloop
  endfacet
  facet normal 0.751486 0 -0.659749
    outer loop
      vertex 17.2934 80.4 42.3912
      vertex 17.2071 84.45 42.2929
      vertex 17.2934 84.45 42.3912
    endloop
  endfacet
  facet normal 0.751486 0 -0.659749
    outer loop
      vertex 17.2071 84.45 42.2929
      vertex 17.2934 80.4 42.3912
      vertex 17.2071 80.4 42.2929
    endloop
  endfacet
  facet normal 0.831815 0 -0.555053
    outer loop
      vertex 17.366 78.5 42.5
      vertex 17.2934 78.8 42.3912
      vertex 17.366 78.8 42.5
    endloop
  endfacet
  facet normal 0.831815 0 -0.555053
    outer loop
      vertex 17.2934 78.8 42.3912
      vertex 17.366 78.5 42.5
      vertex 17.2934 78.5 42.3912
    endloop
  endfacet
  facet normal 0.831815 0 -0.555053
    outer loop
      vertex 17.366 80.4 42.5
      vertex 17.2934 84.45 42.3912
      vertex 17.366 84.45 42.5
    endloop
  endfacet
  facet normal 0.831815 0 -0.555053
    outer loop
      vertex 17.2934 84.45 42.3912
      vertex 17.366 80.4 42.5
      vertex 17.2934 80.4 42.3912
    endloop
  endfacet
  facet normal 0.0657577 0 -0.997836
    outer loop
      vertex 16.5 78.5 42
      vertex 16.6305 78.8 42.0086
      vertex 16.6305 78.5 42.0086
    endloop
  endfacet
  facet normal 0.0657577 0 -0.997836
    outer loop
      vertex 16.6305 78.8 42.0086
      vertex 16.5 78.5 42
      vertex 16.5 78.8 42
    endloop
  endfacet
  facet normal 0.0657577 0 -0.997836
    outer loop
      vertex 16.5 80.4 42
      vertex 16.6305 84.45 42.0086
      vertex 16.6305 80.4 42.0086
    endloop
  endfacet
  facet normal 0.0657577 0 -0.997836
    outer loop
      vertex 16.6305 84.45 42.0086
      vertex 16.5 80.4 42
      vertex 16.5 84.45 42
    endloop
  endfacet
  facet normal 0.442621 0 -0.896709
    outer loop
      vertex 16.8827 78.5 42.0761
      vertex 17 78.8 42.134
      vertex 17 78.5 42.134
    endloop
  endfacet
  facet normal 0.442621 0 -0.896709
    outer loop
      vertex 17 78.8 42.134
      vertex 16.8827 78.5 42.0761
      vertex 16.8827 78.8 42.0761
    endloop
  endfacet
  facet normal 0.442621 0 -0.896709
    outer loop
      vertex 16.8827 80.4 42.0761
      vertex 17 84.45 42.134
      vertex 17 80.4 42.134
    endloop
  endfacet
  facet normal 0.442621 0 -0.896709
    outer loop
      vertex 17 84.45 42.134
      vertex 16.8827 80.4 42.0761
      vertex 16.8827 84.45 42.0761
    endloop
  endfacet
  facet normal 0 -1 0
    outer loop
      vertex 16.3695 78.5 43.9914
      vertex 16.6305 78.5 43.9914
      vertex 16.5 78.5 44
    endloop
  endfacet
  facet normal 0 -1 0
    outer loop
      vertex 16.2412 78.5 43.9659
      vertex 16.6305 78.5 43.9914
      vertex 16.3695 78.5 43.9914
    endloop
  endfacet
  facet normal 0 -1 0
    outer loop
      vertex 16.2412 78.5 43.9659
      vertex 16.7588 78.5 43.9659
      vertex 16.6305 78.5 43.9914
    endloop
  endfacet
  facet normal 0 -1 0
    outer loop
      vertex 16.1173 78.5 43.9239
      vertex 16.7588 78.5 43.9659
      vertex 16.2412 78.5 43.9659
    endloop
  endfacet
  facet normal 0 -1 0
    outer loop
      vertex 16.1173 78.5 43.9239
      vertex 16.8827 78.5 43.9239
      vertex 16.7588 78.5 43.9659
    endloop
  endfacet
  facet normal 0 -1 0
    outer loop
      vertex 16 78.5 43.866
      vertex 16.8827 78.5 43.9239
      vertex 16.1173 78.5 43.9239
    endloop
  endfacet
  facet normal 0 -1 0
    outer loop
      vertex 16 78.5 43.866
      vertex 17 78.5 43.866
      vertex 16.8827 78.5 43.9239
    endloop
  endfacet
  facet normal 0 -1 0
    outer loop
      vertex 15.8912 78.5 43.7934
      vertex 17 78.5 43.866
      vertex 16 78.5 43.866
    endloop
  endfacet
  facet normal 0 -1 0
    outer loop
      vertex 15.8912 78.5 43.7934
      vertex 17.1088 78.5 43.7934
      vertex 17 78.5 43.866
    endloop
  endfacet
  facet normal 0 -1 0
    outer loop
      vertex 15.7929 78.5 43.7071
      vertex 17.1088 78.5 43.7934
      vertex 15.8912 78.5 43.7934
    endloop
  endfacet
  facet normal 0 -1 0
    outer loop
      vertex 15.7929 78.5 43.7071
      vertex 17.2071 78.5 43.7071
      vertex 17.1088 78.5 43.7934
    endloop
  endfacet
  facet normal 0 -1 0
    outer loop
      vertex 15.7066 78.5 43.6088
      vertex 17.2071 78.5 43.7071
      vertex 15.7929 78.5 43.7071
    endloop
  endfacet
  facet normal 0 -1 0
    outer loop
      vertex 15.7066 78.5 43.6088
      vertex 17.2934 78.5 43.6088
      vertex 17.2071 78.5 43.7071
    endloop
  endfacet
  facet normal 0 -1 0
    outer loop
      vertex 15.634 78.5 43.5
      vertex 17.2934 78.5 43.6088
      vertex 15.7066 78.5 43.6088
    endloop
  endfacet
  facet normal 0 -1 0
    outer loop
      vertex 15.634 78.5 43.5
      vertex 17.366 78.5 43.5
      vertex 17.2934 78.5 43.6088
    endloop
  endfacet
  facet normal 0 -1 0
    outer loop
      vertex 15.5761 78.5 43.3827
      vertex 17.366 78.5 43.5
      vertex 15.634 78.5 43.5
    endloop
  endfacet
  facet normal 0 -1 0
    outer loop
      vertex 15.5761 78.5 43.3827
      vertex 17.4239 78.5 43.3827
      vertex 17.366 78.5 43.5
    endloop
  endfacet
  facet normal 0 -1 0
    outer loop
      vertex 15.5341 78.5 43.2588
      vertex 17.4239 78.5 43.3827
      vertex 15.5761 78.5 43.3827
    endloop
  endfacet
  facet normal 0 -1 0
    outer loop
      vertex 15.5341 78.5 43.2588
      vertex 17.4659 78.5 43.2588
      vertex 17.4239 78.5 43.3827
    endloop
  endfacet
  facet normal 0 -1 0
    outer loop
      vertex 15.5086 78.5 43.1305
      vertex 17.4659 78.5 43.2588
      vertex 15.5341 78.5 43.2588
    endloop
  endfacet
  facet normal 0 -1 0
    outer loop
      vertex 15.5086 78.5 43.1305
      vertex 17.4914 78.5 43.1305
      vertex 17.4659 78.5 43.2588
    endloop
  endfacet
  facet normal 0 -1 0
    outer loop
      vertex 15.5 78.5 43
      vertex 17.4914 78.5 43.1305
      vertex 15.5086 78.5 43.1305
    endloop
  endfacet
  facet normal 0 -1 0
    outer loop
      vertex 15.5 78.5 43
      vertex 17.5 78.5 43
      vertex 17.4914 78.5 43.1305
    endloop
  endfacet
  facet normal 0 -1 0
    outer loop
      vertex 15.5086 78.5 42.8695
      vertex 17.5 78.5 43
      vertex 15.5 78.5 43
    endloop
  endfacet
  facet normal 0 -1 0
    outer loop
      vertex 15.5086 78.5 42.8695
      vertex 17.4914 78.5 42.8695
      vertex 17.5 78.5 43
    endloop
  endfacet
  facet normal 0 -1 0
    outer loop
      vertex 15.5341 78.5 42.7412
      vertex 17.4914 78.5 42.8695
      vertex 15.5086 78.5 42.8695
    endloop
  endfacet
  facet normal 0 -1 0
    outer loop
      vertex 15.5341 78.5 42.7412
      vertex 17.4659 78.5 42.7412
      vertex 17.4914 78.5 42.8695
    endloop
  endfacet
  facet normal 0 -1 0
    outer loop
      vertex 15.5761 78.5 42.6173
      vertex 17.4659 78.5 42.7412
      vertex 15.5341 78.5 42.7412
    endloop
  endfacet
  facet normal 0 -1 0
    outer loop
      vertex 15.5761 78.5 42.6173
      vertex 17.4239 78.5 42.6173
      vertex 17.4659 78.5 42.7412
    endloop
  endfacet
  facet normal 0 -1 0
    outer loop
      vertex 15.634 78.5 42.5
      vertex 17.4239 78.5 42.6173
      vertex 15.5761 78.5 42.6173
    endloop
  endfacet
  facet normal 0 -1 0
    outer loop
      vertex 15.634 78.5 42.5
      vertex 17.366 78.5 42.5
      vertex 17.4239 78.5 42.6173
    endloop
  endfacet
  facet normal 0 -1 0
    outer loop
      vertex 15.7066 78.5 42.3912
      vertex 17.366 78.5 42.5
      vertex 15.634 78.5 42.5
    endloop
  endfacet
  facet normal 0 -1 0
    outer loop
      vertex 15.7066 78.5 42.3912
      vertex 17.2934 78.5 42.3912
      vertex 17.366 78.5 42.5
    endloop
  endfacet
  facet normal 0 -1 0
    outer loop
      vertex 15.7929 78.5 42.2929
      vertex 17.2934 78.5 42.3912
      vertex 15.7066 78.5 42.3912
    endloop
  endfacet
  facet normal 0 -1 0
    outer loop
      vertex 15.7929 78.5 42.2929
      vertex 17.2071 78.5 42.2929
      vertex 17.2934 78.5 42.3912
    endloop
  endfacet
  facet normal 0 -1 0
    outer loop
      vertex 15.8912 78.5 42.2066
      vertex 17.2071 78.5 42.2929
      vertex 15.7929 78.5 42.2929
    endloop
  endfacet
  facet normal 0 -1 0
    outer loop
      vertex 15.8912 78.5 42.2066
      vertex 17.1088 78.5 42.2066
      vertex 17.2071 78.5 42.2929
    endloop
  endfacet
  facet normal 0 -1 0
    outer loop
      vertex 16 78.5 42.134
      vertex 17.1088 78.5 42.2066
      vertex 15.8912 78.5 42.2066
    endloop
  endfacet
  facet normal 0 -1 0
    outer loop
      vertex 16 78.5 42.134
      vertex 17 78.5 42.134
      vertex 17.1088 78.5 42.2066
    endloop
  endfacet
  facet normal 0 -1 0
    outer loop
      vertex 16.1173 78.5 42.0761
      vertex 17 78.5 42.134
      vertex 16 78.5 42.134
    endloop
  endfacet
  facet normal 0 -1 0
    outer loop
      vertex 16.1173 78.5 42.0761
      vertex 16.8827 78.5 42.0761
      vertex 17 78.5 42.134
    endloop
  endfacet
  facet normal 0 -1 0
    outer loop
      vertex 16.2412 78.5 42.0341
      vertex 16.8827 78.5 42.0761
      vertex 16.1173 78.5 42.0761
    endloop
  endfacet
  facet normal 0 -1 0
    outer loop
      vertex 16.2412 78.5 42.0341
      vertex 16.7588 78.5 42.0341
      vertex 16.8827 78.5 42.0761
    endloop
  endfacet
  facet normal 0 -1 0
    outer loop
      vertex 16.3695 78.5 42.0086
      vertex 16.7588 78.5 42.0341
      vertex 16.2412 78.5 42.0341
    endloop
  endfacet
  facet normal 0 -1 0
    outer loop
      vertex 16.3695 78.5 42.0086
      vertex 16.6305 78.5 42.0086
      vertex 16.7588 78.5 42.0341
    endloop
  endfacet
  facet normal -0 -1 0
    outer loop
      vertex 16.6305 78.5 42.0086
      vertex 16.3695 78.5 42.0086
      vertex 16.5 78.5 42
    endloop
  endfacet
  facet normal -0.896709 0 -0.442621
    outer loop
      vertex 15.634 78.5 42.5
      vertex 15.5761 78.8 42.6173
      vertex 15.634 78.8 42.5
    endloop
  endfacet
  facet normal -0.896709 -0 -0.442621
    outer loop
      vertex 15.5761 78.8 42.6173
      vertex 15.634 78.5 42.5
      vertex 15.5761 78.5 42.6173
    endloop
  endfacet
  facet normal -0.896709 0 -0.442621
    outer loop
      vertex 15.634 80.4 42.5
      vertex 15.5761 84.45 42.6173
      vertex 15.634 84.45 42.5
    endloop
  endfacet
  facet normal -0.896709 -0 -0.442621
    outer loop
      vertex 15.5761 84.45 42.6173
      vertex 15.634 80.4 42.5
      vertex 15.5761 80.4 42.6173
    endloop
  endfacet
  facet normal -0.997836 0 -0.0657577
    outer loop
      vertex 15.5086 78.5 42.8695
      vertex 15.5 78.8 43
      vertex 15.5086 78.8 42.8695
    endloop
  endfacet
  facet normal -0.997836 -0 -0.0657577
    outer loop
      vertex 15.5 78.8 43
      vertex 15.5086 78.5 42.8695
      vertex 15.5 78.5 43
    endloop
  endfacet
  facet normal -0.997836 0 -0.0657577
    outer loop
      vertex 15.5086 80.4 42.8695
      vertex 15.5 84.45 43
      vertex 15.5086 84.45 42.8695
    endloop
  endfacet
  facet normal -0.997836 -0 -0.0657577
    outer loop
      vertex 15.5 84.45 43
      vertex 15.5086 80.4 42.8695
      vertex 15.5 80.4 43
    endloop
  endfacet
  facet normal -0.555053 0 -0.831815
    outer loop
      vertex 15.8912 78.5 42.2066
      vertex 16 78.8 42.134
      vertex 16 78.5 42.134
    endloop
  endfacet
  facet normal -0.555053 0 -0.831815
    outer loop
      vertex 16 78.8 42.134
      vertex 15.8912 78.5 42.2066
      vertex 15.8912 78.8 42.2066
    endloop
  endfacet
  facet normal -0.555053 0 -0.831815
    outer loop
      vertex 15.8912 80.4 42.2066
      vertex 16 84.45 42.134
      vertex 16 80.4 42.134
    endloop
  endfacet
  facet normal -0.555053 0 -0.831815
    outer loop
      vertex 16 84.45 42.134
      vertex 15.8912 80.4 42.2066
      vertex 15.8912 84.45 42.2066
    endloop
  endfacet
  facet normal -0.659749 0 -0.751486
    outer loop
      vertex 15.7929 78.5 42.2929
      vertex 15.8912 78.8 42.2066
      vertex 15.8912 78.5 42.2066
    endloop
  endfacet
  facet normal -0.659749 0 -0.751486
    outer loop
      vertex 15.8912 78.8 42.2066
      vertex 15.7929 78.5 42.2929
      vertex 15.7929 78.8 42.2929
    endloop
  endfacet
  facet normal -0.659749 0 -0.751486
    outer loop
      vertex 15.7929 80.4 42.2929
      vertex 15.8912 84.45 42.2066
      vertex 15.8912 80.4 42.2066
    endloop
  endfacet
  facet normal -0.659749 0 -0.751486
    outer loop
      vertex 15.8912 84.45 42.2066
      vertex 15.7929 80.4 42.2929
      vertex 15.7929 84.45 42.2929
    endloop
  endfacet
  facet normal -0.321039 0 -0.947066
    outer loop
      vertex 16.1173 78.5 42.0761
      vertex 16.2412 78.8 42.0341
      vertex 16.2412 78.5 42.0341
    endloop
  endfacet
  facet normal -0.321039 0 -0.947066
    outer loop
      vertex 16.2412 78.8 42.0341
      vertex 16.1173 78.5 42.0761
      vertex 16.1173 78.8 42.0761
    endloop
  endfacet
  facet normal -0.321039 0 -0.947066
    outer loop
      vertex 16.1173 80.4 42.0761
      vertex 16.2412 84.45 42.0341
      vertex 16.2412 80.4 42.0341
    endloop
  endfacet
  facet normal -0.321039 0 -0.947066
    outer loop
      vertex 16.2412 84.45 42.0341
      vertex 16.1173 80.4 42.0761
      vertex 16.1173 84.45 42.0761
    endloop
  endfacet
  facet normal 0.997836 -0 0.0657577
    outer loop
      vertex 17.4914 78.5 43.1305
      vertex 17.5 78.8 43
      vertex 17.4914 78.8 43.1305
    endloop
  endfacet
  facet normal 0.997836 0 0.0657577
    outer loop
      vertex 17.5 78.8 43
      vertex 17.4914 78.5 43.1305
      vertex 17.5 78.5 43
    endloop
  endfacet
  facet normal 0.997836 -0 0.0657577
    outer loop
      vertex 17.4914 80.4 43.1305
      vertex 17.5 84.45 43
      vertex 17.4914 84.45 43.1305
    endloop
  endfacet
  facet normal 0.997836 0 0.0657577
    outer loop
      vertex 17.5 84.45 43
      vertex 17.4914 80.4 43.1305
      vertex 17.5 80.4 43
    endloop
  endfacet
  facet normal 0.555053 0 0.831815
    outer loop
      vertex 17 78.8 43.866
      vertex 17.1088 78.5 43.7934
      vertex 17.1088 78.8 43.7934
    endloop
  endfacet
  facet normal 0.555053 0 0.831815
    outer loop
      vertex 17.1088 78.5 43.7934
      vertex 17 78.8 43.866
      vertex 17 78.5 43.866
    endloop
  endfacet
  facet normal 0.555053 0 0.831815
    outer loop
      vertex 17 84.45 43.866
      vertex 17.1088 80.4 43.7934
      vertex 17.1088 84.45 43.7934
    endloop
  endfacet
  facet normal 0.555053 0 0.831815
    outer loop
      vertex 17.1088 80.4 43.7934
      vertex 17 84.45 43.866
      vertex 17 80.4 43.866
    endloop
  endfacet
  facet normal 0.751486 -0 0.659749
    outer loop
      vertex 17.2071 78.5 43.7071
      vertex 17.2934 78.8 43.6088
      vertex 17.2071 78.8 43.7071
    endloop
  endfacet
  facet normal 0.751486 0 0.659749
    outer loop
      vertex 17.2934 78.8 43.6088
      vertex 17.2071 78.5 43.7071
      vertex 17.2934 78.5 43.6088
    endloop
  endfacet
  facet normal 0.751486 -0 0.659749
    outer loop
      vertex 17.2071 80.4 43.7071
      vertex 17.2934 84.45 43.6088
      vertex 17.2071 84.45 43.7071
    endloop
  endfacet
  facet normal 0.751486 0 0.659749
    outer loop
      vertex 17.2934 84.45 43.6088
      vertex 17.2071 80.4 43.7071
      vertex 17.2934 80.4 43.6088
    endloop
  endfacet
  facet normal 0.896709 -0 0.442621
    outer loop
      vertex 17.366 78.5 43.5
      vertex 17.4239 78.8 43.3827
      vertex 17.366 78.8 43.5
    endloop
  endfacet
  facet normal 0.896709 0 0.442621
    outer loop
      vertex 17.4239 78.8 43.3827
      vertex 17.366 78.5 43.5
      vertex 17.4239 78.5 43.3827
    endloop
  endfacet
  facet normal 0.896709 -0 0.442621
    outer loop
      vertex 17.366 80.4 43.5
      vertex 17.4239 84.45 43.3827
      vertex 17.366 84.45 43.5
    endloop
  endfacet
  facet normal 0.896709 0 0.442621
    outer loop
      vertex 17.4239 84.45 43.3827
      vertex 17.366 80.4 43.5
      vertex 17.4239 80.4 43.3827
    endloop
  endfacet
  facet normal 0.980815 -0 0.19494
    outer loop
      vertex 17.4659 78.5 43.2588
      vertex 17.4914 78.8 43.1305
      vertex 17.4659 78.8 43.2588
    endloop
  endfacet
  facet normal 0.980815 0 0.19494
    outer loop
      vertex 17.4914 78.8 43.1305
      vertex 17.4659 78.5 43.2588
      vertex 17.4914 78.5 43.1305
    endloop
  endfacet
  facet normal 0.980815 -0 0.19494
    outer loop
      vertex 17.4659 80.4 43.2588
      vertex 17.4914 84.45 43.1305
      vertex 17.4659 84.45 43.2588
    endloop
  endfacet
  facet normal 0.980815 0 0.19494
    outer loop
      vertex 17.4914 84.45 43.1305
      vertex 17.4659 80.4 43.2588
      vertex 17.4914 80.4 43.1305
    endloop
  endfacet
  facet normal -0.997836 0 0.0657577
    outer loop
      vertex 15.5 78.5 43
      vertex 15.5086 78.8 43.1305
      vertex 15.5 78.8 43
    endloop
  endfacet
  facet normal -0.997836 0 0.0657577
    outer loop
      vertex 15.5086 78.8 43.1305
      vertex 15.5 78.5 43
      vertex 15.5086 78.5 43.1305
    endloop
  endfacet
  facet normal -0.997836 0 0.0657577
    outer loop
      vertex 15.5 80.4 43
      vertex 15.5086 84.45 43.1305
      vertex 15.5 84.45 43
    endloop
  endfacet
  facet normal -0.997836 0 0.0657577
    outer loop
      vertex 15.5086 84.45 43.1305
      vertex 15.5 80.4 43
      vertex 15.5086 80.4 43.1305
    endloop
  endfacet
  facet normal 0.831815 -0 0.555053
    outer loop
      vertex 17.2934 78.5 43.6088
      vertex 17.366 78.8 43.5
      vertex 17.2934 78.8 43.6088
    endloop
  endfacet
  facet normal 0.831815 0 0.555053
    outer loop
      vertex 17.366 78.8 43.5
      vertex 17.2934 78.5 43.6088
      vertex 17.366 78.5 43.5
    endloop
  endfacet
  facet normal 0.831815 -0 0.555053
    outer loop
      vertex 17.2934 80.4 43.6088
      vertex 17.366 84.45 43.5
      vertex 17.2934 84.45 43.6088
    endloop
  endfacet
  facet normal 0.831815 0 0.555053
    outer loop
      vertex 17.366 84.45 43.5
      vertex 17.2934 80.4 43.6088
      vertex 17.366 80.4 43.5
    endloop
  endfacet
  facet normal -0.19494 0 0.980815
    outer loop
      vertex 16.2412 78.8 43.9659
      vertex 16.3695 78.5 43.9914
      vertex 16.3695 78.8 43.9914
    endloop
  endfacet
  facet normal -0.19494 0 0.980815
    outer loop
      vertex 16.3695 78.5 43.9914
      vertex 16.2412 78.8 43.9659
      vertex 16.2412 78.5 43.9659
    endloop
  endfacet
  facet normal -0.19494 0 0.980815
    outer loop
      vertex 16.2412 84.45 43.9659
      vertex 16.3695 80.4 43.9914
      vertex 16.3695 84.45 43.9914
    endloop
  endfacet
  facet normal -0.19494 0 0.980815
    outer loop
      vertex 16.3695 80.4 43.9914
      vertex 16.2412 84.45 43.9659
      vertex 16.2412 80.4 43.9659
    endloop
  endfacet
  facet normal -0.659749 0 0.751486
    outer loop
      vertex 15.7929 78.8 43.7071
      vertex 15.8912 78.5 43.7934
      vertex 15.8912 78.8 43.7934
    endloop
  endfacet
  facet normal -0.659749 0 0.751486
    outer loop
      vertex 15.8912 78.5 43.7934
      vertex 15.7929 78.8 43.7071
      vertex 15.7929 78.5 43.7071
    endloop
  endfacet
  facet normal -0.659749 0 0.751486
    outer loop
      vertex 15.7929 84.45 43.7071
      vertex 15.8912 80.4 43.7934
      vertex 15.8912 84.45 43.7934
    endloop
  endfacet
  facet normal -0.659749 0 0.751486
    outer loop
      vertex 15.8912 80.4 43.7934
      vertex 15.7929 84.45 43.7071
      vertex 15.7929 80.4 43.7071
    endloop
  endfacet
  facet normal -0.947066 0 0.321039
    outer loop
      vertex 15.5341 78.5 43.2588
      vertex 15.5761 78.8 43.3827
      vertex 15.5341 78.8 43.2588
    endloop
  endfacet
  facet normal -0.947066 0 0.321039
    outer loop
      vertex 15.5761 78.8 43.3827
      vertex 15.5341 78.5 43.2588
      vertex 15.5761 78.5 43.3827
    endloop
  endfacet
  facet normal -0.947066 0 0.321039
    outer loop
      vertex 15.5341 80.4 43.2588
      vertex 15.5761 84.45 43.3827
      vertex 15.5341 84.45 43.2588
    endloop
  endfacet
  facet normal -0.947066 0 0.321039
    outer loop
      vertex 15.5761 84.45 43.3827
      vertex 15.5341 80.4 43.2588
      vertex 15.5761 80.4 43.3827
    endloop
  endfacet
  facet normal -0.980815 0 0.19494
    outer loop
      vertex 15.5086 78.5 43.1305
      vertex 15.5341 78.8 43.2588
      vertex 15.5086 78.8 43.1305
    endloop
  endfacet
  facet normal -0.980815 0 0.19494
    outer loop
      vertex 15.5341 78.8 43.2588
      vertex 15.5086 78.5 43.1305
      vertex 15.5341 78.5 43.2588
    endloop
  endfacet
  facet normal -0.980815 0 0.19494
    outer loop
      vertex 15.5086 80.4 43.1305
      vertex 15.5341 84.45 43.2588
      vertex 15.5086 84.45 43.1305
    endloop
  endfacet
  facet normal -0.980815 0 0.19494
    outer loop
      vertex 15.5341 84.45 43.2588
      vertex 15.5086 80.4 43.1305
      vertex 15.5341 80.4 43.2588
    endloop
  endfacet
  facet normal -0.896709 0 0.442621
    outer loop
      vertex 15.5761 78.5 43.3827
      vertex 15.634 78.8 43.5
      vertex 15.5761 78.8 43.3827
    endloop
  endfacet
  facet normal -0.896709 0 0.442621
    outer loop
      vertex 15.634 78.8 43.5
      vertex 15.5761 78.5 43.3827
      vertex 15.634 78.5 43.5
    endloop
  endfacet
  facet normal -0.896709 0 0.442621
    outer loop
      vertex 15.5761 80.4 43.3827
      vertex 15.634 84.45 43.5
      vertex 15.5761 84.45 43.3827
    endloop
  endfacet
  facet normal -0.896709 0 0.442621
    outer loop
      vertex 15.634 84.45 43.5
      vertex 15.5761 80.4 43.3827
      vertex 15.634 80.4 43.5
    endloop
  endfacet
  facet normal 0.321039 0 0.947066
    outer loop
      vertex 16.7588 78.8 43.9659
      vertex 16.8827 78.5 43.9239
      vertex 16.8827 78.8 43.9239
    endloop
  endfacet
  facet normal 0.321039 0 0.947066
    outer loop
      vertex 16.8827 78.5 43.9239
      vertex 16.7588 78.8 43.9659
      vertex 16.7588 78.5 43.9659
    endloop
  endfacet
  facet normal 0.321039 0 0.947066
    outer loop
      vertex 16.7588 84.45 43.9659
      vertex 16.8827 80.4 43.9239
      vertex 16.8827 84.45 43.9239
    endloop
  endfacet
  facet normal 0.321039 0 0.947066
    outer loop
      vertex 16.8827 80.4 43.9239
      vertex 16.7588 84.45 43.9659
      vertex 16.7588 80.4 43.9659
    endloop
  endfacet
  facet normal 0.19494 0 0.980815
    outer loop
      vertex 16.6305 78.8 43.9914
      vertex 16.7588 78.5 43.9659
      vertex 16.7588 78.8 43.9659
    endloop
  endfacet
  facet normal 0.19494 0 0.980815
    outer loop
      vertex 16.7588 78.5 43.9659
      vertex 16.6305 78.8 43.9914
      vertex 16.6305 78.5 43.9914
    endloop
  endfacet
  facet normal 0.19494 0 0.980815
    outer loop
      vertex 16.6305 84.45 43.9914
      vertex 16.7588 80.4 43.9659
      vertex 16.7588 84.45 43.9659
    endloop
  endfacet
  facet normal 0.19494 0 0.980815
    outer loop
      vertex 16.7588 80.4 43.9659
      vertex 16.6305 84.45 43.9914
      vertex 16.6305 80.4 43.9914
    endloop
  endfacet
  facet normal 0.659749 0 0.751486
    outer loop
      vertex 17.1088 78.8 43.7934
      vertex 17.2071 78.5 43.7071
      vertex 17.2071 78.8 43.7071
    endloop
  endfacet
  facet normal 0.659749 0 0.751486
    outer loop
      vertex 17.2071 78.5 43.7071
      vertex 17.1088 78.8 43.7934
      vertex 17.1088 78.5 43.7934
    endloop
  endfacet
  facet normal 0.659749 0 0.751486
    outer loop
      vertex 17.1088 84.45 43.7934
      vertex 17.2071 80.4 43.7071
      vertex 17.2071 84.45 43.7071
    endloop
  endfacet
  facet normal 0.659749 0 0.751486
    outer loop
      vertex 17.2071 80.4 43.7071
      vertex 17.1088 84.45 43.7934
      vertex 17.1088 80.4 43.7934
    endloop
  endfacet
  facet normal -0.0657577 0 0.997836
    outer loop
      vertex 16.3695 78.8 43.9914
      vertex 16.5 78.5 44
      vertex 16.5 78.8 44
    endloop
  endfacet
  facet normal -0.0657577 0 0.997836
    outer loop
      vertex 16.5 78.5 44
      vertex 16.3695 78.8 43.9914
      vertex 16.3695 78.5 43.9914
    endloop
  endfacet
  facet normal -0.0657577 0 0.997836
    outer loop
      vertex 16.3695 84.45 43.9914
      vertex 16.5 80.4 44
      vertex 16.5 84.45 44
    endloop
  endfacet
  facet normal -0.0657577 0 0.997836
    outer loop
      vertex 16.5 80.4 44
      vertex 16.3695 84.45 43.9914
      vertex 16.3695 80.4 43.9914
    endloop
  endfacet
  facet normal -0.321039 0 0.947066
    outer loop
      vertex 16.1173 78.8 43.9239
      vertex 16.2412 78.5 43.9659
      vertex 16.2412 78.8 43.9659
    endloop
  endfacet
  facet normal -0.321039 0 0.947066
    outer loop
      vertex 16.2412 78.5 43.9659
      vertex 16.1173 78.8 43.9239
      vertex 16.1173 78.5 43.9239
    endloop
  endfacet
  facet normal -0.321039 0 0.947066
    outer loop
      vertex 16.1173 84.45 43.9239
      vertex 16.2412 80.4 43.9659
      vertex 16.2412 84.45 43.9659
    endloop
  endfacet
  facet normal -0.321039 0 0.947066
    outer loop
      vertex 16.2412 80.4 43.9659
      vertex 16.1173 84.45 43.9239
      vertex 16.1173 80.4 43.9239
    endloop
  endfacet
  facet normal -0.555053 0 0.831815
    outer loop
      vertex 15.8912 78.8 43.7934
      vertex 16 78.5 43.866
      vertex 16 78.8 43.866
    endloop
  endfacet
  facet normal -0.555053 0 0.831815
    outer loop
      vertex 16 78.5 43.866
      vertex 15.8912 78.8 43.7934
      vertex 15.8912 78.5 43.7934
    endloop
  endfacet
  facet normal -0.555053 0 0.831815
    outer loop
      vertex 15.8912 84.45 43.7934
      vertex 16 80.4 43.866
      vertex 16 84.45 43.866
    endloop
  endfacet
  facet normal -0.555053 0 0.831815
    outer loop
      vertex 16 80.4 43.866
      vertex 15.8912 84.45 43.7934
      vertex 15.8912 80.4 43.7934
    endloop
  endfacet
  facet normal -0.751486 0 0.659749
    outer loop
      vertex 15.7066 78.5 43.6088
      vertex 15.7929 78.8 43.7071
      vertex 15.7066 78.8 43.6088
    endloop
  endfacet
  facet normal -0.751486 0 0.659749
    outer loop
      vertex 15.7929 78.8 43.7071
      vertex 15.7066 78.5 43.6088
      vertex 15.7929 78.5 43.7071
    endloop
  endfacet
  facet normal -0.751486 0 0.659749
    outer loop
      vertex 15.7066 80.4 43.6088
      vertex 15.7929 84.45 43.7071
      vertex 15.7066 84.45 43.6088
    endloop
  endfacet
  facet normal -0.751486 0 0.659749
    outer loop
      vertex 15.7929 84.45 43.7071
      vertex 15.7066 80.4 43.6088
      vertex 15.7929 80.4 43.7071
    endloop
  endfacet
  facet normal -0.442621 0 0.896709
    outer loop
      vertex 16 78.8 43.866
      vertex 16.1173 78.5 43.9239
      vertex 16.1173 78.8 43.9239
    endloop
  endfacet
  facet normal -0.442621 0 0.896709
    outer loop
      vertex 16.1173 78.5 43.9239
      vertex 16 78.8 43.866
      vertex 16 78.5 43.866
    endloop
  endfacet
  facet normal -0.442621 0 0.896709
    outer loop
      vertex 16 84.45 43.866
      vertex 16.1173 80.4 43.9239
      vertex 16.1173 84.45 43.9239
    endloop
  endfacet
  facet normal -0.442621 0 0.896709
    outer loop
      vertex 16.1173 80.4 43.9239
      vertex 16 84.45 43.866
      vertex 16 80.4 43.866
    endloop
  endfacet
  facet normal 0.997862 0 -0.0653521
    outer loop
      vertex 18.5 84.45 43
      vertex 18.4829 86.05 42.7389
      vertex 18.5 86.05 43
    endloop
  endfacet
  facet normal 0.997862 0 -0.0653521
    outer loop
      vertex 18.4829 86.05 42.7389
      vertex 18.5 84.45 43
      vertex 18.4829 84.45 42.7389
    endloop
  endfacet
  facet normal -0.0653521 0 -0.997862
    outer loop
      vertex 16.2389 84.45 41.0171
      vertex 16.5 86.05 41
      vertex 16.5 84.45 41
    endloop
  endfacet
  facet normal -0.0653521 0 -0.997862
    outer loop
      vertex 16.5 86.05 41
      vertex 16.2389 84.45 41.0171
      vertex 16.2389 86.05 41.0171
    endloop
  endfacet
  facet normal 0.659343 0 -0.751842
    outer loop
      vertex 17.7175 84.45 41.4133
      vertex 17.9142 86.05 41.5858
      vertex 17.9142 84.45 41.5858
    endloop
  endfacet
  facet normal 0.659343 0 -0.751842
    outer loop
      vertex 17.9142 86.05 41.5858
      vertex 17.7175 84.45 41.4133
      vertex 17.7175 86.05 41.4133
    endloop
  endfacet
  facet normal -0.751842 0 -0.659343
    outer loop
      vertex 15.0858 84.45 41.5858
      vertex 14.9133 86.05 41.7825
      vertex 15.0858 86.05 41.5858
    endloop
  endfacet
  facet normal -0.751842 -0 -0.659343
    outer loop
      vertex 14.9133 86.05 41.7825
      vertex 15.0858 84.45 41.5858
      vertex 14.9133 84.45 41.7825
    endloop
  endfacet
  facet normal -0.442314 0 -0.89686
    outer loop
      vertex 15.5 84.45 41.2679
      vertex 15.7346 86.05 41.1522
      vertex 15.7346 84.45 41.1522
    endloop
  endfacet
  facet normal -0.442314 0 -0.89686
    outer loop
      vertex 15.7346 86.05 41.1522
      vertex 15.5 84.45 41.2679
      vertex 15.5 86.05 41.2679
    endloop
  endfacet
  facet normal 0.896709 0 -0.442621
    outer loop
      vertex 18.3478 84.45 42.2346
      vertex 18.232 86.05 42
      vertex 18.3478 86.05 42.2346
    endloop
  endfacet
  facet normal 0.896709 0 -0.442621
    outer loop
      vertex 18.232 86.05 42
      vertex 18.3478 84.45 42.2346
      vertex 18.232 84.45 42
    endloop
  endfacet
  facet normal 0.980801 0 -0.195013
    outer loop
      vertex 18.4829 84.45 42.7389
      vertex 18.4319 86.05 42.4824
      vertex 18.4829 86.05 42.7389
    endloop
  endfacet
  facet normal 0.980801 0 -0.195013
    outer loop
      vertex 18.4319 86.05 42.4824
      vertex 18.4829 84.45 42.7389
      vertex 18.4319 84.45 42.4824
    endloop
  endfacet
  facet normal 0.831521 0 -0.555494
    outer loop
      vertex 18.232 84.45 42
      vertex 18.0867 86.05 41.7825
      vertex 18.232 86.05 42
    endloop
  endfacet
  facet normal 0.831521 0 -0.555494
    outer loop
      vertex 18.0867 86.05 41.7825
      vertex 18.232 84.45 42
      vertex 18.0867 84.45 41.7825
    endloop
  endfacet
  facet normal 0.321382 0 -0.94695
    outer loop
      vertex 17.0176 84.45 41.0681
      vertex 17.2654 86.05 41.1522
      vertex 17.2654 84.45 41.1522
    endloop
  endfacet
  facet normal 0.321382 0 -0.94695
    outer loop
      vertex 17.2654 86.05 41.1522
      vertex 17.0176 84.45 41.0681
      vertex 17.0176 86.05 41.0681
    endloop
  endfacet
  facet normal 0.195013 0 -0.980801
    outer loop
      vertex 16.7611 84.45 41.0171
      vertex 17.0176 86.05 41.0681
      vertex 17.0176 84.45 41.0681
    endloop
  endfacet
  facet normal 0.195013 0 -0.980801
    outer loop
      vertex 17.0176 86.05 41.0681
      vertex 16.7611 84.45 41.0171
      vertex 16.7611 86.05 41.0171
    endloop
  endfacet
  facet normal 0.555758 0 -0.831344
    outer loop
      vertex 17.5 84.45 41.2679
      vertex 17.7175 86.05 41.4133
      vertex 17.7175 84.45 41.4133
    endloop
  endfacet
  facet normal 0.555758 0 -0.831344
    outer loop
      vertex 17.7175 86.05 41.4133
      vertex 17.5 84.45 41.2679
      vertex 17.5 86.05 41.2679
    endloop
  endfacet
  facet normal -0.94695 0 -0.321382
    outer loop
      vertex 14.6522 84.45 42.2346
      vertex 14.5681 86.05 42.4824
      vertex 14.6522 86.05 42.2346
    endloop
  endfacet
  facet normal -0.94695 -0 -0.321382
    outer loop
      vertex 14.5681 86.05 42.4824
      vertex 14.6522 84.45 42.2346
      vertex 14.5681 84.45 42.4824
    endloop
  endfacet
  facet normal -0.89686 0 -0.442314
    outer loop
      vertex 14.7679 84.45 42
      vertex 14.6522 86.05 42.2346
      vertex 14.7679 86.05 42
    endloop
  endfacet
  facet normal -0.89686 -0 -0.442314
    outer loop
      vertex 14.6522 86.05 42.2346
      vertex 14.7679 84.45 42
      vertex 14.6522 84.45 42.2346
    endloop
  endfacet
  facet normal -0.980801 0 -0.195013
    outer loop
      vertex 14.5681 84.45 42.4824
      vertex 14.5171 86.05 42.7389
      vertex 14.5681 86.05 42.4824
    endloop
  endfacet
  facet normal -0.980801 -0 -0.195013
    outer loop
      vertex 14.5171 86.05 42.7389
      vertex 14.5681 84.45 42.4824
      vertex 14.5171 84.45 42.7389
    endloop
  endfacet
  facet normal -0.997862 0 0.0653521
    outer loop
      vertex 14.5 84.45 43
      vertex 14.5171 86.05 43.2611
      vertex 14.5 86.05 43
    endloop
  endfacet
  facet normal -0.997862 0 0.0653521
    outer loop
      vertex 14.5171 86.05 43.2611
      vertex 14.5 84.45 43
      vertex 14.5171 84.45 43.2611
    endloop
  endfacet
  facet normal -0.555758 0 -0.831344
    outer loop
      vertex 15.2825 84.45 41.4133
      vertex 15.5 86.05 41.2679
      vertex 15.5 84.45 41.2679
    endloop
  endfacet
  facet normal -0.555758 0 -0.831344
    outer loop
      vertex 15.5 86.05 41.2679
      vertex 15.2825 84.45 41.4133
      vertex 15.2825 86.05 41.4133
    endloop
  endfacet
  facet normal -0.195013 0 -0.980801
    outer loop
      vertex 15.9824 84.45 41.0681
      vertex 16.2389 86.05 41.0171
      vertex 16.2389 84.45 41.0171
    endloop
  endfacet
  facet normal -0.195013 0 -0.980801
    outer loop
      vertex 16.2389 86.05 41.0171
      vertex 15.9824 84.45 41.0681
      vertex 15.9824 86.05 41.0681
    endloop
  endfacet
  facet normal 0.831521 -0 0.555494
    outer loop
      vertex 18.0867 84.45 44.2175
      vertex 18.232 86.05 44
      vertex 18.0867 86.05 44.2175
    endloop
  endfacet
  facet normal 0.831521 0 0.555494
    outer loop
      vertex 18.232 86.05 44
      vertex 18.0867 84.45 44.2175
      vertex 18.232 84.45 44
    endloop
  endfacet
  facet normal 0.997862 -0 0.0653521
    outer loop
      vertex 18.4829 84.45 43.2611
      vertex 18.5 86.05 43
      vertex 18.4829 86.05 43.2611
    endloop
  endfacet
  facet normal 0.997862 0 0.0653521
    outer loop
      vertex 18.5 86.05 43
      vertex 18.4829 84.45 43.2611
      vertex 18.5 84.45 43
    endloop
  endfacet
  facet normal 0.195013 0 0.980801
    outer loop
      vertex 16.7611 86.05 44.9829
      vertex 17.0176 84.45 44.9319
      vertex 17.0176 86.05 44.9319
    endloop
  endfacet
  facet normal 0.195013 0 0.980801
    outer loop
      vertex 17.0176 84.45 44.9319
      vertex 16.7611 86.05 44.9829
      vertex 16.7611 84.45 44.9829
    endloop
  endfacet
  facet normal 0.94695 0 -0.321382
    outer loop
      vertex 18.4319 84.45 42.4824
      vertex 18.3478 86.05 42.2346
      vertex 18.4319 86.05 42.4824
    endloop
  endfacet
  facet normal 0.94695 0 -0.321382
    outer loop
      vertex 18.3478 86.05 42.2346
      vertex 18.4319 84.45 42.4824
      vertex 18.3478 84.45 42.2346
    endloop
  endfacet
  facet normal 0.751842 0 -0.659343
    outer loop
      vertex 18.0867 84.45 41.7825
      vertex 17.9142 86.05 41.5858
      vertex 18.0867 86.05 41.7825
    endloop
  endfacet
  facet normal 0.751842 0 -0.659343
    outer loop
      vertex 17.9142 86.05 41.5858
      vertex 18.0867 84.45 41.7825
      vertex 17.9142 84.45 41.5858
    endloop
  endfacet
  facet normal 0.0653521 0 -0.997862
    outer loop
      vertex 16.5 84.45 41
      vertex 16.7611 86.05 41.0171
      vertex 16.7611 84.45 41.0171
    endloop
  endfacet
  facet normal 0.0653521 0 -0.997862
    outer loop
      vertex 16.7611 86.05 41.0171
      vertex 16.5 84.45 41
      vertex 16.5 86.05 41
    endloop
  endfacet
  facet normal 0 -1 0
    outer loop
      vertex 16.2389 84.45 44.9829
      vertex 16.3695 84.45 43.9914
      vertex 16.5 84.45 44
    endloop
  endfacet
  facet normal 0 -1 0
    outer loop
      vertex 14.9133 84.45 44.2175
      vertex 16.2412 84.45 43.9659
      vertex 16.3695 84.45 43.9914
    endloop
  endfacet
  facet normal 0 -1 0
    outer loop
      vertex 14.9133 84.45 44.2175
      vertex 16.1173 84.45 43.9239
      vertex 16.2412 84.45 43.9659
    endloop
  endfacet
  facet normal 0 -1 0
    outer loop
      vertex 14.9133 84.45 44.2175
      vertex 16 84.45 43.866
      vertex 16.1173 84.45 43.9239
    endloop
  endfacet
  facet normal 0 -1 0
    outer loop
      vertex 14.9133 84.45 44.2175
      vertex 15.8912 84.45 43.7934
      vertex 16 84.45 43.866
    endloop
  endfacet
  facet normal 0 -1 0
    outer loop
      vertex 15.634 84.45 43.5
      vertex 14.7679 84.45 44
      vertex 14.6522 84.45 43.7654
    endloop
  endfacet
  facet normal 0 -1 0
    outer loop
      vertex 14.9133 84.45 44.2175
      vertex 15.7929 84.45 43.7071
      vertex 15.8912 84.45 43.7934
    endloop
  endfacet
  facet normal 0 -1 0
    outer loop
      vertex 14.9133 84.45 44.2175
      vertex 15.7066 84.45 43.6088
      vertex 15.7929 84.45 43.7071
    endloop
  endfacet
  facet normal 0 -1 0
    outer loop
      vertex 15.5761 84.45 43.3827
      vertex 14.6522 84.45 43.7654
      vertex 14.5681 84.45 43.5176
    endloop
  endfacet
  facet normal 0 -1 0
    outer loop
      vertex 14.7679 84.45 44
      vertex 15.634 84.45 43.5
      vertex 15.7066 84.45 43.6088
    endloop
  endfacet
  facet normal 0 -1 0
    outer loop
      vertex 14.6522 84.45 43.7654
      vertex 15.5761 84.45 43.3827
      vertex 15.634 84.45 43.5
    endloop
  endfacet
  facet normal 0 -1 0
    outer loop
      vertex 15.5341 84.45 43.2588
      vertex 14.5681 84.45 43.5176
      vertex 14.5171 84.45 43.2611
    endloop
  endfacet
  facet normal 0 -1 0
    outer loop
      vertex 14.5681 84.45 43.5176
      vertex 15.5341 84.45 43.2588
      vertex 15.5761 84.45 43.3827
    endloop
  endfacet
  facet normal 0 -1 0
    outer loop
      vertex 14.5171 84.45 43.2611
      vertex 15.5086 84.45 43.1305
      vertex 15.5341 84.45 43.2588
    endloop
  endfacet
  facet normal 0 -1 0
    outer loop
      vertex 14.5 84.45 43
      vertex 15.5086 84.45 43.1305
      vertex 14.5171 84.45 43.2611
    endloop
  endfacet
  facet normal 0 -1 0
    outer loop
      vertex 14.5 84.45 43
      vertex 15.5 84.45 43
      vertex 15.5086 84.45 43.1305
    endloop
  endfacet
  facet normal 0 -1 0
    outer loop
      vertex 14.5 84.45 43
      vertex 15.5086 84.45 42.8695
      vertex 15.5 84.45 43
    endloop
  endfacet
  facet normal 0 -1 0
    outer loop
      vertex 14.5171 84.45 42.7389
      vertex 15.5086 84.45 42.8695
      vertex 14.5 84.45 43
    endloop
  endfacet
  facet normal 0 -1 -0
    outer loop
      vertex 15.5086 84.45 42.8695
      vertex 14.5171 84.45 42.7389
      vertex 15.5341 84.45 42.7412
    endloop
  endfacet
  facet normal 0 -1 0
    outer loop
      vertex 14.5681 84.45 42.4824
      vertex 15.5341 84.45 42.7412
      vertex 14.5171 84.45 42.7389
    endloop
  endfacet
  facet normal 0 -1 -0
    outer loop
      vertex 15.5341 84.45 42.7412
      vertex 14.5681 84.45 42.4824
      vertex 15.5761 84.45 42.6173
    endloop
  endfacet
  facet normal 0 -1 0
    outer loop
      vertex 14.6522 84.45 42.2346
      vertex 15.5761 84.45 42.6173
      vertex 14.5681 84.45 42.4824
    endloop
  endfacet
  facet normal 0 -1 -0
    outer loop
      vertex 15.5761 84.45 42.6173
      vertex 14.6522 84.45 42.2346
      vertex 15.634 84.45 42.5
    endloop
  endfacet
  facet normal 0 -1 0
    outer loop
      vertex 14.7679 84.45 42
      vertex 15.634 84.45 42.5
      vertex 14.6522 84.45 42.2346
    endloop
  endfacet
  facet normal 0 -1 -0
    outer loop
      vertex 15.634 84.45 42.5
      vertex 14.7679 84.45 42
      vertex 15.7066 84.45 42.3912
    endloop
  endfacet
  facet normal 0 -1 0
    outer loop
      vertex 14.9133 84.45 41.7825
      vertex 15.7066 84.45 42.3912
      vertex 14.7679 84.45 42
    endloop
  endfacet
  facet normal 0 -1 -0
    outer loop
      vertex 15.7066 84.45 42.3912
      vertex 14.9133 84.45 41.7825
      vertex 15.7929 84.45 42.2929
    endloop
  endfacet
  facet normal 0 -1 0
    outer loop
      vertex 15.0858 84.45 41.5858
      vertex 15.7929 84.45 42.2929
      vertex 14.9133 84.45 41.7825
    endloop
  endfacet
  facet normal 0 -1 -0
    outer loop
      vertex 15.7929 84.45 42.2929
      vertex 15.0858 84.45 41.5858
      vertex 15.8912 84.45 42.2066
    endloop
  endfacet
  facet normal 0 -1 0
    outer loop
      vertex 15.2825 84.45 41.4133
      vertex 15.8912 84.45 42.2066
      vertex 15.0858 84.45 41.5858
    endloop
  endfacet
  facet normal 0 -1 -0
    outer loop
      vertex 15.8912 84.45 42.2066
      vertex 15.2825 84.45 41.4133
      vertex 16 84.45 42.134
    endloop
  endfacet
  facet normal 0 -1 0
    outer loop
      vertex 15.5 84.45 41.2679
      vertex 16 84.45 42.134
      vertex 15.2825 84.45 41.4133
    endloop
  endfacet
  facet normal 0 -1 -0
    outer loop
      vertex 16 84.45 42.134
      vertex 15.5 84.45 41.2679
      vertex 16.1173 84.45 42.0761
    endloop
  endfacet
  facet normal 0 -1 0
    outer loop
      vertex 15.7346 84.45 41.1522
      vertex 16.1173 84.45 42.0761
      vertex 15.5 84.45 41.2679
    endloop
  endfacet
  facet normal 0 -1 0
    outer loop
      vertex 16.5 84.45 42
      vertex 18.0867 84.45 41.7825
      vertex 18.232 84.45 42
    endloop
  endfacet
  facet normal 0 -1 -0
    outer loop
      vertex 16.1173 84.45 42.0761
      vertex 15.7346 84.45 41.1522
      vertex 16.2412 84.45 42.0341
    endloop
  endfacet
  facet normal 0 -1 0
    outer loop
      vertex 16.5 84.45 42
      vertex 17.9142 84.45 41.5858
      vertex 18.0867 84.45 41.7825
    endloop
  endfacet
  facet normal 0 -1 0
    outer loop
      vertex 15.9824 84.45 41.0681
      vertex 16.2412 84.45 42.0341
      vertex 15.7346 84.45 41.1522
    endloop
  endfacet
  facet normal 0 -1 0
    outer loop
      vertex 16.5 84.45 42
      vertex 17.7175 84.45 41.4133
      vertex 17.9142 84.45 41.5858
    endloop
  endfacet
  facet normal 0 -1 -0
    outer loop
      vertex 16.2412 84.45 42.0341
      vertex 15.9824 84.45 41.0681
      vertex 16.3695 84.45 42.0086
    endloop
  endfacet
  facet normal 0 -1 0
    outer loop
      vertex 16.5 84.45 42
      vertex 17.5 84.45 41.2679
      vertex 17.7175 84.45 41.4133
    endloop
  endfacet
  facet normal 0 -1 0
    outer loop
      vertex 16.2389 84.45 41.0171
      vertex 16.3695 84.45 42.0086
      vertex 15.9824 84.45 41.0681
    endloop
  endfacet
  facet normal 0 -1 0
    outer loop
      vertex 16.5 84.45 42
      vertex 17.2654 84.45 41.1522
      vertex 17.5 84.45 41.2679
    endloop
  endfacet
  facet normal 0 -1 -0
    outer loop
      vertex 16.3695 84.45 42.0086
      vertex 16.2389 84.45 41.0171
      vertex 16.5 84.45 42
    endloop
  endfacet
  facet normal 0 -1 0
    outer loop
      vertex 16.5 84.45 42
      vertex 17.0176 84.45 41.0681
      vertex 17.2654 84.45 41.1522
    endloop
  endfacet
  facet normal 0 -1 0
    outer loop
      vertex 16.5 84.45 41
      vertex 16.5 84.45 42
      vertex 16.2389 84.45 41.0171
    endloop
  endfacet
  facet normal 0 -1 0
    outer loop
      vertex 16.5 84.45 42
      vertex 16.7611 84.45 41.0171
      vertex 17.0176 84.45 41.0681
    endloop
  endfacet
  facet normal 0 -1 0
    outer loop
      vertex 16.5 84.45 42
      vertex 16.5 84.45 41
      vertex 16.7611 84.45 41.0171
    endloop
  endfacet
  facet normal 0 -1 0
    outer loop
      vertex 16.5 84.45 44
      vertex 16.5 84.45 45
      vertex 16.2389 84.45 44.9829
    endloop
  endfacet
  facet normal 0 -1 0
    outer loop
      vertex 16.3695 84.45 43.9914
      vertex 16.2389 84.45 44.9829
      vertex 15.9824 84.45 44.9319
    endloop
  endfacet
  facet normal 0 -1 0
    outer loop
      vertex 16.5 84.45 45
      vertex 16.5 84.45 44
      vertex 16.7611 84.45 44.9829
    endloop
  endfacet
  facet normal 0 -1 0
    outer loop
      vertex 16.3695 84.45 43.9914
      vertex 15.9824 84.45 44.9319
      vertex 15.7346 84.45 44.8478
    endloop
  endfacet
  facet normal 0 -1 0
    outer loop
      vertex 16.6305 84.45 43.9914
      vertex 16.7611 84.45 44.9829
      vertex 16.5 84.45 44
    endloop
  endfacet
  facet normal 0 -1 0
    outer loop
      vertex 16.3695 84.45 43.9914
      vertex 15.7346 84.45 44.8478
      vertex 15.5 84.45 44.732
    endloop
  endfacet
  facet normal 0 -1 -0
    outer loop
      vertex 16.7611 84.45 44.9829
      vertex 16.6305 84.45 43.9914
      vertex 17.0176 84.45 44.9319
    endloop
  endfacet
  facet normal 0 -1 0
    outer loop
      vertex 16.3695 84.45 43.9914
      vertex 15.5 84.45 44.732
      vertex 15.2825 84.45 44.5867
    endloop
  endfacet
  facet normal 0 -1 0
    outer loop
      vertex 16.7588 84.45 43.9659
      vertex 17.0176 84.45 44.9319
      vertex 16.6305 84.45 43.9914
    endloop
  endfacet
  facet normal 0 -1 0
    outer loop
      vertex 16.3695 84.45 43.9914
      vertex 15.2825 84.45 44.5867
      vertex 15.0858 84.45 44.4142
    endloop
  endfacet
  facet normal 0 -1 -0
    outer loop
      vertex 17.0176 84.45 44.9319
      vertex 16.7588 84.45 43.9659
      vertex 17.2654 84.45 44.8478
    endloop
  endfacet
  facet normal 0 -1 0
    outer loop
      vertex 16.3695 84.45 43.9914
      vertex 15.0858 84.45 44.4142
      vertex 14.9133 84.45 44.2175
    endloop
  endfacet
  facet normal 0 -1 0
    outer loop
      vertex 16.8827 84.45 43.9239
      vertex 17.2654 84.45 44.8478
      vertex 16.7588 84.45 43.9659
    endloop
  endfacet
  facet normal 0 -1 0
    outer loop
      vertex 15.7066 84.45 43.6088
      vertex 14.9133 84.45 44.2175
      vertex 14.7679 84.45 44
    endloop
  endfacet
  facet normal 0 -1 -0
    outer loop
      vertex 17.2654 84.45 44.8478
      vertex 16.8827 84.45 43.9239
      vertex 17.5 84.45 44.732
    endloop
  endfacet
  facet normal 0 -1 0
    outer loop
      vertex 17 84.45 43.866
      vertex 17.5 84.45 44.732
      vertex 16.8827 84.45 43.9239
    endloop
  endfacet
  facet normal 0 -1 -0
    outer loop
      vertex 17.5 84.45 44.732
      vertex 17 84.45 43.866
      vertex 17.7175 84.45 44.5867
    endloop
  endfacet
  facet normal 0 -1 0
    outer loop
      vertex 17.1088 84.45 43.7934
      vertex 17.7175 84.45 44.5867
      vertex 17 84.45 43.866
    endloop
  endfacet
  facet normal 0 -1 -0
    outer loop
      vertex 17.7175 84.45 44.5867
      vertex 17.1088 84.45 43.7934
      vertex 17.9142 84.45 44.4142
    endloop
  endfacet
  facet normal 0 -1 0
    outer loop
      vertex 17.2071 84.45 43.7071
      vertex 17.9142 84.45 44.4142
      vertex 17.1088 84.45 43.7934
    endloop
  endfacet
  facet normal 0 -1 -0
    outer loop
      vertex 17.9142 84.45 44.4142
      vertex 17.2071 84.45 43.7071
      vertex 18.0867 84.45 44.2175
    endloop
  endfacet
  facet normal 0 -1 0
    outer loop
      vertex 17.2934 84.45 43.6088
      vertex 18.0867 84.45 44.2175
      vertex 17.2071 84.45 43.7071
    endloop
  endfacet
  facet normal 0 -1 -0
    outer loop
      vertex 18.0867 84.45 44.2175
      vertex 17.2934 84.45 43.6088
      vertex 18.232 84.45 44
    endloop
  endfacet
  facet normal 0 -1 0
    outer loop
      vertex 17.366 84.45 43.5
      vertex 18.232 84.45 44
      vertex 17.2934 84.45 43.6088
    endloop
  endfacet
  facet normal 0 -1 -0
    outer loop
      vertex 18.232 84.45 44
      vertex 17.366 84.45 43.5
      vertex 18.3478 84.45 43.7654
    endloop
  endfacet
  facet normal 0 -1 0
    outer loop
      vertex 17.4239 84.45 43.3827
      vertex 18.3478 84.45 43.7654
      vertex 17.366 84.45 43.5
    endloop
  endfacet
  facet normal 0 -1 -0
    outer loop
      vertex 18.3478 84.45 43.7654
      vertex 17.4239 84.45 43.3827
      vertex 18.4319 84.45 43.5176
    endloop
  endfacet
  facet normal 0 -1 0
    outer loop
      vertex 17.4659 84.45 43.2588
      vertex 18.4319 84.45 43.5176
      vertex 17.4239 84.45 43.3827
    endloop
  endfacet
  facet normal 0 -1 -0
    outer loop
      vertex 18.4319 84.45 43.5176
      vertex 17.4659 84.45 43.2588
      vertex 18.4829 84.45 43.2611
    endloop
  endfacet
  facet normal 0 -1 0
    outer loop
      vertex 17.4914 84.45 43.1305
      vertex 18.4829 84.45 43.2611
      vertex 17.4659 84.45 43.2588
    endloop
  endfacet
  facet normal 0 -1 0
    outer loop
      vertex 17.5 84.45 43
      vertex 18.4829 84.45 43.2611
      vertex 17.4914 84.45 43.1305
    endloop
  endfacet
  facet normal 0 -1 0
    outer loop
      vertex 17.5 84.45 43
      vertex 18.5 84.45 43
      vertex 18.4829 84.45 43.2611
    endloop
  endfacet
  facet normal 0 -1 0
    outer loop
      vertex 17.4914 84.45 42.8695
      vertex 18.5 84.45 43
      vertex 17.5 84.45 43
    endloop
  endfacet
  facet normal 0 -1 0
    outer loop
      vertex 18.4829 84.45 42.7389
      vertex 17.4914 84.45 42.8695
      vertex 17.4659 84.45 42.7412
    endloop
  endfacet
  facet normal 0 -1 0
    outer loop
      vertex 17.4914 84.45 42.8695
      vertex 18.4829 84.45 42.7389
      vertex 18.5 84.45 43
    endloop
  endfacet
  facet normal 0 -1 0
    outer loop
      vertex 18.4319 84.45 42.4824
      vertex 17.4659 84.45 42.7412
      vertex 17.4239 84.45 42.6173
    endloop
  endfacet
  facet normal 0 -1 0
    outer loop
      vertex 18.3478 84.45 42.2346
      vertex 17.4239 84.45 42.6173
      vertex 17.366 84.45 42.5
    endloop
  endfacet
  facet normal 0 -1 0
    outer loop
      vertex 17.4659 84.45 42.7412
      vertex 18.4319 84.45 42.4824
      vertex 18.4829 84.45 42.7389
    endloop
  endfacet
  facet normal 0 -1 0
    outer loop
      vertex 18.232 84.45 42
      vertex 17.366 84.45 42.5
      vertex 17.2934 84.45 42.3912
    endloop
  endfacet
  facet normal 0 -1 0
    outer loop
      vertex 18.232 84.45 42
      vertex 17.2934 84.45 42.3912
      vertex 17.2071 84.45 42.2929
    endloop
  endfacet
  facet normal 0 -1 0
    outer loop
      vertex 17.4239 84.45 42.6173
      vertex 18.3478 84.45 42.2346
      vertex 18.4319 84.45 42.4824
    endloop
  endfacet
  facet normal 0 -1 0
    outer loop
      vertex 18.232 84.45 42
      vertex 17.2071 84.45 42.2929
      vertex 17.1088 84.45 42.2066
    endloop
  endfacet
  facet normal 0 -1 0
    outer loop
      vertex 18.232 84.45 42
      vertex 17.1088 84.45 42.2066
      vertex 17 84.45 42.134
    endloop
  endfacet
  facet normal 0 -1 0
    outer loop
      vertex 18.232 84.45 42
      vertex 17 84.45 42.134
      vertex 16.8827 84.45 42.0761
    endloop
  endfacet
  facet normal 0 -1 0
    outer loop
      vertex 18.232 84.45 42
      vertex 16.8827 84.45 42.0761
      vertex 16.7588 84.45 42.0341
    endloop
  endfacet
  facet normal 0 -1 0
    outer loop
      vertex 18.232 84.45 42
      vertex 16.7588 84.45 42.0341
      vertex 16.6305 84.45 42.0086
    endloop
  endfacet
  facet normal 0 -1 0
    outer loop
      vertex 17.366 84.45 42.5
      vertex 18.232 84.45 42
      vertex 18.3478 84.45 42.2346
    endloop
  endfacet
  facet normal 0 -1 0
    outer loop
      vertex 18.232 84.45 42
      vertex 16.6305 84.45 42.0086
      vertex 16.5 84.45 42
    endloop
  endfacet
  facet normal -0.831344 0 -0.555758
    outer loop
      vertex 14.9133 84.45 41.7825
      vertex 14.7679 86.05 42
      vertex 14.9133 86.05 41.7825
    endloop
  endfacet
  facet normal -0.831344 -0 -0.555758
    outer loop
      vertex 14.7679 86.05 42
      vertex 14.9133 84.45 41.7825
      vertex 14.7679 84.45 42
    endloop
  endfacet
  facet normal -0.997862 0 -0.0653521
    outer loop
      vertex 14.5171 84.45 42.7389
      vertex 14.5 86.05 43
      vertex 14.5171 86.05 42.7389
    endloop
  endfacet
  facet normal -0.997862 -0 -0.0653521
    outer loop
      vertex 14.5 86.05 43
      vertex 14.5171 84.45 42.7389
      vertex 14.5 84.45 43
    endloop
  endfacet
  facet normal -0.659343 0 -0.751842
    outer loop
      vertex 15.0858 84.45 41.5858
      vertex 15.2825 86.05 41.4133
      vertex 15.2825 84.45 41.4133
    endloop
  endfacet
  facet normal -0.659343 0 -0.751842
    outer loop
      vertex 15.2825 86.05 41.4133
      vertex 15.0858 84.45 41.5858
      vertex 15.0858 86.05 41.5858
    endloop
  endfacet
  facet normal -0.321382 0 -0.94695
    outer loop
      vertex 15.7346 84.45 41.1522
      vertex 15.9824 86.05 41.0681
      vertex 15.9824 84.45 41.0681
    endloop
  endfacet
  facet normal -0.321382 0 -0.94695
    outer loop
      vertex 15.9824 86.05 41.0681
      vertex 15.7346 84.45 41.1522
      vertex 15.7346 86.05 41.1522
    endloop
  endfacet
  facet normal 0.555494 0 0.831521
    outer loop
      vertex 17.5 86.05 44.732
      vertex 17.7175 84.45 44.5867
      vertex 17.7175 86.05 44.5867
    endloop
  endfacet
  facet normal 0.555494 0 0.831521
    outer loop
      vertex 17.7175 84.45 44.5867
      vertex 17.5 86.05 44.732
      vertex 17.5 84.45 44.732
    endloop
  endfacet
  facet normal 0.980801 -0 0.195013
    outer loop
      vertex 18.4319 84.45 43.5176
      vertex 18.4829 86.05 43.2611
      vertex 18.4319 86.05 43.5176
    endloop
  endfacet
  facet normal 0.980801 0 0.195013
    outer loop
      vertex 18.4829 86.05 43.2611
      vertex 18.4319 84.45 43.5176
      vertex 18.4829 84.45 43.2611
    endloop
  endfacet
  facet normal -0.751842 0 0.659343
    outer loop
      vertex 14.9133 84.45 44.2175
      vertex 15.0858 86.05 44.4142
      vertex 14.9133 86.05 44.2175
    endloop
  endfacet
  facet normal -0.751842 0 0.659343
    outer loop
      vertex 15.0858 86.05 44.4142
      vertex 14.9133 84.45 44.2175
      vertex 15.0858 84.45 44.4142
    endloop
  endfacet
  facet normal -0.831344 0 0.555758
    outer loop
      vertex 14.7679 84.45 44
      vertex 14.9133 86.05 44.2175
      vertex 14.7679 86.05 44
    endloop
  endfacet
  facet normal -0.831344 0 0.555758
    outer loop
      vertex 14.9133 86.05 44.2175
      vertex 14.7679 84.45 44
      vertex 14.9133 84.45 44.2175
    endloop
  endfacet
  facet normal -0.980801 0 0.195013
    outer loop
      vertex 14.5171 84.45 43.2611
      vertex 14.5681 86.05 43.5176
      vertex 14.5171 86.05 43.2611
    endloop
  endfacet
  facet normal -0.980801 0 0.195013
    outer loop
      vertex 14.5681 86.05 43.5176
      vertex 14.5171 84.45 43.2611
      vertex 14.5681 84.45 43.5176
    endloop
  endfacet
  facet normal -0.89686 0 0.442314
    outer loop
      vertex 14.6522 84.45 43.7654
      vertex 14.7679 86.05 44
      vertex 14.6522 86.05 43.7654
    endloop
  endfacet
  facet normal -0.89686 0 0.442314
    outer loop
      vertex 14.7679 86.05 44
      vertex 14.6522 84.45 43.7654
      vertex 14.7679 84.45 44
    endloop
  endfacet
  facet normal 0.442621 0 0.896709
    outer loop
      vertex 17.2654 86.05 44.8478
      vertex 17.5 84.45 44.732
      vertex 17.5 86.05 44.732
    endloop
  endfacet
  facet normal 0.442621 0 0.896709
    outer loop
      vertex 17.5 84.45 44.732
      vertex 17.2654 86.05 44.8478
      vertex 17.2654 84.45 44.8478
    endloop
  endfacet
  facet normal 0.321382 0 0.94695
    outer loop
      vertex 17.0176 86.05 44.9319
      vertex 17.2654 84.45 44.8478
      vertex 17.2654 86.05 44.8478
    endloop
  endfacet
  facet normal 0.321382 0 0.94695
    outer loop
      vertex 17.2654 84.45 44.8478
      vertex 17.0176 86.05 44.9319
      vertex 17.0176 84.45 44.9319
    endloop
  endfacet
  facet normal 0.442314 0 -0.89686
    outer loop
      vertex 17.2654 84.45 41.1522
      vertex 17.5 86.05 41.2679
      vertex 17.5 84.45 41.2679
    endloop
  endfacet
  facet normal 0.442314 0 -0.89686
    outer loop
      vertex 17.5 86.05 41.2679
      vertex 17.2654 84.45 41.1522
      vertex 17.2654 86.05 41.1522
    endloop
  endfacet
  facet normal 0 1 0
    outer loop
      vertex 16.7611 86.05 44.9829
      vertex 16.2389 86.05 44.9829
      vertex 16.5 86.05 45
    endloop
  endfacet
  facet normal 0 1 0
    outer loop
      vertex 17.0176 86.05 44.9319
      vertex 16.2389 86.05 44.9829
      vertex 16.7611 86.05 44.9829
    endloop
  endfacet
  facet normal 0 1 0
    outer loop
      vertex 17.0176 86.05 44.9319
      vertex 15.9824 86.05 44.9319
      vertex 16.2389 86.05 44.9829
    endloop
  endfacet
  facet normal 0 1 0
    outer loop
      vertex 17.2654 86.05 44.8478
      vertex 15.9824 86.05 44.9319
      vertex 17.0176 86.05 44.9319
    endloop
  endfacet
  facet normal 0 1 0
    outer loop
      vertex 17.2654 86.05 44.8478
      vertex 15.7346 86.05 44.8478
      vertex 15.9824 86.05 44.9319
    endloop
  endfacet
  facet normal 0 1 0
    outer loop
      vertex 17.5 86.05 44.732
      vertex 15.7346 86.05 44.8478
      vertex 17.2654 86.05 44.8478
    endloop
  endfacet
  facet normal 0 1 0
    outer loop
      vertex 17.5 86.05 44.732
      vertex 15.5 86.05 44.732
      vertex 15.7346 86.05 44.8478
    endloop
  endfacet
  facet normal 0 1 0
    outer loop
      vertex 17.7175 86.05 44.5867
      vertex 15.5 86.05 44.732
      vertex 17.5 86.05 44.732
    endloop
  endfacet
  facet normal 0 1 0
    outer loop
      vertex 17.7175 86.05 44.5867
      vertex 15.2825 86.05 44.5867
      vertex 15.5 86.05 44.732
    endloop
  endfacet
  facet normal 0 1 0
    outer loop
      vertex 17.9142 86.05 44.4142
      vertex 15.2825 86.05 44.5867
      vertex 17.7175 86.05 44.5867
    endloop
  endfacet
  facet normal 0 1 0
    outer loop
      vertex 17.9142 86.05 44.4142
      vertex 15.0858 86.05 44.4142
      vertex 15.2825 86.05 44.5867
    endloop
  endfacet
  facet normal 0 1 0
    outer loop
      vertex 18.0867 86.05 44.2175
      vertex 15.0858 86.05 44.4142
      vertex 17.9142 86.05 44.4142
    endloop
  endfacet
  facet normal 0 1 0
    outer loop
      vertex 18.0867 86.05 44.2175
      vertex 14.9133 86.05 44.2175
      vertex 15.0858 86.05 44.4142
    endloop
  endfacet
  facet normal 0 1 0
    outer loop
      vertex 18.232 86.05 44
      vertex 14.9133 86.05 44.2175
      vertex 18.0867 86.05 44.2175
    endloop
  endfacet
  facet normal 0 1 0
    outer loop
      vertex 18.232 86.05 44
      vertex 14.7679 86.05 44
      vertex 14.9133 86.05 44.2175
    endloop
  endfacet
  facet normal 0 1 0
    outer loop
      vertex 18.3478 86.05 43.7654
      vertex 14.7679 86.05 44
      vertex 18.232 86.05 44
    endloop
  endfacet
  facet normal 0 1 0
    outer loop
      vertex 18.3478 86.05 43.7654
      vertex 14.6522 86.05 43.7654
      vertex 14.7679 86.05 44
    endloop
  endfacet
  facet normal 0 1 0
    outer loop
      vertex 18.4319 86.05 43.5176
      vertex 14.6522 86.05 43.7654
      vertex 18.3478 86.05 43.7654
    endloop
  endfacet
  facet normal 0 1 0
    outer loop
      vertex 18.4319 86.05 43.5176
      vertex 14.5681 86.05 43.5176
      vertex 14.6522 86.05 43.7654
    endloop
  endfacet
  facet normal 0 1 0
    outer loop
      vertex 18.4829 86.05 43.2611
      vertex 14.5681 86.05 43.5176
      vertex 18.4319 86.05 43.5176
    endloop
  endfacet
  facet normal 0 1 0
    outer loop
      vertex 18.4829 86.05 43.2611
      vertex 14.5171 86.05 43.2611
      vertex 14.5681 86.05 43.5176
    endloop
  endfacet
  facet normal 0 1 0
    outer loop
      vertex 18.5 86.05 43
      vertex 14.5171 86.05 43.2611
      vertex 18.4829 86.05 43.2611
    endloop
  endfacet
  facet normal 0 1 0
    outer loop
      vertex 18.5 86.05 43
      vertex 14.5 86.05 43
      vertex 14.5171 86.05 43.2611
    endloop
  endfacet
  facet normal 0 1 -0
    outer loop
      vertex 18.4829 86.05 42.7389
      vertex 14.5 86.05 43
      vertex 18.5 86.05 43
    endloop
  endfacet
  facet normal 0 1 0
    outer loop
      vertex 18.4829 86.05 42.7389
      vertex 14.5171 86.05 42.7389
      vertex 14.5 86.05 43
    endloop
  endfacet
  facet normal 0 1 -0
    outer loop
      vertex 18.4319 86.05 42.4824
      vertex 14.5171 86.05 42.7389
      vertex 18.4829 86.05 42.7389
    endloop
  endfacet
  facet normal 0 1 0
    outer loop
      vertex 18.4319 86.05 42.4824
      vertex 14.5681 86.05 42.4824
      vertex 14.5171 86.05 42.7389
    endloop
  endfacet
  facet normal 0 1 -0
    outer loop
      vertex 18.3478 86.05 42.2346
      vertex 14.5681 86.05 42.4824
      vertex 18.4319 86.05 42.4824
    endloop
  endfacet
  facet normal 0 1 0
    outer loop
      vertex 18.3478 86.05 42.2346
      vertex 14.6522 86.05 42.2346
      vertex 14.5681 86.05 42.4824
    endloop
  endfacet
  facet normal 0 1 -0
    outer loop
      vertex 18.232 86.05 42
      vertex 14.6522 86.05 42.2346
      vertex 18.3478 86.05 42.2346
    endloop
  endfacet
  facet normal 0 1 0
    outer loop
      vertex 18.232 86.05 42
      vertex 14.7679 86.05 42
      vertex 14.6522 86.05 42.2346
    endloop
  endfacet
  facet normal 0 1 -0
    outer loop
      vertex 18.0867 86.05 41.7825
      vertex 14.7679 86.05 42
      vertex 18.232 86.05 42
    endloop
  endfacet
  facet normal 0 1 0
    outer loop
      vertex 18.0867 86.05 41.7825
      vertex 14.9133 86.05 41.7825
      vertex 14.7679 86.05 42
    endloop
  endfacet
  facet normal 0 1 -0
    outer loop
      vertex 17.9142 86.05 41.5858
      vertex 14.9133 86.05 41.7825
      vertex 18.0867 86.05 41.7825
    endloop
  endfacet
  facet normal 0 1 0
    outer loop
      vertex 17.9142 86.05 41.5858
      vertex 15.0858 86.05 41.5858
      vertex 14.9133 86.05 41.7825
    endloop
  endfacet
  facet normal 0 1 -0
    outer loop
      vertex 17.7175 86.05 41.4133
      vertex 15.0858 86.05 41.5858
      vertex 17.9142 86.05 41.5858
    endloop
  endfacet
  facet normal 0 1 0
    outer loop
      vertex 17.7175 86.05 41.4133
      vertex 15.2825 86.05 41.4133
      vertex 15.0858 86.05 41.5858
    endloop
  endfacet
  facet normal 0 1 -0
    outer loop
      vertex 17.5 86.05 41.2679
      vertex 15.2825 86.05 41.4133
      vertex 17.7175 86.05 41.4133
    endloop
  endfacet
  facet normal 0 1 0
    outer loop
      vertex 17.5 86.05 41.2679
      vertex 15.5 86.05 41.2679
      vertex 15.2825 86.05 41.4133
    endloop
  endfacet
  facet normal 0 1 -0
    outer loop
      vertex 17.2654 86.05 41.1522
      vertex 15.5 86.05 41.2679
      vertex 17.5 86.05 41.2679
    endloop
  endfacet
  facet normal 0 1 0
    outer loop
      vertex 17.2654 86.05 41.1522
      vertex 15.7346 86.05 41.1522
      vertex 15.5 86.05 41.2679
    endloop
  endfacet
  facet normal 0 1 -0
    outer loop
      vertex 17.0176 86.05 41.0681
      vertex 15.7346 86.05 41.1522
      vertex 17.2654 86.05 41.1522
    endloop
  endfacet
  facet normal 0 1 0
    outer loop
      vertex 17.0176 86.05 41.0681
      vertex 15.9824 86.05 41.0681
      vertex 15.7346 86.05 41.1522
    endloop
  endfacet
  facet normal 0 1 -0
    outer loop
      vertex 16.7611 86.05 41.0171
      vertex 15.9824 86.05 41.0681
      vertex 17.0176 86.05 41.0681
    endloop
  endfacet
  facet normal 0 1 0
    outer loop
      vertex 16.7611 86.05 41.0171
      vertex 16.2389 86.05 41.0171
      vertex 15.9824 86.05 41.0681
    endloop
  endfacet
  facet normal -0 1 0
    outer loop
      vertex 16.2389 86.05 41.0171
      vertex 16.7611 86.05 41.0171
      vertex 16.5 86.05 41
    endloop
  endfacet
  facet normal 0.94695 -0 0.321382
    outer loop
      vertex 18.3478 84.45 43.7654
      vertex 18.4319 86.05 43.5176
      vertex 18.3478 86.05 43.7654
    endloop
  endfacet
  facet normal 0.94695 0 0.321382
    outer loop
      vertex 18.4319 86.05 43.5176
      vertex 18.3478 84.45 43.7654
      vertex 18.4319 84.45 43.5176
    endloop
  endfacet
  facet normal 0.896709 -0 0.442621
    outer loop
      vertex 18.232 84.45 44
      vertex 18.3478 86.05 43.7654
      vertex 18.232 86.05 44
    endloop
  endfacet
  facet normal 0.896709 0 0.442621
    outer loop
      vertex 18.3478 86.05 43.7654
      vertex 18.232 84.45 44
      vertex 18.3478 84.45 43.7654
    endloop
  endfacet
  facet normal 0.0653521 0 0.997862
    outer loop
      vertex 16.5 86.05 45
      vertex 16.7611 84.45 44.9829
      vertex 16.7611 86.05 44.9829
    endloop
  endfacet
  facet normal 0.0653521 0 0.997862
    outer loop
      vertex 16.7611 84.45 44.9829
      vertex 16.5 86.05 45
      vertex 16.5 84.45 45
    endloop
  endfacet
  facet normal -0.94695 0 0.321382
    outer loop
      vertex 14.5681 84.45 43.5176
      vertex 14.6522 86.05 43.7654
      vertex 14.5681 86.05 43.5176
    endloop
  endfacet
  facet normal -0.94695 0 0.321382
    outer loop
      vertex 14.6522 86.05 43.7654
      vertex 14.5681 84.45 43.5176
      vertex 14.6522 84.45 43.7654
    endloop
  endfacet
  facet normal 0.659343 0 0.751842
    outer loop
      vertex 17.7175 86.05 44.5867
      vertex 17.9142 84.45 44.4142
      vertex 17.9142 86.05 44.4142
    endloop
  endfacet
  facet normal 0.659343 0 0.751842
    outer loop
      vertex 17.9142 84.45 44.4142
      vertex 17.7175 86.05 44.5867
      vertex 17.7175 84.45 44.5867
    endloop
  endfacet
  facet normal 0.751842 -0 0.659343
    outer loop
      vertex 17.9142 84.45 44.4142
      vertex 18.0867 86.05 44.2175
      vertex 17.9142 86.05 44.4142
    endloop
  endfacet
  facet normal 0.751842 0 0.659343
    outer loop
      vertex 18.0867 86.05 44.2175
      vertex 17.9142 84.45 44.4142
      vertex 18.0867 84.45 44.2175
    endloop
  endfacet
  facet normal -0.195013 0 0.980801
    outer loop
      vertex 15.9824 86.05 44.9319
      vertex 16.2389 84.45 44.9829
      vertex 16.2389 86.05 44.9829
    endloop
  endfacet
  facet normal -0.195013 0 0.980801
    outer loop
      vertex 16.2389 84.45 44.9829
      vertex 15.9824 86.05 44.9319
      vertex 15.9824 84.45 44.9319
    endloop
  endfacet
  facet normal -0.442621 0 0.896709
    outer loop
      vertex 15.5 86.05 44.732
      vertex 15.7346 84.45 44.8478
      vertex 15.7346 86.05 44.8478
    endloop
  endfacet
  facet normal -0.442621 0 0.896709
    outer loop
      vertex 15.7346 84.45 44.8478
      vertex 15.5 86.05 44.732
      vertex 15.5 84.45 44.732
    endloop
  endfacet
  facet normal -0.321382 0 0.94695
    outer loop
      vertex 15.7346 86.05 44.8478
      vertex 15.9824 84.45 44.9319
      vertex 15.9824 86.05 44.9319
    endloop
  endfacet
  facet normal -0.321382 0 0.94695
    outer loop
      vertex 15.9824 84.45 44.9319
      vertex 15.7346 86.05 44.8478
      vertex 15.7346 84.45 44.8478
    endloop
  endfacet
  facet normal -0.555494 0 0.831521
    outer loop
      vertex 15.2825 86.05 44.5867
      vertex 15.5 84.45 44.732
      vertex 15.5 86.05 44.732
    endloop
  endfacet
  facet normal -0.555494 0 0.831521
    outer loop
      vertex 15.5 84.45 44.732
      vertex 15.2825 86.05 44.5867
      vertex 15.2825 84.45 44.5867
    endloop
  endfacet
  facet normal -0.659343 0 0.751842
    outer loop
      vertex 15.0858 86.05 44.4142
      vertex 15.2825 84.45 44.5867
      vertex 15.2825 86.05 44.5867
    endloop
  endfacet
  facet normal -0.659343 0 0.751842
    outer loop
      vertex 15.2825 84.45 44.5867
      vertex 15.0858 86.05 44.4142
      vertex 15.0858 84.45 44.4142
    endloop
  endfacet
  facet normal -0.0653521 0 0.997862
    outer loop
      vertex 16.2389 86.05 44.9829
      vertex 16.5 84.45 45
      vertex 16.5 86.05 45
    endloop
  endfacet
  facet normal -0.0653521 0 0.997862
    outer loop
      vertex 16.5 84.45 45
      vertex 16.2389 86.05 44.9829
      vertex 16.2389 84.45 44.9829
    endloop
  endfacet
  facet normal 0.866023 0 -0.500004
    outer loop
      vertex 18.81 78.8 43
      vertex 17.655 80.4 40.9995
      vertex 18.81 80.4 43
    endloop
  endfacet
  facet normal 0.866023 0 -0.500004
    outer loop
      vertex 17.655 80.4 40.9995
      vertex 18.81 78.8 43
      vertex 17.655 78.8 40.9995
    endloop
  endfacet
  facet normal -0.866023 0 -0.500004
    outer loop
      vertex 15.345 78.8 40.9995
      vertex 14.19 80.4 43
      vertex 15.345 80.4 40.9995
    endloop
  endfacet
  facet normal -0.866023 -0 -0.500004
    outer loop
      vertex 14.19 80.4 43
      vertex 15.345 78.8 40.9995
      vertex 14.19 78.8 43
    endloop
  endfacet
  facet normal 0 0 -1
    outer loop
      vertex 15.345 78.8 40.9995
      vertex 17.655 80.4 40.9995
      vertex 17.655 78.8 40.9995
    endloop
  endfacet
  facet normal -0 0 -1
    outer loop
      vertex 17.655 80.4 40.9995
      vertex 15.345 78.8 40.9995
      vertex 15.345 80.4 40.9995
    endloop
  endfacet
  facet normal 0 1 0
    outer loop
      vertex 17.655 80.4 45.0005
      vertex 16.5 80.4 44
      vertex 15.345 80.4 45.0005
    endloop
  endfacet
  facet normal 0 1 0
    outer loop
      vertex 17.655 80.4 45.0005
      vertex 16.6305 80.4 43.9914
      vertex 16.5 80.4 44
    endloop
  endfacet
  facet normal 0 1 0
    outer loop
      vertex 17.655 80.4 45.0005
      vertex 16.7588 80.4 43.9659
      vertex 16.6305 80.4 43.9914
    endloop
  endfacet
  facet normal 0 1 0
    outer loop
      vertex 17.655 80.4 45.0005
      vertex 16.8827 80.4 43.9239
      vertex 16.7588 80.4 43.9659
    endloop
  endfacet
  facet normal 0 1 0
    outer loop
      vertex 17.655 80.4 45.0005
      vertex 17 80.4 43.866
      vertex 16.8827 80.4 43.9239
    endloop
  endfacet
  facet normal 0 1 0
    outer loop
      vertex 17.655 80.4 45.0005
      vertex 17.1088 80.4 43.7934
      vertex 17 80.4 43.866
    endloop
  endfacet
  facet normal 0 1 0
    outer loop
      vertex 17.655 80.4 45.0005
      vertex 17.2071 80.4 43.7071
      vertex 17.1088 80.4 43.7934
    endloop
  endfacet
  facet normal 0 1 0
    outer loop
      vertex 17.655 80.4 45.0005
      vertex 17.2934 80.4 43.6088
      vertex 17.2071 80.4 43.7071
    endloop
  endfacet
  facet normal 0 1 0
    outer loop
      vertex 17.655 80.4 45.0005
      vertex 17.366 80.4 43.5
      vertex 17.2934 80.4 43.6088
    endloop
  endfacet
  facet normal 0 1 0
    outer loop
      vertex 18.81 80.4 43
      vertex 17.366 80.4 43.5
      vertex 17.655 80.4 45.0005
    endloop
  endfacet
  facet normal 0 1 0
    outer loop
      vertex 17.366 80.4 43.5
      vertex 18.81 80.4 43
      vertex 17.4239 80.4 43.3827
    endloop
  endfacet
  facet normal 0 1 0
    outer loop
      vertex 17.4239 80.4 43.3827
      vertex 18.81 80.4 43
      vertex 17.4659 80.4 43.2588
    endloop
  endfacet
  facet normal 0 1 0
    outer loop
      vertex 17.4659 80.4 43.2588
      vertex 18.81 80.4 43
      vertex 17.4914 80.4 43.1305
    endloop
  endfacet
  facet normal 0 1 0
    outer loop
      vertex 18.81 80.4 43
      vertex 17.5 80.4 43
      vertex 17.4914 80.4 43.1305
    endloop
  endfacet
  facet normal 0 1 0
    outer loop
      vertex 18.81 80.4 43
      vertex 17.4914 80.4 42.8695
      vertex 17.5 80.4 43
    endloop
  endfacet
  facet normal 0 1 0
    outer loop
      vertex 18.81 80.4 43
      vertex 17.4659 80.4 42.7412
      vertex 17.4914 80.4 42.8695
    endloop
  endfacet
  facet normal 0 1 0
    outer loop
      vertex 18.81 80.4 43
      vertex 17.4239 80.4 42.6173
      vertex 17.4659 80.4 42.7412
    endloop
  endfacet
  facet normal 0 1 0
    outer loop
      vertex 18.81 80.4 43
      vertex 17.366 80.4 42.5
      vertex 17.4239 80.4 42.6173
    endloop
  endfacet
  facet normal 0 1 -0
    outer loop
      vertex 17.655 80.4 40.9995
      vertex 17.366 80.4 42.5
      vertex 18.81 80.4 43
    endloop
  endfacet
  facet normal 0 1 0
    outer loop
      vertex 17.366 80.4 42.5
      vertex 17.655 80.4 40.9995
      vertex 17.2934 80.4 42.3912
    endloop
  endfacet
  facet normal 0 1 0
    outer loop
      vertex 17.2934 80.4 42.3912
      vertex 17.655 80.4 40.9995
      vertex 17.2071 80.4 42.2929
    endloop
  endfacet
  facet normal 0 1 0
    outer loop
      vertex 17.2071 80.4 42.2929
      vertex 17.655 80.4 40.9995
      vertex 17.1088 80.4 42.2066
    endloop
  endfacet
  facet normal 0 1 0
    outer loop
      vertex 17.1088 80.4 42.2066
      vertex 17.655 80.4 40.9995
      vertex 17 80.4 42.134
    endloop
  endfacet
  facet normal 0 1 0
    outer loop
      vertex 16.6305 80.4 42.0086
      vertex 17.655 80.4 40.9995
      vertex 16.5 80.4 42
    endloop
  endfacet
  facet normal 0 1 0
    outer loop
      vertex 16.7588 80.4 42.0341
      vertex 17.655 80.4 40.9995
      vertex 16.6305 80.4 42.0086
    endloop
  endfacet
  facet normal 0 1 0
    outer loop
      vertex 16.8827 80.4 42.0761
      vertex 17.655 80.4 40.9995
      vertex 16.7588 80.4 42.0341
    endloop
  endfacet
  facet normal 0 1 0
    outer loop
      vertex 17 80.4 42.134
      vertex 17.655 80.4 40.9995
      vertex 16.8827 80.4 42.0761
    endloop
  endfacet
  facet normal 0 1 -0
    outer loop
      vertex 16.3695 80.4 43.9914
      vertex 15.345 80.4 45.0005
      vertex 16.5 80.4 44
    endloop
  endfacet
  facet normal 0 1 -0
    outer loop
      vertex 16.2412 80.4 43.9659
      vertex 15.345 80.4 45.0005
      vertex 16.3695 80.4 43.9914
    endloop
  endfacet
  facet normal 0 1 -0
    outer loop
      vertex 16.1173 80.4 43.9239
      vertex 15.345 80.4 45.0005
      vertex 16.2412 80.4 43.9659
    endloop
  endfacet
  facet normal 0 1 -0
    outer loop
      vertex 16 80.4 43.866
      vertex 15.345 80.4 45.0005
      vertex 16.1173 80.4 43.9239
    endloop
  endfacet
  facet normal 0 1 -0
    outer loop
      vertex 15.8912 80.4 43.7934
      vertex 15.345 80.4 45.0005
      vertex 16 80.4 43.866
    endloop
  endfacet
  facet normal 0 1 -0
    outer loop
      vertex 15.7929 80.4 43.7071
      vertex 15.345 80.4 45.0005
      vertex 15.8912 80.4 43.7934
    endloop
  endfacet
  facet normal 0 1 -0
    outer loop
      vertex 15.7066 80.4 43.6088
      vertex 15.345 80.4 45.0005
      vertex 15.7929 80.4 43.7071
    endloop
  endfacet
  facet normal 0 1 -0
    outer loop
      vertex 15.634 80.4 43.5
      vertex 15.345 80.4 45.0005
      vertex 15.7066 80.4 43.6088
    endloop
  endfacet
  facet normal 0 1 0
    outer loop
      vertex 14.19 80.4 43
      vertex 15.634 80.4 43.5
      vertex 15.5761 80.4 43.3827
    endloop
  endfacet
  facet normal 0 1 0
    outer loop
      vertex 14.19 80.4 43
      vertex 15.5761 80.4 43.3827
      vertex 15.5341 80.4 43.2588
    endloop
  endfacet
  facet normal 0 1 0
    outer loop
      vertex 14.19 80.4 43
      vertex 15.5341 80.4 43.2588
      vertex 15.5086 80.4 43.1305
    endloop
  endfacet
  facet normal 0 1 0
    outer loop
      vertex 14.19 80.4 43
      vertex 15.5086 80.4 43.1305
      vertex 15.5 80.4 43
    endloop
  endfacet
  facet normal 0 1 0
    outer loop
      vertex 15.634 80.4 43.5
      vertex 14.19 80.4 43
      vertex 15.345 80.4 45.0005
    endloop
  endfacet
  facet normal 0 1 0
    outer loop
      vertex 15.5086 80.4 42.8695
      vertex 14.19 80.4 43
      vertex 15.5 80.4 43
    endloop
  endfacet
  facet normal 0 1 0
    outer loop
      vertex 15.5341 80.4 42.7412
      vertex 14.19 80.4 43
      vertex 15.5086 80.4 42.8695
    endloop
  endfacet
  facet normal 0 1 0
    outer loop
      vertex 15.5761 80.4 42.6173
      vertex 14.19 80.4 43
      vertex 15.5341 80.4 42.7412
    endloop
  endfacet
  facet normal 0 1 0
    outer loop
      vertex 15.634 80.4 42.5
      vertex 14.19 80.4 43
      vertex 15.5761 80.4 42.6173
    endloop
  endfacet
  facet normal 0 1 0
    outer loop
      vertex 15.345 80.4 40.9995
      vertex 15.634 80.4 42.5
      vertex 15.7066 80.4 42.3912
    endloop
  endfacet
  facet normal 0 1 0
    outer loop
      vertex 15.345 80.4 40.9995
      vertex 15.7066 80.4 42.3912
      vertex 15.7929 80.4 42.2929
    endloop
  endfacet
  facet normal 0 1 0
    outer loop
      vertex 15.345 80.4 40.9995
      vertex 15.7929 80.4 42.2929
      vertex 15.8912 80.4 42.2066
    endloop
  endfacet
  facet normal 0 1 0
    outer loop
      vertex 15.345 80.4 40.9995
      vertex 15.8912 80.4 42.2066
      vertex 16 80.4 42.134
    endloop
  endfacet
  facet normal 0 1 0
    outer loop
      vertex 15.345 80.4 40.9995
      vertex 16 80.4 42.134
      vertex 16.1173 80.4 42.0761
    endloop
  endfacet
  facet normal 0 1 0
    outer loop
      vertex 15.345 80.4 40.9995
      vertex 16.5 80.4 42
      vertex 17.655 80.4 40.9995
    endloop
  endfacet
  facet normal 0 1 0
    outer loop
      vertex 16.5 80.4 42
      vertex 15.345 80.4 40.9995
      vertex 16.3695 80.4 42.0086
    endloop
  endfacet
  facet normal 0 1 0
    outer loop
      vertex 16.3695 80.4 42.0086
      vertex 15.345 80.4 40.9995
      vertex 16.2412 80.4 42.0341
    endloop
  endfacet
  facet normal 0 1 0
    outer loop
      vertex 16.2412 80.4 42.0341
      vertex 15.345 80.4 40.9995
      vertex 16.1173 80.4 42.0761
    endloop
  endfacet
  facet normal 0 1 0
    outer loop
      vertex 15.634 80.4 42.5
      vertex 15.345 80.4 40.9995
      vertex 14.19 80.4 43
    endloop
  endfacet
  facet normal 0.866023 -0 0.500004
    outer loop
      vertex 17.655 78.8 45.0005
      vertex 18.81 80.4 43
      vertex 17.655 80.4 45.0005
    endloop
  endfacet
  facet normal 0.866023 0 0.500004
    outer loop
      vertex 18.81 80.4 43
      vertex 17.655 78.8 45.0005
      vertex 18.81 78.8 43
    endloop
  endfacet
  facet normal 0 -1 0
    outer loop
      vertex 15.345 78.8 45.0005
      vertex 16.5 78.8 44
      vertex 17.655 78.8 45.0005
    endloop
  endfacet
  facet normal 0 -1 0
    outer loop
      vertex 15.345 78.8 45.0005
      vertex 16.3695 78.8 43.9914
      vertex 16.5 78.8 44
    endloop
  endfacet
  facet normal 0 -1 0
    outer loop
      vertex 15.345 78.8 45.0005
      vertex 16.2412 78.8 43.9659
      vertex 16.3695 78.8 43.9914
    endloop
  endfacet
  facet normal 0 -1 0
    outer loop
      vertex 15.345 78.8 45.0005
      vertex 16.1173 78.8 43.9239
      vertex 16.2412 78.8 43.9659
    endloop
  endfacet
  facet normal 0 -1 0
    outer loop
      vertex 15.345 78.8 45.0005
      vertex 16 78.8 43.866
      vertex 16.1173 78.8 43.9239
    endloop
  endfacet
  facet normal 0 -1 0
    outer loop
      vertex 15.345 78.8 45.0005
      vertex 15.8912 78.8 43.7934
      vertex 16 78.8 43.866
    endloop
  endfacet
  facet normal 0 -1 0
    outer loop
      vertex 15.345 78.8 45.0005
      vertex 15.7929 78.8 43.7071
      vertex 15.8912 78.8 43.7934
    endloop
  endfacet
  facet normal 0 -1 0
    outer loop
      vertex 15.345 78.8 45.0005
      vertex 15.7066 78.8 43.6088
      vertex 15.7929 78.8 43.7071
    endloop
  endfacet
  facet normal 0 -1 0
    outer loop
      vertex 15.345 78.8 45.0005
      vertex 15.634 78.8 43.5
      vertex 15.7066 78.8 43.6088
    endloop
  endfacet
  facet normal 0 -1 0
    outer loop
      vertex 14.19 78.8 43
      vertex 15.634 78.8 43.5
      vertex 15.345 78.8 45.0005
    endloop
  endfacet
  facet normal 0 -1 0
    outer loop
      vertex 15.634 78.8 43.5
      vertex 14.19 78.8 43
      vertex 15.5761 78.8 43.3827
    endloop
  endfacet
  facet normal 0 -1 0
    outer loop
      vertex 15.5761 78.8 43.3827
      vertex 14.19 78.8 43
      vertex 15.5341 78.8 43.2588
    endloop
  endfacet
  facet normal 0 -1 0
    outer loop
      vertex 15.5341 78.8 43.2588
      vertex 14.19 78.8 43
      vertex 15.5086 78.8 43.1305
    endloop
  endfacet
  facet normal 0 -1 0
    outer loop
      vertex 14.19 78.8 43
      vertex 15.5 78.8 43
      vertex 15.5086 78.8 43.1305
    endloop
  endfacet
  facet normal 0 -1 0
    outer loop
      vertex 14.19 78.8 43
      vertex 15.5086 78.8 42.8695
      vertex 15.5 78.8 43
    endloop
  endfacet
  facet normal 0 -1 0
    outer loop
      vertex 14.19 78.8 43
      vertex 15.5341 78.8 42.7412
      vertex 15.5086 78.8 42.8695
    endloop
  endfacet
  facet normal 0 -1 0
    outer loop
      vertex 14.19 78.8 43
      vertex 15.5761 78.8 42.6173
      vertex 15.5341 78.8 42.7412
    endloop
  endfacet
  facet normal 0 -1 0
    outer loop
      vertex 14.19 78.8 43
      vertex 15.634 78.8 42.5
      vertex 15.5761 78.8 42.6173
    endloop
  endfacet
  facet normal 0 -1 0
    outer loop
      vertex 15.345 78.8 40.9995
      vertex 15.634 78.8 42.5
      vertex 14.19 78.8 43
    endloop
  endfacet
  facet normal 0 -1 -0
    outer loop
      vertex 15.634 78.8 42.5
      vertex 15.345 78.8 40.9995
      vertex 15.7066 78.8 42.3912
    endloop
  endfacet
  facet normal 0 -1 -0
    outer loop
      vertex 15.7066 78.8 42.3912
      vertex 15.345 78.8 40.9995
      vertex 15.7929 78.8 42.2929
    endloop
  endfacet
  facet normal 0 -1 -0
    outer loop
      vertex 15.7929 78.8 42.2929
      vertex 15.345 78.8 40.9995
      vertex 15.8912 78.8 42.2066
    endloop
  endfacet
  facet normal 0 -1 -0
    outer loop
      vertex 15.8912 78.8 42.2066
      vertex 15.345 78.8 40.9995
      vertex 16 78.8 42.134
    endloop
  endfacet
  facet normal 0 -1 -0
    outer loop
      vertex 16.3695 78.8 42.0086
      vertex 15.345 78.8 40.9995
      vertex 16.5 78.8 42
    endloop
  endfacet
  facet normal 0 -1 -0
    outer loop
      vertex 16.2412 78.8 42.0341
      vertex 15.345 78.8 40.9995
      vertex 16.3695 78.8 42.0086
    endloop
  endfacet
  facet normal 0 -1 -0
    outer loop
      vertex 16.1173 78.8 42.0761
      vertex 15.345 78.8 40.9995
      vertex 16.2412 78.8 42.0341
    endloop
  endfacet
  facet normal 0 -1 -0
    outer loop
      vertex 16 78.8 42.134
      vertex 15.345 78.8 40.9995
      vertex 16.1173 78.8 42.0761
    endloop
  endfacet
  facet normal 0 -1 0
    outer loop
      vertex 16.6305 78.8 43.9914
      vertex 17.655 78.8 45.0005
      vertex 16.5 78.8 44
    endloop
  endfacet
  facet normal 0 -1 0
    outer loop
      vertex 16.7588 78.8 43.9659
      vertex 17.655 78.8 45.0005
      vertex 16.6305 78.8 43.9914
    endloop
  endfacet
  facet normal 0 -1 0
    outer loop
      vertex 16.8827 78.8 43.9239
      vertex 17.655 78.8 45.0005
      vertex 16.7588 78.8 43.9659
    endloop
  endfacet
  facet normal 0 -1 0
    outer loop
      vertex 17 78.8 43.866
      vertex 17.655 78.8 45.0005
      vertex 16.8827 78.8 43.9239
    endloop
  endfacet
  facet normal 0 -1 0
    outer loop
      vertex 17.1088 78.8 43.7934
      vertex 17.655 78.8 45.0005
      vertex 17 78.8 43.866
    endloop
  endfacet
  facet normal 0 -1 0
    outer loop
      vertex 17.2071 78.8 43.7071
      vertex 17.655 78.8 45.0005
      vertex 17.1088 78.8 43.7934
    endloop
  endfacet
  facet normal 0 -1 0
    outer loop
      vertex 17.2934 78.8 43.6088
      vertex 17.655 78.8 45.0005
      vertex 17.2071 78.8 43.7071
    endloop
  endfacet
  facet normal 0 -1 0
    outer loop
      vertex 17.366 78.8 43.5
      vertex 17.655 78.8 45.0005
      vertex 17.2934 78.8 43.6088
    endloop
  endfacet
  facet normal 0 -1 0
    outer loop
      vertex 18.81 78.8 43
      vertex 17.366 78.8 43.5
      vertex 17.4239 78.8 43.3827
    endloop
  endfacet
  facet normal 0 -1 0
    outer loop
      vertex 18.81 78.8 43
      vertex 17.4239 78.8 43.3827
      vertex 17.4659 78.8 43.2588
    endloop
  endfacet
  facet normal 0 -1 0
    outer loop
      vertex 18.81 78.8 43
      vertex 17.4659 78.8 43.2588
      vertex 17.4914 78.8 43.1305
    endloop
  endfacet
  facet normal 0 -1 0
    outer loop
      vertex 18.81 78.8 43
      vertex 17.4914 78.8 43.1305
      vertex 17.5 78.8 43
    endloop
  endfacet
  facet normal 0 -1 0
    outer loop
      vertex 17.366 78.8 43.5
      vertex 18.81 78.8 43
      vertex 17.655 78.8 45.0005
    endloop
  endfacet
  facet normal 0 -1 0
    outer loop
      vertex 17.4914 78.8 42.8695
      vertex 18.81 78.8 43
      vertex 17.5 78.8 43
    endloop
  endfacet
  facet normal 0 -1 0
    outer loop
      vertex 17.4659 78.8 42.7412
      vertex 18.81 78.8 43
      vertex 17.4914 78.8 42.8695
    endloop
  endfacet
  facet normal 0 -1 0
    outer loop
      vertex 17.4239 78.8 42.6173
      vertex 18.81 78.8 43
      vertex 17.4659 78.8 42.7412
    endloop
  endfacet
  facet normal 0 -1 0
    outer loop
      vertex 17.366 78.8 42.5
      vertex 18.81 78.8 43
      vertex 17.4239 78.8 42.6173
    endloop
  endfacet
  facet normal 0 -1 0
    outer loop
      vertex 17.655 78.8 40.9995
      vertex 17.366 78.8 42.5
      vertex 17.2934 78.8 42.3912
    endloop
  endfacet
  facet normal 0 -1 0
    outer loop
      vertex 17.655 78.8 40.9995
      vertex 17.2934 78.8 42.3912
      vertex 17.2071 78.8 42.2929
    endloop
  endfacet
  facet normal 0 -1 0
    outer loop
      vertex 17.655 78.8 40.9995
      vertex 17.2071 78.8 42.2929
      vertex 17.1088 78.8 42.2066
    endloop
  endfacet
  facet normal 0 -1 0
    outer loop
      vertex 17.655 78.8 40.9995
      vertex 17.1088 78.8 42.2066
      vertex 17 78.8 42.134
    endloop
  endfacet
  facet normal 0 -1 0
    outer loop
      vertex 17.655 78.8 40.9995
      vertex 17 78.8 42.134
      vertex 16.8827 78.8 42.0761
    endloop
  endfacet
  facet normal 0 -1 0
    outer loop
      vertex 17.655 78.8 40.9995
      vertex 16.5 78.8 42
      vertex 15.345 78.8 40.9995
    endloop
  endfacet
  facet normal 0 -1 0
    outer loop
      vertex 16.5 78.8 42
      vertex 17.655 78.8 40.9995
      vertex 16.6305 78.8 42.0086
    endloop
  endfacet
  facet normal 0 -1 0
    outer loop
      vertex 16.6305 78.8 42.0086
      vertex 17.655 78.8 40.9995
      vertex 16.7588 78.8 42.0341
    endloop
  endfacet
  facet normal 0 -1 0
    outer loop
      vertex 16.7588 78.8 42.0341
      vertex 17.655 78.8 40.9995
      vertex 16.8827 78.8 42.0761
    endloop
  endfacet
  facet normal 0 -1 0
    outer loop
      vertex 17.366 78.8 42.5
      vertex 17.655 78.8 40.9995
      vertex 18.81 78.8 43
    endloop
  endfacet
  facet normal -0 0 1
    outer loop
      vertex 15.345 80.4 45.0005
      vertex 17.655 78.8 45.0005
      vertex 17.655 80.4 45.0005
    endloop
  endfacet
  facet normal 0 0 1
    outer loop
      vertex 17.655 78.8 45.0005
      vertex 15.345 80.4 45.0005
      vertex 15.345 78.8 45.0005
    endloop
  endfacet
  facet normal -0.866023 0 0.500004
    outer loop
      vertex 14.19 78.8 43
      vertex 15.345 80.4 45.0005
      vertex 14.19 80.4 43
    endloop
  endfacet
  facet normal -0.866023 0 0.500004
    outer loop
      vertex 15.345 80.4 45.0005
      vertex 14.19 78.8 43
      vertex 15.345 78.8 45.0005
    endloop
  endfacet
  facet normal -0.980815 0 -0.19494
    outer loop
      vertex 28.0341 78.5 42.7412
      vertex 28.0086 78.8 42.8695
      vertex 28.0341 78.8 42.7412
    endloop
  endfacet
  facet normal -0.980815 -0 -0.19494
    outer loop
      vertex 28.0086 78.8 42.8695
      vertex 28.0341 78.5 42.7412
      vertex 28.0086 78.5 42.8695
    endloop
  endfacet
  facet normal -0.980815 0 -0.19494
    outer loop
      vertex 28.0341 80.4 42.7412
      vertex 28.0086 84.45 42.8695
      vertex 28.0341 84.45 42.7412
    endloop
  endfacet
  facet normal -0.980815 -0 -0.19494
    outer loop
      vertex 28.0086 84.45 42.8695
      vertex 28.0341 80.4 42.7412
      vertex 28.0086 80.4 42.8695
    endloop
  endfacet
  facet normal 0.831815 0 -0.555053
    outer loop
      vertex 29.866 78.5 42.5
      vertex 29.7934 78.8 42.3912
      vertex 29.866 78.8 42.5
    endloop
  endfacet
  facet normal 0.831815 0 -0.555053
    outer loop
      vertex 29.7934 78.8 42.3912
      vertex 29.866 78.5 42.5
      vertex 29.7934 78.5 42.3912
    endloop
  endfacet
  facet normal 0.831815 0 -0.555053
    outer loop
      vertex 29.866 80.4 42.5
      vertex 29.7934 84.45 42.3912
      vertex 29.866 84.45 42.5
    endloop
  endfacet
  facet normal 0.831815 0 -0.555053
    outer loop
      vertex 29.7934 84.45 42.3912
      vertex 29.866 80.4 42.5
      vertex 29.7934 80.4 42.3912
    endloop
  endfacet
  facet normal 0.321039 0 -0.947066
    outer loop
      vertex 29.2588 78.5 42.0341
      vertex 29.3827 78.8 42.0761
      vertex 29.3827 78.5 42.0761
    endloop
  endfacet
  facet normal 0.321039 0 -0.947066
    outer loop
      vertex 29.3827 78.8 42.0761
      vertex 29.2588 78.5 42.0341
      vertex 29.2588 78.8 42.0341
    endloop
  endfacet
  facet normal 0.321039 0 -0.947066
    outer loop
      vertex 29.2588 80.4 42.0341
      vertex 29.3827 84.45 42.0761
      vertex 29.3827 80.4 42.0761
    endloop
  endfacet
  facet normal 0.321039 0 -0.947066
    outer loop
      vertex 29.3827 84.45 42.0761
      vertex 29.2588 80.4 42.0341
      vertex 29.2588 84.45 42.0341
    endloop
  endfacet
  facet normal -0.442621 0 -0.896709
    outer loop
      vertex 28.5 78.5 42.134
      vertex 28.6173 78.8 42.0761
      vertex 28.6173 78.5 42.0761
    endloop
  endfacet
  facet normal -0.442621 0 -0.896709
    outer loop
      vertex 28.6173 78.8 42.0761
      vertex 28.5 78.5 42.134
      vertex 28.5 78.8 42.134
    endloop
  endfacet
  facet normal -0.442621 0 -0.896709
    outer loop
      vertex 28.5 80.4 42.134
      vertex 28.6173 84.45 42.0761
      vertex 28.6173 80.4 42.0761
    endloop
  endfacet
  facet normal -0.442621 0 -0.896709
    outer loop
      vertex 28.6173 84.45 42.0761
      vertex 28.5 80.4 42.134
      vertex 28.5 84.45 42.134
    endloop
  endfacet
  facet normal -0.947066 0 -0.321039
    outer loop
      vertex 28.0761 78.5 42.6173
      vertex 28.0341 78.8 42.7412
      vertex 28.0761 78.8 42.6173
    endloop
  endfacet
  facet normal -0.947066 -0 -0.321039
    outer loop
      vertex 28.0341 78.8 42.7412
      vertex 28.0761 78.5 42.6173
      vertex 28.0341 78.5 42.7412
    endloop
  endfacet
  facet normal -0.947066 0 -0.321039
    outer loop
      vertex 28.0761 80.4 42.6173
      vertex 28.0341 84.45 42.7412
      vertex 28.0761 84.45 42.6173
    endloop
  endfacet
  facet normal -0.947066 -0 -0.321039
    outer loop
      vertex 28.0341 84.45 42.7412
      vertex 28.0761 80.4 42.6173
      vertex 28.0341 80.4 42.7412
    endloop
  endfacet
  facet normal 0.980815 -0 0.19494
    outer loop
      vertex 29.9659 78.5 43.2588
      vertex 29.9914 78.8 43.1305
      vertex 29.9659 78.8 43.2588
    endloop
  endfacet
  facet normal 0.980815 0 0.19494
    outer loop
      vertex 29.9914 78.8 43.1305
      vertex 29.9659 78.5 43.2588
      vertex 29.9914 78.5 43.1305
    endloop
  endfacet
  facet normal 0.980815 -0 0.19494
    outer loop
      vertex 29.9659 80.4 43.2588
      vertex 29.9914 84.45 43.1305
      vertex 29.9659 84.45 43.2588
    endloop
  endfacet
  facet normal 0.980815 0 0.19494
    outer loop
      vertex 29.9914 84.45 43.1305
      vertex 29.9659 80.4 43.2588
      vertex 29.9914 80.4 43.1305
    endloop
  endfacet
  facet normal 0.659749 0 -0.751486
    outer loop
      vertex 29.6088 78.5 42.2066
      vertex 29.7071 78.8 42.2929
      vertex 29.7071 78.5 42.2929
    endloop
  endfacet
  facet normal 0.659749 0 -0.751486
    outer loop
      vertex 29.7071 78.8 42.2929
      vertex 29.6088 78.5 42.2066
      vertex 29.6088 78.8 42.2066
    endloop
  endfacet
  facet normal 0.659749 0 -0.751486
    outer loop
      vertex 29.6088 80.4 42.2066
      vertex 29.7071 84.45 42.2929
      vertex 29.7071 80.4 42.2929
    endloop
  endfacet
  facet normal 0.659749 0 -0.751486
    outer loop
      vertex 29.7071 84.45 42.2929
      vertex 29.6088 80.4 42.2066
      vertex 29.6088 84.45 42.2066
    endloop
  endfacet
  facet normal 0.0657577 0 -0.997836
    outer loop
      vertex 29 78.5 42
      vertex 29.1305 78.8 42.0086
      vertex 29.1305 78.5 42.0086
    endloop
  endfacet
  facet normal 0.0657577 0 -0.997836
    outer loop
      vertex 29.1305 78.8 42.0086
      vertex 29 78.5 42
      vertex 29 78.8 42
    endloop
  endfacet
  facet normal 0.0657577 0 -0.997836
    outer loop
      vertex 29 80.4 42
      vertex 29.1305 84.45 42.0086
      vertex 29.1305 80.4 42.0086
    endloop
  endfacet
  facet normal 0.0657577 0 -0.997836
    outer loop
      vertex 29.1305 84.45 42.0086
      vertex 29 80.4 42
      vertex 29 84.45 42
    endloop
  endfacet
  facet normal 0.555053 0 -0.831815
    outer loop
      vertex 29.5 78.5 42.134
      vertex 29.6088 78.8 42.2066
      vertex 29.6088 78.5 42.2066
    endloop
  endfacet
  facet normal 0.555053 0 -0.831815
    outer loop
      vertex 29.6088 78.8 42.2066
      vertex 29.5 78.5 42.134
      vertex 29.5 78.8 42.134
    endloop
  endfacet
  facet normal 0.555053 0 -0.831815
    outer loop
      vertex 29.5 80.4 42.134
      vertex 29.6088 84.45 42.2066
      vertex 29.6088 80.4 42.2066
    endloop
  endfacet
  facet normal 0.555053 0 -0.831815
    outer loop
      vertex 29.6088 84.45 42.2066
      vertex 29.5 80.4 42.134
      vertex 29.5 84.45 42.134
    endloop
  endfacet
  facet normal 0 -1 0
    outer loop
      vertex 28.8695 78.5 43.9914
      vertex 29.1305 78.5 43.9914
      vertex 29 78.5 44
    endloop
  endfacet
  facet normal 0 -1 0
    outer loop
      vertex 28.7412 78.5 43.9659
      vertex 29.1305 78.5 43.9914
      vertex 28.8695 78.5 43.9914
    endloop
  endfacet
  facet normal 0 -1 0
    outer loop
      vertex 28.7412 78.5 43.9659
      vertex 29.2588 78.5 43.9659
      vertex 29.1305 78.5 43.9914
    endloop
  endfacet
  facet normal 0 -1 0
    outer loop
      vertex 28.6173 78.5 43.9239
      vertex 29.2588 78.5 43.9659
      vertex 28.7412 78.5 43.9659
    endloop
  endfacet
  facet normal 0 -1 0
    outer loop
      vertex 28.6173 78.5 43.9239
      vertex 29.3827 78.5 43.9239
      vertex 29.2588 78.5 43.9659
    endloop
  endfacet
  facet normal 0 -1 0
    outer loop
      vertex 28.5 78.5 43.866
      vertex 29.3827 78.5 43.9239
      vertex 28.6173 78.5 43.9239
    endloop
  endfacet
  facet normal 0 -1 0
    outer loop
      vertex 28.5 78.5 43.866
      vertex 29.5 78.5 43.866
      vertex 29.3827 78.5 43.9239
    endloop
  endfacet
  facet normal 0 -1 0
    outer loop
      vertex 28.3912 78.5 43.7934
      vertex 29.5 78.5 43.866
      vertex 28.5 78.5 43.866
    endloop
  endfacet
  facet normal 0 -1 0
    outer loop
      vertex 28.3912 78.5 43.7934
      vertex 29.6088 78.5 43.7934
      vertex 29.5 78.5 43.866
    endloop
  endfacet
  facet normal 0 -1 0
    outer loop
      vertex 28.2929 78.5 43.7071
      vertex 29.6088 78.5 43.7934
      vertex 28.3912 78.5 43.7934
    endloop
  endfacet
  facet normal 0 -1 0
    outer loop
      vertex 28.2929 78.5 43.7071
      vertex 29.7071 78.5 43.7071
      vertex 29.6088 78.5 43.7934
    endloop
  endfacet
  facet normal 0 -1 0
    outer loop
      vertex 28.2066 78.5 43.6088
      vertex 29.7071 78.5 43.7071
      vertex 28.2929 78.5 43.7071
    endloop
  endfacet
  facet normal 0 -1 0
    outer loop
      vertex 28.2066 78.5 43.6088
      vertex 29.7934 78.5 43.6088
      vertex 29.7071 78.5 43.7071
    endloop
  endfacet
  facet normal 0 -1 0
    outer loop
      vertex 28.134 78.5 43.5
      vertex 29.7934 78.5 43.6088
      vertex 28.2066 78.5 43.6088
    endloop
  endfacet
  facet normal 0 -1 0
    outer loop
      vertex 28.134 78.5 43.5
      vertex 29.866 78.5 43.5
      vertex 29.7934 78.5 43.6088
    endloop
  endfacet
  facet normal 0 -1 0
    outer loop
      vertex 28.0761 78.5 43.3827
      vertex 29.866 78.5 43.5
      vertex 28.134 78.5 43.5
    endloop
  endfacet
  facet normal 0 -1 0
    outer loop
      vertex 28.0761 78.5 43.3827
      vertex 29.9239 78.5 43.3827
      vertex 29.866 78.5 43.5
    endloop
  endfacet
  facet normal 0 -1 0
    outer loop
      vertex 28.0341 78.5 43.2588
      vertex 29.9239 78.5 43.3827
      vertex 28.0761 78.5 43.3827
    endloop
  endfacet
  facet normal 0 -1 0
    outer loop
      vertex 28.0341 78.5 43.2588
      vertex 29.9659 78.5 43.2588
      vertex 29.9239 78.5 43.3827
    endloop
  endfacet
  facet normal 0 -1 0
    outer loop
      vertex 28.0086 78.5 43.1305
      vertex 29.9659 78.5 43.2588
      vertex 28.0341 78.5 43.2588
    endloop
  endfacet
  facet normal 0 -1 0
    outer loop
      vertex 28.0086 78.5 43.1305
      vertex 29.9914 78.5 43.1305
      vertex 29.9659 78.5 43.2588
    endloop
  endfacet
  facet normal 0 -1 0
    outer loop
      vertex 28 78.5 43
      vertex 29.9914 78.5 43.1305
      vertex 28.0086 78.5 43.1305
    endloop
  endfacet
  facet normal 0 -1 0
    outer loop
      vertex 28 78.5 43
      vertex 30 78.5 43
      vertex 29.9914 78.5 43.1305
    endloop
  endfacet
  facet normal 0 -1 0
    outer loop
      vertex 28.0086 78.5 42.8695
      vertex 30 78.5 43
      vertex 28 78.5 43
    endloop
  endfacet
  facet normal 0 -1 0
    outer loop
      vertex 28.0086 78.5 42.8695
      vertex 29.9914 78.5 42.8695
      vertex 30 78.5 43
    endloop
  endfacet
  facet normal 0 -1 0
    outer loop
      vertex 28.0341 78.5 42.7412
      vertex 29.9914 78.5 42.8695
      vertex 28.0086 78.5 42.8695
    endloop
  endfacet
  facet normal 0 -1 0
    outer loop
      vertex 28.0341 78.5 42.7412
      vertex 29.9659 78.5 42.7412
      vertex 29.9914 78.5 42.8695
    endloop
  endfacet
  facet normal 0 -1 0
    outer loop
      vertex 28.0761 78.5 42.6173
      vertex 29.9659 78.5 42.7412
      vertex 28.0341 78.5 42.7412
    endloop
  endfacet
  facet normal 0 -1 0
    outer loop
      vertex 28.0761 78.5 42.6173
      vertex 29.9239 78.5 42.6173
      vertex 29.9659 78.5 42.7412
    endloop
  endfacet
  facet normal 0 -1 0
    outer loop
      vertex 28.134 78.5 42.5
      vertex 29.9239 78.5 42.6173
      vertex 28.0761 78.5 42.6173
    endloop
  endfacet
  facet normal 0 -1 0
    outer loop
      vertex 28.134 78.5 42.5
      vertex 29.866 78.5 42.5
      vertex 29.9239 78.5 42.6173
    endloop
  endfacet
  facet normal 0 -1 0
    outer loop
      vertex 28.2066 78.5 42.3912
      vertex 29.866 78.5 42.5
      vertex 28.134 78.5 42.5
    endloop
  endfacet
  facet normal 0 -1 0
    outer loop
      vertex 28.2066 78.5 42.3912
      vertex 29.7934 78.5 42.3912
      vertex 29.866 78.5 42.5
    endloop
  endfacet
  facet normal 0 -1 0
    outer loop
      vertex 28.2929 78.5 42.2929
      vertex 29.7934 78.5 42.3912
      vertex 28.2066 78.5 42.3912
    endloop
  endfacet
  facet normal 0 -1 0
    outer loop
      vertex 28.2929 78.5 42.2929
      vertex 29.7071 78.5 42.2929
      vertex 29.7934 78.5 42.3912
    endloop
  endfacet
  facet normal 0 -1 0
    outer loop
      vertex 28.3912 78.5 42.2066
      vertex 29.7071 78.5 42.2929
      vertex 28.2929 78.5 42.2929
    endloop
  endfacet
  facet normal 0 -1 0
    outer loop
      vertex 28.3912 78.5 42.2066
      vertex 29.6088 78.5 42.2066
      vertex 29.7071 78.5 42.2929
    endloop
  endfacet
  facet normal 0 -1 0
    outer loop
      vertex 28.5 78.5 42.134
      vertex 29.6088 78.5 42.2066
      vertex 28.3912 78.5 42.2066
    endloop
  endfacet
  facet normal 0 -1 0
    outer loop
      vertex 28.5 78.5 42.134
      vertex 29.5 78.5 42.134
      vertex 29.6088 78.5 42.2066
    endloop
  endfacet
  facet normal 0 -1 0
    outer loop
      vertex 28.6173 78.5 42.0761
      vertex 29.5 78.5 42.134
      vertex 28.5 78.5 42.134
    endloop
  endfacet
  facet normal 0 -1 0
    outer loop
      vertex 28.6173 78.5 42.0761
      vertex 29.3827 78.5 42.0761
      vertex 29.5 78.5 42.134
    endloop
  endfacet
  facet normal 0 -1 0
    outer loop
      vertex 28.7412 78.5 42.0341
      vertex 29.3827 78.5 42.0761
      vertex 28.6173 78.5 42.0761
    endloop
  endfacet
  facet normal 0 -1 0
    outer loop
      vertex 28.7412 78.5 42.0341
      vertex 29.2588 78.5 42.0341
      vertex 29.3827 78.5 42.0761
    endloop
  endfacet
  facet normal 0 -1 0
    outer loop
      vertex 28.8695 78.5 42.0086
      vertex 29.2588 78.5 42.0341
      vertex 28.7412 78.5 42.0341
    endloop
  endfacet
  facet normal 0 -1 0
    outer loop
      vertex 28.8695 78.5 42.0086
      vertex 29.1305 78.5 42.0086
      vertex 29.2588 78.5 42.0341
    endloop
  endfacet
  facet normal -0 -1 0
    outer loop
      vertex 29.1305 78.5 42.0086
      vertex 28.8695 78.5 42.0086
      vertex 29 78.5 42
    endloop
  endfacet
  facet normal -0.997836 0 -0.0657577
    outer loop
      vertex 28.0086 78.5 42.8695
      vertex 28 78.8 43
      vertex 28.0086 78.8 42.8695
    endloop
  endfacet
  facet normal -0.997836 -0 -0.0657577
    outer loop
      vertex 28 78.8 43
      vertex 28.0086 78.5 42.8695
      vertex 28 78.5 43
    endloop
  endfacet
  facet normal -0.997836 0 -0.0657577
    outer loop
      vertex 28.0086 80.4 42.8695
      vertex 28 84.45 43
      vertex 28.0086 84.45 42.8695
    endloop
  endfacet
  facet normal -0.997836 -0 -0.0657577
    outer loop
      vertex 28 84.45 43
      vertex 28.0086 80.4 42.8695
      vertex 28 80.4 43
    endloop
  endfacet
  facet normal -0.831815 0 -0.555053
    outer loop
      vertex 28.2066 78.5 42.3912
      vertex 28.134 78.8 42.5
      vertex 28.2066 78.8 42.3912
    endloop
  endfacet
  facet normal -0.831815 -0 -0.555053
    outer loop
      vertex 28.134 78.8 42.5
      vertex 28.2066 78.5 42.3912
      vertex 28.134 78.5 42.5
    endloop
  endfacet
  facet normal -0.831815 0 -0.555053
    outer loop
      vertex 28.2066 80.4 42.3912
      vertex 28.134 84.45 42.5
      vertex 28.2066 84.45 42.3912
    endloop
  endfacet
  facet normal -0.831815 -0 -0.555053
    outer loop
      vertex 28.134 84.45 42.5
      vertex 28.2066 80.4 42.3912
      vertex 28.134 80.4 42.5
    endloop
  endfacet
  facet normal -0.19494 0 -0.980815
    outer loop
      vertex 28.7412 78.5 42.0341
      vertex 28.8695 78.8 42.0086
      vertex 28.8695 78.5 42.0086
    endloop
  endfacet
  facet normal -0.19494 0 -0.980815
    outer loop
      vertex 28.8695 78.8 42.0086
      vertex 28.7412 78.5 42.0341
      vertex 28.7412 78.8 42.0341
    endloop
  endfacet
  facet normal -0.19494 0 -0.980815
    outer loop
      vertex 28.7412 80.4 42.0341
      vertex 28.8695 84.45 42.0086
      vertex 28.8695 80.4 42.0086
    endloop
  endfacet
  facet normal -0.19494 0 -0.980815
    outer loop
      vertex 28.8695 84.45 42.0086
      vertex 28.7412 80.4 42.0341
      vertex 28.7412 84.45 42.0341
    endloop
  endfacet
  facet normal -0.751486 0 -0.659749
    outer loop
      vertex 28.2929 78.5 42.2929
      vertex 28.2066 78.8 42.3912
      vertex 28.2929 78.8 42.2929
    endloop
  endfacet
  facet normal -0.751486 -0 -0.659749
    outer loop
      vertex 28.2066 78.8 42.3912
      vertex 28.2929 78.5 42.2929
      vertex 28.2066 78.5 42.3912
    endloop
  endfacet
  facet normal -0.751486 0 -0.659749
    outer loop
      vertex 28.2929 80.4 42.2929
      vertex 28.2066 84.45 42.3912
      vertex 28.2929 84.45 42.2929
    endloop
  endfacet
  facet normal -0.751486 -0 -0.659749
    outer loop
      vertex 28.2066 84.45 42.3912
      vertex 28.2929 80.4 42.2929
      vertex 28.2066 80.4 42.3912
    endloop
  endfacet
  facet normal 0.997836 0 -0.0657577
    outer loop
      vertex 30 78.5 43
      vertex 29.9914 78.8 42.8695
      vertex 30 78.8 43
    endloop
  endfacet
  facet normal 0.997836 0 -0.0657577
    outer loop
      vertex 29.9914 78.8 42.8695
      vertex 30 78.5 43
      vertex 29.9914 78.5 42.8695
    endloop
  endfacet
  facet normal 0.997836 0 -0.0657577
    outer loop
      vertex 30 80.4 43
      vertex 29.9914 84.45 42.8695
      vertex 30 84.45 43
    endloop
  endfacet
  facet normal 0.997836 0 -0.0657577
    outer loop
      vertex 29.9914 84.45 42.8695
      vertex 30 80.4 43
      vertex 29.9914 80.4 42.8695
    endloop
  endfacet
  facet normal 0.947066 -0 0.321039
    outer loop
      vertex 29.9239 78.5 43.3827
      vertex 29.9659 78.8 43.2588
      vertex 29.9239 78.8 43.3827
    endloop
  endfacet
  facet normal 0.947066 0 0.321039
    outer loop
      vertex 29.9659 78.8 43.2588
      vertex 29.9239 78.5 43.3827
      vertex 29.9659 78.5 43.2588
    endloop
  endfacet
  facet normal 0.947066 -0 0.321039
    outer loop
      vertex 29.9239 80.4 43.3827
      vertex 29.9659 84.45 43.2588
      vertex 29.9239 84.45 43.3827
    endloop
  endfacet
  facet normal 0.947066 0 0.321039
    outer loop
      vertex 29.9659 84.45 43.2588
      vertex 29.9239 80.4 43.3827
      vertex 29.9659 80.4 43.2588
    endloop
  endfacet
  facet normal 0.751486 0 -0.659749
    outer loop
      vertex 29.7934 78.5 42.3912
      vertex 29.7071 78.8 42.2929
      vertex 29.7934 78.8 42.3912
    endloop
  endfacet
  facet normal 0.751486 0 -0.659749
    outer loop
      vertex 29.7071 78.8 42.2929
      vertex 29.7934 78.5 42.3912
      vertex 29.7071 78.5 42.2929
    endloop
  endfacet
  facet normal 0.751486 0 -0.659749
    outer loop
      vertex 29.7934 80.4 42.3912
      vertex 29.7071 84.45 42.2929
      vertex 29.7934 84.45 42.3912
    endloop
  endfacet
  facet normal 0.751486 0 -0.659749
    outer loop
      vertex 29.7071 84.45 42.2929
      vertex 29.7934 80.4 42.3912
      vertex 29.7071 80.4 42.2929
    endloop
  endfacet
  facet normal -0.0657577 0 -0.997836
    outer loop
      vertex 28.8695 78.5 42.0086
      vertex 29 78.8 42
      vertex 29 78.5 42
    endloop
  endfacet
  facet normal -0.0657577 0 -0.997836
    outer loop
      vertex 29 78.8 42
      vertex 28.8695 78.5 42.0086
      vertex 28.8695 78.8 42.0086
    endloop
  endfacet
  facet normal -0.0657577 0 -0.997836
    outer loop
      vertex 28.8695 80.4 42.0086
      vertex 29 84.45 42
      vertex 29 80.4 42
    endloop
  endfacet
  facet normal -0.0657577 0 -0.997836
    outer loop
      vertex 29 84.45 42
      vertex 28.8695 80.4 42.0086
      vertex 28.8695 84.45 42.0086
    endloop
  endfacet
  facet normal 0.19494 0 -0.980815
    outer loop
      vertex 29.1305 78.5 42.0086
      vertex 29.2588 78.8 42.0341
      vertex 29.2588 78.5 42.0341
    endloop
  endfacet
  facet normal 0.19494 0 -0.980815
    outer loop
      vertex 29.2588 78.8 42.0341
      vertex 29.1305 78.5 42.0086
      vertex 29.1305 78.8 42.0086
    endloop
  endfacet
  facet normal 0.19494 0 -0.980815
    outer loop
      vertex 29.1305 80.4 42.0086
      vertex 29.2588 84.45 42.0341
      vertex 29.2588 80.4 42.0341
    endloop
  endfacet
  facet normal 0.19494 0 -0.980815
    outer loop
      vertex 29.2588 84.45 42.0341
      vertex 29.1305 80.4 42.0086
      vertex 29.1305 84.45 42.0086
    endloop
  endfacet
  facet normal 0.442621 0 -0.896709
    outer loop
      vertex 29.3827 78.5 42.0761
      vertex 29.5 78.8 42.134
      vertex 29.5 78.5 42.134
    endloop
  endfacet
  facet normal 0.442621 0 -0.896709
    outer loop
      vertex 29.5 78.8 42.134
      vertex 29.3827 78.5 42.0761
      vertex 29.3827 78.8 42.0761
    endloop
  endfacet
  facet normal 0.442621 0 -0.896709
    outer loop
      vertex 29.3827 80.4 42.0761
      vertex 29.5 84.45 42.134
      vertex 29.5 80.4 42.134
    endloop
  endfacet
  facet normal 0.442621 0 -0.896709
    outer loop
      vertex 29.5 84.45 42.134
      vertex 29.3827 80.4 42.0761
      vertex 29.3827 84.45 42.0761
    endloop
  endfacet
  facet normal -0.997836 0 0.0657577
    outer loop
      vertex 28 78.5 43
      vertex 28.0086 78.8 43.1305
      vertex 28 78.8 43
    endloop
  endfacet
  facet normal -0.997836 0 0.0657577
    outer loop
      vertex 28.0086 78.8 43.1305
      vertex 28 78.5 43
      vertex 28.0086 78.5 43.1305
    endloop
  endfacet
  facet normal -0.997836 0 0.0657577
    outer loop
      vertex 28 80.4 43
      vertex 28.0086 84.45 43.1305
      vertex 28 84.45 43
    endloop
  endfacet
  facet normal -0.997836 0 0.0657577
    outer loop
      vertex 28.0086 84.45 43.1305
      vertex 28 80.4 43
      vertex 28.0086 80.4 43.1305
    endloop
  endfacet
  facet normal -0.896709 0 -0.442621
    outer loop
      vertex 28.134 78.5 42.5
      vertex 28.0761 78.8 42.6173
      vertex 28.134 78.8 42.5
    endloop
  endfacet
  facet normal -0.896709 -0 -0.442621
    outer loop
      vertex 28.0761 78.8 42.6173
      vertex 28.134 78.5 42.5
      vertex 28.0761 78.5 42.6173
    endloop
  endfacet
  facet normal -0.896709 0 -0.442621
    outer loop
      vertex 28.134 80.4 42.5
      vertex 28.0761 84.45 42.6173
      vertex 28.134 84.45 42.5
    endloop
  endfacet
  facet normal -0.896709 -0 -0.442621
    outer loop
      vertex 28.0761 84.45 42.6173
      vertex 28.134 80.4 42.5
      vertex 28.0761 80.4 42.6173
    endloop
  endfacet
  facet normal -0.321039 0 -0.947066
    outer loop
      vertex 28.6173 78.5 42.0761
      vertex 28.7412 78.8 42.0341
      vertex 28.7412 78.5 42.0341
    endloop
  endfacet
  facet normal -0.321039 0 -0.947066
    outer loop
      vertex 28.7412 78.8 42.0341
      vertex 28.6173 78.5 42.0761
      vertex 28.6173 78.8 42.0761
    endloop
  endfacet
  facet normal -0.321039 0 -0.947066
    outer loop
      vertex 28.6173 80.4 42.0761
      vertex 28.7412 84.45 42.0341
      vertex 28.7412 80.4 42.0341
    endloop
  endfacet
  facet normal -0.321039 0 -0.947066
    outer loop
      vertex 28.7412 84.45 42.0341
      vertex 28.6173 80.4 42.0761
      vertex 28.6173 84.45 42.0761
    endloop
  endfacet
  facet normal -0.659749 0 -0.751486
    outer loop
      vertex 28.2929 78.5 42.2929
      vertex 28.3912 78.8 42.2066
      vertex 28.3912 78.5 42.2066
    endloop
  endfacet
  facet normal -0.659749 0 -0.751486
    outer loop
      vertex 28.3912 78.8 42.2066
      vertex 28.2929 78.5 42.2929
      vertex 28.2929 78.8 42.2929
    endloop
  endfacet
  facet normal -0.659749 0 -0.751486
    outer loop
      vertex 28.2929 80.4 42.2929
      vertex 28.3912 84.45 42.2066
      vertex 28.3912 80.4 42.2066
    endloop
  endfacet
  facet normal -0.659749 0 -0.751486
    outer loop
      vertex 28.3912 84.45 42.2066
      vertex 28.2929 80.4 42.2929
      vertex 28.2929 84.45 42.2929
    endloop
  endfacet
  facet normal -0.555053 0 -0.831815
    outer loop
      vertex 28.3912 78.5 42.2066
      vertex 28.5 78.8 42.134
      vertex 28.5 78.5 42.134
    endloop
  endfacet
  facet normal -0.555053 0 -0.831815
    outer loop
      vertex 28.5 78.8 42.134
      vertex 28.3912 78.5 42.2066
      vertex 28.3912 78.8 42.2066
    endloop
  endfacet
  facet normal -0.555053 0 -0.831815
    outer loop
      vertex 28.3912 80.4 42.2066
      vertex 28.5 84.45 42.134
      vertex 28.5 80.4 42.134
    endloop
  endfacet
  facet normal -0.555053 0 -0.831815
    outer loop
      vertex 28.5 84.45 42.134
      vertex 28.3912 80.4 42.2066
      vertex 28.3912 84.45 42.2066
    endloop
  endfacet
  facet normal 0.997836 -0 0.0657577
    outer loop
      vertex 29.9914 78.5 43.1305
      vertex 30 78.8 43
      vertex 29.9914 78.8 43.1305
    endloop
  endfacet
  facet normal 0.997836 0 0.0657577
    outer loop
      vertex 30 78.8 43
      vertex 29.9914 78.5 43.1305
      vertex 30 78.5 43
    endloop
  endfacet
  facet normal 0.997836 -0 0.0657577
    outer loop
      vertex 29.9914 80.4 43.1305
      vertex 30 84.45 43
      vertex 29.9914 84.45 43.1305
    endloop
  endfacet
  facet normal 0.997836 0 0.0657577
    outer loop
      vertex 30 84.45 43
      vertex 29.9914 80.4 43.1305
      vertex 30 80.4 43
    endloop
  endfacet
  facet normal -0.980815 0 0.19494
    outer loop
      vertex 28.0086 78.5 43.1305
      vertex 28.0341 78.8 43.2588
      vertex 28.0086 78.8 43.1305
    endloop
  endfacet
  facet normal -0.980815 0 0.19494
    outer loop
      vertex 28.0341 78.8 43.2588
      vertex 28.0086 78.5 43.1305
      vertex 28.0341 78.5 43.2588
    endloop
  endfacet
  facet normal -0.980815 0 0.19494
    outer loop
      vertex 28.0086 80.4 43.1305
      vertex 28.0341 84.45 43.2588
      vertex 28.0086 84.45 43.1305
    endloop
  endfacet
  facet normal -0.980815 0 0.19494
    outer loop
      vertex 28.0341 84.45 43.2588
      vertex 28.0086 80.4 43.1305
      vertex 28.0341 80.4 43.2588
    endloop
  endfacet
  facet normal -0.831815 0 0.555053
    outer loop
      vertex 28.134 78.5 43.5
      vertex 28.2066 78.8 43.6088
      vertex 28.134 78.8 43.5
    endloop
  endfacet
  facet normal -0.831815 0 0.555053
    outer loop
      vertex 28.2066 78.8 43.6088
      vertex 28.134 78.5 43.5
      vertex 28.2066 78.5 43.6088
    endloop
  endfacet
  facet normal -0.831815 0 0.555053
    outer loop
      vertex 28.134 80.4 43.5
      vertex 28.2066 84.45 43.6088
      vertex 28.134 84.45 43.5
    endloop
  endfacet
  facet normal -0.831815 0 0.555053
    outer loop
      vertex 28.2066 84.45 43.6088
      vertex 28.134 80.4 43.5
      vertex 28.2066 80.4 43.6088
    endloop
  endfacet
  facet normal 0.19494 0 0.980815
    outer loop
      vertex 29.1305 78.8 43.9914
      vertex 29.2588 78.5 43.9659
      vertex 29.2588 78.8 43.9659
    endloop
  endfacet
  facet normal 0.19494 0 0.980815
    outer loop
      vertex 29.2588 78.5 43.9659
      vertex 29.1305 78.8 43.9914
      vertex 29.1305 78.5 43.9914
    endloop
  endfacet
  facet normal 0.19494 0 0.980815
    outer loop
      vertex 29.1305 84.45 43.9914
      vertex 29.2588 80.4 43.9659
      vertex 29.2588 84.45 43.9659
    endloop
  endfacet
  facet normal 0.19494 0 0.980815
    outer loop
      vertex 29.2588 80.4 43.9659
      vertex 29.1305 84.45 43.9914
      vertex 29.1305 80.4 43.9914
    endloop
  endfacet
  facet normal 0.896709 0 -0.442621
    outer loop
      vertex 29.9239 78.5 42.6173
      vertex 29.866 78.8 42.5
      vertex 29.9239 78.8 42.6173
    endloop
  endfacet
  facet normal 0.896709 0 -0.442621
    outer loop
      vertex 29.866 78.8 42.5
      vertex 29.9239 78.5 42.6173
      vertex 29.866 78.5 42.5
    endloop
  endfacet
  facet normal 0.896709 0 -0.442621
    outer loop
      vertex 29.9239 80.4 42.6173
      vertex 29.866 84.45 42.5
      vertex 29.9239 84.45 42.6173
    endloop
  endfacet
  facet normal 0.896709 0 -0.442621
    outer loop
      vertex 29.866 84.45 42.5
      vertex 29.9239 80.4 42.6173
      vertex 29.866 80.4 42.5
    endloop
  endfacet
  facet normal 0.947066 0 -0.321039
    outer loop
      vertex 29.9659 78.5 42.7412
      vertex 29.9239 78.8 42.6173
      vertex 29.9659 78.8 42.7412
    endloop
  endfacet
  facet normal 0.947066 0 -0.321039
    outer loop
      vertex 29.9239 78.8 42.6173
      vertex 29.9659 78.5 42.7412
      vertex 29.9239 78.5 42.6173
    endloop
  endfacet
  facet normal 0.947066 0 -0.321039
    outer loop
      vertex 29.9659 80.4 42.7412
      vertex 29.9239 84.45 42.6173
      vertex 29.9659 84.45 42.7412
    endloop
  endfacet
  facet normal 0.947066 0 -0.321039
    outer loop
      vertex 29.9239 84.45 42.6173
      vertex 29.9659 80.4 42.7412
      vertex 29.9239 80.4 42.6173
    endloop
  endfacet
  facet normal 0.980815 0 -0.19494
    outer loop
      vertex 29.9914 78.5 42.8695
      vertex 29.9659 78.8 42.7412
      vertex 29.9914 78.8 42.8695
    endloop
  endfacet
  facet normal 0.980815 0 -0.19494
    outer loop
      vertex 29.9659 78.8 42.7412
      vertex 29.9914 78.5 42.8695
      vertex 29.9659 78.5 42.7412
    endloop
  endfacet
  facet normal 0.980815 0 -0.19494
    outer loop
      vertex 29.9914 80.4 42.8695
      vertex 29.9659 84.45 42.7412
      vertex 29.9914 84.45 42.8695
    endloop
  endfacet
  facet normal 0.980815 0 -0.19494
    outer loop
      vertex 29.9659 84.45 42.7412
      vertex 29.9914 80.4 42.8695
      vertex 29.9659 80.4 42.7412
    endloop
  endfacet
  facet normal 0.751486 -0 0.659749
    outer loop
      vertex 29.7071 78.5 43.7071
      vertex 29.7934 78.8 43.6088
      vertex 29.7071 78.8 43.7071
    endloop
  endfacet
  facet normal 0.751486 0 0.659749
    outer loop
      vertex 29.7934 78.8 43.6088
      vertex 29.7071 78.5 43.7071
      vertex 29.7934 78.5 43.6088
    endloop
  endfacet
  facet normal 0.751486 -0 0.659749
    outer loop
      vertex 29.7071 80.4 43.7071
      vertex 29.7934 84.45 43.6088
      vertex 29.7071 84.45 43.7071
    endloop
  endfacet
  facet normal 0.751486 0 0.659749
    outer loop
      vertex 29.7934 84.45 43.6088
      vertex 29.7071 80.4 43.7071
      vertex 29.7934 80.4 43.6088
    endloop
  endfacet
  facet normal 0.896709 -0 0.442621
    outer loop
      vertex 29.866 78.5 43.5
      vertex 29.9239 78.8 43.3827
      vertex 29.866 78.8 43.5
    endloop
  endfacet
  facet normal 0.896709 0 0.442621
    outer loop
      vertex 29.9239 78.8 43.3827
      vertex 29.866 78.5 43.5
      vertex 29.9239 78.5 43.3827
    endloop
  endfacet
  facet normal 0.896709 -0 0.442621
    outer loop
      vertex 29.866 80.4 43.5
      vertex 29.9239 84.45 43.3827
      vertex 29.866 84.45 43.5
    endloop
  endfacet
  facet normal 0.896709 0 0.442621
    outer loop
      vertex 29.9239 84.45 43.3827
      vertex 29.866 80.4 43.5
      vertex 29.9239 80.4 43.3827
    endloop
  endfacet
  facet normal 0.0657577 0 0.997836
    outer loop
      vertex 29 78.8 44
      vertex 29.1305 78.5 43.9914
      vertex 29.1305 78.8 43.9914
    endloop
  endfacet
  facet normal 0.0657577 0 0.997836
    outer loop
      vertex 29.1305 78.5 43.9914
      vertex 29 78.8 44
      vertex 29 78.5 44
    endloop
  endfacet
  facet normal 0.0657577 0 0.997836
    outer loop
      vertex 29 84.45 44
      vertex 29.1305 80.4 43.9914
      vertex 29.1305 84.45 43.9914
    endloop
  endfacet
  facet normal 0.0657577 0 0.997836
    outer loop
      vertex 29.1305 80.4 43.9914
      vertex 29 84.45 44
      vertex 29 80.4 44
    endloop
  endfacet
  facet normal -0.896709 0 0.442621
    outer loop
      vertex 28.0761 78.5 43.3827
      vertex 28.134 78.8 43.5
      vertex 28.0761 78.8 43.3827
    endloop
  endfacet
  facet normal -0.896709 0 0.442621
    outer loop
      vertex 28.134 78.8 43.5
      vertex 28.0761 78.5 43.3827
      vertex 28.134 78.5 43.5
    endloop
  endfacet
  facet normal -0.896709 0 0.442621
    outer loop
      vertex 28.0761 80.4 43.3827
      vertex 28.134 84.45 43.5
      vertex 28.0761 84.45 43.3827
    endloop
  endfacet
  facet normal -0.896709 0 0.442621
    outer loop
      vertex 28.134 84.45 43.5
      vertex 28.0761 80.4 43.3827
      vertex 28.134 80.4 43.5
    endloop
  endfacet
  facet normal -0.947066 0 0.321039
    outer loop
      vertex 28.0341 78.5 43.2588
      vertex 28.0761 78.8 43.3827
      vertex 28.0341 78.8 43.2588
    endloop
  endfacet
  facet normal -0.947066 0 0.321039
    outer loop
      vertex 28.0761 78.8 43.3827
      vertex 28.0341 78.5 43.2588
      vertex 28.0761 78.5 43.3827
    endloop
  endfacet
  facet normal -0.947066 0 0.321039
    outer loop
      vertex 28.0341 80.4 43.2588
      vertex 28.0761 84.45 43.3827
      vertex 28.0341 84.45 43.2588
    endloop
  endfacet
  facet normal -0.947066 0 0.321039
    outer loop
      vertex 28.0761 84.45 43.3827
      vertex 28.0341 80.4 43.2588
      vertex 28.0761 80.4 43.3827
    endloop
  endfacet
  facet normal 0.442621 0 0.896709
    outer loop
      vertex 29.3827 78.8 43.9239
      vertex 29.5 78.5 43.866
      vertex 29.5 78.8 43.866
    endloop
  endfacet
  facet normal 0.442621 0 0.896709
    outer loop
      vertex 29.5 78.5 43.866
      vertex 29.3827 78.8 43.9239
      vertex 29.3827 78.5 43.9239
    endloop
  endfacet
  facet normal 0.442621 0 0.896709
    outer loop
      vertex 29.3827 84.45 43.9239
      vertex 29.5 80.4 43.866
      vertex 29.5 84.45 43.866
    endloop
  endfacet
  facet normal 0.442621 0 0.896709
    outer loop
      vertex 29.5 80.4 43.866
      vertex 29.3827 84.45 43.9239
      vertex 29.3827 80.4 43.9239
    endloop
  endfacet
  facet normal 0.321039 0 0.947066
    outer loop
      vertex 29.2588 78.8 43.9659
      vertex 29.3827 78.5 43.9239
      vertex 29.3827 78.8 43.9239
    endloop
  endfacet
  facet normal 0.321039 0 0.947066
    outer loop
      vertex 29.3827 78.5 43.9239
      vertex 29.2588 78.8 43.9659
      vertex 29.2588 78.5 43.9659
    endloop
  endfacet
  facet normal 0.321039 0 0.947066
    outer loop
      vertex 29.2588 84.45 43.9659
      vertex 29.3827 80.4 43.9239
      vertex 29.3827 84.45 43.9239
    endloop
  endfacet
  facet normal 0.321039 0 0.947066
    outer loop
      vertex 29.3827 80.4 43.9239
      vertex 29.2588 84.45 43.9659
      vertex 29.2588 80.4 43.9659
    endloop
  endfacet
  facet normal 0.659749 0 0.751486
    outer loop
      vertex 29.6088 78.8 43.7934
      vertex 29.7071 78.5 43.7071
      vertex 29.7071 78.8 43.7071
    endloop
  endfacet
  facet normal 0.659749 0 0.751486
    outer loop
      vertex 29.7071 78.5 43.7071
      vertex 29.6088 78.8 43.7934
      vertex 29.6088 78.5 43.7934
    endloop
  endfacet
  facet normal 0.659749 0 0.751486
    outer loop
      vertex 29.6088 84.45 43.7934
      vertex 29.7071 80.4 43.7071
      vertex 29.7071 84.45 43.7071
    endloop
  endfacet
  facet normal 0.659749 0 0.751486
    outer loop
      vertex 29.7071 80.4 43.7071
      vertex 29.6088 84.45 43.7934
      vertex 29.6088 80.4 43.7934
    endloop
  endfacet
  facet normal 0.555053 0 0.831815
    outer loop
      vertex 29.5 78.8 43.866
      vertex 29.6088 78.5 43.7934
      vertex 29.6088 78.8 43.7934
    endloop
  endfacet
  facet normal 0.555053 0 0.831815
    outer loop
      vertex 29.6088 78.5 43.7934
      vertex 29.5 78.8 43.866
      vertex 29.5 78.5 43.866
    endloop
  endfacet
  facet normal 0.555053 0 0.831815
    outer loop
      vertex 29.5 84.45 43.866
      vertex 29.6088 80.4 43.7934
      vertex 29.6088 84.45 43.7934
    endloop
  endfacet
  facet normal 0.555053 0 0.831815
    outer loop
      vertex 29.6088 80.4 43.7934
      vertex 29.5 84.45 43.866
      vertex 29.5 80.4 43.866
    endloop
  endfacet
  facet normal 0.831815 -0 0.555053
    outer loop
      vertex 29.7934 78.5 43.6088
      vertex 29.866 78.8 43.5
      vertex 29.7934 78.8 43.6088
    endloop
  endfacet
  facet normal 0.831815 0 0.555053
    outer loop
      vertex 29.866 78.8 43.5
      vertex 29.7934 78.5 43.6088
      vertex 29.866 78.5 43.5
    endloop
  endfacet
  facet normal 0.831815 -0 0.555053
    outer loop
      vertex 29.7934 80.4 43.6088
      vertex 29.866 84.45 43.5
      vertex 29.7934 84.45 43.6088
    endloop
  endfacet
  facet normal 0.831815 0 0.555053
    outer loop
      vertex 29.866 84.45 43.5
      vertex 29.7934 80.4 43.6088
      vertex 29.866 80.4 43.5
    endloop
  endfacet
  facet normal -0.555053 0 0.831815
    outer loop
      vertex 28.3912 78.8 43.7934
      vertex 28.5 78.5 43.866
      vertex 28.5 78.8 43.866
    endloop
  endfacet
  facet normal -0.555053 0 0.831815
    outer loop
      vertex 28.5 78.5 43.866
      vertex 28.3912 78.8 43.7934
      vertex 28.3912 78.5 43.7934
    endloop
  endfacet
  facet normal -0.555053 0 0.831815
    outer loop
      vertex 28.3912 84.45 43.7934
      vertex 28.5 80.4 43.866
      vertex 28.5 84.45 43.866
    endloop
  endfacet
  facet normal -0.555053 0 0.831815
    outer loop
      vertex 28.5 80.4 43.866
      vertex 28.3912 84.45 43.7934
      vertex 28.3912 80.4 43.7934
    endloop
  endfacet
  facet normal -0.321039 0 0.947066
    outer loop
      vertex 28.6173 78.8 43.9239
      vertex 28.7412 78.5 43.9659
      vertex 28.7412 78.8 43.9659
    endloop
  endfacet
  facet normal -0.321039 0 0.947066
    outer loop
      vertex 28.7412 78.5 43.9659
      vertex 28.6173 78.8 43.9239
      vertex 28.6173 78.5 43.9239
    endloop
  endfacet
  facet normal -0.321039 0 0.947066
    outer loop
      vertex 28.6173 84.45 43.9239
      vertex 28.7412 80.4 43.9659
      vertex 28.7412 84.45 43.9659
    endloop
  endfacet
  facet normal -0.321039 0 0.947066
    outer loop
      vertex 28.7412 80.4 43.9659
      vertex 28.6173 84.45 43.9239
      vertex 28.6173 80.4 43.9239
    endloop
  endfacet
  facet normal -0.19494 0 0.980815
    outer loop
      vertex 28.7412 78.8 43.9659
      vertex 28.8695 78.5 43.9914
      vertex 28.8695 78.8 43.9914
    endloop
  endfacet
  facet normal -0.19494 0 0.980815
    outer loop
      vertex 28.8695 78.5 43.9914
      vertex 28.7412 78.8 43.9659
      vertex 28.7412 78.5 43.9659
    endloop
  endfacet
  facet normal -0.19494 0 0.980815
    outer loop
      vertex 28.7412 84.45 43.9659
      vertex 28.8695 80.4 43.9914
      vertex 28.8695 84.45 43.9914
    endloop
  endfacet
  facet normal -0.19494 0 0.980815
    outer loop
      vertex 28.8695 80.4 43.9914
      vertex 28.7412 84.45 43.9659
      vertex 28.7412 80.4 43.9659
    endloop
  endfacet
  facet normal -0.751486 0 0.659749
    outer loop
      vertex 28.2066 78.5 43.6088
      vertex 28.2929 78.8 43.7071
      vertex 28.2066 78.8 43.6088
    endloop
  endfacet
  facet normal -0.751486 0 0.659749
    outer loop
      vertex 28.2929 78.8 43.7071
      vertex 28.2066 78.5 43.6088
      vertex 28.2929 78.5 43.7071
    endloop
  endfacet
  facet normal -0.751486 0 0.659749
    outer loop
      vertex 28.2066 80.4 43.6088
      vertex 28.2929 84.45 43.7071
      vertex 28.2066 84.45 43.6088
    endloop
  endfacet
  facet normal -0.751486 0 0.659749
    outer loop
      vertex 28.2929 84.45 43.7071
      vertex 28.2066 80.4 43.6088
      vertex 28.2929 80.4 43.7071
    endloop
  endfacet
  facet normal -0.659749 0 0.751486
    outer loop
      vertex 28.2929 78.8 43.7071
      vertex 28.3912 78.5 43.7934
      vertex 28.3912 78.8 43.7934
    endloop
  endfacet
  facet normal -0.659749 0 0.751486
    outer loop
      vertex 28.3912 78.5 43.7934
      vertex 28.2929 78.8 43.7071
      vertex 28.2929 78.5 43.7071
    endloop
  endfacet
  facet normal -0.659749 0 0.751486
    outer loop
      vertex 28.2929 84.45 43.7071
      vertex 28.3912 80.4 43.7934
      vertex 28.3912 84.45 43.7934
    endloop
  endfacet
  facet normal -0.659749 0 0.751486
    outer loop
      vertex 28.3912 80.4 43.7934
      vertex 28.2929 84.45 43.7071
      vertex 28.2929 80.4 43.7071
    endloop
  endfacet
  facet normal -0.442621 0 0.896709
    outer loop
      vertex 28.5 78.8 43.866
      vertex 28.6173 78.5 43.9239
      vertex 28.6173 78.8 43.9239
    endloop
  endfacet
  facet normal -0.442621 0 0.896709
    outer loop
      vertex 28.6173 78.5 43.9239
      vertex 28.5 78.8 43.866
      vertex 28.5 78.5 43.866
    endloop
  endfacet
  facet normal -0.442621 0 0.896709
    outer loop
      vertex 28.5 84.45 43.866
      vertex 28.6173 80.4 43.9239
      vertex 28.6173 84.45 43.9239
    endloop
  endfacet
  facet normal -0.442621 0 0.896709
    outer loop
      vertex 28.6173 80.4 43.9239
      vertex 28.5 84.45 43.866
      vertex 28.5 80.4 43.866
    endloop
  endfacet
  facet normal -0.0657577 0 0.997836
    outer loop
      vertex 28.8695 78.8 43.9914
      vertex 29 78.5 44
      vertex 29 78.8 44
    endloop
  endfacet
  facet normal -0.0657577 0 0.997836
    outer loop
      vertex 29 78.5 44
      vertex 28.8695 78.8 43.9914
      vertex 28.8695 78.5 43.9914
    endloop
  endfacet
  facet normal -0.0657577 0 0.997836
    outer loop
      vertex 28.8695 84.45 43.9914
      vertex 29 80.4 44
      vertex 29 84.45 44
    endloop
  endfacet
  facet normal -0.0657577 0 0.997836
    outer loop
      vertex 29 80.4 44
      vertex 28.8695 84.45 43.9914
      vertex 28.8695 80.4 43.9914
    endloop
  endfacet
  facet normal -0.980801 0 -0.195013
    outer loop
      vertex 27.0681 84.45 42.4824
      vertex 27.0171 86.05 42.7389
      vertex 27.0681 86.05 42.4824
    endloop
  endfacet
  facet normal -0.980801 -0 -0.195013
    outer loop
      vertex 27.0171 86.05 42.7389
      vertex 27.0681 84.45 42.4824
      vertex 27.0171 84.45 42.7389
    endloop
  endfacet
  facet normal 0.831521 0 -0.555494
    outer loop
      vertex 30.732 84.45 42
      vertex 30.5867 86.05 41.7825
      vertex 30.732 86.05 42
    endloop
  endfacet
  facet normal 0.831521 0 -0.555494
    outer loop
      vertex 30.5867 86.05 41.7825
      vertex 30.732 84.45 42
      vertex 30.5867 84.45 41.7825
    endloop
  endfacet
  facet normal 0.195013 0 -0.980801
    outer loop
      vertex 29.2611 84.45 41.0171
      vertex 29.5176 86.05 41.0681
      vertex 29.5176 84.45 41.0681
    endloop
  endfacet
  facet normal 0.195013 0 -0.980801
    outer loop
      vertex 29.5176 86.05 41.0681
      vertex 29.2611 84.45 41.0171
      vertex 29.2611 86.05 41.0171
    endloop
  endfacet
  facet normal 0.321382 0 -0.94695
    outer loop
      vertex 29.5176 84.45 41.0681
      vertex 29.7654 86.05 41.1522
      vertex 29.7654 84.45 41.1522
    endloop
  endfacet
  facet normal 0.321382 0 -0.94695
    outer loop
      vertex 29.7654 86.05 41.1522
      vertex 29.5176 84.45 41.0681
      vertex 29.5176 86.05 41.0681
    endloop
  endfacet
  facet normal -0.442314 0 -0.89686
    outer loop
      vertex 28 84.45 41.2679
      vertex 28.2346 86.05 41.1522
      vertex 28.2346 84.45 41.1522
    endloop
  endfacet
  facet normal -0.442314 0 -0.89686
    outer loop
      vertex 28.2346 86.05 41.1522
      vertex 28 84.45 41.2679
      vertex 28 86.05 41.2679
    endloop
  endfacet
  facet normal -0.94695 0 -0.321382
    outer loop
      vertex 27.1522 84.45 42.2346
      vertex 27.0681 86.05 42.4824
      vertex 27.1522 86.05 42.2346
    endloop
  endfacet
  facet normal -0.94695 -0 -0.321382
    outer loop
      vertex 27.0681 86.05 42.4824
      vertex 27.1522 84.45 42.2346
      vertex 27.0681 84.45 42.4824
    endloop
  endfacet
  facet normal 0.980801 -0 0.195013
    outer loop
      vertex 30.9319 84.45 43.5176
      vertex 30.9829 86.05 43.2611
      vertex 30.9319 86.05 43.5176
    endloop
  endfacet
  facet normal 0.980801 0 0.195013
    outer loop
      vertex 30.9829 86.05 43.2611
      vertex 30.9319 84.45 43.5176
      vertex 30.9829 84.45 43.2611
    endloop
  endfacet
  facet normal 0.980801 0 -0.195013
    outer loop
      vertex 30.9829 84.45 42.7389
      vertex 30.9319 86.05 42.4824
      vertex 30.9829 86.05 42.7389
    endloop
  endfacet
  facet normal 0.980801 0 -0.195013
    outer loop
      vertex 30.9319 86.05 42.4824
      vertex 30.9829 84.45 42.7389
      vertex 30.9319 84.45 42.4824
    endloop
  endfacet
  facet normal 0.0653521 0 -0.997862
    outer loop
      vertex 29 84.45 41
      vertex 29.2611 86.05 41.0171
      vertex 29.2611 84.45 41.0171
    endloop
  endfacet
  facet normal 0.0653521 0 -0.997862
    outer loop
      vertex 29.2611 86.05 41.0171
      vertex 29 84.45 41
      vertex 29 86.05 41
    endloop
  endfacet
  facet normal 0.555758 0 -0.831344
    outer loop
      vertex 30 84.45 41.2679
      vertex 30.2175 86.05 41.4133
      vertex 30.2175 84.45 41.4133
    endloop
  endfacet
  facet normal 0.555758 0 -0.831344
    outer loop
      vertex 30.2175 86.05 41.4133
      vertex 30 84.45 41.2679
      vertex 30 86.05 41.2679
    endloop
  endfacet
  facet normal 0 -1 0
    outer loop
      vertex 28.7389 84.45 44.9829
      vertex 28.8695 84.45 43.9914
      vertex 29 84.45 44
    endloop
  endfacet
  facet normal 0 -1 0
    outer loop
      vertex 27.4133 84.45 44.2175
      vertex 28.7412 84.45 43.9659
      vertex 28.8695 84.45 43.9914
    endloop
  endfacet
  facet normal 0 -1 0
    outer loop
      vertex 27.4133 84.45 44.2175
      vertex 28.6173 84.45 43.9239
      vertex 28.7412 84.45 43.9659
    endloop
  endfacet
  facet normal 0 -1 0
    outer loop
      vertex 27.4133 84.45 44.2175
      vertex 28.5 84.45 43.866
      vertex 28.6173 84.45 43.9239
    endloop
  endfacet
  facet normal 0 -1 0
    outer loop
      vertex 27.4133 84.45 44.2175
      vertex 28.3912 84.45 43.7934
      vertex 28.5 84.45 43.866
    endloop
  endfacet
  facet normal 0 -1 0
    outer loop
      vertex 28.134 84.45 43.5
      vertex 27.2679 84.45 44
      vertex 27.1522 84.45 43.7654
    endloop
  endfacet
  facet normal 0 -1 0
    outer loop
      vertex 27.4133 84.45 44.2175
      vertex 28.2929 84.45 43.7071
      vertex 28.3912 84.45 43.7934
    endloop
  endfacet
  facet normal 0 -1 0
    outer loop
      vertex 27.4133 84.45 44.2175
      vertex 28.2066 84.45 43.6088
      vertex 28.2929 84.45 43.7071
    endloop
  endfacet
  facet normal 0 -1 0
    outer loop
      vertex 28.0761 84.45 43.3827
      vertex 27.1522 84.45 43.7654
      vertex 27.0681 84.45 43.5176
    endloop
  endfacet
  facet normal 0 -1 0
    outer loop
      vertex 27.2679 84.45 44
      vertex 28.134 84.45 43.5
      vertex 28.2066 84.45 43.6088
    endloop
  endfacet
  facet normal 0 -1 0
    outer loop
      vertex 27.1522 84.45 43.7654
      vertex 28.0761 84.45 43.3827
      vertex 28.134 84.45 43.5
    endloop
  endfacet
  facet normal 0 -1 0
    outer loop
      vertex 28.0341 84.45 43.2588
      vertex 27.0681 84.45 43.5176
      vertex 27.0171 84.45 43.2611
    endloop
  endfacet
  facet normal 0 -1 0
    outer loop
      vertex 27.0681 84.45 43.5176
      vertex 28.0341 84.45 43.2588
      vertex 28.0761 84.45 43.3827
    endloop
  endfacet
  facet normal 0 -1 0
    outer loop
      vertex 27.0171 84.45 43.2611
      vertex 28.0086 84.45 43.1305
      vertex 28.0341 84.45 43.2588
    endloop
  endfacet
  facet normal 0 -1 0
    outer loop
      vertex 27 84.45 43
      vertex 28.0086 84.45 43.1305
      vertex 27.0171 84.45 43.2611
    endloop
  endfacet
  facet normal 0 -1 0
    outer loop
      vertex 27 84.45 43
      vertex 28 84.45 43
      vertex 28.0086 84.45 43.1305
    endloop
  endfacet
  facet normal 0 -1 0
    outer loop
      vertex 27 84.45 43
      vertex 28.0086 84.45 42.8695
      vertex 28 84.45 43
    endloop
  endfacet
  facet normal 0 -1 0
    outer loop
      vertex 27.0171 84.45 42.7389
      vertex 28.0086 84.45 42.8695
      vertex 27 84.45 43
    endloop
  endfacet
  facet normal 0 -1 -0
    outer loop
      vertex 28.0086 84.45 42.8695
      vertex 27.0171 84.45 42.7389
      vertex 28.0341 84.45 42.7412
    endloop
  endfacet
  facet normal 0 -1 0
    outer loop
      vertex 27.0681 84.45 42.4824
      vertex 28.0341 84.45 42.7412
      vertex 27.0171 84.45 42.7389
    endloop
  endfacet
  facet normal 0 -1 -0
    outer loop
      vertex 28.0341 84.45 42.7412
      vertex 27.0681 84.45 42.4824
      vertex 28.0761 84.45 42.6173
    endloop
  endfacet
  facet normal 0 -1 0
    outer loop
      vertex 27.1522 84.45 42.2346
      vertex 28.0761 84.45 42.6173
      vertex 27.0681 84.45 42.4824
    endloop
  endfacet
  facet normal 0 -1 -0
    outer loop
      vertex 28.0761 84.45 42.6173
      vertex 27.1522 84.45 42.2346
      vertex 28.134 84.45 42.5
    endloop
  endfacet
  facet normal 0 -1 0
    outer loop
      vertex 27.2679 84.45 42
      vertex 28.134 84.45 42.5
      vertex 27.1522 84.45 42.2346
    endloop
  endfacet
  facet normal 0 -1 -0
    outer loop
      vertex 28.134 84.45 42.5
      vertex 27.2679 84.45 42
      vertex 28.2066 84.45 42.3912
    endloop
  endfacet
  facet normal 0 -1 0
    outer loop
      vertex 27.4133 84.45 41.7825
      vertex 28.2066 84.45 42.3912
      vertex 27.2679 84.45 42
    endloop
  endfacet
  facet normal 0 -1 -0
    outer loop
      vertex 28.2066 84.45 42.3912
      vertex 27.4133 84.45 41.7825
      vertex 28.2929 84.45 42.2929
    endloop
  endfacet
  facet normal 0 -1 0
    outer loop
      vertex 27.5858 84.45 41.5858
      vertex 28.2929 84.45 42.2929
      vertex 27.4133 84.45 41.7825
    endloop
  endfacet
  facet normal 0 -1 -0
    outer loop
      vertex 28.2929 84.45 42.2929
      vertex 27.5858 84.45 41.5858
      vertex 28.3912 84.45 42.2066
    endloop
  endfacet
  facet normal 0 -1 0
    outer loop
      vertex 27.7825 84.45 41.4133
      vertex 28.3912 84.45 42.2066
      vertex 27.5858 84.45 41.5858
    endloop
  endfacet
  facet normal 0 -1 -0
    outer loop
      vertex 28.3912 84.45 42.2066
      vertex 27.7825 84.45 41.4133
      vertex 28.5 84.45 42.134
    endloop
  endfacet
  facet normal 0 -1 0
    outer loop
      vertex 28 84.45 41.2679
      vertex 28.5 84.45 42.134
      vertex 27.7825 84.45 41.4133
    endloop
  endfacet
  facet normal 0 -1 -0
    outer loop
      vertex 28.5 84.45 42.134
      vertex 28 84.45 41.2679
      vertex 28.6173 84.45 42.0761
    endloop
  endfacet
  facet normal 0 -1 0
    outer loop
      vertex 28.2346 84.45 41.1522
      vertex 28.6173 84.45 42.0761
      vertex 28 84.45 41.2679
    endloop
  endfacet
  facet normal 0 -1 0
    outer loop
      vertex 29 84.45 42
      vertex 30.5867 84.45 41.7825
      vertex 30.732 84.45 42
    endloop
  endfacet
  facet normal 0 -1 -0
    outer loop
      vertex 28.6173 84.45 42.0761
      vertex 28.2346 84.45 41.1522
      vertex 28.7412 84.45 42.0341
    endloop
  endfacet
  facet normal 0 -1 0
    outer loop
      vertex 29 84.45 42
      vertex 30.4142 84.45 41.5858
      vertex 30.5867 84.45 41.7825
    endloop
  endfacet
  facet normal 0 -1 0
    outer loop
      vertex 28.4824 84.45 41.0681
      vertex 28.7412 84.45 42.0341
      vertex 28.2346 84.45 41.1522
    endloop
  endfacet
  facet normal 0 -1 0
    outer loop
      vertex 29 84.45 42
      vertex 30.2175 84.45 41.4133
      vertex 30.4142 84.45 41.5858
    endloop
  endfacet
  facet normal 0 -1 -0
    outer loop
      vertex 28.7412 84.45 42.0341
      vertex 28.4824 84.45 41.0681
      vertex 28.8695 84.45 42.0086
    endloop
  endfacet
  facet normal 0 -1 0
    outer loop
      vertex 29 84.45 42
      vertex 30 84.45 41.2679
      vertex 30.2175 84.45 41.4133
    endloop
  endfacet
  facet normal 0 -1 0
    outer loop
      vertex 28.7389 84.45 41.0171
      vertex 28.8695 84.45 42.0086
      vertex 28.4824 84.45 41.0681
    endloop
  endfacet
  facet normal 0 -1 0
    outer loop
      vertex 29 84.45 42
      vertex 29.7654 84.45 41.1522
      vertex 30 84.45 41.2679
    endloop
  endfacet
  facet normal 0 -1 -0
    outer loop
      vertex 28.8695 84.45 42.0086
      vertex 28.7389 84.45 41.0171
      vertex 29 84.45 42
    endloop
  endfacet
  facet normal 0 -1 0
    outer loop
      vertex 29 84.45 42
      vertex 29.5176 84.45 41.0681
      vertex 29.7654 84.45 41.1522
    endloop
  endfacet
  facet normal 0 -1 0
    outer loop
      vertex 29 84.45 41
      vertex 29 84.45 42
      vertex 28.7389 84.45 41.0171
    endloop
  endfacet
  facet normal 0 -1 0
    outer loop
      vertex 29 84.45 42
      vertex 29.2611 84.45 41.0171
      vertex 29.5176 84.45 41.0681
    endloop
  endfacet
  facet normal 0 -1 0
    outer loop
      vertex 29 84.45 42
      vertex 29 84.45 41
      vertex 29.2611 84.45 41.0171
    endloop
  endfacet
  facet normal 0 -1 0
    outer loop
      vertex 29 84.45 44
      vertex 29 84.45 45
      vertex 28.7389 84.45 44.9829
    endloop
  endfacet
  facet normal 0 -1 0
    outer loop
      vertex 28.8695 84.45 43.9914
      vertex 28.7389 84.45 44.9829
      vertex 28.4824 84.45 44.9319
    endloop
  endfacet
  facet normal 0 -1 0
    outer loop
      vertex 29 84.45 45
      vertex 29 84.45 44
      vertex 29.2611 84.45 44.9829
    endloop
  endfacet
  facet normal 0 -1 0
    outer loop
      vertex 28.8695 84.45 43.9914
      vertex 28.4824 84.45 44.9319
      vertex 28.2346 84.45 44.8478
    endloop
  endfacet
  facet normal 0 -1 0
    outer loop
      vertex 29.1305 84.45 43.9914
      vertex 29.2611 84.45 44.9829
      vertex 29 84.45 44
    endloop
  endfacet
  facet normal 0 -1 0
    outer loop
      vertex 28.8695 84.45 43.9914
      vertex 28.2346 84.45 44.8478
      vertex 28 84.45 44.732
    endloop
  endfacet
  facet normal 0 -1 -0
    outer loop
      vertex 29.2611 84.45 44.9829
      vertex 29.1305 84.45 43.9914
      vertex 29.5176 84.45 44.9319
    endloop
  endfacet
  facet normal 0 -1 0
    outer loop
      vertex 28.8695 84.45 43.9914
      vertex 28 84.45 44.732
      vertex 27.7825 84.45 44.5867
    endloop
  endfacet
  facet normal 0 -1 0
    outer loop
      vertex 29.2588 84.45 43.9659
      vertex 29.5176 84.45 44.9319
      vertex 29.1305 84.45 43.9914
    endloop
  endfacet
  facet normal 0 -1 0
    outer loop
      vertex 28.8695 84.45 43.9914
      vertex 27.7825 84.45 44.5867
      vertex 27.5858 84.45 44.4142
    endloop
  endfacet
  facet normal 0 -1 -0
    outer loop
      vertex 29.5176 84.45 44.9319
      vertex 29.2588 84.45 43.9659
      vertex 29.7654 84.45 44.8478
    endloop
  endfacet
  facet normal 0 -1 0
    outer loop
      vertex 28.8695 84.45 43.9914
      vertex 27.5858 84.45 44.4142
      vertex 27.4133 84.45 44.2175
    endloop
  endfacet
  facet normal 0 -1 0
    outer loop
      vertex 29.3827 84.45 43.9239
      vertex 29.7654 84.45 44.8478
      vertex 29.2588 84.45 43.9659
    endloop
  endfacet
  facet normal 0 -1 0
    outer loop
      vertex 28.2066 84.45 43.6088
      vertex 27.4133 84.45 44.2175
      vertex 27.2679 84.45 44
    endloop
  endfacet
  facet normal 0 -1 -0
    outer loop
      vertex 29.7654 84.45 44.8478
      vertex 29.3827 84.45 43.9239
      vertex 30 84.45 44.732
    endloop
  endfacet
  facet normal 0 -1 0
    outer loop
      vertex 29.5 84.45 43.866
      vertex 30 84.45 44.732
      vertex 29.3827 84.45 43.9239
    endloop
  endfacet
  facet normal 0 -1 -0
    outer loop
      vertex 30 84.45 44.732
      vertex 29.5 84.45 43.866
      vertex 30.2175 84.45 44.5867
    endloop
  endfacet
  facet normal 0 -1 0
    outer loop
      vertex 29.6088 84.45 43.7934
      vertex 30.2175 84.45 44.5867
      vertex 29.5 84.45 43.866
    endloop
  endfacet
  facet normal 0 -1 -0
    outer loop
      vertex 30.2175 84.45 44.5867
      vertex 29.6088 84.45 43.7934
      vertex 30.4142 84.45 44.4142
    endloop
  endfacet
  facet normal 0 -1 0
    outer loop
      vertex 29.7071 84.45 43.7071
      vertex 30.4142 84.45 44.4142
      vertex 29.6088 84.45 43.7934
    endloop
  endfacet
  facet normal 0 -1 -0
    outer loop
      vertex 30.4142 84.45 44.4142
      vertex 29.7071 84.45 43.7071
      vertex 30.5867 84.45 44.2175
    endloop
  endfacet
  facet normal 0 -1 0
    outer loop
      vertex 29.7934 84.45 43.6088
      vertex 30.5867 84.45 44.2175
      vertex 29.7071 84.45 43.7071
    endloop
  endfacet
  facet normal 0 -1 -0
    outer loop
      vertex 30.5867 84.45 44.2175
      vertex 29.7934 84.45 43.6088
      vertex 30.732 84.45 44
    endloop
  endfacet
  facet normal 0 -1 0
    outer loop
      vertex 29.866 84.45 43.5
      vertex 30.732 84.45 44
      vertex 29.7934 84.45 43.6088
    endloop
  endfacet
  facet normal 0 -1 -0
    outer loop
      vertex 30.732 84.45 44
      vertex 29.866 84.45 43.5
      vertex 30.8478 84.45 43.7654
    endloop
  endfacet
  facet normal 0 -1 0
    outer loop
      vertex 29.9239 84.45 43.3827
      vertex 30.8478 84.45 43.7654
      vertex 29.866 84.45 43.5
    endloop
  endfacet
  facet normal 0 -1 -0
    outer loop
      vertex 30.8478 84.45 43.7654
      vertex 29.9239 84.45 43.3827
      vertex 30.9319 84.45 43.5176
    endloop
  endfacet
  facet normal 0 -1 0
    outer loop
      vertex 29.9659 84.45 43.2588
      vertex 30.9319 84.45 43.5176
      vertex 29.9239 84.45 43.3827
    endloop
  endfacet
  facet normal 0 -1 -0
    outer loop
      vertex 30.9319 84.45 43.5176
      vertex 29.9659 84.45 43.2588
      vertex 30.9829 84.45 43.2611
    endloop
  endfacet
  facet normal 0 -1 0
    outer loop
      vertex 29.9914 84.45 43.1305
      vertex 30.9829 84.45 43.2611
      vertex 29.9659 84.45 43.2588
    endloop
  endfacet
  facet normal 0 -1 0
    outer loop
      vertex 30 84.45 43
      vertex 30.9829 84.45 43.2611
      vertex 29.9914 84.45 43.1305
    endloop
  endfacet
  facet normal 0 -1 0
    outer loop
      vertex 30 84.45 43
      vertex 31 84.45 43
      vertex 30.9829 84.45 43.2611
    endloop
  endfacet
  facet normal 0 -1 0
    outer loop
      vertex 29.9914 84.45 42.8695
      vertex 31 84.45 43
      vertex 30 84.45 43
    endloop
  endfacet
  facet normal 0 -1 0
    outer loop
      vertex 30.9829 84.45 42.7389
      vertex 29.9914 84.45 42.8695
      vertex 29.9659 84.45 42.7412
    endloop
  endfacet
  facet normal 0 -1 0
    outer loop
      vertex 29.9914 84.45 42.8695
      vertex 30.9829 84.45 42.7389
      vertex 31 84.45 43
    endloop
  endfacet
  facet normal 0 -1 0
    outer loop
      vertex 30.9319 84.45 42.4824
      vertex 29.9659 84.45 42.7412
      vertex 29.9239 84.45 42.6173
    endloop
  endfacet
  facet normal 0 -1 0
    outer loop
      vertex 30.8478 84.45 42.2346
      vertex 29.9239 84.45 42.6173
      vertex 29.866 84.45 42.5
    endloop
  endfacet
  facet normal 0 -1 0
    outer loop
      vertex 29.9659 84.45 42.7412
      vertex 30.9319 84.45 42.4824
      vertex 30.9829 84.45 42.7389
    endloop
  endfacet
  facet normal 0 -1 0
    outer loop
      vertex 30.732 84.45 42
      vertex 29.866 84.45 42.5
      vertex 29.7934 84.45 42.3912
    endloop
  endfacet
  facet normal 0 -1 0
    outer loop
      vertex 30.732 84.45 42
      vertex 29.7934 84.45 42.3912
      vertex 29.7071 84.45 42.2929
    endloop
  endfacet
  facet normal 0 -1 0
    outer loop
      vertex 29.9239 84.45 42.6173
      vertex 30.8478 84.45 42.2346
      vertex 30.9319 84.45 42.4824
    endloop
  endfacet
  facet normal 0 -1 0
    outer loop
      vertex 30.732 84.45 42
      vertex 29.7071 84.45 42.2929
      vertex 29.6088 84.45 42.2066
    endloop
  endfacet
  facet normal 0 -1 0
    outer loop
      vertex 30.732 84.45 42
      vertex 29.6088 84.45 42.2066
      vertex 29.5 84.45 42.134
    endloop
  endfacet
  facet normal 0 -1 0
    outer loop
      vertex 30.732 84.45 42
      vertex 29.5 84.45 42.134
      vertex 29.3827 84.45 42.0761
    endloop
  endfacet
  facet normal 0 -1 0
    outer loop
      vertex 30.732 84.45 42
      vertex 29.3827 84.45 42.0761
      vertex 29.2588 84.45 42.0341
    endloop
  endfacet
  facet normal 0 -1 0
    outer loop
      vertex 30.732 84.45 42
      vertex 29.2588 84.45 42.0341
      vertex 29.1305 84.45 42.0086
    endloop
  endfacet
  facet normal 0 -1 0
    outer loop
      vertex 29.866 84.45 42.5
      vertex 30.732 84.45 42
      vertex 30.8478 84.45 42.2346
    endloop
  endfacet
  facet normal 0 -1 0
    outer loop
      vertex 30.732 84.45 42
      vertex 29.1305 84.45 42.0086
      vertex 29 84.45 42
    endloop
  endfacet
  facet normal -0.997862 0 -0.0653521
    outer loop
      vertex 27.0171 84.45 42.7389
      vertex 27 86.05 43
      vertex 27.0171 86.05 42.7389
    endloop
  endfacet
  facet normal -0.997862 -0 -0.0653521
    outer loop
      vertex 27 86.05 43
      vertex 27.0171 84.45 42.7389
      vertex 27 84.45 43
    endloop
  endfacet
  facet normal -0.831344 0 -0.555758
    outer loop
      vertex 27.4133 84.45 41.7825
      vertex 27.2679 86.05 42
      vertex 27.4133 86.05 41.7825
    endloop
  endfacet
  facet normal -0.831344 -0 -0.555758
    outer loop
      vertex 27.2679 86.05 42
      vertex 27.4133 84.45 41.7825
      vertex 27.2679 84.45 42
    endloop
  endfacet
  facet normal -0.555758 0 -0.831344
    outer loop
      vertex 27.7825 84.45 41.4133
      vertex 28 86.05 41.2679
      vertex 28 84.45 41.2679
    endloop
  endfacet
  facet normal -0.555758 0 -0.831344
    outer loop
      vertex 28 86.05 41.2679
      vertex 27.7825 84.45 41.4133
      vertex 27.7825 86.05 41.4133
    endloop
  endfacet
  facet normal -0.195013 0 -0.980801
    outer loop
      vertex 28.4824 84.45 41.0681
      vertex 28.7389 86.05 41.0171
      vertex 28.7389 84.45 41.0171
    endloop
  endfacet
  facet normal -0.195013 0 -0.980801
    outer loop
      vertex 28.7389 86.05 41.0171
      vertex 28.4824 84.45 41.0681
      vertex 28.4824 86.05 41.0681
    endloop
  endfacet
  facet normal 0.997862 0 -0.0653521
    outer loop
      vertex 31 84.45 43
      vertex 30.9829 86.05 42.7389
      vertex 31 86.05 43
    endloop
  endfacet
  facet normal 0.997862 0 -0.0653521
    outer loop
      vertex 30.9829 86.05 42.7389
      vertex 31 84.45 43
      vertex 30.9829 84.45 42.7389
    endloop
  endfacet
  facet normal 0.94695 -0 0.321382
    outer loop
      vertex 30.8478 84.45 43.7654
      vertex 30.9319 86.05 43.5176
      vertex 30.8478 86.05 43.7654
    endloop
  endfacet
  facet normal 0.94695 0 0.321382
    outer loop
      vertex 30.9319 86.05 43.5176
      vertex 30.8478 84.45 43.7654
      vertex 30.9319 84.45 43.5176
    endloop
  endfacet
  facet normal -0.555494 0 0.831521
    outer loop
      vertex 27.7825 86.05 44.5867
      vertex 28 84.45 44.732
      vertex 28 86.05 44.732
    endloop
  endfacet
  facet normal -0.555494 0 0.831521
    outer loop
      vertex 28 84.45 44.732
      vertex 27.7825 86.05 44.5867
      vertex 27.7825 84.45 44.5867
    endloop
  endfacet
  facet normal -0.831344 0 0.555758
    outer loop
      vertex 27.2679 84.45 44
      vertex 27.4133 86.05 44.2175
      vertex 27.2679 86.05 44
    endloop
  endfacet
  facet normal -0.831344 0 0.555758
    outer loop
      vertex 27.4133 86.05 44.2175
      vertex 27.2679 84.45 44
      vertex 27.4133 84.45 44.2175
    endloop
  endfacet
  facet normal 0.555494 0 0.831521
    outer loop
      vertex 30 86.05 44.732
      vertex 30.2175 84.45 44.5867
      vertex 30.2175 86.05 44.5867
    endloop
  endfacet
  facet normal 0.555494 0 0.831521
    outer loop
      vertex 30.2175 84.45 44.5867
      vertex 30 86.05 44.732
      vertex 30 84.45 44.732
    endloop
  endfacet
  facet normal 0.659343 0 -0.751842
    outer loop
      vertex 30.2175 84.45 41.4133
      vertex 30.4142 86.05 41.5858
      vertex 30.4142 84.45 41.5858
    endloop
  endfacet
  facet normal 0.659343 0 -0.751842
    outer loop
      vertex 30.4142 86.05 41.5858
      vertex 30.2175 84.45 41.4133
      vertex 30.2175 86.05 41.4133
    endloop
  endfacet
  facet normal 0.751842 0 -0.659343
    outer loop
      vertex 30.5867 84.45 41.7825
      vertex 30.4142 86.05 41.5858
      vertex 30.5867 86.05 41.7825
    endloop
  endfacet
  facet normal 0.751842 0 -0.659343
    outer loop
      vertex 30.4142 86.05 41.5858
      vertex 30.5867 84.45 41.7825
      vertex 30.4142 84.45 41.5858
    endloop
  endfacet
  facet normal -0.0653521 0 -0.997862
    outer loop
      vertex 28.7389 84.45 41.0171
      vertex 29 86.05 41
      vertex 29 84.45 41
    endloop
  endfacet
  facet normal -0.0653521 0 -0.997862
    outer loop
      vertex 29 86.05 41
      vertex 28.7389 84.45 41.0171
      vertex 28.7389 86.05 41.0171
    endloop
  endfacet
  facet normal 0.442314 0 -0.89686
    outer loop
      vertex 29.7654 84.45 41.1522
      vertex 30 86.05 41.2679
      vertex 30 84.45 41.2679
    endloop
  endfacet
  facet normal 0.442314 0 -0.89686
    outer loop
      vertex 30 86.05 41.2679
      vertex 29.7654 84.45 41.1522
      vertex 29.7654 86.05 41.1522
    endloop
  endfacet
  facet normal 0 1 0
    outer loop
      vertex 29.2611 86.05 44.9829
      vertex 28.7389 86.05 44.9829
      vertex 29 86.05 45
    endloop
  endfacet
  facet normal 0 1 0
    outer loop
      vertex 29.5176 86.05 44.9319
      vertex 28.7389 86.05 44.9829
      vertex 29.2611 86.05 44.9829
    endloop
  endfacet
  facet normal 0 1 0
    outer loop
      vertex 29.5176 86.05 44.9319
      vertex 28.4824 86.05 44.9319
      vertex 28.7389 86.05 44.9829
    endloop
  endfacet
  facet normal 0 1 0
    outer loop
      vertex 29.7654 86.05 44.8478
      vertex 28.4824 86.05 44.9319
      vertex 29.5176 86.05 44.9319
    endloop
  endfacet
  facet normal 0 1 0
    outer loop
      vertex 29.7654 86.05 44.8478
      vertex 28.2346 86.05 44.8478
      vertex 28.4824 86.05 44.9319
    endloop
  endfacet
  facet normal 0 1 0
    outer loop
      vertex 30 86.05 44.732
      vertex 28.2346 86.05 44.8478
      vertex 29.7654 86.05 44.8478
    endloop
  endfacet
  facet normal 0 1 0
    outer loop
      vertex 30 86.05 44.732
      vertex 28 86.05 44.732
      vertex 28.2346 86.05 44.8478
    endloop
  endfacet
  facet normal 0 1 0
    outer loop
      vertex 30.2175 86.05 44.5867
      vertex 28 86.05 44.732
      vertex 30 86.05 44.732
    endloop
  endfacet
  facet normal 0 1 0
    outer loop
      vertex 30.2175 86.05 44.5867
      vertex 27.7825 86.05 44.5867
      vertex 28 86.05 44.732
    endloop
  endfacet
  facet normal 0 1 0
    outer loop
      vertex 30.4142 86.05 44.4142
      vertex 27.7825 86.05 44.5867
      vertex 30.2175 86.05 44.5867
    endloop
  endfacet
  facet normal 0 1 0
    outer loop
      vertex 30.4142 86.05 44.4142
      vertex 27.5858 86.05 44.4142
      vertex 27.7825 86.05 44.5867
    endloop
  endfacet
  facet normal 0 1 0
    outer loop
      vertex 30.5867 86.05 44.2175
      vertex 27.5858 86.05 44.4142
      vertex 30.4142 86.05 44.4142
    endloop
  endfacet
  facet normal 0 1 0
    outer loop
      vertex 30.5867 86.05 44.2175
      vertex 27.4133 86.05 44.2175
      vertex 27.5858 86.05 44.4142
    endloop
  endfacet
  facet normal 0 1 0
    outer loop
      vertex 30.732 86.05 44
      vertex 27.4133 86.05 44.2175
      vertex 30.5867 86.05 44.2175
    endloop
  endfacet
  facet normal 0 1 0
    outer loop
      vertex 30.732 86.05 44
      vertex 27.2679 86.05 44
      vertex 27.4133 86.05 44.2175
    endloop
  endfacet
  facet normal 0 1 0
    outer loop
      vertex 30.8478 86.05 43.7654
      vertex 27.2679 86.05 44
      vertex 30.732 86.05 44
    endloop
  endfacet
  facet normal 0 1 0
    outer loop
      vertex 30.8478 86.05 43.7654
      vertex 27.1522 86.05 43.7654
      vertex 27.2679 86.05 44
    endloop
  endfacet
  facet normal 0 1 0
    outer loop
      vertex 30.9319 86.05 43.5176
      vertex 27.1522 86.05 43.7654
      vertex 30.8478 86.05 43.7654
    endloop
  endfacet
  facet normal 0 1 0
    outer loop
      vertex 30.9319 86.05 43.5176
      vertex 27.0681 86.05 43.5176
      vertex 27.1522 86.05 43.7654
    endloop
  endfacet
  facet normal 0 1 0
    outer loop
      vertex 30.9829 86.05 43.2611
      vertex 27.0681 86.05 43.5176
      vertex 30.9319 86.05 43.5176
    endloop
  endfacet
  facet normal 0 1 0
    outer loop
      vertex 30.9829 86.05 43.2611
      vertex 27.0171 86.05 43.2611
      vertex 27.0681 86.05 43.5176
    endloop
  endfacet
  facet normal 0 1 0
    outer loop
      vertex 31 86.05 43
      vertex 27.0171 86.05 43.2611
      vertex 30.9829 86.05 43.2611
    endloop
  endfacet
  facet normal 0 1 0
    outer loop
      vertex 31 86.05 43
      vertex 27 86.05 43
      vertex 27.0171 86.05 43.2611
    endloop
  endfacet
  facet normal 0 1 -0
    outer loop
      vertex 30.9829 86.05 42.7389
      vertex 27 86.05 43
      vertex 31 86.05 43
    endloop
  endfacet
  facet normal 0 1 0
    outer loop
      vertex 30.9829 86.05 42.7389
      vertex 27.0171 86.05 42.7389
      vertex 27 86.05 43
    endloop
  endfacet
  facet normal 0 1 -0
    outer loop
      vertex 30.9319 86.05 42.4824
      vertex 27.0171 86.05 42.7389
      vertex 30.9829 86.05 42.7389
    endloop
  endfacet
  facet normal 0 1 0
    outer loop
      vertex 30.9319 86.05 42.4824
      vertex 27.0681 86.05 42.4824
      vertex 27.0171 86.05 42.7389
    endloop
  endfacet
  facet normal 0 1 -0
    outer loop
      vertex 30.8478 86.05 42.2346
      vertex 27.0681 86.05 42.4824
      vertex 30.9319 86.05 42.4824
    endloop
  endfacet
  facet normal 0 1 0
    outer loop
      vertex 30.8478 86.05 42.2346
      vertex 27.1522 86.05 42.2346
      vertex 27.0681 86.05 42.4824
    endloop
  endfacet
  facet normal 0 1 -0
    outer loop
      vertex 30.732 86.05 42
      vertex 27.1522 86.05 42.2346
      vertex 30.8478 86.05 42.2346
    endloop
  endfacet
  facet normal 0 1 0
    outer loop
      vertex 30.732 86.05 42
      vertex 27.2679 86.05 42
      vertex 27.1522 86.05 42.2346
    endloop
  endfacet
  facet normal 0 1 -0
    outer loop
      vertex 30.5867 86.05 41.7825
      vertex 27.2679 86.05 42
      vertex 30.732 86.05 42
    endloop
  endfacet
  facet normal 0 1 0
    outer loop
      vertex 30.5867 86.05 41.7825
      vertex 27.4133 86.05 41.7825
      vertex 27.2679 86.05 42
    endloop
  endfacet
  facet normal 0 1 -0
    outer loop
      vertex 30.4142 86.05 41.5858
      vertex 27.4133 86.05 41.7825
      vertex 30.5867 86.05 41.7825
    endloop
  endfacet
  facet normal 0 1 0
    outer loop
      vertex 30.4142 86.05 41.5858
      vertex 27.5858 86.05 41.5858
      vertex 27.4133 86.05 41.7825
    endloop
  endfacet
  facet normal 0 1 -0
    outer loop
      vertex 30.2175 86.05 41.4133
      vertex 27.5858 86.05 41.5858
      vertex 30.4142 86.05 41.5858
    endloop
  endfacet
  facet normal 0 1 0
    outer loop
      vertex 30.2175 86.05 41.4133
      vertex 27.7825 86.05 41.4133
      vertex 27.5858 86.05 41.5858
    endloop
  endfacet
  facet normal 0 1 -0
    outer loop
      vertex 30 86.05 41.2679
      vertex 27.7825 86.05 41.4133
      vertex 30.2175 86.05 41.4133
    endloop
  endfacet
  facet normal 0 1 0
    outer loop
      vertex 30 86.05 41.2679
      vertex 28 86.05 41.2679
      vertex 27.7825 86.05 41.4133
    endloop
  endfacet
  facet normal 0 1 -0
    outer loop
      vertex 29.7654 86.05 41.1522
      vertex 28 86.05 41.2679
      vertex 30 86.05 41.2679
    endloop
  endfacet
  facet normal 0 1 0
    outer loop
      vertex 29.7654 86.05 41.1522
      vertex 28.2346 86.05 41.1522
      vertex 28 86.05 41.2679
    endloop
  endfacet
  facet normal 0 1 -0
    outer loop
      vertex 29.5176 86.05 41.0681
      vertex 28.2346 86.05 41.1522
      vertex 29.7654 86.05 41.1522
    endloop
  endfacet
  facet normal 0 1 0
    outer loop
      vertex 29.5176 86.05 41.0681
      vertex 28.4824 86.05 41.0681
      vertex 28.2346 86.05 41.1522
    endloop
  endfacet
  facet normal 0 1 -0
    outer loop
      vertex 29.2611 86.05 41.0171
      vertex 28.4824 86.05 41.0681
      vertex 29.5176 86.05 41.0681
    endloop
  endfacet
  facet normal 0 1 0
    outer loop
      vertex 29.2611 86.05 41.0171
      vertex 28.7389 86.05 41.0171
      vertex 28.4824 86.05 41.0681
    endloop
  endfacet
  facet normal -0 1 0
    outer loop
      vertex 28.7389 86.05 41.0171
      vertex 29.2611 86.05 41.0171
      vertex 29 86.05 41
    endloop
  endfacet
  facet normal -0.89686 0 -0.442314
    outer loop
      vertex 27.2679 84.45 42
      vertex 27.1522 86.05 42.2346
      vertex 27.2679 86.05 42
    endloop
  endfacet
  facet normal -0.89686 -0 -0.442314
    outer loop
      vertex 27.1522 86.05 42.2346
      vertex 27.2679 84.45 42
      vertex 27.1522 84.45 42.2346
    endloop
  endfacet
  facet normal -0.321382 0 -0.94695
    outer loop
      vertex 28.2346 84.45 41.1522
      vertex 28.4824 86.05 41.0681
      vertex 28.4824 84.45 41.0681
    endloop
  endfacet
  facet normal -0.321382 0 -0.94695
    outer loop
      vertex 28.4824 86.05 41.0681
      vertex 28.2346 84.45 41.1522
      vertex 28.2346 86.05 41.1522
    endloop
  endfacet
  facet normal -0.659343 0 -0.751842
    outer loop
      vertex 27.5858 84.45 41.5858
      vertex 27.7825 86.05 41.4133
      vertex 27.7825 84.45 41.4133
    endloop
  endfacet
  facet normal -0.659343 0 -0.751842
    outer loop
      vertex 27.7825 86.05 41.4133
      vertex 27.5858 84.45 41.5858
      vertex 27.5858 86.05 41.5858
    endloop
  endfacet
  facet normal -0.751842 0 -0.659343
    outer loop
      vertex 27.5858 84.45 41.5858
      vertex 27.4133 86.05 41.7825
      vertex 27.5858 86.05 41.5858
    endloop
  endfacet
  facet normal -0.751842 -0 -0.659343
    outer loop
      vertex 27.4133 86.05 41.7825
      vertex 27.5858 84.45 41.5858
      vertex 27.4133 84.45 41.7825
    endloop
  endfacet
  facet normal 0.997862 -0 0.0653521
    outer loop
      vertex 30.9829 84.45 43.2611
      vertex 31 86.05 43
      vertex 30.9829 86.05 43.2611
    endloop
  endfacet
  facet normal 0.997862 0 0.0653521
    outer loop
      vertex 31 86.05 43
      vertex 30.9829 84.45 43.2611
      vertex 31 84.45 43
    endloop
  endfacet
  facet normal 0.831521 -0 0.555494
    outer loop
      vertex 30.5867 84.45 44.2175
      vertex 30.732 86.05 44
      vertex 30.5867 86.05 44.2175
    endloop
  endfacet
  facet normal 0.831521 0 0.555494
    outer loop
      vertex 30.732 86.05 44
      vertex 30.5867 84.45 44.2175
      vertex 30.732 84.45 44
    endloop
  endfacet
  facet normal 0.0653521 0 0.997862
    outer loop
      vertex 29 86.05 45
      vertex 29.2611 84.45 44.9829
      vertex 29.2611 86.05 44.9829
    endloop
  endfacet
  facet normal 0.0653521 0 0.997862
    outer loop
      vertex 29.2611 84.45 44.9829
      vertex 29 86.05 45
      vertex 29 84.45 45
    endloop
  endfacet
  facet normal -0.751842 0 0.659343
    outer loop
      vertex 27.4133 84.45 44.2175
      vertex 27.5858 86.05 44.4142
      vertex 27.4133 86.05 44.2175
    endloop
  endfacet
  facet normal -0.751842 0 0.659343
    outer loop
      vertex 27.5858 86.05 44.4142
      vertex 27.4133 84.45 44.2175
      vertex 27.5858 84.45 44.4142
    endloop
  endfacet
  facet normal 0.195013 0 0.980801
    outer loop
      vertex 29.2611 86.05 44.9829
      vertex 29.5176 84.45 44.9319
      vertex 29.5176 86.05 44.9319
    endloop
  endfacet
  facet normal 0.195013 0 0.980801
    outer loop
      vertex 29.5176 84.45 44.9319
      vertex 29.2611 86.05 44.9829
      vertex 29.2611 84.45 44.9829
    endloop
  endfacet
  facet normal 0.896709 0 -0.442621
    outer loop
      vertex 30.8478 84.45 42.2346
      vertex 30.732 86.05 42
      vertex 30.8478 86.05 42.2346
    endloop
  endfacet
  facet normal 0.896709 0 -0.442621
    outer loop
      vertex 30.732 86.05 42
      vertex 30.8478 84.45 42.2346
      vertex 30.732 84.45 42
    endloop
  endfacet
  facet normal 0.94695 0 -0.321382
    outer loop
      vertex 30.9319 84.45 42.4824
      vertex 30.8478 86.05 42.2346
      vertex 30.9319 86.05 42.4824
    endloop
  endfacet
  facet normal 0.94695 0 -0.321382
    outer loop
      vertex 30.8478 86.05 42.2346
      vertex 30.9319 84.45 42.4824
      vertex 30.8478 84.45 42.2346
    endloop
  endfacet
  facet normal -0.997862 0 0.0653521
    outer loop
      vertex 27 84.45 43
      vertex 27.0171 86.05 43.2611
      vertex 27 86.05 43
    endloop
  endfacet
  facet normal -0.997862 0 0.0653521
    outer loop
      vertex 27.0171 86.05 43.2611
      vertex 27 84.45 43
      vertex 27.0171 84.45 43.2611
    endloop
  endfacet
  facet normal 0.896709 -0 0.442621
    outer loop
      vertex 30.732 84.45 44
      vertex 30.8478 86.05 43.7654
      vertex 30.732 86.05 44
    endloop
  endfacet
  facet normal 0.896709 0 0.442621
    outer loop
      vertex 30.8478 86.05 43.7654
      vertex 30.732 84.45 44
      vertex 30.8478 84.45 43.7654
    endloop
  endfacet
  facet normal -0.195013 0 0.980801
    outer loop
      vertex 28.4824 86.05 44.9319
      vertex 28.7389 84.45 44.9829
      vertex 28.7389 86.05 44.9829
    endloop
  endfacet
  facet normal -0.195013 0 0.980801
    outer loop
      vertex 28.7389 84.45 44.9829
      vertex 28.4824 86.05 44.9319
      vertex 28.4824 84.45 44.9319
    endloop
  endfacet
  facet normal -0.89686 0 0.442314
    outer loop
      vertex 27.1522 84.45 43.7654
      vertex 27.2679 86.05 44
      vertex 27.1522 86.05 43.7654
    endloop
  endfacet
  facet normal -0.89686 0 0.442314
    outer loop
      vertex 27.2679 86.05 44
      vertex 27.1522 84.45 43.7654
      vertex 27.2679 84.45 44
    endloop
  endfacet
  facet normal -0.94695 0 0.321382
    outer loop
      vertex 27.0681 84.45 43.5176
      vertex 27.1522 86.05 43.7654
      vertex 27.0681 86.05 43.5176
    endloop
  endfacet
  facet normal -0.94695 0 0.321382
    outer loop
      vertex 27.1522 86.05 43.7654
      vertex 27.0681 84.45 43.5176
      vertex 27.1522 84.45 43.7654
    endloop
  endfacet
  facet normal -0.980801 0 0.195013
    outer loop
      vertex 27.0171 84.45 43.2611
      vertex 27.0681 86.05 43.5176
      vertex 27.0171 86.05 43.2611
    endloop
  endfacet
  facet normal -0.980801 0 0.195013
    outer loop
      vertex 27.0681 86.05 43.5176
      vertex 27.0171 84.45 43.2611
      vertex 27.0681 84.45 43.5176
    endloop
  endfacet
  facet normal -0.659343 0 0.751842
    outer loop
      vertex 27.5858 86.05 44.4142
      vertex 27.7825 84.45 44.5867
      vertex 27.7825 86.05 44.5867
    endloop
  endfacet
  facet normal -0.659343 0 0.751842
    outer loop
      vertex 27.7825 84.45 44.5867
      vertex 27.5858 86.05 44.4142
      vertex 27.5858 84.45 44.4142
    endloop
  endfacet
  facet normal 0.442621 0 0.896709
    outer loop
      vertex 29.7654 86.05 44.8478
      vertex 30 84.45 44.732
      vertex 30 86.05 44.732
    endloop
  endfacet
  facet normal 0.442621 0 0.896709
    outer loop
      vertex 30 84.45 44.732
      vertex 29.7654 86.05 44.8478
      vertex 29.7654 84.45 44.8478
    endloop
  endfacet
  facet normal 0.321382 0 0.94695
    outer loop
      vertex 29.5176 86.05 44.9319
      vertex 29.7654 84.45 44.8478
      vertex 29.7654 86.05 44.8478
    endloop
  endfacet
  facet normal 0.321382 0 0.94695
    outer loop
      vertex 29.7654 84.45 44.8478
      vertex 29.5176 86.05 44.9319
      vertex 29.5176 84.45 44.9319
    endloop
  endfacet
  facet normal 0.659343 0 0.751842
    outer loop
      vertex 30.2175 86.05 44.5867
      vertex 30.4142 84.45 44.4142
      vertex 30.4142 86.05 44.4142
    endloop
  endfacet
  facet normal 0.659343 0 0.751842
    outer loop
      vertex 30.4142 84.45 44.4142
      vertex 30.2175 86.05 44.5867
      vertex 30.2175 84.45 44.5867
    endloop
  endfacet
  facet normal -0.321382 0 0.94695
    outer loop
      vertex 28.2346 86.05 44.8478
      vertex 28.4824 84.45 44.9319
      vertex 28.4824 86.05 44.9319
    endloop
  endfacet
  facet normal -0.321382 0 0.94695
    outer loop
      vertex 28.4824 84.45 44.9319
      vertex 28.2346 86.05 44.8478
      vertex 28.2346 84.45 44.8478
    endloop
  endfacet
  facet normal 0.751842 -0 0.659343
    outer loop
      vertex 30.4142 84.45 44.4142
      vertex 30.5867 86.05 44.2175
      vertex 30.4142 86.05 44.4142
    endloop
  endfacet
  facet normal 0.751842 0 0.659343
    outer loop
      vertex 30.5867 86.05 44.2175
      vertex 30.4142 84.45 44.4142
      vertex 30.5867 84.45 44.2175
    endloop
  endfacet
  facet normal -0.0653521 0 0.997862
    outer loop
      vertex 28.7389 86.05 44.9829
      vertex 29 84.45 45
      vertex 29 86.05 45
    endloop
  endfacet
  facet normal -0.0653521 0 0.997862
    outer loop
      vertex 29 84.45 45
      vertex 28.7389 86.05 44.9829
      vertex 28.7389 84.45 44.9829
    endloop
  endfacet
  facet normal -0.442621 0 0.896709
    outer loop
      vertex 28 86.05 44.732
      vertex 28.2346 84.45 44.8478
      vertex 28.2346 86.05 44.8478
    endloop
  endfacet
  facet normal -0.442621 0 0.896709
    outer loop
      vertex 28.2346 84.45 44.8478
      vertex 28 86.05 44.732
      vertex 28 84.45 44.732
    endloop
  endfacet
  facet normal 0.866023 0 -0.500004
    outer loop
      vertex 31.31 78.8 43
      vertex 30.155 80.4 40.9995
      vertex 31.31 80.4 43
    endloop
  endfacet
  facet normal 0.866023 0 -0.500004
    outer loop
      vertex 30.155 80.4 40.9995
      vertex 31.31 78.8 43
      vertex 30.155 78.8 40.9995
    endloop
  endfacet
  facet normal -0.866023 0 -0.500004
    outer loop
      vertex 27.845 78.8 40.9995
      vertex 26.69 80.4 43
      vertex 27.845 80.4 40.9995
    endloop
  endfacet
  facet normal -0.866023 -0 -0.500004
    outer loop
      vertex 26.69 80.4 43
      vertex 27.845 78.8 40.9995
      vertex 26.69 78.8 43
    endloop
  endfacet
  facet normal 0 0 -1
    outer loop
      vertex 27.845 78.8 40.9995
      vertex 30.155 80.4 40.9995
      vertex 30.155 78.8 40.9995
    endloop
  endfacet
  facet normal -0 0 -1
    outer loop
      vertex 30.155 80.4 40.9995
      vertex 27.845 78.8 40.9995
      vertex 27.845 80.4 40.9995
    endloop
  endfacet
  facet normal 0 1 0
    outer loop
      vertex 30.155 80.4 45.0005
      vertex 29 80.4 44
      vertex 27.845 80.4 45.0005
    endloop
  endfacet
  facet normal 0 1 0
    outer loop
      vertex 30.155 80.4 45.0005
      vertex 29.1305 80.4 43.9914
      vertex 29 80.4 44
    endloop
  endfacet
  facet normal 0 1 0
    outer loop
      vertex 30.155 80.4 45.0005
      vertex 29.2588 80.4 43.9659
      vertex 29.1305 80.4 43.9914
    endloop
  endfacet
  facet normal 0 1 0
    outer loop
      vertex 30.155 80.4 45.0005
      vertex 29.3827 80.4 43.9239
      vertex 29.2588 80.4 43.9659
    endloop
  endfacet
  facet normal 0 1 0
    outer loop
      vertex 30.155 80.4 45.0005
      vertex 29.5 80.4 43.866
      vertex 29.3827 80.4 43.9239
    endloop
  endfacet
  facet normal 0 1 0
    outer loop
      vertex 30.155 80.4 45.0005
      vertex 29.6088 80.4 43.7934
      vertex 29.5 80.4 43.866
    endloop
  endfacet
  facet normal 0 1 0
    outer loop
      vertex 30.155 80.4 45.0005
      vertex 29.7071 80.4 43.7071
      vertex 29.6088 80.4 43.7934
    endloop
  endfacet
  facet normal 0 1 0
    outer loop
      vertex 30.155 80.4 45.0005
      vertex 29.7934 80.4 43.6088
      vertex 29.7071 80.4 43.7071
    endloop
  endfacet
  facet normal 0 1 0
    outer loop
      vertex 30.155 80.4 45.0005
      vertex 29.866 80.4 43.5
      vertex 29.7934 80.4 43.6088
    endloop
  endfacet
  facet normal 0 1 0
    outer loop
      vertex 31.31 80.4 43
      vertex 29.866 80.4 43.5
      vertex 30.155 80.4 45.0005
    endloop
  endfacet
  facet normal 0 1 0
    outer loop
      vertex 29.866 80.4 43.5
      vertex 31.31 80.4 43
      vertex 29.9239 80.4 43.3827
    endloop
  endfacet
  facet normal 0 1 0
    outer loop
      vertex 29.9239 80.4 43.3827
      vertex 31.31 80.4 43
      vertex 29.9659 80.4 43.2588
    endloop
  endfacet
  facet normal 0 1 0
    outer loop
      vertex 29.9659 80.4 43.2588
      vertex 31.31 80.4 43
      vertex 29.9914 80.4 43.1305
    endloop
  endfacet
  facet normal 0 1 0
    outer loop
      vertex 31.31 80.4 43
      vertex 30 80.4 43
      vertex 29.9914 80.4 43.1305
    endloop
  endfacet
  facet normal 0 1 0
    outer loop
      vertex 31.31 80.4 43
      vertex 29.9914 80.4 42.8695
      vertex 30 80.4 43
    endloop
  endfacet
  facet normal 0 1 0
    outer loop
      vertex 31.31 80.4 43
      vertex 29.9659 80.4 42.7412
      vertex 29.9914 80.4 42.8695
    endloop
  endfacet
  facet normal 0 1 0
    outer loop
      vertex 31.31 80.4 43
      vertex 29.9239 80.4 42.6173
      vertex 29.9659 80.4 42.7412
    endloop
  endfacet
  facet normal 0 1 0
    outer loop
      vertex 31.31 80.4 43
      vertex 29.866 80.4 42.5
      vertex 29.9239 80.4 42.6173
    endloop
  endfacet
  facet normal 0 1 -0
    outer loop
      vertex 30.155 80.4 40.9995
      vertex 29.866 80.4 42.5
      vertex 31.31 80.4 43
    endloop
  endfacet
  facet normal 0 1 0
    outer loop
      vertex 29.866 80.4 42.5
      vertex 30.155 80.4 40.9995
      vertex 29.7934 80.4 42.3912
    endloop
  endfacet
  facet normal 0 1 0
    outer loop
      vertex 29.7934 80.4 42.3912
      vertex 30.155 80.4 40.9995
      vertex 29.7071 80.4 42.2929
    endloop
  endfacet
  facet normal 0 1 0
    outer loop
      vertex 29.7071 80.4 42.2929
      vertex 30.155 80.4 40.9995
      vertex 29.6088 80.4 42.2066
    endloop
  endfacet
  facet normal 0 1 0
    outer loop
      vertex 29.6088 80.4 42.2066
      vertex 30.155 80.4 40.9995
      vertex 29.5 80.4 42.134
    endloop
  endfacet
  facet normal 0 1 0
    outer loop
      vertex 29.1305 80.4 42.0086
      vertex 30.155 80.4 40.9995
      vertex 29 80.4 42
    endloop
  endfacet
  facet normal 0 1 0
    outer loop
      vertex 29.2588 80.4 42.0341
      vertex 30.155 80.4 40.9995
      vertex 29.1305 80.4 42.0086
    endloop
  endfacet
  facet normal 0 1 0
    outer loop
      vertex 29.3827 80.4 42.0761
      vertex 30.155 80.4 40.9995
      vertex 29.2588 80.4 42.0341
    endloop
  endfacet
  facet normal 0 1 0
    outer loop
      vertex 29.5 80.4 42.134
      vertex 30.155 80.4 40.9995
      vertex 29.3827 80.4 42.0761
    endloop
  endfacet
  facet normal 0 1 -0
    outer loop
      vertex 28.8695 80.4 43.9914
      vertex 27.845 80.4 45.0005
      vertex 29 80.4 44
    endloop
  endfacet
  facet normal 0 1 -0
    outer loop
      vertex 28.7412 80.4 43.9659
      vertex 27.845 80.4 45.0005
      vertex 28.8695 80.4 43.9914
    endloop
  endfacet
  facet normal 0 1 -0
    outer loop
      vertex 28.6173 80.4 43.9239
      vertex 27.845 80.4 45.0005
      vertex 28.7412 80.4 43.9659
    endloop
  endfacet
  facet normal 0 1 -0
    outer loop
      vertex 28.5 80.4 43.866
      vertex 27.845 80.4 45.0005
      vertex 28.6173 80.4 43.9239
    endloop
  endfacet
  facet normal 0 1 -0
    outer loop
      vertex 28.3912 80.4 43.7934
      vertex 27.845 80.4 45.0005
      vertex 28.5 80.4 43.866
    endloop
  endfacet
  facet normal 0 1 -0
    outer loop
      vertex 28.2929 80.4 43.7071
      vertex 27.845 80.4 45.0005
      vertex 28.3912 80.4 43.7934
    endloop
  endfacet
  facet normal 0 1 -0
    outer loop
      vertex 28.2066 80.4 43.6088
      vertex 27.845 80.4 45.0005
      vertex 28.2929 80.4 43.7071
    endloop
  endfacet
  facet normal 0 1 -0
    outer loop
      vertex 28.134 80.4 43.5
      vertex 27.845 80.4 45.0005
      vertex 28.2066 80.4 43.6088
    endloop
  endfacet
  facet normal 0 1 0
    outer loop
      vertex 26.69 80.4 43
      vertex 28.134 80.4 43.5
      vertex 28.0761 80.4 43.3827
    endloop
  endfacet
  facet normal 0 1 0
    outer loop
      vertex 26.69 80.4 43
      vertex 28.0761 80.4 43.3827
      vertex 28.0341 80.4 43.2588
    endloop
  endfacet
  facet normal 0 1 0
    outer loop
      vertex 26.69 80.4 43
      vertex 28.0341 80.4 43.2588
      vertex 28.0086 80.4 43.1305
    endloop
  endfacet
  facet normal 0 1 0
    outer loop
      vertex 26.69 80.4 43
      vertex 28.0086 80.4 43.1305
      vertex 28 80.4 43
    endloop
  endfacet
  facet normal 0 1 0
    outer loop
      vertex 28.134 80.4 43.5
      vertex 26.69 80.4 43
      vertex 27.845 80.4 45.0005
    endloop
  endfacet
  facet normal 0 1 0
    outer loop
      vertex 28.0086 80.4 42.8695
      vertex 26.69 80.4 43
      vertex 28 80.4 43
    endloop
  endfacet
  facet normal 0 1 0
    outer loop
      vertex 28.0341 80.4 42.7412
      vertex 26.69 80.4 43
      vertex 28.0086 80.4 42.8695
    endloop
  endfacet
  facet normal 0 1 0
    outer loop
      vertex 28.0761 80.4 42.6173
      vertex 26.69 80.4 43
      vertex 28.0341 80.4 42.7412
    endloop
  endfacet
  facet normal 0 1 0
    outer loop
      vertex 28.134 80.4 42.5
      vertex 26.69 80.4 43
      vertex 28.0761 80.4 42.6173
    endloop
  endfacet
  facet normal 0 1 0
    outer loop
      vertex 27.845 80.4 40.9995
      vertex 28.134 80.4 42.5
      vertex 28.2066 80.4 42.3912
    endloop
  endfacet
  facet normal 0 1 0
    outer loop
      vertex 27.845 80.4 40.9995
      vertex 28.2066 80.4 42.3912
      vertex 28.2929 80.4 42.2929
    endloop
  endfacet
  facet normal 0 1 0
    outer loop
      vertex 27.845 80.4 40.9995
      vertex 28.2929 80.4 42.2929
      vertex 28.3912 80.4 42.2066
    endloop
  endfacet
  facet normal 0 1 0
    outer loop
      vertex 27.845 80.4 40.9995
      vertex 28.3912 80.4 42.2066
      vertex 28.5 80.4 42.134
    endloop
  endfacet
  facet normal 0 1 0
    outer loop
      vertex 27.845 80.4 40.9995
      vertex 28.5 80.4 42.134
      vertex 28.6173 80.4 42.0761
    endloop
  endfacet
  facet normal 0 1 0
    outer loop
      vertex 27.845 80.4 40.9995
      vertex 29 80.4 42
      vertex 30.155 80.4 40.9995
    endloop
  endfacet
  facet normal 0 1 0
    outer loop
      vertex 29 80.4 42
      vertex 27.845 80.4 40.9995
      vertex 28.8695 80.4 42.0086
    endloop
  endfacet
  facet normal 0 1 0
    outer loop
      vertex 28.8695 80.4 42.0086
      vertex 27.845 80.4 40.9995
      vertex 28.7412 80.4 42.0341
    endloop
  endfacet
  facet normal 0 1 0
    outer loop
      vertex 28.7412 80.4 42.0341
      vertex 27.845 80.4 40.9995
      vertex 28.6173 80.4 42.0761
    endloop
  endfacet
  facet normal 0 1 0
    outer loop
      vertex 28.134 80.4 42.5
      vertex 27.845 80.4 40.9995
      vertex 26.69 80.4 43
    endloop
  endfacet
  facet normal -0.866023 0 0.500004
    outer loop
      vertex 26.69 78.8 43
      vertex 27.845 80.4 45.0005
      vertex 26.69 80.4 43
    endloop
  endfacet
  facet normal -0.866023 0 0.500004
    outer loop
      vertex 27.845 80.4 45.0005
      vertex 26.69 78.8 43
      vertex 27.845 78.8 45.0005
    endloop
  endfacet
  facet normal 0 -1 0
    outer loop
      vertex 27.845 78.8 45.0005
      vertex 29 78.8 44
      vertex 30.155 78.8 45.0005
    endloop
  endfacet
  facet normal 0 -1 0
    outer loop
      vertex 27.845 78.8 45.0005
      vertex 28.8695 78.8 43.9914
      vertex 29 78.8 44
    endloop
  endfacet
  facet normal 0 -1 0
    outer loop
      vertex 27.845 78.8 45.0005
      vertex 28.7412 78.8 43.9659
      vertex 28.8695 78.8 43.9914
    endloop
  endfacet
  facet normal 0 -1 0
    outer loop
      vertex 27.845 78.8 45.0005
      vertex 28.6173 78.8 43.9239
      vertex 28.7412 78.8 43.9659
    endloop
  endfacet
  facet normal 0 -1 0
    outer loop
      vertex 27.845 78.8 45.0005
      vertex 28.5 78.8 43.866
      vertex 28.6173 78.8 43.9239
    endloop
  endfacet
  facet normal 0 -1 0
    outer loop
      vertex 27.845 78.8 45.0005
      vertex 28.3912 78.8 43.7934
      vertex 28.5 78.8 43.866
    endloop
  endfacet
  facet normal 0 -1 0
    outer loop
      vertex 27.845 78.8 45.0005
      vertex 28.2929 78.8 43.7071
      vertex 28.3912 78.8 43.7934
    endloop
  endfacet
  facet normal 0 -1 0
    outer loop
      vertex 27.845 78.8 45.0005
      vertex 28.2066 78.8 43.6088
      vertex 28.2929 78.8 43.7071
    endloop
  endfacet
  facet normal 0 -1 0
    outer loop
      vertex 27.845 78.8 45.0005
      vertex 28.134 78.8 43.5
      vertex 28.2066 78.8 43.6088
    endloop
  endfacet
  facet normal 0 -1 0
    outer loop
      vertex 26.69 78.8 43
      vertex 28.134 78.8 43.5
      vertex 27.845 78.8 45.0005
    endloop
  endfacet
  facet normal 0 -1 0
    outer loop
      vertex 28.134 78.8 43.5
      vertex 26.69 78.8 43
      vertex 28.0761 78.8 43.3827
    endloop
  endfacet
  facet normal 0 -1 0
    outer loop
      vertex 28.0761 78.8 43.3827
      vertex 26.69 78.8 43
      vertex 28.0341 78.8 43.2588
    endloop
  endfacet
  facet normal 0 -1 0
    outer loop
      vertex 28.0341 78.8 43.2588
      vertex 26.69 78.8 43
      vertex 28.0086 78.8 43.1305
    endloop
  endfacet
  facet normal 0 -1 0
    outer loop
      vertex 26.69 78.8 43
      vertex 28 78.8 43
      vertex 28.0086 78.8 43.1305
    endloop
  endfacet
  facet normal 0 -1 0
    outer loop
      vertex 26.69 78.8 43
      vertex 28.0086 78.8 42.8695
      vertex 28 78.8 43
    endloop
  endfacet
  facet normal 0 -1 0
    outer loop
      vertex 26.69 78.8 43
      vertex 28.0341 78.8 42.7412
      vertex 28.0086 78.8 42.8695
    endloop
  endfacet
  facet normal 0 -1 0
    outer loop
      vertex 26.69 78.8 43
      vertex 28.0761 78.8 42.6173
      vertex 28.0341 78.8 42.7412
    endloop
  endfacet
  facet normal 0 -1 0
    outer loop
      vertex 26.69 78.8 43
      vertex 28.134 78.8 42.5
      vertex 28.0761 78.8 42.6173
    endloop
  endfacet
  facet normal 0 -1 0
    outer loop
      vertex 27.845 78.8 40.9995
      vertex 28.134 78.8 42.5
      vertex 26.69 78.8 43
    endloop
  endfacet
  facet normal 0 -1 -0
    outer loop
      vertex 28.134 78.8 42.5
      vertex 27.845 78.8 40.9995
      vertex 28.2066 78.8 42.3912
    endloop
  endfacet
  facet normal 0 -1 -0
    outer loop
      vertex 28.2066 78.8 42.3912
      vertex 27.845 78.8 40.9995
      vertex 28.2929 78.8 42.2929
    endloop
  endfacet
  facet normal 0 -1 -0
    outer loop
      vertex 28.2929 78.8 42.2929
      vertex 27.845 78.8 40.9995
      vertex 28.3912 78.8 42.2066
    endloop
  endfacet
  facet normal 0 -1 -0
    outer loop
      vertex 28.3912 78.8 42.2066
      vertex 27.845 78.8 40.9995
      vertex 28.5 78.8 42.134
    endloop
  endfacet
  facet normal 0 -1 -0
    outer loop
      vertex 28.8695 78.8 42.0086
      vertex 27.845 78.8 40.9995
      vertex 29 78.8 42
    endloop
  endfacet
  facet normal 0 -1 -0
    outer loop
      vertex 28.7412 78.8 42.0341
      vertex 27.845 78.8 40.9995
      vertex 28.8695 78.8 42.0086
    endloop
  endfacet
  facet normal 0 -1 -0
    outer loop
      vertex 28.6173 78.8 42.0761
      vertex 27.845 78.8 40.9995
      vertex 28.7412 78.8 42.0341
    endloop
  endfacet
  facet normal 0 -1 -0
    outer loop
      vertex 28.5 78.8 42.134
      vertex 27.845 78.8 40.9995
      vertex 28.6173 78.8 42.0761
    endloop
  endfacet
  facet normal 0 -1 0
    outer loop
      vertex 29.1305 78.8 43.9914
      vertex 30.155 78.8 45.0005
      vertex 29 78.8 44
    endloop
  endfacet
  facet normal 0 -1 0
    outer loop
      vertex 29.2588 78.8 43.9659
      vertex 30.155 78.8 45.0005
      vertex 29.1305 78.8 43.9914
    endloop
  endfacet
  facet normal 0 -1 0
    outer loop
      vertex 29.3827 78.8 43.9239
      vertex 30.155 78.8 45.0005
      vertex 29.2588 78.8 43.9659
    endloop
  endfacet
  facet normal 0 -1 0
    outer loop
      vertex 29.5 78.8 43.866
      vertex 30.155 78.8 45.0005
      vertex 29.3827 78.8 43.9239
    endloop
  endfacet
  facet normal 0 -1 0
    outer loop
      vertex 29.6088 78.8 43.7934
      vertex 30.155 78.8 45.0005
      vertex 29.5 78.8 43.866
    endloop
  endfacet
  facet normal 0 -1 0
    outer loop
      vertex 29.7071 78.8 43.7071
      vertex 30.155 78.8 45.0005
      vertex 29.6088 78.8 43.7934
    endloop
  endfacet
  facet normal 0 -1 0
    outer loop
      vertex 29.7934 78.8 43.6088
      vertex 30.155 78.8 45.0005
      vertex 29.7071 78.8 43.7071
    endloop
  endfacet
  facet normal 0 -1 0
    outer loop
      vertex 29.866 78.8 43.5
      vertex 30.155 78.8 45.0005
      vertex 29.7934 78.8 43.6088
    endloop
  endfacet
  facet normal 0 -1 0
    outer loop
      vertex 31.31 78.8 43
      vertex 29.866 78.8 43.5
      vertex 29.9239 78.8 43.3827
    endloop
  endfacet
  facet normal 0 -1 0
    outer loop
      vertex 31.31 78.8 43
      vertex 29.9239 78.8 43.3827
      vertex 29.9659 78.8 43.2588
    endloop
  endfacet
  facet normal 0 -1 0
    outer loop
      vertex 31.31 78.8 43
      vertex 29.9659 78.8 43.2588
      vertex 29.9914 78.8 43.1305
    endloop
  endfacet
  facet normal 0 -1 0
    outer loop
      vertex 31.31 78.8 43
      vertex 29.9914 78.8 43.1305
      vertex 30 78.8 43
    endloop
  endfacet
  facet normal 0 -1 0
    outer loop
      vertex 29.866 78.8 43.5
      vertex 31.31 78.8 43
      vertex 30.155 78.8 45.0005
    endloop
  endfacet
  facet normal 0 -1 0
    outer loop
      vertex 29.9914 78.8 42.8695
      vertex 31.31 78.8 43
      vertex 30 78.8 43
    endloop
  endfacet
  facet normal 0 -1 0
    outer loop
      vertex 29.9659 78.8 42.7412
      vertex 31.31 78.8 43
      vertex 29.9914 78.8 42.8695
    endloop
  endfacet
  facet normal 0 -1 0
    outer loop
      vertex 29.9239 78.8 42.6173
      vertex 31.31 78.8 43
      vertex 29.9659 78.8 42.7412
    endloop
  endfacet
  facet normal 0 -1 0
    outer loop
      vertex 29.866 78.8 42.5
      vertex 31.31 78.8 43
      vertex 29.9239 78.8 42.6173
    endloop
  endfacet
  facet normal 0 -1 0
    outer loop
      vertex 30.155 78.8 40.9995
      vertex 29.866 78.8 42.5
      vertex 29.7934 78.8 42.3912
    endloop
  endfacet
  facet normal 0 -1 0
    outer loop
      vertex 30.155 78.8 40.9995
      vertex 29.7934 78.8 42.3912
      vertex 29.7071 78.8 42.2929
    endloop
  endfacet
  facet normal 0 -1 0
    outer loop
      vertex 30.155 78.8 40.9995
      vertex 29.7071 78.8 42.2929
      vertex 29.6088 78.8 42.2066
    endloop
  endfacet
  facet normal 0 -1 0
    outer loop
      vertex 30.155 78.8 40.9995
      vertex 29.6088 78.8 42.2066
      vertex 29.5 78.8 42.134
    endloop
  endfacet
  facet normal 0 -1 0
    outer loop
      vertex 30.155 78.8 40.9995
      vertex 29.5 78.8 42.134
      vertex 29.3827 78.8 42.0761
    endloop
  endfacet
  facet normal 0 -1 0
    outer loop
      vertex 30.155 78.8 40.9995
      vertex 29 78.8 42
      vertex 27.845 78.8 40.9995
    endloop
  endfacet
  facet normal 0 -1 0
    outer loop
      vertex 29 78.8 42
      vertex 30.155 78.8 40.9995
      vertex 29.1305 78.8 42.0086
    endloop
  endfacet
  facet normal 0 -1 0
    outer loop
      vertex 29.1305 78.8 42.0086
      vertex 30.155 78.8 40.9995
      vertex 29.2588 78.8 42.0341
    endloop
  endfacet
  facet normal 0 -1 0
    outer loop
      vertex 29.2588 78.8 42.0341
      vertex 30.155 78.8 40.9995
      vertex 29.3827 78.8 42.0761
    endloop
  endfacet
  facet normal 0 -1 0
    outer loop
      vertex 29.866 78.8 42.5
      vertex 30.155 78.8 40.9995
      vertex 31.31 78.8 43
    endloop
  endfacet
  facet normal -0 0 1
    outer loop
      vertex 27.845 80.4 45.0005
      vertex 30.155 78.8 45.0005
      vertex 30.155 80.4 45.0005
    endloop
  endfacet
  facet normal 0 0 1
    outer loop
      vertex 30.155 78.8 45.0005
      vertex 27.845 80.4 45.0005
      vertex 27.845 78.8 45.0005
    endloop
  endfacet
  facet normal 0.866023 -0 0.500004
    outer loop
      vertex 30.155 78.8 45.0005
      vertex 31.31 80.4 43
      vertex 30.155 80.4 45.0005
    endloop
  endfacet
  facet normal 0.866023 0 0.500004
    outer loop
      vertex 31.31 80.4 43
      vertex 30.155 78.8 45.0005
      vertex 31.31 78.8 43
    endloop
  endfacet
endsolid OpenSCAD_Model
