ISO-10303-21;
HEADER;
FILE_DESCRIPTION(('Open CASCADE Model'),'2;1');
FILE_NAME('Open CASCADE Shape Model','2026-09-15T14:46:08',('Author'),(
    'Open CASCADE'),'Open CASCADE STEP processor 7.8','Open CASCADE 7.8'
  ,'Unknown');
FILE_SCHEMA(('AUTOMOTIVE_DESIGN { 1 0 10303 214 1 1 1 1 }'));
ENDSEC;
DATA;
#1 = APPLICATION_PROTOCOL_DEFINITION('international standard',
  'automotive_design',2000,#2);
#2 = APPLICATION_CONTEXT(
  'core data for automotive mechanical design processes');
#3 = SHAPE_DEFINITION_REPRESENTATION(#4,#10);
#4 = PRODUCT_DEFINITION_SHAPE('','',#5);
#5 = PRODUCT_DEFINITION('design','',#6,#9);
#6 = PRODUCT_DEFINITION_FORMATION('','',#7);
#7 = PRODUCT('Open CASCADE STEP translator 7.8 1',
  'Open CASCADE STEP translator 7.8 1','',(#8));
#8 = PRODUCT_CONTEXT('',#2,'mechanical');
#9 = PRODUCT_DEFINITION_CONTEXT('part definition',#2,'design');
#10 = SHAPE_REPRESENTATION('',(#11,#15,#19,#23,#27,#31,#35,#39,#43,#47,
    #51,#55,#59,#63,#67,#71,#75,#79,#83),#87);
#11 = AXIS2_PLACEMENT_3D('',#12,#13,#14);
#12 = CARTESIAN_POINT('',(0.,0.,0.));
#13 = DIRECTION('',(0.,0.,1.));
#14 = DIRECTION('',(1.,0.,-0.));
#15 = AXIS2_PLACEMENT_3D('',#16,#17,#18);
#16 = CARTESIAN_POINT('',(0.,0.,0.));
#17 = DIRECTION('',(0.,0.,1.));
#18 = DIRECTION('',(1.,0.,-0.));
#19 = AXIS2_PLACEMENT_3D('',#20,#21,#22);
#20 = CARTESIAN_POINT('',(0.,0.,0.));
#21 = DIRECTION('',(0.,0.,1.));
#22 = DIRECTION('',(1.,0.,-0.));
#23 = AXIS2_PLACEMENT_3D('',#24,#25,#26);
#24 = CARTESIAN_POINT('',(0.,0.,0.));
#25 = DIRECTION('',(0.,0.,1.));
#26 = DIRECTION('',(1.,0.,-0.));
#27 = AXIS2_PLACEMENT_3D('',#28,#29,#30);
#28 = CARTESIAN_POINT('',(0.,0.,0.));
#29 = DIRECTION('',(0.,0.,1.));
#30 = DIRECTION('',(1.,0.,-0.));
#31 = AXIS2_PLACEMENT_3D('',#32,#33,#34);
#32 = CARTESIAN_POINT('',(0.,0.,0.));
#33 = DIRECTION('',(0.,0.,1.));
#34 = DIRECTION('',(1.,0.,-0.));
#35 = AXIS2_PLACEMENT_3D('',#36,#37,#38);
#36 = CARTESIAN_POINT('',(0.,0.,0.));
#37 = DIRECTION('',(0.,0.,1.));
#38 = DIRECTION('',(1.,0.,-0.));
#39 = AXIS2_PLACEMENT_3D('',#40,#41,#42);
#40 = CARTESIAN_POINT('',(0.,0.,0.));
#41 = DIRECTION('',(0.,0.,1.));
#42 = DIRECTION('',(1.,0.,-0.));
#43 = AXIS2_PLACEMENT_3D('',#44,#45,#46);
#44 = CARTESIAN_POINT('',(0.,0.,0.));
#45 = DIRECTION('',(0.,0.,1.));
#46 = DIRECTION('',(1.,0.,-0.));
#47 = AXIS2_PLACEMENT_3D('',#48,#49,#50);
#48 = CARTESIAN_POINT('',(0.,0.,0.));
#49 = DIRECTION('',(0.,0.,1.));
#50 = DIRECTION('',(1.,0.,-0.));
#51 = AXIS2_PLACEMENT_3D('',#52,#53,#54);
#52 = CARTESIAN_POINT('',(0.,0.,0.));
#53 = DIRECTION('',(0.,0.,1.));
#54 = DIRECTION('',(1.,0.,-0.));
#55 = AXIS2_PLACEMENT_3D('',#56,#57,#58);
#56 = CARTESIAN_POINT('',(0.,0.,0.));
#57 = DIRECTION('',(0.,0.,1.));
#58 = DIRECTION('',(1.,0.,-0.));
#59 = AXIS2_PLACEMENT_3D('',#60,#61,#62);
#60 = CARTESIAN_POINT('',(0.,0.,0.));
#61 = DIRECTION('',(0.,0.,1.));
#62 = DIRECTION('',(1.,0.,-0.));
#63 = AXIS2_PLACEMENT_3D('',#64,#65,#66);
#64 = CARTESIAN_POINT('',(0.,0.,0.));
#65 = DIRECTION('',(0.,0.,1.));
#66 = DIRECTION('',(1.,0.,-0.));
#67 = AXIS2_PLACEMENT_3D('',#68,#69,#70);
#68 = CARTESIAN_POINT('',(0.,0.,0.));
#69 = DIRECTION('',(0.,0.,1.));
#70 = DIRECTION('',(1.,0.,-0.));
#71 = AXIS2_PLACEMENT_3D('',#72,#73,#74);
#72 = CARTESIAN_POINT('',(0.,0.,0.));
#73 = DIRECTION('',(0.,0.,1.));
#74 = DIRECTION('',(1.,0.,-0.));
#75 = AXIS2_PLACEMENT_3D('',#76,#77,#78);
#76 = CARTESIAN_POINT('',(0.,0.,0.));
#77 = DIRECTION('',(0.,0.,1.));
#78 = DIRECTION('',(1.,0.,-0.));
#79 = AXIS2_PLACEMENT_3D('',#80,#81,#82);
#80 = CARTESIAN_POINT('',(0.,0.,0.));
#81 = DIRECTION('',(0.,0.,1.));
#82 = DIRECTION('',(1.,0.,-0.));
#83 = AXIS2_PLACEMENT_3D('',#84,#85,#86);
#84 = CARTESIAN_POINT('',(0.,0.,0.));
#85 = DIRECTION('',(0.,0.,1.));
#86 = DIRECTION('',(1.,0.,-0.));
#87 = ( GEOMETRIC_REPRESENTATION_CONTEXT(3) 
GLOBAL_UNCERTAINTY_ASSIGNED_CONTEXT((#91)) GLOBAL_UNIT_ASSIGNED_CONTEXT(
(#88,#89,#90)) REPRESENTATION_CONTEXT('Context #1',
  '3D Context with UNIT and UNCERTAINTY') );
#88 = ( LENGTH_UNIT() NAMED_UNIT(*) SI_UNIT(.MILLI.,.METRE.) );
#89 = ( NAMED_UNIT(*) PLANE_ANGLE_UNIT() SI_UNIT($,.RADIAN.) );
#90 = ( NAMED_UNIT(*) SI_UNIT($,.STERADIAN.) SOLID_ANGLE_UNIT() );
#91 = UNCERTAINTY_MEASURE_WITH_UNIT(LENGTH_MEASURE(1.E-07),#88,
  'distance_accuracy_value','confusion accuracy');
#92 = PRODUCT_RELATED_PRODUCT_CATEGORY('part',$,(#7));
#93 = SHAPE_DEFINITION_REPRESENTATION(#94,#100);
#94 = PRODUCT_DEFINITION_SHAPE('','',#95);
#95 = PRODUCT_DEFINITION('design','',#96,#99);
#96 = PRODUCT_DEFINITION_FORMATION('','',#97);
#97 = PRODUCT('Open CASCADE STEP translator 7.8 1.1',
  'Open CASCADE STEP translator 7.8 1.1','',(#98));
#98 = PRODUCT_CONTEXT('',#2,'mechanical');
#99 = PRODUCT_DEFINITION_CONTEXT('part definition',#2,'design');
#100 = ADVANCED_BREP_SHAPE_REPRESENTATION('',(#11,#101),#1859);
#101 = MANIFOLD_SOLID_BREP('',#102);
#102 = CLOSED_SHELL('',(#103,#223,#299,#875,#924,#1393,#1400,#1427,#1454
    ,#1481,#1508,#1535,#1562,#1589,#1616,#1643,#1670,#1697,#1724,#1751,
    #1778,#1805,#1832));
#103 = ADVANCED_FACE('',(#104),#118,.F.);
#104 = FACE_BOUND('',#105,.F.);
#105 = EDGE_LOOP('',(#106,#141,#169,#197));
#106 = ORIENTED_EDGE('',*,*,#107,.F.);
#107 = EDGE_CURVE('',#108,#110,#112,.T.);
#108 = VERTEX_POINT('',#109);
#109 = CARTESIAN_POINT('',(25.75,47.,29.5));
#110 = VERTEX_POINT('',#111);
#111 = CARTESIAN_POINT('',(25.75,47.,31.1));
#112 = SURFACE_CURVE('',#113,(#117,#129),.PCURVE_S1.);
#113 = LINE('',#114,#115);
#114 = CARTESIAN_POINT('',(25.75,47.,29.5));
#115 = VECTOR('',#116,1.);
#116 = DIRECTION('',(0.,0.,1.));
#117 = PCURVE('',#118,#123);
#118 = PLANE('',#119);
#119 = AXIS2_PLACEMENT_3D('',#120,#121,#122);
#120 = CARTESIAN_POINT('',(25.75,47.,29.5));
#121 = DIRECTION('',(1.,0.,-0.));
#122 = DIRECTION('',(0.,0.,1.));
#123 = DEFINITIONAL_REPRESENTATION('',(#124),#128);
#124 = LINE('',#125,#126);
#125 = CARTESIAN_POINT('',(0.,0.));
#126 = VECTOR('',#127,1.);
#127 = DIRECTION('',(1.,0.));
#128 = ( GEOMETRIC_REPRESENTATION_CONTEXT(2) 
PARAMETRIC_REPRESENTATION_CONTEXT() REPRESENTATION_CONTEXT('2D SPACE',''
  ) );
#129 = PCURVE('',#130,#135);
#130 = PLANE('',#131);
#131 = AXIS2_PLACEMENT_3D('',#132,#133,#134);
#132 = CARTESIAN_POINT('',(25.75,47.,29.5));
#133 = DIRECTION('',(-0.,1.,0.));
#134 = DIRECTION('',(0.,0.,1.));
#135 = DEFINITIONAL_REPRESENTATION('',(#136),#140);
#136 = LINE('',#137,#138);
#137 = CARTESIAN_POINT('',(0.,0.));
#138 = VECTOR('',#139,1.);
#139 = DIRECTION('',(1.,0.));
#140 = ( GEOMETRIC_REPRESENTATION_CONTEXT(2) 
PARAMETRIC_REPRESENTATION_CONTEXT() REPRESENTATION_CONTEXT('2D SPACE',''
  ) );
#141 = ORIENTED_EDGE('',*,*,#142,.T.);
#142 = EDGE_CURVE('',#108,#143,#145,.T.);
#143 = VERTEX_POINT('',#144);
#144 = CARTESIAN_POINT('',(25.75,77.,29.5));
#145 = SURFACE_CURVE('',#146,(#150,#157),.PCURVE_S1.);
#146 = LINE('',#147,#148);
#147 = CARTESIAN_POINT('',(25.75,47.,29.5));
#148 = VECTOR('',#149,1.);
#149 = DIRECTION('',(-0.,1.,0.));
#150 = PCURVE('',#118,#151);
#151 = DEFINITIONAL_REPRESENTATION('',(#152),#156);
#152 = LINE('',#153,#154);
#153 = CARTESIAN_POINT('',(0.,0.));
#154 = VECTOR('',#155,1.);
#155 = DIRECTION('',(0.,-1.));
#156 = ( GEOMETRIC_REPRESENTATION_CONTEXT(2) 
PARAMETRIC_REPRESENTATION_CONTEXT() REPRESENTATION_CONTEXT('2D SPACE',''
  ) );
#157 = PCURVE('',#158,#163);
#158 = PLANE('',#159);
#159 = AXIS2_PLACEMENT_3D('',#160,#161,#162);
#160 = CARTESIAN_POINT('',(25.75,47.,29.5));
#161 = DIRECTION('',(0.,0.,1.));
#162 = DIRECTION('',(1.,0.,-0.));
#163 = DEFINITIONAL_REPRESENTATION('',(#164),#168);
#164 = LINE('',#165,#166);
#165 = CARTESIAN_POINT('',(0.,0.));
#166 = VECTOR('',#167,1.);
#167 = DIRECTION('',(0.,1.));
#168 = ( GEOMETRIC_REPRESENTATION_CONTEXT(2) 
PARAMETRIC_REPRESENTATION_CONTEXT() REPRESENTATION_CONTEXT('2D SPACE',''
  ) );
#169 = ORIENTED_EDGE('',*,*,#170,.T.);
#170 = EDGE_CURVE('',#143,#171,#173,.T.);
#171 = VERTEX_POINT('',#172);
#172 = CARTESIAN_POINT('',(25.75,77.,31.1));
#173 = SURFACE_CURVE('',#174,(#178,#185),.PCURVE_S1.);
#174 = LINE('',#175,#176);
#175 = CARTESIAN_POINT('',(25.75,77.,29.5));
#176 = VECTOR('',#177,1.);
#177 = DIRECTION('',(0.,0.,1.));
#178 = PCURVE('',#118,#179);
#179 = DEFINITIONAL_REPRESENTATION('',(#180),#184);
#180 = LINE('',#181,#182);
#181 = CARTESIAN_POINT('',(0.,-30.));
#182 = VECTOR('',#183,1.);
#183 = DIRECTION('',(1.,0.));
#184 = ( GEOMETRIC_REPRESENTATION_CONTEXT(2) 
PARAMETRIC_REPRESENTATION_CONTEXT() REPRESENTATION_CONTEXT('2D SPACE',''
  ) );
#185 = PCURVE('',#186,#191);
#186 = PLANE('',#187);
#187 = AXIS2_PLACEMENT_3D('',#188,#189,#190);
#188 = CARTESIAN_POINT('',(25.75,77.,29.5));
#189 = DIRECTION('',(-0.,1.,0.));
#190 = DIRECTION('',(0.,0.,1.));
#191 = DEFINITIONAL_REPRESENTATION('',(#192),#196);
#192 = LINE('',#193,#194);
#193 = CARTESIAN_POINT('',(0.,0.));
#194 = VECTOR('',#195,1.);
#195 = DIRECTION('',(1.,0.));
#196 = ( GEOMETRIC_REPRESENTATION_CONTEXT(2) 
PARAMETRIC_REPRESENTATION_CONTEXT() REPRESENTATION_CONTEXT('2D SPACE',''
  ) );
#197 = ORIENTED_EDGE('',*,*,#198,.F.);
#198 = EDGE_CURVE('',#110,#171,#199,.T.);
#199 = SURFACE_CURVE('',#200,(#204,#211),.PCURVE_S1.);
#200 = LINE('',#201,#202);
#201 = CARTESIAN_POINT('',(25.75,47.,31.1));
#202 = VECTOR('',#203,1.);
#203 = DIRECTION('',(-0.,1.,0.));
#204 = PCURVE('',#118,#205);
#205 = DEFINITIONAL_REPRESENTATION('',(#206),#210);
#206 = LINE('',#207,#208);
#207 = CARTESIAN_POINT('',(1.6,0.));
#208 = VECTOR('',#209,1.);
#209 = DIRECTION('',(0.,-1.));
#210 = ( GEOMETRIC_REPRESENTATION_CONTEXT(2) 
PARAMETRIC_REPRESENTATION_CONTEXT() REPRESENTATION_CONTEXT('2D SPACE',''
  ) );
#211 = PCURVE('',#212,#217);
#212 = PLANE('',#213);
#213 = AXIS2_PLACEMENT_3D('',#214,#215,#216);
#214 = CARTESIAN_POINT('',(25.75,47.,31.1));
#215 = DIRECTION('',(0.,0.,1.));
#216 = DIRECTION('',(1.,0.,-0.));
#217 = DEFINITIONAL_REPRESENTATION('',(#218),#222);
#218 = LINE('',#219,#220);
#219 = CARTESIAN_POINT('',(0.,0.));
#220 = VECTOR('',#221,1.);
#221 = DIRECTION('',(0.,1.));
#222 = ( GEOMETRIC_REPRESENTATION_CONTEXT(2) 
PARAMETRIC_REPRESENTATION_CONTEXT() REPRESENTATION_CONTEXT('2D SPACE',''
  ) );
#223 = ADVANCED_FACE('',(#224),#130,.F.);
#224 = FACE_BOUND('',#225,.F.);
#225 = EDGE_LOOP('',(#226,#249,#250,#273));
#226 = ORIENTED_EDGE('',*,*,#227,.F.);
#227 = EDGE_CURVE('',#108,#228,#230,.T.);
#228 = VERTEX_POINT('',#229);
#229 = CARTESIAN_POINT('',(43.75,47.,29.5));
#230 = SURFACE_CURVE('',#231,(#235,#242),.PCURVE_S1.);
#231 = LINE('',#232,#233);
#232 = CARTESIAN_POINT('',(25.75,47.,29.5));
#233 = VECTOR('',#234,1.);
#234 = DIRECTION('',(1.,0.,-0.));
#235 = PCURVE('',#130,#236);
#236 = DEFINITIONAL_REPRESENTATION('',(#237),#241);
#237 = LINE('',#238,#239);
#238 = CARTESIAN_POINT('',(0.,0.));
#239 = VECTOR('',#240,1.);
#240 = DIRECTION('',(0.,1.));
#241 = ( GEOMETRIC_REPRESENTATION_CONTEXT(2) 
PARAMETRIC_REPRESENTATION_CONTEXT() REPRESENTATION_CONTEXT('2D SPACE',''
  ) );
#242 = PCURVE('',#158,#243);
#243 = DEFINITIONAL_REPRESENTATION('',(#244),#248);
#244 = LINE('',#245,#246);
#245 = CARTESIAN_POINT('',(0.,0.));
#246 = VECTOR('',#247,1.);
#247 = DIRECTION('',(1.,0.));
#248 = ( GEOMETRIC_REPRESENTATION_CONTEXT(2) 
PARAMETRIC_REPRESENTATION_CONTEXT() REPRESENTATION_CONTEXT('2D SPACE',''
  ) );
#249 = ORIENTED_EDGE('',*,*,#107,.T.);
#250 = ORIENTED_EDGE('',*,*,#251,.T.);
#251 = EDGE_CURVE('',#110,#252,#254,.T.);
#252 = VERTEX_POINT('',#253);
#253 = CARTESIAN_POINT('',(43.75,47.,31.1));
#254 = SURFACE_CURVE('',#255,(#259,#266),.PCURVE_S1.);
#255 = LINE('',#256,#257);
#256 = CARTESIAN_POINT('',(25.75,47.,31.1));
#257 = VECTOR('',#258,1.);
#258 = DIRECTION('',(1.,0.,-0.));
#259 = PCURVE('',#130,#260);
#260 = DEFINITIONAL_REPRESENTATION('',(#261),#265);
#261 = LINE('',#262,#263);
#262 = CARTESIAN_POINT('',(1.6,0.));
#263 = VECTOR('',#264,1.);
#264 = DIRECTION('',(0.,1.));
#265 = ( GEOMETRIC_REPRESENTATION_CONTEXT(2) 
PARAMETRIC_REPRESENTATION_CONTEXT() REPRESENTATION_CONTEXT('2D SPACE',''
  ) );
#266 = PCURVE('',#212,#267);
#267 = DEFINITIONAL_REPRESENTATION('',(#268),#272);
#268 = LINE('',#269,#270);
#269 = CARTESIAN_POINT('',(0.,0.));
#270 = VECTOR('',#271,1.);
#271 = DIRECTION('',(1.,0.));
#272 = ( GEOMETRIC_REPRESENTATION_CONTEXT(2) 
PARAMETRIC_REPRESENTATION_CONTEXT() REPRESENTATION_CONTEXT('2D SPACE',''
  ) );
#273 = ORIENTED_EDGE('',*,*,#274,.F.);
#274 = EDGE_CURVE('',#228,#252,#275,.T.);
#275 = SURFACE_CURVE('',#276,(#280,#287),.PCURVE_S1.);
#276 = LINE('',#277,#278);
#277 = CARTESIAN_POINT('',(43.75,47.,29.5));
#278 = VECTOR('',#279,1.);
#279 = DIRECTION('',(0.,0.,1.));
#280 = PCURVE('',#130,#281);
#281 = DEFINITIONAL_REPRESENTATION('',(#282),#286);
#282 = LINE('',#283,#284);
#283 = CARTESIAN_POINT('',(0.,18.));
#284 = VECTOR('',#285,1.);
#285 = DIRECTION('',(1.,0.));
#286 = ( GEOMETRIC_REPRESENTATION_CONTEXT(2) 
PARAMETRIC_REPRESENTATION_CONTEXT() REPRESENTATION_CONTEXT('2D SPACE',''
  ) );
#287 = PCURVE('',#288,#293);
#288 = PLANE('',#289);
#289 = AXIS2_PLACEMENT_3D('',#290,#291,#292);
#290 = CARTESIAN_POINT('',(43.75,47.,29.5));
#291 = DIRECTION('',(1.,0.,-0.));
#292 = DIRECTION('',(0.,0.,1.));
#293 = DEFINITIONAL_REPRESENTATION('',(#294),#298);
#294 = LINE('',#295,#296);
#295 = CARTESIAN_POINT('',(0.,0.));
#296 = VECTOR('',#297,1.);
#297 = DIRECTION('',(1.,0.));
#298 = ( GEOMETRIC_REPRESENTATION_CONTEXT(2) 
PARAMETRIC_REPRESENTATION_CONTEXT() REPRESENTATION_CONTEXT('2D SPACE',''
  ) );
#299 = ADVANCED_FACE('',(#300,#348,#379,#410,#441,#472,#503,#534,#565,
    #596,#627,#658,#689,#720,#751,#782,#813,#844),#212,.T.);
#300 = FACE_BOUND('',#301,.T.);
#301 = EDGE_LOOP('',(#302,#303,#304,#327));
#302 = ORIENTED_EDGE('',*,*,#198,.F.);
#303 = ORIENTED_EDGE('',*,*,#251,.T.);
#304 = ORIENTED_EDGE('',*,*,#305,.T.);
#305 = EDGE_CURVE('',#252,#306,#308,.T.);
#306 = VERTEX_POINT('',#307);
#307 = CARTESIAN_POINT('',(43.75,77.,31.1));
#308 = SURFACE_CURVE('',#309,(#313,#320),.PCURVE_S1.);
#309 = LINE('',#310,#311);
#310 = CARTESIAN_POINT('',(43.75,47.,31.1));
#311 = VECTOR('',#312,1.);
#312 = DIRECTION('',(-0.,1.,0.));
#313 = PCURVE('',#212,#314);
#314 = DEFINITIONAL_REPRESENTATION('',(#315),#319);
#315 = LINE('',#316,#317);
#316 = CARTESIAN_POINT('',(18.,0.));
#317 = VECTOR('',#318,1.);
#318 = DIRECTION('',(0.,1.));
#319 = ( GEOMETRIC_REPRESENTATION_CONTEXT(2) 
PARAMETRIC_REPRESENTATION_CONTEXT() REPRESENTATION_CONTEXT('2D SPACE',''
  ) );
#320 = PCURVE('',#288,#321);
#321 = DEFINITIONAL_REPRESENTATION('',(#322),#326);
#322 = LINE('',#323,#324);
#323 = CARTESIAN_POINT('',(1.6,0.));
#324 = VECTOR('',#325,1.);
#325 = DIRECTION('',(0.,-1.));
#326 = ( GEOMETRIC_REPRESENTATION_CONTEXT(2) 
PARAMETRIC_REPRESENTATION_CONTEXT() REPRESENTATION_CONTEXT('2D SPACE',''
  ) );
#327 = ORIENTED_EDGE('',*,*,#328,.F.);
#328 = EDGE_CURVE('',#171,#306,#329,.T.);
#329 = SURFACE_CURVE('',#330,(#334,#341),.PCURVE_S1.);
#330 = LINE('',#331,#332);
#331 = CARTESIAN_POINT('',(25.75,77.,31.1));
#332 = VECTOR('',#333,1.);
#333 = DIRECTION('',(1.,0.,-0.));
#334 = PCURVE('',#212,#335);
#335 = DEFINITIONAL_REPRESENTATION('',(#336),#340);
#336 = LINE('',#337,#338);
#337 = CARTESIAN_POINT('',(0.,30.));
#338 = VECTOR('',#339,1.);
#339 = DIRECTION('',(1.,0.));
#340 = ( GEOMETRIC_REPRESENTATION_CONTEXT(2) 
PARAMETRIC_REPRESENTATION_CONTEXT() REPRESENTATION_CONTEXT('2D SPACE',''
  ) );
#341 = PCURVE('',#186,#342);
#342 = DEFINITIONAL_REPRESENTATION('',(#343),#347);
#343 = LINE('',#344,#345);
#344 = CARTESIAN_POINT('',(1.6,0.));
#345 = VECTOR('',#346,1.);
#346 = DIRECTION('',(0.,1.));
#347 = ( GEOMETRIC_REPRESENTATION_CONTEXT(2) 
PARAMETRIC_REPRESENTATION_CONTEXT() REPRESENTATION_CONTEXT('2D SPACE',''
  ) );
#348 = FACE_BOUND('',#349,.T.);
#349 = EDGE_LOOP('',(#350));
#350 = ORIENTED_EDGE('',*,*,#351,.F.);
#351 = EDGE_CURVE('',#352,#352,#354,.T.);
#352 = VERTEX_POINT('',#353);
#353 = CARTESIAN_POINT('',(29.25,48.8,31.1));
#354 = SURFACE_CURVE('',#355,(#360,#367),.PCURVE_S1.);
#355 = CIRCLE('',#356,0.5);
#356 = AXIS2_PLACEMENT_3D('',#357,#358,#359);
#357 = CARTESIAN_POINT('',(28.75,48.8,31.1));
#358 = DIRECTION('',(0.,0.,1.));
#359 = DIRECTION('',(1.,0.,-0.));
#360 = PCURVE('',#212,#361);
#361 = DEFINITIONAL_REPRESENTATION('',(#362),#366);
#362 = CIRCLE('',#363,0.5);
#363 = AXIS2_PLACEMENT_2D('',#364,#365);
#364 = CARTESIAN_POINT('',(3.,1.8));
#365 = DIRECTION('',(1.,0.));
#366 = ( GEOMETRIC_REPRESENTATION_CONTEXT(2) 
PARAMETRIC_REPRESENTATION_CONTEXT() REPRESENTATION_CONTEXT('2D SPACE',''
  ) );
#367 = PCURVE('',#368,#373);
#368 = CYLINDRICAL_SURFACE('',#369,0.5);
#369 = AXIS2_PLACEMENT_3D('',#370,#371,#372);
#370 = CARTESIAN_POINT('',(28.75,48.8,29.4));
#371 = DIRECTION('',(0.,0.,1.));
#372 = DIRECTION('',(1.,0.,-0.));
#373 = DEFINITIONAL_REPRESENTATION('',(#374),#378);
#374 = LINE('',#375,#376);
#375 = CARTESIAN_POINT('',(0.,1.7));
#376 = VECTOR('',#377,1.);
#377 = DIRECTION('',(1.,0.));
#378 = ( GEOMETRIC_REPRESENTATION_CONTEXT(2) 
PARAMETRIC_REPRESENTATION_CONTEXT() REPRESENTATION_CONTEXT('2D SPACE',''
  ) );
#379 = FACE_BOUND('',#380,.T.);
#380 = EDGE_LOOP('',(#381));
#381 = ORIENTED_EDGE('',*,*,#382,.F.);
#382 = EDGE_CURVE('',#383,#383,#385,.T.);
#383 = VERTEX_POINT('',#384);
#384 = CARTESIAN_POINT('',(32.25,48.8,31.1));
#385 = SURFACE_CURVE('',#386,(#391,#398),.PCURVE_S1.);
#386 = CIRCLE('',#387,0.5);
#387 = AXIS2_PLACEMENT_3D('',#388,#389,#390);
#388 = CARTESIAN_POINT('',(31.75,48.8,31.1));
#389 = DIRECTION('',(0.,0.,1.));
#390 = DIRECTION('',(1.,0.,-0.));
#391 = PCURVE('',#212,#392);
#392 = DEFINITIONAL_REPRESENTATION('',(#393),#397);
#393 = CIRCLE('',#394,0.5);
#394 = AXIS2_PLACEMENT_2D('',#395,#396);
#395 = CARTESIAN_POINT('',(6.,1.8));
#396 = DIRECTION('',(1.,0.));
#397 = ( GEOMETRIC_REPRESENTATION_CONTEXT(2) 
PARAMETRIC_REPRESENTATION_CONTEXT() REPRESENTATION_CONTEXT('2D SPACE',''
  ) );
#398 = PCURVE('',#399,#404);
#399 = CYLINDRICAL_SURFACE('',#400,0.5);
#400 = AXIS2_PLACEMENT_3D('',#401,#402,#403);
#401 = CARTESIAN_POINT('',(31.75,48.8,29.4));
#402 = DIRECTION('',(0.,0.,1.));
#403 = DIRECTION('',(1.,0.,-0.));
#404 = DEFINITIONAL_REPRESENTATION('',(#405),#409);
#405 = LINE('',#406,#407);
#406 = CARTESIAN_POINT('',(0.,1.7));
#407 = VECTOR('',#408,1.);
#408 = DIRECTION('',(1.,0.));
#409 = ( GEOMETRIC_REPRESENTATION_CONTEXT(2) 
PARAMETRIC_REPRESENTATION_CONTEXT() REPRESENTATION_CONTEXT('2D SPACE',''
  ) );
#410 = FACE_BOUND('',#411,.T.);
#411 = EDGE_LOOP('',(#412));
#412 = ORIENTED_EDGE('',*,*,#413,.F.);
#413 = EDGE_CURVE('',#414,#414,#416,.T.);
#414 = VERTEX_POINT('',#415);
#415 = CARTESIAN_POINT('',(35.25,49.,31.1));
#416 = SURFACE_CURVE('',#417,(#422,#429),.PCURVE_S1.);
#417 = CIRCLE('',#418,0.5);
#418 = AXIS2_PLACEMENT_3D('',#419,#420,#421);
#419 = CARTESIAN_POINT('',(34.75,49.,31.1));
#420 = DIRECTION('',(0.,0.,1.));
#421 = DIRECTION('',(1.,0.,-0.));
#422 = PCURVE('',#212,#423);
#423 = DEFINITIONAL_REPRESENTATION('',(#424),#428);
#424 = CIRCLE('',#425,0.5);
#425 = AXIS2_PLACEMENT_2D('',#426,#427);
#426 = CARTESIAN_POINT('',(9.,2.));
#427 = DIRECTION('',(1.,0.));
#428 = ( GEOMETRIC_REPRESENTATION_CONTEXT(2) 
PARAMETRIC_REPRESENTATION_CONTEXT() REPRESENTATION_CONTEXT('2D SPACE',''
  ) );
#429 = PCURVE('',#430,#435);
#430 = CYLINDRICAL_SURFACE('',#431,0.5);
#431 = AXIS2_PLACEMENT_3D('',#432,#433,#434);
#432 = CARTESIAN_POINT('',(34.75,49.,29.4));
#433 = DIRECTION('',(0.,0.,1.));
#434 = DIRECTION('',(1.,0.,-0.));
#435 = DEFINITIONAL_REPRESENTATION('',(#436),#440);
#436 = LINE('',#437,#438);
#437 = CARTESIAN_POINT('',(0.,1.7));
#438 = VECTOR('',#439,1.);
#439 = DIRECTION('',(1.,0.));
#440 = ( GEOMETRIC_REPRESENTATION_CONTEXT(2) 
PARAMETRIC_REPRESENTATION_CONTEXT() REPRESENTATION_CONTEXT('2D SPACE',''
  ) );
#441 = FACE_BOUND('',#442,.T.);
#442 = EDGE_LOOP('',(#443));
#443 = ORIENTED_EDGE('',*,*,#444,.F.);
#444 = EDGE_CURVE('',#445,#445,#447,.T.);
#445 = VERTEX_POINT('',#446);
#446 = CARTESIAN_POINT('',(31.39,55.19,31.1));
#447 = SURFACE_CURVE('',#448,(#453,#460),.PCURVE_S1.);
#448 = CIRCLE('',#449,0.45);
#449 = AXIS2_PLACEMENT_3D('',#450,#451,#452);
#450 = CARTESIAN_POINT('',(30.94,55.19,31.1));
#451 = DIRECTION('',(0.,0.,1.));
#452 = DIRECTION('',(1.,0.,-0.));
#453 = PCURVE('',#212,#454);
#454 = DEFINITIONAL_REPRESENTATION('',(#455),#459);
#455 = CIRCLE('',#456,0.45);
#456 = AXIS2_PLACEMENT_2D('',#457,#458);
#457 = CARTESIAN_POINT('',(5.19,8.19));
#458 = DIRECTION('',(1.,0.));
#459 = ( GEOMETRIC_REPRESENTATION_CONTEXT(2) 
PARAMETRIC_REPRESENTATION_CONTEXT() REPRESENTATION_CONTEXT('2D SPACE',''
  ) );
#460 = PCURVE('',#461,#466);
#461 = CYLINDRICAL_SURFACE('',#462,0.45);
#462 = AXIS2_PLACEMENT_3D('',#463,#464,#465);
#463 = CARTESIAN_POINT('',(30.94,55.19,29.4));
#464 = DIRECTION('',(0.,0.,1.));
#465 = DIRECTION('',(1.,0.,-0.));
#466 = DEFINITIONAL_REPRESENTATION('',(#467),#471);
#467 = LINE('',#468,#469);
#468 = CARTESIAN_POINT('',(0.,1.7));
#469 = VECTOR('',#470,1.);
#470 = DIRECTION('',(1.,0.));
#471 = ( GEOMETRIC_REPRESENTATION_CONTEXT(2) 
PARAMETRIC_REPRESENTATION_CONTEXT() REPRESENTATION_CONTEXT('2D SPACE',''
  ) );
#472 = FACE_BOUND('',#473,.T.);
#473 = EDGE_LOOP('',(#474));
#474 = ORIENTED_EDGE('',*,*,#475,.F.);
#475 = EDGE_CURVE('',#476,#476,#478,.T.);
#476 = VERTEX_POINT('',#477);
#477 = CARTESIAN_POINT('',(31.39,57.73,31.1));
#478 = SURFACE_CURVE('',#479,(#484,#491),.PCURVE_S1.);
#479 = CIRCLE('',#480,0.45);
#480 = AXIS2_PLACEMENT_3D('',#481,#482,#483);
#481 = CARTESIAN_POINT('',(30.94,57.73,31.1));
#482 = DIRECTION('',(0.,0.,1.));
#483 = DIRECTION('',(1.,0.,-0.));
#484 = PCURVE('',#212,#485);
#485 = DEFINITIONAL_REPRESENTATION('',(#486),#490);
#486 = CIRCLE('',#487,0.45);
#487 = AXIS2_PLACEMENT_2D('',#488,#489);
#488 = CARTESIAN_POINT('',(5.19,10.73));
#489 = DIRECTION('',(1.,0.));
#490 = ( GEOMETRIC_REPRESENTATION_CONTEXT(2) 
PARAMETRIC_REPRESENTATION_CONTEXT() REPRESENTATION_CONTEXT('2D SPACE',''
  ) );
#491 = PCURVE('',#492,#497);
#492 = CYLINDRICAL_SURFACE('',#493,0.45);
#493 = AXIS2_PLACEMENT_3D('',#494,#495,#496);
#494 = CARTESIAN_POINT('',(30.94,57.73,29.4));
#495 = DIRECTION('',(0.,0.,1.));
#496 = DIRECTION('',(1.,0.,-0.));
#497 = DEFINITIONAL_REPRESENTATION('',(#498),#502);
#498 = LINE('',#499,#500);
#499 = CARTESIAN_POINT('',(0.,1.7));
#500 = VECTOR('',#501,1.);
#501 = DIRECTION('',(1.,0.));
#502 = ( GEOMETRIC_REPRESENTATION_CONTEXT(2) 
PARAMETRIC_REPRESENTATION_CONTEXT() REPRESENTATION_CONTEXT('2D SPACE',''
  ) );
#503 = FACE_BOUND('',#504,.T.);
#504 = EDGE_LOOP('',(#505));
#505 = ORIENTED_EDGE('',*,*,#506,.F.);
#506 = EDGE_CURVE('',#507,#507,#509,.T.);
#507 = VERTEX_POINT('',#508);
#508 = CARTESIAN_POINT('',(31.39,60.27,31.1));
#509 = SURFACE_CURVE('',#510,(#515,#522),.PCURVE_S1.);
#510 = CIRCLE('',#511,0.45);
#511 = AXIS2_PLACEMENT_3D('',#512,#513,#514);
#512 = CARTESIAN_POINT('',(30.94,60.27,31.1));
#513 = DIRECTION('',(0.,0.,1.));
#514 = DIRECTION('',(1.,0.,-0.));
#515 = PCURVE('',#212,#516);
#516 = DEFINITIONAL_REPRESENTATION('',(#517),#521);
#517 = CIRCLE('',#518,0.45);
#518 = AXIS2_PLACEMENT_2D('',#519,#520);
#519 = CARTESIAN_POINT('',(5.19,13.27));
#520 = DIRECTION('',(1.,0.));
#521 = ( GEOMETRIC_REPRESENTATION_CONTEXT(2) 
PARAMETRIC_REPRESENTATION_CONTEXT() REPRESENTATION_CONTEXT('2D SPACE',''
  ) );
#522 = PCURVE('',#523,#528);
#523 = CYLINDRICAL_SURFACE('',#524,0.45);
#524 = AXIS2_PLACEMENT_3D('',#525,#526,#527);
#525 = CARTESIAN_POINT('',(30.94,60.27,29.4));
#526 = DIRECTION('',(0.,0.,1.));
#527 = DIRECTION('',(1.,0.,-0.));
#528 = DEFINITIONAL_REPRESENTATION('',(#529),#533);
#529 = LINE('',#530,#531);
#530 = CARTESIAN_POINT('',(0.,1.7));
#531 = VECTOR('',#532,1.);
#532 = DIRECTION('',(1.,0.));
#533 = ( GEOMETRIC_REPRESENTATION_CONTEXT(2) 
PARAMETRIC_REPRESENTATION_CONTEXT() REPRESENTATION_CONTEXT('2D SPACE',''
  ) );
#534 = FACE_BOUND('',#535,.T.);
#535 = EDGE_LOOP('',(#536));
#536 = ORIENTED_EDGE('',*,*,#537,.F.);
#537 = EDGE_CURVE('',#538,#538,#540,.T.);
#538 = VERTEX_POINT('',#539);
#539 = CARTESIAN_POINT('',(38.25,49.,31.1));
#540 = SURFACE_CURVE('',#541,(#546,#553),.PCURVE_S1.);
#541 = CIRCLE('',#542,0.5);
#542 = AXIS2_PLACEMENT_3D('',#543,#544,#545);
#543 = CARTESIAN_POINT('',(37.75,49.,31.1));
#544 = DIRECTION('',(0.,0.,1.));
#545 = DIRECTION('',(1.,0.,-0.));
#546 = PCURVE('',#212,#547);
#547 = DEFINITIONAL_REPRESENTATION('',(#548),#552);
#548 = CIRCLE('',#549,0.5);
#549 = AXIS2_PLACEMENT_2D('',#550,#551);
#550 = CARTESIAN_POINT('',(12.,2.));
#551 = DIRECTION('',(1.,0.));
#552 = ( GEOMETRIC_REPRESENTATION_CONTEXT(2) 
PARAMETRIC_REPRESENTATION_CONTEXT() REPRESENTATION_CONTEXT('2D SPACE',''
  ) );
#553 = PCURVE('',#554,#559);
#554 = CYLINDRICAL_SURFACE('',#555,0.5);
#555 = AXIS2_PLACEMENT_3D('',#556,#557,#558);
#556 = CARTESIAN_POINT('',(37.75,49.,29.4));
#557 = DIRECTION('',(0.,0.,1.));
#558 = DIRECTION('',(1.,0.,-0.));
#559 = DEFINITIONAL_REPRESENTATION('',(#560),#564);
#560 = LINE('',#561,#562);
#561 = CARTESIAN_POINT('',(0.,1.7));
#562 = VECTOR('',#563,1.);
#563 = DIRECTION('',(1.,0.));
#564 = ( GEOMETRIC_REPRESENTATION_CONTEXT(2) 
PARAMETRIC_REPRESENTATION_CONTEXT() REPRESENTATION_CONTEXT('2D SPACE',''
  ) );
#565 = FACE_BOUND('',#566,.T.);
#566 = EDGE_LOOP('',(#567));
#567 = ORIENTED_EDGE('',*,*,#568,.F.);
#568 = EDGE_CURVE('',#569,#569,#571,.T.);
#569 = VERTEX_POINT('',#570);
#570 = CARTESIAN_POINT('',(41.25,49.,31.1));
#571 = SURFACE_CURVE('',#572,(#577,#584),.PCURVE_S1.);
#572 = CIRCLE('',#573,0.5);
#573 = AXIS2_PLACEMENT_3D('',#574,#575,#576);
#574 = CARTESIAN_POINT('',(40.75,49.,31.1));
#575 = DIRECTION('',(0.,0.,1.));
#576 = DIRECTION('',(1.,0.,-0.));
#577 = PCURVE('',#212,#578);
#578 = DEFINITIONAL_REPRESENTATION('',(#579),#583);
#579 = CIRCLE('',#580,0.5);
#580 = AXIS2_PLACEMENT_2D('',#581,#582);
#581 = CARTESIAN_POINT('',(15.,2.));
#582 = DIRECTION('',(1.,0.));
#583 = ( GEOMETRIC_REPRESENTATION_CONTEXT(2) 
PARAMETRIC_REPRESENTATION_CONTEXT() REPRESENTATION_CONTEXT('2D SPACE',''
  ) );
#584 = PCURVE('',#585,#590);
#585 = CYLINDRICAL_SURFACE('',#586,0.5);
#586 = AXIS2_PLACEMENT_3D('',#587,#588,#589);
#587 = CARTESIAN_POINT('',(40.75,49.,29.4));
#588 = DIRECTION('',(0.,0.,1.));
#589 = DIRECTION('',(1.,0.,-0.));
#590 = DEFINITIONAL_REPRESENTATION('',(#591),#595);
#591 = LINE('',#592,#593);
#592 = CARTESIAN_POINT('',(0.,1.7));
#593 = VECTOR('',#594,1.);
#594 = DIRECTION('',(1.,0.));
#595 = ( GEOMETRIC_REPRESENTATION_CONTEXT(2) 
PARAMETRIC_REPRESENTATION_CONTEXT() REPRESENTATION_CONTEXT('2D SPACE',''
  ) );
#596 = FACE_BOUND('',#597,.T.);
#597 = EDGE_LOOP('',(#598));
#598 = ORIENTED_EDGE('',*,*,#599,.F.);
#599 = EDGE_CURVE('',#600,#600,#602,.T.);
#600 = VERTEX_POINT('',#601);
#601 = CARTESIAN_POINT('',(39.01,55.19,31.1));
#602 = SURFACE_CURVE('',#603,(#608,#615),.PCURVE_S1.);
#603 = CIRCLE('',#604,0.45);
#604 = AXIS2_PLACEMENT_3D('',#605,#606,#607);
#605 = CARTESIAN_POINT('',(38.56,55.19,31.1));
#606 = DIRECTION('',(0.,0.,1.));
#607 = DIRECTION('',(1.,0.,-0.));
#608 = PCURVE('',#212,#609);
#609 = DEFINITIONAL_REPRESENTATION('',(#610),#614);
#610 = CIRCLE('',#611,0.45);
#611 = AXIS2_PLACEMENT_2D('',#612,#613);
#612 = CARTESIAN_POINT('',(12.81,8.19));
#613 = DIRECTION('',(1.,0.));
#614 = ( GEOMETRIC_REPRESENTATION_CONTEXT(2) 
PARAMETRIC_REPRESENTATION_CONTEXT() REPRESENTATION_CONTEXT('2D SPACE',''
  ) );
#615 = PCURVE('',#616,#621);
#616 = CYLINDRICAL_SURFACE('',#617,0.45);
#617 = AXIS2_PLACEMENT_3D('',#618,#619,#620);
#618 = CARTESIAN_POINT('',(38.56,55.19,29.4));
#619 = DIRECTION('',(0.,0.,1.));
#620 = DIRECTION('',(1.,0.,-0.));
#621 = DEFINITIONAL_REPRESENTATION('',(#622),#626);
#622 = LINE('',#623,#624);
#623 = CARTESIAN_POINT('',(0.,1.7));
#624 = VECTOR('',#625,1.);
#625 = DIRECTION('',(1.,0.));
#626 = ( GEOMETRIC_REPRESENTATION_CONTEXT(2) 
PARAMETRIC_REPRESENTATION_CONTEXT() REPRESENTATION_CONTEXT('2D SPACE',''
  ) );
#627 = FACE_BOUND('',#628,.T.);
#628 = EDGE_LOOP('',(#629));
#629 = ORIENTED_EDGE('',*,*,#630,.F.);
#630 = EDGE_CURVE('',#631,#631,#633,.T.);
#631 = VERTEX_POINT('',#632);
#632 = CARTESIAN_POINT('',(39.01,57.73,31.1));
#633 = SURFACE_CURVE('',#634,(#639,#646),.PCURVE_S1.);
#634 = CIRCLE('',#635,0.45);
#635 = AXIS2_PLACEMENT_3D('',#636,#637,#638);
#636 = CARTESIAN_POINT('',(38.56,57.73,31.1));
#637 = DIRECTION('',(0.,0.,1.));
#638 = DIRECTION('',(1.,0.,-0.));
#639 = PCURVE('',#212,#640);
#640 = DEFINITIONAL_REPRESENTATION('',(#641),#645);
#641 = CIRCLE('',#642,0.45);
#642 = AXIS2_PLACEMENT_2D('',#643,#644);
#643 = CARTESIAN_POINT('',(12.81,10.73));
#644 = DIRECTION('',(1.,0.));
#645 = ( GEOMETRIC_REPRESENTATION_CONTEXT(2) 
PARAMETRIC_REPRESENTATION_CONTEXT() REPRESENTATION_CONTEXT('2D SPACE',''
  ) );
#646 = PCURVE('',#647,#652);
#647 = CYLINDRICAL_SURFACE('',#648,0.45);
#648 = AXIS2_PLACEMENT_3D('',#649,#650,#651);
#649 = CARTESIAN_POINT('',(38.56,57.73,29.4));
#650 = DIRECTION('',(0.,0.,1.));
#651 = DIRECTION('',(1.,0.,-0.));
#652 = DEFINITIONAL_REPRESENTATION('',(#653),#657);
#653 = LINE('',#654,#655);
#654 = CARTESIAN_POINT('',(0.,1.7));
#655 = VECTOR('',#656,1.);
#656 = DIRECTION('',(1.,0.));
#657 = ( GEOMETRIC_REPRESENTATION_CONTEXT(2) 
PARAMETRIC_REPRESENTATION_CONTEXT() REPRESENTATION_CONTEXT('2D SPACE',''
  ) );
#658 = FACE_BOUND('',#659,.T.);
#659 = EDGE_LOOP('',(#660));
#660 = ORIENTED_EDGE('',*,*,#661,.F.);
#661 = EDGE_CURVE('',#662,#662,#664,.T.);
#662 = VERTEX_POINT('',#663);
#663 = CARTESIAN_POINT('',(39.01,60.27,31.1));
#664 = SURFACE_CURVE('',#665,(#670,#677),.PCURVE_S1.);
#665 = CIRCLE('',#666,0.45);
#666 = AXIS2_PLACEMENT_3D('',#667,#668,#669);
#667 = CARTESIAN_POINT('',(38.56,60.27,31.1));
#668 = DIRECTION('',(0.,0.,1.));
#669 = DIRECTION('',(1.,0.,-0.));
#670 = PCURVE('',#212,#671);
#671 = DEFINITIONAL_REPRESENTATION('',(#672),#676);
#672 = CIRCLE('',#673,0.45);
#673 = AXIS2_PLACEMENT_2D('',#674,#675);
#674 = CARTESIAN_POINT('',(12.81,13.27));
#675 = DIRECTION('',(1.,0.));
#676 = ( GEOMETRIC_REPRESENTATION_CONTEXT(2) 
PARAMETRIC_REPRESENTATION_CONTEXT() REPRESENTATION_CONTEXT('2D SPACE',''
  ) );
#677 = PCURVE('',#678,#683);
#678 = CYLINDRICAL_SURFACE('',#679,0.45);
#679 = AXIS2_PLACEMENT_3D('',#680,#681,#682);
#680 = CARTESIAN_POINT('',(38.56,60.27,29.4));
#681 = DIRECTION('',(0.,0.,1.));
#682 = DIRECTION('',(1.,0.,-0.));
#683 = DEFINITIONAL_REPRESENTATION('',(#684),#688);
#684 = LINE('',#685,#686);
#685 = CARTESIAN_POINT('',(0.,1.7));
#686 = VECTOR('',#687,1.);
#687 = DIRECTION('',(1.,0.));
#688 = ( GEOMETRIC_REPRESENTATION_CONTEXT(2) 
PARAMETRIC_REPRESENTATION_CONTEXT() REPRESENTATION_CONTEXT('2D SPACE',''
  ) );
#689 = FACE_BOUND('',#690,.T.);
#690 = EDGE_LOOP('',(#691));
#691 = ORIENTED_EDGE('',*,*,#692,.F.);
#692 = EDGE_CURVE('',#693,#693,#695,.T.);
#693 = VERTEX_POINT('',#694);
#694 = CARTESIAN_POINT('',(31.39,62.81,31.1));
#695 = SURFACE_CURVE('',#696,(#701,#708),.PCURVE_S1.);
#696 = CIRCLE('',#697,0.45);
#697 = AXIS2_PLACEMENT_3D('',#698,#699,#700);
#698 = CARTESIAN_POINT('',(30.94,62.81,31.1));
#699 = DIRECTION('',(0.,0.,1.));
#700 = DIRECTION('',(1.,0.,-0.));
#701 = PCURVE('',#212,#702);
#702 = DEFINITIONAL_REPRESENTATION('',(#703),#707);
#703 = CIRCLE('',#704,0.45);
#704 = AXIS2_PLACEMENT_2D('',#705,#706);
#705 = CARTESIAN_POINT('',(5.19,15.81));
#706 = DIRECTION('',(1.,0.));
#707 = ( GEOMETRIC_REPRESENTATION_CONTEXT(2) 
PARAMETRIC_REPRESENTATION_CONTEXT() REPRESENTATION_CONTEXT('2D SPACE',''
  ) );
#708 = PCURVE('',#709,#714);
#709 = CYLINDRICAL_SURFACE('',#710,0.45);
#710 = AXIS2_PLACEMENT_3D('',#711,#712,#713);
#711 = CARTESIAN_POINT('',(30.94,62.81,29.4));
#712 = DIRECTION('',(0.,0.,1.));
#713 = DIRECTION('',(1.,0.,-0.));
#714 = DEFINITIONAL_REPRESENTATION('',(#715),#719);
#715 = LINE('',#716,#717);
#716 = CARTESIAN_POINT('',(0.,1.7));
#717 = VECTOR('',#718,1.);
#718 = DIRECTION('',(1.,0.));
#719 = ( GEOMETRIC_REPRESENTATION_CONTEXT(2) 
PARAMETRIC_REPRESENTATION_CONTEXT() REPRESENTATION_CONTEXT('2D SPACE',''
  ) );
#720 = FACE_BOUND('',#721,.T.);
#721 = EDGE_LOOP('',(#722));
#722 = ORIENTED_EDGE('',*,*,#723,.F.);
#723 = EDGE_CURVE('',#724,#724,#726,.T.);
#724 = VERTEX_POINT('',#725);
#725 = CARTESIAN_POINT('',(32.2,68.25,31.1));
#726 = SURFACE_CURVE('',#727,(#732,#739),.PCURVE_S1.);
#727 = CIRCLE('',#728,0.45);
#728 = AXIS2_PLACEMENT_3D('',#729,#730,#731);
#729 = CARTESIAN_POINT('',(31.75,68.25,31.1));
#730 = DIRECTION('',(0.,0.,1.));
#731 = DIRECTION('',(1.,0.,-0.));
#732 = PCURVE('',#212,#733);
#733 = DEFINITIONAL_REPRESENTATION('',(#734),#738);
#734 = CIRCLE('',#735,0.45);
#735 = AXIS2_PLACEMENT_2D('',#736,#737);
#736 = CARTESIAN_POINT('',(6.,21.25));
#737 = DIRECTION('',(1.,0.));
#738 = ( GEOMETRIC_REPRESENTATION_CONTEXT(2) 
PARAMETRIC_REPRESENTATION_CONTEXT() REPRESENTATION_CONTEXT('2D SPACE',''
  ) );
#739 = PCURVE('',#740,#745);
#740 = CYLINDRICAL_SURFACE('',#741,0.45);
#741 = AXIS2_PLACEMENT_3D('',#742,#743,#744);
#742 = CARTESIAN_POINT('',(31.75,68.25,29.4));
#743 = DIRECTION('',(0.,0.,1.));
#744 = DIRECTION('',(1.,0.,-0.));
#745 = DEFINITIONAL_REPRESENTATION('',(#746),#750);
#746 = LINE('',#747,#748);
#747 = CARTESIAN_POINT('',(0.,1.7));
#748 = VECTOR('',#749,1.);
#749 = DIRECTION('',(1.,0.));
#750 = ( GEOMETRIC_REPRESENTATION_CONTEXT(2) 
PARAMETRIC_REPRESENTATION_CONTEXT() REPRESENTATION_CONTEXT('2D SPACE',''
  ) );
#751 = FACE_BOUND('',#752,.T.);
#752 = EDGE_LOOP('',(#753));
#753 = ORIENTED_EDGE('',*,*,#754,.F.);
#754 = EDGE_CURVE('',#755,#755,#757,.T.);
#755 = VERTEX_POINT('',#756);
#756 = CARTESIAN_POINT('',(32.2,71.75,31.1));
#757 = SURFACE_CURVE('',#758,(#763,#770),.PCURVE_S1.);
#758 = CIRCLE('',#759,0.45);
#759 = AXIS2_PLACEMENT_3D('',#760,#761,#762);
#760 = CARTESIAN_POINT('',(31.75,71.75,31.1));
#761 = DIRECTION('',(0.,0.,1.));
#762 = DIRECTION('',(1.,0.,-0.));
#763 = PCURVE('',#212,#764);
#764 = DEFINITIONAL_REPRESENTATION('',(#765),#769);
#765 = CIRCLE('',#766,0.45);
#766 = AXIS2_PLACEMENT_2D('',#767,#768);
#767 = CARTESIAN_POINT('',(6.,24.75));
#768 = DIRECTION('',(1.,0.));
#769 = ( GEOMETRIC_REPRESENTATION_CONTEXT(2) 
PARAMETRIC_REPRESENTATION_CONTEXT() REPRESENTATION_CONTEXT('2D SPACE',''
  ) );
#770 = PCURVE('',#771,#776);
#771 = CYLINDRICAL_SURFACE('',#772,0.45);
#772 = AXIS2_PLACEMENT_3D('',#773,#774,#775);
#773 = CARTESIAN_POINT('',(31.75,71.75,29.4));
#774 = DIRECTION('',(0.,0.,1.));
#775 = DIRECTION('',(1.,0.,-0.));
#776 = DEFINITIONAL_REPRESENTATION('',(#777),#781);
#777 = LINE('',#778,#779);
#778 = CARTESIAN_POINT('',(0.,1.7));
#779 = VECTOR('',#780,1.);
#780 = DIRECTION('',(1.,0.));
#781 = ( GEOMETRIC_REPRESENTATION_CONTEXT(2) 
PARAMETRIC_REPRESENTATION_CONTEXT() REPRESENTATION_CONTEXT('2D SPACE',''
  ) );
#782 = FACE_BOUND('',#783,.T.);
#783 = EDGE_LOOP('',(#784));
#784 = ORIENTED_EDGE('',*,*,#785,.F.);
#785 = EDGE_CURVE('',#786,#786,#788,.T.);
#786 = VERTEX_POINT('',#787);
#787 = CARTESIAN_POINT('',(39.01,62.81,31.1));
#788 = SURFACE_CURVE('',#789,(#794,#801),.PCURVE_S1.);
#789 = CIRCLE('',#790,0.45);
#790 = AXIS2_PLACEMENT_3D('',#791,#792,#793);
#791 = CARTESIAN_POINT('',(38.56,62.81,31.1));
#792 = DIRECTION('',(0.,0.,1.));
#793 = DIRECTION('',(1.,0.,-0.));
#794 = PCURVE('',#212,#795);
#795 = DEFINITIONAL_REPRESENTATION('',(#796),#800);
#796 = CIRCLE('',#797,0.45);
#797 = AXIS2_PLACEMENT_2D('',#798,#799);
#798 = CARTESIAN_POINT('',(12.81,15.81));
#799 = DIRECTION('',(1.,0.));
#800 = ( GEOMETRIC_REPRESENTATION_CONTEXT(2) 
PARAMETRIC_REPRESENTATION_CONTEXT() REPRESENTATION_CONTEXT('2D SPACE',''
  ) );
#801 = PCURVE('',#802,#807);
#802 = CYLINDRICAL_SURFACE('',#803,0.45);
#803 = AXIS2_PLACEMENT_3D('',#804,#805,#806);
#804 = CARTESIAN_POINT('',(38.56,62.81,29.4));
#805 = DIRECTION('',(0.,0.,1.));
#806 = DIRECTION('',(1.,0.,-0.));
#807 = DEFINITIONAL_REPRESENTATION('',(#808),#812);
#808 = LINE('',#809,#810);
#809 = CARTESIAN_POINT('',(0.,1.7));
#810 = VECTOR('',#811,1.);
#811 = DIRECTION('',(1.,0.));
#812 = ( GEOMETRIC_REPRESENTATION_CONTEXT(2) 
PARAMETRIC_REPRESENTATION_CONTEXT() REPRESENTATION_CONTEXT('2D SPACE',''
  ) );
#813 = FACE_BOUND('',#814,.T.);
#814 = EDGE_LOOP('',(#815));
#815 = ORIENTED_EDGE('',*,*,#816,.F.);
#816 = EDGE_CURVE('',#817,#817,#819,.T.);
#817 = VERTEX_POINT('',#818);
#818 = CARTESIAN_POINT('',(39.25,75.,31.1));
#819 = SURFACE_CURVE('',#820,(#825,#832),.PCURVE_S1.);
#820 = CIRCLE('',#821,0.5);
#821 = AXIS2_PLACEMENT_3D('',#822,#823,#824);
#822 = CARTESIAN_POINT('',(38.75,75.,31.1));
#823 = DIRECTION('',(0.,0.,1.));
#824 = DIRECTION('',(1.,0.,-0.));
#825 = PCURVE('',#212,#826);
#826 = DEFINITIONAL_REPRESENTATION('',(#827),#831);
#827 = CIRCLE('',#828,0.5);
#828 = AXIS2_PLACEMENT_2D('',#829,#830);
#829 = CARTESIAN_POINT('',(13.,28.));
#830 = DIRECTION('',(1.,0.));
#831 = ( GEOMETRIC_REPRESENTATION_CONTEXT(2) 
PARAMETRIC_REPRESENTATION_CONTEXT() REPRESENTATION_CONTEXT('2D SPACE',''
  ) );
#832 = PCURVE('',#833,#838);
#833 = CYLINDRICAL_SURFACE('',#834,0.5);
#834 = AXIS2_PLACEMENT_3D('',#835,#836,#837);
#835 = CARTESIAN_POINT('',(38.75,75.,29.4));
#836 = DIRECTION('',(0.,0.,1.));
#837 = DIRECTION('',(1.,0.,-0.));
#838 = DEFINITIONAL_REPRESENTATION('',(#839),#843);
#839 = LINE('',#840,#841);
#840 = CARTESIAN_POINT('',(0.,1.7));
#841 = VECTOR('',#842,1.);
#842 = DIRECTION('',(1.,0.));
#843 = ( GEOMETRIC_REPRESENTATION_CONTEXT(2) 
PARAMETRIC_REPRESENTATION_CONTEXT() REPRESENTATION_CONTEXT('2D SPACE',''
  ) );
#844 = FACE_BOUND('',#845,.T.);
#845 = EDGE_LOOP('',(#846));
#846 = ORIENTED_EDGE('',*,*,#847,.F.);
#847 = EDGE_CURVE('',#848,#848,#850,.T.);
#848 = VERTEX_POINT('',#849);
#849 = CARTESIAN_POINT('',(42.25,75.,31.1));
#850 = SURFACE_CURVE('',#851,(#856,#863),.PCURVE_S1.);
#851 = CIRCLE('',#852,0.5);
#852 = AXIS2_PLACEMENT_3D('',#853,#854,#855);
#853 = CARTESIAN_POINT('',(41.75,75.,31.1));
#854 = DIRECTION('',(0.,0.,1.));
#855 = DIRECTION('',(1.,0.,-0.));
#856 = PCURVE('',#212,#857);
#857 = DEFINITIONAL_REPRESENTATION('',(#858),#862);
#858 = CIRCLE('',#859,0.5);
#859 = AXIS2_PLACEMENT_2D('',#860,#861);
#860 = CARTESIAN_POINT('',(16.,28.));
#861 = DIRECTION('',(1.,0.));
#862 = ( GEOMETRIC_REPRESENTATION_CONTEXT(2) 
PARAMETRIC_REPRESENTATION_CONTEXT() REPRESENTATION_CONTEXT('2D SPACE',''
  ) );
#863 = PCURVE('',#864,#869);
#864 = CYLINDRICAL_SURFACE('',#865,0.5);
#865 = AXIS2_PLACEMENT_3D('',#866,#867,#868);
#866 = CARTESIAN_POINT('',(41.75,75.,29.4));
#867 = DIRECTION('',(0.,0.,1.));
#868 = DIRECTION('',(1.,0.,-0.));
#869 = DEFINITIONAL_REPRESENTATION('',(#870),#874);
#870 = LINE('',#871,#872);
#871 = CARTESIAN_POINT('',(0.,1.7));
#872 = VECTOR('',#873,1.);
#873 = DIRECTION('',(1.,0.));
#874 = ( GEOMETRIC_REPRESENTATION_CONTEXT(2) 
PARAMETRIC_REPRESENTATION_CONTEXT() REPRESENTATION_CONTEXT('2D SPACE',''
  ) );
#875 = ADVANCED_FACE('',(#876),#186,.T.);
#876 = FACE_BOUND('',#877,.T.);
#877 = EDGE_LOOP('',(#878,#901,#902,#903));
#878 = ORIENTED_EDGE('',*,*,#879,.F.);
#879 = EDGE_CURVE('',#143,#880,#882,.T.);
#880 = VERTEX_POINT('',#881);
#881 = CARTESIAN_POINT('',(43.75,77.,29.5));
#882 = SURFACE_CURVE('',#883,(#887,#894),.PCURVE_S1.);
#883 = LINE('',#884,#885);
#884 = CARTESIAN_POINT('',(25.75,77.,29.5));
#885 = VECTOR('',#886,1.);
#886 = DIRECTION('',(1.,0.,-0.));
#887 = PCURVE('',#186,#888);
#888 = DEFINITIONAL_REPRESENTATION('',(#889),#893);
#889 = LINE('',#890,#891);
#890 = CARTESIAN_POINT('',(0.,0.));
#891 = VECTOR('',#892,1.);
#892 = DIRECTION('',(0.,1.));
#893 = ( GEOMETRIC_REPRESENTATION_CONTEXT(2) 
PARAMETRIC_REPRESENTATION_CONTEXT() REPRESENTATION_CONTEXT('2D SPACE',''
  ) );
#894 = PCURVE('',#158,#895);
#895 = DEFINITIONAL_REPRESENTATION('',(#896),#900);
#896 = LINE('',#897,#898);
#897 = CARTESIAN_POINT('',(0.,30.));
#898 = VECTOR('',#899,1.);
#899 = DIRECTION('',(1.,0.));
#900 = ( GEOMETRIC_REPRESENTATION_CONTEXT(2) 
PARAMETRIC_REPRESENTATION_CONTEXT() REPRESENTATION_CONTEXT('2D SPACE',''
  ) );
#901 = ORIENTED_EDGE('',*,*,#170,.T.);
#902 = ORIENTED_EDGE('',*,*,#328,.T.);
#903 = ORIENTED_EDGE('',*,*,#904,.F.);
#904 = EDGE_CURVE('',#880,#306,#905,.T.);
#905 = SURFACE_CURVE('',#906,(#910,#917),.PCURVE_S1.);
#906 = LINE('',#907,#908);
#907 = CARTESIAN_POINT('',(43.75,77.,29.5));
#908 = VECTOR('',#909,1.);
#909 = DIRECTION('',(0.,0.,1.));
#910 = PCURVE('',#186,#911);
#911 = DEFINITIONAL_REPRESENTATION('',(#912),#916);
#912 = LINE('',#913,#914);
#913 = CARTESIAN_POINT('',(0.,18.));
#914 = VECTOR('',#915,1.);
#915 = DIRECTION('',(1.,0.));
#916 = ( GEOMETRIC_REPRESENTATION_CONTEXT(2) 
PARAMETRIC_REPRESENTATION_CONTEXT() REPRESENTATION_CONTEXT('2D SPACE',''
  ) );
#917 = PCURVE('',#288,#918);
#918 = DEFINITIONAL_REPRESENTATION('',(#919),#923);
#919 = LINE('',#920,#921);
#920 = CARTESIAN_POINT('',(0.,-30.));
#921 = VECTOR('',#922,1.);
#922 = DIRECTION('',(1.,0.));
#923 = ( GEOMETRIC_REPRESENTATION_CONTEXT(2) 
PARAMETRIC_REPRESENTATION_CONTEXT() REPRESENTATION_CONTEXT('2D SPACE',''
  ) );
#924 = ADVANCED_FACE('',(#925,#951,#977,#1003,#1029,#1055,#1081,#1107,
    #1133,#1159,#1185,#1211,#1237,#1263,#1289,#1315,#1341,#1367),#158,
  .F.);
#925 = FACE_BOUND('',#926,.F.);
#926 = EDGE_LOOP('',(#927,#928,#929,#950));
#927 = ORIENTED_EDGE('',*,*,#142,.F.);
#928 = ORIENTED_EDGE('',*,*,#227,.T.);
#929 = ORIENTED_EDGE('',*,*,#930,.T.);
#930 = EDGE_CURVE('',#228,#880,#931,.T.);
#931 = SURFACE_CURVE('',#932,(#936,#943),.PCURVE_S1.);
#932 = LINE('',#933,#934);
#933 = CARTESIAN_POINT('',(43.75,47.,29.5));
#934 = VECTOR('',#935,1.);
#935 = DIRECTION('',(-0.,1.,0.));
#936 = PCURVE('',#158,#937);
#937 = DEFINITIONAL_REPRESENTATION('',(#938),#942);
#938 = LINE('',#939,#940);
#939 = CARTESIAN_POINT('',(18.,0.));
#940 = VECTOR('',#941,1.);
#941 = DIRECTION('',(0.,1.));
#942 = ( GEOMETRIC_REPRESENTATION_CONTEXT(2) 
PARAMETRIC_REPRESENTATION_CONTEXT() REPRESENTATION_CONTEXT('2D SPACE',''
  ) );
#943 = PCURVE('',#288,#944);
#944 = DEFINITIONAL_REPRESENTATION('',(#945),#949);
#945 = LINE('',#946,#947);
#946 = CARTESIAN_POINT('',(0.,0.));
#947 = VECTOR('',#948,1.);
#948 = DIRECTION('',(0.,-1.));
#949 = ( GEOMETRIC_REPRESENTATION_CONTEXT(2) 
PARAMETRIC_REPRESENTATION_CONTEXT() REPRESENTATION_CONTEXT('2D SPACE',''
  ) );
#950 = ORIENTED_EDGE('',*,*,#879,.F.);
#951 = FACE_BOUND('',#952,.F.);
#952 = EDGE_LOOP('',(#953));
#953 = ORIENTED_EDGE('',*,*,#954,.F.);
#954 = EDGE_CURVE('',#955,#955,#957,.T.);
#955 = VERTEX_POINT('',#956);
#956 = CARTESIAN_POINT('',(29.25,48.8,29.5));
#957 = SURFACE_CURVE('',#958,(#963,#970),.PCURVE_S1.);
#958 = CIRCLE('',#959,0.5);
#959 = AXIS2_PLACEMENT_3D('',#960,#961,#962);
#960 = CARTESIAN_POINT('',(28.75,48.8,29.5));
#961 = DIRECTION('',(0.,0.,1.));
#962 = DIRECTION('',(1.,0.,-0.));
#963 = PCURVE('',#158,#964);
#964 = DEFINITIONAL_REPRESENTATION('',(#965),#969);
#965 = CIRCLE('',#966,0.5);
#966 = AXIS2_PLACEMENT_2D('',#967,#968);
#967 = CARTESIAN_POINT('',(3.,1.8));
#968 = DIRECTION('',(1.,0.));
#969 = ( GEOMETRIC_REPRESENTATION_CONTEXT(2) 
PARAMETRIC_REPRESENTATION_CONTEXT() REPRESENTATION_CONTEXT('2D SPACE',''
  ) );
#970 = PCURVE('',#368,#971);
#971 = DEFINITIONAL_REPRESENTATION('',(#972),#976);
#972 = LINE('',#973,#974);
#973 = CARTESIAN_POINT('',(0.,1.E-01));
#974 = VECTOR('',#975,1.);
#975 = DIRECTION('',(1.,0.));
#976 = ( GEOMETRIC_REPRESENTATION_CONTEXT(2) 
PARAMETRIC_REPRESENTATION_CONTEXT() REPRESENTATION_CONTEXT('2D SPACE',''
  ) );
#977 = FACE_BOUND('',#978,.F.);
#978 = EDGE_LOOP('',(#979));
#979 = ORIENTED_EDGE('',*,*,#980,.F.);
#980 = EDGE_CURVE('',#981,#981,#983,.T.);
#981 = VERTEX_POINT('',#982);
#982 = CARTESIAN_POINT('',(32.25,48.8,29.5));
#983 = SURFACE_CURVE('',#984,(#989,#996),.PCURVE_S1.);
#984 = CIRCLE('',#985,0.5);
#985 = AXIS2_PLACEMENT_3D('',#986,#987,#988);
#986 = CARTESIAN_POINT('',(31.75,48.8,29.5));
#987 = DIRECTION('',(0.,0.,1.));
#988 = DIRECTION('',(1.,0.,-0.));
#989 = PCURVE('',#158,#990);
#990 = DEFINITIONAL_REPRESENTATION('',(#991),#995);
#991 = CIRCLE('',#992,0.5);
#992 = AXIS2_PLACEMENT_2D('',#993,#994);
#993 = CARTESIAN_POINT('',(6.,1.8));
#994 = DIRECTION('',(1.,0.));
#995 = ( GEOMETRIC_REPRESENTATION_CONTEXT(2) 
PARAMETRIC_REPRESENTATION_CONTEXT() REPRESENTATION_CONTEXT('2D SPACE',''
  ) );
#996 = PCURVE('',#399,#997);
#997 = DEFINITIONAL_REPRESENTATION('',(#998),#1002);
#998 = LINE('',#999,#1000);
#999 = CARTESIAN_POINT('',(0.,1.E-01));
#1000 = VECTOR('',#1001,1.);
#1001 = DIRECTION('',(1.,0.));
#1002 = ( GEOMETRIC_REPRESENTATION_CONTEXT(2) 
PARAMETRIC_REPRESENTATION_CONTEXT() REPRESENTATION_CONTEXT('2D SPACE',''
  ) );
#1003 = FACE_BOUND('',#1004,.F.);
#1004 = EDGE_LOOP('',(#1005));
#1005 = ORIENTED_EDGE('',*,*,#1006,.F.);
#1006 = EDGE_CURVE('',#1007,#1007,#1009,.T.);
#1007 = VERTEX_POINT('',#1008);
#1008 = CARTESIAN_POINT('',(35.25,49.,29.5));
#1009 = SURFACE_CURVE('',#1010,(#1015,#1022),.PCURVE_S1.);
#1010 = CIRCLE('',#1011,0.5);
#1011 = AXIS2_PLACEMENT_3D('',#1012,#1013,#1014);
#1012 = CARTESIAN_POINT('',(34.75,49.,29.5));
#1013 = DIRECTION('',(0.,0.,1.));
#1014 = DIRECTION('',(1.,0.,-0.));
#1015 = PCURVE('',#158,#1016);
#1016 = DEFINITIONAL_REPRESENTATION('',(#1017),#1021);
#1017 = CIRCLE('',#1018,0.5);
#1018 = AXIS2_PLACEMENT_2D('',#1019,#1020);
#1019 = CARTESIAN_POINT('',(9.,2.));
#1020 = DIRECTION('',(1.,0.));
#1021 = ( GEOMETRIC_REPRESENTATION_CONTEXT(2) 
PARAMETRIC_REPRESENTATION_CONTEXT() REPRESENTATION_CONTEXT('2D SPACE',''
  ) );
#1022 = PCURVE('',#430,#1023);
#1023 = DEFINITIONAL_REPRESENTATION('',(#1024),#1028);
#1024 = LINE('',#1025,#1026);
#1025 = CARTESIAN_POINT('',(0.,1.E-01));
#1026 = VECTOR('',#1027,1.);
#1027 = DIRECTION('',(1.,0.));
#1028 = ( GEOMETRIC_REPRESENTATION_CONTEXT(2) 
PARAMETRIC_REPRESENTATION_CONTEXT() REPRESENTATION_CONTEXT('2D SPACE',''
  ) );
#1029 = FACE_BOUND('',#1030,.F.);
#1030 = EDGE_LOOP('',(#1031));
#1031 = ORIENTED_EDGE('',*,*,#1032,.F.);
#1032 = EDGE_CURVE('',#1033,#1033,#1035,.T.);
#1033 = VERTEX_POINT('',#1034);
#1034 = CARTESIAN_POINT('',(31.39,55.19,29.5));
#1035 = SURFACE_CURVE('',#1036,(#1041,#1048),.PCURVE_S1.);
#1036 = CIRCLE('',#1037,0.45);
#1037 = AXIS2_PLACEMENT_3D('',#1038,#1039,#1040);
#1038 = CARTESIAN_POINT('',(30.94,55.19,29.5));
#1039 = DIRECTION('',(0.,0.,1.));
#1040 = DIRECTION('',(1.,0.,-0.));
#1041 = PCURVE('',#158,#1042);
#1042 = DEFINITIONAL_REPRESENTATION('',(#1043),#1047);
#1043 = CIRCLE('',#1044,0.45);
#1044 = AXIS2_PLACEMENT_2D('',#1045,#1046);
#1045 = CARTESIAN_POINT('',(5.19,8.19));
#1046 = DIRECTION('',(1.,0.));
#1047 = ( GEOMETRIC_REPRESENTATION_CONTEXT(2) 
PARAMETRIC_REPRESENTATION_CONTEXT() REPRESENTATION_CONTEXT('2D SPACE',''
  ) );
#1048 = PCURVE('',#461,#1049);
#1049 = DEFINITIONAL_REPRESENTATION('',(#1050),#1054);
#1050 = LINE('',#1051,#1052);
#1051 = CARTESIAN_POINT('',(0.,1.E-01));
#1052 = VECTOR('',#1053,1.);
#1053 = DIRECTION('',(1.,0.));
#1054 = ( GEOMETRIC_REPRESENTATION_CONTEXT(2) 
PARAMETRIC_REPRESENTATION_CONTEXT() REPRESENTATION_CONTEXT('2D SPACE',''
  ) );
#1055 = FACE_BOUND('',#1056,.F.);
#1056 = EDGE_LOOP('',(#1057));
#1057 = ORIENTED_EDGE('',*,*,#1058,.F.);
#1058 = EDGE_CURVE('',#1059,#1059,#1061,.T.);
#1059 = VERTEX_POINT('',#1060);
#1060 = CARTESIAN_POINT('',(31.39,57.73,29.5));
#1061 = SURFACE_CURVE('',#1062,(#1067,#1074),.PCURVE_S1.);
#1062 = CIRCLE('',#1063,0.45);
#1063 = AXIS2_PLACEMENT_3D('',#1064,#1065,#1066);
#1064 = CARTESIAN_POINT('',(30.94,57.73,29.5));
#1065 = DIRECTION('',(0.,0.,1.));
#1066 = DIRECTION('',(1.,0.,-0.));
#1067 = PCURVE('',#158,#1068);
#1068 = DEFINITIONAL_REPRESENTATION('',(#1069),#1073);
#1069 = CIRCLE('',#1070,0.45);
#1070 = AXIS2_PLACEMENT_2D('',#1071,#1072);
#1071 = CARTESIAN_POINT('',(5.19,10.73));
#1072 = DIRECTION('',(1.,0.));
#1073 = ( GEOMETRIC_REPRESENTATION_CONTEXT(2) 
PARAMETRIC_REPRESENTATION_CONTEXT() REPRESENTATION_CONTEXT('2D SPACE',''
  ) );
#1074 = PCURVE('',#492,#1075);
#1075 = DEFINITIONAL_REPRESENTATION('',(#1076),#1080);
#1076 = LINE('',#1077,#1078);
#1077 = CARTESIAN_POINT('',(0.,1.E-01));
#1078 = VECTOR('',#1079,1.);
#1079 = DIRECTION('',(1.,0.));
#1080 = ( GEOMETRIC_REPRESENTATION_CONTEXT(2) 
PARAMETRIC_REPRESENTATION_CONTEXT() REPRESENTATION_CONTEXT('2D SPACE',''
  ) );
#1081 = FACE_BOUND('',#1082,.F.);
#1082 = EDGE_LOOP('',(#1083));
#1083 = ORIENTED_EDGE('',*,*,#1084,.F.);
#1084 = EDGE_CURVE('',#1085,#1085,#1087,.T.);
#1085 = VERTEX_POINT('',#1086);
#1086 = CARTESIAN_POINT('',(31.39,60.27,29.5));
#1087 = SURFACE_CURVE('',#1088,(#1093,#1100),.PCURVE_S1.);
#1088 = CIRCLE('',#1089,0.45);
#1089 = AXIS2_PLACEMENT_3D('',#1090,#1091,#1092);
#1090 = CARTESIAN_POINT('',(30.94,60.27,29.5));
#1091 = DIRECTION('',(0.,0.,1.));
#1092 = DIRECTION('',(1.,0.,-0.));
#1093 = PCURVE('',#158,#1094);
#1094 = DEFINITIONAL_REPRESENTATION('',(#1095),#1099);
#1095 = CIRCLE('',#1096,0.45);
#1096 = AXIS2_PLACEMENT_2D('',#1097,#1098);
#1097 = CARTESIAN_POINT('',(5.19,13.27));
#1098 = DIRECTION('',(1.,0.));
#1099 = ( GEOMETRIC_REPRESENTATION_CONTEXT(2) 
PARAMETRIC_REPRESENTATION_CONTEXT() REPRESENTATION_CONTEXT('2D SPACE',''
  ) );
#1100 = PCURVE('',#523,#1101);
#1101 = DEFINITIONAL_REPRESENTATION('',(#1102),#1106);
#1102 = LINE('',#1103,#1104);
#1103 = CARTESIAN_POINT('',(0.,1.E-01));
#1104 = VECTOR('',#1105,1.);
#1105 = DIRECTION('',(1.,0.));
#1106 = ( GEOMETRIC_REPRESENTATION_CONTEXT(2) 
PARAMETRIC_REPRESENTATION_CONTEXT() REPRESENTATION_CONTEXT('2D SPACE',''
  ) );
#1107 = FACE_BOUND('',#1108,.F.);
#1108 = EDGE_LOOP('',(#1109));
#1109 = ORIENTED_EDGE('',*,*,#1110,.F.);
#1110 = EDGE_CURVE('',#1111,#1111,#1113,.T.);
#1111 = VERTEX_POINT('',#1112);
#1112 = CARTESIAN_POINT('',(38.25,49.,29.5));
#1113 = SURFACE_CURVE('',#1114,(#1119,#1126),.PCURVE_S1.);
#1114 = CIRCLE('',#1115,0.5);
#1115 = AXIS2_PLACEMENT_3D('',#1116,#1117,#1118);
#1116 = CARTESIAN_POINT('',(37.75,49.,29.5));
#1117 = DIRECTION('',(0.,0.,1.));
#1118 = DIRECTION('',(1.,0.,-0.));
#1119 = PCURVE('',#158,#1120);
#1120 = DEFINITIONAL_REPRESENTATION('',(#1121),#1125);
#1121 = CIRCLE('',#1122,0.5);
#1122 = AXIS2_PLACEMENT_2D('',#1123,#1124);
#1123 = CARTESIAN_POINT('',(12.,2.));
#1124 = DIRECTION('',(1.,0.));
#1125 = ( GEOMETRIC_REPRESENTATION_CONTEXT(2) 
PARAMETRIC_REPRESENTATION_CONTEXT() REPRESENTATION_CONTEXT('2D SPACE',''
  ) );
#1126 = PCURVE('',#554,#1127);
#1127 = DEFINITIONAL_REPRESENTATION('',(#1128),#1132);
#1128 = LINE('',#1129,#1130);
#1129 = CARTESIAN_POINT('',(0.,1.E-01));
#1130 = VECTOR('',#1131,1.);
#1131 = DIRECTION('',(1.,0.));
#1132 = ( GEOMETRIC_REPRESENTATION_CONTEXT(2) 
PARAMETRIC_REPRESENTATION_CONTEXT() REPRESENTATION_CONTEXT('2D SPACE',''
  ) );
#1133 = FACE_BOUND('',#1134,.F.);
#1134 = EDGE_LOOP('',(#1135));
#1135 = ORIENTED_EDGE('',*,*,#1136,.F.);
#1136 = EDGE_CURVE('',#1137,#1137,#1139,.T.);
#1137 = VERTEX_POINT('',#1138);
#1138 = CARTESIAN_POINT('',(41.25,49.,29.5));
#1139 = SURFACE_CURVE('',#1140,(#1145,#1152),.PCURVE_S1.);
#1140 = CIRCLE('',#1141,0.5);
#1141 = AXIS2_PLACEMENT_3D('',#1142,#1143,#1144);
#1142 = CARTESIAN_POINT('',(40.75,49.,29.5));
#1143 = DIRECTION('',(0.,0.,1.));
#1144 = DIRECTION('',(1.,0.,-0.));
#1145 = PCURVE('',#158,#1146);
#1146 = DEFINITIONAL_REPRESENTATION('',(#1147),#1151);
#1147 = CIRCLE('',#1148,0.5);
#1148 = AXIS2_PLACEMENT_2D('',#1149,#1150);
#1149 = CARTESIAN_POINT('',(15.,2.));
#1150 = DIRECTION('',(1.,0.));
#1151 = ( GEOMETRIC_REPRESENTATION_CONTEXT(2) 
PARAMETRIC_REPRESENTATION_CONTEXT() REPRESENTATION_CONTEXT('2D SPACE',''
  ) );
#1152 = PCURVE('',#585,#1153);
#1153 = DEFINITIONAL_REPRESENTATION('',(#1154),#1158);
#1154 = LINE('',#1155,#1156);
#1155 = CARTESIAN_POINT('',(0.,1.E-01));
#1156 = VECTOR('',#1157,1.);
#1157 = DIRECTION('',(1.,0.));
#1158 = ( GEOMETRIC_REPRESENTATION_CONTEXT(2) 
PARAMETRIC_REPRESENTATION_CONTEXT() REPRESENTATION_CONTEXT('2D SPACE',''
  ) );
#1159 = FACE_BOUND('',#1160,.F.);
#1160 = EDGE_LOOP('',(#1161));
#1161 = ORIENTED_EDGE('',*,*,#1162,.F.);
#1162 = EDGE_CURVE('',#1163,#1163,#1165,.T.);
#1163 = VERTEX_POINT('',#1164);
#1164 = CARTESIAN_POINT('',(39.01,55.19,29.5));
#1165 = SURFACE_CURVE('',#1166,(#1171,#1178),.PCURVE_S1.);
#1166 = CIRCLE('',#1167,0.45);
#1167 = AXIS2_PLACEMENT_3D('',#1168,#1169,#1170);
#1168 = CARTESIAN_POINT('',(38.56,55.19,29.5));
#1169 = DIRECTION('',(0.,0.,1.));
#1170 = DIRECTION('',(1.,0.,-0.));
#1171 = PCURVE('',#158,#1172);
#1172 = DEFINITIONAL_REPRESENTATION('',(#1173),#1177);
#1173 = CIRCLE('',#1174,0.45);
#1174 = AXIS2_PLACEMENT_2D('',#1175,#1176);
#1175 = CARTESIAN_POINT('',(12.81,8.19));
#1176 = DIRECTION('',(1.,0.));
#1177 = ( GEOMETRIC_REPRESENTATION_CONTEXT(2) 
PARAMETRIC_REPRESENTATION_CONTEXT() REPRESENTATION_CONTEXT('2D SPACE',''
  ) );
#1178 = PCURVE('',#616,#1179);
#1179 = DEFINITIONAL_REPRESENTATION('',(#1180),#1184);
#1180 = LINE('',#1181,#1182);
#1181 = CARTESIAN_POINT('',(0.,1.E-01));
#1182 = VECTOR('',#1183,1.);
#1183 = DIRECTION('',(1.,0.));
#1184 = ( GEOMETRIC_REPRESENTATION_CONTEXT(2) 
PARAMETRIC_REPRESENTATION_CONTEXT() REPRESENTATION_CONTEXT('2D SPACE',''
  ) );
#1185 = FACE_BOUND('',#1186,.F.);
#1186 = EDGE_LOOP('',(#1187));
#1187 = ORIENTED_EDGE('',*,*,#1188,.F.);
#1188 = EDGE_CURVE('',#1189,#1189,#1191,.T.);
#1189 = VERTEX_POINT('',#1190);
#1190 = CARTESIAN_POINT('',(39.01,57.73,29.5));
#1191 = SURFACE_CURVE('',#1192,(#1197,#1204),.PCURVE_S1.);
#1192 = CIRCLE('',#1193,0.45);
#1193 = AXIS2_PLACEMENT_3D('',#1194,#1195,#1196);
#1194 = CARTESIAN_POINT('',(38.56,57.73,29.5));
#1195 = DIRECTION('',(0.,0.,1.));
#1196 = DIRECTION('',(1.,0.,-0.));
#1197 = PCURVE('',#158,#1198);
#1198 = DEFINITIONAL_REPRESENTATION('',(#1199),#1203);
#1199 = CIRCLE('',#1200,0.45);
#1200 = AXIS2_PLACEMENT_2D('',#1201,#1202);
#1201 = CARTESIAN_POINT('',(12.81,10.73));
#1202 = DIRECTION('',(1.,0.));
#1203 = ( GEOMETRIC_REPRESENTATION_CONTEXT(2) 
PARAMETRIC_REPRESENTATION_CONTEXT() REPRESENTATION_CONTEXT('2D SPACE',''
  ) );
#1204 = PCURVE('',#647,#1205);
#1205 = DEFINITIONAL_REPRESENTATION('',(#1206),#1210);
#1206 = LINE('',#1207,#1208);
#1207 = CARTESIAN_POINT('',(0.,1.E-01));
#1208 = VECTOR('',#1209,1.);
#1209 = DIRECTION('',(1.,0.));
#1210 = ( GEOMETRIC_REPRESENTATION_CONTEXT(2) 
PARAMETRIC_REPRESENTATION_CONTEXT() REPRESENTATION_CONTEXT('2D SPACE',''
  ) );
#1211 = FACE_BOUND('',#1212,.F.);
#1212 = EDGE_LOOP('',(#1213));
#1213 = ORIENTED_EDGE('',*,*,#1214,.F.);
#1214 = EDGE_CURVE('',#1215,#1215,#1217,.T.);
#1215 = VERTEX_POINT('',#1216);
#1216 = CARTESIAN_POINT('',(39.01,60.27,29.5));
#1217 = SURFACE_CURVE('',#1218,(#1223,#1230),.PCURVE_S1.);
#1218 = CIRCLE('',#1219,0.45);
#1219 = AXIS2_PLACEMENT_3D('',#1220,#1221,#1222);
#1220 = CARTESIAN_POINT('',(38.56,60.27,29.5));
#1221 = DIRECTION('',(0.,0.,1.));
#1222 = DIRECTION('',(1.,0.,-0.));
#1223 = PCURVE('',#158,#1224);
#1224 = DEFINITIONAL_REPRESENTATION('',(#1225),#1229);
#1225 = CIRCLE('',#1226,0.45);
#1226 = AXIS2_PLACEMENT_2D('',#1227,#1228);
#1227 = CARTESIAN_POINT('',(12.81,13.27));
#1228 = DIRECTION('',(1.,0.));
#1229 = ( GEOMETRIC_REPRESENTATION_CONTEXT(2) 
PARAMETRIC_REPRESENTATION_CONTEXT() REPRESENTATION_CONTEXT('2D SPACE',''
  ) );
#1230 = PCURVE('',#678,#1231);
#1231 = DEFINITIONAL_REPRESENTATION('',(#1232),#1236);
#1232 = LINE('',#1233,#1234);
#1233 = CARTESIAN_POINT('',(0.,1.E-01));
#1234 = VECTOR('',#1235,1.);
#1235 = DIRECTION('',(1.,0.));
#1236 = ( GEOMETRIC_REPRESENTATION_CONTEXT(2) 
PARAMETRIC_REPRESENTATION_CONTEXT() REPRESENTATION_CONTEXT('2D SPACE',''
  ) );
#1237 = FACE_BOUND('',#1238,.F.);
#1238 = EDGE_LOOP('',(#1239));
#1239 = ORIENTED_EDGE('',*,*,#1240,.F.);
#1240 = EDGE_CURVE('',#1241,#1241,#1243,.T.);
#1241 = VERTEX_POINT('',#1242);
#1242 = CARTESIAN_POINT('',(31.39,62.81,29.5));
#1243 = SURFACE_CURVE('',#1244,(#1249,#1256),.PCURVE_S1.);
#1244 = CIRCLE('',#1245,0.45);
#1245 = AXIS2_PLACEMENT_3D('',#1246,#1247,#1248);
#1246 = CARTESIAN_POINT('',(30.94,62.81,29.5));
#1247 = DIRECTION('',(0.,0.,1.));
#1248 = DIRECTION('',(1.,0.,-0.));
#1249 = PCURVE('',#158,#1250);
#1250 = DEFINITIONAL_REPRESENTATION('',(#1251),#1255);
#1251 = CIRCLE('',#1252,0.45);
#1252 = AXIS2_PLACEMENT_2D('',#1253,#1254);
#1253 = CARTESIAN_POINT('',(5.19,15.81));
#1254 = DIRECTION('',(1.,0.));
#1255 = ( GEOMETRIC_REPRESENTATION_CONTEXT(2) 
PARAMETRIC_REPRESENTATION_CONTEXT() REPRESENTATION_CONTEXT('2D SPACE',''
  ) );
#1256 = PCURVE('',#709,#1257);
#1257 = DEFINITIONAL_REPRESENTATION('',(#1258),#1262);
#1258 = LINE('',#1259,#1260);
#1259 = CARTESIAN_POINT('',(0.,1.E-01));
#1260 = VECTOR('',#1261,1.);
#1261 = DIRECTION('',(1.,0.));
#1262 = ( GEOMETRIC_REPRESENTATION_CONTEXT(2) 
PARAMETRIC_REPRESENTATION_CONTEXT() REPRESENTATION_CONTEXT('2D SPACE',''
  ) );
#1263 = FACE_BOUND('',#1264,.F.);
#1264 = EDGE_LOOP('',(#1265));
#1265 = ORIENTED_EDGE('',*,*,#1266,.F.);
#1266 = EDGE_CURVE('',#1267,#1267,#1269,.T.);
#1267 = VERTEX_POINT('',#1268);
#1268 = CARTESIAN_POINT('',(32.2,68.25,29.5));
#1269 = SURFACE_CURVE('',#1270,(#1275,#1282),.PCURVE_S1.);
#1270 = CIRCLE('',#1271,0.45);
#1271 = AXIS2_PLACEMENT_3D('',#1272,#1273,#1274);
#1272 = CARTESIAN_POINT('',(31.75,68.25,29.5));
#1273 = DIRECTION('',(0.,0.,1.));
#1274 = DIRECTION('',(1.,0.,-0.));
#1275 = PCURVE('',#158,#1276);
#1276 = DEFINITIONAL_REPRESENTATION('',(#1277),#1281);
#1277 = CIRCLE('',#1278,0.45);
#1278 = AXIS2_PLACEMENT_2D('',#1279,#1280);
#1279 = CARTESIAN_POINT('',(6.,21.25));
#1280 = DIRECTION('',(1.,0.));
#1281 = ( GEOMETRIC_REPRESENTATION_CONTEXT(2) 
PARAMETRIC_REPRESENTATION_CONTEXT() REPRESENTATION_CONTEXT('2D SPACE',''
  ) );
#1282 = PCURVE('',#740,#1283);
#1283 = DEFINITIONAL_REPRESENTATION('',(#1284),#1288);
#1284 = LINE('',#1285,#1286);
#1285 = CARTESIAN_POINT('',(0.,1.E-01));
#1286 = VECTOR('',#1287,1.);
#1287 = DIRECTION('',(1.,0.));
#1288 = ( GEOMETRIC_REPRESENTATION_CONTEXT(2) 
PARAMETRIC_REPRESENTATION_CONTEXT() REPRESENTATION_CONTEXT('2D SPACE',''
  ) );
#1289 = FACE_BOUND('',#1290,.F.);
#1290 = EDGE_LOOP('',(#1291));
#1291 = ORIENTED_EDGE('',*,*,#1292,.F.);
#1292 = EDGE_CURVE('',#1293,#1293,#1295,.T.);
#1293 = VERTEX_POINT('',#1294);
#1294 = CARTESIAN_POINT('',(32.2,71.75,29.5));
#1295 = SURFACE_CURVE('',#1296,(#1301,#1308),.PCURVE_S1.);
#1296 = CIRCLE('',#1297,0.45);
#1297 = AXIS2_PLACEMENT_3D('',#1298,#1299,#1300);
#1298 = CARTESIAN_POINT('',(31.75,71.75,29.5));
#1299 = DIRECTION('',(0.,0.,1.));
#1300 = DIRECTION('',(1.,0.,-0.));
#1301 = PCURVE('',#158,#1302);
#1302 = DEFINITIONAL_REPRESENTATION('',(#1303),#1307);
#1303 = CIRCLE('',#1304,0.45);
#1304 = AXIS2_PLACEMENT_2D('',#1305,#1306);
#1305 = CARTESIAN_POINT('',(6.,24.75));
#1306 = DIRECTION('',(1.,0.));
#1307 = ( GEOMETRIC_REPRESENTATION_CONTEXT(2) 
PARAMETRIC_REPRESENTATION_CONTEXT() REPRESENTATION_CONTEXT('2D SPACE',''
  ) );
#1308 = PCURVE('',#771,#1309);
#1309 = DEFINITIONAL_REPRESENTATION('',(#1310),#1314);
#1310 = LINE('',#1311,#1312);
#1311 = CARTESIAN_POINT('',(0.,1.E-01));
#1312 = VECTOR('',#1313,1.);
#1313 = DIRECTION('',(1.,0.));
#1314 = ( GEOMETRIC_REPRESENTATION_CONTEXT(2) 
PARAMETRIC_REPRESENTATION_CONTEXT() REPRESENTATION_CONTEXT('2D SPACE',''
  ) );
#1315 = FACE_BOUND('',#1316,.F.);
#1316 = EDGE_LOOP('',(#1317));
#1317 = ORIENTED_EDGE('',*,*,#1318,.F.);
#1318 = EDGE_CURVE('',#1319,#1319,#1321,.T.);
#1319 = VERTEX_POINT('',#1320);
#1320 = CARTESIAN_POINT('',(39.01,62.81,29.5));
#1321 = SURFACE_CURVE('',#1322,(#1327,#1334),.PCURVE_S1.);
#1322 = CIRCLE('',#1323,0.45);
#1323 = AXIS2_PLACEMENT_3D('',#1324,#1325,#1326);
#1324 = CARTESIAN_POINT('',(38.56,62.81,29.5));
#1325 = DIRECTION('',(0.,0.,1.));
#1326 = DIRECTION('',(1.,0.,-0.));
#1327 = PCURVE('',#158,#1328);
#1328 = DEFINITIONAL_REPRESENTATION('',(#1329),#1333);
#1329 = CIRCLE('',#1330,0.45);
#1330 = AXIS2_PLACEMENT_2D('',#1331,#1332);
#1331 = CARTESIAN_POINT('',(12.81,15.81));
#1332 = DIRECTION('',(1.,0.));
#1333 = ( GEOMETRIC_REPRESENTATION_CONTEXT(2) 
PARAMETRIC_REPRESENTATION_CONTEXT() REPRESENTATION_CONTEXT('2D SPACE',''
  ) );
#1334 = PCURVE('',#802,#1335);
#1335 = DEFINITIONAL_REPRESENTATION('',(#1336),#1340);
#1336 = LINE('',#1337,#1338);
#1337 = CARTESIAN_POINT('',(0.,1.E-01));
#1338 = VECTOR('',#1339,1.);
#1339 = DIRECTION('',(1.,0.));
#1340 = ( GEOMETRIC_REPRESENTATION_CONTEXT(2) 
PARAMETRIC_REPRESENTATION_CONTEXT() REPRESENTATION_CONTEXT('2D SPACE',''
  ) );
#1341 = FACE_BOUND('',#1342,.F.);
#1342 = EDGE_LOOP('',(#1343));
#1343 = ORIENTED_EDGE('',*,*,#1344,.F.);
#1344 = EDGE_CURVE('',#1345,#1345,#1347,.T.);
#1345 = VERTEX_POINT('',#1346);
#1346 = CARTESIAN_POINT('',(39.25,75.,29.5));
#1347 = SURFACE_CURVE('',#1348,(#1353,#1360),.PCURVE_S1.);
#1348 = CIRCLE('',#1349,0.5);
#1349 = AXIS2_PLACEMENT_3D('',#1350,#1351,#1352);
#1350 = CARTESIAN_POINT('',(38.75,75.,29.5));
#1351 = DIRECTION('',(0.,0.,1.));
#1352 = DIRECTION('',(1.,0.,-0.));
#1353 = PCURVE('',#158,#1354);
#1354 = DEFINITIONAL_REPRESENTATION('',(#1355),#1359);
#1355 = CIRCLE('',#1356,0.5);
#1356 = AXIS2_PLACEMENT_2D('',#1357,#1358);
#1357 = CARTESIAN_POINT('',(13.,28.));
#1358 = DIRECTION('',(1.,0.));
#1359 = ( GEOMETRIC_REPRESENTATION_CONTEXT(2) 
PARAMETRIC_REPRESENTATION_CONTEXT() REPRESENTATION_CONTEXT('2D SPACE',''
  ) );
#1360 = PCURVE('',#833,#1361);
#1361 = DEFINITIONAL_REPRESENTATION('',(#1362),#1366);
#1362 = LINE('',#1363,#1364);
#1363 = CARTESIAN_POINT('',(0.,1.E-01));
#1364 = VECTOR('',#1365,1.);
#1365 = DIRECTION('',(1.,0.));
#1366 = ( GEOMETRIC_REPRESENTATION_CONTEXT(2) 
PARAMETRIC_REPRESENTATION_CONTEXT() REPRESENTATION_CONTEXT('2D SPACE',''
  ) );
#1367 = FACE_BOUND('',#1368,.F.);
#1368 = EDGE_LOOP('',(#1369));
#1369 = ORIENTED_EDGE('',*,*,#1370,.F.);
#1370 = EDGE_CURVE('',#1371,#1371,#1373,.T.);
#1371 = VERTEX_POINT('',#1372);
#1372 = CARTESIAN_POINT('',(42.25,75.,29.5));
#1373 = SURFACE_CURVE('',#1374,(#1379,#1386),.PCURVE_S1.);
#1374 = CIRCLE('',#1375,0.5);
#1375 = AXIS2_PLACEMENT_3D('',#1376,#1377,#1378);
#1376 = CARTESIAN_POINT('',(41.75,75.,29.5));
#1377 = DIRECTION('',(0.,0.,1.));
#1378 = DIRECTION('',(1.,0.,-0.));
#1379 = PCURVE('',#158,#1380);
#1380 = DEFINITIONAL_REPRESENTATION('',(#1381),#1385);
#1381 = CIRCLE('',#1382,0.5);
#1382 = AXIS2_PLACEMENT_2D('',#1383,#1384);
#1383 = CARTESIAN_POINT('',(16.,28.));
#1384 = DIRECTION('',(1.,0.));
#1385 = ( GEOMETRIC_REPRESENTATION_CONTEXT(2) 
PARAMETRIC_REPRESENTATION_CONTEXT() REPRESENTATION_CONTEXT('2D SPACE',''
  ) );
#1386 = PCURVE('',#864,#1387);
#1387 = DEFINITIONAL_REPRESENTATION('',(#1388),#1392);
#1388 = LINE('',#1389,#1390);
#1389 = CARTESIAN_POINT('',(0.,1.E-01));
#1390 = VECTOR('',#1391,1.);
#1391 = DIRECTION('',(1.,0.));
#1392 = ( GEOMETRIC_REPRESENTATION_CONTEXT(2) 
PARAMETRIC_REPRESENTATION_CONTEXT() REPRESENTATION_CONTEXT('2D SPACE',''
  ) );
#1393 = ADVANCED_FACE('',(#1394),#288,.T.);
#1394 = FACE_BOUND('',#1395,.T.);
#1395 = EDGE_LOOP('',(#1396,#1397,#1398,#1399));
#1396 = ORIENTED_EDGE('',*,*,#274,.F.);
#1397 = ORIENTED_EDGE('',*,*,#930,.T.);
#1398 = ORIENTED_EDGE('',*,*,#904,.T.);
#1399 = ORIENTED_EDGE('',*,*,#305,.F.);
#1400 = ADVANCED_FACE('',(#1401),#368,.F.);
#1401 = FACE_BOUND('',#1402,.F.);
#1402 = EDGE_LOOP('',(#1403,#1404,#1425,#1426));
#1403 = ORIENTED_EDGE('',*,*,#351,.F.);
#1404 = ORIENTED_EDGE('',*,*,#1405,.F.);
#1405 = EDGE_CURVE('',#955,#352,#1406,.T.);
#1406 = SEAM_CURVE('',#1407,(#1411,#1418),.PCURVE_S1.);
#1407 = LINE('',#1408,#1409);
#1408 = CARTESIAN_POINT('',(29.25,48.8,29.4));
#1409 = VECTOR('',#1410,1.);
#1410 = DIRECTION('',(0.,0.,1.));
#1411 = PCURVE('',#368,#1412);
#1412 = DEFINITIONAL_REPRESENTATION('',(#1413),#1417);
#1413 = LINE('',#1414,#1415);
#1414 = CARTESIAN_POINT('',(6.28318530718,-0.));
#1415 = VECTOR('',#1416,1.);
#1416 = DIRECTION('',(0.,1.));
#1417 = ( GEOMETRIC_REPRESENTATION_CONTEXT(2) 
PARAMETRIC_REPRESENTATION_CONTEXT() REPRESENTATION_CONTEXT('2D SPACE',''
  ) );
#1418 = PCURVE('',#368,#1419);
#1419 = DEFINITIONAL_REPRESENTATION('',(#1420),#1424);
#1420 = LINE('',#1421,#1422);
#1421 = CARTESIAN_POINT('',(0.,-0.));
#1422 = VECTOR('',#1423,1.);
#1423 = DIRECTION('',(0.,1.));
#1424 = ( GEOMETRIC_REPRESENTATION_CONTEXT(2) 
PARAMETRIC_REPRESENTATION_CONTEXT() REPRESENTATION_CONTEXT('2D SPACE',''
  ) );
#1425 = ORIENTED_EDGE('',*,*,#954,.T.);
#1426 = ORIENTED_EDGE('',*,*,#1405,.T.);
#1427 = ADVANCED_FACE('',(#1428),#399,.F.);
#1428 = FACE_BOUND('',#1429,.F.);
#1429 = EDGE_LOOP('',(#1430,#1431,#1452,#1453));
#1430 = ORIENTED_EDGE('',*,*,#382,.F.);
#1431 = ORIENTED_EDGE('',*,*,#1432,.F.);
#1432 = EDGE_CURVE('',#981,#383,#1433,.T.);
#1433 = SEAM_CURVE('',#1434,(#1438,#1445),.PCURVE_S1.);
#1434 = LINE('',#1435,#1436);
#1435 = CARTESIAN_POINT('',(32.25,48.8,29.4));
#1436 = VECTOR('',#1437,1.);
#1437 = DIRECTION('',(0.,0.,1.));
#1438 = PCURVE('',#399,#1439);
#1439 = DEFINITIONAL_REPRESENTATION('',(#1440),#1444);
#1440 = LINE('',#1441,#1442);
#1441 = CARTESIAN_POINT('',(6.28318530718,-0.));
#1442 = VECTOR('',#1443,1.);
#1443 = DIRECTION('',(0.,1.));
#1444 = ( GEOMETRIC_REPRESENTATION_CONTEXT(2) 
PARAMETRIC_REPRESENTATION_CONTEXT() REPRESENTATION_CONTEXT('2D SPACE',''
  ) );
#1445 = PCURVE('',#399,#1446);
#1446 = DEFINITIONAL_REPRESENTATION('',(#1447),#1451);
#1447 = LINE('',#1448,#1449);
#1448 = CARTESIAN_POINT('',(0.,-0.));
#1449 = VECTOR('',#1450,1.);
#1450 = DIRECTION('',(0.,1.));
#1451 = ( GEOMETRIC_REPRESENTATION_CONTEXT(2) 
PARAMETRIC_REPRESENTATION_CONTEXT() REPRESENTATION_CONTEXT('2D SPACE',''
  ) );
#1452 = ORIENTED_EDGE('',*,*,#980,.T.);
#1453 = ORIENTED_EDGE('',*,*,#1432,.T.);
#1454 = ADVANCED_FACE('',(#1455),#430,.F.);
#1455 = FACE_BOUND('',#1456,.F.);
#1456 = EDGE_LOOP('',(#1457,#1458,#1479,#1480));
#1457 = ORIENTED_EDGE('',*,*,#413,.F.);
#1458 = ORIENTED_EDGE('',*,*,#1459,.F.);
#1459 = EDGE_CURVE('',#1007,#414,#1460,.T.);
#1460 = SEAM_CURVE('',#1461,(#1465,#1472),.PCURVE_S1.);
#1461 = LINE('',#1462,#1463);
#1462 = CARTESIAN_POINT('',(35.25,49.,29.4));
#1463 = VECTOR('',#1464,1.);
#1464 = DIRECTION('',(0.,0.,1.));
#1465 = PCURVE('',#430,#1466);
#1466 = DEFINITIONAL_REPRESENTATION('',(#1467),#1471);
#1467 = LINE('',#1468,#1469);
#1468 = CARTESIAN_POINT('',(6.28318530718,-0.));
#1469 = VECTOR('',#1470,1.);
#1470 = DIRECTION('',(0.,1.));
#1471 = ( GEOMETRIC_REPRESENTATION_CONTEXT(2) 
PARAMETRIC_REPRESENTATION_CONTEXT() REPRESENTATION_CONTEXT('2D SPACE',''
  ) );
#1472 = PCURVE('',#430,#1473);
#1473 = DEFINITIONAL_REPRESENTATION('',(#1474),#1478);
#1474 = LINE('',#1475,#1476);
#1475 = CARTESIAN_POINT('',(0.,-0.));
#1476 = VECTOR('',#1477,1.);
#1477 = DIRECTION('',(0.,1.));
#1478 = ( GEOMETRIC_REPRESENTATION_CONTEXT(2) 
PARAMETRIC_REPRESENTATION_CONTEXT() REPRESENTATION_CONTEXT('2D SPACE',''
  ) );
#1479 = ORIENTED_EDGE('',*,*,#1006,.T.);
#1480 = ORIENTED_EDGE('',*,*,#1459,.T.);
#1481 = ADVANCED_FACE('',(#1482),#461,.F.);
#1482 = FACE_BOUND('',#1483,.F.);
#1483 = EDGE_LOOP('',(#1484,#1485,#1506,#1507));
#1484 = ORIENTED_EDGE('',*,*,#444,.F.);
#1485 = ORIENTED_EDGE('',*,*,#1486,.F.);
#1486 = EDGE_CURVE('',#1033,#445,#1487,.T.);
#1487 = SEAM_CURVE('',#1488,(#1492,#1499),.PCURVE_S1.);
#1488 = LINE('',#1489,#1490);
#1489 = CARTESIAN_POINT('',(31.39,55.19,29.4));
#1490 = VECTOR('',#1491,1.);
#1491 = DIRECTION('',(0.,0.,1.));
#1492 = PCURVE('',#461,#1493);
#1493 = DEFINITIONAL_REPRESENTATION('',(#1494),#1498);
#1494 = LINE('',#1495,#1496);
#1495 = CARTESIAN_POINT('',(6.28318530718,-0.));
#1496 = VECTOR('',#1497,1.);
#1497 = DIRECTION('',(0.,1.));
#1498 = ( GEOMETRIC_REPRESENTATION_CONTEXT(2) 
PARAMETRIC_REPRESENTATION_CONTEXT() REPRESENTATION_CONTEXT('2D SPACE',''
  ) );
#1499 = PCURVE('',#461,#1500);
#1500 = DEFINITIONAL_REPRESENTATION('',(#1501),#1505);
#1501 = LINE('',#1502,#1503);
#1502 = CARTESIAN_POINT('',(0.,-0.));
#1503 = VECTOR('',#1504,1.);
#1504 = DIRECTION('',(0.,1.));
#1505 = ( GEOMETRIC_REPRESENTATION_CONTEXT(2) 
PARAMETRIC_REPRESENTATION_CONTEXT() REPRESENTATION_CONTEXT('2D SPACE',''
  ) );
#1506 = ORIENTED_EDGE('',*,*,#1032,.T.);
#1507 = ORIENTED_EDGE('',*,*,#1486,.T.);
#1508 = ADVANCED_FACE('',(#1509),#492,.F.);
#1509 = FACE_BOUND('',#1510,.F.);
#1510 = EDGE_LOOP('',(#1511,#1512,#1533,#1534));
#1511 = ORIENTED_EDGE('',*,*,#475,.F.);
#1512 = ORIENTED_EDGE('',*,*,#1513,.F.);
#1513 = EDGE_CURVE('',#1059,#476,#1514,.T.);
#1514 = SEAM_CURVE('',#1515,(#1519,#1526),.PCURVE_S1.);
#1515 = LINE('',#1516,#1517);
#1516 = CARTESIAN_POINT('',(31.39,57.73,29.4));
#1517 = VECTOR('',#1518,1.);
#1518 = DIRECTION('',(0.,0.,1.));
#1519 = PCURVE('',#492,#1520);
#1520 = DEFINITIONAL_REPRESENTATION('',(#1521),#1525);
#1521 = LINE('',#1522,#1523);
#1522 = CARTESIAN_POINT('',(6.28318530718,-0.));
#1523 = VECTOR('',#1524,1.);
#1524 = DIRECTION('',(0.,1.));
#1525 = ( GEOMETRIC_REPRESENTATION_CONTEXT(2) 
PARAMETRIC_REPRESENTATION_CONTEXT() REPRESENTATION_CONTEXT('2D SPACE',''
  ) );
#1526 = PCURVE('',#492,#1527);
#1527 = DEFINITIONAL_REPRESENTATION('',(#1528),#1532);
#1528 = LINE('',#1529,#1530);
#1529 = CARTESIAN_POINT('',(0.,-0.));
#1530 = VECTOR('',#1531,1.);
#1531 = DIRECTION('',(0.,1.));
#1532 = ( GEOMETRIC_REPRESENTATION_CONTEXT(2) 
PARAMETRIC_REPRESENTATION_CONTEXT() REPRESENTATION_CONTEXT('2D SPACE',''
  ) );
#1533 = ORIENTED_EDGE('',*,*,#1058,.T.);
#1534 = ORIENTED_EDGE('',*,*,#1513,.T.);
#1535 = ADVANCED_FACE('',(#1536),#523,.F.);
#1536 = FACE_BOUND('',#1537,.F.);
#1537 = EDGE_LOOP('',(#1538,#1539,#1560,#1561));
#1538 = ORIENTED_EDGE('',*,*,#506,.F.);
#1539 = ORIENTED_EDGE('',*,*,#1540,.F.);
#1540 = EDGE_CURVE('',#1085,#507,#1541,.T.);
#1541 = SEAM_CURVE('',#1542,(#1546,#1553),.PCURVE_S1.);
#1542 = LINE('',#1543,#1544);
#1543 = CARTESIAN_POINT('',(31.39,60.27,29.4));
#1544 = VECTOR('',#1545,1.);
#1545 = DIRECTION('',(0.,0.,1.));
#1546 = PCURVE('',#523,#1547);
#1547 = DEFINITIONAL_REPRESENTATION('',(#1548),#1552);
#1548 = LINE('',#1549,#1550);
#1549 = CARTESIAN_POINT('',(6.28318530718,-0.));
#1550 = VECTOR('',#1551,1.);
#1551 = DIRECTION('',(0.,1.));
#1552 = ( GEOMETRIC_REPRESENTATION_CONTEXT(2) 
PARAMETRIC_REPRESENTATION_CONTEXT() REPRESENTATION_CONTEXT('2D SPACE',''
  ) );
#1553 = PCURVE('',#523,#1554);
#1554 = DEFINITIONAL_REPRESENTATION('',(#1555),#1559);
#1555 = LINE('',#1556,#1557);
#1556 = CARTESIAN_POINT('',(0.,-0.));
#1557 = VECTOR('',#1558,1.);
#1558 = DIRECTION('',(0.,1.));
#1559 = ( GEOMETRIC_REPRESENTATION_CONTEXT(2) 
PARAMETRIC_REPRESENTATION_CONTEXT() REPRESENTATION_CONTEXT('2D SPACE',''
  ) );
#1560 = ORIENTED_EDGE('',*,*,#1084,.T.);
#1561 = ORIENTED_EDGE('',*,*,#1540,.T.);
#1562 = ADVANCED_FACE('',(#1563),#554,.F.);
#1563 = FACE_BOUND('',#1564,.F.);
#1564 = EDGE_LOOP('',(#1565,#1566,#1587,#1588));
#1565 = ORIENTED_EDGE('',*,*,#537,.F.);
#1566 = ORIENTED_EDGE('',*,*,#1567,.F.);
#1567 = EDGE_CURVE('',#1111,#538,#1568,.T.);
#1568 = SEAM_CURVE('',#1569,(#1573,#1580),.PCURVE_S1.);
#1569 = LINE('',#1570,#1571);
#1570 = CARTESIAN_POINT('',(38.25,49.,29.4));
#1571 = VECTOR('',#1572,1.);
#1572 = DIRECTION('',(0.,0.,1.));
#1573 = PCURVE('',#554,#1574);
#1574 = DEFINITIONAL_REPRESENTATION('',(#1575),#1579);
#1575 = LINE('',#1576,#1577);
#1576 = CARTESIAN_POINT('',(6.28318530718,-0.));
#1577 = VECTOR('',#1578,1.);
#1578 = DIRECTION('',(0.,1.));
#1579 = ( GEOMETRIC_REPRESENTATION_CONTEXT(2) 
PARAMETRIC_REPRESENTATION_CONTEXT() REPRESENTATION_CONTEXT('2D SPACE',''
  ) );
#1580 = PCURVE('',#554,#1581);
#1581 = DEFINITIONAL_REPRESENTATION('',(#1582),#1586);
#1582 = LINE('',#1583,#1584);
#1583 = CARTESIAN_POINT('',(0.,-0.));
#1584 = VECTOR('',#1585,1.);
#1585 = DIRECTION('',(0.,1.));
#1586 = ( GEOMETRIC_REPRESENTATION_CONTEXT(2) 
PARAMETRIC_REPRESENTATION_CONTEXT() REPRESENTATION_CONTEXT('2D SPACE',''
  ) );
#1587 = ORIENTED_EDGE('',*,*,#1110,.T.);
#1588 = ORIENTED_EDGE('',*,*,#1567,.T.);
#1589 = ADVANCED_FACE('',(#1590),#585,.F.);
#1590 = FACE_BOUND('',#1591,.F.);
#1591 = EDGE_LOOP('',(#1592,#1593,#1614,#1615));
#1592 = ORIENTED_EDGE('',*,*,#568,.F.);
#1593 = ORIENTED_EDGE('',*,*,#1594,.F.);
#1594 = EDGE_CURVE('',#1137,#569,#1595,.T.);
#1595 = SEAM_CURVE('',#1596,(#1600,#1607),.PCURVE_S1.);
#1596 = LINE('',#1597,#1598);
#1597 = CARTESIAN_POINT('',(41.25,49.,29.4));
#1598 = VECTOR('',#1599,1.);
#1599 = DIRECTION('',(0.,0.,1.));
#1600 = PCURVE('',#585,#1601);
#1601 = DEFINITIONAL_REPRESENTATION('',(#1602),#1606);
#1602 = LINE('',#1603,#1604);
#1603 = CARTESIAN_POINT('',(6.28318530718,-0.));
#1604 = VECTOR('',#1605,1.);
#1605 = DIRECTION('',(0.,1.));
#1606 = ( GEOMETRIC_REPRESENTATION_CONTEXT(2) 
PARAMETRIC_REPRESENTATION_CONTEXT() REPRESENTATION_CONTEXT('2D SPACE',''
  ) );
#1607 = PCURVE('',#585,#1608);
#1608 = DEFINITIONAL_REPRESENTATION('',(#1609),#1613);
#1609 = LINE('',#1610,#1611);
#1610 = CARTESIAN_POINT('',(0.,-0.));
#1611 = VECTOR('',#1612,1.);
#1612 = DIRECTION('',(0.,1.));
#1613 = ( GEOMETRIC_REPRESENTATION_CONTEXT(2) 
PARAMETRIC_REPRESENTATION_CONTEXT() REPRESENTATION_CONTEXT('2D SPACE',''
  ) );
#1614 = ORIENTED_EDGE('',*,*,#1136,.T.);
#1615 = ORIENTED_EDGE('',*,*,#1594,.T.);
#1616 = ADVANCED_FACE('',(#1617),#616,.F.);
#1617 = FACE_BOUND('',#1618,.F.);
#1618 = EDGE_LOOP('',(#1619,#1620,#1641,#1642));
#1619 = ORIENTED_EDGE('',*,*,#599,.F.);
#1620 = ORIENTED_EDGE('',*,*,#1621,.F.);
#1621 = EDGE_CURVE('',#1163,#600,#1622,.T.);
#1622 = SEAM_CURVE('',#1623,(#1627,#1634),.PCURVE_S1.);
#1623 = LINE('',#1624,#1625);
#1624 = CARTESIAN_POINT('',(39.01,55.19,29.4));
#1625 = VECTOR('',#1626,1.);
#1626 = DIRECTION('',(0.,0.,1.));
#1627 = PCURVE('',#616,#1628);
#1628 = DEFINITIONAL_REPRESENTATION('',(#1629),#1633);
#1629 = LINE('',#1630,#1631);
#1630 = CARTESIAN_POINT('',(6.28318530718,-0.));
#1631 = VECTOR('',#1632,1.);
#1632 = DIRECTION('',(0.,1.));
#1633 = ( GEOMETRIC_REPRESENTATION_CONTEXT(2) 
PARAMETRIC_REPRESENTATION_CONTEXT() REPRESENTATION_CONTEXT('2D SPACE',''
  ) );
#1634 = PCURVE('',#616,#1635);
#1635 = DEFINITIONAL_REPRESENTATION('',(#1636),#1640);
#1636 = LINE('',#1637,#1638);
#1637 = CARTESIAN_POINT('',(0.,-0.));
#1638 = VECTOR('',#1639,1.);
#1639 = DIRECTION('',(0.,1.));
#1640 = ( GEOMETRIC_REPRESENTATION_CONTEXT(2) 
PARAMETRIC_REPRESENTATION_CONTEXT() REPRESENTATION_CONTEXT('2D SPACE',''
  ) );
#1641 = ORIENTED_EDGE('',*,*,#1162,.T.);
#1642 = ORIENTED_EDGE('',*,*,#1621,.T.);
#1643 = ADVANCED_FACE('',(#1644),#647,.F.);
#1644 = FACE_BOUND('',#1645,.F.);
#1645 = EDGE_LOOP('',(#1646,#1647,#1668,#1669));
#1646 = ORIENTED_EDGE('',*,*,#630,.F.);
#1647 = ORIENTED_EDGE('',*,*,#1648,.F.);
#1648 = EDGE_CURVE('',#1189,#631,#1649,.T.);
#1649 = SEAM_CURVE('',#1650,(#1654,#1661),.PCURVE_S1.);
#1650 = LINE('',#1651,#1652);
#1651 = CARTESIAN_POINT('',(39.01,57.73,29.4));
#1652 = VECTOR('',#1653,1.);
#1653 = DIRECTION('',(0.,0.,1.));
#1654 = PCURVE('',#647,#1655);
#1655 = DEFINITIONAL_REPRESENTATION('',(#1656),#1660);
#1656 = LINE('',#1657,#1658);
#1657 = CARTESIAN_POINT('',(6.28318530718,-0.));
#1658 = VECTOR('',#1659,1.);
#1659 = DIRECTION('',(0.,1.));
#1660 = ( GEOMETRIC_REPRESENTATION_CONTEXT(2) 
PARAMETRIC_REPRESENTATION_CONTEXT() REPRESENTATION_CONTEXT('2D SPACE',''
  ) );
#1661 = PCURVE('',#647,#1662);
#1662 = DEFINITIONAL_REPRESENTATION('',(#1663),#1667);
#1663 = LINE('',#1664,#1665);
#1664 = CARTESIAN_POINT('',(0.,-0.));
#1665 = VECTOR('',#1666,1.);
#1666 = DIRECTION('',(0.,1.));
#1667 = ( GEOMETRIC_REPRESENTATION_CONTEXT(2) 
PARAMETRIC_REPRESENTATION_CONTEXT() REPRESENTATION_CONTEXT('2D SPACE',''
  ) );
#1668 = ORIENTED_EDGE('',*,*,#1188,.T.);
#1669 = ORIENTED_EDGE('',*,*,#1648,.T.);
#1670 = ADVANCED_FACE('',(#1671),#678,.F.);
#1671 = FACE_BOUND('',#1672,.F.);
#1672 = EDGE_LOOP('',(#1673,#1674,#1695,#1696));
#1673 = ORIENTED_EDGE('',*,*,#661,.F.);
#1674 = ORIENTED_EDGE('',*,*,#1675,.F.);
#1675 = EDGE_CURVE('',#1215,#662,#1676,.T.);
#1676 = SEAM_CURVE('',#1677,(#1681,#1688),.PCURVE_S1.);
#1677 = LINE('',#1678,#1679);
#1678 = CARTESIAN_POINT('',(39.01,60.27,29.4));
#1679 = VECTOR('',#1680,1.);
#1680 = DIRECTION('',(0.,0.,1.));
#1681 = PCURVE('',#678,#1682);
#1682 = DEFINITIONAL_REPRESENTATION('',(#1683),#1687);
#1683 = LINE('',#1684,#1685);
#1684 = CARTESIAN_POINT('',(6.28318530718,-0.));
#1685 = VECTOR('',#1686,1.);
#1686 = DIRECTION('',(0.,1.));
#1687 = ( GEOMETRIC_REPRESENTATION_CONTEXT(2) 
PARAMETRIC_REPRESENTATION_CONTEXT() REPRESENTATION_CONTEXT('2D SPACE',''
  ) );
#1688 = PCURVE('',#678,#1689);
#1689 = DEFINITIONAL_REPRESENTATION('',(#1690),#1694);
#1690 = LINE('',#1691,#1692);
#1691 = CARTESIAN_POINT('',(0.,-0.));
#1692 = VECTOR('',#1693,1.);
#1693 = DIRECTION('',(0.,1.));
#1694 = ( GEOMETRIC_REPRESENTATION_CONTEXT(2) 
PARAMETRIC_REPRESENTATION_CONTEXT() REPRESENTATION_CONTEXT('2D SPACE',''
  ) );
#1695 = ORIENTED_EDGE('',*,*,#1214,.T.);
#1696 = ORIENTED_EDGE('',*,*,#1675,.T.);
#1697 = ADVANCED_FACE('',(#1698),#709,.F.);
#1698 = FACE_BOUND('',#1699,.F.);
#1699 = EDGE_LOOP('',(#1700,#1701,#1722,#1723));
#1700 = ORIENTED_EDGE('',*,*,#692,.F.);
#1701 = ORIENTED_EDGE('',*,*,#1702,.F.);
#1702 = EDGE_CURVE('',#1241,#693,#1703,.T.);
#1703 = SEAM_CURVE('',#1704,(#1708,#1715),.PCURVE_S1.);
#1704 = LINE('',#1705,#1706);
#1705 = CARTESIAN_POINT('',(31.39,62.81,29.4));
#1706 = VECTOR('',#1707,1.);
#1707 = DIRECTION('',(0.,0.,1.));
#1708 = PCURVE('',#709,#1709);
#1709 = DEFINITIONAL_REPRESENTATION('',(#1710),#1714);
#1710 = LINE('',#1711,#1712);
#1711 = CARTESIAN_POINT('',(6.28318530718,-0.));
#1712 = VECTOR('',#1713,1.);
#1713 = DIRECTION('',(0.,1.));
#1714 = ( GEOMETRIC_REPRESENTATION_CONTEXT(2) 
PARAMETRIC_REPRESENTATION_CONTEXT() REPRESENTATION_CONTEXT('2D SPACE',''
  ) );
#1715 = PCURVE('',#709,#1716);
#1716 = DEFINITIONAL_REPRESENTATION('',(#1717),#1721);
#1717 = LINE('',#1718,#1719);
#1718 = CARTESIAN_POINT('',(0.,-0.));
#1719 = VECTOR('',#1720,1.);
#1720 = DIRECTION('',(0.,1.));
#1721 = ( GEOMETRIC_REPRESENTATION_CONTEXT(2) 
PARAMETRIC_REPRESENTATION_CONTEXT() REPRESENTATION_CONTEXT('2D SPACE',''
  ) );
#1722 = ORIENTED_EDGE('',*,*,#1240,.T.);
#1723 = ORIENTED_EDGE('',*,*,#1702,.T.);
#1724 = ADVANCED_FACE('',(#1725),#740,.F.);
#1725 = FACE_BOUND('',#1726,.F.);
#1726 = EDGE_LOOP('',(#1727,#1728,#1749,#1750));
#1727 = ORIENTED_EDGE('',*,*,#723,.F.);
#1728 = ORIENTED_EDGE('',*,*,#1729,.F.);
#1729 = EDGE_CURVE('',#1267,#724,#1730,.T.);
#1730 = SEAM_CURVE('',#1731,(#1735,#1742),.PCURVE_S1.);
#1731 = LINE('',#1732,#1733);
#1732 = CARTESIAN_POINT('',(32.2,68.25,29.4));
#1733 = VECTOR('',#1734,1.);
#1734 = DIRECTION('',(0.,0.,1.));
#1735 = PCURVE('',#740,#1736);
#1736 = DEFINITIONAL_REPRESENTATION('',(#1737),#1741);
#1737 = LINE('',#1738,#1739);
#1738 = CARTESIAN_POINT('',(6.28318530718,-0.));
#1739 = VECTOR('',#1740,1.);
#1740 = DIRECTION('',(0.,1.));
#1741 = ( GEOMETRIC_REPRESENTATION_CONTEXT(2) 
PARAMETRIC_REPRESENTATION_CONTEXT() REPRESENTATION_CONTEXT('2D SPACE',''
  ) );
#1742 = PCURVE('',#740,#1743);
#1743 = DEFINITIONAL_REPRESENTATION('',(#1744),#1748);
#1744 = LINE('',#1745,#1746);
#1745 = CARTESIAN_POINT('',(0.,-0.));
#1746 = VECTOR('',#1747,1.);
#1747 = DIRECTION('',(0.,1.));
#1748 = ( GEOMETRIC_REPRESENTATION_CONTEXT(2) 
PARAMETRIC_REPRESENTATION_CONTEXT() REPRESENTATION_CONTEXT('2D SPACE',''
  ) );
#1749 = ORIENTED_EDGE('',*,*,#1266,.T.);
#1750 = ORIENTED_EDGE('',*,*,#1729,.T.);
#1751 = ADVANCED_FACE('',(#1752),#771,.F.);
#1752 = FACE_BOUND('',#1753,.F.);
#1753 = EDGE_LOOP('',(#1754,#1755,#1776,#1777));
#1754 = ORIENTED_EDGE('',*,*,#754,.F.);
#1755 = ORIENTED_EDGE('',*,*,#1756,.F.);
#1756 = EDGE_CURVE('',#1293,#755,#1757,.T.);
#1757 = SEAM_CURVE('',#1758,(#1762,#1769),.PCURVE_S1.);
#1758 = LINE('',#1759,#1760);
#1759 = CARTESIAN_POINT('',(32.2,71.75,29.4));
#1760 = VECTOR('',#1761,1.);
#1761 = DIRECTION('',(0.,0.,1.));
#1762 = PCURVE('',#771,#1763);
#1763 = DEFINITIONAL_REPRESENTATION('',(#1764),#1768);
#1764 = LINE('',#1765,#1766);
#1765 = CARTESIAN_POINT('',(6.28318530718,-0.));
#1766 = VECTOR('',#1767,1.);
#1767 = DIRECTION('',(0.,1.));
#1768 = ( GEOMETRIC_REPRESENTATION_CONTEXT(2) 
PARAMETRIC_REPRESENTATION_CONTEXT() REPRESENTATION_CONTEXT('2D SPACE',''
  ) );
#1769 = PCURVE('',#771,#1770);
#1770 = DEFINITIONAL_REPRESENTATION('',(#1771),#1775);
#1771 = LINE('',#1772,#1773);
#1772 = CARTESIAN_POINT('',(0.,-0.));
#1773 = VECTOR('',#1774,1.);
#1774 = DIRECTION('',(0.,1.));
#1775 = ( GEOMETRIC_REPRESENTATION_CONTEXT(2) 
PARAMETRIC_REPRESENTATION_CONTEXT() REPRESENTATION_CONTEXT('2D SPACE',''
  ) );
#1776 = ORIENTED_EDGE('',*,*,#1292,.T.);
#1777 = ORIENTED_EDGE('',*,*,#1756,.T.);
#1778 = ADVANCED_FACE('',(#1779),#802,.F.);
#1779 = FACE_BOUND('',#1780,.F.);
#1780 = EDGE_LOOP('',(#1781,#1782,#1803,#1804));
#1781 = ORIENTED_EDGE('',*,*,#785,.F.);
#1782 = ORIENTED_EDGE('',*,*,#1783,.F.);
#1783 = EDGE_CURVE('',#1319,#786,#1784,.T.);
#1784 = SEAM_CURVE('',#1785,(#1789,#1796),.PCURVE_S1.);
#1785 = LINE('',#1786,#1787);
#1786 = CARTESIAN_POINT('',(39.01,62.81,29.4));
#1787 = VECTOR('',#1788,1.);
#1788 = DIRECTION('',(0.,0.,1.));
#1789 = PCURVE('',#802,#1790);
#1790 = DEFINITIONAL_REPRESENTATION('',(#1791),#1795);
#1791 = LINE('',#1792,#1793);
#1792 = CARTESIAN_POINT('',(6.28318530718,-0.));
#1793 = VECTOR('',#1794,1.);
#1794 = DIRECTION('',(0.,1.));
#1795 = ( GEOMETRIC_REPRESENTATION_CONTEXT(2) 
PARAMETRIC_REPRESENTATION_CONTEXT() REPRESENTATION_CONTEXT('2D SPACE',''
  ) );
#1796 = PCURVE('',#802,#1797);
#1797 = DEFINITIONAL_REPRESENTATION('',(#1798),#1802);
#1798 = LINE('',#1799,#1800);
#1799 = CARTESIAN_POINT('',(0.,-0.));
#1800 = VECTOR('',#1801,1.);
#1801 = DIRECTION('',(0.,1.));
#1802 = ( GEOMETRIC_REPRESENTATION_CONTEXT(2) 
PARAMETRIC_REPRESENTATION_CONTEXT() REPRESENTATION_CONTEXT('2D SPACE',''
  ) );
#1803 = ORIENTED_EDGE('',*,*,#1318,.T.);
#1804 = ORIENTED_EDGE('',*,*,#1783,.T.);
#1805 = ADVANCED_FACE('',(#1806),#833,.F.);
#1806 = FACE_BOUND('',#1807,.F.);
#1807 = EDGE_LOOP('',(#1808,#1809,#1830,#1831));
#1808 = ORIENTED_EDGE('',*,*,#816,.F.);
#1809 = ORIENTED_EDGE('',*,*,#1810,.F.);
#1810 = EDGE_CURVE('',#1345,#817,#1811,.T.);
#1811 = SEAM_CURVE('',#1812,(#1816,#1823),.PCURVE_S1.);
#1812 = LINE('',#1813,#1814);
#1813 = CARTESIAN_POINT('',(39.25,75.,29.4));
#1814 = VECTOR('',#1815,1.);
#1815 = DIRECTION('',(0.,0.,1.));
#1816 = PCURVE('',#833,#1817);
#1817 = DEFINITIONAL_REPRESENTATION('',(#1818),#1822);
#1818 = LINE('',#1819,#1820);
#1819 = CARTESIAN_POINT('',(6.28318530718,-0.));
#1820 = VECTOR('',#1821,1.);
#1821 = DIRECTION('',(0.,1.));
#1822 = ( GEOMETRIC_REPRESENTATION_CONTEXT(2) 
PARAMETRIC_REPRESENTATION_CONTEXT() REPRESENTATION_CONTEXT('2D SPACE',''
  ) );
#1823 = PCURVE('',#833,#1824);
#1824 = DEFINITIONAL_REPRESENTATION('',(#1825),#1829);
#1825 = LINE('',#1826,#1827);
#1826 = CARTESIAN_POINT('',(0.,-0.));
#1827 = VECTOR('',#1828,1.);
#1828 = DIRECTION('',(0.,1.));
#1829 = ( GEOMETRIC_REPRESENTATION_CONTEXT(2) 
PARAMETRIC_REPRESENTATION_CONTEXT() REPRESENTATION_CONTEXT('2D SPACE',''
  ) );
#1830 = ORIENTED_EDGE('',*,*,#1344,.T.);
#1831 = ORIENTED_EDGE('',*,*,#1810,.T.);
#1832 = ADVANCED_FACE('',(#1833),#864,.F.);
#1833 = FACE_BOUND('',#1834,.F.);
#1834 = EDGE_LOOP('',(#1835,#1836,#1857,#1858));
#1835 = ORIENTED_EDGE('',*,*,#847,.F.);
#1836 = ORIENTED_EDGE('',*,*,#1837,.F.);
#1837 = EDGE_CURVE('',#1371,#848,#1838,.T.);
#1838 = SEAM_CURVE('',#1839,(#1843,#1850),.PCURVE_S1.);
#1839 = LINE('',#1840,#1841);
#1840 = CARTESIAN_POINT('',(42.25,75.,29.4));
#1841 = VECTOR('',#1842,1.);
#1842 = DIRECTION('',(0.,0.,1.));
#1843 = PCURVE('',#864,#1844);
#1844 = DEFINITIONAL_REPRESENTATION('',(#1845),#1849);
#1845 = LINE('',#1846,#1847);
#1846 = CARTESIAN_POINT('',(6.28318530718,-0.));
#1847 = VECTOR('',#1848,1.);
#1848 = DIRECTION('',(0.,1.));
#1849 = ( GEOMETRIC_REPRESENTATION_CONTEXT(2) 
PARAMETRIC_REPRESENTATION_CONTEXT() REPRESENTATION_CONTEXT('2D SPACE',''
  ) );
#1850 = PCURVE('',#864,#1851);
#1851 = DEFINITIONAL_REPRESENTATION('',(#1852),#1856);
#1852 = LINE('',#1853,#1854);
#1853 = CARTESIAN_POINT('',(0.,-0.));
#1854 = VECTOR('',#1855,1.);
#1855 = DIRECTION('',(0.,1.));
#1856 = ( GEOMETRIC_REPRESENTATION_CONTEXT(2) 
PARAMETRIC_REPRESENTATION_CONTEXT() REPRESENTATION_CONTEXT('2D SPACE',''
  ) );
#1857 = ORIENTED_EDGE('',*,*,#1370,.T.);
#1858 = ORIENTED_EDGE('',*,*,#1837,.T.);
#1859 = ( GEOMETRIC_REPRESENTATION_CONTEXT(3) 
GLOBAL_UNCERTAINTY_ASSIGNED_CONTEXT((#1863)) 
GLOBAL_UNIT_ASSIGNED_CONTEXT((#1860,#1861,#1862)) REPRESENTATION_CONTEXT
('Context #1','3D Context with UNIT and UNCERTAINTY') );
#1860 = ( LENGTH_UNIT() NAMED_UNIT(*) SI_UNIT(.MILLI.,.METRE.) );
#1861 = ( NAMED_UNIT(*) PLANE_ANGLE_UNIT() SI_UNIT($,.RADIAN.) );
#1862 = ( NAMED_UNIT(*) SI_UNIT($,.STERADIAN.) SOLID_ANGLE_UNIT() );
#1863 = UNCERTAINTY_MEASURE_WITH_UNIT(LENGTH_MEASURE(1.E-07),#1860,
  'distance_accuracy_value','confusion accuracy');
#1864 = CONTEXT_DEPENDENT_SHAPE_REPRESENTATION(#1865,#1867);
#1865 = ( REPRESENTATION_RELATIONSHIP('','',#100,#10) 
REPRESENTATION_RELATIONSHIP_WITH_TRANSFORMATION(#1866) 
SHAPE_REPRESENTATION_RELATIONSHIP() );
#1866 = ITEM_DEFINED_TRANSFORMATION('','',#11,#15);
#1867 = PRODUCT_DEFINITION_SHAPE('Placement','Placement of an item',
  #1868);
#1868 = NEXT_ASSEMBLY_USAGE_OCCURRENCE('1','','',#5,#95,$);
#1869 = PRODUCT_RELATED_PRODUCT_CATEGORY('part',$,(#97));
#1870 = SHAPE_DEFINITION_REPRESENTATION(#1871,#1877);
#1871 = PRODUCT_DEFINITION_SHAPE('','',#1872);
#1872 = PRODUCT_DEFINITION('design','',#1873,#1876);
#1873 = PRODUCT_DEFINITION_FORMATION('','',#1874);
#1874 = PRODUCT('Open CASCADE STEP translator 7.8 1.2',
  'Open CASCADE STEP translator 7.8 1.2','',(#1875));
#1875 = PRODUCT_CONTEXT('',#2,'mechanical');
#1876 = PRODUCT_DEFINITION_CONTEXT('part definition',#2,'design');
#1877 = ADVANCED_BREP_SHAPE_REPRESENTATION('',(#11,#1878),#2208);
#1878 = MANIFOLD_SOLID_BREP('',#1879);
#1879 = CLOSED_SHELL('',(#1880,#2000,#2100,#2147,#2194,#2201));
#1880 = ADVANCED_FACE('',(#1881),#1895,.F.);
#1881 = FACE_BOUND('',#1882,.F.);
#1882 = EDGE_LOOP('',(#1883,#1918,#1946,#1974));
#1883 = ORIENTED_EDGE('',*,*,#1884,.F.);
#1884 = EDGE_CURVE('',#1885,#1887,#1889,.T.);
#1885 = VERTEX_POINT('',#1886);
#1886 = CARTESIAN_POINT('',(31.525,54.4,31.6));
#1887 = VERTEX_POINT('',#1888);
#1888 = CARTESIAN_POINT('',(31.525,54.4,35.9));
#1889 = SURFACE_CURVE('',#1890,(#1894,#1906),.PCURVE_S1.);
#1890 = LINE('',#1891,#1892);
#1891 = CARTESIAN_POINT('',(31.525,54.4,31.6));
#1892 = VECTOR('',#1893,1.);
#1893 = DIRECTION('',(0.,0.,1.));
#1894 = PCURVE('',#1895,#1900);
#1895 = PLANE('',#1896);
#1896 = AXIS2_PLACEMENT_3D('',#1897,#1898,#1899);
#1897 = CARTESIAN_POINT('',(31.525,54.4,31.6));
#1898 = DIRECTION('',(1.,0.,-0.));
#1899 = DIRECTION('',(0.,0.,1.));
#1900 = DEFINITIONAL_REPRESENTATION('',(#1901),#1905);
#1901 = LINE('',#1902,#1903);
#1902 = CARTESIAN_POINT('',(0.,0.));
#1903 = VECTOR('',#1904,1.);
#1904 = DIRECTION('',(1.,0.));
#1905 = ( GEOMETRIC_REPRESENTATION_CONTEXT(2) 
PARAMETRIC_REPRESENTATION_CONTEXT() REPRESENTATION_CONTEXT('2D SPACE',''
  ) );
#1906 = PCURVE('',#1907,#1912);
#1907 = PLANE('',#1908);
#1908 = AXIS2_PLACEMENT_3D('',#1909,#1910,#1911);
#1909 = CARTESIAN_POINT('',(31.525,54.4,31.6));
#1910 = DIRECTION('',(-0.,1.,0.));
#1911 = DIRECTION('',(0.,0.,1.));
#1912 = DEFINITIONAL_REPRESENTATION('',(#1913),#1917);
#1913 = LINE('',#1914,#1915);
#1914 = CARTESIAN_POINT('',(0.,0.));
#1915 = VECTOR('',#1916,1.);
#1916 = DIRECTION('',(1.,0.));
#1917 = ( GEOMETRIC_REPRESENTATION_CONTEXT(2) 
PARAMETRIC_REPRESENTATION_CONTEXT() REPRESENTATION_CONTEXT('2D SPACE',''
  ) );
#1918 = ORIENTED_EDGE('',*,*,#1919,.T.);
#1919 = EDGE_CURVE('',#1885,#1920,#1922,.T.);
#1920 = VERTEX_POINT('',#1921);
#1921 = CARTESIAN_POINT('',(31.525,63.6,31.6));
#1922 = SURFACE_CURVE('',#1923,(#1927,#1934),.PCURVE_S1.);
#1923 = LINE('',#1924,#1925);
#1924 = CARTESIAN_POINT('',(31.525,54.4,31.6));
#1925 = VECTOR('',#1926,1.);
#1926 = DIRECTION('',(-0.,1.,0.));
#1927 = PCURVE('',#1895,#1928);
#1928 = DEFINITIONAL_REPRESENTATION('',(#1929),#1933);
#1929 = LINE('',#1930,#1931);
#1930 = CARTESIAN_POINT('',(0.,0.));
#1931 = VECTOR('',#1932,1.);
#1932 = DIRECTION('',(0.,-1.));
#1933 = ( GEOMETRIC_REPRESENTATION_CONTEXT(2) 
PARAMETRIC_REPRESENTATION_CONTEXT() REPRESENTATION_CONTEXT('2D SPACE',''
  ) );
#1934 = PCURVE('',#1935,#1940);
#1935 = PLANE('',#1936);
#1936 = AXIS2_PLACEMENT_3D('',#1937,#1938,#1939);
#1937 = CARTESIAN_POINT('',(31.525,54.4,31.6));
#1938 = DIRECTION('',(0.,0.,1.));
#1939 = DIRECTION('',(1.,0.,-0.));
#1940 = DEFINITIONAL_REPRESENTATION('',(#1941),#1945);
#1941 = LINE('',#1942,#1943);
#1942 = CARTESIAN_POINT('',(0.,0.));
#1943 = VECTOR('',#1944,1.);
#1944 = DIRECTION('',(0.,1.));
#1945 = ( GEOMETRIC_REPRESENTATION_CONTEXT(2) 
PARAMETRIC_REPRESENTATION_CONTEXT() REPRESENTATION_CONTEXT('2D SPACE',''
  ) );
#1946 = ORIENTED_EDGE('',*,*,#1947,.T.);
#1947 = EDGE_CURVE('',#1920,#1948,#1950,.T.);
#1948 = VERTEX_POINT('',#1949);
#1949 = CARTESIAN_POINT('',(31.525,63.6,35.9));
#1950 = SURFACE_CURVE('',#1951,(#1955,#1962),.PCURVE_S1.);
#1951 = LINE('',#1952,#1953);
#1952 = CARTESIAN_POINT('',(31.525,63.6,31.6));
#1953 = VECTOR('',#1954,1.);
#1954 = DIRECTION('',(0.,0.,1.));
#1955 = PCURVE('',#1895,#1956);
#1956 = DEFINITIONAL_REPRESENTATION('',(#1957),#1961);
#1957 = LINE('',#1958,#1959);
#1958 = CARTESIAN_POINT('',(0.,-9.2));
#1959 = VECTOR('',#1960,1.);
#1960 = DIRECTION('',(1.,0.));
#1961 = ( GEOMETRIC_REPRESENTATION_CONTEXT(2) 
PARAMETRIC_REPRESENTATION_CONTEXT() REPRESENTATION_CONTEXT('2D SPACE',''
  ) );
#1962 = PCURVE('',#1963,#1968);
#1963 = PLANE('',#1964);
#1964 = AXIS2_PLACEMENT_3D('',#1965,#1966,#1967);
#1965 = CARTESIAN_POINT('',(31.525,63.6,31.6));
#1966 = DIRECTION('',(-0.,1.,0.));
#1967 = DIRECTION('',(0.,0.,1.));
#1968 = DEFINITIONAL_REPRESENTATION('',(#1969),#1973);
#1969 = LINE('',#1970,#1971);
#1970 = CARTESIAN_POINT('',(0.,0.));
#1971 = VECTOR('',#1972,1.);
#1972 = DIRECTION('',(1.,0.));
#1973 = ( GEOMETRIC_REPRESENTATION_CONTEXT(2) 
PARAMETRIC_REPRESENTATION_CONTEXT() REPRESENTATION_CONTEXT('2D SPACE',''
  ) );
#1974 = ORIENTED_EDGE('',*,*,#1975,.F.);
#1975 = EDGE_CURVE('',#1887,#1948,#1976,.T.);
#1976 = SURFACE_CURVE('',#1977,(#1981,#1988),.PCURVE_S1.);
#1977 = LINE('',#1978,#1979);
#1978 = CARTESIAN_POINT('',(31.525,54.4,35.9));
#1979 = VECTOR('',#1980,1.);
#1980 = DIRECTION('',(-0.,1.,0.));
#1981 = PCURVE('',#1895,#1982);
#1982 = DEFINITIONAL_REPRESENTATION('',(#1983),#1987);
#1983 = LINE('',#1984,#1985);
#1984 = CARTESIAN_POINT('',(4.3,0.));
#1985 = VECTOR('',#1986,1.);
#1986 = DIRECTION('',(0.,-1.));
#1987 = ( GEOMETRIC_REPRESENTATION_CONTEXT(2) 
PARAMETRIC_REPRESENTATION_CONTEXT() REPRESENTATION_CONTEXT('2D SPACE',''
  ) );
#1988 = PCURVE('',#1989,#1994);
#1989 = PLANE('',#1990);
#1990 = AXIS2_PLACEMENT_3D('',#1991,#1992,#1993);
#1991 = CARTESIAN_POINT('',(31.525,54.4,35.9));
#1992 = DIRECTION('',(0.,0.,1.));
#1993 = DIRECTION('',(1.,0.,-0.));
#1994 = DEFINITIONAL_REPRESENTATION('',(#1995),#1999);
#1995 = LINE('',#1996,#1997);
#1996 = CARTESIAN_POINT('',(0.,0.));
#1997 = VECTOR('',#1998,1.);
#1998 = DIRECTION('',(0.,1.));
#1999 = ( GEOMETRIC_REPRESENTATION_CONTEXT(2) 
PARAMETRIC_REPRESENTATION_CONTEXT() REPRESENTATION_CONTEXT('2D SPACE',''
  ) );
#2000 = ADVANCED_FACE('',(#2001),#2015,.T.);
#2001 = FACE_BOUND('',#2002,.T.);
#2002 = EDGE_LOOP('',(#2003,#2033,#2056,#2079));
#2003 = ORIENTED_EDGE('',*,*,#2004,.F.);
#2004 = EDGE_CURVE('',#2005,#2007,#2009,.T.);
#2005 = VERTEX_POINT('',#2006);
#2006 = CARTESIAN_POINT('',(37.975,54.4,31.6));
#2007 = VERTEX_POINT('',#2008);
#2008 = CARTESIAN_POINT('',(37.975,54.4,35.9));
#2009 = SURFACE_CURVE('',#2010,(#2014,#2026),.PCURVE_S1.);
#2010 = LINE('',#2011,#2012);
#2011 = CARTESIAN_POINT('',(37.975,54.4,31.6));
#2012 = VECTOR('',#2013,1.);
#2013 = DIRECTION('',(0.,0.,1.));
#2014 = PCURVE('',#2015,#2020);
#2015 = PLANE('',#2016);
#2016 = AXIS2_PLACEMENT_3D('',#2017,#2018,#2019);
#2017 = CARTESIAN_POINT('',(37.975,54.4,31.6));
#2018 = DIRECTION('',(1.,0.,-0.));
#2019 = DIRECTION('',(0.,0.,1.));
#2020 = DEFINITIONAL_REPRESENTATION('',(#2021),#2025);
#2021 = LINE('',#2022,#2023);
#2022 = CARTESIAN_POINT('',(0.,0.));
#2023 = VECTOR('',#2024,1.);
#2024 = DIRECTION('',(1.,0.));
#2025 = ( GEOMETRIC_REPRESENTATION_CONTEXT(2) 
PARAMETRIC_REPRESENTATION_CONTEXT() REPRESENTATION_CONTEXT('2D SPACE',''
  ) );
#2026 = PCURVE('',#1907,#2027);
#2027 = DEFINITIONAL_REPRESENTATION('',(#2028),#2032);
#2028 = LINE('',#2029,#2030);
#2029 = CARTESIAN_POINT('',(0.,6.45));
#2030 = VECTOR('',#2031,1.);
#2031 = DIRECTION('',(1.,0.));
#2032 = ( GEOMETRIC_REPRESENTATION_CONTEXT(2) 
PARAMETRIC_REPRESENTATION_CONTEXT() REPRESENTATION_CONTEXT('2D SPACE',''
  ) );
#2033 = ORIENTED_EDGE('',*,*,#2034,.T.);
#2034 = EDGE_CURVE('',#2005,#2035,#2037,.T.);
#2035 = VERTEX_POINT('',#2036);
#2036 = CARTESIAN_POINT('',(37.975,63.6,31.6));
#2037 = SURFACE_CURVE('',#2038,(#2042,#2049),.PCURVE_S1.);
#2038 = LINE('',#2039,#2040);
#2039 = CARTESIAN_POINT('',(37.975,54.4,31.6));
#2040 = VECTOR('',#2041,1.);
#2041 = DIRECTION('',(-0.,1.,0.));
#2042 = PCURVE('',#2015,#2043);
#2043 = DEFINITIONAL_REPRESENTATION('',(#2044),#2048);
#2044 = LINE('',#2045,#2046);
#2045 = CARTESIAN_POINT('',(0.,0.));
#2046 = VECTOR('',#2047,1.);
#2047 = DIRECTION('',(0.,-1.));
#2048 = ( GEOMETRIC_REPRESENTATION_CONTEXT(2) 
PARAMETRIC_REPRESENTATION_CONTEXT() REPRESENTATION_CONTEXT('2D SPACE',''
  ) );
#2049 = PCURVE('',#1935,#2050);
#2050 = DEFINITIONAL_REPRESENTATION('',(#2051),#2055);
#2051 = LINE('',#2052,#2053);
#2052 = CARTESIAN_POINT('',(6.45,0.));
#2053 = VECTOR('',#2054,1.);
#2054 = DIRECTION('',(0.,1.));
#2055 = ( GEOMETRIC_REPRESENTATION_CONTEXT(2) 
PARAMETRIC_REPRESENTATION_CONTEXT() REPRESENTATION_CONTEXT('2D SPACE',''
  ) );
#2056 = ORIENTED_EDGE('',*,*,#2057,.T.);
#2057 = EDGE_CURVE('',#2035,#2058,#2060,.T.);
#2058 = VERTEX_POINT('',#2059);
#2059 = CARTESIAN_POINT('',(37.975,63.6,35.9));
#2060 = SURFACE_CURVE('',#2061,(#2065,#2072),.PCURVE_S1.);
#2061 = LINE('',#2062,#2063);
#2062 = CARTESIAN_POINT('',(37.975,63.6,31.6));
#2063 = VECTOR('',#2064,1.);
#2064 = DIRECTION('',(0.,0.,1.));
#2065 = PCURVE('',#2015,#2066);
#2066 = DEFINITIONAL_REPRESENTATION('',(#2067),#2071);
#2067 = LINE('',#2068,#2069);
#2068 = CARTESIAN_POINT('',(0.,-9.2));
#2069 = VECTOR('',#2070,1.);
#2070 = DIRECTION('',(1.,0.));
#2071 = ( GEOMETRIC_REPRESENTATION_CONTEXT(2) 
PARAMETRIC_REPRESENTATION_CONTEXT() REPRESENTATION_CONTEXT('2D SPACE',''
  ) );
#2072 = PCURVE('',#1963,#2073);
#2073 = DEFINITIONAL_REPRESENTATION('',(#2074),#2078);
#2074 = LINE('',#2075,#2076);
#2075 = CARTESIAN_POINT('',(0.,6.45));
#2076 = VECTOR('',#2077,1.);
#2077 = DIRECTION('',(1.,0.));
#2078 = ( GEOMETRIC_REPRESENTATION_CONTEXT(2) 
PARAMETRIC_REPRESENTATION_CONTEXT() REPRESENTATION_CONTEXT('2D SPACE',''
  ) );
#2079 = ORIENTED_EDGE('',*,*,#2080,.F.);
#2080 = EDGE_CURVE('',#2007,#2058,#2081,.T.);
#2081 = SURFACE_CURVE('',#2082,(#2086,#2093),.PCURVE_S1.);
#2082 = LINE('',#2083,#2084);
#2083 = CARTESIAN_POINT('',(37.975,54.4,35.9));
#2084 = VECTOR('',#2085,1.);
#2085 = DIRECTION('',(-0.,1.,0.));
#2086 = PCURVE('',#2015,#2087);
#2087 = DEFINITIONAL_REPRESENTATION('',(#2088),#2092);
#2088 = LINE('',#2089,#2090);
#2089 = CARTESIAN_POINT('',(4.3,0.));
#2090 = VECTOR('',#2091,1.);
#2091 = DIRECTION('',(0.,-1.));
#2092 = ( GEOMETRIC_REPRESENTATION_CONTEXT(2) 
PARAMETRIC_REPRESENTATION_CONTEXT() REPRESENTATION_CONTEXT('2D SPACE',''
  ) );
#2093 = PCURVE('',#1989,#2094);
#2094 = DEFINITIONAL_REPRESENTATION('',(#2095),#2099);
#2095 = LINE('',#2096,#2097);
#2096 = CARTESIAN_POINT('',(6.45,0.));
#2097 = VECTOR('',#2098,1.);
#2098 = DIRECTION('',(0.,1.));
#2099 = ( GEOMETRIC_REPRESENTATION_CONTEXT(2) 
PARAMETRIC_REPRESENTATION_CONTEXT() REPRESENTATION_CONTEXT('2D SPACE',''
  ) );
#2100 = ADVANCED_FACE('',(#2101),#1907,.F.);
#2101 = FACE_BOUND('',#2102,.F.);
#2102 = EDGE_LOOP('',(#2103,#2124,#2125,#2146));
#2103 = ORIENTED_EDGE('',*,*,#2104,.F.);
#2104 = EDGE_CURVE('',#1885,#2005,#2105,.T.);
#2105 = SURFACE_CURVE('',#2106,(#2110,#2117),.PCURVE_S1.);
#2106 = LINE('',#2107,#2108);
#2107 = CARTESIAN_POINT('',(31.525,54.4,31.6));
#2108 = VECTOR('',#2109,1.);
#2109 = DIRECTION('',(1.,0.,-0.));
#2110 = PCURVE('',#1907,#2111);
#2111 = DEFINITIONAL_REPRESENTATION('',(#2112),#2116);
#2112 = LINE('',#2113,#2114);
#2113 = CARTESIAN_POINT('',(0.,0.));
#2114 = VECTOR('',#2115,1.);
#2115 = DIRECTION('',(0.,1.));
#2116 = ( GEOMETRIC_REPRESENTATION_CONTEXT(2) 
PARAMETRIC_REPRESENTATION_CONTEXT() REPRESENTATION_CONTEXT('2D SPACE',''
  ) );
#2117 = PCURVE('',#1935,#2118);
#2118 = DEFINITIONAL_REPRESENTATION('',(#2119),#2123);
#2119 = LINE('',#2120,#2121);
#2120 = CARTESIAN_POINT('',(0.,0.));
#2121 = VECTOR('',#2122,1.);
#2122 = DIRECTION('',(1.,0.));
#2123 = ( GEOMETRIC_REPRESENTATION_CONTEXT(2) 
PARAMETRIC_REPRESENTATION_CONTEXT() REPRESENTATION_CONTEXT('2D SPACE',''
  ) );
#2124 = ORIENTED_EDGE('',*,*,#1884,.T.);
#2125 = ORIENTED_EDGE('',*,*,#2126,.T.);
#2126 = EDGE_CURVE('',#1887,#2007,#2127,.T.);
#2127 = SURFACE_CURVE('',#2128,(#2132,#2139),.PCURVE_S1.);
#2128 = LINE('',#2129,#2130);
#2129 = CARTESIAN_POINT('',(31.525,54.4,35.9));
#2130 = VECTOR('',#2131,1.);
#2131 = DIRECTION('',(1.,0.,-0.));
#2132 = PCURVE('',#1907,#2133);
#2133 = DEFINITIONAL_REPRESENTATION('',(#2134),#2138);
#2134 = LINE('',#2135,#2136);
#2135 = CARTESIAN_POINT('',(4.3,0.));
#2136 = VECTOR('',#2137,1.);
#2137 = DIRECTION('',(0.,1.));
#2138 = ( GEOMETRIC_REPRESENTATION_CONTEXT(2) 
PARAMETRIC_REPRESENTATION_CONTEXT() REPRESENTATION_CONTEXT('2D SPACE',''
  ) );
#2139 = PCURVE('',#1989,#2140);
#2140 = DEFINITIONAL_REPRESENTATION('',(#2141),#2145);
#2141 = LINE('',#2142,#2143);
#2142 = CARTESIAN_POINT('',(0.,0.));
#2143 = VECTOR('',#2144,1.);
#2144 = DIRECTION('',(1.,0.));
#2145 = ( GEOMETRIC_REPRESENTATION_CONTEXT(2) 
PARAMETRIC_REPRESENTATION_CONTEXT() REPRESENTATION_CONTEXT('2D SPACE',''
  ) );
#2146 = ORIENTED_EDGE('',*,*,#2004,.F.);
#2147 = ADVANCED_FACE('',(#2148),#1963,.T.);
#2148 = FACE_BOUND('',#2149,.T.);
#2149 = EDGE_LOOP('',(#2150,#2171,#2172,#2193));
#2150 = ORIENTED_EDGE('',*,*,#2151,.F.);
#2151 = EDGE_CURVE('',#1920,#2035,#2152,.T.);
#2152 = SURFACE_CURVE('',#2153,(#2157,#2164),.PCURVE_S1.);
#2153 = LINE('',#2154,#2155);
#2154 = CARTESIAN_POINT('',(31.525,63.6,31.6));
#2155 = VECTOR('',#2156,1.);
#2156 = DIRECTION('',(1.,0.,-0.));
#2157 = PCURVE('',#1963,#2158);
#2158 = DEFINITIONAL_REPRESENTATION('',(#2159),#2163);
#2159 = LINE('',#2160,#2161);
#2160 = CARTESIAN_POINT('',(0.,0.));
#2161 = VECTOR('',#2162,1.);
#2162 = DIRECTION('',(0.,1.));
#2163 = ( GEOMETRIC_REPRESENTATION_CONTEXT(2) 
PARAMETRIC_REPRESENTATION_CONTEXT() REPRESENTATION_CONTEXT('2D SPACE',''
  ) );
#2164 = PCURVE('',#1935,#2165);
#2165 = DEFINITIONAL_REPRESENTATION('',(#2166),#2170);
#2166 = LINE('',#2167,#2168);
#2167 = CARTESIAN_POINT('',(0.,9.2));
#2168 = VECTOR('',#2169,1.);
#2169 = DIRECTION('',(1.,0.));
#2170 = ( GEOMETRIC_REPRESENTATION_CONTEXT(2) 
PARAMETRIC_REPRESENTATION_CONTEXT() REPRESENTATION_CONTEXT('2D SPACE',''
  ) );
#2171 = ORIENTED_EDGE('',*,*,#1947,.T.);
#2172 = ORIENTED_EDGE('',*,*,#2173,.T.);
#2173 = EDGE_CURVE('',#1948,#2058,#2174,.T.);
#2174 = SURFACE_CURVE('',#2175,(#2179,#2186),.PCURVE_S1.);
#2175 = LINE('',#2176,#2177);
#2176 = CARTESIAN_POINT('',(31.525,63.6,35.9));
#2177 = VECTOR('',#2178,1.);
#2178 = DIRECTION('',(1.,0.,-0.));
#2179 = PCURVE('',#1963,#2180);
#2180 = DEFINITIONAL_REPRESENTATION('',(#2181),#2185);
#2181 = LINE('',#2182,#2183);
#2182 = CARTESIAN_POINT('',(4.3,0.));
#2183 = VECTOR('',#2184,1.);
#2184 = DIRECTION('',(0.,1.));
#2185 = ( GEOMETRIC_REPRESENTATION_CONTEXT(2) 
PARAMETRIC_REPRESENTATION_CONTEXT() REPRESENTATION_CONTEXT('2D SPACE',''
  ) );
#2186 = PCURVE('',#1989,#2187);
#2187 = DEFINITIONAL_REPRESENTATION('',(#2188),#2192);
#2188 = LINE('',#2189,#2190);
#2189 = CARTESIAN_POINT('',(0.,9.2));
#2190 = VECTOR('',#2191,1.);
#2191 = DIRECTION('',(1.,0.));
#2192 = ( GEOMETRIC_REPRESENTATION_CONTEXT(2) 
PARAMETRIC_REPRESENTATION_CONTEXT() REPRESENTATION_CONTEXT('2D SPACE',''
  ) );
#2193 = ORIENTED_EDGE('',*,*,#2057,.F.);
#2194 = ADVANCED_FACE('',(#2195),#1935,.F.);
#2195 = FACE_BOUND('',#2196,.F.);
#2196 = EDGE_LOOP('',(#2197,#2198,#2199,#2200));
#2197 = ORIENTED_EDGE('',*,*,#1919,.F.);
#2198 = ORIENTED_EDGE('',*,*,#2104,.T.);
#2199 = ORIENTED_EDGE('',*,*,#2034,.T.);
#2200 = ORIENTED_EDGE('',*,*,#2151,.F.);
#2201 = ADVANCED_FACE('',(#2202),#1989,.T.);
#2202 = FACE_BOUND('',#2203,.T.);
#2203 = EDGE_LOOP('',(#2204,#2205,#2206,#2207));
#2204 = ORIENTED_EDGE('',*,*,#1975,.F.);
#2205 = ORIENTED_EDGE('',*,*,#2126,.T.);
#2206 = ORIENTED_EDGE('',*,*,#2080,.T.);
#2207 = ORIENTED_EDGE('',*,*,#2173,.F.);
#2208 = ( GEOMETRIC_REPRESENTATION_CONTEXT(3) 
GLOBAL_UNCERTAINTY_ASSIGNED_CONTEXT((#2212)) 
GLOBAL_UNIT_ASSIGNED_CONTEXT((#2209,#2210,#2211)) REPRESENTATION_CONTEXT
('Context #1','3D Context with UNIT and UNCERTAINTY') );
#2209 = ( LENGTH_UNIT() NAMED_UNIT(*) SI_UNIT(.MILLI.,.METRE.) );
#2210 = ( NAMED_UNIT(*) PLANE_ANGLE_UNIT() SI_UNIT($,.RADIAN.) );
#2211 = ( NAMED_UNIT(*) SI_UNIT($,.STERADIAN.) SOLID_ANGLE_UNIT() );
#2212 = UNCERTAINTY_MEASURE_WITH_UNIT(LENGTH_MEASURE(1.E-07),#2209,
  'distance_accuracy_value','confusion accuracy');
#2213 = CONTEXT_DEPENDENT_SHAPE_REPRESENTATION(#2214,#2216);
#2214 = ( REPRESENTATION_RELATIONSHIP('','',#1877,#10) 
REPRESENTATION_RELATIONSHIP_WITH_TRANSFORMATION(#2215) 
SHAPE_REPRESENTATION_RELATIONSHIP() );
#2215 = ITEM_DEFINED_TRANSFORMATION('','',#11,#19);
#2216 = PRODUCT_DEFINITION_SHAPE('Placement','Placement of an item',
  #2217);
#2217 = NEXT_ASSEMBLY_USAGE_OCCURRENCE('2','','',#5,#1872,$);
#2218 = PRODUCT_RELATED_PRODUCT_CATEGORY('part',$,(#1874));
#2219 = SHAPE_DEFINITION_REPRESENTATION(#2220,#2226);
#2220 = PRODUCT_DEFINITION_SHAPE('','',#2221);
#2221 = PRODUCT_DEFINITION('design','',#2222,#2225);
#2222 = PRODUCT_DEFINITION_FORMATION('','',#2223);
#2223 = PRODUCT('Open CASCADE STEP translator 7.8 1.3',
  'Open CASCADE STEP translator 7.8 1.3','',(#2224));
#2224 = PRODUCT_CONTEXT('',#2,'mechanical');
#2225 = PRODUCT_DEFINITION_CONTEXT('part definition',#2,'design');
#2226 = ADVANCED_BREP_SHAPE_REPRESENTATION('',(#11,#2227),#2557);
#2227 = MANIFOLD_SOLID_BREP('',#2228);
#2228 = CLOSED_SHELL('',(#2229,#2349,#2449,#2496,#2543,#2550));
#2229 = ADVANCED_FACE('',(#2230),#2244,.F.);
#2230 = FACE_BOUND('',#2231,.F.);
#2231 = EDGE_LOOP('',(#2232,#2267,#2295,#2323));
#2232 = ORIENTED_EDGE('',*,*,#2233,.F.);
#2233 = EDGE_CURVE('',#2234,#2236,#2238,.T.);
#2234 = VERTEX_POINT('',#2235);
#2235 = CARTESIAN_POINT('',(38.33,54.91,28.6));
#2236 = VERTEX_POINT('',#2237);
#2237 = CARTESIAN_POINT('',(38.33,54.91,32.1));
#2238 = SURFACE_CURVE('',#2239,(#2243,#2255),.PCURVE_S1.);
#2239 = LINE('',#2240,#2241);
#2240 = CARTESIAN_POINT('',(38.33,54.91,28.6));
#2241 = VECTOR('',#2242,1.);
#2242 = DIRECTION('',(0.,0.,1.));
#2243 = PCURVE('',#2244,#2249);
#2244 = PLANE('',#2245);
#2245 = AXIS2_PLACEMENT_3D('',#2246,#2247,#2248);
#2246 = CARTESIAN_POINT('',(38.33,54.91,28.6));
#2247 = DIRECTION('',(1.,0.,-0.));
#2248 = DIRECTION('',(0.,0.,1.));
#2249 = DEFINITIONAL_REPRESENTATION('',(#2250),#2254);
#2250 = LINE('',#2251,#2252);
#2251 = CARTESIAN_POINT('',(0.,0.));
#2252 = VECTOR('',#2253,1.);
#2253 = DIRECTION('',(1.,0.));
#2254 = ( GEOMETRIC_REPRESENTATION_CONTEXT(2) 
PARAMETRIC_REPRESENTATION_CONTEXT() REPRESENTATION_CONTEXT('2D SPACE',''
  ) );
#2255 = PCURVE('',#2256,#2261);
#2256 = PLANE('',#2257);
#2257 = AXIS2_PLACEMENT_3D('',#2258,#2259,#2260);
#2258 = CARTESIAN_POINT('',(38.33,54.91,28.6));
#2259 = DIRECTION('',(-0.,1.,0.));
#2260 = DIRECTION('',(0.,0.,1.));
#2261 = DEFINITIONAL_REPRESENTATION('',(#2262),#2266);
#2262 = LINE('',#2263,#2264);
#2263 = CARTESIAN_POINT('',(0.,0.));
#2264 = VECTOR('',#2265,1.);
#2265 = DIRECTION('',(1.,0.));
#2266 = ( GEOMETRIC_REPRESENTATION_CONTEXT(2) 
PARAMETRIC_REPRESENTATION_CONTEXT() REPRESENTATION_CONTEXT('2D SPACE',''
  ) );
#2267 = ORIENTED_EDGE('',*,*,#2268,.T.);
#2268 = EDGE_CURVE('',#2234,#2269,#2271,.T.);
#2269 = VERTEX_POINT('',#2270);
#2270 = CARTESIAN_POINT('',(38.33,55.47,28.6));
#2271 = SURFACE_CURVE('',#2272,(#2276,#2283),.PCURVE_S1.);
#2272 = LINE('',#2273,#2274);
#2273 = CARTESIAN_POINT('',(38.33,54.91,28.6));
#2274 = VECTOR('',#2275,1.);
#2275 = DIRECTION('',(-0.,1.,0.));
#2276 = PCURVE('',#2244,#2277);
#2277 = DEFINITIONAL_REPRESENTATION('',(#2278),#2282);
#2278 = LINE('',#2279,#2280);
#2279 = CARTESIAN_POINT('',(0.,0.));
#2280 = VECTOR('',#2281,1.);
#2281 = DIRECTION('',(0.,-1.));
#2282 = ( GEOMETRIC_REPRESENTATION_CONTEXT(2) 
PARAMETRIC_REPRESENTATION_CONTEXT() REPRESENTATION_CONTEXT('2D SPACE',''
  ) );
#2283 = PCURVE('',#2284,#2289);
#2284 = PLANE('',#2285);
#2285 = AXIS2_PLACEMENT_3D('',#2286,#2287,#2288);
#2286 = CARTESIAN_POINT('',(38.33,54.91,28.6));
#2287 = DIRECTION('',(0.,0.,1.));
#2288 = DIRECTION('',(1.,0.,-0.));
#2289 = DEFINITIONAL_REPRESENTATION('',(#2290),#2294);
#2290 = LINE('',#2291,#2292);
#2291 = CARTESIAN_POINT('',(0.,0.));
#2292 = VECTOR('',#2293,1.);
#2293 = DIRECTION('',(0.,1.));
#2294 = ( GEOMETRIC_REPRESENTATION_CONTEXT(2) 
PARAMETRIC_REPRESENTATION_CONTEXT() REPRESENTATION_CONTEXT('2D SPACE',''
  ) );
#2295 = ORIENTED_EDGE('',*,*,#2296,.T.);
#2296 = EDGE_CURVE('',#2269,#2297,#2299,.T.);
#2297 = VERTEX_POINT('',#2298);
#2298 = CARTESIAN_POINT('',(38.33,55.47,32.1));
#2299 = SURFACE_CURVE('',#2300,(#2304,#2311),.PCURVE_S1.);
#2300 = LINE('',#2301,#2302);
#2301 = CARTESIAN_POINT('',(38.33,55.47,28.6));
#2302 = VECTOR('',#2303,1.);
#2303 = DIRECTION('',(0.,0.,1.));
#2304 = PCURVE('',#2244,#2305);
#2305 = DEFINITIONAL_REPRESENTATION('',(#2306),#2310);
#2306 = LINE('',#2307,#2308);
#2307 = CARTESIAN_POINT('',(0.,-0.56));
#2308 = VECTOR('',#2309,1.);
#2309 = DIRECTION('',(1.,0.));
#2310 = ( GEOMETRIC_REPRESENTATION_CONTEXT(2) 
PARAMETRIC_REPRESENTATION_CONTEXT() REPRESENTATION_CONTEXT('2D SPACE',''
  ) );
#2311 = PCURVE('',#2312,#2317);
#2312 = PLANE('',#2313);
#2313 = AXIS2_PLACEMENT_3D('',#2314,#2315,#2316);
#2314 = CARTESIAN_POINT('',(38.33,55.47,28.6));
#2315 = DIRECTION('',(-0.,1.,0.));
#2316 = DIRECTION('',(0.,0.,1.));
#2317 = DEFINITIONAL_REPRESENTATION('',(#2318),#2322);
#2318 = LINE('',#2319,#2320);
#2319 = CARTESIAN_POINT('',(0.,0.));
#2320 = VECTOR('',#2321,1.);
#2321 = DIRECTION('',(1.,0.));
#2322 = ( GEOMETRIC_REPRESENTATION_CONTEXT(2) 
PARAMETRIC_REPRESENTATION_CONTEXT() REPRESENTATION_CONTEXT('2D SPACE',''
  ) );
#2323 = ORIENTED_EDGE('',*,*,#2324,.F.);
#2324 = EDGE_CURVE('',#2236,#2297,#2325,.T.);
#2325 = SURFACE_CURVE('',#2326,(#2330,#2337),.PCURVE_S1.);
#2326 = LINE('',#2327,#2328);
#2327 = CARTESIAN_POINT('',(38.33,54.91,32.1));
#2328 = VECTOR('',#2329,1.);
#2329 = DIRECTION('',(-0.,1.,0.));
#2330 = PCURVE('',#2244,#2331);
#2331 = DEFINITIONAL_REPRESENTATION('',(#2332),#2336);
#2332 = LINE('',#2333,#2334);
#2333 = CARTESIAN_POINT('',(3.5,0.));
#2334 = VECTOR('',#2335,1.);
#2335 = DIRECTION('',(0.,-1.));
#2336 = ( GEOMETRIC_REPRESENTATION_CONTEXT(2) 
PARAMETRIC_REPRESENTATION_CONTEXT() REPRESENTATION_CONTEXT('2D SPACE',''
  ) );
#2337 = PCURVE('',#2338,#2343);
#2338 = PLANE('',#2339);
#2339 = AXIS2_PLACEMENT_3D('',#2340,#2341,#2342);
#2340 = CARTESIAN_POINT('',(38.33,54.91,32.1));
#2341 = DIRECTION('',(0.,0.,1.));
#2342 = DIRECTION('',(1.,0.,-0.));
#2343 = DEFINITIONAL_REPRESENTATION('',(#2344),#2348);
#2344 = LINE('',#2345,#2346);
#2345 = CARTESIAN_POINT('',(0.,0.));
#2346 = VECTOR('',#2347,1.);
#2347 = DIRECTION('',(0.,1.));
#2348 = ( GEOMETRIC_REPRESENTATION_CONTEXT(2) 
PARAMETRIC_REPRESENTATION_CONTEXT() REPRESENTATION_CONTEXT('2D SPACE',''
  ) );
#2349 = ADVANCED_FACE('',(#2350),#2364,.T.);
#2350 = FACE_BOUND('',#2351,.T.);
#2351 = EDGE_LOOP('',(#2352,#2382,#2405,#2428));
#2352 = ORIENTED_EDGE('',*,*,#2353,.F.);
#2353 = EDGE_CURVE('',#2354,#2356,#2358,.T.);
#2354 = VERTEX_POINT('',#2355);
#2355 = CARTESIAN_POINT('',(38.79,54.91,28.6));
#2356 = VERTEX_POINT('',#2357);
#2357 = CARTESIAN_POINT('',(38.79,54.91,32.1));
#2358 = SURFACE_CURVE('',#2359,(#2363,#2375),.PCURVE_S1.);
#2359 = LINE('',#2360,#2361);
#2360 = CARTESIAN_POINT('',(38.79,54.91,28.6));
#2361 = VECTOR('',#2362,1.);
#2362 = DIRECTION('',(0.,0.,1.));
#2363 = PCURVE('',#2364,#2369);
#2364 = PLANE('',#2365);
#2365 = AXIS2_PLACEMENT_3D('',#2366,#2367,#2368);
#2366 = CARTESIAN_POINT('',(38.79,54.91,28.6));
#2367 = DIRECTION('',(1.,0.,-0.));
#2368 = DIRECTION('',(0.,0.,1.));
#2369 = DEFINITIONAL_REPRESENTATION('',(#2370),#2374);
#2370 = LINE('',#2371,#2372);
#2371 = CARTESIAN_POINT('',(0.,0.));
#2372 = VECTOR('',#2373,1.);
#2373 = DIRECTION('',(1.,0.));
#2374 = ( GEOMETRIC_REPRESENTATION_CONTEXT(2) 
PARAMETRIC_REPRESENTATION_CONTEXT() REPRESENTATION_CONTEXT('2D SPACE',''
  ) );
#2375 = PCURVE('',#2256,#2376);
#2376 = DEFINITIONAL_REPRESENTATION('',(#2377),#2381);
#2377 = LINE('',#2378,#2379);
#2378 = CARTESIAN_POINT('',(0.,0.46));
#2379 = VECTOR('',#2380,1.);
#2380 = DIRECTION('',(1.,0.));
#2381 = ( GEOMETRIC_REPRESENTATION_CONTEXT(2) 
PARAMETRIC_REPRESENTATION_CONTEXT() REPRESENTATION_CONTEXT('2D SPACE',''
  ) );
#2382 = ORIENTED_EDGE('',*,*,#2383,.T.);
#2383 = EDGE_CURVE('',#2354,#2384,#2386,.T.);
#2384 = VERTEX_POINT('',#2385);
#2385 = CARTESIAN_POINT('',(38.79,55.47,28.6));
#2386 = SURFACE_CURVE('',#2387,(#2391,#2398),.PCURVE_S1.);
#2387 = LINE('',#2388,#2389);
#2388 = CARTESIAN_POINT('',(38.79,54.91,28.6));
#2389 = VECTOR('',#2390,1.);
#2390 = DIRECTION('',(-0.,1.,0.));
#2391 = PCURVE('',#2364,#2392);
#2392 = DEFINITIONAL_REPRESENTATION('',(#2393),#2397);
#2393 = LINE('',#2394,#2395);
#2394 = CARTESIAN_POINT('',(0.,0.));
#2395 = VECTOR('',#2396,1.);
#2396 = DIRECTION('',(0.,-1.));
#2397 = ( GEOMETRIC_REPRESENTATION_CONTEXT(2) 
PARAMETRIC_REPRESENTATION_CONTEXT() REPRESENTATION_CONTEXT('2D SPACE',''
  ) );
#2398 = PCURVE('',#2284,#2399);
#2399 = DEFINITIONAL_REPRESENTATION('',(#2400),#2404);
#2400 = LINE('',#2401,#2402);
#2401 = CARTESIAN_POINT('',(0.46,0.));
#2402 = VECTOR('',#2403,1.);
#2403 = DIRECTION('',(0.,1.));
#2404 = ( GEOMETRIC_REPRESENTATION_CONTEXT(2) 
PARAMETRIC_REPRESENTATION_CONTEXT() REPRESENTATION_CONTEXT('2D SPACE',''
  ) );
#2405 = ORIENTED_EDGE('',*,*,#2406,.T.);
#2406 = EDGE_CURVE('',#2384,#2407,#2409,.T.);
#2407 = VERTEX_POINT('',#2408);
#2408 = CARTESIAN_POINT('',(38.79,55.47,32.1));
#2409 = SURFACE_CURVE('',#2410,(#2414,#2421),.PCURVE_S1.);
#2410 = LINE('',#2411,#2412);
#2411 = CARTESIAN_POINT('',(38.79,55.47,28.6));
#2412 = VECTOR('',#2413,1.);
#2413 = DIRECTION('',(0.,0.,1.));
#2414 = PCURVE('',#2364,#2415);
#2415 = DEFINITIONAL_REPRESENTATION('',(#2416),#2420);
#2416 = LINE('',#2417,#2418);
#2417 = CARTESIAN_POINT('',(0.,-0.56));
#2418 = VECTOR('',#2419,1.);
#2419 = DIRECTION('',(1.,0.));
#2420 = ( GEOMETRIC_REPRESENTATION_CONTEXT(2) 
PARAMETRIC_REPRESENTATION_CONTEXT() REPRESENTATION_CONTEXT('2D SPACE',''
  ) );
#2421 = PCURVE('',#2312,#2422);
#2422 = DEFINITIONAL_REPRESENTATION('',(#2423),#2427);
#2423 = LINE('',#2424,#2425);
#2424 = CARTESIAN_POINT('',(0.,0.46));
#2425 = VECTOR('',#2426,1.);
#2426 = DIRECTION('',(1.,0.));
#2427 = ( GEOMETRIC_REPRESENTATION_CONTEXT(2) 
PARAMETRIC_REPRESENTATION_CONTEXT() REPRESENTATION_CONTEXT('2D SPACE',''
  ) );
#2428 = ORIENTED_EDGE('',*,*,#2429,.F.);
#2429 = EDGE_CURVE('',#2356,#2407,#2430,.T.);
#2430 = SURFACE_CURVE('',#2431,(#2435,#2442),.PCURVE_S1.);
#2431 = LINE('',#2432,#2433);
#2432 = CARTESIAN_POINT('',(38.79,54.91,32.1));
#2433 = VECTOR('',#2434,1.);
#2434 = DIRECTION('',(-0.,1.,0.));
#2435 = PCURVE('',#2364,#2436);
#2436 = DEFINITIONAL_REPRESENTATION('',(#2437),#2441);
#2437 = LINE('',#2438,#2439);
#2438 = CARTESIAN_POINT('',(3.5,0.));
#2439 = VECTOR('',#2440,1.);
#2440 = DIRECTION('',(0.,-1.));
#2441 = ( GEOMETRIC_REPRESENTATION_CONTEXT(2) 
PARAMETRIC_REPRESENTATION_CONTEXT() REPRESENTATION_CONTEXT('2D SPACE',''
  ) );
#2442 = PCURVE('',#2338,#2443);
#2443 = DEFINITIONAL_REPRESENTATION('',(#2444),#2448);
#2444 = LINE('',#2445,#2446);
#2445 = CARTESIAN_POINT('',(0.46,0.));
#2446 = VECTOR('',#2447,1.);
#2447 = DIRECTION('',(0.,1.));
#2448 = ( GEOMETRIC_REPRESENTATION_CONTEXT(2) 
PARAMETRIC_REPRESENTATION_CONTEXT() REPRESENTATION_CONTEXT('2D SPACE',''
  ) );
#2449 = ADVANCED_FACE('',(#2450),#2256,.F.);
#2450 = FACE_BOUND('',#2451,.F.);
#2451 = EDGE_LOOP('',(#2452,#2473,#2474,#2495));
#2452 = ORIENTED_EDGE('',*,*,#2453,.F.);
#2453 = EDGE_CURVE('',#2234,#2354,#2454,.T.);
#2454 = SURFACE_CURVE('',#2455,(#2459,#2466),.PCURVE_S1.);
#2455 = LINE('',#2456,#2457);
#2456 = CARTESIAN_POINT('',(38.33,54.91,28.6));
#2457 = VECTOR('',#2458,1.);
#2458 = DIRECTION('',(1.,0.,-0.));
#2459 = PCURVE('',#2256,#2460);
#2460 = DEFINITIONAL_REPRESENTATION('',(#2461),#2465);
#2461 = LINE('',#2462,#2463);
#2462 = CARTESIAN_POINT('',(0.,0.));
#2463 = VECTOR('',#2464,1.);
#2464 = DIRECTION('',(0.,1.));
#2465 = ( GEOMETRIC_REPRESENTATION_CONTEXT(2) 
PARAMETRIC_REPRESENTATION_CONTEXT() REPRESENTATION_CONTEXT('2D SPACE',''
  ) );
#2466 = PCURVE('',#2284,#2467);
#2467 = DEFINITIONAL_REPRESENTATION('',(#2468),#2472);
#2468 = LINE('',#2469,#2470);
#2469 = CARTESIAN_POINT('',(0.,0.));
#2470 = VECTOR('',#2471,1.);
#2471 = DIRECTION('',(1.,0.));
#2472 = ( GEOMETRIC_REPRESENTATION_CONTEXT(2) 
PARAMETRIC_REPRESENTATION_CONTEXT() REPRESENTATION_CONTEXT('2D SPACE',''
  ) );
#2473 = ORIENTED_EDGE('',*,*,#2233,.T.);
#2474 = ORIENTED_EDGE('',*,*,#2475,.T.);
#2475 = EDGE_CURVE('',#2236,#2356,#2476,.T.);
#2476 = SURFACE_CURVE('',#2477,(#2481,#2488),.PCURVE_S1.);
#2477 = LINE('',#2478,#2479);
#2478 = CARTESIAN_POINT('',(38.33,54.91,32.1));
#2479 = VECTOR('',#2480,1.);
#2480 = DIRECTION('',(1.,0.,-0.));
#2481 = PCURVE('',#2256,#2482);
#2482 = DEFINITIONAL_REPRESENTATION('',(#2483),#2487);
#2483 = LINE('',#2484,#2485);
#2484 = CARTESIAN_POINT('',(3.5,0.));
#2485 = VECTOR('',#2486,1.);
#2486 = DIRECTION('',(0.,1.));
#2487 = ( GEOMETRIC_REPRESENTATION_CONTEXT(2) 
PARAMETRIC_REPRESENTATION_CONTEXT() REPRESENTATION_CONTEXT('2D SPACE',''
  ) );
#2488 = PCURVE('',#2338,#2489);
#2489 = DEFINITIONAL_REPRESENTATION('',(#2490),#2494);
#2490 = LINE('',#2491,#2492);
#2491 = CARTESIAN_POINT('',(0.,0.));
#2492 = VECTOR('',#2493,1.);
#2493 = DIRECTION('',(1.,0.));
#2494 = ( GEOMETRIC_REPRESENTATION_CONTEXT(2) 
PARAMETRIC_REPRESENTATION_CONTEXT() REPRESENTATION_CONTEXT('2D SPACE',''
  ) );
#2495 = ORIENTED_EDGE('',*,*,#2353,.F.);
#2496 = ADVANCED_FACE('',(#2497),#2312,.T.);
#2497 = FACE_BOUND('',#2498,.T.);
#2498 = EDGE_LOOP('',(#2499,#2520,#2521,#2542));
#2499 = ORIENTED_EDGE('',*,*,#2500,.F.);
#2500 = EDGE_CURVE('',#2269,#2384,#2501,.T.);
#2501 = SURFACE_CURVE('',#2502,(#2506,#2513),.PCURVE_S1.);
#2502 = LINE('',#2503,#2504);
#2503 = CARTESIAN_POINT('',(38.33,55.47,28.6));
#2504 = VECTOR('',#2505,1.);
#2505 = DIRECTION('',(1.,0.,-0.));
#2506 = PCURVE('',#2312,#2507);
#2507 = DEFINITIONAL_REPRESENTATION('',(#2508),#2512);
#2508 = LINE('',#2509,#2510);
#2509 = CARTESIAN_POINT('',(0.,0.));
#2510 = VECTOR('',#2511,1.);
#2511 = DIRECTION('',(0.,1.));
#2512 = ( GEOMETRIC_REPRESENTATION_CONTEXT(2) 
PARAMETRIC_REPRESENTATION_CONTEXT() REPRESENTATION_CONTEXT('2D SPACE',''
  ) );
#2513 = PCURVE('',#2284,#2514);
#2514 = DEFINITIONAL_REPRESENTATION('',(#2515),#2519);
#2515 = LINE('',#2516,#2517);
#2516 = CARTESIAN_POINT('',(0.,0.56));
#2517 = VECTOR('',#2518,1.);
#2518 = DIRECTION('',(1.,0.));
#2519 = ( GEOMETRIC_REPRESENTATION_CONTEXT(2) 
PARAMETRIC_REPRESENTATION_CONTEXT() REPRESENTATION_CONTEXT('2D SPACE',''
  ) );
#2520 = ORIENTED_EDGE('',*,*,#2296,.T.);
#2521 = ORIENTED_EDGE('',*,*,#2522,.T.);
#2522 = EDGE_CURVE('',#2297,#2407,#2523,.T.);
#2523 = SURFACE_CURVE('',#2524,(#2528,#2535),.PCURVE_S1.);
#2524 = LINE('',#2525,#2526);
#2525 = CARTESIAN_POINT('',(38.33,55.47,32.1));
#2526 = VECTOR('',#2527,1.);
#2527 = DIRECTION('',(1.,0.,-0.));
#2528 = PCURVE('',#2312,#2529);
#2529 = DEFINITIONAL_REPRESENTATION('',(#2530),#2534);
#2530 = LINE('',#2531,#2532);
#2531 = CARTESIAN_POINT('',(3.5,0.));
#2532 = VECTOR('',#2533,1.);
#2533 = DIRECTION('',(0.,1.));
#2534 = ( GEOMETRIC_REPRESENTATION_CONTEXT(2) 
PARAMETRIC_REPRESENTATION_CONTEXT() REPRESENTATION_CONTEXT('2D SPACE',''
  ) );
#2535 = PCURVE('',#2338,#2536);
#2536 = DEFINITIONAL_REPRESENTATION('',(#2537),#2541);
#2537 = LINE('',#2538,#2539);
#2538 = CARTESIAN_POINT('',(0.,0.56));
#2539 = VECTOR('',#2540,1.);
#2540 = DIRECTION('',(1.,0.));
#2541 = ( GEOMETRIC_REPRESENTATION_CONTEXT(2) 
PARAMETRIC_REPRESENTATION_CONTEXT() REPRESENTATION_CONTEXT('2D SPACE',''
  ) );
#2542 = ORIENTED_EDGE('',*,*,#2406,.F.);
#2543 = ADVANCED_FACE('',(#2544),#2284,.F.);
#2544 = FACE_BOUND('',#2545,.F.);
#2545 = EDGE_LOOP('',(#2546,#2547,#2548,#2549));
#2546 = ORIENTED_EDGE('',*,*,#2268,.F.);
#2547 = ORIENTED_EDGE('',*,*,#2453,.T.);
#2548 = ORIENTED_EDGE('',*,*,#2383,.T.);
#2549 = ORIENTED_EDGE('',*,*,#2500,.F.);
#2550 = ADVANCED_FACE('',(#2551),#2338,.T.);
#2551 = FACE_BOUND('',#2552,.T.);
#2552 = EDGE_LOOP('',(#2553,#2554,#2555,#2556));
#2553 = ORIENTED_EDGE('',*,*,#2324,.F.);
#2554 = ORIENTED_EDGE('',*,*,#2475,.T.);
#2555 = ORIENTED_EDGE('',*,*,#2429,.T.);
#2556 = ORIENTED_EDGE('',*,*,#2522,.F.);
#2557 = ( GEOMETRIC_REPRESENTATION_CONTEXT(3) 
GLOBAL_UNCERTAINTY_ASSIGNED_CONTEXT((#2561)) 
GLOBAL_UNIT_ASSIGNED_CONTEXT((#2558,#2559,#2560)) REPRESENTATION_CONTEXT
('Context #1','3D Context with UNIT and UNCERTAINTY') );
#2558 = ( LENGTH_UNIT() NAMED_UNIT(*) SI_UNIT(.MILLI.,.METRE.) );
#2559 = ( NAMED_UNIT(*) PLANE_ANGLE_UNIT() SI_UNIT($,.RADIAN.) );
#2560 = ( NAMED_UNIT(*) SI_UNIT($,.STERADIAN.) SOLID_ANGLE_UNIT() );
#2561 = UNCERTAINTY_MEASURE_WITH_UNIT(LENGTH_MEASURE(1.E-07),#2558,
  'distance_accuracy_value','confusion accuracy');
#2562 = CONTEXT_DEPENDENT_SHAPE_REPRESENTATION(#2563,#2565);
#2563 = ( REPRESENTATION_RELATIONSHIP('','',#2226,#10) 
REPRESENTATION_RELATIONSHIP_WITH_TRANSFORMATION(#2564) 
SHAPE_REPRESENTATION_RELATIONSHIP() );
#2564 = ITEM_DEFINED_TRANSFORMATION('','',#11,#23);
#2565 = PRODUCT_DEFINITION_SHAPE('Placement','Placement of an item',
  #2566);
#2566 = NEXT_ASSEMBLY_USAGE_OCCURRENCE('3','','',#5,#2221,$);
#2567 = PRODUCT_RELATED_PRODUCT_CATEGORY('part',$,(#2223));
#2568 = SHAPE_DEFINITION_REPRESENTATION(#2569,#2575);
#2569 = PRODUCT_DEFINITION_SHAPE('','',#2570);
#2570 = PRODUCT_DEFINITION('design','',#2571,#2574);
#2571 = PRODUCT_DEFINITION_FORMATION('','',#2572);
#2572 = PRODUCT('Open CASCADE STEP translator 7.8 1.4',
  'Open CASCADE STEP translator 7.8 1.4','',(#2573));
#2573 = PRODUCT_CONTEXT('',#2,'mechanical');
#2574 = PRODUCT_DEFINITION_CONTEXT('part definition',#2,'design');
#2575 = ADVANCED_BREP_SHAPE_REPRESENTATION('',(#11,#2576),#2906);
#2576 = MANIFOLD_SOLID_BREP('',#2577);
#2577 = CLOSED_SHELL('',(#2578,#2698,#2798,#2845,#2892,#2899));
#2578 = ADVANCED_FACE('',(#2579),#2593,.F.);
#2579 = FACE_BOUND('',#2580,.F.);
#2580 = EDGE_LOOP('',(#2581,#2616,#2644,#2672));
#2581 = ORIENTED_EDGE('',*,*,#2582,.F.);
#2582 = EDGE_CURVE('',#2583,#2585,#2587,.T.);
#2583 = VERTEX_POINT('',#2584);
#2584 = CARTESIAN_POINT('',(38.33,57.45,28.6));
#2585 = VERTEX_POINT('',#2586);
#2586 = CARTESIAN_POINT('',(38.33,57.45,32.1));
#2587 = SURFACE_CURVE('',#2588,(#2592,#2604),.PCURVE_S1.);
#2588 = LINE('',#2589,#2590);
#2589 = CARTESIAN_POINT('',(38.33,57.45,28.6));
#2590 = VECTOR('',#2591,1.);
#2591 = DIRECTION('',(0.,0.,1.));
#2592 = PCURVE('',#2593,#2598);
#2593 = PLANE('',#2594);
#2594 = AXIS2_PLACEMENT_3D('',#2595,#2596,#2597);
#2595 = CARTESIAN_POINT('',(38.33,57.45,28.6));
#2596 = DIRECTION('',(1.,0.,-0.));
#2597 = DIRECTION('',(0.,0.,1.));
#2598 = DEFINITIONAL_REPRESENTATION('',(#2599),#2603);
#2599 = LINE('',#2600,#2601);
#2600 = CARTESIAN_POINT('',(0.,0.));
#2601 = VECTOR('',#2602,1.);
#2602 = DIRECTION('',(1.,0.));
#2603 = ( GEOMETRIC_REPRESENTATION_CONTEXT(2) 
PARAMETRIC_REPRESENTATION_CONTEXT() REPRESENTATION_CONTEXT('2D SPACE',''
  ) );
#2604 = PCURVE('',#2605,#2610);
#2605 = PLANE('',#2606);
#2606 = AXIS2_PLACEMENT_3D('',#2607,#2608,#2609);
#2607 = CARTESIAN_POINT('',(38.33,57.45,28.6));
#2608 = DIRECTION('',(-0.,1.,0.));
#2609 = DIRECTION('',(0.,0.,1.));
#2610 = DEFINITIONAL_REPRESENTATION('',(#2611),#2615);
#2611 = LINE('',#2612,#2613);
#2612 = CARTESIAN_POINT('',(0.,0.));
#2613 = VECTOR('',#2614,1.);
#2614 = DIRECTION('',(1.,0.));
#2615 = ( GEOMETRIC_REPRESENTATION_CONTEXT(2) 
PARAMETRIC_REPRESENTATION_CONTEXT() REPRESENTATION_CONTEXT('2D SPACE',''
  ) );
#2616 = ORIENTED_EDGE('',*,*,#2617,.T.);
#2617 = EDGE_CURVE('',#2583,#2618,#2620,.T.);
#2618 = VERTEX_POINT('',#2619);
#2619 = CARTESIAN_POINT('',(38.33,58.01,28.6));
#2620 = SURFACE_CURVE('',#2621,(#2625,#2632),.PCURVE_S1.);
#2621 = LINE('',#2622,#2623);
#2622 = CARTESIAN_POINT('',(38.33,57.45,28.6));
#2623 = VECTOR('',#2624,1.);
#2624 = DIRECTION('',(-0.,1.,0.));
#2625 = PCURVE('',#2593,#2626);
#2626 = DEFINITIONAL_REPRESENTATION('',(#2627),#2631);
#2627 = LINE('',#2628,#2629);
#2628 = CARTESIAN_POINT('',(0.,0.));
#2629 = VECTOR('',#2630,1.);
#2630 = DIRECTION('',(0.,-1.));
#2631 = ( GEOMETRIC_REPRESENTATION_CONTEXT(2) 
PARAMETRIC_REPRESENTATION_CONTEXT() REPRESENTATION_CONTEXT('2D SPACE',''
  ) );
#2632 = PCURVE('',#2633,#2638);
#2633 = PLANE('',#2634);
#2634 = AXIS2_PLACEMENT_3D('',#2635,#2636,#2637);
#2635 = CARTESIAN_POINT('',(38.33,57.45,28.6));
#2636 = DIRECTION('',(0.,0.,1.));
#2637 = DIRECTION('',(1.,0.,-0.));
#2638 = DEFINITIONAL_REPRESENTATION('',(#2639),#2643);
#2639 = LINE('',#2640,#2641);
#2640 = CARTESIAN_POINT('',(0.,0.));
#2641 = VECTOR('',#2642,1.);
#2642 = DIRECTION('',(0.,1.));
#2643 = ( GEOMETRIC_REPRESENTATION_CONTEXT(2) 
PARAMETRIC_REPRESENTATION_CONTEXT() REPRESENTATION_CONTEXT('2D SPACE',''
  ) );
#2644 = ORIENTED_EDGE('',*,*,#2645,.T.);
#2645 = EDGE_CURVE('',#2618,#2646,#2648,.T.);
#2646 = VERTEX_POINT('',#2647);
#2647 = CARTESIAN_POINT('',(38.33,58.01,32.1));
#2648 = SURFACE_CURVE('',#2649,(#2653,#2660),.PCURVE_S1.);
#2649 = LINE('',#2650,#2651);
#2650 = CARTESIAN_POINT('',(38.33,58.01,28.6));
#2651 = VECTOR('',#2652,1.);
#2652 = DIRECTION('',(0.,0.,1.));
#2653 = PCURVE('',#2593,#2654);
#2654 = DEFINITIONAL_REPRESENTATION('',(#2655),#2659);
#2655 = LINE('',#2656,#2657);
#2656 = CARTESIAN_POINT('',(0.,-0.56));
#2657 = VECTOR('',#2658,1.);
#2658 = DIRECTION('',(1.,0.));
#2659 = ( GEOMETRIC_REPRESENTATION_CONTEXT(2) 
PARAMETRIC_REPRESENTATION_CONTEXT() REPRESENTATION_CONTEXT('2D SPACE',''
  ) );
#2660 = PCURVE('',#2661,#2666);
#2661 = PLANE('',#2662);
#2662 = AXIS2_PLACEMENT_3D('',#2663,#2664,#2665);
#2663 = CARTESIAN_POINT('',(38.33,58.01,28.6));
#2664 = DIRECTION('',(-0.,1.,0.));
#2665 = DIRECTION('',(0.,0.,1.));
#2666 = DEFINITIONAL_REPRESENTATION('',(#2667),#2671);
#2667 = LINE('',#2668,#2669);
#2668 = CARTESIAN_POINT('',(0.,0.));
#2669 = VECTOR('',#2670,1.);
#2670 = DIRECTION('',(1.,0.));
#2671 = ( GEOMETRIC_REPRESENTATION_CONTEXT(2) 
PARAMETRIC_REPRESENTATION_CONTEXT() REPRESENTATION_CONTEXT('2D SPACE',''
  ) );
#2672 = ORIENTED_EDGE('',*,*,#2673,.F.);
#2673 = EDGE_CURVE('',#2585,#2646,#2674,.T.);
#2674 = SURFACE_CURVE('',#2675,(#2679,#2686),.PCURVE_S1.);
#2675 = LINE('',#2676,#2677);
#2676 = CARTESIAN_POINT('',(38.33,57.45,32.1));
#2677 = VECTOR('',#2678,1.);
#2678 = DIRECTION('',(-0.,1.,0.));
#2679 = PCURVE('',#2593,#2680);
#2680 = DEFINITIONAL_REPRESENTATION('',(#2681),#2685);
#2681 = LINE('',#2682,#2683);
#2682 = CARTESIAN_POINT('',(3.5,0.));
#2683 = VECTOR('',#2684,1.);
#2684 = DIRECTION('',(0.,-1.));
#2685 = ( GEOMETRIC_REPRESENTATION_CONTEXT(2) 
PARAMETRIC_REPRESENTATION_CONTEXT() REPRESENTATION_CONTEXT('2D SPACE',''
  ) );
#2686 = PCURVE('',#2687,#2692);
#2687 = PLANE('',#2688);
#2688 = AXIS2_PLACEMENT_3D('',#2689,#2690,#2691);
#2689 = CARTESIAN_POINT('',(38.33,57.45,32.1));
#2690 = DIRECTION('',(0.,0.,1.));
#2691 = DIRECTION('',(1.,0.,-0.));
#2692 = DEFINITIONAL_REPRESENTATION('',(#2693),#2697);
#2693 = LINE('',#2694,#2695);
#2694 = CARTESIAN_POINT('',(0.,0.));
#2695 = VECTOR('',#2696,1.);
#2696 = DIRECTION('',(0.,1.));
#2697 = ( GEOMETRIC_REPRESENTATION_CONTEXT(2) 
PARAMETRIC_REPRESENTATION_CONTEXT() REPRESENTATION_CONTEXT('2D SPACE',''
  ) );
#2698 = ADVANCED_FACE('',(#2699),#2713,.T.);
#2699 = FACE_BOUND('',#2700,.T.);
#2700 = EDGE_LOOP('',(#2701,#2731,#2754,#2777));
#2701 = ORIENTED_EDGE('',*,*,#2702,.F.);
#2702 = EDGE_CURVE('',#2703,#2705,#2707,.T.);
#2703 = VERTEX_POINT('',#2704);
#2704 = CARTESIAN_POINT('',(38.79,57.45,28.6));
#2705 = VERTEX_POINT('',#2706);
#2706 = CARTESIAN_POINT('',(38.79,57.45,32.1));
#2707 = SURFACE_CURVE('',#2708,(#2712,#2724),.PCURVE_S1.);
#2708 = LINE('',#2709,#2710);
#2709 = CARTESIAN_POINT('',(38.79,57.45,28.6));
#2710 = VECTOR('',#2711,1.);
#2711 = DIRECTION('',(0.,0.,1.));
#2712 = PCURVE('',#2713,#2718);
#2713 = PLANE('',#2714);
#2714 = AXIS2_PLACEMENT_3D('',#2715,#2716,#2717);
#2715 = CARTESIAN_POINT('',(38.79,57.45,28.6));
#2716 = DIRECTION('',(1.,0.,-0.));
#2717 = DIRECTION('',(0.,0.,1.));
#2718 = DEFINITIONAL_REPRESENTATION('',(#2719),#2723);
#2719 = LINE('',#2720,#2721);
#2720 = CARTESIAN_POINT('',(0.,0.));
#2721 = VECTOR('',#2722,1.);
#2722 = DIRECTION('',(1.,0.));
#2723 = ( GEOMETRIC_REPRESENTATION_CONTEXT(2) 
PARAMETRIC_REPRESENTATION_CONTEXT() REPRESENTATION_CONTEXT('2D SPACE',''
  ) );
#2724 = PCURVE('',#2605,#2725);
#2725 = DEFINITIONAL_REPRESENTATION('',(#2726),#2730);
#2726 = LINE('',#2727,#2728);
#2727 = CARTESIAN_POINT('',(0.,0.46));
#2728 = VECTOR('',#2729,1.);
#2729 = DIRECTION('',(1.,0.));
#2730 = ( GEOMETRIC_REPRESENTATION_CONTEXT(2) 
PARAMETRIC_REPRESENTATION_CONTEXT() REPRESENTATION_CONTEXT('2D SPACE',''
  ) );
#2731 = ORIENTED_EDGE('',*,*,#2732,.T.);
#2732 = EDGE_CURVE('',#2703,#2733,#2735,.T.);
#2733 = VERTEX_POINT('',#2734);
#2734 = CARTESIAN_POINT('',(38.79,58.01,28.6));
#2735 = SURFACE_CURVE('',#2736,(#2740,#2747),.PCURVE_S1.);
#2736 = LINE('',#2737,#2738);
#2737 = CARTESIAN_POINT('',(38.79,57.45,28.6));
#2738 = VECTOR('',#2739,1.);
#2739 = DIRECTION('',(-0.,1.,0.));
#2740 = PCURVE('',#2713,#2741);
#2741 = DEFINITIONAL_REPRESENTATION('',(#2742),#2746);
#2742 = LINE('',#2743,#2744);
#2743 = CARTESIAN_POINT('',(0.,0.));
#2744 = VECTOR('',#2745,1.);
#2745 = DIRECTION('',(0.,-1.));
#2746 = ( GEOMETRIC_REPRESENTATION_CONTEXT(2) 
PARAMETRIC_REPRESENTATION_CONTEXT() REPRESENTATION_CONTEXT('2D SPACE',''
  ) );
#2747 = PCURVE('',#2633,#2748);
#2748 = DEFINITIONAL_REPRESENTATION('',(#2749),#2753);
#2749 = LINE('',#2750,#2751);
#2750 = CARTESIAN_POINT('',(0.46,0.));
#2751 = VECTOR('',#2752,1.);
#2752 = DIRECTION('',(0.,1.));
#2753 = ( GEOMETRIC_REPRESENTATION_CONTEXT(2) 
PARAMETRIC_REPRESENTATION_CONTEXT() REPRESENTATION_CONTEXT('2D SPACE',''
  ) );
#2754 = ORIENTED_EDGE('',*,*,#2755,.T.);
#2755 = EDGE_CURVE('',#2733,#2756,#2758,.T.);
#2756 = VERTEX_POINT('',#2757);
#2757 = CARTESIAN_POINT('',(38.79,58.01,32.1));
#2758 = SURFACE_CURVE('',#2759,(#2763,#2770),.PCURVE_S1.);
#2759 = LINE('',#2760,#2761);
#2760 = CARTESIAN_POINT('',(38.79,58.01,28.6));
#2761 = VECTOR('',#2762,1.);
#2762 = DIRECTION('',(0.,0.,1.));
#2763 = PCURVE('',#2713,#2764);
#2764 = DEFINITIONAL_REPRESENTATION('',(#2765),#2769);
#2765 = LINE('',#2766,#2767);
#2766 = CARTESIAN_POINT('',(0.,-0.56));
#2767 = VECTOR('',#2768,1.);
#2768 = DIRECTION('',(1.,0.));
#2769 = ( GEOMETRIC_REPRESENTATION_CONTEXT(2) 
PARAMETRIC_REPRESENTATION_CONTEXT() REPRESENTATION_CONTEXT('2D SPACE',''
  ) );
#2770 = PCURVE('',#2661,#2771);
#2771 = DEFINITIONAL_REPRESENTATION('',(#2772),#2776);
#2772 = LINE('',#2773,#2774);
#2773 = CARTESIAN_POINT('',(0.,0.46));
#2774 = VECTOR('',#2775,1.);
#2775 = DIRECTION('',(1.,0.));
#2776 = ( GEOMETRIC_REPRESENTATION_CONTEXT(2) 
PARAMETRIC_REPRESENTATION_CONTEXT() REPRESENTATION_CONTEXT('2D SPACE',''
  ) );
#2777 = ORIENTED_EDGE('',*,*,#2778,.F.);
#2778 = EDGE_CURVE('',#2705,#2756,#2779,.T.);
#2779 = SURFACE_CURVE('',#2780,(#2784,#2791),.PCURVE_S1.);
#2780 = LINE('',#2781,#2782);
#2781 = CARTESIAN_POINT('',(38.79,57.45,32.1));
#2782 = VECTOR('',#2783,1.);
#2783 = DIRECTION('',(-0.,1.,0.));
#2784 = PCURVE('',#2713,#2785);
#2785 = DEFINITIONAL_REPRESENTATION('',(#2786),#2790);
#2786 = LINE('',#2787,#2788);
#2787 = CARTESIAN_POINT('',(3.5,0.));
#2788 = VECTOR('',#2789,1.);
#2789 = DIRECTION('',(0.,-1.));
#2790 = ( GEOMETRIC_REPRESENTATION_CONTEXT(2) 
PARAMETRIC_REPRESENTATION_CONTEXT() REPRESENTATION_CONTEXT('2D SPACE',''
  ) );
#2791 = PCURVE('',#2687,#2792);
#2792 = DEFINITIONAL_REPRESENTATION('',(#2793),#2797);
#2793 = LINE('',#2794,#2795);
#2794 = CARTESIAN_POINT('',(0.46,0.));
#2795 = VECTOR('',#2796,1.);
#2796 = DIRECTION('',(0.,1.));
#2797 = ( GEOMETRIC_REPRESENTATION_CONTEXT(2) 
PARAMETRIC_REPRESENTATION_CONTEXT() REPRESENTATION_CONTEXT('2D SPACE',''
  ) );
#2798 = ADVANCED_FACE('',(#2799),#2605,.F.);
#2799 = FACE_BOUND('',#2800,.F.);
#2800 = EDGE_LOOP('',(#2801,#2822,#2823,#2844));
#2801 = ORIENTED_EDGE('',*,*,#2802,.F.);
#2802 = EDGE_CURVE('',#2583,#2703,#2803,.T.);
#2803 = SURFACE_CURVE('',#2804,(#2808,#2815),.PCURVE_S1.);
#2804 = LINE('',#2805,#2806);
#2805 = CARTESIAN_POINT('',(38.33,57.45,28.6));
#2806 = VECTOR('',#2807,1.);
#2807 = DIRECTION('',(1.,0.,-0.));
#2808 = PCURVE('',#2605,#2809);
#2809 = DEFINITIONAL_REPRESENTATION('',(#2810),#2814);
#2810 = LINE('',#2811,#2812);
#2811 = CARTESIAN_POINT('',(0.,0.));
#2812 = VECTOR('',#2813,1.);
#2813 = DIRECTION('',(0.,1.));
#2814 = ( GEOMETRIC_REPRESENTATION_CONTEXT(2) 
PARAMETRIC_REPRESENTATION_CONTEXT() REPRESENTATION_CONTEXT('2D SPACE',''
  ) );
#2815 = PCURVE('',#2633,#2816);
#2816 = DEFINITIONAL_REPRESENTATION('',(#2817),#2821);
#2817 = LINE('',#2818,#2819);
#2818 = CARTESIAN_POINT('',(0.,0.));
#2819 = VECTOR('',#2820,1.);
#2820 = DIRECTION('',(1.,0.));
#2821 = ( GEOMETRIC_REPRESENTATION_CONTEXT(2) 
PARAMETRIC_REPRESENTATION_CONTEXT() REPRESENTATION_CONTEXT('2D SPACE',''
  ) );
#2822 = ORIENTED_EDGE('',*,*,#2582,.T.);
#2823 = ORIENTED_EDGE('',*,*,#2824,.T.);
#2824 = EDGE_CURVE('',#2585,#2705,#2825,.T.);
#2825 = SURFACE_CURVE('',#2826,(#2830,#2837),.PCURVE_S1.);
#2826 = LINE('',#2827,#2828);
#2827 = CARTESIAN_POINT('',(38.33,57.45,32.1));
#2828 = VECTOR('',#2829,1.);
#2829 = DIRECTION('',(1.,0.,-0.));
#2830 = PCURVE('',#2605,#2831);
#2831 = DEFINITIONAL_REPRESENTATION('',(#2832),#2836);
#2832 = LINE('',#2833,#2834);
#2833 = CARTESIAN_POINT('',(3.5,0.));
#2834 = VECTOR('',#2835,1.);
#2835 = DIRECTION('',(0.,1.));
#2836 = ( GEOMETRIC_REPRESENTATION_CONTEXT(2) 
PARAMETRIC_REPRESENTATION_CONTEXT() REPRESENTATION_CONTEXT('2D SPACE',''
  ) );
#2837 = PCURVE('',#2687,#2838);
#2838 = DEFINITIONAL_REPRESENTATION('',(#2839),#2843);
#2839 = LINE('',#2840,#2841);
#2840 = CARTESIAN_POINT('',(0.,0.));
#2841 = VECTOR('',#2842,1.);
#2842 = DIRECTION('',(1.,0.));
#2843 = ( GEOMETRIC_REPRESENTATION_CONTEXT(2) 
PARAMETRIC_REPRESENTATION_CONTEXT() REPRESENTATION_CONTEXT('2D SPACE',''
  ) );
#2844 = ORIENTED_EDGE('',*,*,#2702,.F.);
#2845 = ADVANCED_FACE('',(#2846),#2661,.T.);
#2846 = FACE_BOUND('',#2847,.T.);
#2847 = EDGE_LOOP('',(#2848,#2869,#2870,#2891));
#2848 = ORIENTED_EDGE('',*,*,#2849,.F.);
#2849 = EDGE_CURVE('',#2618,#2733,#2850,.T.);
#2850 = SURFACE_CURVE('',#2851,(#2855,#2862),.PCURVE_S1.);
#2851 = LINE('',#2852,#2853);
#2852 = CARTESIAN_POINT('',(38.33,58.01,28.6));
#2853 = VECTOR('',#2854,1.);
#2854 = DIRECTION('',(1.,0.,-0.));
#2855 = PCURVE('',#2661,#2856);
#2856 = DEFINITIONAL_REPRESENTATION('',(#2857),#2861);
#2857 = LINE('',#2858,#2859);
#2858 = CARTESIAN_POINT('',(0.,0.));
#2859 = VECTOR('',#2860,1.);
#2860 = DIRECTION('',(0.,1.));
#2861 = ( GEOMETRIC_REPRESENTATION_CONTEXT(2) 
PARAMETRIC_REPRESENTATION_CONTEXT() REPRESENTATION_CONTEXT('2D SPACE',''
  ) );
#2862 = PCURVE('',#2633,#2863);
#2863 = DEFINITIONAL_REPRESENTATION('',(#2864),#2868);
#2864 = LINE('',#2865,#2866);
#2865 = CARTESIAN_POINT('',(0.,0.56));
#2866 = VECTOR('',#2867,1.);
#2867 = DIRECTION('',(1.,0.));
#2868 = ( GEOMETRIC_REPRESENTATION_CONTEXT(2) 
PARAMETRIC_REPRESENTATION_CONTEXT() REPRESENTATION_CONTEXT('2D SPACE',''
  ) );
#2869 = ORIENTED_EDGE('',*,*,#2645,.T.);
#2870 = ORIENTED_EDGE('',*,*,#2871,.T.);
#2871 = EDGE_CURVE('',#2646,#2756,#2872,.T.);
#2872 = SURFACE_CURVE('',#2873,(#2877,#2884),.PCURVE_S1.);
#2873 = LINE('',#2874,#2875);
#2874 = CARTESIAN_POINT('',(38.33,58.01,32.1));
#2875 = VECTOR('',#2876,1.);
#2876 = DIRECTION('',(1.,0.,-0.));
#2877 = PCURVE('',#2661,#2878);
#2878 = DEFINITIONAL_REPRESENTATION('',(#2879),#2883);
#2879 = LINE('',#2880,#2881);
#2880 = CARTESIAN_POINT('',(3.5,0.));
#2881 = VECTOR('',#2882,1.);
#2882 = DIRECTION('',(0.,1.));
#2883 = ( GEOMETRIC_REPRESENTATION_CONTEXT(2) 
PARAMETRIC_REPRESENTATION_CONTEXT() REPRESENTATION_CONTEXT('2D SPACE',''
  ) );
#2884 = PCURVE('',#2687,#2885);
#2885 = DEFINITIONAL_REPRESENTATION('',(#2886),#2890);
#2886 = LINE('',#2887,#2888);
#2887 = CARTESIAN_POINT('',(0.,0.56));
#2888 = VECTOR('',#2889,1.);
#2889 = DIRECTION('',(1.,0.));
#2890 = ( GEOMETRIC_REPRESENTATION_CONTEXT(2) 
PARAMETRIC_REPRESENTATION_CONTEXT() REPRESENTATION_CONTEXT('2D SPACE',''
  ) );
#2891 = ORIENTED_EDGE('',*,*,#2755,.F.);
#2892 = ADVANCED_FACE('',(#2893),#2633,.F.);
#2893 = FACE_BOUND('',#2894,.F.);
#2894 = EDGE_LOOP('',(#2895,#2896,#2897,#2898));
#2895 = ORIENTED_EDGE('',*,*,#2617,.F.);
#2896 = ORIENTED_EDGE('',*,*,#2802,.T.);
#2897 = ORIENTED_EDGE('',*,*,#2732,.T.);
#2898 = ORIENTED_EDGE('',*,*,#2849,.F.);
#2899 = ADVANCED_FACE('',(#2900),#2687,.T.);
#2900 = FACE_BOUND('',#2901,.T.);
#2901 = EDGE_LOOP('',(#2902,#2903,#2904,#2905));
#2902 = ORIENTED_EDGE('',*,*,#2673,.F.);
#2903 = ORIENTED_EDGE('',*,*,#2824,.T.);
#2904 = ORIENTED_EDGE('',*,*,#2778,.T.);
#2905 = ORIENTED_EDGE('',*,*,#2871,.F.);
#2906 = ( GEOMETRIC_REPRESENTATION_CONTEXT(3) 
GLOBAL_UNCERTAINTY_ASSIGNED_CONTEXT((#2910)) 
GLOBAL_UNIT_ASSIGNED_CONTEXT((#2907,#2908,#2909)) REPRESENTATION_CONTEXT
('Context #1','3D Context with UNIT and UNCERTAINTY') );
#2907 = ( LENGTH_UNIT() NAMED_UNIT(*) SI_UNIT(.MILLI.,.METRE.) );
#2908 = ( NAMED_UNIT(*) PLANE_ANGLE_UNIT() SI_UNIT($,.RADIAN.) );
#2909 = ( NAMED_UNIT(*) SI_UNIT($,.STERADIAN.) SOLID_ANGLE_UNIT() );
#2910 = UNCERTAINTY_MEASURE_WITH_UNIT(LENGTH_MEASURE(1.E-07),#2907,
  'distance_accuracy_value','confusion accuracy');
#2911 = CONTEXT_DEPENDENT_SHAPE_REPRESENTATION(#2912,#2914);
#2912 = ( REPRESENTATION_RELATIONSHIP('','',#2575,#10) 
REPRESENTATION_RELATIONSHIP_WITH_TRANSFORMATION(#2913) 
SHAPE_REPRESENTATION_RELATIONSHIP() );
#2913 = ITEM_DEFINED_TRANSFORMATION('','',#11,#27);
#2914 = PRODUCT_DEFINITION_SHAPE('Placement','Placement of an item',
  #2915);
#2915 = NEXT_ASSEMBLY_USAGE_OCCURRENCE('4','','',#5,#2570,$);
#2916 = PRODUCT_RELATED_PRODUCT_CATEGORY('part',$,(#2572));
#2917 = SHAPE_DEFINITION_REPRESENTATION(#2918,#2924);
#2918 = PRODUCT_DEFINITION_SHAPE('','',#2919);
#2919 = PRODUCT_DEFINITION('design','',#2920,#2923);
#2920 = PRODUCT_DEFINITION_FORMATION('','',#2921);
#2921 = PRODUCT('Open CASCADE STEP translator 7.8 1.5',
  'Open CASCADE STEP translator 7.8 1.5','',(#2922));
#2922 = PRODUCT_CONTEXT('',#2,'mechanical');
#2923 = PRODUCT_DEFINITION_CONTEXT('part definition',#2,'design');
#2924 = ADVANCED_BREP_SHAPE_REPRESENTATION('',(#11,#2925),#3255);
#2925 = MANIFOLD_SOLID_BREP('',#2926);
#2926 = CLOSED_SHELL('',(#2927,#3047,#3147,#3194,#3241,#3248));
#2927 = ADVANCED_FACE('',(#2928),#2942,.F.);
#2928 = FACE_BOUND('',#2929,.F.);
#2929 = EDGE_LOOP('',(#2930,#2965,#2993,#3021));
#2930 = ORIENTED_EDGE('',*,*,#2931,.F.);
#2931 = EDGE_CURVE('',#2932,#2934,#2936,.T.);
#2932 = VERTEX_POINT('',#2933);
#2933 = CARTESIAN_POINT('',(38.33,59.99,28.6));
#2934 = VERTEX_POINT('',#2935);
#2935 = CARTESIAN_POINT('',(38.33,59.99,32.1));
#2936 = SURFACE_CURVE('',#2937,(#2941,#2953),.PCURVE_S1.);
#2937 = LINE('',#2938,#2939);
#2938 = CARTESIAN_POINT('',(38.33,59.99,28.6));
#2939 = VECTOR('',#2940,1.);
#2940 = DIRECTION('',(0.,0.,1.));
#2941 = PCURVE('',#2942,#2947);
#2942 = PLANE('',#2943);
#2943 = AXIS2_PLACEMENT_3D('',#2944,#2945,#2946);
#2944 = CARTESIAN_POINT('',(38.33,59.99,28.6));
#2945 = DIRECTION('',(1.,0.,-0.));
#2946 = DIRECTION('',(0.,0.,1.));
#2947 = DEFINITIONAL_REPRESENTATION('',(#2948),#2952);
#2948 = LINE('',#2949,#2950);
#2949 = CARTESIAN_POINT('',(0.,0.));
#2950 = VECTOR('',#2951,1.);
#2951 = DIRECTION('',(1.,0.));
#2952 = ( GEOMETRIC_REPRESENTATION_CONTEXT(2) 
PARAMETRIC_REPRESENTATION_CONTEXT() REPRESENTATION_CONTEXT('2D SPACE',''
  ) );
#2953 = PCURVE('',#2954,#2959);
#2954 = PLANE('',#2955);
#2955 = AXIS2_PLACEMENT_3D('',#2956,#2957,#2958);
#2956 = CARTESIAN_POINT('',(38.33,59.99,28.6));
#2957 = DIRECTION('',(-0.,1.,0.));
#2958 = DIRECTION('',(0.,0.,1.));
#2959 = DEFINITIONAL_REPRESENTATION('',(#2960),#2964);
#2960 = LINE('',#2961,#2962);
#2961 = CARTESIAN_POINT('',(0.,0.));
#2962 = VECTOR('',#2963,1.);
#2963 = DIRECTION('',(1.,0.));
#2964 = ( GEOMETRIC_REPRESENTATION_CONTEXT(2) 
PARAMETRIC_REPRESENTATION_CONTEXT() REPRESENTATION_CONTEXT('2D SPACE',''
  ) );
#2965 = ORIENTED_EDGE('',*,*,#2966,.T.);
#2966 = EDGE_CURVE('',#2932,#2967,#2969,.T.);
#2967 = VERTEX_POINT('',#2968);
#2968 = CARTESIAN_POINT('',(38.33,60.55,28.6));
#2969 = SURFACE_CURVE('',#2970,(#2974,#2981),.PCURVE_S1.);
#2970 = LINE('',#2971,#2972);
#2971 = CARTESIAN_POINT('',(38.33,59.99,28.6));
#2972 = VECTOR('',#2973,1.);
#2973 = DIRECTION('',(-0.,1.,0.));
#2974 = PCURVE('',#2942,#2975);
#2975 = DEFINITIONAL_REPRESENTATION('',(#2976),#2980);
#2976 = LINE('',#2977,#2978);
#2977 = CARTESIAN_POINT('',(0.,0.));
#2978 = VECTOR('',#2979,1.);
#2979 = DIRECTION('',(0.,-1.));
#2980 = ( GEOMETRIC_REPRESENTATION_CONTEXT(2) 
PARAMETRIC_REPRESENTATION_CONTEXT() REPRESENTATION_CONTEXT('2D SPACE',''
  ) );
#2981 = PCURVE('',#2982,#2987);
#2982 = PLANE('',#2983);
#2983 = AXIS2_PLACEMENT_3D('',#2984,#2985,#2986);
#2984 = CARTESIAN_POINT('',(38.33,59.99,28.6));
#2985 = DIRECTION('',(0.,0.,1.));
#2986 = DIRECTION('',(1.,0.,-0.));
#2987 = DEFINITIONAL_REPRESENTATION('',(#2988),#2992);
#2988 = LINE('',#2989,#2990);
#2989 = CARTESIAN_POINT('',(0.,0.));
#2990 = VECTOR('',#2991,1.);
#2991 = DIRECTION('',(0.,1.));
#2992 = ( GEOMETRIC_REPRESENTATION_CONTEXT(2) 
PARAMETRIC_REPRESENTATION_CONTEXT() REPRESENTATION_CONTEXT('2D SPACE',''
  ) );
#2993 = ORIENTED_EDGE('',*,*,#2994,.T.);
#2994 = EDGE_CURVE('',#2967,#2995,#2997,.T.);
#2995 = VERTEX_POINT('',#2996);
#2996 = CARTESIAN_POINT('',(38.33,60.55,32.1));
#2997 = SURFACE_CURVE('',#2998,(#3002,#3009),.PCURVE_S1.);
#2998 = LINE('',#2999,#3000);
#2999 = CARTESIAN_POINT('',(38.33,60.55,28.6));
#3000 = VECTOR('',#3001,1.);
#3001 = DIRECTION('',(0.,0.,1.));
#3002 = PCURVE('',#2942,#3003);
#3003 = DEFINITIONAL_REPRESENTATION('',(#3004),#3008);
#3004 = LINE('',#3005,#3006);
#3005 = CARTESIAN_POINT('',(0.,-0.56));
#3006 = VECTOR('',#3007,1.);
#3007 = DIRECTION('',(1.,0.));
#3008 = ( GEOMETRIC_REPRESENTATION_CONTEXT(2) 
PARAMETRIC_REPRESENTATION_CONTEXT() REPRESENTATION_CONTEXT('2D SPACE',''
  ) );
#3009 = PCURVE('',#3010,#3015);
#3010 = PLANE('',#3011);
#3011 = AXIS2_PLACEMENT_3D('',#3012,#3013,#3014);
#3012 = CARTESIAN_POINT('',(38.33,60.55,28.6));
#3013 = DIRECTION('',(-0.,1.,0.));
#3014 = DIRECTION('',(0.,0.,1.));
#3015 = DEFINITIONAL_REPRESENTATION('',(#3016),#3020);
#3016 = LINE('',#3017,#3018);
#3017 = CARTESIAN_POINT('',(0.,0.));
#3018 = VECTOR('',#3019,1.);
#3019 = DIRECTION('',(1.,0.));
#3020 = ( GEOMETRIC_REPRESENTATION_CONTEXT(2) 
PARAMETRIC_REPRESENTATION_CONTEXT() REPRESENTATION_CONTEXT('2D SPACE',''
  ) );
#3021 = ORIENTED_EDGE('',*,*,#3022,.F.);
#3022 = EDGE_CURVE('',#2934,#2995,#3023,.T.);
#3023 = SURFACE_CURVE('',#3024,(#3028,#3035),.PCURVE_S1.);
#3024 = LINE('',#3025,#3026);
#3025 = CARTESIAN_POINT('',(38.33,59.99,32.1));
#3026 = VECTOR('',#3027,1.);
#3027 = DIRECTION('',(-0.,1.,0.));
#3028 = PCURVE('',#2942,#3029);
#3029 = DEFINITIONAL_REPRESENTATION('',(#3030),#3034);
#3030 = LINE('',#3031,#3032);
#3031 = CARTESIAN_POINT('',(3.5,0.));
#3032 = VECTOR('',#3033,1.);
#3033 = DIRECTION('',(0.,-1.));
#3034 = ( GEOMETRIC_REPRESENTATION_CONTEXT(2) 
PARAMETRIC_REPRESENTATION_CONTEXT() REPRESENTATION_CONTEXT('2D SPACE',''
  ) );
#3035 = PCURVE('',#3036,#3041);
#3036 = PLANE('',#3037);
#3037 = AXIS2_PLACEMENT_3D('',#3038,#3039,#3040);
#3038 = CARTESIAN_POINT('',(38.33,59.99,32.1));
#3039 = DIRECTION('',(0.,0.,1.));
#3040 = DIRECTION('',(1.,0.,-0.));
#3041 = DEFINITIONAL_REPRESENTATION('',(#3042),#3046);
#3042 = LINE('',#3043,#3044);
#3043 = CARTESIAN_POINT('',(0.,0.));
#3044 = VECTOR('',#3045,1.);
#3045 = DIRECTION('',(0.,1.));
#3046 = ( GEOMETRIC_REPRESENTATION_CONTEXT(2) 
PARAMETRIC_REPRESENTATION_CONTEXT() REPRESENTATION_CONTEXT('2D SPACE',''
  ) );
#3047 = ADVANCED_FACE('',(#3048),#3062,.T.);
#3048 = FACE_BOUND('',#3049,.T.);
#3049 = EDGE_LOOP('',(#3050,#3080,#3103,#3126));
#3050 = ORIENTED_EDGE('',*,*,#3051,.F.);
#3051 = EDGE_CURVE('',#3052,#3054,#3056,.T.);
#3052 = VERTEX_POINT('',#3053);
#3053 = CARTESIAN_POINT('',(38.79,59.99,28.6));
#3054 = VERTEX_POINT('',#3055);
#3055 = CARTESIAN_POINT('',(38.79,59.99,32.1));
#3056 = SURFACE_CURVE('',#3057,(#3061,#3073),.PCURVE_S1.);
#3057 = LINE('',#3058,#3059);
#3058 = CARTESIAN_POINT('',(38.79,59.99,28.6));
#3059 = VECTOR('',#3060,1.);
#3060 = DIRECTION('',(0.,0.,1.));
#3061 = PCURVE('',#3062,#3067);
#3062 = PLANE('',#3063);
#3063 = AXIS2_PLACEMENT_3D('',#3064,#3065,#3066);
#3064 = CARTESIAN_POINT('',(38.79,59.99,28.6));
#3065 = DIRECTION('',(1.,0.,-0.));
#3066 = DIRECTION('',(0.,0.,1.));
#3067 = DEFINITIONAL_REPRESENTATION('',(#3068),#3072);
#3068 = LINE('',#3069,#3070);
#3069 = CARTESIAN_POINT('',(0.,0.));
#3070 = VECTOR('',#3071,1.);
#3071 = DIRECTION('',(1.,0.));
#3072 = ( GEOMETRIC_REPRESENTATION_CONTEXT(2) 
PARAMETRIC_REPRESENTATION_CONTEXT() REPRESENTATION_CONTEXT('2D SPACE',''
  ) );
#3073 = PCURVE('',#2954,#3074);
#3074 = DEFINITIONAL_REPRESENTATION('',(#3075),#3079);
#3075 = LINE('',#3076,#3077);
#3076 = CARTESIAN_POINT('',(0.,0.46));
#3077 = VECTOR('',#3078,1.);
#3078 = DIRECTION('',(1.,0.));
#3079 = ( GEOMETRIC_REPRESENTATION_CONTEXT(2) 
PARAMETRIC_REPRESENTATION_CONTEXT() REPRESENTATION_CONTEXT('2D SPACE',''
  ) );
#3080 = ORIENTED_EDGE('',*,*,#3081,.T.);
#3081 = EDGE_CURVE('',#3052,#3082,#3084,.T.);
#3082 = VERTEX_POINT('',#3083);
#3083 = CARTESIAN_POINT('',(38.79,60.55,28.6));
#3084 = SURFACE_CURVE('',#3085,(#3089,#3096),.PCURVE_S1.);
#3085 = LINE('',#3086,#3087);
#3086 = CARTESIAN_POINT('',(38.79,59.99,28.6));
#3087 = VECTOR('',#3088,1.);
#3088 = DIRECTION('',(-0.,1.,0.));
#3089 = PCURVE('',#3062,#3090);
#3090 = DEFINITIONAL_REPRESENTATION('',(#3091),#3095);
#3091 = LINE('',#3092,#3093);
#3092 = CARTESIAN_POINT('',(0.,0.));
#3093 = VECTOR('',#3094,1.);
#3094 = DIRECTION('',(0.,-1.));
#3095 = ( GEOMETRIC_REPRESENTATION_CONTEXT(2) 
PARAMETRIC_REPRESENTATION_CONTEXT() REPRESENTATION_CONTEXT('2D SPACE',''
  ) );
#3096 = PCURVE('',#2982,#3097);
#3097 = DEFINITIONAL_REPRESENTATION('',(#3098),#3102);
#3098 = LINE('',#3099,#3100);
#3099 = CARTESIAN_POINT('',(0.46,0.));
#3100 = VECTOR('',#3101,1.);
#3101 = DIRECTION('',(0.,1.));
#3102 = ( GEOMETRIC_REPRESENTATION_CONTEXT(2) 
PARAMETRIC_REPRESENTATION_CONTEXT() REPRESENTATION_CONTEXT('2D SPACE',''
  ) );
#3103 = ORIENTED_EDGE('',*,*,#3104,.T.);
#3104 = EDGE_CURVE('',#3082,#3105,#3107,.T.);
#3105 = VERTEX_POINT('',#3106);
#3106 = CARTESIAN_POINT('',(38.79,60.55,32.1));
#3107 = SURFACE_CURVE('',#3108,(#3112,#3119),.PCURVE_S1.);
#3108 = LINE('',#3109,#3110);
#3109 = CARTESIAN_POINT('',(38.79,60.55,28.6));
#3110 = VECTOR('',#3111,1.);
#3111 = DIRECTION('',(0.,0.,1.));
#3112 = PCURVE('',#3062,#3113);
#3113 = DEFINITIONAL_REPRESENTATION('',(#3114),#3118);
#3114 = LINE('',#3115,#3116);
#3115 = CARTESIAN_POINT('',(0.,-0.56));
#3116 = VECTOR('',#3117,1.);
#3117 = DIRECTION('',(1.,0.));
#3118 = ( GEOMETRIC_REPRESENTATION_CONTEXT(2) 
PARAMETRIC_REPRESENTATION_CONTEXT() REPRESENTATION_CONTEXT('2D SPACE',''
  ) );
#3119 = PCURVE('',#3010,#3120);
#3120 = DEFINITIONAL_REPRESENTATION('',(#3121),#3125);
#3121 = LINE('',#3122,#3123);
#3122 = CARTESIAN_POINT('',(0.,0.46));
#3123 = VECTOR('',#3124,1.);
#3124 = DIRECTION('',(1.,0.));
#3125 = ( GEOMETRIC_REPRESENTATION_CONTEXT(2) 
PARAMETRIC_REPRESENTATION_CONTEXT() REPRESENTATION_CONTEXT('2D SPACE',''
  ) );
#3126 = ORIENTED_EDGE('',*,*,#3127,.F.);
#3127 = EDGE_CURVE('',#3054,#3105,#3128,.T.);
#3128 = SURFACE_CURVE('',#3129,(#3133,#3140),.PCURVE_S1.);
#3129 = LINE('',#3130,#3131);
#3130 = CARTESIAN_POINT('',(38.79,59.99,32.1));
#3131 = VECTOR('',#3132,1.);
#3132 = DIRECTION('',(-0.,1.,0.));
#3133 = PCURVE('',#3062,#3134);
#3134 = DEFINITIONAL_REPRESENTATION('',(#3135),#3139);
#3135 = LINE('',#3136,#3137);
#3136 = CARTESIAN_POINT('',(3.5,0.));
#3137 = VECTOR('',#3138,1.);
#3138 = DIRECTION('',(0.,-1.));
#3139 = ( GEOMETRIC_REPRESENTATION_CONTEXT(2) 
PARAMETRIC_REPRESENTATION_CONTEXT() REPRESENTATION_CONTEXT('2D SPACE',''
  ) );
#3140 = PCURVE('',#3036,#3141);
#3141 = DEFINITIONAL_REPRESENTATION('',(#3142),#3146);
#3142 = LINE('',#3143,#3144);
#3143 = CARTESIAN_POINT('',(0.46,0.));
#3144 = VECTOR('',#3145,1.);
#3145 = DIRECTION('',(0.,1.));
#3146 = ( GEOMETRIC_REPRESENTATION_CONTEXT(2) 
PARAMETRIC_REPRESENTATION_CONTEXT() REPRESENTATION_CONTEXT('2D SPACE',''
  ) );
#3147 = ADVANCED_FACE('',(#3148),#2954,.F.);
#3148 = FACE_BOUND('',#3149,.F.);
#3149 = EDGE_LOOP('',(#3150,#3171,#3172,#3193));
#3150 = ORIENTED_EDGE('',*,*,#3151,.F.);
#3151 = EDGE_CURVE('',#2932,#3052,#3152,.T.);
#3152 = SURFACE_CURVE('',#3153,(#3157,#3164),.PCURVE_S1.);
#3153 = LINE('',#3154,#3155);
#3154 = CARTESIAN_POINT('',(38.33,59.99,28.6));
#3155 = VECTOR('',#3156,1.);
#3156 = DIRECTION('',(1.,0.,-0.));
#3157 = PCURVE('',#2954,#3158);
#3158 = DEFINITIONAL_REPRESENTATION('',(#3159),#3163);
#3159 = LINE('',#3160,#3161);
#3160 = CARTESIAN_POINT('',(0.,0.));
#3161 = VECTOR('',#3162,1.);
#3162 = DIRECTION('',(0.,1.));
#3163 = ( GEOMETRIC_REPRESENTATION_CONTEXT(2) 
PARAMETRIC_REPRESENTATION_CONTEXT() REPRESENTATION_CONTEXT('2D SPACE',''
  ) );
#3164 = PCURVE('',#2982,#3165);
#3165 = DEFINITIONAL_REPRESENTATION('',(#3166),#3170);
#3166 = LINE('',#3167,#3168);
#3167 = CARTESIAN_POINT('',(0.,0.));
#3168 = VECTOR('',#3169,1.);
#3169 = DIRECTION('',(1.,0.));
#3170 = ( GEOMETRIC_REPRESENTATION_CONTEXT(2) 
PARAMETRIC_REPRESENTATION_CONTEXT() REPRESENTATION_CONTEXT('2D SPACE',''
  ) );
#3171 = ORIENTED_EDGE('',*,*,#2931,.T.);
#3172 = ORIENTED_EDGE('',*,*,#3173,.T.);
#3173 = EDGE_CURVE('',#2934,#3054,#3174,.T.);
#3174 = SURFACE_CURVE('',#3175,(#3179,#3186),.PCURVE_S1.);
#3175 = LINE('',#3176,#3177);
#3176 = CARTESIAN_POINT('',(38.33,59.99,32.1));
#3177 = VECTOR('',#3178,1.);
#3178 = DIRECTION('',(1.,0.,-0.));
#3179 = PCURVE('',#2954,#3180);
#3180 = DEFINITIONAL_REPRESENTATION('',(#3181),#3185);
#3181 = LINE('',#3182,#3183);
#3182 = CARTESIAN_POINT('',(3.5,0.));
#3183 = VECTOR('',#3184,1.);
#3184 = DIRECTION('',(0.,1.));
#3185 = ( GEOMETRIC_REPRESENTATION_CONTEXT(2) 
PARAMETRIC_REPRESENTATION_CONTEXT() REPRESENTATION_CONTEXT('2D SPACE',''
  ) );
#3186 = PCURVE('',#3036,#3187);
#3187 = DEFINITIONAL_REPRESENTATION('',(#3188),#3192);
#3188 = LINE('',#3189,#3190);
#3189 = CARTESIAN_POINT('',(0.,0.));
#3190 = VECTOR('',#3191,1.);
#3191 = DIRECTION('',(1.,0.));
#3192 = ( GEOMETRIC_REPRESENTATION_CONTEXT(2) 
PARAMETRIC_REPRESENTATION_CONTEXT() REPRESENTATION_CONTEXT('2D SPACE',''
  ) );
#3193 = ORIENTED_EDGE('',*,*,#3051,.F.);
#3194 = ADVANCED_FACE('',(#3195),#3010,.T.);
#3195 = FACE_BOUND('',#3196,.T.);
#3196 = EDGE_LOOP('',(#3197,#3218,#3219,#3240));
#3197 = ORIENTED_EDGE('',*,*,#3198,.F.);
#3198 = EDGE_CURVE('',#2967,#3082,#3199,.T.);
#3199 = SURFACE_CURVE('',#3200,(#3204,#3211),.PCURVE_S1.);
#3200 = LINE('',#3201,#3202);
#3201 = CARTESIAN_POINT('',(38.33,60.55,28.6));
#3202 = VECTOR('',#3203,1.);
#3203 = DIRECTION('',(1.,0.,-0.));
#3204 = PCURVE('',#3010,#3205);
#3205 = DEFINITIONAL_REPRESENTATION('',(#3206),#3210);
#3206 = LINE('',#3207,#3208);
#3207 = CARTESIAN_POINT('',(0.,0.));
#3208 = VECTOR('',#3209,1.);
#3209 = DIRECTION('',(0.,1.));
#3210 = ( GEOMETRIC_REPRESENTATION_CONTEXT(2) 
PARAMETRIC_REPRESENTATION_CONTEXT() REPRESENTATION_CONTEXT('2D SPACE',''
  ) );
#3211 = PCURVE('',#2982,#3212);
#3212 = DEFINITIONAL_REPRESENTATION('',(#3213),#3217);
#3213 = LINE('',#3214,#3215);
#3214 = CARTESIAN_POINT('',(0.,0.56));
#3215 = VECTOR('',#3216,1.);
#3216 = DIRECTION('',(1.,0.));
#3217 = ( GEOMETRIC_REPRESENTATION_CONTEXT(2) 
PARAMETRIC_REPRESENTATION_CONTEXT() REPRESENTATION_CONTEXT('2D SPACE',''
  ) );
#3218 = ORIENTED_EDGE('',*,*,#2994,.T.);
#3219 = ORIENTED_EDGE('',*,*,#3220,.T.);
#3220 = EDGE_CURVE('',#2995,#3105,#3221,.T.);
#3221 = SURFACE_CURVE('',#3222,(#3226,#3233),.PCURVE_S1.);
#3222 = LINE('',#3223,#3224);
#3223 = CARTESIAN_POINT('',(38.33,60.55,32.1));
#3224 = VECTOR('',#3225,1.);
#3225 = DIRECTION('',(1.,0.,-0.));
#3226 = PCURVE('',#3010,#3227);
#3227 = DEFINITIONAL_REPRESENTATION('',(#3228),#3232);
#3228 = LINE('',#3229,#3230);
#3229 = CARTESIAN_POINT('',(3.5,0.));
#3230 = VECTOR('',#3231,1.);
#3231 = DIRECTION('',(0.,1.));
#3232 = ( GEOMETRIC_REPRESENTATION_CONTEXT(2) 
PARAMETRIC_REPRESENTATION_CONTEXT() REPRESENTATION_CONTEXT('2D SPACE',''
  ) );
#3233 = PCURVE('',#3036,#3234);
#3234 = DEFINITIONAL_REPRESENTATION('',(#3235),#3239);
#3235 = LINE('',#3236,#3237);
#3236 = CARTESIAN_POINT('',(0.,0.56));
#3237 = VECTOR('',#3238,1.);
#3238 = DIRECTION('',(1.,0.));
#3239 = ( GEOMETRIC_REPRESENTATION_CONTEXT(2) 
PARAMETRIC_REPRESENTATION_CONTEXT() REPRESENTATION_CONTEXT('2D SPACE',''
  ) );
#3240 = ORIENTED_EDGE('',*,*,#3104,.F.);
#3241 = ADVANCED_FACE('',(#3242),#2982,.F.);
#3242 = FACE_BOUND('',#3243,.F.);
#3243 = EDGE_LOOP('',(#3244,#3245,#3246,#3247));
#3244 = ORIENTED_EDGE('',*,*,#2966,.F.);
#3245 = ORIENTED_EDGE('',*,*,#3151,.T.);
#3246 = ORIENTED_EDGE('',*,*,#3081,.T.);
#3247 = ORIENTED_EDGE('',*,*,#3198,.F.);
#3248 = ADVANCED_FACE('',(#3249),#3036,.T.);
#3249 = FACE_BOUND('',#3250,.T.);
#3250 = EDGE_LOOP('',(#3251,#3252,#3253,#3254));
#3251 = ORIENTED_EDGE('',*,*,#3022,.F.);
#3252 = ORIENTED_EDGE('',*,*,#3173,.T.);
#3253 = ORIENTED_EDGE('',*,*,#3127,.T.);
#3254 = ORIENTED_EDGE('',*,*,#3220,.F.);
#3255 = ( GEOMETRIC_REPRESENTATION_CONTEXT(3) 
GLOBAL_UNCERTAINTY_ASSIGNED_CONTEXT((#3259)) 
GLOBAL_UNIT_ASSIGNED_CONTEXT((#3256,#3257,#3258)) REPRESENTATION_CONTEXT
('Context #1','3D Context with UNIT and UNCERTAINTY') );
#3256 = ( LENGTH_UNIT() NAMED_UNIT(*) SI_UNIT(.MILLI.,.METRE.) );
#3257 = ( NAMED_UNIT(*) PLANE_ANGLE_UNIT() SI_UNIT($,.RADIAN.) );
#3258 = ( NAMED_UNIT(*) SI_UNIT($,.STERADIAN.) SOLID_ANGLE_UNIT() );
#3259 = UNCERTAINTY_MEASURE_WITH_UNIT(LENGTH_MEASURE(1.E-07),#3256,
  'distance_accuracy_value','confusion accuracy');
#3260 = CONTEXT_DEPENDENT_SHAPE_REPRESENTATION(#3261,#3263);
#3261 = ( REPRESENTATION_RELATIONSHIP('','',#2924,#10) 
REPRESENTATION_RELATIONSHIP_WITH_TRANSFORMATION(#3262) 
SHAPE_REPRESENTATION_RELATIONSHIP() );
#3262 = ITEM_DEFINED_TRANSFORMATION('','',#11,#31);
#3263 = PRODUCT_DEFINITION_SHAPE('Placement','Placement of an item',
  #3264);
#3264 = NEXT_ASSEMBLY_USAGE_OCCURRENCE('5','','',#5,#2919,$);
#3265 = PRODUCT_RELATED_PRODUCT_CATEGORY('part',$,(#2921));
#3266 = SHAPE_DEFINITION_REPRESENTATION(#3267,#3273);
#3267 = PRODUCT_DEFINITION_SHAPE('','',#3268);
#3268 = PRODUCT_DEFINITION('design','',#3269,#3272);
#3269 = PRODUCT_DEFINITION_FORMATION('','',#3270);
#3270 = PRODUCT('Open CASCADE STEP translator 7.8 1.6',
  'Open CASCADE STEP translator 7.8 1.6','',(#3271));
#3271 = PRODUCT_CONTEXT('',#2,'mechanical');
#3272 = PRODUCT_DEFINITION_CONTEXT('part definition',#2,'design');
#3273 = ADVANCED_BREP_SHAPE_REPRESENTATION('',(#11,#3274),#3604);
#3274 = MANIFOLD_SOLID_BREP('',#3275);
#3275 = CLOSED_SHELL('',(#3276,#3396,#3496,#3543,#3590,#3597));
#3276 = ADVANCED_FACE('',(#3277),#3291,.F.);
#3277 = FACE_BOUND('',#3278,.F.);
#3278 = EDGE_LOOP('',(#3279,#3314,#3342,#3370));
#3279 = ORIENTED_EDGE('',*,*,#3280,.F.);
#3280 = EDGE_CURVE('',#3281,#3283,#3285,.T.);
#3281 = VERTEX_POINT('',#3282);
#3282 = CARTESIAN_POINT('',(38.33,62.53,28.6));
#3283 = VERTEX_POINT('',#3284);
#3284 = CARTESIAN_POINT('',(38.33,62.53,32.1));
#3285 = SURFACE_CURVE('',#3286,(#3290,#3302),.PCURVE_S1.);
#3286 = LINE('',#3287,#3288);
#3287 = CARTESIAN_POINT('',(38.33,62.53,28.6));
#3288 = VECTOR('',#3289,1.);
#3289 = DIRECTION('',(0.,0.,1.));
#3290 = PCURVE('',#3291,#3296);
#3291 = PLANE('',#3292);
#3292 = AXIS2_PLACEMENT_3D('',#3293,#3294,#3295);
#3293 = CARTESIAN_POINT('',(38.33,62.53,28.6));
#3294 = DIRECTION('',(1.,0.,-0.));
#3295 = DIRECTION('',(0.,0.,1.));
#3296 = DEFINITIONAL_REPRESENTATION('',(#3297),#3301);
#3297 = LINE('',#3298,#3299);
#3298 = CARTESIAN_POINT('',(0.,0.));
#3299 = VECTOR('',#3300,1.);
#3300 = DIRECTION('',(1.,0.));
#3301 = ( GEOMETRIC_REPRESENTATION_CONTEXT(2) 
PARAMETRIC_REPRESENTATION_CONTEXT() REPRESENTATION_CONTEXT('2D SPACE',''
  ) );
#3302 = PCURVE('',#3303,#3308);
#3303 = PLANE('',#3304);
#3304 = AXIS2_PLACEMENT_3D('',#3305,#3306,#3307);
#3305 = CARTESIAN_POINT('',(38.33,62.53,28.6));
#3306 = DIRECTION('',(-0.,1.,0.));
#3307 = DIRECTION('',(0.,0.,1.));
#3308 = DEFINITIONAL_REPRESENTATION('',(#3309),#3313);
#3309 = LINE('',#3310,#3311);
#3310 = CARTESIAN_POINT('',(0.,0.));
#3311 = VECTOR('',#3312,1.);
#3312 = DIRECTION('',(1.,0.));
#3313 = ( GEOMETRIC_REPRESENTATION_CONTEXT(2) 
PARAMETRIC_REPRESENTATION_CONTEXT() REPRESENTATION_CONTEXT('2D SPACE',''
  ) );
#3314 = ORIENTED_EDGE('',*,*,#3315,.T.);
#3315 = EDGE_CURVE('',#3281,#3316,#3318,.T.);
#3316 = VERTEX_POINT('',#3317);
#3317 = CARTESIAN_POINT('',(38.33,63.09,28.6));
#3318 = SURFACE_CURVE('',#3319,(#3323,#3330),.PCURVE_S1.);
#3319 = LINE('',#3320,#3321);
#3320 = CARTESIAN_POINT('',(38.33,62.53,28.6));
#3321 = VECTOR('',#3322,1.);
#3322 = DIRECTION('',(-0.,1.,0.));
#3323 = PCURVE('',#3291,#3324);
#3324 = DEFINITIONAL_REPRESENTATION('',(#3325),#3329);
#3325 = LINE('',#3326,#3327);
#3326 = CARTESIAN_POINT('',(0.,0.));
#3327 = VECTOR('',#3328,1.);
#3328 = DIRECTION('',(0.,-1.));
#3329 = ( GEOMETRIC_REPRESENTATION_CONTEXT(2) 
PARAMETRIC_REPRESENTATION_CONTEXT() REPRESENTATION_CONTEXT('2D SPACE',''
  ) );
#3330 = PCURVE('',#3331,#3336);
#3331 = PLANE('',#3332);
#3332 = AXIS2_PLACEMENT_3D('',#3333,#3334,#3335);
#3333 = CARTESIAN_POINT('',(38.33,62.53,28.6));
#3334 = DIRECTION('',(0.,0.,1.));
#3335 = DIRECTION('',(1.,0.,-0.));
#3336 = DEFINITIONAL_REPRESENTATION('',(#3337),#3341);
#3337 = LINE('',#3338,#3339);
#3338 = CARTESIAN_POINT('',(0.,0.));
#3339 = VECTOR('',#3340,1.);
#3340 = DIRECTION('',(0.,1.));
#3341 = ( GEOMETRIC_REPRESENTATION_CONTEXT(2) 
PARAMETRIC_REPRESENTATION_CONTEXT() REPRESENTATION_CONTEXT('2D SPACE',''
  ) );
#3342 = ORIENTED_EDGE('',*,*,#3343,.T.);
#3343 = EDGE_CURVE('',#3316,#3344,#3346,.T.);
#3344 = VERTEX_POINT('',#3345);
#3345 = CARTESIAN_POINT('',(38.33,63.09,32.1));
#3346 = SURFACE_CURVE('',#3347,(#3351,#3358),.PCURVE_S1.);
#3347 = LINE('',#3348,#3349);
#3348 = CARTESIAN_POINT('',(38.33,63.09,28.6));
#3349 = VECTOR('',#3350,1.);
#3350 = DIRECTION('',(0.,0.,1.));
#3351 = PCURVE('',#3291,#3352);
#3352 = DEFINITIONAL_REPRESENTATION('',(#3353),#3357);
#3353 = LINE('',#3354,#3355);
#3354 = CARTESIAN_POINT('',(0.,-0.56));
#3355 = VECTOR('',#3356,1.);
#3356 = DIRECTION('',(1.,0.));
#3357 = ( GEOMETRIC_REPRESENTATION_CONTEXT(2) 
PARAMETRIC_REPRESENTATION_CONTEXT() REPRESENTATION_CONTEXT('2D SPACE',''
  ) );
#3358 = PCURVE('',#3359,#3364);
#3359 = PLANE('',#3360);
#3360 = AXIS2_PLACEMENT_3D('',#3361,#3362,#3363);
#3361 = CARTESIAN_POINT('',(38.33,63.09,28.6));
#3362 = DIRECTION('',(-0.,1.,0.));
#3363 = DIRECTION('',(0.,0.,1.));
#3364 = DEFINITIONAL_REPRESENTATION('',(#3365),#3369);
#3365 = LINE('',#3366,#3367);
#3366 = CARTESIAN_POINT('',(0.,0.));
#3367 = VECTOR('',#3368,1.);
#3368 = DIRECTION('',(1.,0.));
#3369 = ( GEOMETRIC_REPRESENTATION_CONTEXT(2) 
PARAMETRIC_REPRESENTATION_CONTEXT() REPRESENTATION_CONTEXT('2D SPACE',''
  ) );
#3370 = ORIENTED_EDGE('',*,*,#3371,.F.);
#3371 = EDGE_CURVE('',#3283,#3344,#3372,.T.);
#3372 = SURFACE_CURVE('',#3373,(#3377,#3384),.PCURVE_S1.);
#3373 = LINE('',#3374,#3375);
#3374 = CARTESIAN_POINT('',(38.33,62.53,32.1));
#3375 = VECTOR('',#3376,1.);
#3376 = DIRECTION('',(-0.,1.,0.));
#3377 = PCURVE('',#3291,#3378);
#3378 = DEFINITIONAL_REPRESENTATION('',(#3379),#3383);
#3379 = LINE('',#3380,#3381);
#3380 = CARTESIAN_POINT('',(3.5,0.));
#3381 = VECTOR('',#3382,1.);
#3382 = DIRECTION('',(0.,-1.));
#3383 = ( GEOMETRIC_REPRESENTATION_CONTEXT(2) 
PARAMETRIC_REPRESENTATION_CONTEXT() REPRESENTATION_CONTEXT('2D SPACE',''
  ) );
#3384 = PCURVE('',#3385,#3390);
#3385 = PLANE('',#3386);
#3386 = AXIS2_PLACEMENT_3D('',#3387,#3388,#3389);
#3387 = CARTESIAN_POINT('',(38.33,62.53,32.1));
#3388 = DIRECTION('',(0.,0.,1.));
#3389 = DIRECTION('',(1.,0.,-0.));
#3390 = DEFINITIONAL_REPRESENTATION('',(#3391),#3395);
#3391 = LINE('',#3392,#3393);
#3392 = CARTESIAN_POINT('',(0.,0.));
#3393 = VECTOR('',#3394,1.);
#3394 = DIRECTION('',(0.,1.));
#3395 = ( GEOMETRIC_REPRESENTATION_CONTEXT(2) 
PARAMETRIC_REPRESENTATION_CONTEXT() REPRESENTATION_CONTEXT('2D SPACE',''
  ) );
#3396 = ADVANCED_FACE('',(#3397),#3411,.T.);
#3397 = FACE_BOUND('',#3398,.T.);
#3398 = EDGE_LOOP('',(#3399,#3429,#3452,#3475));
#3399 = ORIENTED_EDGE('',*,*,#3400,.F.);
#3400 = EDGE_CURVE('',#3401,#3403,#3405,.T.);
#3401 = VERTEX_POINT('',#3402);
#3402 = CARTESIAN_POINT('',(38.79,62.53,28.6));
#3403 = VERTEX_POINT('',#3404);
#3404 = CARTESIAN_POINT('',(38.79,62.53,32.1));
#3405 = SURFACE_CURVE('',#3406,(#3410,#3422),.PCURVE_S1.);
#3406 = LINE('',#3407,#3408);
#3407 = CARTESIAN_POINT('',(38.79,62.53,28.6));
#3408 = VECTOR('',#3409,1.);
#3409 = DIRECTION('',(0.,0.,1.));
#3410 = PCURVE('',#3411,#3416);
#3411 = PLANE('',#3412);
#3412 = AXIS2_PLACEMENT_3D('',#3413,#3414,#3415);
#3413 = CARTESIAN_POINT('',(38.79,62.53,28.6));
#3414 = DIRECTION('',(1.,0.,-0.));
#3415 = DIRECTION('',(0.,0.,1.));
#3416 = DEFINITIONAL_REPRESENTATION('',(#3417),#3421);
#3417 = LINE('',#3418,#3419);
#3418 = CARTESIAN_POINT('',(0.,0.));
#3419 = VECTOR('',#3420,1.);
#3420 = DIRECTION('',(1.,0.));
#3421 = ( GEOMETRIC_REPRESENTATION_CONTEXT(2) 
PARAMETRIC_REPRESENTATION_CONTEXT() REPRESENTATION_CONTEXT('2D SPACE',''
  ) );
#3422 = PCURVE('',#3303,#3423);
#3423 = DEFINITIONAL_REPRESENTATION('',(#3424),#3428);
#3424 = LINE('',#3425,#3426);
#3425 = CARTESIAN_POINT('',(0.,0.46));
#3426 = VECTOR('',#3427,1.);
#3427 = DIRECTION('',(1.,0.));
#3428 = ( GEOMETRIC_REPRESENTATION_CONTEXT(2) 
PARAMETRIC_REPRESENTATION_CONTEXT() REPRESENTATION_CONTEXT('2D SPACE',''
  ) );
#3429 = ORIENTED_EDGE('',*,*,#3430,.T.);
#3430 = EDGE_CURVE('',#3401,#3431,#3433,.T.);
#3431 = VERTEX_POINT('',#3432);
#3432 = CARTESIAN_POINT('',(38.79,63.09,28.6));
#3433 = SURFACE_CURVE('',#3434,(#3438,#3445),.PCURVE_S1.);
#3434 = LINE('',#3435,#3436);
#3435 = CARTESIAN_POINT('',(38.79,62.53,28.6));
#3436 = VECTOR('',#3437,1.);
#3437 = DIRECTION('',(-0.,1.,0.));
#3438 = PCURVE('',#3411,#3439);
#3439 = DEFINITIONAL_REPRESENTATION('',(#3440),#3444);
#3440 = LINE('',#3441,#3442);
#3441 = CARTESIAN_POINT('',(0.,0.));
#3442 = VECTOR('',#3443,1.);
#3443 = DIRECTION('',(0.,-1.));
#3444 = ( GEOMETRIC_REPRESENTATION_CONTEXT(2) 
PARAMETRIC_REPRESENTATION_CONTEXT() REPRESENTATION_CONTEXT('2D SPACE',''
  ) );
#3445 = PCURVE('',#3331,#3446);
#3446 = DEFINITIONAL_REPRESENTATION('',(#3447),#3451);
#3447 = LINE('',#3448,#3449);
#3448 = CARTESIAN_POINT('',(0.46,0.));
#3449 = VECTOR('',#3450,1.);
#3450 = DIRECTION('',(0.,1.));
#3451 = ( GEOMETRIC_REPRESENTATION_CONTEXT(2) 
PARAMETRIC_REPRESENTATION_CONTEXT() REPRESENTATION_CONTEXT('2D SPACE',''
  ) );
#3452 = ORIENTED_EDGE('',*,*,#3453,.T.);
#3453 = EDGE_CURVE('',#3431,#3454,#3456,.T.);
#3454 = VERTEX_POINT('',#3455);
#3455 = CARTESIAN_POINT('',(38.79,63.09,32.1));
#3456 = SURFACE_CURVE('',#3457,(#3461,#3468),.PCURVE_S1.);
#3457 = LINE('',#3458,#3459);
#3458 = CARTESIAN_POINT('',(38.79,63.09,28.6));
#3459 = VECTOR('',#3460,1.);
#3460 = DIRECTION('',(0.,0.,1.));
#3461 = PCURVE('',#3411,#3462);
#3462 = DEFINITIONAL_REPRESENTATION('',(#3463),#3467);
#3463 = LINE('',#3464,#3465);
#3464 = CARTESIAN_POINT('',(0.,-0.56));
#3465 = VECTOR('',#3466,1.);
#3466 = DIRECTION('',(1.,0.));
#3467 = ( GEOMETRIC_REPRESENTATION_CONTEXT(2) 
PARAMETRIC_REPRESENTATION_CONTEXT() REPRESENTATION_CONTEXT('2D SPACE',''
  ) );
#3468 = PCURVE('',#3359,#3469);
#3469 = DEFINITIONAL_REPRESENTATION('',(#3470),#3474);
#3470 = LINE('',#3471,#3472);
#3471 = CARTESIAN_POINT('',(0.,0.46));
#3472 = VECTOR('',#3473,1.);
#3473 = DIRECTION('',(1.,0.));
#3474 = ( GEOMETRIC_REPRESENTATION_CONTEXT(2) 
PARAMETRIC_REPRESENTATION_CONTEXT() REPRESENTATION_CONTEXT('2D SPACE',''
  ) );
#3475 = ORIENTED_EDGE('',*,*,#3476,.F.);
#3476 = EDGE_CURVE('',#3403,#3454,#3477,.T.);
#3477 = SURFACE_CURVE('',#3478,(#3482,#3489),.PCURVE_S1.);
#3478 = LINE('',#3479,#3480);
#3479 = CARTESIAN_POINT('',(38.79,62.53,32.1));
#3480 = VECTOR('',#3481,1.);
#3481 = DIRECTION('',(-0.,1.,0.));
#3482 = PCURVE('',#3411,#3483);
#3483 = DEFINITIONAL_REPRESENTATION('',(#3484),#3488);
#3484 = LINE('',#3485,#3486);
#3485 = CARTESIAN_POINT('',(3.5,0.));
#3486 = VECTOR('',#3487,1.);
#3487 = DIRECTION('',(0.,-1.));
#3488 = ( GEOMETRIC_REPRESENTATION_CONTEXT(2) 
PARAMETRIC_REPRESENTATION_CONTEXT() REPRESENTATION_CONTEXT('2D SPACE',''
  ) );
#3489 = PCURVE('',#3385,#3490);
#3490 = DEFINITIONAL_REPRESENTATION('',(#3491),#3495);
#3491 = LINE('',#3492,#3493);
#3492 = CARTESIAN_POINT('',(0.46,0.));
#3493 = VECTOR('',#3494,1.);
#3494 = DIRECTION('',(0.,1.));
#3495 = ( GEOMETRIC_REPRESENTATION_CONTEXT(2) 
PARAMETRIC_REPRESENTATION_CONTEXT() REPRESENTATION_CONTEXT('2D SPACE',''
  ) );
#3496 = ADVANCED_FACE('',(#3497),#3303,.F.);
#3497 = FACE_BOUND('',#3498,.F.);
#3498 = EDGE_LOOP('',(#3499,#3520,#3521,#3542));
#3499 = ORIENTED_EDGE('',*,*,#3500,.F.);
#3500 = EDGE_CURVE('',#3281,#3401,#3501,.T.);
#3501 = SURFACE_CURVE('',#3502,(#3506,#3513),.PCURVE_S1.);
#3502 = LINE('',#3503,#3504);
#3503 = CARTESIAN_POINT('',(38.33,62.53,28.6));
#3504 = VECTOR('',#3505,1.);
#3505 = DIRECTION('',(1.,0.,-0.));
#3506 = PCURVE('',#3303,#3507);
#3507 = DEFINITIONAL_REPRESENTATION('',(#3508),#3512);
#3508 = LINE('',#3509,#3510);
#3509 = CARTESIAN_POINT('',(0.,0.));
#3510 = VECTOR('',#3511,1.);
#3511 = DIRECTION('',(0.,1.));
#3512 = ( GEOMETRIC_REPRESENTATION_CONTEXT(2) 
PARAMETRIC_REPRESENTATION_CONTEXT() REPRESENTATION_CONTEXT('2D SPACE',''
  ) );
#3513 = PCURVE('',#3331,#3514);
#3514 = DEFINITIONAL_REPRESENTATION('',(#3515),#3519);
#3515 = LINE('',#3516,#3517);
#3516 = CARTESIAN_POINT('',(0.,0.));
#3517 = VECTOR('',#3518,1.);
#3518 = DIRECTION('',(1.,0.));
#3519 = ( GEOMETRIC_REPRESENTATION_CONTEXT(2) 
PARAMETRIC_REPRESENTATION_CONTEXT() REPRESENTATION_CONTEXT('2D SPACE',''
  ) );
#3520 = ORIENTED_EDGE('',*,*,#3280,.T.);
#3521 = ORIENTED_EDGE('',*,*,#3522,.T.);
#3522 = EDGE_CURVE('',#3283,#3403,#3523,.T.);
#3523 = SURFACE_CURVE('',#3524,(#3528,#3535),.PCURVE_S1.);
#3524 = LINE('',#3525,#3526);
#3525 = CARTESIAN_POINT('',(38.33,62.53,32.1));
#3526 = VECTOR('',#3527,1.);
#3527 = DIRECTION('',(1.,0.,-0.));
#3528 = PCURVE('',#3303,#3529);
#3529 = DEFINITIONAL_REPRESENTATION('',(#3530),#3534);
#3530 = LINE('',#3531,#3532);
#3531 = CARTESIAN_POINT('',(3.5,0.));
#3532 = VECTOR('',#3533,1.);
#3533 = DIRECTION('',(0.,1.));
#3534 = ( GEOMETRIC_REPRESENTATION_CONTEXT(2) 
PARAMETRIC_REPRESENTATION_CONTEXT() REPRESENTATION_CONTEXT('2D SPACE',''
  ) );
#3535 = PCURVE('',#3385,#3536);
#3536 = DEFINITIONAL_REPRESENTATION('',(#3537),#3541);
#3537 = LINE('',#3538,#3539);
#3538 = CARTESIAN_POINT('',(0.,0.));
#3539 = VECTOR('',#3540,1.);
#3540 = DIRECTION('',(1.,0.));
#3541 = ( GEOMETRIC_REPRESENTATION_CONTEXT(2) 
PARAMETRIC_REPRESENTATION_CONTEXT() REPRESENTATION_CONTEXT('2D SPACE',''
  ) );
#3542 = ORIENTED_EDGE('',*,*,#3400,.F.);
#3543 = ADVANCED_FACE('',(#3544),#3359,.T.);
#3544 = FACE_BOUND('',#3545,.T.);
#3545 = EDGE_LOOP('',(#3546,#3567,#3568,#3589));
#3546 = ORIENTED_EDGE('',*,*,#3547,.F.);
#3547 = EDGE_CURVE('',#3316,#3431,#3548,.T.);
#3548 = SURFACE_CURVE('',#3549,(#3553,#3560),.PCURVE_S1.);
#3549 = LINE('',#3550,#3551);
#3550 = CARTESIAN_POINT('',(38.33,63.09,28.6));
#3551 = VECTOR('',#3552,1.);
#3552 = DIRECTION('',(1.,0.,-0.));
#3553 = PCURVE('',#3359,#3554);
#3554 = DEFINITIONAL_REPRESENTATION('',(#3555),#3559);
#3555 = LINE('',#3556,#3557);
#3556 = CARTESIAN_POINT('',(0.,0.));
#3557 = VECTOR('',#3558,1.);
#3558 = DIRECTION('',(0.,1.));
#3559 = ( GEOMETRIC_REPRESENTATION_CONTEXT(2) 
PARAMETRIC_REPRESENTATION_CONTEXT() REPRESENTATION_CONTEXT('2D SPACE',''
  ) );
#3560 = PCURVE('',#3331,#3561);
#3561 = DEFINITIONAL_REPRESENTATION('',(#3562),#3566);
#3562 = LINE('',#3563,#3564);
#3563 = CARTESIAN_POINT('',(0.,0.56));
#3564 = VECTOR('',#3565,1.);
#3565 = DIRECTION('',(1.,0.));
#3566 = ( GEOMETRIC_REPRESENTATION_CONTEXT(2) 
PARAMETRIC_REPRESENTATION_CONTEXT() REPRESENTATION_CONTEXT('2D SPACE',''
  ) );
#3567 = ORIENTED_EDGE('',*,*,#3343,.T.);
#3568 = ORIENTED_EDGE('',*,*,#3569,.T.);
#3569 = EDGE_CURVE('',#3344,#3454,#3570,.T.);
#3570 = SURFACE_CURVE('',#3571,(#3575,#3582),.PCURVE_S1.);
#3571 = LINE('',#3572,#3573);
#3572 = CARTESIAN_POINT('',(38.33,63.09,32.1));
#3573 = VECTOR('',#3574,1.);
#3574 = DIRECTION('',(1.,0.,-0.));
#3575 = PCURVE('',#3359,#3576);
#3576 = DEFINITIONAL_REPRESENTATION('',(#3577),#3581);
#3577 = LINE('',#3578,#3579);
#3578 = CARTESIAN_POINT('',(3.5,0.));
#3579 = VECTOR('',#3580,1.);
#3580 = DIRECTION('',(0.,1.));
#3581 = ( GEOMETRIC_REPRESENTATION_CONTEXT(2) 
PARAMETRIC_REPRESENTATION_CONTEXT() REPRESENTATION_CONTEXT('2D SPACE',''
  ) );
#3582 = PCURVE('',#3385,#3583);
#3583 = DEFINITIONAL_REPRESENTATION('',(#3584),#3588);
#3584 = LINE('',#3585,#3586);
#3585 = CARTESIAN_POINT('',(0.,0.56));
#3586 = VECTOR('',#3587,1.);
#3587 = DIRECTION('',(1.,0.));
#3588 = ( GEOMETRIC_REPRESENTATION_CONTEXT(2) 
PARAMETRIC_REPRESENTATION_CONTEXT() REPRESENTATION_CONTEXT('2D SPACE',''
  ) );
#3589 = ORIENTED_EDGE('',*,*,#3453,.F.);
#3590 = ADVANCED_FACE('',(#3591),#3331,.F.);
#3591 = FACE_BOUND('',#3592,.F.);
#3592 = EDGE_LOOP('',(#3593,#3594,#3595,#3596));
#3593 = ORIENTED_EDGE('',*,*,#3315,.F.);
#3594 = ORIENTED_EDGE('',*,*,#3500,.T.);
#3595 = ORIENTED_EDGE('',*,*,#3430,.T.);
#3596 = ORIENTED_EDGE('',*,*,#3547,.F.);
#3597 = ADVANCED_FACE('',(#3598),#3385,.T.);
#3598 = FACE_BOUND('',#3599,.T.);
#3599 = EDGE_LOOP('',(#3600,#3601,#3602,#3603));
#3600 = ORIENTED_EDGE('',*,*,#3371,.F.);
#3601 = ORIENTED_EDGE('',*,*,#3522,.T.);
#3602 = ORIENTED_EDGE('',*,*,#3476,.T.);
#3603 = ORIENTED_EDGE('',*,*,#3569,.F.);
#3604 = ( GEOMETRIC_REPRESENTATION_CONTEXT(3) 
GLOBAL_UNCERTAINTY_ASSIGNED_CONTEXT((#3608)) 
GLOBAL_UNIT_ASSIGNED_CONTEXT((#3605,#3606,#3607)) REPRESENTATION_CONTEXT
('Context #1','3D Context with UNIT and UNCERTAINTY') );
#3605 = ( LENGTH_UNIT() NAMED_UNIT(*) SI_UNIT(.MILLI.,.METRE.) );
#3606 = ( NAMED_UNIT(*) PLANE_ANGLE_UNIT() SI_UNIT($,.RADIAN.) );
#3607 = ( NAMED_UNIT(*) SI_UNIT($,.STERADIAN.) SOLID_ANGLE_UNIT() );
#3608 = UNCERTAINTY_MEASURE_WITH_UNIT(LENGTH_MEASURE(1.E-07),#3605,
  'distance_accuracy_value','confusion accuracy');
#3609 = CONTEXT_DEPENDENT_SHAPE_REPRESENTATION(#3610,#3612);
#3610 = ( REPRESENTATION_RELATIONSHIP('','',#3273,#10) 
REPRESENTATION_RELATIONSHIP_WITH_TRANSFORMATION(#3611) 
SHAPE_REPRESENTATION_RELATIONSHIP() );
#3611 = ITEM_DEFINED_TRANSFORMATION('','',#11,#35);
#3612 = PRODUCT_DEFINITION_SHAPE('Placement','Placement of an item',
  #3613);
#3613 = NEXT_ASSEMBLY_USAGE_OCCURRENCE('6','','',#5,#3268,$);
#3614 = PRODUCT_RELATED_PRODUCT_CATEGORY('part',$,(#3270));
#3615 = SHAPE_DEFINITION_REPRESENTATION(#3616,#3622);
#3616 = PRODUCT_DEFINITION_SHAPE('','',#3617);
#3617 = PRODUCT_DEFINITION('design','',#3618,#3621);
#3618 = PRODUCT_DEFINITION_FORMATION('','',#3619);
#3619 = PRODUCT('Open CASCADE STEP translator 7.8 1.7',
  'Open CASCADE STEP translator 7.8 1.7','',(#3620));
#3620 = PRODUCT_CONTEXT('',#2,'mechanical');
#3621 = PRODUCT_DEFINITION_CONTEXT('part definition',#2,'design');
#3622 = ADVANCED_BREP_SHAPE_REPRESENTATION('',(#11,#3623),#3953);
#3623 = MANIFOLD_SOLID_BREP('',#3624);
#3624 = CLOSED_SHELL('',(#3625,#3745,#3845,#3892,#3939,#3946));
#3625 = ADVANCED_FACE('',(#3626),#3640,.F.);
#3626 = FACE_BOUND('',#3627,.F.);
#3627 = EDGE_LOOP('',(#3628,#3663,#3691,#3719));
#3628 = ORIENTED_EDGE('',*,*,#3629,.F.);
#3629 = EDGE_CURVE('',#3630,#3632,#3634,.T.);
#3630 = VERTEX_POINT('',#3631);
#3631 = CARTESIAN_POINT('',(30.71,62.53,28.6));
#3632 = VERTEX_POINT('',#3633);
#3633 = CARTESIAN_POINT('',(30.71,62.53,32.1));
#3634 = SURFACE_CURVE('',#3635,(#3639,#3651),.PCURVE_S1.);
#3635 = LINE('',#3636,#3637);
#3636 = CARTESIAN_POINT('',(30.71,62.53,28.6));
#3637 = VECTOR('',#3638,1.);
#3638 = DIRECTION('',(0.,0.,1.));
#3639 = PCURVE('',#3640,#3645);
#3640 = PLANE('',#3641);
#3641 = AXIS2_PLACEMENT_3D('',#3642,#3643,#3644);
#3642 = CARTESIAN_POINT('',(30.71,62.53,28.6));
#3643 = DIRECTION('',(1.,0.,-0.));
#3644 = DIRECTION('',(0.,0.,1.));
#3645 = DEFINITIONAL_REPRESENTATION('',(#3646),#3650);
#3646 = LINE('',#3647,#3648);
#3647 = CARTESIAN_POINT('',(0.,0.));
#3648 = VECTOR('',#3649,1.);
#3649 = DIRECTION('',(1.,0.));
#3650 = ( GEOMETRIC_REPRESENTATION_CONTEXT(2) 
PARAMETRIC_REPRESENTATION_CONTEXT() REPRESENTATION_CONTEXT('2D SPACE',''
  ) );
#3651 = PCURVE('',#3652,#3657);
#3652 = PLANE('',#3653);
#3653 = AXIS2_PLACEMENT_3D('',#3654,#3655,#3656);
#3654 = CARTESIAN_POINT('',(30.71,62.53,28.6));
#3655 = DIRECTION('',(-0.,1.,0.));
#3656 = DIRECTION('',(0.,0.,1.));
#3657 = DEFINITIONAL_REPRESENTATION('',(#3658),#3662);
#3658 = LINE('',#3659,#3660);
#3659 = CARTESIAN_POINT('',(0.,0.));
#3660 = VECTOR('',#3661,1.);
#3661 = DIRECTION('',(1.,0.));
#3662 = ( GEOMETRIC_REPRESENTATION_CONTEXT(2) 
PARAMETRIC_REPRESENTATION_CONTEXT() REPRESENTATION_CONTEXT('2D SPACE',''
  ) );
#3663 = ORIENTED_EDGE('',*,*,#3664,.T.);
#3664 = EDGE_CURVE('',#3630,#3665,#3667,.T.);
#3665 = VERTEX_POINT('',#3666);
#3666 = CARTESIAN_POINT('',(30.71,63.09,28.6));
#3667 = SURFACE_CURVE('',#3668,(#3672,#3679),.PCURVE_S1.);
#3668 = LINE('',#3669,#3670);
#3669 = CARTESIAN_POINT('',(30.71,62.53,28.6));
#3670 = VECTOR('',#3671,1.);
#3671 = DIRECTION('',(-0.,1.,0.));
#3672 = PCURVE('',#3640,#3673);
#3673 = DEFINITIONAL_REPRESENTATION('',(#3674),#3678);
#3674 = LINE('',#3675,#3676);
#3675 = CARTESIAN_POINT('',(0.,0.));
#3676 = VECTOR('',#3677,1.);
#3677 = DIRECTION('',(0.,-1.));
#3678 = ( GEOMETRIC_REPRESENTATION_CONTEXT(2) 
PARAMETRIC_REPRESENTATION_CONTEXT() REPRESENTATION_CONTEXT('2D SPACE',''
  ) );
#3679 = PCURVE('',#3680,#3685);
#3680 = PLANE('',#3681);
#3681 = AXIS2_PLACEMENT_3D('',#3682,#3683,#3684);
#3682 = CARTESIAN_POINT('',(30.71,62.53,28.6));
#3683 = DIRECTION('',(0.,0.,1.));
#3684 = DIRECTION('',(1.,0.,-0.));
#3685 = DEFINITIONAL_REPRESENTATION('',(#3686),#3690);
#3686 = LINE('',#3687,#3688);
#3687 = CARTESIAN_POINT('',(0.,0.));
#3688 = VECTOR('',#3689,1.);
#3689 = DIRECTION('',(0.,1.));
#3690 = ( GEOMETRIC_REPRESENTATION_CONTEXT(2) 
PARAMETRIC_REPRESENTATION_CONTEXT() REPRESENTATION_CONTEXT('2D SPACE',''
  ) );
#3691 = ORIENTED_EDGE('',*,*,#3692,.T.);
#3692 = EDGE_CURVE('',#3665,#3693,#3695,.T.);
#3693 = VERTEX_POINT('',#3694);
#3694 = CARTESIAN_POINT('',(30.71,63.09,32.1));
#3695 = SURFACE_CURVE('',#3696,(#3700,#3707),.PCURVE_S1.);
#3696 = LINE('',#3697,#3698);
#3697 = CARTESIAN_POINT('',(30.71,63.09,28.6));
#3698 = VECTOR('',#3699,1.);
#3699 = DIRECTION('',(0.,0.,1.));
#3700 = PCURVE('',#3640,#3701);
#3701 = DEFINITIONAL_REPRESENTATION('',(#3702),#3706);
#3702 = LINE('',#3703,#3704);
#3703 = CARTESIAN_POINT('',(0.,-0.56));
#3704 = VECTOR('',#3705,1.);
#3705 = DIRECTION('',(1.,0.));
#3706 = ( GEOMETRIC_REPRESENTATION_CONTEXT(2) 
PARAMETRIC_REPRESENTATION_CONTEXT() REPRESENTATION_CONTEXT('2D SPACE',''
  ) );
#3707 = PCURVE('',#3708,#3713);
#3708 = PLANE('',#3709);
#3709 = AXIS2_PLACEMENT_3D('',#3710,#3711,#3712);
#3710 = CARTESIAN_POINT('',(30.71,63.09,28.6));
#3711 = DIRECTION('',(-0.,1.,0.));
#3712 = DIRECTION('',(0.,0.,1.));
#3713 = DEFINITIONAL_REPRESENTATION('',(#3714),#3718);
#3714 = LINE('',#3715,#3716);
#3715 = CARTESIAN_POINT('',(0.,0.));
#3716 = VECTOR('',#3717,1.);
#3717 = DIRECTION('',(1.,0.));
#3718 = ( GEOMETRIC_REPRESENTATION_CONTEXT(2) 
PARAMETRIC_REPRESENTATION_CONTEXT() REPRESENTATION_CONTEXT('2D SPACE',''
  ) );
#3719 = ORIENTED_EDGE('',*,*,#3720,.F.);
#3720 = EDGE_CURVE('',#3632,#3693,#3721,.T.);
#3721 = SURFACE_CURVE('',#3722,(#3726,#3733),.PCURVE_S1.);
#3722 = LINE('',#3723,#3724);
#3723 = CARTESIAN_POINT('',(30.71,62.53,32.1));
#3724 = VECTOR('',#3725,1.);
#3725 = DIRECTION('',(-0.,1.,0.));
#3726 = PCURVE('',#3640,#3727);
#3727 = DEFINITIONAL_REPRESENTATION('',(#3728),#3732);
#3728 = LINE('',#3729,#3730);
#3729 = CARTESIAN_POINT('',(3.5,0.));
#3730 = VECTOR('',#3731,1.);
#3731 = DIRECTION('',(0.,-1.));
#3732 = ( GEOMETRIC_REPRESENTATION_CONTEXT(2) 
PARAMETRIC_REPRESENTATION_CONTEXT() REPRESENTATION_CONTEXT('2D SPACE',''
  ) );
#3733 = PCURVE('',#3734,#3739);
#3734 = PLANE('',#3735);
#3735 = AXIS2_PLACEMENT_3D('',#3736,#3737,#3738);
#3736 = CARTESIAN_POINT('',(30.71,62.53,32.1));
#3737 = DIRECTION('',(0.,0.,1.));
#3738 = DIRECTION('',(1.,0.,-0.));
#3739 = DEFINITIONAL_REPRESENTATION('',(#3740),#3744);
#3740 = LINE('',#3741,#3742);
#3741 = CARTESIAN_POINT('',(0.,0.));
#3742 = VECTOR('',#3743,1.);
#3743 = DIRECTION('',(0.,1.));
#3744 = ( GEOMETRIC_REPRESENTATION_CONTEXT(2) 
PARAMETRIC_REPRESENTATION_CONTEXT() REPRESENTATION_CONTEXT('2D SPACE',''
  ) );
#3745 = ADVANCED_FACE('',(#3746),#3760,.T.);
#3746 = FACE_BOUND('',#3747,.T.);
#3747 = EDGE_LOOP('',(#3748,#3778,#3801,#3824));
#3748 = ORIENTED_EDGE('',*,*,#3749,.F.);
#3749 = EDGE_CURVE('',#3750,#3752,#3754,.T.);
#3750 = VERTEX_POINT('',#3751);
#3751 = CARTESIAN_POINT('',(31.17,62.53,28.6));
#3752 = VERTEX_POINT('',#3753);
#3753 = CARTESIAN_POINT('',(31.17,62.53,32.1));
#3754 = SURFACE_CURVE('',#3755,(#3759,#3771),.PCURVE_S1.);
#3755 = LINE('',#3756,#3757);
#3756 = CARTESIAN_POINT('',(31.17,62.53,28.6));
#3757 = VECTOR('',#3758,1.);
#3758 = DIRECTION('',(0.,0.,1.));
#3759 = PCURVE('',#3760,#3765);
#3760 = PLANE('',#3761);
#3761 = AXIS2_PLACEMENT_3D('',#3762,#3763,#3764);
#3762 = CARTESIAN_POINT('',(31.17,62.53,28.6));
#3763 = DIRECTION('',(1.,0.,-0.));
#3764 = DIRECTION('',(0.,0.,1.));
#3765 = DEFINITIONAL_REPRESENTATION('',(#3766),#3770);
#3766 = LINE('',#3767,#3768);
#3767 = CARTESIAN_POINT('',(0.,0.));
#3768 = VECTOR('',#3769,1.);
#3769 = DIRECTION('',(1.,0.));
#3770 = ( GEOMETRIC_REPRESENTATION_CONTEXT(2) 
PARAMETRIC_REPRESENTATION_CONTEXT() REPRESENTATION_CONTEXT('2D SPACE',''
  ) );
#3771 = PCURVE('',#3652,#3772);
#3772 = DEFINITIONAL_REPRESENTATION('',(#3773),#3777);
#3773 = LINE('',#3774,#3775);
#3774 = CARTESIAN_POINT('',(0.,0.46));
#3775 = VECTOR('',#3776,1.);
#3776 = DIRECTION('',(1.,0.));
#3777 = ( GEOMETRIC_REPRESENTATION_CONTEXT(2) 
PARAMETRIC_REPRESENTATION_CONTEXT() REPRESENTATION_CONTEXT('2D SPACE',''
  ) );
#3778 = ORIENTED_EDGE('',*,*,#3779,.T.);
#3779 = EDGE_CURVE('',#3750,#3780,#3782,.T.);
#3780 = VERTEX_POINT('',#3781);
#3781 = CARTESIAN_POINT('',(31.17,63.09,28.6));
#3782 = SURFACE_CURVE('',#3783,(#3787,#3794),.PCURVE_S1.);
#3783 = LINE('',#3784,#3785);
#3784 = CARTESIAN_POINT('',(31.17,62.53,28.6));
#3785 = VECTOR('',#3786,1.);
#3786 = DIRECTION('',(-0.,1.,0.));
#3787 = PCURVE('',#3760,#3788);
#3788 = DEFINITIONAL_REPRESENTATION('',(#3789),#3793);
#3789 = LINE('',#3790,#3791);
#3790 = CARTESIAN_POINT('',(0.,0.));
#3791 = VECTOR('',#3792,1.);
#3792 = DIRECTION('',(0.,-1.));
#3793 = ( GEOMETRIC_REPRESENTATION_CONTEXT(2) 
PARAMETRIC_REPRESENTATION_CONTEXT() REPRESENTATION_CONTEXT('2D SPACE',''
  ) );
#3794 = PCURVE('',#3680,#3795);
#3795 = DEFINITIONAL_REPRESENTATION('',(#3796),#3800);
#3796 = LINE('',#3797,#3798);
#3797 = CARTESIAN_POINT('',(0.46,0.));
#3798 = VECTOR('',#3799,1.);
#3799 = DIRECTION('',(0.,1.));
#3800 = ( GEOMETRIC_REPRESENTATION_CONTEXT(2) 
PARAMETRIC_REPRESENTATION_CONTEXT() REPRESENTATION_CONTEXT('2D SPACE',''
  ) );
#3801 = ORIENTED_EDGE('',*,*,#3802,.T.);
#3802 = EDGE_CURVE('',#3780,#3803,#3805,.T.);
#3803 = VERTEX_POINT('',#3804);
#3804 = CARTESIAN_POINT('',(31.17,63.09,32.1));
#3805 = SURFACE_CURVE('',#3806,(#3810,#3817),.PCURVE_S1.);
#3806 = LINE('',#3807,#3808);
#3807 = CARTESIAN_POINT('',(31.17,63.09,28.6));
#3808 = VECTOR('',#3809,1.);
#3809 = DIRECTION('',(0.,0.,1.));
#3810 = PCURVE('',#3760,#3811);
#3811 = DEFINITIONAL_REPRESENTATION('',(#3812),#3816);
#3812 = LINE('',#3813,#3814);
#3813 = CARTESIAN_POINT('',(0.,-0.56));
#3814 = VECTOR('',#3815,1.);
#3815 = DIRECTION('',(1.,0.));
#3816 = ( GEOMETRIC_REPRESENTATION_CONTEXT(2) 
PARAMETRIC_REPRESENTATION_CONTEXT() REPRESENTATION_CONTEXT('2D SPACE',''
  ) );
#3817 = PCURVE('',#3708,#3818);
#3818 = DEFINITIONAL_REPRESENTATION('',(#3819),#3823);
#3819 = LINE('',#3820,#3821);
#3820 = CARTESIAN_POINT('',(0.,0.46));
#3821 = VECTOR('',#3822,1.);
#3822 = DIRECTION('',(1.,0.));
#3823 = ( GEOMETRIC_REPRESENTATION_CONTEXT(2) 
PARAMETRIC_REPRESENTATION_CONTEXT() REPRESENTATION_CONTEXT('2D SPACE',''
  ) );
#3824 = ORIENTED_EDGE('',*,*,#3825,.F.);
#3825 = EDGE_CURVE('',#3752,#3803,#3826,.T.);
#3826 = SURFACE_CURVE('',#3827,(#3831,#3838),.PCURVE_S1.);
#3827 = LINE('',#3828,#3829);
#3828 = CARTESIAN_POINT('',(31.17,62.53,32.1));
#3829 = VECTOR('',#3830,1.);
#3830 = DIRECTION('',(-0.,1.,0.));
#3831 = PCURVE('',#3760,#3832);
#3832 = DEFINITIONAL_REPRESENTATION('',(#3833),#3837);
#3833 = LINE('',#3834,#3835);
#3834 = CARTESIAN_POINT('',(3.5,0.));
#3835 = VECTOR('',#3836,1.);
#3836 = DIRECTION('',(0.,-1.));
#3837 = ( GEOMETRIC_REPRESENTATION_CONTEXT(2) 
PARAMETRIC_REPRESENTATION_CONTEXT() REPRESENTATION_CONTEXT('2D SPACE',''
  ) );
#3838 = PCURVE('',#3734,#3839);
#3839 = DEFINITIONAL_REPRESENTATION('',(#3840),#3844);
#3840 = LINE('',#3841,#3842);
#3841 = CARTESIAN_POINT('',(0.46,0.));
#3842 = VECTOR('',#3843,1.);
#3843 = DIRECTION('',(0.,1.));
#3844 = ( GEOMETRIC_REPRESENTATION_CONTEXT(2) 
PARAMETRIC_REPRESENTATION_CONTEXT() REPRESENTATION_CONTEXT('2D SPACE',''
  ) );
#3845 = ADVANCED_FACE('',(#3846),#3652,.F.);
#3846 = FACE_BOUND('',#3847,.F.);
#3847 = EDGE_LOOP('',(#3848,#3869,#3870,#3891));
#3848 = ORIENTED_EDGE('',*,*,#3849,.F.);
#3849 = EDGE_CURVE('',#3630,#3750,#3850,.T.);
#3850 = SURFACE_CURVE('',#3851,(#3855,#3862),.PCURVE_S1.);
#3851 = LINE('',#3852,#3853);
#3852 = CARTESIAN_POINT('',(30.71,62.53,28.6));
#3853 = VECTOR('',#3854,1.);
#3854 = DIRECTION('',(1.,0.,-0.));
#3855 = PCURVE('',#3652,#3856);
#3856 = DEFINITIONAL_REPRESENTATION('',(#3857),#3861);
#3857 = LINE('',#3858,#3859);
#3858 = CARTESIAN_POINT('',(0.,0.));
#3859 = VECTOR('',#3860,1.);
#3860 = DIRECTION('',(0.,1.));
#3861 = ( GEOMETRIC_REPRESENTATION_CONTEXT(2) 
PARAMETRIC_REPRESENTATION_CONTEXT() REPRESENTATION_CONTEXT('2D SPACE',''
  ) );
#3862 = PCURVE('',#3680,#3863);
#3863 = DEFINITIONAL_REPRESENTATION('',(#3864),#3868);
#3864 = LINE('',#3865,#3866);
#3865 = CARTESIAN_POINT('',(0.,0.));
#3866 = VECTOR('',#3867,1.);
#3867 = DIRECTION('',(1.,0.));
#3868 = ( GEOMETRIC_REPRESENTATION_CONTEXT(2) 
PARAMETRIC_REPRESENTATION_CONTEXT() REPRESENTATION_CONTEXT('2D SPACE',''
  ) );
#3869 = ORIENTED_EDGE('',*,*,#3629,.T.);
#3870 = ORIENTED_EDGE('',*,*,#3871,.T.);
#3871 = EDGE_CURVE('',#3632,#3752,#3872,.T.);
#3872 = SURFACE_CURVE('',#3873,(#3877,#3884),.PCURVE_S1.);
#3873 = LINE('',#3874,#3875);
#3874 = CARTESIAN_POINT('',(30.71,62.53,32.1));
#3875 = VECTOR('',#3876,1.);
#3876 = DIRECTION('',(1.,0.,-0.));
#3877 = PCURVE('',#3652,#3878);
#3878 = DEFINITIONAL_REPRESENTATION('',(#3879),#3883);
#3879 = LINE('',#3880,#3881);
#3880 = CARTESIAN_POINT('',(3.5,0.));
#3881 = VECTOR('',#3882,1.);
#3882 = DIRECTION('',(0.,1.));
#3883 = ( GEOMETRIC_REPRESENTATION_CONTEXT(2) 
PARAMETRIC_REPRESENTATION_CONTEXT() REPRESENTATION_CONTEXT('2D SPACE',''
  ) );
#3884 = PCURVE('',#3734,#3885);
#3885 = DEFINITIONAL_REPRESENTATION('',(#3886),#3890);
#3886 = LINE('',#3887,#3888);
#3887 = CARTESIAN_POINT('',(0.,0.));
#3888 = VECTOR('',#3889,1.);
#3889 = DIRECTION('',(1.,0.));
#3890 = ( GEOMETRIC_REPRESENTATION_CONTEXT(2) 
PARAMETRIC_REPRESENTATION_CONTEXT() REPRESENTATION_CONTEXT('2D SPACE',''
  ) );
#3891 = ORIENTED_EDGE('',*,*,#3749,.F.);
#3892 = ADVANCED_FACE('',(#3893),#3708,.T.);
#3893 = FACE_BOUND('',#3894,.T.);
#3894 = EDGE_LOOP('',(#3895,#3916,#3917,#3938));
#3895 = ORIENTED_EDGE('',*,*,#3896,.F.);
#3896 = EDGE_CURVE('',#3665,#3780,#3897,.T.);
#3897 = SURFACE_CURVE('',#3898,(#3902,#3909),.PCURVE_S1.);
#3898 = LINE('',#3899,#3900);
#3899 = CARTESIAN_POINT('',(30.71,63.09,28.6));
#3900 = VECTOR('',#3901,1.);
#3901 = DIRECTION('',(1.,0.,-0.));
#3902 = PCURVE('',#3708,#3903);
#3903 = DEFINITIONAL_REPRESENTATION('',(#3904),#3908);
#3904 = LINE('',#3905,#3906);
#3905 = CARTESIAN_POINT('',(0.,0.));
#3906 = VECTOR('',#3907,1.);
#3907 = DIRECTION('',(0.,1.));
#3908 = ( GEOMETRIC_REPRESENTATION_CONTEXT(2) 
PARAMETRIC_REPRESENTATION_CONTEXT() REPRESENTATION_CONTEXT('2D SPACE',''
  ) );
#3909 = PCURVE('',#3680,#3910);
#3910 = DEFINITIONAL_REPRESENTATION('',(#3911),#3915);
#3911 = LINE('',#3912,#3913);
#3912 = CARTESIAN_POINT('',(0.,0.56));
#3913 = VECTOR('',#3914,1.);
#3914 = DIRECTION('',(1.,0.));
#3915 = ( GEOMETRIC_REPRESENTATION_CONTEXT(2) 
PARAMETRIC_REPRESENTATION_CONTEXT() REPRESENTATION_CONTEXT('2D SPACE',''
  ) );
#3916 = ORIENTED_EDGE('',*,*,#3692,.T.);
#3917 = ORIENTED_EDGE('',*,*,#3918,.T.);
#3918 = EDGE_CURVE('',#3693,#3803,#3919,.T.);
#3919 = SURFACE_CURVE('',#3920,(#3924,#3931),.PCURVE_S1.);
#3920 = LINE('',#3921,#3922);
#3921 = CARTESIAN_POINT('',(30.71,63.09,32.1));
#3922 = VECTOR('',#3923,1.);
#3923 = DIRECTION('',(1.,0.,-0.));
#3924 = PCURVE('',#3708,#3925);
#3925 = DEFINITIONAL_REPRESENTATION('',(#3926),#3930);
#3926 = LINE('',#3927,#3928);
#3927 = CARTESIAN_POINT('',(3.5,0.));
#3928 = VECTOR('',#3929,1.);
#3929 = DIRECTION('',(0.,1.));
#3930 = ( GEOMETRIC_REPRESENTATION_CONTEXT(2) 
PARAMETRIC_REPRESENTATION_CONTEXT() REPRESENTATION_CONTEXT('2D SPACE',''
  ) );
#3931 = PCURVE('',#3734,#3932);
#3932 = DEFINITIONAL_REPRESENTATION('',(#3933),#3937);
#3933 = LINE('',#3934,#3935);
#3934 = CARTESIAN_POINT('',(0.,0.56));
#3935 = VECTOR('',#3936,1.);
#3936 = DIRECTION('',(1.,0.));
#3937 = ( GEOMETRIC_REPRESENTATION_CONTEXT(2) 
PARAMETRIC_REPRESENTATION_CONTEXT() REPRESENTATION_CONTEXT('2D SPACE',''
  ) );
#3938 = ORIENTED_EDGE('',*,*,#3802,.F.);
#3939 = ADVANCED_FACE('',(#3940),#3680,.F.);
#3940 = FACE_BOUND('',#3941,.F.);
#3941 = EDGE_LOOP('',(#3942,#3943,#3944,#3945));
#3942 = ORIENTED_EDGE('',*,*,#3664,.F.);
#3943 = ORIENTED_EDGE('',*,*,#3849,.T.);
#3944 = ORIENTED_EDGE('',*,*,#3779,.T.);
#3945 = ORIENTED_EDGE('',*,*,#3896,.F.);
#3946 = ADVANCED_FACE('',(#3947),#3734,.T.);
#3947 = FACE_BOUND('',#3948,.T.);
#3948 = EDGE_LOOP('',(#3949,#3950,#3951,#3952));
#3949 = ORIENTED_EDGE('',*,*,#3720,.F.);
#3950 = ORIENTED_EDGE('',*,*,#3871,.T.);
#3951 = ORIENTED_EDGE('',*,*,#3825,.T.);
#3952 = ORIENTED_EDGE('',*,*,#3918,.F.);
#3953 = ( GEOMETRIC_REPRESENTATION_CONTEXT(3) 
GLOBAL_UNCERTAINTY_ASSIGNED_CONTEXT((#3957)) 
GLOBAL_UNIT_ASSIGNED_CONTEXT((#3954,#3955,#3956)) REPRESENTATION_CONTEXT
('Context #1','3D Context with UNIT and UNCERTAINTY') );
#3954 = ( LENGTH_UNIT() NAMED_UNIT(*) SI_UNIT(.MILLI.,.METRE.) );
#3955 = ( NAMED_UNIT(*) PLANE_ANGLE_UNIT() SI_UNIT($,.RADIAN.) );
#3956 = ( NAMED_UNIT(*) SI_UNIT($,.STERADIAN.) SOLID_ANGLE_UNIT() );
#3957 = UNCERTAINTY_MEASURE_WITH_UNIT(LENGTH_MEASURE(1.E-07),#3954,
  'distance_accuracy_value','confusion accuracy');
#3958 = CONTEXT_DEPENDENT_SHAPE_REPRESENTATION(#3959,#3961);
#3959 = ( REPRESENTATION_RELATIONSHIP('','',#3622,#10) 
REPRESENTATION_RELATIONSHIP_WITH_TRANSFORMATION(#3960) 
SHAPE_REPRESENTATION_RELATIONSHIP() );
#3960 = ITEM_DEFINED_TRANSFORMATION('','',#11,#39);
#3961 = PRODUCT_DEFINITION_SHAPE('Placement','Placement of an item',
  #3962);
#3962 = NEXT_ASSEMBLY_USAGE_OCCURRENCE('7','','',#5,#3617,$);
#3963 = PRODUCT_RELATED_PRODUCT_CATEGORY('part',$,(#3619));
#3964 = SHAPE_DEFINITION_REPRESENTATION(#3965,#3971);
#3965 = PRODUCT_DEFINITION_SHAPE('','',#3966);
#3966 = PRODUCT_DEFINITION('design','',#3967,#3970);
#3967 = PRODUCT_DEFINITION_FORMATION('','',#3968);
#3968 = PRODUCT('Open CASCADE STEP translator 7.8 1.8',
  'Open CASCADE STEP translator 7.8 1.8','',(#3969));
#3969 = PRODUCT_CONTEXT('',#2,'mechanical');
#3970 = PRODUCT_DEFINITION_CONTEXT('part definition',#2,'design');
#3971 = ADVANCED_BREP_SHAPE_REPRESENTATION('',(#11,#3972),#4302);
#3972 = MANIFOLD_SOLID_BREP('',#3973);
#3973 = CLOSED_SHELL('',(#3974,#4094,#4194,#4241,#4288,#4295));
#3974 = ADVANCED_FACE('',(#3975),#3989,.F.);
#3975 = FACE_BOUND('',#3976,.F.);
#3976 = EDGE_LOOP('',(#3977,#4012,#4040,#4068));
#3977 = ORIENTED_EDGE('',*,*,#3978,.F.);
#3978 = EDGE_CURVE('',#3979,#3981,#3983,.T.);
#3979 = VERTEX_POINT('',#3980);
#3980 = CARTESIAN_POINT('',(30.71,59.99,28.6));
#3981 = VERTEX_POINT('',#3982);
#3982 = CARTESIAN_POINT('',(30.71,59.99,32.1));
#3983 = SURFACE_CURVE('',#3984,(#3988,#4000),.PCURVE_S1.);
#3984 = LINE('',#3985,#3986);
#3985 = CARTESIAN_POINT('',(30.71,59.99,28.6));
#3986 = VECTOR('',#3987,1.);
#3987 = DIRECTION('',(0.,0.,1.));
#3988 = PCURVE('',#3989,#3994);
#3989 = PLANE('',#3990);
#3990 = AXIS2_PLACEMENT_3D('',#3991,#3992,#3993);
#3991 = CARTESIAN_POINT('',(30.71,59.99,28.6));
#3992 = DIRECTION('',(1.,0.,-0.));
#3993 = DIRECTION('',(0.,0.,1.));
#3994 = DEFINITIONAL_REPRESENTATION('',(#3995),#3999);
#3995 = LINE('',#3996,#3997);
#3996 = CARTESIAN_POINT('',(0.,0.));
#3997 = VECTOR('',#3998,1.);
#3998 = DIRECTION('',(1.,0.));
#3999 = ( GEOMETRIC_REPRESENTATION_CONTEXT(2) 
PARAMETRIC_REPRESENTATION_CONTEXT() REPRESENTATION_CONTEXT('2D SPACE',''
  ) );
#4000 = PCURVE('',#4001,#4006);
#4001 = PLANE('',#4002);
#4002 = AXIS2_PLACEMENT_3D('',#4003,#4004,#4005);
#4003 = CARTESIAN_POINT('',(30.71,59.99,28.6));
#4004 = DIRECTION('',(-0.,1.,0.));
#4005 = DIRECTION('',(0.,0.,1.));
#4006 = DEFINITIONAL_REPRESENTATION('',(#4007),#4011);
#4007 = LINE('',#4008,#4009);
#4008 = CARTESIAN_POINT('',(0.,0.));
#4009 = VECTOR('',#4010,1.);
#4010 = DIRECTION('',(1.,0.));
#4011 = ( GEOMETRIC_REPRESENTATION_CONTEXT(2) 
PARAMETRIC_REPRESENTATION_CONTEXT() REPRESENTATION_CONTEXT('2D SPACE',''
  ) );
#4012 = ORIENTED_EDGE('',*,*,#4013,.T.);
#4013 = EDGE_CURVE('',#3979,#4014,#4016,.T.);
#4014 = VERTEX_POINT('',#4015);
#4015 = CARTESIAN_POINT('',(30.71,60.55,28.6));
#4016 = SURFACE_CURVE('',#4017,(#4021,#4028),.PCURVE_S1.);
#4017 = LINE('',#4018,#4019);
#4018 = CARTESIAN_POINT('',(30.71,59.99,28.6));
#4019 = VECTOR('',#4020,1.);
#4020 = DIRECTION('',(-0.,1.,0.));
#4021 = PCURVE('',#3989,#4022);
#4022 = DEFINITIONAL_REPRESENTATION('',(#4023),#4027);
#4023 = LINE('',#4024,#4025);
#4024 = CARTESIAN_POINT('',(0.,0.));
#4025 = VECTOR('',#4026,1.);
#4026 = DIRECTION('',(0.,-1.));
#4027 = ( GEOMETRIC_REPRESENTATION_CONTEXT(2) 
PARAMETRIC_REPRESENTATION_CONTEXT() REPRESENTATION_CONTEXT('2D SPACE',''
  ) );
#4028 = PCURVE('',#4029,#4034);
#4029 = PLANE('',#4030);
#4030 = AXIS2_PLACEMENT_3D('',#4031,#4032,#4033);
#4031 = CARTESIAN_POINT('',(30.71,59.99,28.6));
#4032 = DIRECTION('',(0.,0.,1.));
#4033 = DIRECTION('',(1.,0.,-0.));
#4034 = DEFINITIONAL_REPRESENTATION('',(#4035),#4039);
#4035 = LINE('',#4036,#4037);
#4036 = CARTESIAN_POINT('',(0.,0.));
#4037 = VECTOR('',#4038,1.);
#4038 = DIRECTION('',(0.,1.));
#4039 = ( GEOMETRIC_REPRESENTATION_CONTEXT(2) 
PARAMETRIC_REPRESENTATION_CONTEXT() REPRESENTATION_CONTEXT('2D SPACE',''
  ) );
#4040 = ORIENTED_EDGE('',*,*,#4041,.T.);
#4041 = EDGE_CURVE('',#4014,#4042,#4044,.T.);
#4042 = VERTEX_POINT('',#4043);
#4043 = CARTESIAN_POINT('',(30.71,60.55,32.1));
#4044 = SURFACE_CURVE('',#4045,(#4049,#4056),.PCURVE_S1.);
#4045 = LINE('',#4046,#4047);
#4046 = CARTESIAN_POINT('',(30.71,60.55,28.6));
#4047 = VECTOR('',#4048,1.);
#4048 = DIRECTION('',(0.,0.,1.));
#4049 = PCURVE('',#3989,#4050);
#4050 = DEFINITIONAL_REPRESENTATION('',(#4051),#4055);
#4051 = LINE('',#4052,#4053);
#4052 = CARTESIAN_POINT('',(0.,-0.56));
#4053 = VECTOR('',#4054,1.);
#4054 = DIRECTION('',(1.,0.));
#4055 = ( GEOMETRIC_REPRESENTATION_CONTEXT(2) 
PARAMETRIC_REPRESENTATION_CONTEXT() REPRESENTATION_CONTEXT('2D SPACE',''
  ) );
#4056 = PCURVE('',#4057,#4062);
#4057 = PLANE('',#4058);
#4058 = AXIS2_PLACEMENT_3D('',#4059,#4060,#4061);
#4059 = CARTESIAN_POINT('',(30.71,60.55,28.6));
#4060 = DIRECTION('',(-0.,1.,0.));
#4061 = DIRECTION('',(0.,0.,1.));
#4062 = DEFINITIONAL_REPRESENTATION('',(#4063),#4067);
#4063 = LINE('',#4064,#4065);
#4064 = CARTESIAN_POINT('',(0.,0.));
#4065 = VECTOR('',#4066,1.);
#4066 = DIRECTION('',(1.,0.));
#4067 = ( GEOMETRIC_REPRESENTATION_CONTEXT(2) 
PARAMETRIC_REPRESENTATION_CONTEXT() REPRESENTATION_CONTEXT('2D SPACE',''
  ) );
#4068 = ORIENTED_EDGE('',*,*,#4069,.F.);
#4069 = EDGE_CURVE('',#3981,#4042,#4070,.T.);
#4070 = SURFACE_CURVE('',#4071,(#4075,#4082),.PCURVE_S1.);
#4071 = LINE('',#4072,#4073);
#4072 = CARTESIAN_POINT('',(30.71,59.99,32.1));
#4073 = VECTOR('',#4074,1.);
#4074 = DIRECTION('',(-0.,1.,0.));
#4075 = PCURVE('',#3989,#4076);
#4076 = DEFINITIONAL_REPRESENTATION('',(#4077),#4081);
#4077 = LINE('',#4078,#4079);
#4078 = CARTESIAN_POINT('',(3.5,0.));
#4079 = VECTOR('',#4080,1.);
#4080 = DIRECTION('',(0.,-1.));
#4081 = ( GEOMETRIC_REPRESENTATION_CONTEXT(2) 
PARAMETRIC_REPRESENTATION_CONTEXT() REPRESENTATION_CONTEXT('2D SPACE',''
  ) );
#4082 = PCURVE('',#4083,#4088);
#4083 = PLANE('',#4084);
#4084 = AXIS2_PLACEMENT_3D('',#4085,#4086,#4087);
#4085 = CARTESIAN_POINT('',(30.71,59.99,32.1));
#4086 = DIRECTION('',(0.,0.,1.));
#4087 = DIRECTION('',(1.,0.,-0.));
#4088 = DEFINITIONAL_REPRESENTATION('',(#4089),#4093);
#4089 = LINE('',#4090,#4091);
#4090 = CARTESIAN_POINT('',(0.,0.));
#4091 = VECTOR('',#4092,1.);
#4092 = DIRECTION('',(0.,1.));
#4093 = ( GEOMETRIC_REPRESENTATION_CONTEXT(2) 
PARAMETRIC_REPRESENTATION_CONTEXT() REPRESENTATION_CONTEXT('2D SPACE',''
  ) );
#4094 = ADVANCED_FACE('',(#4095),#4109,.T.);
#4095 = FACE_BOUND('',#4096,.T.);
#4096 = EDGE_LOOP('',(#4097,#4127,#4150,#4173));
#4097 = ORIENTED_EDGE('',*,*,#4098,.F.);
#4098 = EDGE_CURVE('',#4099,#4101,#4103,.T.);
#4099 = VERTEX_POINT('',#4100);
#4100 = CARTESIAN_POINT('',(31.17,59.99,28.6));
#4101 = VERTEX_POINT('',#4102);
#4102 = CARTESIAN_POINT('',(31.17,59.99,32.1));
#4103 = SURFACE_CURVE('',#4104,(#4108,#4120),.PCURVE_S1.);
#4104 = LINE('',#4105,#4106);
#4105 = CARTESIAN_POINT('',(31.17,59.99,28.6));
#4106 = VECTOR('',#4107,1.);
#4107 = DIRECTION('',(0.,0.,1.));
#4108 = PCURVE('',#4109,#4114);
#4109 = PLANE('',#4110);
#4110 = AXIS2_PLACEMENT_3D('',#4111,#4112,#4113);
#4111 = CARTESIAN_POINT('',(31.17,59.99,28.6));
#4112 = DIRECTION('',(1.,0.,-0.));
#4113 = DIRECTION('',(0.,0.,1.));
#4114 = DEFINITIONAL_REPRESENTATION('',(#4115),#4119);
#4115 = LINE('',#4116,#4117);
#4116 = CARTESIAN_POINT('',(0.,0.));
#4117 = VECTOR('',#4118,1.);
#4118 = DIRECTION('',(1.,0.));
#4119 = ( GEOMETRIC_REPRESENTATION_CONTEXT(2) 
PARAMETRIC_REPRESENTATION_CONTEXT() REPRESENTATION_CONTEXT('2D SPACE',''
  ) );
#4120 = PCURVE('',#4001,#4121);
#4121 = DEFINITIONAL_REPRESENTATION('',(#4122),#4126);
#4122 = LINE('',#4123,#4124);
#4123 = CARTESIAN_POINT('',(0.,0.46));
#4124 = VECTOR('',#4125,1.);
#4125 = DIRECTION('',(1.,0.));
#4126 = ( GEOMETRIC_REPRESENTATION_CONTEXT(2) 
PARAMETRIC_REPRESENTATION_CONTEXT() REPRESENTATION_CONTEXT('2D SPACE',''
  ) );
#4127 = ORIENTED_EDGE('',*,*,#4128,.T.);
#4128 = EDGE_CURVE('',#4099,#4129,#4131,.T.);
#4129 = VERTEX_POINT('',#4130);
#4130 = CARTESIAN_POINT('',(31.17,60.55,28.6));
#4131 = SURFACE_CURVE('',#4132,(#4136,#4143),.PCURVE_S1.);
#4132 = LINE('',#4133,#4134);
#4133 = CARTESIAN_POINT('',(31.17,59.99,28.6));
#4134 = VECTOR('',#4135,1.);
#4135 = DIRECTION('',(-0.,1.,0.));
#4136 = PCURVE('',#4109,#4137);
#4137 = DEFINITIONAL_REPRESENTATION('',(#4138),#4142);
#4138 = LINE('',#4139,#4140);
#4139 = CARTESIAN_POINT('',(0.,0.));
#4140 = VECTOR('',#4141,1.);
#4141 = DIRECTION('',(0.,-1.));
#4142 = ( GEOMETRIC_REPRESENTATION_CONTEXT(2) 
PARAMETRIC_REPRESENTATION_CONTEXT() REPRESENTATION_CONTEXT('2D SPACE',''
  ) );
#4143 = PCURVE('',#4029,#4144);
#4144 = DEFINITIONAL_REPRESENTATION('',(#4145),#4149);
#4145 = LINE('',#4146,#4147);
#4146 = CARTESIAN_POINT('',(0.46,0.));
#4147 = VECTOR('',#4148,1.);
#4148 = DIRECTION('',(0.,1.));
#4149 = ( GEOMETRIC_REPRESENTATION_CONTEXT(2) 
PARAMETRIC_REPRESENTATION_CONTEXT() REPRESENTATION_CONTEXT('2D SPACE',''
  ) );
#4150 = ORIENTED_EDGE('',*,*,#4151,.T.);
#4151 = EDGE_CURVE('',#4129,#4152,#4154,.T.);
#4152 = VERTEX_POINT('',#4153);
#4153 = CARTESIAN_POINT('',(31.17,60.55,32.1));
#4154 = SURFACE_CURVE('',#4155,(#4159,#4166),.PCURVE_S1.);
#4155 = LINE('',#4156,#4157);
#4156 = CARTESIAN_POINT('',(31.17,60.55,28.6));
#4157 = VECTOR('',#4158,1.);
#4158 = DIRECTION('',(0.,0.,1.));
#4159 = PCURVE('',#4109,#4160);
#4160 = DEFINITIONAL_REPRESENTATION('',(#4161),#4165);
#4161 = LINE('',#4162,#4163);
#4162 = CARTESIAN_POINT('',(0.,-0.56));
#4163 = VECTOR('',#4164,1.);
#4164 = DIRECTION('',(1.,0.));
#4165 = ( GEOMETRIC_REPRESENTATION_CONTEXT(2) 
PARAMETRIC_REPRESENTATION_CONTEXT() REPRESENTATION_CONTEXT('2D SPACE',''
  ) );
#4166 = PCURVE('',#4057,#4167);
#4167 = DEFINITIONAL_REPRESENTATION('',(#4168),#4172);
#4168 = LINE('',#4169,#4170);
#4169 = CARTESIAN_POINT('',(0.,0.46));
#4170 = VECTOR('',#4171,1.);
#4171 = DIRECTION('',(1.,0.));
#4172 = ( GEOMETRIC_REPRESENTATION_CONTEXT(2) 
PARAMETRIC_REPRESENTATION_CONTEXT() REPRESENTATION_CONTEXT('2D SPACE',''
  ) );
#4173 = ORIENTED_EDGE('',*,*,#4174,.F.);
#4174 = EDGE_CURVE('',#4101,#4152,#4175,.T.);
#4175 = SURFACE_CURVE('',#4176,(#4180,#4187),.PCURVE_S1.);
#4176 = LINE('',#4177,#4178);
#4177 = CARTESIAN_POINT('',(31.17,59.99,32.1));
#4178 = VECTOR('',#4179,1.);
#4179 = DIRECTION('',(-0.,1.,0.));
#4180 = PCURVE('',#4109,#4181);
#4181 = DEFINITIONAL_REPRESENTATION('',(#4182),#4186);
#4182 = LINE('',#4183,#4184);
#4183 = CARTESIAN_POINT('',(3.5,0.));
#4184 = VECTOR('',#4185,1.);
#4185 = DIRECTION('',(0.,-1.));
#4186 = ( GEOMETRIC_REPRESENTATION_CONTEXT(2) 
PARAMETRIC_REPRESENTATION_CONTEXT() REPRESENTATION_CONTEXT('2D SPACE',''
  ) );
#4187 = PCURVE('',#4083,#4188);
#4188 = DEFINITIONAL_REPRESENTATION('',(#4189),#4193);
#4189 = LINE('',#4190,#4191);
#4190 = CARTESIAN_POINT('',(0.46,0.));
#4191 = VECTOR('',#4192,1.);
#4192 = DIRECTION('',(0.,1.));
#4193 = ( GEOMETRIC_REPRESENTATION_CONTEXT(2) 
PARAMETRIC_REPRESENTATION_CONTEXT() REPRESENTATION_CONTEXT('2D SPACE',''
  ) );
#4194 = ADVANCED_FACE('',(#4195),#4001,.F.);
#4195 = FACE_BOUND('',#4196,.F.);
#4196 = EDGE_LOOP('',(#4197,#4218,#4219,#4240));
#4197 = ORIENTED_EDGE('',*,*,#4198,.F.);
#4198 = EDGE_CURVE('',#3979,#4099,#4199,.T.);
#4199 = SURFACE_CURVE('',#4200,(#4204,#4211),.PCURVE_S1.);
#4200 = LINE('',#4201,#4202);
#4201 = CARTESIAN_POINT('',(30.71,59.99,28.6));
#4202 = VECTOR('',#4203,1.);
#4203 = DIRECTION('',(1.,0.,-0.));
#4204 = PCURVE('',#4001,#4205);
#4205 = DEFINITIONAL_REPRESENTATION('',(#4206),#4210);
#4206 = LINE('',#4207,#4208);
#4207 = CARTESIAN_POINT('',(0.,0.));
#4208 = VECTOR('',#4209,1.);
#4209 = DIRECTION('',(0.,1.));
#4210 = ( GEOMETRIC_REPRESENTATION_CONTEXT(2) 
PARAMETRIC_REPRESENTATION_CONTEXT() REPRESENTATION_CONTEXT('2D SPACE',''
  ) );
#4211 = PCURVE('',#4029,#4212);
#4212 = DEFINITIONAL_REPRESENTATION('',(#4213),#4217);
#4213 = LINE('',#4214,#4215);
#4214 = CARTESIAN_POINT('',(0.,0.));
#4215 = VECTOR('',#4216,1.);
#4216 = DIRECTION('',(1.,0.));
#4217 = ( GEOMETRIC_REPRESENTATION_CONTEXT(2) 
PARAMETRIC_REPRESENTATION_CONTEXT() REPRESENTATION_CONTEXT('2D SPACE',''
  ) );
#4218 = ORIENTED_EDGE('',*,*,#3978,.T.);
#4219 = ORIENTED_EDGE('',*,*,#4220,.T.);
#4220 = EDGE_CURVE('',#3981,#4101,#4221,.T.);
#4221 = SURFACE_CURVE('',#4222,(#4226,#4233),.PCURVE_S1.);
#4222 = LINE('',#4223,#4224);
#4223 = CARTESIAN_POINT('',(30.71,59.99,32.1));
#4224 = VECTOR('',#4225,1.);
#4225 = DIRECTION('',(1.,0.,-0.));
#4226 = PCURVE('',#4001,#4227);
#4227 = DEFINITIONAL_REPRESENTATION('',(#4228),#4232);
#4228 = LINE('',#4229,#4230);
#4229 = CARTESIAN_POINT('',(3.5,0.));
#4230 = VECTOR('',#4231,1.);
#4231 = DIRECTION('',(0.,1.));
#4232 = ( GEOMETRIC_REPRESENTATION_CONTEXT(2) 
PARAMETRIC_REPRESENTATION_CONTEXT() REPRESENTATION_CONTEXT('2D SPACE',''
  ) );
#4233 = PCURVE('',#4083,#4234);
#4234 = DEFINITIONAL_REPRESENTATION('',(#4235),#4239);
#4235 = LINE('',#4236,#4237);
#4236 = CARTESIAN_POINT('',(0.,0.));
#4237 = VECTOR('',#4238,1.);
#4238 = DIRECTION('',(1.,0.));
#4239 = ( GEOMETRIC_REPRESENTATION_CONTEXT(2) 
PARAMETRIC_REPRESENTATION_CONTEXT() REPRESENTATION_CONTEXT('2D SPACE',''
  ) );
#4240 = ORIENTED_EDGE('',*,*,#4098,.F.);
#4241 = ADVANCED_FACE('',(#4242),#4057,.T.);
#4242 = FACE_BOUND('',#4243,.T.);
#4243 = EDGE_LOOP('',(#4244,#4265,#4266,#4287));
#4244 = ORIENTED_EDGE('',*,*,#4245,.F.);
#4245 = EDGE_CURVE('',#4014,#4129,#4246,.T.);
#4246 = SURFACE_CURVE('',#4247,(#4251,#4258),.PCURVE_S1.);
#4247 = LINE('',#4248,#4249);
#4248 = CARTESIAN_POINT('',(30.71,60.55,28.6));
#4249 = VECTOR('',#4250,1.);
#4250 = DIRECTION('',(1.,0.,-0.));
#4251 = PCURVE('',#4057,#4252);
#4252 = DEFINITIONAL_REPRESENTATION('',(#4253),#4257);
#4253 = LINE('',#4254,#4255);
#4254 = CARTESIAN_POINT('',(0.,0.));
#4255 = VECTOR('',#4256,1.);
#4256 = DIRECTION('',(0.,1.));
#4257 = ( GEOMETRIC_REPRESENTATION_CONTEXT(2) 
PARAMETRIC_REPRESENTATION_CONTEXT() REPRESENTATION_CONTEXT('2D SPACE',''
  ) );
#4258 = PCURVE('',#4029,#4259);
#4259 = DEFINITIONAL_REPRESENTATION('',(#4260),#4264);
#4260 = LINE('',#4261,#4262);
#4261 = CARTESIAN_POINT('',(0.,0.56));
#4262 = VECTOR('',#4263,1.);
#4263 = DIRECTION('',(1.,0.));
#4264 = ( GEOMETRIC_REPRESENTATION_CONTEXT(2) 
PARAMETRIC_REPRESENTATION_CONTEXT() REPRESENTATION_CONTEXT('2D SPACE',''
  ) );
#4265 = ORIENTED_EDGE('',*,*,#4041,.T.);
#4266 = ORIENTED_EDGE('',*,*,#4267,.T.);
#4267 = EDGE_CURVE('',#4042,#4152,#4268,.T.);
#4268 = SURFACE_CURVE('',#4269,(#4273,#4280),.PCURVE_S1.);
#4269 = LINE('',#4270,#4271);
#4270 = CARTESIAN_POINT('',(30.71,60.55,32.1));
#4271 = VECTOR('',#4272,1.);
#4272 = DIRECTION('',(1.,0.,-0.));
#4273 = PCURVE('',#4057,#4274);
#4274 = DEFINITIONAL_REPRESENTATION('',(#4275),#4279);
#4275 = LINE('',#4276,#4277);
#4276 = CARTESIAN_POINT('',(3.5,0.));
#4277 = VECTOR('',#4278,1.);
#4278 = DIRECTION('',(0.,1.));
#4279 = ( GEOMETRIC_REPRESENTATION_CONTEXT(2) 
PARAMETRIC_REPRESENTATION_CONTEXT() REPRESENTATION_CONTEXT('2D SPACE',''
  ) );
#4280 = PCURVE('',#4083,#4281);
#4281 = DEFINITIONAL_REPRESENTATION('',(#4282),#4286);
#4282 = LINE('',#4283,#4284);
#4283 = CARTESIAN_POINT('',(0.,0.56));
#4284 = VECTOR('',#4285,1.);
#4285 = DIRECTION('',(1.,0.));
#4286 = ( GEOMETRIC_REPRESENTATION_CONTEXT(2) 
PARAMETRIC_REPRESENTATION_CONTEXT() REPRESENTATION_CONTEXT('2D SPACE',''
  ) );
#4287 = ORIENTED_EDGE('',*,*,#4151,.F.);
#4288 = ADVANCED_FACE('',(#4289),#4029,.F.);
#4289 = FACE_BOUND('',#4290,.F.);
#4290 = EDGE_LOOP('',(#4291,#4292,#4293,#4294));
#4291 = ORIENTED_EDGE('',*,*,#4013,.F.);
#4292 = ORIENTED_EDGE('',*,*,#4198,.T.);
#4293 = ORIENTED_EDGE('',*,*,#4128,.T.);
#4294 = ORIENTED_EDGE('',*,*,#4245,.F.);
#4295 = ADVANCED_FACE('',(#4296),#4083,.T.);
#4296 = FACE_BOUND('',#4297,.T.);
#4297 = EDGE_LOOP('',(#4298,#4299,#4300,#4301));
#4298 = ORIENTED_EDGE('',*,*,#4069,.F.);
#4299 = ORIENTED_EDGE('',*,*,#4220,.T.);
#4300 = ORIENTED_EDGE('',*,*,#4174,.T.);
#4301 = ORIENTED_EDGE('',*,*,#4267,.F.);
#4302 = ( GEOMETRIC_REPRESENTATION_CONTEXT(3) 
GLOBAL_UNCERTAINTY_ASSIGNED_CONTEXT((#4306)) 
GLOBAL_UNIT_ASSIGNED_CONTEXT((#4303,#4304,#4305)) REPRESENTATION_CONTEXT
('Context #1','3D Context with UNIT and UNCERTAINTY') );
#4303 = ( LENGTH_UNIT() NAMED_UNIT(*) SI_UNIT(.MILLI.,.METRE.) );
#4304 = ( NAMED_UNIT(*) PLANE_ANGLE_UNIT() SI_UNIT($,.RADIAN.) );
#4305 = ( NAMED_UNIT(*) SI_UNIT($,.STERADIAN.) SOLID_ANGLE_UNIT() );
#4306 = UNCERTAINTY_MEASURE_WITH_UNIT(LENGTH_MEASURE(1.E-07),#4303,
  'distance_accuracy_value','confusion accuracy');
#4307 = CONTEXT_DEPENDENT_SHAPE_REPRESENTATION(#4308,#4310);
#4308 = ( REPRESENTATION_RELATIONSHIP('','',#3971,#10) 
REPRESENTATION_RELATIONSHIP_WITH_TRANSFORMATION(#4309) 
SHAPE_REPRESENTATION_RELATIONSHIP() );
#4309 = ITEM_DEFINED_TRANSFORMATION('','',#11,#43);
#4310 = PRODUCT_DEFINITION_SHAPE('Placement','Placement of an item',
  #4311);
#4311 = NEXT_ASSEMBLY_USAGE_OCCURRENCE('8','','',#5,#3966,$);
#4312 = PRODUCT_RELATED_PRODUCT_CATEGORY('part',$,(#3968));
#4313 = SHAPE_DEFINITION_REPRESENTATION(#4314,#4320);
#4314 = PRODUCT_DEFINITION_SHAPE('','',#4315);
#4315 = PRODUCT_DEFINITION('design','',#4316,#4319);
#4316 = PRODUCT_DEFINITION_FORMATION('','',#4317);
#4317 = PRODUCT('Open CASCADE STEP translator 7.8 1.9',
  'Open CASCADE STEP translator 7.8 1.9','',(#4318));
#4318 = PRODUCT_CONTEXT('',#2,'mechanical');
#4319 = PRODUCT_DEFINITION_CONTEXT('part definition',#2,'design');
#4320 = ADVANCED_BREP_SHAPE_REPRESENTATION('',(#11,#4321),#4651);
#4321 = MANIFOLD_SOLID_BREP('',#4322);
#4322 = CLOSED_SHELL('',(#4323,#4443,#4543,#4590,#4637,#4644));
#4323 = ADVANCED_FACE('',(#4324),#4338,.F.);
#4324 = FACE_BOUND('',#4325,.F.);
#4325 = EDGE_LOOP('',(#4326,#4361,#4389,#4417));
#4326 = ORIENTED_EDGE('',*,*,#4327,.F.);
#4327 = EDGE_CURVE('',#4328,#4330,#4332,.T.);
#4328 = VERTEX_POINT('',#4329);
#4329 = CARTESIAN_POINT('',(30.71,57.45,28.6));
#4330 = VERTEX_POINT('',#4331);
#4331 = CARTESIAN_POINT('',(30.71,57.45,32.1));
#4332 = SURFACE_CURVE('',#4333,(#4337,#4349),.PCURVE_S1.);
#4333 = LINE('',#4334,#4335);
#4334 = CARTESIAN_POINT('',(30.71,57.45,28.6));
#4335 = VECTOR('',#4336,1.);
#4336 = DIRECTION('',(0.,0.,1.));
#4337 = PCURVE('',#4338,#4343);
#4338 = PLANE('',#4339);
#4339 = AXIS2_PLACEMENT_3D('',#4340,#4341,#4342);
#4340 = CARTESIAN_POINT('',(30.71,57.45,28.6));
#4341 = DIRECTION('',(1.,0.,-0.));
#4342 = DIRECTION('',(0.,0.,1.));
#4343 = DEFINITIONAL_REPRESENTATION('',(#4344),#4348);
#4344 = LINE('',#4345,#4346);
#4345 = CARTESIAN_POINT('',(0.,0.));
#4346 = VECTOR('',#4347,1.);
#4347 = DIRECTION('',(1.,0.));
#4348 = ( GEOMETRIC_REPRESENTATION_CONTEXT(2) 
PARAMETRIC_REPRESENTATION_CONTEXT() REPRESENTATION_CONTEXT('2D SPACE',''
  ) );
#4349 = PCURVE('',#4350,#4355);
#4350 = PLANE('',#4351);
#4351 = AXIS2_PLACEMENT_3D('',#4352,#4353,#4354);
#4352 = CARTESIAN_POINT('',(30.71,57.45,28.6));
#4353 = DIRECTION('',(-0.,1.,0.));
#4354 = DIRECTION('',(0.,0.,1.));
#4355 = DEFINITIONAL_REPRESENTATION('',(#4356),#4360);
#4356 = LINE('',#4357,#4358);
#4357 = CARTESIAN_POINT('',(0.,0.));
#4358 = VECTOR('',#4359,1.);
#4359 = DIRECTION('',(1.,0.));
#4360 = ( GEOMETRIC_REPRESENTATION_CONTEXT(2) 
PARAMETRIC_REPRESENTATION_CONTEXT() REPRESENTATION_CONTEXT('2D SPACE',''
  ) );
#4361 = ORIENTED_EDGE('',*,*,#4362,.T.);
#4362 = EDGE_CURVE('',#4328,#4363,#4365,.T.);
#4363 = VERTEX_POINT('',#4364);
#4364 = CARTESIAN_POINT('',(30.71,58.01,28.6));
#4365 = SURFACE_CURVE('',#4366,(#4370,#4377),.PCURVE_S1.);
#4366 = LINE('',#4367,#4368);
#4367 = CARTESIAN_POINT('',(30.71,57.45,28.6));
#4368 = VECTOR('',#4369,1.);
#4369 = DIRECTION('',(-0.,1.,0.));
#4370 = PCURVE('',#4338,#4371);
#4371 = DEFINITIONAL_REPRESENTATION('',(#4372),#4376);
#4372 = LINE('',#4373,#4374);
#4373 = CARTESIAN_POINT('',(0.,0.));
#4374 = VECTOR('',#4375,1.);
#4375 = DIRECTION('',(0.,-1.));
#4376 = ( GEOMETRIC_REPRESENTATION_CONTEXT(2) 
PARAMETRIC_REPRESENTATION_CONTEXT() REPRESENTATION_CONTEXT('2D SPACE',''
  ) );
#4377 = PCURVE('',#4378,#4383);
#4378 = PLANE('',#4379);
#4379 = AXIS2_PLACEMENT_3D('',#4380,#4381,#4382);
#4380 = CARTESIAN_POINT('',(30.71,57.45,28.6));
#4381 = DIRECTION('',(0.,0.,1.));
#4382 = DIRECTION('',(1.,0.,-0.));
#4383 = DEFINITIONAL_REPRESENTATION('',(#4384),#4388);
#4384 = LINE('',#4385,#4386);
#4385 = CARTESIAN_POINT('',(0.,0.));
#4386 = VECTOR('',#4387,1.);
#4387 = DIRECTION('',(0.,1.));
#4388 = ( GEOMETRIC_REPRESENTATION_CONTEXT(2) 
PARAMETRIC_REPRESENTATION_CONTEXT() REPRESENTATION_CONTEXT('2D SPACE',''
  ) );
#4389 = ORIENTED_EDGE('',*,*,#4390,.T.);
#4390 = EDGE_CURVE('',#4363,#4391,#4393,.T.);
#4391 = VERTEX_POINT('',#4392);
#4392 = CARTESIAN_POINT('',(30.71,58.01,32.1));
#4393 = SURFACE_CURVE('',#4394,(#4398,#4405),.PCURVE_S1.);
#4394 = LINE('',#4395,#4396);
#4395 = CARTESIAN_POINT('',(30.71,58.01,28.6));
#4396 = VECTOR('',#4397,1.);
#4397 = DIRECTION('',(0.,0.,1.));
#4398 = PCURVE('',#4338,#4399);
#4399 = DEFINITIONAL_REPRESENTATION('',(#4400),#4404);
#4400 = LINE('',#4401,#4402);
#4401 = CARTESIAN_POINT('',(0.,-0.56));
#4402 = VECTOR('',#4403,1.);
#4403 = DIRECTION('',(1.,0.));
#4404 = ( GEOMETRIC_REPRESENTATION_CONTEXT(2) 
PARAMETRIC_REPRESENTATION_CONTEXT() REPRESENTATION_CONTEXT('2D SPACE',''
  ) );
#4405 = PCURVE('',#4406,#4411);
#4406 = PLANE('',#4407);
#4407 = AXIS2_PLACEMENT_3D('',#4408,#4409,#4410);
#4408 = CARTESIAN_POINT('',(30.71,58.01,28.6));
#4409 = DIRECTION('',(-0.,1.,0.));
#4410 = DIRECTION('',(0.,0.,1.));
#4411 = DEFINITIONAL_REPRESENTATION('',(#4412),#4416);
#4412 = LINE('',#4413,#4414);
#4413 = CARTESIAN_POINT('',(0.,0.));
#4414 = VECTOR('',#4415,1.);
#4415 = DIRECTION('',(1.,0.));
#4416 = ( GEOMETRIC_REPRESENTATION_CONTEXT(2) 
PARAMETRIC_REPRESENTATION_CONTEXT() REPRESENTATION_CONTEXT('2D SPACE',''
  ) );
#4417 = ORIENTED_EDGE('',*,*,#4418,.F.);
#4418 = EDGE_CURVE('',#4330,#4391,#4419,.T.);
#4419 = SURFACE_CURVE('',#4420,(#4424,#4431),.PCURVE_S1.);
#4420 = LINE('',#4421,#4422);
#4421 = CARTESIAN_POINT('',(30.71,57.45,32.1));
#4422 = VECTOR('',#4423,1.);
#4423 = DIRECTION('',(-0.,1.,0.));
#4424 = PCURVE('',#4338,#4425);
#4425 = DEFINITIONAL_REPRESENTATION('',(#4426),#4430);
#4426 = LINE('',#4427,#4428);
#4427 = CARTESIAN_POINT('',(3.5,0.));
#4428 = VECTOR('',#4429,1.);
#4429 = DIRECTION('',(0.,-1.));
#4430 = ( GEOMETRIC_REPRESENTATION_CONTEXT(2) 
PARAMETRIC_REPRESENTATION_CONTEXT() REPRESENTATION_CONTEXT('2D SPACE',''
  ) );
#4431 = PCURVE('',#4432,#4437);
#4432 = PLANE('',#4433);
#4433 = AXIS2_PLACEMENT_3D('',#4434,#4435,#4436);
#4434 = CARTESIAN_POINT('',(30.71,57.45,32.1));
#4435 = DIRECTION('',(0.,0.,1.));
#4436 = DIRECTION('',(1.,0.,-0.));
#4437 = DEFINITIONAL_REPRESENTATION('',(#4438),#4442);
#4438 = LINE('',#4439,#4440);
#4439 = CARTESIAN_POINT('',(0.,0.));
#4440 = VECTOR('',#4441,1.);
#4441 = DIRECTION('',(0.,1.));
#4442 = ( GEOMETRIC_REPRESENTATION_CONTEXT(2) 
PARAMETRIC_REPRESENTATION_CONTEXT() REPRESENTATION_CONTEXT('2D SPACE',''
  ) );
#4443 = ADVANCED_FACE('',(#4444),#4458,.T.);
#4444 = FACE_BOUND('',#4445,.T.);
#4445 = EDGE_LOOP('',(#4446,#4476,#4499,#4522));
#4446 = ORIENTED_EDGE('',*,*,#4447,.F.);
#4447 = EDGE_CURVE('',#4448,#4450,#4452,.T.);
#4448 = VERTEX_POINT('',#4449);
#4449 = CARTESIAN_POINT('',(31.17,57.45,28.6));
#4450 = VERTEX_POINT('',#4451);
#4451 = CARTESIAN_POINT('',(31.17,57.45,32.1));
#4452 = SURFACE_CURVE('',#4453,(#4457,#4469),.PCURVE_S1.);
#4453 = LINE('',#4454,#4455);
#4454 = CARTESIAN_POINT('',(31.17,57.45,28.6));
#4455 = VECTOR('',#4456,1.);
#4456 = DIRECTION('',(0.,0.,1.));
#4457 = PCURVE('',#4458,#4463);
#4458 = PLANE('',#4459);
#4459 = AXIS2_PLACEMENT_3D('',#4460,#4461,#4462);
#4460 = CARTESIAN_POINT('',(31.17,57.45,28.6));
#4461 = DIRECTION('',(1.,0.,-0.));
#4462 = DIRECTION('',(0.,0.,1.));
#4463 = DEFINITIONAL_REPRESENTATION('',(#4464),#4468);
#4464 = LINE('',#4465,#4466);
#4465 = CARTESIAN_POINT('',(0.,0.));
#4466 = VECTOR('',#4467,1.);
#4467 = DIRECTION('',(1.,0.));
#4468 = ( GEOMETRIC_REPRESENTATION_CONTEXT(2) 
PARAMETRIC_REPRESENTATION_CONTEXT() REPRESENTATION_CONTEXT('2D SPACE',''
  ) );
#4469 = PCURVE('',#4350,#4470);
#4470 = DEFINITIONAL_REPRESENTATION('',(#4471),#4475);
#4471 = LINE('',#4472,#4473);
#4472 = CARTESIAN_POINT('',(0.,0.46));
#4473 = VECTOR('',#4474,1.);
#4474 = DIRECTION('',(1.,0.));
#4475 = ( GEOMETRIC_REPRESENTATION_CONTEXT(2) 
PARAMETRIC_REPRESENTATION_CONTEXT() REPRESENTATION_CONTEXT('2D SPACE',''
  ) );
#4476 = ORIENTED_EDGE('',*,*,#4477,.T.);
#4477 = EDGE_CURVE('',#4448,#4478,#4480,.T.);
#4478 = VERTEX_POINT('',#4479);
#4479 = CARTESIAN_POINT('',(31.17,58.01,28.6));
#4480 = SURFACE_CURVE('',#4481,(#4485,#4492),.PCURVE_S1.);
#4481 = LINE('',#4482,#4483);
#4482 = CARTESIAN_POINT('',(31.17,57.45,28.6));
#4483 = VECTOR('',#4484,1.);
#4484 = DIRECTION('',(-0.,1.,0.));
#4485 = PCURVE('',#4458,#4486);
#4486 = DEFINITIONAL_REPRESENTATION('',(#4487),#4491);
#4487 = LINE('',#4488,#4489);
#4488 = CARTESIAN_POINT('',(0.,0.));
#4489 = VECTOR('',#4490,1.);
#4490 = DIRECTION('',(0.,-1.));
#4491 = ( GEOMETRIC_REPRESENTATION_CONTEXT(2) 
PARAMETRIC_REPRESENTATION_CONTEXT() REPRESENTATION_CONTEXT('2D SPACE',''
  ) );
#4492 = PCURVE('',#4378,#4493);
#4493 = DEFINITIONAL_REPRESENTATION('',(#4494),#4498);
#4494 = LINE('',#4495,#4496);
#4495 = CARTESIAN_POINT('',(0.46,0.));
#4496 = VECTOR('',#4497,1.);
#4497 = DIRECTION('',(0.,1.));
#4498 = ( GEOMETRIC_REPRESENTATION_CONTEXT(2) 
PARAMETRIC_REPRESENTATION_CONTEXT() REPRESENTATION_CONTEXT('2D SPACE',''
  ) );
#4499 = ORIENTED_EDGE('',*,*,#4500,.T.);
#4500 = EDGE_CURVE('',#4478,#4501,#4503,.T.);
#4501 = VERTEX_POINT('',#4502);
#4502 = CARTESIAN_POINT('',(31.17,58.01,32.1));
#4503 = SURFACE_CURVE('',#4504,(#4508,#4515),.PCURVE_S1.);
#4504 = LINE('',#4505,#4506);
#4505 = CARTESIAN_POINT('',(31.17,58.01,28.6));
#4506 = VECTOR('',#4507,1.);
#4507 = DIRECTION('',(0.,0.,1.));
#4508 = PCURVE('',#4458,#4509);
#4509 = DEFINITIONAL_REPRESENTATION('',(#4510),#4514);
#4510 = LINE('',#4511,#4512);
#4511 = CARTESIAN_POINT('',(0.,-0.56));
#4512 = VECTOR('',#4513,1.);
#4513 = DIRECTION('',(1.,0.));
#4514 = ( GEOMETRIC_REPRESENTATION_CONTEXT(2) 
PARAMETRIC_REPRESENTATION_CONTEXT() REPRESENTATION_CONTEXT('2D SPACE',''
  ) );
#4515 = PCURVE('',#4406,#4516);
#4516 = DEFINITIONAL_REPRESENTATION('',(#4517),#4521);
#4517 = LINE('',#4518,#4519);
#4518 = CARTESIAN_POINT('',(0.,0.46));
#4519 = VECTOR('',#4520,1.);
#4520 = DIRECTION('',(1.,0.));
#4521 = ( GEOMETRIC_REPRESENTATION_CONTEXT(2) 
PARAMETRIC_REPRESENTATION_CONTEXT() REPRESENTATION_CONTEXT('2D SPACE',''
  ) );
#4522 = ORIENTED_EDGE('',*,*,#4523,.F.);
#4523 = EDGE_CURVE('',#4450,#4501,#4524,.T.);
#4524 = SURFACE_CURVE('',#4525,(#4529,#4536),.PCURVE_S1.);
#4525 = LINE('',#4526,#4527);
#4526 = CARTESIAN_POINT('',(31.17,57.45,32.1));
#4527 = VECTOR('',#4528,1.);
#4528 = DIRECTION('',(-0.,1.,0.));
#4529 = PCURVE('',#4458,#4530);
#4530 = DEFINITIONAL_REPRESENTATION('',(#4531),#4535);
#4531 = LINE('',#4532,#4533);
#4532 = CARTESIAN_POINT('',(3.5,0.));
#4533 = VECTOR('',#4534,1.);
#4534 = DIRECTION('',(0.,-1.));
#4535 = ( GEOMETRIC_REPRESENTATION_CONTEXT(2) 
PARAMETRIC_REPRESENTATION_CONTEXT() REPRESENTATION_CONTEXT('2D SPACE',''
  ) );
#4536 = PCURVE('',#4432,#4537);
#4537 = DEFINITIONAL_REPRESENTATION('',(#4538),#4542);
#4538 = LINE('',#4539,#4540);
#4539 = CARTESIAN_POINT('',(0.46,0.));
#4540 = VECTOR('',#4541,1.);
#4541 = DIRECTION('',(0.,1.));
#4542 = ( GEOMETRIC_REPRESENTATION_CONTEXT(2) 
PARAMETRIC_REPRESENTATION_CONTEXT() REPRESENTATION_CONTEXT('2D SPACE',''
  ) );
#4543 = ADVANCED_FACE('',(#4544),#4350,.F.);
#4544 = FACE_BOUND('',#4545,.F.);
#4545 = EDGE_LOOP('',(#4546,#4567,#4568,#4589));
#4546 = ORIENTED_EDGE('',*,*,#4547,.F.);
#4547 = EDGE_CURVE('',#4328,#4448,#4548,.T.);
#4548 = SURFACE_CURVE('',#4549,(#4553,#4560),.PCURVE_S1.);
#4549 = LINE('',#4550,#4551);
#4550 = CARTESIAN_POINT('',(30.71,57.45,28.6));
#4551 = VECTOR('',#4552,1.);
#4552 = DIRECTION('',(1.,0.,-0.));
#4553 = PCURVE('',#4350,#4554);
#4554 = DEFINITIONAL_REPRESENTATION('',(#4555),#4559);
#4555 = LINE('',#4556,#4557);
#4556 = CARTESIAN_POINT('',(0.,0.));
#4557 = VECTOR('',#4558,1.);
#4558 = DIRECTION('',(0.,1.));
#4559 = ( GEOMETRIC_REPRESENTATION_CONTEXT(2) 
PARAMETRIC_REPRESENTATION_CONTEXT() REPRESENTATION_CONTEXT('2D SPACE',''
  ) );
#4560 = PCURVE('',#4378,#4561);
#4561 = DEFINITIONAL_REPRESENTATION('',(#4562),#4566);
#4562 = LINE('',#4563,#4564);
#4563 = CARTESIAN_POINT('',(0.,0.));
#4564 = VECTOR('',#4565,1.);
#4565 = DIRECTION('',(1.,0.));
#4566 = ( GEOMETRIC_REPRESENTATION_CONTEXT(2) 
PARAMETRIC_REPRESENTATION_CONTEXT() REPRESENTATION_CONTEXT('2D SPACE',''
  ) );
#4567 = ORIENTED_EDGE('',*,*,#4327,.T.);
#4568 = ORIENTED_EDGE('',*,*,#4569,.T.);
#4569 = EDGE_CURVE('',#4330,#4450,#4570,.T.);
#4570 = SURFACE_CURVE('',#4571,(#4575,#4582),.PCURVE_S1.);
#4571 = LINE('',#4572,#4573);
#4572 = CARTESIAN_POINT('',(30.71,57.45,32.1));
#4573 = VECTOR('',#4574,1.);
#4574 = DIRECTION('',(1.,0.,-0.));
#4575 = PCURVE('',#4350,#4576);
#4576 = DEFINITIONAL_REPRESENTATION('',(#4577),#4581);
#4577 = LINE('',#4578,#4579);
#4578 = CARTESIAN_POINT('',(3.5,0.));
#4579 = VECTOR('',#4580,1.);
#4580 = DIRECTION('',(0.,1.));
#4581 = ( GEOMETRIC_REPRESENTATION_CONTEXT(2) 
PARAMETRIC_REPRESENTATION_CONTEXT() REPRESENTATION_CONTEXT('2D SPACE',''
  ) );
#4582 = PCURVE('',#4432,#4583);
#4583 = DEFINITIONAL_REPRESENTATION('',(#4584),#4588);
#4584 = LINE('',#4585,#4586);
#4585 = CARTESIAN_POINT('',(0.,0.));
#4586 = VECTOR('',#4587,1.);
#4587 = DIRECTION('',(1.,0.));
#4588 = ( GEOMETRIC_REPRESENTATION_CONTEXT(2) 
PARAMETRIC_REPRESENTATION_CONTEXT() REPRESENTATION_CONTEXT('2D SPACE',''
  ) );
#4589 = ORIENTED_EDGE('',*,*,#4447,.F.);
#4590 = ADVANCED_FACE('',(#4591),#4406,.T.);
#4591 = FACE_BOUND('',#4592,.T.);
#4592 = EDGE_LOOP('',(#4593,#4614,#4615,#4636));
#4593 = ORIENTED_EDGE('',*,*,#4594,.F.);
#4594 = EDGE_CURVE('',#4363,#4478,#4595,.T.);
#4595 = SURFACE_CURVE('',#4596,(#4600,#4607),.PCURVE_S1.);
#4596 = LINE('',#4597,#4598);
#4597 = CARTESIAN_POINT('',(30.71,58.01,28.6));
#4598 = VECTOR('',#4599,1.);
#4599 = DIRECTION('',(1.,0.,-0.));
#4600 = PCURVE('',#4406,#4601);
#4601 = DEFINITIONAL_REPRESENTATION('',(#4602),#4606);
#4602 = LINE('',#4603,#4604);
#4603 = CARTESIAN_POINT('',(0.,0.));
#4604 = VECTOR('',#4605,1.);
#4605 = DIRECTION('',(0.,1.));
#4606 = ( GEOMETRIC_REPRESENTATION_CONTEXT(2) 
PARAMETRIC_REPRESENTATION_CONTEXT() REPRESENTATION_CONTEXT('2D SPACE',''
  ) );
#4607 = PCURVE('',#4378,#4608);
#4608 = DEFINITIONAL_REPRESENTATION('',(#4609),#4613);
#4609 = LINE('',#4610,#4611);
#4610 = CARTESIAN_POINT('',(0.,0.56));
#4611 = VECTOR('',#4612,1.);
#4612 = DIRECTION('',(1.,0.));
#4613 = ( GEOMETRIC_REPRESENTATION_CONTEXT(2) 
PARAMETRIC_REPRESENTATION_CONTEXT() REPRESENTATION_CONTEXT('2D SPACE',''
  ) );
#4614 = ORIENTED_EDGE('',*,*,#4390,.T.);
#4615 = ORIENTED_EDGE('',*,*,#4616,.T.);
#4616 = EDGE_CURVE('',#4391,#4501,#4617,.T.);
#4617 = SURFACE_CURVE('',#4618,(#4622,#4629),.PCURVE_S1.);
#4618 = LINE('',#4619,#4620);
#4619 = CARTESIAN_POINT('',(30.71,58.01,32.1));
#4620 = VECTOR('',#4621,1.);
#4621 = DIRECTION('',(1.,0.,-0.));
#4622 = PCURVE('',#4406,#4623);
#4623 = DEFINITIONAL_REPRESENTATION('',(#4624),#4628);
#4624 = LINE('',#4625,#4626);
#4625 = CARTESIAN_POINT('',(3.5,0.));
#4626 = VECTOR('',#4627,1.);
#4627 = DIRECTION('',(0.,1.));
#4628 = ( GEOMETRIC_REPRESENTATION_CONTEXT(2) 
PARAMETRIC_REPRESENTATION_CONTEXT() REPRESENTATION_CONTEXT('2D SPACE',''
  ) );
#4629 = PCURVE('',#4432,#4630);
#4630 = DEFINITIONAL_REPRESENTATION('',(#4631),#4635);
#4631 = LINE('',#4632,#4633);
#4632 = CARTESIAN_POINT('',(0.,0.56));
#4633 = VECTOR('',#4634,1.);
#4634 = DIRECTION('',(1.,0.));
#4635 = ( GEOMETRIC_REPRESENTATION_CONTEXT(2) 
PARAMETRIC_REPRESENTATION_CONTEXT() REPRESENTATION_CONTEXT('2D SPACE',''
  ) );
#4636 = ORIENTED_EDGE('',*,*,#4500,.F.);
#4637 = ADVANCED_FACE('',(#4638),#4378,.F.);
#4638 = FACE_BOUND('',#4639,.F.);
#4639 = EDGE_LOOP('',(#4640,#4641,#4642,#4643));
#4640 = ORIENTED_EDGE('',*,*,#4362,.F.);
#4641 = ORIENTED_EDGE('',*,*,#4547,.T.);
#4642 = ORIENTED_EDGE('',*,*,#4477,.T.);
#4643 = ORIENTED_EDGE('',*,*,#4594,.F.);
#4644 = ADVANCED_FACE('',(#4645),#4432,.T.);
#4645 = FACE_BOUND('',#4646,.T.);
#4646 = EDGE_LOOP('',(#4647,#4648,#4649,#4650));
#4647 = ORIENTED_EDGE('',*,*,#4418,.F.);
#4648 = ORIENTED_EDGE('',*,*,#4569,.T.);
#4649 = ORIENTED_EDGE('',*,*,#4523,.T.);
#4650 = ORIENTED_EDGE('',*,*,#4616,.F.);
#4651 = ( GEOMETRIC_REPRESENTATION_CONTEXT(3) 
GLOBAL_UNCERTAINTY_ASSIGNED_CONTEXT((#4655)) 
GLOBAL_UNIT_ASSIGNED_CONTEXT((#4652,#4653,#4654)) REPRESENTATION_CONTEXT
('Context #1','3D Context with UNIT and UNCERTAINTY') );
#4652 = ( LENGTH_UNIT() NAMED_UNIT(*) SI_UNIT(.MILLI.,.METRE.) );
#4653 = ( NAMED_UNIT(*) PLANE_ANGLE_UNIT() SI_UNIT($,.RADIAN.) );
#4654 = ( NAMED_UNIT(*) SI_UNIT($,.STERADIAN.) SOLID_ANGLE_UNIT() );
#4655 = UNCERTAINTY_MEASURE_WITH_UNIT(LENGTH_MEASURE(1.E-07),#4652,
  'distance_accuracy_value','confusion accuracy');
#4656 = CONTEXT_DEPENDENT_SHAPE_REPRESENTATION(#4657,#4659);
#4657 = ( REPRESENTATION_RELATIONSHIP('','',#4320,#10) 
REPRESENTATION_RELATIONSHIP_WITH_TRANSFORMATION(#4658) 
SHAPE_REPRESENTATION_RELATIONSHIP() );
#4658 = ITEM_DEFINED_TRANSFORMATION('','',#11,#47);
#4659 = PRODUCT_DEFINITION_SHAPE('Placement','Placement of an item',
  #4660);
#4660 = NEXT_ASSEMBLY_USAGE_OCCURRENCE('9','','',#5,#4315,$);
#4661 = PRODUCT_RELATED_PRODUCT_CATEGORY('part',$,(#4317));
#4662 = SHAPE_DEFINITION_REPRESENTATION(#4663,#4669);
#4663 = PRODUCT_DEFINITION_SHAPE('','',#4664);
#4664 = PRODUCT_DEFINITION('design','',#4665,#4668);
#4665 = PRODUCT_DEFINITION_FORMATION('','',#4666);
#4666 = PRODUCT('Open CASCADE STEP translator 7.8 1.10',
  'Open CASCADE STEP translator 7.8 1.10','',(#4667));
#4667 = PRODUCT_CONTEXT('',#2,'mechanical');
#4668 = PRODUCT_DEFINITION_CONTEXT('part definition',#2,'design');
#4669 = ADVANCED_BREP_SHAPE_REPRESENTATION('',(#11,#4670),#5000);
#4670 = MANIFOLD_SOLID_BREP('',#4671);
#4671 = CLOSED_SHELL('',(#4672,#4792,#4892,#4939,#4986,#4993));
#4672 = ADVANCED_FACE('',(#4673),#4687,.F.);
#4673 = FACE_BOUND('',#4674,.F.);
#4674 = EDGE_LOOP('',(#4675,#4710,#4738,#4766));
#4675 = ORIENTED_EDGE('',*,*,#4676,.F.);
#4676 = EDGE_CURVE('',#4677,#4679,#4681,.T.);
#4677 = VERTEX_POINT('',#4678);
#4678 = CARTESIAN_POINT('',(30.71,54.91,28.6));
#4679 = VERTEX_POINT('',#4680);
#4680 = CARTESIAN_POINT('',(30.71,54.91,32.1));
#4681 = SURFACE_CURVE('',#4682,(#4686,#4698),.PCURVE_S1.);
#4682 = LINE('',#4683,#4684);
#4683 = CARTESIAN_POINT('',(30.71,54.91,28.6));
#4684 = VECTOR('',#4685,1.);
#4685 = DIRECTION('',(0.,0.,1.));
#4686 = PCURVE('',#4687,#4692);
#4687 = PLANE('',#4688);
#4688 = AXIS2_PLACEMENT_3D('',#4689,#4690,#4691);
#4689 = CARTESIAN_POINT('',(30.71,54.91,28.6));
#4690 = DIRECTION('',(1.,0.,-0.));
#4691 = DIRECTION('',(0.,0.,1.));
#4692 = DEFINITIONAL_REPRESENTATION('',(#4693),#4697);
#4693 = LINE('',#4694,#4695);
#4694 = CARTESIAN_POINT('',(0.,0.));
#4695 = VECTOR('',#4696,1.);
#4696 = DIRECTION('',(1.,0.));
#4697 = ( GEOMETRIC_REPRESENTATION_CONTEXT(2) 
PARAMETRIC_REPRESENTATION_CONTEXT() REPRESENTATION_CONTEXT('2D SPACE',''
  ) );
#4698 = PCURVE('',#4699,#4704);
#4699 = PLANE('',#4700);
#4700 = AXIS2_PLACEMENT_3D('',#4701,#4702,#4703);
#4701 = CARTESIAN_POINT('',(30.71,54.91,28.6));
#4702 = DIRECTION('',(-0.,1.,0.));
#4703 = DIRECTION('',(0.,0.,1.));
#4704 = DEFINITIONAL_REPRESENTATION('',(#4705),#4709);
#4705 = LINE('',#4706,#4707);
#4706 = CARTESIAN_POINT('',(0.,0.));
#4707 = VECTOR('',#4708,1.);
#4708 = DIRECTION('',(1.,0.));
#4709 = ( GEOMETRIC_REPRESENTATION_CONTEXT(2) 
PARAMETRIC_REPRESENTATION_CONTEXT() REPRESENTATION_CONTEXT('2D SPACE',''
  ) );
#4710 = ORIENTED_EDGE('',*,*,#4711,.T.);
#4711 = EDGE_CURVE('',#4677,#4712,#4714,.T.);
#4712 = VERTEX_POINT('',#4713);
#4713 = CARTESIAN_POINT('',(30.71,55.47,28.6));
#4714 = SURFACE_CURVE('',#4715,(#4719,#4726),.PCURVE_S1.);
#4715 = LINE('',#4716,#4717);
#4716 = CARTESIAN_POINT('',(30.71,54.91,28.6));
#4717 = VECTOR('',#4718,1.);
#4718 = DIRECTION('',(-0.,1.,0.));
#4719 = PCURVE('',#4687,#4720);
#4720 = DEFINITIONAL_REPRESENTATION('',(#4721),#4725);
#4721 = LINE('',#4722,#4723);
#4722 = CARTESIAN_POINT('',(0.,0.));
#4723 = VECTOR('',#4724,1.);
#4724 = DIRECTION('',(0.,-1.));
#4725 = ( GEOMETRIC_REPRESENTATION_CONTEXT(2) 
PARAMETRIC_REPRESENTATION_CONTEXT() REPRESENTATION_CONTEXT('2D SPACE',''
  ) );
#4726 = PCURVE('',#4727,#4732);
#4727 = PLANE('',#4728);
#4728 = AXIS2_PLACEMENT_3D('',#4729,#4730,#4731);
#4729 = CARTESIAN_POINT('',(30.71,54.91,28.6));
#4730 = DIRECTION('',(0.,0.,1.));
#4731 = DIRECTION('',(1.,0.,-0.));
#4732 = DEFINITIONAL_REPRESENTATION('',(#4733),#4737);
#4733 = LINE('',#4734,#4735);
#4734 = CARTESIAN_POINT('',(0.,0.));
#4735 = VECTOR('',#4736,1.);
#4736 = DIRECTION('',(0.,1.));
#4737 = ( GEOMETRIC_REPRESENTATION_CONTEXT(2) 
PARAMETRIC_REPRESENTATION_CONTEXT() REPRESENTATION_CONTEXT('2D SPACE',''
  ) );
#4738 = ORIENTED_EDGE('',*,*,#4739,.T.);
#4739 = EDGE_CURVE('',#4712,#4740,#4742,.T.);
#4740 = VERTEX_POINT('',#4741);
#4741 = CARTESIAN_POINT('',(30.71,55.47,32.1));
#4742 = SURFACE_CURVE('',#4743,(#4747,#4754),.PCURVE_S1.);
#4743 = LINE('',#4744,#4745);
#4744 = CARTESIAN_POINT('',(30.71,55.47,28.6));
#4745 = VECTOR('',#4746,1.);
#4746 = DIRECTION('',(0.,0.,1.));
#4747 = PCURVE('',#4687,#4748);
#4748 = DEFINITIONAL_REPRESENTATION('',(#4749),#4753);
#4749 = LINE('',#4750,#4751);
#4750 = CARTESIAN_POINT('',(0.,-0.56));
#4751 = VECTOR('',#4752,1.);
#4752 = DIRECTION('',(1.,0.));
#4753 = ( GEOMETRIC_REPRESENTATION_CONTEXT(2) 
PARAMETRIC_REPRESENTATION_CONTEXT() REPRESENTATION_CONTEXT('2D SPACE',''
  ) );
#4754 = PCURVE('',#4755,#4760);
#4755 = PLANE('',#4756);
#4756 = AXIS2_PLACEMENT_3D('',#4757,#4758,#4759);
#4757 = CARTESIAN_POINT('',(30.71,55.47,28.6));
#4758 = DIRECTION('',(-0.,1.,0.));
#4759 = DIRECTION('',(0.,0.,1.));
#4760 = DEFINITIONAL_REPRESENTATION('',(#4761),#4765);
#4761 = LINE('',#4762,#4763);
#4762 = CARTESIAN_POINT('',(0.,0.));
#4763 = VECTOR('',#4764,1.);
#4764 = DIRECTION('',(1.,0.));
#4765 = ( GEOMETRIC_REPRESENTATION_CONTEXT(2) 
PARAMETRIC_REPRESENTATION_CONTEXT() REPRESENTATION_CONTEXT('2D SPACE',''
  ) );
#4766 = ORIENTED_EDGE('',*,*,#4767,.F.);
#4767 = EDGE_CURVE('',#4679,#4740,#4768,.T.);
#4768 = SURFACE_CURVE('',#4769,(#4773,#4780),.PCURVE_S1.);
#4769 = LINE('',#4770,#4771);
#4770 = CARTESIAN_POINT('',(30.71,54.91,32.1));
#4771 = VECTOR('',#4772,1.);
#4772 = DIRECTION('',(-0.,1.,0.));
#4773 = PCURVE('',#4687,#4774);
#4774 = DEFINITIONAL_REPRESENTATION('',(#4775),#4779);
#4775 = LINE('',#4776,#4777);
#4776 = CARTESIAN_POINT('',(3.5,0.));
#4777 = VECTOR('',#4778,1.);
#4778 = DIRECTION('',(0.,-1.));
#4779 = ( GEOMETRIC_REPRESENTATION_CONTEXT(2) 
PARAMETRIC_REPRESENTATION_CONTEXT() REPRESENTATION_CONTEXT('2D SPACE',''
  ) );
#4780 = PCURVE('',#4781,#4786);
#4781 = PLANE('',#4782);
#4782 = AXIS2_PLACEMENT_3D('',#4783,#4784,#4785);
#4783 = CARTESIAN_POINT('',(30.71,54.91,32.1));
#4784 = DIRECTION('',(0.,0.,1.));
#4785 = DIRECTION('',(1.,0.,-0.));
#4786 = DEFINITIONAL_REPRESENTATION('',(#4787),#4791);
#4787 = LINE('',#4788,#4789);
#4788 = CARTESIAN_POINT('',(0.,0.));
#4789 = VECTOR('',#4790,1.);
#4790 = DIRECTION('',(0.,1.));
#4791 = ( GEOMETRIC_REPRESENTATION_CONTEXT(2) 
PARAMETRIC_REPRESENTATION_CONTEXT() REPRESENTATION_CONTEXT('2D SPACE',''
  ) );
#4792 = ADVANCED_FACE('',(#4793),#4807,.T.);
#4793 = FACE_BOUND('',#4794,.T.);
#4794 = EDGE_LOOP('',(#4795,#4825,#4848,#4871));
#4795 = ORIENTED_EDGE('',*,*,#4796,.F.);
#4796 = EDGE_CURVE('',#4797,#4799,#4801,.T.);
#4797 = VERTEX_POINT('',#4798);
#4798 = CARTESIAN_POINT('',(31.17,54.91,28.6));
#4799 = VERTEX_POINT('',#4800);
#4800 = CARTESIAN_POINT('',(31.17,54.91,32.1));
#4801 = SURFACE_CURVE('',#4802,(#4806,#4818),.PCURVE_S1.);
#4802 = LINE('',#4803,#4804);
#4803 = CARTESIAN_POINT('',(31.17,54.91,28.6));
#4804 = VECTOR('',#4805,1.);
#4805 = DIRECTION('',(0.,0.,1.));
#4806 = PCURVE('',#4807,#4812);
#4807 = PLANE('',#4808);
#4808 = AXIS2_PLACEMENT_3D('',#4809,#4810,#4811);
#4809 = CARTESIAN_POINT('',(31.17,54.91,28.6));
#4810 = DIRECTION('',(1.,0.,-0.));
#4811 = DIRECTION('',(0.,0.,1.));
#4812 = DEFINITIONAL_REPRESENTATION('',(#4813),#4817);
#4813 = LINE('',#4814,#4815);
#4814 = CARTESIAN_POINT('',(0.,0.));
#4815 = VECTOR('',#4816,1.);
#4816 = DIRECTION('',(1.,0.));
#4817 = ( GEOMETRIC_REPRESENTATION_CONTEXT(2) 
PARAMETRIC_REPRESENTATION_CONTEXT() REPRESENTATION_CONTEXT('2D SPACE',''
  ) );
#4818 = PCURVE('',#4699,#4819);
#4819 = DEFINITIONAL_REPRESENTATION('',(#4820),#4824);
#4820 = LINE('',#4821,#4822);
#4821 = CARTESIAN_POINT('',(0.,0.46));
#4822 = VECTOR('',#4823,1.);
#4823 = DIRECTION('',(1.,0.));
#4824 = ( GEOMETRIC_REPRESENTATION_CONTEXT(2) 
PARAMETRIC_REPRESENTATION_CONTEXT() REPRESENTATION_CONTEXT('2D SPACE',''
  ) );
#4825 = ORIENTED_EDGE('',*,*,#4826,.T.);
#4826 = EDGE_CURVE('',#4797,#4827,#4829,.T.);
#4827 = VERTEX_POINT('',#4828);
#4828 = CARTESIAN_POINT('',(31.17,55.47,28.6));
#4829 = SURFACE_CURVE('',#4830,(#4834,#4841),.PCURVE_S1.);
#4830 = LINE('',#4831,#4832);
#4831 = CARTESIAN_POINT('',(31.17,54.91,28.6));
#4832 = VECTOR('',#4833,1.);
#4833 = DIRECTION('',(-0.,1.,0.));
#4834 = PCURVE('',#4807,#4835);
#4835 = DEFINITIONAL_REPRESENTATION('',(#4836),#4840);
#4836 = LINE('',#4837,#4838);
#4837 = CARTESIAN_POINT('',(0.,0.));
#4838 = VECTOR('',#4839,1.);
#4839 = DIRECTION('',(0.,-1.));
#4840 = ( GEOMETRIC_REPRESENTATION_CONTEXT(2) 
PARAMETRIC_REPRESENTATION_CONTEXT() REPRESENTATION_CONTEXT('2D SPACE',''
  ) );
#4841 = PCURVE('',#4727,#4842);
#4842 = DEFINITIONAL_REPRESENTATION('',(#4843),#4847);
#4843 = LINE('',#4844,#4845);
#4844 = CARTESIAN_POINT('',(0.46,0.));
#4845 = VECTOR('',#4846,1.);
#4846 = DIRECTION('',(0.,1.));
#4847 = ( GEOMETRIC_REPRESENTATION_CONTEXT(2) 
PARAMETRIC_REPRESENTATION_CONTEXT() REPRESENTATION_CONTEXT('2D SPACE',''
  ) );
#4848 = ORIENTED_EDGE('',*,*,#4849,.T.);
#4849 = EDGE_CURVE('',#4827,#4850,#4852,.T.);
#4850 = VERTEX_POINT('',#4851);
#4851 = CARTESIAN_POINT('',(31.17,55.47,32.1));
#4852 = SURFACE_CURVE('',#4853,(#4857,#4864),.PCURVE_S1.);
#4853 = LINE('',#4854,#4855);
#4854 = CARTESIAN_POINT('',(31.17,55.47,28.6));
#4855 = VECTOR('',#4856,1.);
#4856 = DIRECTION('',(0.,0.,1.));
#4857 = PCURVE('',#4807,#4858);
#4858 = DEFINITIONAL_REPRESENTATION('',(#4859),#4863);
#4859 = LINE('',#4860,#4861);
#4860 = CARTESIAN_POINT('',(0.,-0.56));
#4861 = VECTOR('',#4862,1.);
#4862 = DIRECTION('',(1.,0.));
#4863 = ( GEOMETRIC_REPRESENTATION_CONTEXT(2) 
PARAMETRIC_REPRESENTATION_CONTEXT() REPRESENTATION_CONTEXT('2D SPACE',''
  ) );
#4864 = PCURVE('',#4755,#4865);
#4865 = DEFINITIONAL_REPRESENTATION('',(#4866),#4870);
#4866 = LINE('',#4867,#4868);
#4867 = CARTESIAN_POINT('',(0.,0.46));
#4868 = VECTOR('',#4869,1.);
#4869 = DIRECTION('',(1.,0.));
#4870 = ( GEOMETRIC_REPRESENTATION_CONTEXT(2) 
PARAMETRIC_REPRESENTATION_CONTEXT() REPRESENTATION_CONTEXT('2D SPACE',''
  ) );
#4871 = ORIENTED_EDGE('',*,*,#4872,.F.);
#4872 = EDGE_CURVE('',#4799,#4850,#4873,.T.);
#4873 = SURFACE_CURVE('',#4874,(#4878,#4885),.PCURVE_S1.);
#4874 = LINE('',#4875,#4876);
#4875 = CARTESIAN_POINT('',(31.17,54.91,32.1));
#4876 = VECTOR('',#4877,1.);
#4877 = DIRECTION('',(-0.,1.,0.));
#4878 = PCURVE('',#4807,#4879);
#4879 = DEFINITIONAL_REPRESENTATION('',(#4880),#4884);
#4880 = LINE('',#4881,#4882);
#4881 = CARTESIAN_POINT('',(3.5,0.));
#4882 = VECTOR('',#4883,1.);
#4883 = DIRECTION('',(0.,-1.));
#4884 = ( GEOMETRIC_REPRESENTATION_CONTEXT(2) 
PARAMETRIC_REPRESENTATION_CONTEXT() REPRESENTATION_CONTEXT('2D SPACE',''
  ) );
#4885 = PCURVE('',#4781,#4886);
#4886 = DEFINITIONAL_REPRESENTATION('',(#4887),#4891);
#4887 = LINE('',#4888,#4889);
#4888 = CARTESIAN_POINT('',(0.46,0.));
#4889 = VECTOR('',#4890,1.);
#4890 = DIRECTION('',(0.,1.));
#4891 = ( GEOMETRIC_REPRESENTATION_CONTEXT(2) 
PARAMETRIC_REPRESENTATION_CONTEXT() REPRESENTATION_CONTEXT('2D SPACE',''
  ) );
#4892 = ADVANCED_FACE('',(#4893),#4699,.F.);
#4893 = FACE_BOUND('',#4894,.F.);
#4894 = EDGE_LOOP('',(#4895,#4916,#4917,#4938));
#4895 = ORIENTED_EDGE('',*,*,#4896,.F.);
#4896 = EDGE_CURVE('',#4677,#4797,#4897,.T.);
#4897 = SURFACE_CURVE('',#4898,(#4902,#4909),.PCURVE_S1.);
#4898 = LINE('',#4899,#4900);
#4899 = CARTESIAN_POINT('',(30.71,54.91,28.6));
#4900 = VECTOR('',#4901,1.);
#4901 = DIRECTION('',(1.,0.,-0.));
#4902 = PCURVE('',#4699,#4903);
#4903 = DEFINITIONAL_REPRESENTATION('',(#4904),#4908);
#4904 = LINE('',#4905,#4906);
#4905 = CARTESIAN_POINT('',(0.,0.));
#4906 = VECTOR('',#4907,1.);
#4907 = DIRECTION('',(0.,1.));
#4908 = ( GEOMETRIC_REPRESENTATION_CONTEXT(2) 
PARAMETRIC_REPRESENTATION_CONTEXT() REPRESENTATION_CONTEXT('2D SPACE',''
  ) );
#4909 = PCURVE('',#4727,#4910);
#4910 = DEFINITIONAL_REPRESENTATION('',(#4911),#4915);
#4911 = LINE('',#4912,#4913);
#4912 = CARTESIAN_POINT('',(0.,0.));
#4913 = VECTOR('',#4914,1.);
#4914 = DIRECTION('',(1.,0.));
#4915 = ( GEOMETRIC_REPRESENTATION_CONTEXT(2) 
PARAMETRIC_REPRESENTATION_CONTEXT() REPRESENTATION_CONTEXT('2D SPACE',''
  ) );
#4916 = ORIENTED_EDGE('',*,*,#4676,.T.);
#4917 = ORIENTED_EDGE('',*,*,#4918,.T.);
#4918 = EDGE_CURVE('',#4679,#4799,#4919,.T.);
#4919 = SURFACE_CURVE('',#4920,(#4924,#4931),.PCURVE_S1.);
#4920 = LINE('',#4921,#4922);
#4921 = CARTESIAN_POINT('',(30.71,54.91,32.1));
#4922 = VECTOR('',#4923,1.);
#4923 = DIRECTION('',(1.,0.,-0.));
#4924 = PCURVE('',#4699,#4925);
#4925 = DEFINITIONAL_REPRESENTATION('',(#4926),#4930);
#4926 = LINE('',#4927,#4928);
#4927 = CARTESIAN_POINT('',(3.5,0.));
#4928 = VECTOR('',#4929,1.);
#4929 = DIRECTION('',(0.,1.));
#4930 = ( GEOMETRIC_REPRESENTATION_CONTEXT(2) 
PARAMETRIC_REPRESENTATION_CONTEXT() REPRESENTATION_CONTEXT('2D SPACE',''
  ) );
#4931 = PCURVE('',#4781,#4932);
#4932 = DEFINITIONAL_REPRESENTATION('',(#4933),#4937);
#4933 = LINE('',#4934,#4935);
#4934 = CARTESIAN_POINT('',(0.,0.));
#4935 = VECTOR('',#4936,1.);
#4936 = DIRECTION('',(1.,0.));
#4937 = ( GEOMETRIC_REPRESENTATION_CONTEXT(2) 
PARAMETRIC_REPRESENTATION_CONTEXT() REPRESENTATION_CONTEXT('2D SPACE',''
  ) );
#4938 = ORIENTED_EDGE('',*,*,#4796,.F.);
#4939 = ADVANCED_FACE('',(#4940),#4755,.T.);
#4940 = FACE_BOUND('',#4941,.T.);
#4941 = EDGE_LOOP('',(#4942,#4963,#4964,#4985));
#4942 = ORIENTED_EDGE('',*,*,#4943,.F.);
#4943 = EDGE_CURVE('',#4712,#4827,#4944,.T.);
#4944 = SURFACE_CURVE('',#4945,(#4949,#4956),.PCURVE_S1.);
#4945 = LINE('',#4946,#4947);
#4946 = CARTESIAN_POINT('',(30.71,55.47,28.6));
#4947 = VECTOR('',#4948,1.);
#4948 = DIRECTION('',(1.,0.,-0.));
#4949 = PCURVE('',#4755,#4950);
#4950 = DEFINITIONAL_REPRESENTATION('',(#4951),#4955);
#4951 = LINE('',#4952,#4953);
#4952 = CARTESIAN_POINT('',(0.,0.));
#4953 = VECTOR('',#4954,1.);
#4954 = DIRECTION('',(0.,1.));
#4955 = ( GEOMETRIC_REPRESENTATION_CONTEXT(2) 
PARAMETRIC_REPRESENTATION_CONTEXT() REPRESENTATION_CONTEXT('2D SPACE',''
  ) );
#4956 = PCURVE('',#4727,#4957);
#4957 = DEFINITIONAL_REPRESENTATION('',(#4958),#4962);
#4958 = LINE('',#4959,#4960);
#4959 = CARTESIAN_POINT('',(0.,0.56));
#4960 = VECTOR('',#4961,1.);
#4961 = DIRECTION('',(1.,0.));
#4962 = ( GEOMETRIC_REPRESENTATION_CONTEXT(2) 
PARAMETRIC_REPRESENTATION_CONTEXT() REPRESENTATION_CONTEXT('2D SPACE',''
  ) );
#4963 = ORIENTED_EDGE('',*,*,#4739,.T.);
#4964 = ORIENTED_EDGE('',*,*,#4965,.T.);
#4965 = EDGE_CURVE('',#4740,#4850,#4966,.T.);
#4966 = SURFACE_CURVE('',#4967,(#4971,#4978),.PCURVE_S1.);
#4967 = LINE('',#4968,#4969);
#4968 = CARTESIAN_POINT('',(30.71,55.47,32.1));
#4969 = VECTOR('',#4970,1.);
#4970 = DIRECTION('',(1.,0.,-0.));
#4971 = PCURVE('',#4755,#4972);
#4972 = DEFINITIONAL_REPRESENTATION('',(#4973),#4977);
#4973 = LINE('',#4974,#4975);
#4974 = CARTESIAN_POINT('',(3.5,0.));
#4975 = VECTOR('',#4976,1.);
#4976 = DIRECTION('',(0.,1.));
#4977 = ( GEOMETRIC_REPRESENTATION_CONTEXT(2) 
PARAMETRIC_REPRESENTATION_CONTEXT() REPRESENTATION_CONTEXT('2D SPACE',''
  ) );
#4978 = PCURVE('',#4781,#4979);
#4979 = DEFINITIONAL_REPRESENTATION('',(#4980),#4984);
#4980 = LINE('',#4981,#4982);
#4981 = CARTESIAN_POINT('',(0.,0.56));
#4982 = VECTOR('',#4983,1.);
#4983 = DIRECTION('',(1.,0.));
#4984 = ( GEOMETRIC_REPRESENTATION_CONTEXT(2) 
PARAMETRIC_REPRESENTATION_CONTEXT() REPRESENTATION_CONTEXT('2D SPACE',''
  ) );
#4985 = ORIENTED_EDGE('',*,*,#4849,.F.);
#4986 = ADVANCED_FACE('',(#4987),#4727,.F.);
#4987 = FACE_BOUND('',#4988,.F.);
#4988 = EDGE_LOOP('',(#4989,#4990,#4991,#4992));
#4989 = ORIENTED_EDGE('',*,*,#4711,.F.);
#4990 = ORIENTED_EDGE('',*,*,#4896,.T.);
#4991 = ORIENTED_EDGE('',*,*,#4826,.T.);
#4992 = ORIENTED_EDGE('',*,*,#4943,.F.);
#4993 = ADVANCED_FACE('',(#4994),#4781,.T.);
#4994 = FACE_BOUND('',#4995,.T.);
#4995 = EDGE_LOOP('',(#4996,#4997,#4998,#4999));
#4996 = ORIENTED_EDGE('',*,*,#4767,.F.);
#4997 = ORIENTED_EDGE('',*,*,#4918,.T.);
#4998 = ORIENTED_EDGE('',*,*,#4872,.T.);
#4999 = ORIENTED_EDGE('',*,*,#4965,.F.);
#5000 = ( GEOMETRIC_REPRESENTATION_CONTEXT(3) 
GLOBAL_UNCERTAINTY_ASSIGNED_CONTEXT((#5004)) 
GLOBAL_UNIT_ASSIGNED_CONTEXT((#5001,#5002,#5003)) REPRESENTATION_CONTEXT
('Context #1','3D Context with UNIT and UNCERTAINTY') );
#5001 = ( LENGTH_UNIT() NAMED_UNIT(*) SI_UNIT(.MILLI.,.METRE.) );
#5002 = ( NAMED_UNIT(*) PLANE_ANGLE_UNIT() SI_UNIT($,.RADIAN.) );
#5003 = ( NAMED_UNIT(*) SI_UNIT($,.STERADIAN.) SOLID_ANGLE_UNIT() );
#5004 = UNCERTAINTY_MEASURE_WITH_UNIT(LENGTH_MEASURE(1.E-07),#5001,
  'distance_accuracy_value','confusion accuracy');
#5005 = CONTEXT_DEPENDENT_SHAPE_REPRESENTATION(#5006,#5008);
#5006 = ( REPRESENTATION_RELATIONSHIP('','',#4669,#10) 
REPRESENTATION_RELATIONSHIP_WITH_TRANSFORMATION(#5007) 
SHAPE_REPRESENTATION_RELATIONSHIP() );
#5007 = ITEM_DEFINED_TRANSFORMATION('','',#11,#51);
#5008 = PRODUCT_DEFINITION_SHAPE('Placement','Placement of an item',
  #5009);
#5009 = NEXT_ASSEMBLY_USAGE_OCCURRENCE('10','','',#5,#4664,$);
#5010 = PRODUCT_RELATED_PRODUCT_CATEGORY('part',$,(#4666));
#5011 = SHAPE_DEFINITION_REPRESENTATION(#5012,#5018);
#5012 = PRODUCT_DEFINITION_SHAPE('','',#5013);
#5013 = PRODUCT_DEFINITION('design','',#5014,#5017);
#5014 = PRODUCT_DEFINITION_FORMATION('','',#5015);
#5015 = PRODUCT('Open CASCADE STEP translator 7.8 1.11',
  'Open CASCADE STEP translator 7.8 1.11','',(#5016));
#5016 = PRODUCT_CONTEXT('',#2,'mechanical');
#5017 = PRODUCT_DEFINITION_CONTEXT('part definition',#2,'design');
#5018 = ADVANCED_BREP_SHAPE_REPRESENTATION('',(#11,#5019),#5349);
#5019 = MANIFOLD_SOLID_BREP('',#5020);
#5020 = CLOSED_SHELL('',(#5021,#5141,#5241,#5288,#5335,#5342));
#5021 = ADVANCED_FACE('',(#5022),#5036,.F.);
#5022 = FACE_BOUND('',#5023,.F.);
#5023 = EDGE_LOOP('',(#5024,#5059,#5087,#5115));
#5024 = ORIENTED_EDGE('',*,*,#5025,.F.);
#5025 = EDGE_CURVE('',#5026,#5028,#5030,.T.);
#5026 = VERTEX_POINT('',#5027);
#5027 = CARTESIAN_POINT('',(28.125,51.,31.1));
#5028 = VERTEX_POINT('',#5029);
#5029 = CARTESIAN_POINT('',(28.125,51.,32.));
#5030 = SURFACE_CURVE('',#5031,(#5035,#5047),.PCURVE_S1.);
#5031 = LINE('',#5032,#5033);
#5032 = CARTESIAN_POINT('',(28.125,51.,31.1));
#5033 = VECTOR('',#5034,1.);
#5034 = DIRECTION('',(0.,0.,1.));
#5035 = PCURVE('',#5036,#5041);
#5036 = PLANE('',#5037);
#5037 = AXIS2_PLACEMENT_3D('',#5038,#5039,#5040);
#5038 = CARTESIAN_POINT('',(28.125,51.,31.1));
#5039 = DIRECTION('',(1.,0.,-0.));
#5040 = DIRECTION('',(0.,0.,1.));
#5041 = DEFINITIONAL_REPRESENTATION('',(#5042),#5046);
#5042 = LINE('',#5043,#5044);
#5043 = CARTESIAN_POINT('',(0.,0.));
#5044 = VECTOR('',#5045,1.);
#5045 = DIRECTION('',(1.,0.));
#5046 = ( GEOMETRIC_REPRESENTATION_CONTEXT(2) 
PARAMETRIC_REPRESENTATION_CONTEXT() REPRESENTATION_CONTEXT('2D SPACE',''
  ) );
#5047 = PCURVE('',#5048,#5053);
#5048 = PLANE('',#5049);
#5049 = AXIS2_PLACEMENT_3D('',#5050,#5051,#5052);
#5050 = CARTESIAN_POINT('',(28.125,51.,31.1));
#5051 = DIRECTION('',(-0.,1.,0.));
#5052 = DIRECTION('',(0.,0.,1.));
#5053 = DEFINITIONAL_REPRESENTATION('',(#5054),#5058);
#5054 = LINE('',#5055,#5056);
#5055 = CARTESIAN_POINT('',(0.,0.));
#5056 = VECTOR('',#5057,1.);
#5057 = DIRECTION('',(1.,0.));
#5058 = ( GEOMETRIC_REPRESENTATION_CONTEXT(2) 
PARAMETRIC_REPRESENTATION_CONTEXT() REPRESENTATION_CONTEXT('2D SPACE',''
  ) );
#5059 = ORIENTED_EDGE('',*,*,#5060,.T.);
#5060 = EDGE_CURVE('',#5026,#5061,#5063,.T.);
#5061 = VERTEX_POINT('',#5062);
#5062 = CARTESIAN_POINT('',(28.125,53.,31.1));
#5063 = SURFACE_CURVE('',#5064,(#5068,#5075),.PCURVE_S1.);
#5064 = LINE('',#5065,#5066);
#5065 = CARTESIAN_POINT('',(28.125,51.,31.1));
#5066 = VECTOR('',#5067,1.);
#5067 = DIRECTION('',(-0.,1.,0.));
#5068 = PCURVE('',#5036,#5069);
#5069 = DEFINITIONAL_REPRESENTATION('',(#5070),#5074);
#5070 = LINE('',#5071,#5072);
#5071 = CARTESIAN_POINT('',(0.,0.));
#5072 = VECTOR('',#5073,1.);
#5073 = DIRECTION('',(0.,-1.));
#5074 = ( GEOMETRIC_REPRESENTATION_CONTEXT(2) 
PARAMETRIC_REPRESENTATION_CONTEXT() REPRESENTATION_CONTEXT('2D SPACE',''
  ) );
#5075 = PCURVE('',#5076,#5081);
#5076 = PLANE('',#5077);
#5077 = AXIS2_PLACEMENT_3D('',#5078,#5079,#5080);
#5078 = CARTESIAN_POINT('',(28.125,51.,31.1));
#5079 = DIRECTION('',(0.,0.,1.));
#5080 = DIRECTION('',(1.,0.,-0.));
#5081 = DEFINITIONAL_REPRESENTATION('',(#5082),#5086);
#5082 = LINE('',#5083,#5084);
#5083 = CARTESIAN_POINT('',(0.,0.));
#5084 = VECTOR('',#5085,1.);
#5085 = DIRECTION('',(0.,1.));
#5086 = ( GEOMETRIC_REPRESENTATION_CONTEXT(2) 
PARAMETRIC_REPRESENTATION_CONTEXT() REPRESENTATION_CONTEXT('2D SPACE',''
  ) );
#5087 = ORIENTED_EDGE('',*,*,#5088,.T.);
#5088 = EDGE_CURVE('',#5061,#5089,#5091,.T.);
#5089 = VERTEX_POINT('',#5090);
#5090 = CARTESIAN_POINT('',(28.125,53.,32.));
#5091 = SURFACE_CURVE('',#5092,(#5096,#5103),.PCURVE_S1.);
#5092 = LINE('',#5093,#5094);
#5093 = CARTESIAN_POINT('',(28.125,53.,31.1));
#5094 = VECTOR('',#5095,1.);
#5095 = DIRECTION('',(0.,0.,1.));
#5096 = PCURVE('',#5036,#5097);
#5097 = DEFINITIONAL_REPRESENTATION('',(#5098),#5102);
#5098 = LINE('',#5099,#5100);
#5099 = CARTESIAN_POINT('',(0.,-2.));
#5100 = VECTOR('',#5101,1.);
#5101 = DIRECTION('',(1.,0.));
#5102 = ( GEOMETRIC_REPRESENTATION_CONTEXT(2) 
PARAMETRIC_REPRESENTATION_CONTEXT() REPRESENTATION_CONTEXT('2D SPACE',''
  ) );
#5103 = PCURVE('',#5104,#5109);
#5104 = PLANE('',#5105);
#5105 = AXIS2_PLACEMENT_3D('',#5106,#5107,#5108);
#5106 = CARTESIAN_POINT('',(28.125,53.,31.1));
#5107 = DIRECTION('',(-0.,1.,0.));
#5108 = DIRECTION('',(0.,0.,1.));
#5109 = DEFINITIONAL_REPRESENTATION('',(#5110),#5114);
#5110 = LINE('',#5111,#5112);
#5111 = CARTESIAN_POINT('',(0.,0.));
#5112 = VECTOR('',#5113,1.);
#5113 = DIRECTION('',(1.,0.));
#5114 = ( GEOMETRIC_REPRESENTATION_CONTEXT(2) 
PARAMETRIC_REPRESENTATION_CONTEXT() REPRESENTATION_CONTEXT('2D SPACE',''
  ) );
#5115 = ORIENTED_EDGE('',*,*,#5116,.F.);
#5116 = EDGE_CURVE('',#5028,#5089,#5117,.T.);
#5117 = SURFACE_CURVE('',#5118,(#5122,#5129),.PCURVE_S1.);
#5118 = LINE('',#5119,#5120);
#5119 = CARTESIAN_POINT('',(28.125,51.,32.));
#5120 = VECTOR('',#5121,1.);
#5121 = DIRECTION('',(-0.,1.,0.));
#5122 = PCURVE('',#5036,#5123);
#5123 = DEFINITIONAL_REPRESENTATION('',(#5124),#5128);
#5124 = LINE('',#5125,#5126);
#5125 = CARTESIAN_POINT('',(0.9,0.));
#5126 = VECTOR('',#5127,1.);
#5127 = DIRECTION('',(0.,-1.));
#5128 = ( GEOMETRIC_REPRESENTATION_CONTEXT(2) 
PARAMETRIC_REPRESENTATION_CONTEXT() REPRESENTATION_CONTEXT('2D SPACE',''
  ) );
#5129 = PCURVE('',#5130,#5135);
#5130 = PLANE('',#5131);
#5131 = AXIS2_PLACEMENT_3D('',#5132,#5133,#5134);
#5132 = CARTESIAN_POINT('',(28.125,51.,32.));
#5133 = DIRECTION('',(0.,0.,1.));
#5134 = DIRECTION('',(1.,0.,-0.));
#5135 = DEFINITIONAL_REPRESENTATION('',(#5136),#5140);
#5136 = LINE('',#5137,#5138);
#5137 = CARTESIAN_POINT('',(0.,0.));
#5138 = VECTOR('',#5139,1.);
#5139 = DIRECTION('',(0.,1.));
#5140 = ( GEOMETRIC_REPRESENTATION_CONTEXT(2) 
PARAMETRIC_REPRESENTATION_CONTEXT() REPRESENTATION_CONTEXT('2D SPACE',''
  ) );
#5141 = ADVANCED_FACE('',(#5142),#5156,.T.);
#5142 = FACE_BOUND('',#5143,.T.);
#5143 = EDGE_LOOP('',(#5144,#5174,#5197,#5220));
#5144 = ORIENTED_EDGE('',*,*,#5145,.F.);
#5145 = EDGE_CURVE('',#5146,#5148,#5150,.T.);
#5146 = VERTEX_POINT('',#5147);
#5147 = CARTESIAN_POINT('',(29.375,51.,31.1));
#5148 = VERTEX_POINT('',#5149);
#5149 = CARTESIAN_POINT('',(29.375,51.,32.));
#5150 = SURFACE_CURVE('',#5151,(#5155,#5167),.PCURVE_S1.);
#5151 = LINE('',#5152,#5153);
#5152 = CARTESIAN_POINT('',(29.375,51.,31.1));
#5153 = VECTOR('',#5154,1.);
#5154 = DIRECTION('',(0.,0.,1.));
#5155 = PCURVE('',#5156,#5161);
#5156 = PLANE('',#5157);
#5157 = AXIS2_PLACEMENT_3D('',#5158,#5159,#5160);
#5158 = CARTESIAN_POINT('',(29.375,51.,31.1));
#5159 = DIRECTION('',(1.,0.,-0.));
#5160 = DIRECTION('',(0.,0.,1.));
#5161 = DEFINITIONAL_REPRESENTATION('',(#5162),#5166);
#5162 = LINE('',#5163,#5164);
#5163 = CARTESIAN_POINT('',(0.,0.));
#5164 = VECTOR('',#5165,1.);
#5165 = DIRECTION('',(1.,0.));
#5166 = ( GEOMETRIC_REPRESENTATION_CONTEXT(2) 
PARAMETRIC_REPRESENTATION_CONTEXT() REPRESENTATION_CONTEXT('2D SPACE',''
  ) );
#5167 = PCURVE('',#5048,#5168);
#5168 = DEFINITIONAL_REPRESENTATION('',(#5169),#5173);
#5169 = LINE('',#5170,#5171);
#5170 = CARTESIAN_POINT('',(0.,1.25));
#5171 = VECTOR('',#5172,1.);
#5172 = DIRECTION('',(1.,0.));
#5173 = ( GEOMETRIC_REPRESENTATION_CONTEXT(2) 
PARAMETRIC_REPRESENTATION_CONTEXT() REPRESENTATION_CONTEXT('2D SPACE',''
  ) );
#5174 = ORIENTED_EDGE('',*,*,#5175,.T.);
#5175 = EDGE_CURVE('',#5146,#5176,#5178,.T.);
#5176 = VERTEX_POINT('',#5177);
#5177 = CARTESIAN_POINT('',(29.375,53.,31.1));
#5178 = SURFACE_CURVE('',#5179,(#5183,#5190),.PCURVE_S1.);
#5179 = LINE('',#5180,#5181);
#5180 = CARTESIAN_POINT('',(29.375,51.,31.1));
#5181 = VECTOR('',#5182,1.);
#5182 = DIRECTION('',(-0.,1.,0.));
#5183 = PCURVE('',#5156,#5184);
#5184 = DEFINITIONAL_REPRESENTATION('',(#5185),#5189);
#5185 = LINE('',#5186,#5187);
#5186 = CARTESIAN_POINT('',(0.,0.));
#5187 = VECTOR('',#5188,1.);
#5188 = DIRECTION('',(0.,-1.));
#5189 = ( GEOMETRIC_REPRESENTATION_CONTEXT(2) 
PARAMETRIC_REPRESENTATION_CONTEXT() REPRESENTATION_CONTEXT('2D SPACE',''
  ) );
#5190 = PCURVE('',#5076,#5191);
#5191 = DEFINITIONAL_REPRESENTATION('',(#5192),#5196);
#5192 = LINE('',#5193,#5194);
#5193 = CARTESIAN_POINT('',(1.25,0.));
#5194 = VECTOR('',#5195,1.);
#5195 = DIRECTION('',(0.,1.));
#5196 = ( GEOMETRIC_REPRESENTATION_CONTEXT(2) 
PARAMETRIC_REPRESENTATION_CONTEXT() REPRESENTATION_CONTEXT('2D SPACE',''
  ) );
#5197 = ORIENTED_EDGE('',*,*,#5198,.T.);
#5198 = EDGE_CURVE('',#5176,#5199,#5201,.T.);
#5199 = VERTEX_POINT('',#5200);
#5200 = CARTESIAN_POINT('',(29.375,53.,32.));
#5201 = SURFACE_CURVE('',#5202,(#5206,#5213),.PCURVE_S1.);
#5202 = LINE('',#5203,#5204);
#5203 = CARTESIAN_POINT('',(29.375,53.,31.1));
#5204 = VECTOR('',#5205,1.);
#5205 = DIRECTION('',(0.,0.,1.));
#5206 = PCURVE('',#5156,#5207);
#5207 = DEFINITIONAL_REPRESENTATION('',(#5208),#5212);
#5208 = LINE('',#5209,#5210);
#5209 = CARTESIAN_POINT('',(0.,-2.));
#5210 = VECTOR('',#5211,1.);
#5211 = DIRECTION('',(1.,0.));
#5212 = ( GEOMETRIC_REPRESENTATION_CONTEXT(2) 
PARAMETRIC_REPRESENTATION_CONTEXT() REPRESENTATION_CONTEXT('2D SPACE',''
  ) );
#5213 = PCURVE('',#5104,#5214);
#5214 = DEFINITIONAL_REPRESENTATION('',(#5215),#5219);
#5215 = LINE('',#5216,#5217);
#5216 = CARTESIAN_POINT('',(0.,1.25));
#5217 = VECTOR('',#5218,1.);
#5218 = DIRECTION('',(1.,0.));
#5219 = ( GEOMETRIC_REPRESENTATION_CONTEXT(2) 
PARAMETRIC_REPRESENTATION_CONTEXT() REPRESENTATION_CONTEXT('2D SPACE',''
  ) );
#5220 = ORIENTED_EDGE('',*,*,#5221,.F.);
#5221 = EDGE_CURVE('',#5148,#5199,#5222,.T.);
#5222 = SURFACE_CURVE('',#5223,(#5227,#5234),.PCURVE_S1.);
#5223 = LINE('',#5224,#5225);
#5224 = CARTESIAN_POINT('',(29.375,51.,32.));
#5225 = VECTOR('',#5226,1.);
#5226 = DIRECTION('',(-0.,1.,0.));
#5227 = PCURVE('',#5156,#5228);
#5228 = DEFINITIONAL_REPRESENTATION('',(#5229),#5233);
#5229 = LINE('',#5230,#5231);
#5230 = CARTESIAN_POINT('',(0.9,0.));
#5231 = VECTOR('',#5232,1.);
#5232 = DIRECTION('',(0.,-1.));
#5233 = ( GEOMETRIC_REPRESENTATION_CONTEXT(2) 
PARAMETRIC_REPRESENTATION_CONTEXT() REPRESENTATION_CONTEXT('2D SPACE',''
  ) );
#5234 = PCURVE('',#5130,#5235);
#5235 = DEFINITIONAL_REPRESENTATION('',(#5236),#5240);
#5236 = LINE('',#5237,#5238);
#5237 = CARTESIAN_POINT('',(1.25,0.));
#5238 = VECTOR('',#5239,1.);
#5239 = DIRECTION('',(0.,1.));
#5240 = ( GEOMETRIC_REPRESENTATION_CONTEXT(2) 
PARAMETRIC_REPRESENTATION_CONTEXT() REPRESENTATION_CONTEXT('2D SPACE',''
  ) );
#5241 = ADVANCED_FACE('',(#5242),#5048,.F.);
#5242 = FACE_BOUND('',#5243,.F.);
#5243 = EDGE_LOOP('',(#5244,#5265,#5266,#5287));
#5244 = ORIENTED_EDGE('',*,*,#5245,.F.);
#5245 = EDGE_CURVE('',#5026,#5146,#5246,.T.);
#5246 = SURFACE_CURVE('',#5247,(#5251,#5258),.PCURVE_S1.);
#5247 = LINE('',#5248,#5249);
#5248 = CARTESIAN_POINT('',(28.125,51.,31.1));
#5249 = VECTOR('',#5250,1.);
#5250 = DIRECTION('',(1.,0.,-0.));
#5251 = PCURVE('',#5048,#5252);
#5252 = DEFINITIONAL_REPRESENTATION('',(#5253),#5257);
#5253 = LINE('',#5254,#5255);
#5254 = CARTESIAN_POINT('',(0.,0.));
#5255 = VECTOR('',#5256,1.);
#5256 = DIRECTION('',(0.,1.));
#5257 = ( GEOMETRIC_REPRESENTATION_CONTEXT(2) 
PARAMETRIC_REPRESENTATION_CONTEXT() REPRESENTATION_CONTEXT('2D SPACE',''
  ) );
#5258 = PCURVE('',#5076,#5259);
#5259 = DEFINITIONAL_REPRESENTATION('',(#5260),#5264);
#5260 = LINE('',#5261,#5262);
#5261 = CARTESIAN_POINT('',(0.,0.));
#5262 = VECTOR('',#5263,1.);
#5263 = DIRECTION('',(1.,0.));
#5264 = ( GEOMETRIC_REPRESENTATION_CONTEXT(2) 
PARAMETRIC_REPRESENTATION_CONTEXT() REPRESENTATION_CONTEXT('2D SPACE',''
  ) );
#5265 = ORIENTED_EDGE('',*,*,#5025,.T.);
#5266 = ORIENTED_EDGE('',*,*,#5267,.T.);
#5267 = EDGE_CURVE('',#5028,#5148,#5268,.T.);
#5268 = SURFACE_CURVE('',#5269,(#5273,#5280),.PCURVE_S1.);
#5269 = LINE('',#5270,#5271);
#5270 = CARTESIAN_POINT('',(28.125,51.,32.));
#5271 = VECTOR('',#5272,1.);
#5272 = DIRECTION('',(1.,0.,-0.));
#5273 = PCURVE('',#5048,#5274);
#5274 = DEFINITIONAL_REPRESENTATION('',(#5275),#5279);
#5275 = LINE('',#5276,#5277);
#5276 = CARTESIAN_POINT('',(0.9,0.));
#5277 = VECTOR('',#5278,1.);
#5278 = DIRECTION('',(0.,1.));
#5279 = ( GEOMETRIC_REPRESENTATION_CONTEXT(2) 
PARAMETRIC_REPRESENTATION_CONTEXT() REPRESENTATION_CONTEXT('2D SPACE',''
  ) );
#5280 = PCURVE('',#5130,#5281);
#5281 = DEFINITIONAL_REPRESENTATION('',(#5282),#5286);
#5282 = LINE('',#5283,#5284);
#5283 = CARTESIAN_POINT('',(0.,0.));
#5284 = VECTOR('',#5285,1.);
#5285 = DIRECTION('',(1.,0.));
#5286 = ( GEOMETRIC_REPRESENTATION_CONTEXT(2) 
PARAMETRIC_REPRESENTATION_CONTEXT() REPRESENTATION_CONTEXT('2D SPACE',''
  ) );
#5287 = ORIENTED_EDGE('',*,*,#5145,.F.);
#5288 = ADVANCED_FACE('',(#5289),#5104,.T.);
#5289 = FACE_BOUND('',#5290,.T.);
#5290 = EDGE_LOOP('',(#5291,#5312,#5313,#5334));
#5291 = ORIENTED_EDGE('',*,*,#5292,.F.);
#5292 = EDGE_CURVE('',#5061,#5176,#5293,.T.);
#5293 = SURFACE_CURVE('',#5294,(#5298,#5305),.PCURVE_S1.);
#5294 = LINE('',#5295,#5296);
#5295 = CARTESIAN_POINT('',(28.125,53.,31.1));
#5296 = VECTOR('',#5297,1.);
#5297 = DIRECTION('',(1.,0.,-0.));
#5298 = PCURVE('',#5104,#5299);
#5299 = DEFINITIONAL_REPRESENTATION('',(#5300),#5304);
#5300 = LINE('',#5301,#5302);
#5301 = CARTESIAN_POINT('',(0.,0.));
#5302 = VECTOR('',#5303,1.);
#5303 = DIRECTION('',(0.,1.));
#5304 = ( GEOMETRIC_REPRESENTATION_CONTEXT(2) 
PARAMETRIC_REPRESENTATION_CONTEXT() REPRESENTATION_CONTEXT('2D SPACE',''
  ) );
#5305 = PCURVE('',#5076,#5306);
#5306 = DEFINITIONAL_REPRESENTATION('',(#5307),#5311);
#5307 = LINE('',#5308,#5309);
#5308 = CARTESIAN_POINT('',(0.,2.));
#5309 = VECTOR('',#5310,1.);
#5310 = DIRECTION('',(1.,0.));
#5311 = ( GEOMETRIC_REPRESENTATION_CONTEXT(2) 
PARAMETRIC_REPRESENTATION_CONTEXT() REPRESENTATION_CONTEXT('2D SPACE',''
  ) );
#5312 = ORIENTED_EDGE('',*,*,#5088,.T.);
#5313 = ORIENTED_EDGE('',*,*,#5314,.T.);
#5314 = EDGE_CURVE('',#5089,#5199,#5315,.T.);
#5315 = SURFACE_CURVE('',#5316,(#5320,#5327),.PCURVE_S1.);
#5316 = LINE('',#5317,#5318);
#5317 = CARTESIAN_POINT('',(28.125,53.,32.));
#5318 = VECTOR('',#5319,1.);
#5319 = DIRECTION('',(1.,0.,-0.));
#5320 = PCURVE('',#5104,#5321);
#5321 = DEFINITIONAL_REPRESENTATION('',(#5322),#5326);
#5322 = LINE('',#5323,#5324);
#5323 = CARTESIAN_POINT('',(0.9,0.));
#5324 = VECTOR('',#5325,1.);
#5325 = DIRECTION('',(0.,1.));
#5326 = ( GEOMETRIC_REPRESENTATION_CONTEXT(2) 
PARAMETRIC_REPRESENTATION_CONTEXT() REPRESENTATION_CONTEXT('2D SPACE',''
  ) );
#5327 = PCURVE('',#5130,#5328);
#5328 = DEFINITIONAL_REPRESENTATION('',(#5329),#5333);
#5329 = LINE('',#5330,#5331);
#5330 = CARTESIAN_POINT('',(0.,2.));
#5331 = VECTOR('',#5332,1.);
#5332 = DIRECTION('',(1.,0.));
#5333 = ( GEOMETRIC_REPRESENTATION_CONTEXT(2) 
PARAMETRIC_REPRESENTATION_CONTEXT() REPRESENTATION_CONTEXT('2D SPACE',''
  ) );
#5334 = ORIENTED_EDGE('',*,*,#5198,.F.);
#5335 = ADVANCED_FACE('',(#5336),#5076,.F.);
#5336 = FACE_BOUND('',#5337,.F.);
#5337 = EDGE_LOOP('',(#5338,#5339,#5340,#5341));
#5338 = ORIENTED_EDGE('',*,*,#5060,.F.);
#5339 = ORIENTED_EDGE('',*,*,#5245,.T.);
#5340 = ORIENTED_EDGE('',*,*,#5175,.T.);
#5341 = ORIENTED_EDGE('',*,*,#5292,.F.);
#5342 = ADVANCED_FACE('',(#5343),#5130,.T.);
#5343 = FACE_BOUND('',#5344,.T.);
#5344 = EDGE_LOOP('',(#5345,#5346,#5347,#5348));
#5345 = ORIENTED_EDGE('',*,*,#5116,.F.);
#5346 = ORIENTED_EDGE('',*,*,#5267,.T.);
#5347 = ORIENTED_EDGE('',*,*,#5221,.T.);
#5348 = ORIENTED_EDGE('',*,*,#5314,.F.);
#5349 = ( GEOMETRIC_REPRESENTATION_CONTEXT(3) 
GLOBAL_UNCERTAINTY_ASSIGNED_CONTEXT((#5353)) 
GLOBAL_UNIT_ASSIGNED_CONTEXT((#5350,#5351,#5352)) REPRESENTATION_CONTEXT
('Context #1','3D Context with UNIT and UNCERTAINTY') );
#5350 = ( LENGTH_UNIT() NAMED_UNIT(*) SI_UNIT(.MILLI.,.METRE.) );
#5351 = ( NAMED_UNIT(*) PLANE_ANGLE_UNIT() SI_UNIT($,.RADIAN.) );
#5352 = ( NAMED_UNIT(*) SI_UNIT($,.STERADIAN.) SOLID_ANGLE_UNIT() );
#5353 = UNCERTAINTY_MEASURE_WITH_UNIT(LENGTH_MEASURE(1.E-07),#5350,
  'distance_accuracy_value','confusion accuracy');
#5354 = CONTEXT_DEPENDENT_SHAPE_REPRESENTATION(#5355,#5357);
#5355 = ( REPRESENTATION_RELATIONSHIP('','',#5018,#10) 
REPRESENTATION_RELATIONSHIP_WITH_TRANSFORMATION(#5356) 
SHAPE_REPRESENTATION_RELATIONSHIP() );
#5356 = ITEM_DEFINED_TRANSFORMATION('','',#11,#55);
#5357 = PRODUCT_DEFINITION_SHAPE('Placement','Placement of an item',
  #5358);
#5358 = NEXT_ASSEMBLY_USAGE_OCCURRENCE('11','','',#5,#5013,$);
#5359 = PRODUCT_RELATED_PRODUCT_CATEGORY('part',$,(#5015));
#5360 = SHAPE_DEFINITION_REPRESENTATION(#5361,#5367);
#5361 = PRODUCT_DEFINITION_SHAPE('','',#5362);
#5362 = PRODUCT_DEFINITION('design','',#5363,#5366);
#5363 = PRODUCT_DEFINITION_FORMATION('','',#5364);
#5364 = PRODUCT('Open CASCADE STEP translator 7.8 1.12',
  'Open CASCADE STEP translator 7.8 1.12','',(#5365));
#5365 = PRODUCT_CONTEXT('',#2,'mechanical');
#5366 = PRODUCT_DEFINITION_CONTEXT('part definition',#2,'design');
#5367 = ADVANCED_BREP_SHAPE_REPRESENTATION('',(#11,#5368),#5698);
#5368 = MANIFOLD_SOLID_BREP('',#5369);
#5369 = CLOSED_SHELL('',(#5370,#5490,#5590,#5637,#5684,#5691));
#5370 = ADVANCED_FACE('',(#5371),#5385,.F.);
#5371 = FACE_BOUND('',#5372,.F.);
#5372 = EDGE_LOOP('',(#5373,#5408,#5436,#5464));
#5373 = ORIENTED_EDGE('',*,*,#5374,.F.);
#5374 = EDGE_CURVE('',#5375,#5377,#5379,.T.);
#5375 = VERTEX_POINT('',#5376);
#5376 = CARTESIAN_POINT('',(31.125,51.,31.1));
#5377 = VERTEX_POINT('',#5378);
#5378 = CARTESIAN_POINT('',(31.125,51.,32.));
#5379 = SURFACE_CURVE('',#5380,(#5384,#5396),.PCURVE_S1.);
#5380 = LINE('',#5381,#5382);
#5381 = CARTESIAN_POINT('',(31.125,51.,31.1));
#5382 = VECTOR('',#5383,1.);
#5383 = DIRECTION('',(0.,0.,1.));
#5384 = PCURVE('',#5385,#5390);
#5385 = PLANE('',#5386);
#5386 = AXIS2_PLACEMENT_3D('',#5387,#5388,#5389);
#5387 = CARTESIAN_POINT('',(31.125,51.,31.1));
#5388 = DIRECTION('',(1.,0.,-0.));
#5389 = DIRECTION('',(0.,0.,1.));
#5390 = DEFINITIONAL_REPRESENTATION('',(#5391),#5395);
#5391 = LINE('',#5392,#5393);
#5392 = CARTESIAN_POINT('',(0.,0.));
#5393 = VECTOR('',#5394,1.);
#5394 = DIRECTION('',(1.,0.));
#5395 = ( GEOMETRIC_REPRESENTATION_CONTEXT(2) 
PARAMETRIC_REPRESENTATION_CONTEXT() REPRESENTATION_CONTEXT('2D SPACE',''
  ) );
#5396 = PCURVE('',#5397,#5402);
#5397 = PLANE('',#5398);
#5398 = AXIS2_PLACEMENT_3D('',#5399,#5400,#5401);
#5399 = CARTESIAN_POINT('',(31.125,51.,31.1));
#5400 = DIRECTION('',(-0.,1.,0.));
#5401 = DIRECTION('',(0.,0.,1.));
#5402 = DEFINITIONAL_REPRESENTATION('',(#5403),#5407);
#5403 = LINE('',#5404,#5405);
#5404 = CARTESIAN_POINT('',(0.,0.));
#5405 = VECTOR('',#5406,1.);
#5406 = DIRECTION('',(1.,0.));
#5407 = ( GEOMETRIC_REPRESENTATION_CONTEXT(2) 
PARAMETRIC_REPRESENTATION_CONTEXT() REPRESENTATION_CONTEXT('2D SPACE',''
  ) );
#5408 = ORIENTED_EDGE('',*,*,#5409,.T.);
#5409 = EDGE_CURVE('',#5375,#5410,#5412,.T.);
#5410 = VERTEX_POINT('',#5411);
#5411 = CARTESIAN_POINT('',(31.125,53.,31.1));
#5412 = SURFACE_CURVE('',#5413,(#5417,#5424),.PCURVE_S1.);
#5413 = LINE('',#5414,#5415);
#5414 = CARTESIAN_POINT('',(31.125,51.,31.1));
#5415 = VECTOR('',#5416,1.);
#5416 = DIRECTION('',(-0.,1.,0.));
#5417 = PCURVE('',#5385,#5418);
#5418 = DEFINITIONAL_REPRESENTATION('',(#5419),#5423);
#5419 = LINE('',#5420,#5421);
#5420 = CARTESIAN_POINT('',(0.,0.));
#5421 = VECTOR('',#5422,1.);
#5422 = DIRECTION('',(0.,-1.));
#5423 = ( GEOMETRIC_REPRESENTATION_CONTEXT(2) 
PARAMETRIC_REPRESENTATION_CONTEXT() REPRESENTATION_CONTEXT('2D SPACE',''
  ) );
#5424 = PCURVE('',#5425,#5430);
#5425 = PLANE('',#5426);
#5426 = AXIS2_PLACEMENT_3D('',#5427,#5428,#5429);
#5427 = CARTESIAN_POINT('',(31.125,51.,31.1));
#5428 = DIRECTION('',(0.,0.,1.));
#5429 = DIRECTION('',(1.,0.,-0.));
#5430 = DEFINITIONAL_REPRESENTATION('',(#5431),#5435);
#5431 = LINE('',#5432,#5433);
#5432 = CARTESIAN_POINT('',(0.,0.));
#5433 = VECTOR('',#5434,1.);
#5434 = DIRECTION('',(0.,1.));
#5435 = ( GEOMETRIC_REPRESENTATION_CONTEXT(2) 
PARAMETRIC_REPRESENTATION_CONTEXT() REPRESENTATION_CONTEXT('2D SPACE',''
  ) );
#5436 = ORIENTED_EDGE('',*,*,#5437,.T.);
#5437 = EDGE_CURVE('',#5410,#5438,#5440,.T.);
#5438 = VERTEX_POINT('',#5439);
#5439 = CARTESIAN_POINT('',(31.125,53.,32.));
#5440 = SURFACE_CURVE('',#5441,(#5445,#5452),.PCURVE_S1.);
#5441 = LINE('',#5442,#5443);
#5442 = CARTESIAN_POINT('',(31.125,53.,31.1));
#5443 = VECTOR('',#5444,1.);
#5444 = DIRECTION('',(0.,0.,1.));
#5445 = PCURVE('',#5385,#5446);
#5446 = DEFINITIONAL_REPRESENTATION('',(#5447),#5451);
#5447 = LINE('',#5448,#5449);
#5448 = CARTESIAN_POINT('',(0.,-2.));
#5449 = VECTOR('',#5450,1.);
#5450 = DIRECTION('',(1.,0.));
#5451 = ( GEOMETRIC_REPRESENTATION_CONTEXT(2) 
PARAMETRIC_REPRESENTATION_CONTEXT() REPRESENTATION_CONTEXT('2D SPACE',''
  ) );
#5452 = PCURVE('',#5453,#5458);
#5453 = PLANE('',#5454);
#5454 = AXIS2_PLACEMENT_3D('',#5455,#5456,#5457);
#5455 = CARTESIAN_POINT('',(31.125,53.,31.1));
#5456 = DIRECTION('',(-0.,1.,0.));
#5457 = DIRECTION('',(0.,0.,1.));
#5458 = DEFINITIONAL_REPRESENTATION('',(#5459),#5463);
#5459 = LINE('',#5460,#5461);
#5460 = CARTESIAN_POINT('',(0.,0.));
#5461 = VECTOR('',#5462,1.);
#5462 = DIRECTION('',(1.,0.));
#5463 = ( GEOMETRIC_REPRESENTATION_CONTEXT(2) 
PARAMETRIC_REPRESENTATION_CONTEXT() REPRESENTATION_CONTEXT('2D SPACE',''
  ) );
#5464 = ORIENTED_EDGE('',*,*,#5465,.F.);
#5465 = EDGE_CURVE('',#5377,#5438,#5466,.T.);
#5466 = SURFACE_CURVE('',#5467,(#5471,#5478),.PCURVE_S1.);
#5467 = LINE('',#5468,#5469);
#5468 = CARTESIAN_POINT('',(31.125,51.,32.));
#5469 = VECTOR('',#5470,1.);
#5470 = DIRECTION('',(-0.,1.,0.));
#5471 = PCURVE('',#5385,#5472);
#5472 = DEFINITIONAL_REPRESENTATION('',(#5473),#5477);
#5473 = LINE('',#5474,#5475);
#5474 = CARTESIAN_POINT('',(0.9,0.));
#5475 = VECTOR('',#5476,1.);
#5476 = DIRECTION('',(0.,-1.));
#5477 = ( GEOMETRIC_REPRESENTATION_CONTEXT(2) 
PARAMETRIC_REPRESENTATION_CONTEXT() REPRESENTATION_CONTEXT('2D SPACE',''
  ) );
#5478 = PCURVE('',#5479,#5484);
#5479 = PLANE('',#5480);
#5480 = AXIS2_PLACEMENT_3D('',#5481,#5482,#5483);
#5481 = CARTESIAN_POINT('',(31.125,51.,32.));
#5482 = DIRECTION('',(0.,0.,1.));
#5483 = DIRECTION('',(1.,0.,-0.));
#5484 = DEFINITIONAL_REPRESENTATION('',(#5485),#5489);
#5485 = LINE('',#5486,#5487);
#5486 = CARTESIAN_POINT('',(0.,0.));
#5487 = VECTOR('',#5488,1.);
#5488 = DIRECTION('',(0.,1.));
#5489 = ( GEOMETRIC_REPRESENTATION_CONTEXT(2) 
PARAMETRIC_REPRESENTATION_CONTEXT() REPRESENTATION_CONTEXT('2D SPACE',''
  ) );
#5490 = ADVANCED_FACE('',(#5491),#5505,.T.);
#5491 = FACE_BOUND('',#5492,.T.);
#5492 = EDGE_LOOP('',(#5493,#5523,#5546,#5569));
#5493 = ORIENTED_EDGE('',*,*,#5494,.F.);
#5494 = EDGE_CURVE('',#5495,#5497,#5499,.T.);
#5495 = VERTEX_POINT('',#5496);
#5496 = CARTESIAN_POINT('',(32.375,51.,31.1));
#5497 = VERTEX_POINT('',#5498);
#5498 = CARTESIAN_POINT('',(32.375,51.,32.));
#5499 = SURFACE_CURVE('',#5500,(#5504,#5516),.PCURVE_S1.);
#5500 = LINE('',#5501,#5502);
#5501 = CARTESIAN_POINT('',(32.375,51.,31.1));
#5502 = VECTOR('',#5503,1.);
#5503 = DIRECTION('',(0.,0.,1.));
#5504 = PCURVE('',#5505,#5510);
#5505 = PLANE('',#5506);
#5506 = AXIS2_PLACEMENT_3D('',#5507,#5508,#5509);
#5507 = CARTESIAN_POINT('',(32.375,51.,31.1));
#5508 = DIRECTION('',(1.,0.,-0.));
#5509 = DIRECTION('',(0.,0.,1.));
#5510 = DEFINITIONAL_REPRESENTATION('',(#5511),#5515);
#5511 = LINE('',#5512,#5513);
#5512 = CARTESIAN_POINT('',(0.,0.));
#5513 = VECTOR('',#5514,1.);
#5514 = DIRECTION('',(1.,0.));
#5515 = ( GEOMETRIC_REPRESENTATION_CONTEXT(2) 
PARAMETRIC_REPRESENTATION_CONTEXT() REPRESENTATION_CONTEXT('2D SPACE',''
  ) );
#5516 = PCURVE('',#5397,#5517);
#5517 = DEFINITIONAL_REPRESENTATION('',(#5518),#5522);
#5518 = LINE('',#5519,#5520);
#5519 = CARTESIAN_POINT('',(0.,1.25));
#5520 = VECTOR('',#5521,1.);
#5521 = DIRECTION('',(1.,0.));
#5522 = ( GEOMETRIC_REPRESENTATION_CONTEXT(2) 
PARAMETRIC_REPRESENTATION_CONTEXT() REPRESENTATION_CONTEXT('2D SPACE',''
  ) );
#5523 = ORIENTED_EDGE('',*,*,#5524,.T.);
#5524 = EDGE_CURVE('',#5495,#5525,#5527,.T.);
#5525 = VERTEX_POINT('',#5526);
#5526 = CARTESIAN_POINT('',(32.375,53.,31.1));
#5527 = SURFACE_CURVE('',#5528,(#5532,#5539),.PCURVE_S1.);
#5528 = LINE('',#5529,#5530);
#5529 = CARTESIAN_POINT('',(32.375,51.,31.1));
#5530 = VECTOR('',#5531,1.);
#5531 = DIRECTION('',(-0.,1.,0.));
#5532 = PCURVE('',#5505,#5533);
#5533 = DEFINITIONAL_REPRESENTATION('',(#5534),#5538);
#5534 = LINE('',#5535,#5536);
#5535 = CARTESIAN_POINT('',(0.,0.));
#5536 = VECTOR('',#5537,1.);
#5537 = DIRECTION('',(0.,-1.));
#5538 = ( GEOMETRIC_REPRESENTATION_CONTEXT(2) 
PARAMETRIC_REPRESENTATION_CONTEXT() REPRESENTATION_CONTEXT('2D SPACE',''
  ) );
#5539 = PCURVE('',#5425,#5540);
#5540 = DEFINITIONAL_REPRESENTATION('',(#5541),#5545);
#5541 = LINE('',#5542,#5543);
#5542 = CARTESIAN_POINT('',(1.25,0.));
#5543 = VECTOR('',#5544,1.);
#5544 = DIRECTION('',(0.,1.));
#5545 = ( GEOMETRIC_REPRESENTATION_CONTEXT(2) 
PARAMETRIC_REPRESENTATION_CONTEXT() REPRESENTATION_CONTEXT('2D SPACE',''
  ) );
#5546 = ORIENTED_EDGE('',*,*,#5547,.T.);
#5547 = EDGE_CURVE('',#5525,#5548,#5550,.T.);
#5548 = VERTEX_POINT('',#5549);
#5549 = CARTESIAN_POINT('',(32.375,53.,32.));
#5550 = SURFACE_CURVE('',#5551,(#5555,#5562),.PCURVE_S1.);
#5551 = LINE('',#5552,#5553);
#5552 = CARTESIAN_POINT('',(32.375,53.,31.1));
#5553 = VECTOR('',#5554,1.);
#5554 = DIRECTION('',(0.,0.,1.));
#5555 = PCURVE('',#5505,#5556);
#5556 = DEFINITIONAL_REPRESENTATION('',(#5557),#5561);
#5557 = LINE('',#5558,#5559);
#5558 = CARTESIAN_POINT('',(0.,-2.));
#5559 = VECTOR('',#5560,1.);
#5560 = DIRECTION('',(1.,0.));
#5561 = ( GEOMETRIC_REPRESENTATION_CONTEXT(2) 
PARAMETRIC_REPRESENTATION_CONTEXT() REPRESENTATION_CONTEXT('2D SPACE',''
  ) );
#5562 = PCURVE('',#5453,#5563);
#5563 = DEFINITIONAL_REPRESENTATION('',(#5564),#5568);
#5564 = LINE('',#5565,#5566);
#5565 = CARTESIAN_POINT('',(0.,1.25));
#5566 = VECTOR('',#5567,1.);
#5567 = DIRECTION('',(1.,0.));
#5568 = ( GEOMETRIC_REPRESENTATION_CONTEXT(2) 
PARAMETRIC_REPRESENTATION_CONTEXT() REPRESENTATION_CONTEXT('2D SPACE',''
  ) );
#5569 = ORIENTED_EDGE('',*,*,#5570,.F.);
#5570 = EDGE_CURVE('',#5497,#5548,#5571,.T.);
#5571 = SURFACE_CURVE('',#5572,(#5576,#5583),.PCURVE_S1.);
#5572 = LINE('',#5573,#5574);
#5573 = CARTESIAN_POINT('',(32.375,51.,32.));
#5574 = VECTOR('',#5575,1.);
#5575 = DIRECTION('',(-0.,1.,0.));
#5576 = PCURVE('',#5505,#5577);
#5577 = DEFINITIONAL_REPRESENTATION('',(#5578),#5582);
#5578 = LINE('',#5579,#5580);
#5579 = CARTESIAN_POINT('',(0.9,0.));
#5580 = VECTOR('',#5581,1.);
#5581 = DIRECTION('',(0.,-1.));
#5582 = ( GEOMETRIC_REPRESENTATION_CONTEXT(2) 
PARAMETRIC_REPRESENTATION_CONTEXT() REPRESENTATION_CONTEXT('2D SPACE',''
  ) );
#5583 = PCURVE('',#5479,#5584);
#5584 = DEFINITIONAL_REPRESENTATION('',(#5585),#5589);
#5585 = LINE('',#5586,#5587);
#5586 = CARTESIAN_POINT('',(1.25,0.));
#5587 = VECTOR('',#5588,1.);
#5588 = DIRECTION('',(0.,1.));
#5589 = ( GEOMETRIC_REPRESENTATION_CONTEXT(2) 
PARAMETRIC_REPRESENTATION_CONTEXT() REPRESENTATION_CONTEXT('2D SPACE',''
  ) );
#5590 = ADVANCED_FACE('',(#5591),#5397,.F.);
#5591 = FACE_BOUND('',#5592,.F.);
#5592 = EDGE_LOOP('',(#5593,#5614,#5615,#5636));
#5593 = ORIENTED_EDGE('',*,*,#5594,.F.);
#5594 = EDGE_CURVE('',#5375,#5495,#5595,.T.);
#5595 = SURFACE_CURVE('',#5596,(#5600,#5607),.PCURVE_S1.);
#5596 = LINE('',#5597,#5598);
#5597 = CARTESIAN_POINT('',(31.125,51.,31.1));
#5598 = VECTOR('',#5599,1.);
#5599 = DIRECTION('',(1.,0.,-0.));
#5600 = PCURVE('',#5397,#5601);
#5601 = DEFINITIONAL_REPRESENTATION('',(#5602),#5606);
#5602 = LINE('',#5603,#5604);
#5603 = CARTESIAN_POINT('',(0.,0.));
#5604 = VECTOR('',#5605,1.);
#5605 = DIRECTION('',(0.,1.));
#5606 = ( GEOMETRIC_REPRESENTATION_CONTEXT(2) 
PARAMETRIC_REPRESENTATION_CONTEXT() REPRESENTATION_CONTEXT('2D SPACE',''
  ) );
#5607 = PCURVE('',#5425,#5608);
#5608 = DEFINITIONAL_REPRESENTATION('',(#5609),#5613);
#5609 = LINE('',#5610,#5611);
#5610 = CARTESIAN_POINT('',(0.,0.));
#5611 = VECTOR('',#5612,1.);
#5612 = DIRECTION('',(1.,0.));
#5613 = ( GEOMETRIC_REPRESENTATION_CONTEXT(2) 
PARAMETRIC_REPRESENTATION_CONTEXT() REPRESENTATION_CONTEXT('2D SPACE',''
  ) );
#5614 = ORIENTED_EDGE('',*,*,#5374,.T.);
#5615 = ORIENTED_EDGE('',*,*,#5616,.T.);
#5616 = EDGE_CURVE('',#5377,#5497,#5617,.T.);
#5617 = SURFACE_CURVE('',#5618,(#5622,#5629),.PCURVE_S1.);
#5618 = LINE('',#5619,#5620);
#5619 = CARTESIAN_POINT('',(31.125,51.,32.));
#5620 = VECTOR('',#5621,1.);
#5621 = DIRECTION('',(1.,0.,-0.));
#5622 = PCURVE('',#5397,#5623);
#5623 = DEFINITIONAL_REPRESENTATION('',(#5624),#5628);
#5624 = LINE('',#5625,#5626);
#5625 = CARTESIAN_POINT('',(0.9,0.));
#5626 = VECTOR('',#5627,1.);
#5627 = DIRECTION('',(0.,1.));
#5628 = ( GEOMETRIC_REPRESENTATION_CONTEXT(2) 
PARAMETRIC_REPRESENTATION_CONTEXT() REPRESENTATION_CONTEXT('2D SPACE',''
  ) );
#5629 = PCURVE('',#5479,#5630);
#5630 = DEFINITIONAL_REPRESENTATION('',(#5631),#5635);
#5631 = LINE('',#5632,#5633);
#5632 = CARTESIAN_POINT('',(0.,0.));
#5633 = VECTOR('',#5634,1.);
#5634 = DIRECTION('',(1.,0.));
#5635 = ( GEOMETRIC_REPRESENTATION_CONTEXT(2) 
PARAMETRIC_REPRESENTATION_CONTEXT() REPRESENTATION_CONTEXT('2D SPACE',''
  ) );
#5636 = ORIENTED_EDGE('',*,*,#5494,.F.);
#5637 = ADVANCED_FACE('',(#5638),#5453,.T.);
#5638 = FACE_BOUND('',#5639,.T.);
#5639 = EDGE_LOOP('',(#5640,#5661,#5662,#5683));
#5640 = ORIENTED_EDGE('',*,*,#5641,.F.);
#5641 = EDGE_CURVE('',#5410,#5525,#5642,.T.);
#5642 = SURFACE_CURVE('',#5643,(#5647,#5654),.PCURVE_S1.);
#5643 = LINE('',#5644,#5645);
#5644 = CARTESIAN_POINT('',(31.125,53.,31.1));
#5645 = VECTOR('',#5646,1.);
#5646 = DIRECTION('',(1.,0.,-0.));
#5647 = PCURVE('',#5453,#5648);
#5648 = DEFINITIONAL_REPRESENTATION('',(#5649),#5653);
#5649 = LINE('',#5650,#5651);
#5650 = CARTESIAN_POINT('',(0.,0.));
#5651 = VECTOR('',#5652,1.);
#5652 = DIRECTION('',(0.,1.));
#5653 = ( GEOMETRIC_REPRESENTATION_CONTEXT(2) 
PARAMETRIC_REPRESENTATION_CONTEXT() REPRESENTATION_CONTEXT('2D SPACE',''
  ) );
#5654 = PCURVE('',#5425,#5655);
#5655 = DEFINITIONAL_REPRESENTATION('',(#5656),#5660);
#5656 = LINE('',#5657,#5658);
#5657 = CARTESIAN_POINT('',(0.,2.));
#5658 = VECTOR('',#5659,1.);
#5659 = DIRECTION('',(1.,0.));
#5660 = ( GEOMETRIC_REPRESENTATION_CONTEXT(2) 
PARAMETRIC_REPRESENTATION_CONTEXT() REPRESENTATION_CONTEXT('2D SPACE',''
  ) );
#5661 = ORIENTED_EDGE('',*,*,#5437,.T.);
#5662 = ORIENTED_EDGE('',*,*,#5663,.T.);
#5663 = EDGE_CURVE('',#5438,#5548,#5664,.T.);
#5664 = SURFACE_CURVE('',#5665,(#5669,#5676),.PCURVE_S1.);
#5665 = LINE('',#5666,#5667);
#5666 = CARTESIAN_POINT('',(31.125,53.,32.));
#5667 = VECTOR('',#5668,1.);
#5668 = DIRECTION('',(1.,0.,-0.));
#5669 = PCURVE('',#5453,#5670);
#5670 = DEFINITIONAL_REPRESENTATION('',(#5671),#5675);
#5671 = LINE('',#5672,#5673);
#5672 = CARTESIAN_POINT('',(0.9,0.));
#5673 = VECTOR('',#5674,1.);
#5674 = DIRECTION('',(0.,1.));
#5675 = ( GEOMETRIC_REPRESENTATION_CONTEXT(2) 
PARAMETRIC_REPRESENTATION_CONTEXT() REPRESENTATION_CONTEXT('2D SPACE',''
  ) );
#5676 = PCURVE('',#5479,#5677);
#5677 = DEFINITIONAL_REPRESENTATION('',(#5678),#5682);
#5678 = LINE('',#5679,#5680);
#5679 = CARTESIAN_POINT('',(0.,2.));
#5680 = VECTOR('',#5681,1.);
#5681 = DIRECTION('',(1.,0.));
#5682 = ( GEOMETRIC_REPRESENTATION_CONTEXT(2) 
PARAMETRIC_REPRESENTATION_CONTEXT() REPRESENTATION_CONTEXT('2D SPACE',''
  ) );
#5683 = ORIENTED_EDGE('',*,*,#5547,.F.);
#5684 = ADVANCED_FACE('',(#5685),#5425,.F.);
#5685 = FACE_BOUND('',#5686,.F.);
#5686 = EDGE_LOOP('',(#5687,#5688,#5689,#5690));
#5687 = ORIENTED_EDGE('',*,*,#5409,.F.);
#5688 = ORIENTED_EDGE('',*,*,#5594,.T.);
#5689 = ORIENTED_EDGE('',*,*,#5524,.T.);
#5690 = ORIENTED_EDGE('',*,*,#5641,.F.);
#5691 = ADVANCED_FACE('',(#5692),#5479,.T.);
#5692 = FACE_BOUND('',#5693,.T.);
#5693 = EDGE_LOOP('',(#5694,#5695,#5696,#5697));
#5694 = ORIENTED_EDGE('',*,*,#5465,.F.);
#5695 = ORIENTED_EDGE('',*,*,#5616,.T.);
#5696 = ORIENTED_EDGE('',*,*,#5570,.T.);
#5697 = ORIENTED_EDGE('',*,*,#5663,.F.);
#5698 = ( GEOMETRIC_REPRESENTATION_CONTEXT(3) 
GLOBAL_UNCERTAINTY_ASSIGNED_CONTEXT((#5702)) 
GLOBAL_UNIT_ASSIGNED_CONTEXT((#5699,#5700,#5701)) REPRESENTATION_CONTEXT
('Context #1','3D Context with UNIT and UNCERTAINTY') );
#5699 = ( LENGTH_UNIT() NAMED_UNIT(*) SI_UNIT(.MILLI.,.METRE.) );
#5700 = ( NAMED_UNIT(*) PLANE_ANGLE_UNIT() SI_UNIT($,.RADIAN.) );
#5701 = ( NAMED_UNIT(*) SI_UNIT($,.STERADIAN.) SOLID_ANGLE_UNIT() );
#5702 = UNCERTAINTY_MEASURE_WITH_UNIT(LENGTH_MEASURE(1.E-07),#5699,
  'distance_accuracy_value','confusion accuracy');
#5703 = CONTEXT_DEPENDENT_SHAPE_REPRESENTATION(#5704,#5706);
#5704 = ( REPRESENTATION_RELATIONSHIP('','',#5367,#10) 
REPRESENTATION_RELATIONSHIP_WITH_TRANSFORMATION(#5705) 
SHAPE_REPRESENTATION_RELATIONSHIP() );
#5705 = ITEM_DEFINED_TRANSFORMATION('','',#11,#59);
#5706 = PRODUCT_DEFINITION_SHAPE('Placement','Placement of an item',
  #5707);
#5707 = NEXT_ASSEMBLY_USAGE_OCCURRENCE('12','','',#5,#5362,$);
#5708 = PRODUCT_RELATED_PRODUCT_CATEGORY('part',$,(#5364));
#5709 = SHAPE_DEFINITION_REPRESENTATION(#5710,#5716);
#5710 = PRODUCT_DEFINITION_SHAPE('','',#5711);
#5711 = PRODUCT_DEFINITION('design','',#5712,#5715);
#5712 = PRODUCT_DEFINITION_FORMATION('','',#5713);
#5713 = PRODUCT('Open CASCADE STEP translator 7.8 1.13',
  'Open CASCADE STEP translator 7.8 1.13','',(#5714));
#5714 = PRODUCT_CONTEXT('',#2,'mechanical');
#5715 = PRODUCT_DEFINITION_CONTEXT('part definition',#2,'design');
#5716 = ADVANCED_BREP_SHAPE_REPRESENTATION('',(#11,#5717),#6047);
#5717 = MANIFOLD_SOLID_BREP('',#5718);
#5718 = CLOSED_SHELL('',(#5719,#5839,#5939,#5986,#6033,#6040));
#5719 = ADVANCED_FACE('',(#5720),#5734,.F.);
#5720 = FACE_BOUND('',#5721,.F.);
#5721 = EDGE_LOOP('',(#5722,#5757,#5785,#5813));
#5722 = ORIENTED_EDGE('',*,*,#5723,.F.);
#5723 = EDGE_CURVE('',#5724,#5726,#5728,.T.);
#5724 = VERTEX_POINT('',#5725);
#5725 = CARTESIAN_POINT('',(27.225,56.73,31.1));
#5726 = VERTEX_POINT('',#5727);
#5727 = CARTESIAN_POINT('',(27.225,56.73,32.));
#5728 = SURFACE_CURVE('',#5729,(#5733,#5745),.PCURVE_S1.);
#5729 = LINE('',#5730,#5731);
#5730 = CARTESIAN_POINT('',(27.225,56.73,31.1));
#5731 = VECTOR('',#5732,1.);
#5732 = DIRECTION('',(0.,0.,1.));
#5733 = PCURVE('',#5734,#5739);
#5734 = PLANE('',#5735);
#5735 = AXIS2_PLACEMENT_3D('',#5736,#5737,#5738);
#5736 = CARTESIAN_POINT('',(27.225,56.73,31.1));
#5737 = DIRECTION('',(1.,0.,-0.));
#5738 = DIRECTION('',(0.,0.,1.));
#5739 = DEFINITIONAL_REPRESENTATION('',(#5740),#5744);
#5740 = LINE('',#5741,#5742);
#5741 = CARTESIAN_POINT('',(0.,0.));
#5742 = VECTOR('',#5743,1.);
#5743 = DIRECTION('',(1.,0.));
#5744 = ( GEOMETRIC_REPRESENTATION_CONTEXT(2) 
PARAMETRIC_REPRESENTATION_CONTEXT() REPRESENTATION_CONTEXT('2D SPACE',''
  ) );
#5745 = PCURVE('',#5746,#5751);
#5746 = PLANE('',#5747);
#5747 = AXIS2_PLACEMENT_3D('',#5748,#5749,#5750);
#5748 = CARTESIAN_POINT('',(27.225,56.73,31.1));
#5749 = DIRECTION('',(-0.,1.,0.));
#5750 = DIRECTION('',(0.,0.,1.));
#5751 = DEFINITIONAL_REPRESENTATION('',(#5752),#5756);
#5752 = LINE('',#5753,#5754);
#5753 = CARTESIAN_POINT('',(0.,0.));
#5754 = VECTOR('',#5755,1.);
#5755 = DIRECTION('',(1.,0.));
#5756 = ( GEOMETRIC_REPRESENTATION_CONTEXT(2) 
PARAMETRIC_REPRESENTATION_CONTEXT() REPRESENTATION_CONTEXT('2D SPACE',''
  ) );
#5757 = ORIENTED_EDGE('',*,*,#5758,.T.);
#5758 = EDGE_CURVE('',#5724,#5759,#5761,.T.);
#5759 = VERTEX_POINT('',#5760);
#5760 = CARTESIAN_POINT('',(27.225,58.73,31.1));
#5761 = SURFACE_CURVE('',#5762,(#5766,#5773),.PCURVE_S1.);
#5762 = LINE('',#5763,#5764);
#5763 = CARTESIAN_POINT('',(27.225,56.73,31.1));
#5764 = VECTOR('',#5765,1.);
#5765 = DIRECTION('',(-0.,1.,0.));
#5766 = PCURVE('',#5734,#5767);
#5767 = DEFINITIONAL_REPRESENTATION('',(#5768),#5772);
#5768 = LINE('',#5769,#5770);
#5769 = CARTESIAN_POINT('',(0.,0.));
#5770 = VECTOR('',#5771,1.);
#5771 = DIRECTION('',(0.,-1.));
#5772 = ( GEOMETRIC_REPRESENTATION_CONTEXT(2) 
PARAMETRIC_REPRESENTATION_CONTEXT() REPRESENTATION_CONTEXT('2D SPACE',''
  ) );
#5773 = PCURVE('',#5774,#5779);
#5774 = PLANE('',#5775);
#5775 = AXIS2_PLACEMENT_3D('',#5776,#5777,#5778);
#5776 = CARTESIAN_POINT('',(27.225,56.73,31.1));
#5777 = DIRECTION('',(0.,0.,1.));
#5778 = DIRECTION('',(1.,0.,-0.));
#5779 = DEFINITIONAL_REPRESENTATION('',(#5780),#5784);
#5780 = LINE('',#5781,#5782);
#5781 = CARTESIAN_POINT('',(0.,0.));
#5782 = VECTOR('',#5783,1.);
#5783 = DIRECTION('',(0.,1.));
#5784 = ( GEOMETRIC_REPRESENTATION_CONTEXT(2) 
PARAMETRIC_REPRESENTATION_CONTEXT() REPRESENTATION_CONTEXT('2D SPACE',''
  ) );
#5785 = ORIENTED_EDGE('',*,*,#5786,.T.);
#5786 = EDGE_CURVE('',#5759,#5787,#5789,.T.);
#5787 = VERTEX_POINT('',#5788);
#5788 = CARTESIAN_POINT('',(27.225,58.73,32.));
#5789 = SURFACE_CURVE('',#5790,(#5794,#5801),.PCURVE_S1.);
#5790 = LINE('',#5791,#5792);
#5791 = CARTESIAN_POINT('',(27.225,58.73,31.1));
#5792 = VECTOR('',#5793,1.);
#5793 = DIRECTION('',(0.,0.,1.));
#5794 = PCURVE('',#5734,#5795);
#5795 = DEFINITIONAL_REPRESENTATION('',(#5796),#5800);
#5796 = LINE('',#5797,#5798);
#5797 = CARTESIAN_POINT('',(0.,-2.));
#5798 = VECTOR('',#5799,1.);
#5799 = DIRECTION('',(1.,0.));
#5800 = ( GEOMETRIC_REPRESENTATION_CONTEXT(2) 
PARAMETRIC_REPRESENTATION_CONTEXT() REPRESENTATION_CONTEXT('2D SPACE',''
  ) );
#5801 = PCURVE('',#5802,#5807);
#5802 = PLANE('',#5803);
#5803 = AXIS2_PLACEMENT_3D('',#5804,#5805,#5806);
#5804 = CARTESIAN_POINT('',(27.225,58.73,31.1));
#5805 = DIRECTION('',(-0.,1.,0.));
#5806 = DIRECTION('',(0.,0.,1.));
#5807 = DEFINITIONAL_REPRESENTATION('',(#5808),#5812);
#5808 = LINE('',#5809,#5810);
#5809 = CARTESIAN_POINT('',(0.,0.));
#5810 = VECTOR('',#5811,1.);
#5811 = DIRECTION('',(1.,0.));
#5812 = ( GEOMETRIC_REPRESENTATION_CONTEXT(2) 
PARAMETRIC_REPRESENTATION_CONTEXT() REPRESENTATION_CONTEXT('2D SPACE',''
  ) );
#5813 = ORIENTED_EDGE('',*,*,#5814,.F.);
#5814 = EDGE_CURVE('',#5726,#5787,#5815,.T.);
#5815 = SURFACE_CURVE('',#5816,(#5820,#5827),.PCURVE_S1.);
#5816 = LINE('',#5817,#5818);
#5817 = CARTESIAN_POINT('',(27.225,56.73,32.));
#5818 = VECTOR('',#5819,1.);
#5819 = DIRECTION('',(-0.,1.,0.));
#5820 = PCURVE('',#5734,#5821);
#5821 = DEFINITIONAL_REPRESENTATION('',(#5822),#5826);
#5822 = LINE('',#5823,#5824);
#5823 = CARTESIAN_POINT('',(0.9,0.));
#5824 = VECTOR('',#5825,1.);
#5825 = DIRECTION('',(0.,-1.));
#5826 = ( GEOMETRIC_REPRESENTATION_CONTEXT(2) 
PARAMETRIC_REPRESENTATION_CONTEXT() REPRESENTATION_CONTEXT('2D SPACE',''
  ) );
#5827 = PCURVE('',#5828,#5833);
#5828 = PLANE('',#5829);
#5829 = AXIS2_PLACEMENT_3D('',#5830,#5831,#5832);
#5830 = CARTESIAN_POINT('',(27.225,56.73,32.));
#5831 = DIRECTION('',(0.,0.,1.));
#5832 = DIRECTION('',(1.,0.,-0.));
#5833 = DEFINITIONAL_REPRESENTATION('',(#5834),#5838);
#5834 = LINE('',#5835,#5836);
#5835 = CARTESIAN_POINT('',(0.,0.));
#5836 = VECTOR('',#5837,1.);
#5837 = DIRECTION('',(0.,1.));
#5838 = ( GEOMETRIC_REPRESENTATION_CONTEXT(2) 
PARAMETRIC_REPRESENTATION_CONTEXT() REPRESENTATION_CONTEXT('2D SPACE',''
  ) );
#5839 = ADVANCED_FACE('',(#5840),#5854,.T.);
#5840 = FACE_BOUND('',#5841,.T.);
#5841 = EDGE_LOOP('',(#5842,#5872,#5895,#5918));
#5842 = ORIENTED_EDGE('',*,*,#5843,.F.);
#5843 = EDGE_CURVE('',#5844,#5846,#5848,.T.);
#5844 = VERTEX_POINT('',#5845);
#5845 = CARTESIAN_POINT('',(28.475,56.73,31.1));
#5846 = VERTEX_POINT('',#5847);
#5847 = CARTESIAN_POINT('',(28.475,56.73,32.));
#5848 = SURFACE_CURVE('',#5849,(#5853,#5865),.PCURVE_S1.);
#5849 = LINE('',#5850,#5851);
#5850 = CARTESIAN_POINT('',(28.475,56.73,31.1));
#5851 = VECTOR('',#5852,1.);
#5852 = DIRECTION('',(0.,0.,1.));
#5853 = PCURVE('',#5854,#5859);
#5854 = PLANE('',#5855);
#5855 = AXIS2_PLACEMENT_3D('',#5856,#5857,#5858);
#5856 = CARTESIAN_POINT('',(28.475,56.73,31.1));
#5857 = DIRECTION('',(1.,0.,-0.));
#5858 = DIRECTION('',(0.,0.,1.));
#5859 = DEFINITIONAL_REPRESENTATION('',(#5860),#5864);
#5860 = LINE('',#5861,#5862);
#5861 = CARTESIAN_POINT('',(0.,0.));
#5862 = VECTOR('',#5863,1.);
#5863 = DIRECTION('',(1.,0.));
#5864 = ( GEOMETRIC_REPRESENTATION_CONTEXT(2) 
PARAMETRIC_REPRESENTATION_CONTEXT() REPRESENTATION_CONTEXT('2D SPACE',''
  ) );
#5865 = PCURVE('',#5746,#5866);
#5866 = DEFINITIONAL_REPRESENTATION('',(#5867),#5871);
#5867 = LINE('',#5868,#5869);
#5868 = CARTESIAN_POINT('',(0.,1.25));
#5869 = VECTOR('',#5870,1.);
#5870 = DIRECTION('',(1.,0.));
#5871 = ( GEOMETRIC_REPRESENTATION_CONTEXT(2) 
PARAMETRIC_REPRESENTATION_CONTEXT() REPRESENTATION_CONTEXT('2D SPACE',''
  ) );
#5872 = ORIENTED_EDGE('',*,*,#5873,.T.);
#5873 = EDGE_CURVE('',#5844,#5874,#5876,.T.);
#5874 = VERTEX_POINT('',#5875);
#5875 = CARTESIAN_POINT('',(28.475,58.73,31.1));
#5876 = SURFACE_CURVE('',#5877,(#5881,#5888),.PCURVE_S1.);
#5877 = LINE('',#5878,#5879);
#5878 = CARTESIAN_POINT('',(28.475,56.73,31.1));
#5879 = VECTOR('',#5880,1.);
#5880 = DIRECTION('',(-0.,1.,0.));
#5881 = PCURVE('',#5854,#5882);
#5882 = DEFINITIONAL_REPRESENTATION('',(#5883),#5887);
#5883 = LINE('',#5884,#5885);
#5884 = CARTESIAN_POINT('',(0.,0.));
#5885 = VECTOR('',#5886,1.);
#5886 = DIRECTION('',(0.,-1.));
#5887 = ( GEOMETRIC_REPRESENTATION_CONTEXT(2) 
PARAMETRIC_REPRESENTATION_CONTEXT() REPRESENTATION_CONTEXT('2D SPACE',''
  ) );
#5888 = PCURVE('',#5774,#5889);
#5889 = DEFINITIONAL_REPRESENTATION('',(#5890),#5894);
#5890 = LINE('',#5891,#5892);
#5891 = CARTESIAN_POINT('',(1.25,0.));
#5892 = VECTOR('',#5893,1.);
#5893 = DIRECTION('',(0.,1.));
#5894 = ( GEOMETRIC_REPRESENTATION_CONTEXT(2) 
PARAMETRIC_REPRESENTATION_CONTEXT() REPRESENTATION_CONTEXT('2D SPACE',''
  ) );
#5895 = ORIENTED_EDGE('',*,*,#5896,.T.);
#5896 = EDGE_CURVE('',#5874,#5897,#5899,.T.);
#5897 = VERTEX_POINT('',#5898);
#5898 = CARTESIAN_POINT('',(28.475,58.73,32.));
#5899 = SURFACE_CURVE('',#5900,(#5904,#5911),.PCURVE_S1.);
#5900 = LINE('',#5901,#5902);
#5901 = CARTESIAN_POINT('',(28.475,58.73,31.1));
#5902 = VECTOR('',#5903,1.);
#5903 = DIRECTION('',(0.,0.,1.));
#5904 = PCURVE('',#5854,#5905);
#5905 = DEFINITIONAL_REPRESENTATION('',(#5906),#5910);
#5906 = LINE('',#5907,#5908);
#5907 = CARTESIAN_POINT('',(0.,-2.));
#5908 = VECTOR('',#5909,1.);
#5909 = DIRECTION('',(1.,0.));
#5910 = ( GEOMETRIC_REPRESENTATION_CONTEXT(2) 
PARAMETRIC_REPRESENTATION_CONTEXT() REPRESENTATION_CONTEXT('2D SPACE',''
  ) );
#5911 = PCURVE('',#5802,#5912);
#5912 = DEFINITIONAL_REPRESENTATION('',(#5913),#5917);
#5913 = LINE('',#5914,#5915);
#5914 = CARTESIAN_POINT('',(0.,1.25));
#5915 = VECTOR('',#5916,1.);
#5916 = DIRECTION('',(1.,0.));
#5917 = ( GEOMETRIC_REPRESENTATION_CONTEXT(2) 
PARAMETRIC_REPRESENTATION_CONTEXT() REPRESENTATION_CONTEXT('2D SPACE',''
  ) );
#5918 = ORIENTED_EDGE('',*,*,#5919,.F.);
#5919 = EDGE_CURVE('',#5846,#5897,#5920,.T.);
#5920 = SURFACE_CURVE('',#5921,(#5925,#5932),.PCURVE_S1.);
#5921 = LINE('',#5922,#5923);
#5922 = CARTESIAN_POINT('',(28.475,56.73,32.));
#5923 = VECTOR('',#5924,1.);
#5924 = DIRECTION('',(-0.,1.,0.));
#5925 = PCURVE('',#5854,#5926);
#5926 = DEFINITIONAL_REPRESENTATION('',(#5927),#5931);
#5927 = LINE('',#5928,#5929);
#5928 = CARTESIAN_POINT('',(0.9,0.));
#5929 = VECTOR('',#5930,1.);
#5930 = DIRECTION('',(0.,-1.));
#5931 = ( GEOMETRIC_REPRESENTATION_CONTEXT(2) 
PARAMETRIC_REPRESENTATION_CONTEXT() REPRESENTATION_CONTEXT('2D SPACE',''
  ) );
#5932 = PCURVE('',#5828,#5933);
#5933 = DEFINITIONAL_REPRESENTATION('',(#5934),#5938);
#5934 = LINE('',#5935,#5936);
#5935 = CARTESIAN_POINT('',(1.25,0.));
#5936 = VECTOR('',#5937,1.);
#5937 = DIRECTION('',(0.,1.));
#5938 = ( GEOMETRIC_REPRESENTATION_CONTEXT(2) 
PARAMETRIC_REPRESENTATION_CONTEXT() REPRESENTATION_CONTEXT('2D SPACE',''
  ) );
#5939 = ADVANCED_FACE('',(#5940),#5746,.F.);
#5940 = FACE_BOUND('',#5941,.F.);
#5941 = EDGE_LOOP('',(#5942,#5963,#5964,#5985));
#5942 = ORIENTED_EDGE('',*,*,#5943,.F.);
#5943 = EDGE_CURVE('',#5724,#5844,#5944,.T.);
#5944 = SURFACE_CURVE('',#5945,(#5949,#5956),.PCURVE_S1.);
#5945 = LINE('',#5946,#5947);
#5946 = CARTESIAN_POINT('',(27.225,56.73,31.1));
#5947 = VECTOR('',#5948,1.);
#5948 = DIRECTION('',(1.,0.,-0.));
#5949 = PCURVE('',#5746,#5950);
#5950 = DEFINITIONAL_REPRESENTATION('',(#5951),#5955);
#5951 = LINE('',#5952,#5953);
#5952 = CARTESIAN_POINT('',(0.,0.));
#5953 = VECTOR('',#5954,1.);
#5954 = DIRECTION('',(0.,1.));
#5955 = ( GEOMETRIC_REPRESENTATION_CONTEXT(2) 
PARAMETRIC_REPRESENTATION_CONTEXT() REPRESENTATION_CONTEXT('2D SPACE',''
  ) );
#5956 = PCURVE('',#5774,#5957);
#5957 = DEFINITIONAL_REPRESENTATION('',(#5958),#5962);
#5958 = LINE('',#5959,#5960);
#5959 = CARTESIAN_POINT('',(0.,0.));
#5960 = VECTOR('',#5961,1.);
#5961 = DIRECTION('',(1.,0.));
#5962 = ( GEOMETRIC_REPRESENTATION_CONTEXT(2) 
PARAMETRIC_REPRESENTATION_CONTEXT() REPRESENTATION_CONTEXT('2D SPACE',''
  ) );
#5963 = ORIENTED_EDGE('',*,*,#5723,.T.);
#5964 = ORIENTED_EDGE('',*,*,#5965,.T.);
#5965 = EDGE_CURVE('',#5726,#5846,#5966,.T.);
#5966 = SURFACE_CURVE('',#5967,(#5971,#5978),.PCURVE_S1.);
#5967 = LINE('',#5968,#5969);
#5968 = CARTESIAN_POINT('',(27.225,56.73,32.));
#5969 = VECTOR('',#5970,1.);
#5970 = DIRECTION('',(1.,0.,-0.));
#5971 = PCURVE('',#5746,#5972);
#5972 = DEFINITIONAL_REPRESENTATION('',(#5973),#5977);
#5973 = LINE('',#5974,#5975);
#5974 = CARTESIAN_POINT('',(0.9,0.));
#5975 = VECTOR('',#5976,1.);
#5976 = DIRECTION('',(0.,1.));
#5977 = ( GEOMETRIC_REPRESENTATION_CONTEXT(2) 
PARAMETRIC_REPRESENTATION_CONTEXT() REPRESENTATION_CONTEXT('2D SPACE',''
  ) );
#5978 = PCURVE('',#5828,#5979);
#5979 = DEFINITIONAL_REPRESENTATION('',(#5980),#5984);
#5980 = LINE('',#5981,#5982);
#5981 = CARTESIAN_POINT('',(0.,0.));
#5982 = VECTOR('',#5983,1.);
#5983 = DIRECTION('',(1.,0.));
#5984 = ( GEOMETRIC_REPRESENTATION_CONTEXT(2) 
PARAMETRIC_REPRESENTATION_CONTEXT() REPRESENTATION_CONTEXT('2D SPACE',''
  ) );
#5985 = ORIENTED_EDGE('',*,*,#5843,.F.);
#5986 = ADVANCED_FACE('',(#5987),#5802,.T.);
#5987 = FACE_BOUND('',#5988,.T.);
#5988 = EDGE_LOOP('',(#5989,#6010,#6011,#6032));
#5989 = ORIENTED_EDGE('',*,*,#5990,.F.);
#5990 = EDGE_CURVE('',#5759,#5874,#5991,.T.);
#5991 = SURFACE_CURVE('',#5992,(#5996,#6003),.PCURVE_S1.);
#5992 = LINE('',#5993,#5994);
#5993 = CARTESIAN_POINT('',(27.225,58.73,31.1));
#5994 = VECTOR('',#5995,1.);
#5995 = DIRECTION('',(1.,0.,-0.));
#5996 = PCURVE('',#5802,#5997);
#5997 = DEFINITIONAL_REPRESENTATION('',(#5998),#6002);
#5998 = LINE('',#5999,#6000);
#5999 = CARTESIAN_POINT('',(0.,0.));
#6000 = VECTOR('',#6001,1.);
#6001 = DIRECTION('',(0.,1.));
#6002 = ( GEOMETRIC_REPRESENTATION_CONTEXT(2) 
PARAMETRIC_REPRESENTATION_CONTEXT() REPRESENTATION_CONTEXT('2D SPACE',''
  ) );
#6003 = PCURVE('',#5774,#6004);
#6004 = DEFINITIONAL_REPRESENTATION('',(#6005),#6009);
#6005 = LINE('',#6006,#6007);
#6006 = CARTESIAN_POINT('',(0.,2.));
#6007 = VECTOR('',#6008,1.);
#6008 = DIRECTION('',(1.,0.));
#6009 = ( GEOMETRIC_REPRESENTATION_CONTEXT(2) 
PARAMETRIC_REPRESENTATION_CONTEXT() REPRESENTATION_CONTEXT('2D SPACE',''
  ) );
#6010 = ORIENTED_EDGE('',*,*,#5786,.T.);
#6011 = ORIENTED_EDGE('',*,*,#6012,.T.);
#6012 = EDGE_CURVE('',#5787,#5897,#6013,.T.);
#6013 = SURFACE_CURVE('',#6014,(#6018,#6025),.PCURVE_S1.);
#6014 = LINE('',#6015,#6016);
#6015 = CARTESIAN_POINT('',(27.225,58.73,32.));
#6016 = VECTOR('',#6017,1.);
#6017 = DIRECTION('',(1.,0.,-0.));
#6018 = PCURVE('',#5802,#6019);
#6019 = DEFINITIONAL_REPRESENTATION('',(#6020),#6024);
#6020 = LINE('',#6021,#6022);
#6021 = CARTESIAN_POINT('',(0.9,0.));
#6022 = VECTOR('',#6023,1.);
#6023 = DIRECTION('',(0.,1.));
#6024 = ( GEOMETRIC_REPRESENTATION_CONTEXT(2) 
PARAMETRIC_REPRESENTATION_CONTEXT() REPRESENTATION_CONTEXT('2D SPACE',''
  ) );
#6025 = PCURVE('',#5828,#6026);
#6026 = DEFINITIONAL_REPRESENTATION('',(#6027),#6031);
#6027 = LINE('',#6028,#6029);
#6028 = CARTESIAN_POINT('',(0.,2.));
#6029 = VECTOR('',#6030,1.);
#6030 = DIRECTION('',(1.,0.));
#6031 = ( GEOMETRIC_REPRESENTATION_CONTEXT(2) 
PARAMETRIC_REPRESENTATION_CONTEXT() REPRESENTATION_CONTEXT('2D SPACE',''
  ) );
#6032 = ORIENTED_EDGE('',*,*,#5896,.F.);
#6033 = ADVANCED_FACE('',(#6034),#5774,.F.);
#6034 = FACE_BOUND('',#6035,.F.);
#6035 = EDGE_LOOP('',(#6036,#6037,#6038,#6039));
#6036 = ORIENTED_EDGE('',*,*,#5758,.F.);
#6037 = ORIENTED_EDGE('',*,*,#5943,.T.);
#6038 = ORIENTED_EDGE('',*,*,#5873,.T.);
#6039 = ORIENTED_EDGE('',*,*,#5990,.F.);
#6040 = ADVANCED_FACE('',(#6041),#5828,.T.);
#6041 = FACE_BOUND('',#6042,.T.);
#6042 = EDGE_LOOP('',(#6043,#6044,#6045,#6046));
#6043 = ORIENTED_EDGE('',*,*,#5814,.F.);
#6044 = ORIENTED_EDGE('',*,*,#5965,.T.);
#6045 = ORIENTED_EDGE('',*,*,#5919,.T.);
#6046 = ORIENTED_EDGE('',*,*,#6012,.F.);
#6047 = ( GEOMETRIC_REPRESENTATION_CONTEXT(3) 
GLOBAL_UNCERTAINTY_ASSIGNED_CONTEXT((#6051)) 
GLOBAL_UNIT_ASSIGNED_CONTEXT((#6048,#6049,#6050)) REPRESENTATION_CONTEXT
('Context #1','3D Context with UNIT and UNCERTAINTY') );
#6048 = ( LENGTH_UNIT() NAMED_UNIT(*) SI_UNIT(.MILLI.,.METRE.) );
#6049 = ( NAMED_UNIT(*) PLANE_ANGLE_UNIT() SI_UNIT($,.RADIAN.) );
#6050 = ( NAMED_UNIT(*) SI_UNIT($,.STERADIAN.) SOLID_ANGLE_UNIT() );
#6051 = UNCERTAINTY_MEASURE_WITH_UNIT(LENGTH_MEASURE(1.E-07),#6048,
  'distance_accuracy_value','confusion accuracy');
#6052 = CONTEXT_DEPENDENT_SHAPE_REPRESENTATION(#6053,#6055);
#6053 = ( REPRESENTATION_RELATIONSHIP('','',#5716,#10) 
REPRESENTATION_RELATIONSHIP_WITH_TRANSFORMATION(#6054) 
SHAPE_REPRESENTATION_RELATIONSHIP() );
#6054 = ITEM_DEFINED_TRANSFORMATION('','',#11,#63);
#6055 = PRODUCT_DEFINITION_SHAPE('Placement','Placement of an item',
  #6056);
#6056 = NEXT_ASSEMBLY_USAGE_OCCURRENCE('13','','',#5,#5711,$);
#6057 = PRODUCT_RELATED_PRODUCT_CATEGORY('part',$,(#5713));
#6058 = SHAPE_DEFINITION_REPRESENTATION(#6059,#6065);
#6059 = PRODUCT_DEFINITION_SHAPE('','',#6060);
#6060 = PRODUCT_DEFINITION('design','',#6061,#6064);
#6061 = PRODUCT_DEFINITION_FORMATION('','',#6062);
#6062 = PRODUCT('Open CASCADE STEP translator 7.8 1.14',
  'Open CASCADE STEP translator 7.8 1.14','',(#6063));
#6063 = PRODUCT_CONTEXT('',#2,'mechanical');
#6064 = PRODUCT_DEFINITION_CONTEXT('part definition',#2,'design');
#6065 = ADVANCED_BREP_SHAPE_REPRESENTATION('',(#11,#6066),#6396);
#6066 = MANIFOLD_SOLID_BREP('',#6067);
#6067 = CLOSED_SHELL('',(#6068,#6188,#6288,#6335,#6382,#6389));
#6068 = ADVANCED_FACE('',(#6069),#6083,.F.);
#6069 = FACE_BOUND('',#6070,.F.);
#6070 = EDGE_LOOP('',(#6071,#6106,#6134,#6162));
#6071 = ORIENTED_EDGE('',*,*,#6072,.F.);
#6072 = EDGE_CURVE('',#6073,#6075,#6077,.T.);
#6073 = VERTEX_POINT('',#6074);
#6074 = CARTESIAN_POINT('',(34.125,51.1,31.1));
#6075 = VERTEX_POINT('',#6076);
#6076 = CARTESIAN_POINT('',(34.125,51.1,32.));
#6077 = SURFACE_CURVE('',#6078,(#6082,#6094),.PCURVE_S1.);
#6078 = LINE('',#6079,#6080);
#6079 = CARTESIAN_POINT('',(34.125,51.1,31.1));
#6080 = VECTOR('',#6081,1.);
#6081 = DIRECTION('',(0.,0.,1.));
#6082 = PCURVE('',#6083,#6088);
#6083 = PLANE('',#6084);
#6084 = AXIS2_PLACEMENT_3D('',#6085,#6086,#6087);
#6085 = CARTESIAN_POINT('',(34.125,51.1,31.1));
#6086 = DIRECTION('',(1.,0.,-0.));
#6087 = DIRECTION('',(0.,0.,1.));
#6088 = DEFINITIONAL_REPRESENTATION('',(#6089),#6093);
#6089 = LINE('',#6090,#6091);
#6090 = CARTESIAN_POINT('',(0.,0.));
#6091 = VECTOR('',#6092,1.);
#6092 = DIRECTION('',(1.,0.));
#6093 = ( GEOMETRIC_REPRESENTATION_CONTEXT(2) 
PARAMETRIC_REPRESENTATION_CONTEXT() REPRESENTATION_CONTEXT('2D SPACE',''
  ) );
#6094 = PCURVE('',#6095,#6100);
#6095 = PLANE('',#6096);
#6096 = AXIS2_PLACEMENT_3D('',#6097,#6098,#6099);
#6097 = CARTESIAN_POINT('',(34.125,51.1,31.1));
#6098 = DIRECTION('',(-0.,1.,0.));
#6099 = DIRECTION('',(0.,0.,1.));
#6100 = DEFINITIONAL_REPRESENTATION('',(#6101),#6105);
#6101 = LINE('',#6102,#6103);
#6102 = CARTESIAN_POINT('',(0.,0.));
#6103 = VECTOR('',#6104,1.);
#6104 = DIRECTION('',(1.,0.));
#6105 = ( GEOMETRIC_REPRESENTATION_CONTEXT(2) 
PARAMETRIC_REPRESENTATION_CONTEXT() REPRESENTATION_CONTEXT('2D SPACE',''
  ) );
#6106 = ORIENTED_EDGE('',*,*,#6107,.T.);
#6107 = EDGE_CURVE('',#6073,#6108,#6110,.T.);
#6108 = VERTEX_POINT('',#6109);
#6109 = CARTESIAN_POINT('',(34.125,53.1,31.1));
#6110 = SURFACE_CURVE('',#6111,(#6115,#6122),.PCURVE_S1.);
#6111 = LINE('',#6112,#6113);
#6112 = CARTESIAN_POINT('',(34.125,51.1,31.1));
#6113 = VECTOR('',#6114,1.);
#6114 = DIRECTION('',(-0.,1.,0.));
#6115 = PCURVE('',#6083,#6116);
#6116 = DEFINITIONAL_REPRESENTATION('',(#6117),#6121);
#6117 = LINE('',#6118,#6119);
#6118 = CARTESIAN_POINT('',(0.,0.));
#6119 = VECTOR('',#6120,1.);
#6120 = DIRECTION('',(0.,-1.));
#6121 = ( GEOMETRIC_REPRESENTATION_CONTEXT(2) 
PARAMETRIC_REPRESENTATION_CONTEXT() REPRESENTATION_CONTEXT('2D SPACE',''
  ) );
#6122 = PCURVE('',#6123,#6128);
#6123 = PLANE('',#6124);
#6124 = AXIS2_PLACEMENT_3D('',#6125,#6126,#6127);
#6125 = CARTESIAN_POINT('',(34.125,51.1,31.1));
#6126 = DIRECTION('',(0.,0.,1.));
#6127 = DIRECTION('',(1.,0.,-0.));
#6128 = DEFINITIONAL_REPRESENTATION('',(#6129),#6133);
#6129 = LINE('',#6130,#6131);
#6130 = CARTESIAN_POINT('',(0.,0.));
#6131 = VECTOR('',#6132,1.);
#6132 = DIRECTION('',(0.,1.));
#6133 = ( GEOMETRIC_REPRESENTATION_CONTEXT(2) 
PARAMETRIC_REPRESENTATION_CONTEXT() REPRESENTATION_CONTEXT('2D SPACE',''
  ) );
#6134 = ORIENTED_EDGE('',*,*,#6135,.T.);
#6135 = EDGE_CURVE('',#6108,#6136,#6138,.T.);
#6136 = VERTEX_POINT('',#6137);
#6137 = CARTESIAN_POINT('',(34.125,53.1,32.));
#6138 = SURFACE_CURVE('',#6139,(#6143,#6150),.PCURVE_S1.);
#6139 = LINE('',#6140,#6141);
#6140 = CARTESIAN_POINT('',(34.125,53.1,31.1));
#6141 = VECTOR('',#6142,1.);
#6142 = DIRECTION('',(0.,0.,1.));
#6143 = PCURVE('',#6083,#6144);
#6144 = DEFINITIONAL_REPRESENTATION('',(#6145),#6149);
#6145 = LINE('',#6146,#6147);
#6146 = CARTESIAN_POINT('',(0.,-2.));
#6147 = VECTOR('',#6148,1.);
#6148 = DIRECTION('',(1.,0.));
#6149 = ( GEOMETRIC_REPRESENTATION_CONTEXT(2) 
PARAMETRIC_REPRESENTATION_CONTEXT() REPRESENTATION_CONTEXT('2D SPACE',''
  ) );
#6150 = PCURVE('',#6151,#6156);
#6151 = PLANE('',#6152);
#6152 = AXIS2_PLACEMENT_3D('',#6153,#6154,#6155);
#6153 = CARTESIAN_POINT('',(34.125,53.1,31.1));
#6154 = DIRECTION('',(-0.,1.,0.));
#6155 = DIRECTION('',(0.,0.,1.));
#6156 = DEFINITIONAL_REPRESENTATION('',(#6157),#6161);
#6157 = LINE('',#6158,#6159);
#6158 = CARTESIAN_POINT('',(0.,0.));
#6159 = VECTOR('',#6160,1.);
#6160 = DIRECTION('',(1.,0.));
#6161 = ( GEOMETRIC_REPRESENTATION_CONTEXT(2) 
PARAMETRIC_REPRESENTATION_CONTEXT() REPRESENTATION_CONTEXT('2D SPACE',''
  ) );
#6162 = ORIENTED_EDGE('',*,*,#6163,.F.);
#6163 = EDGE_CURVE('',#6075,#6136,#6164,.T.);
#6164 = SURFACE_CURVE('',#6165,(#6169,#6176),.PCURVE_S1.);
#6165 = LINE('',#6166,#6167);
#6166 = CARTESIAN_POINT('',(34.125,51.1,32.));
#6167 = VECTOR('',#6168,1.);
#6168 = DIRECTION('',(-0.,1.,0.));
#6169 = PCURVE('',#6083,#6170);
#6170 = DEFINITIONAL_REPRESENTATION('',(#6171),#6175);
#6171 = LINE('',#6172,#6173);
#6172 = CARTESIAN_POINT('',(0.9,0.));
#6173 = VECTOR('',#6174,1.);
#6174 = DIRECTION('',(0.,-1.));
#6175 = ( GEOMETRIC_REPRESENTATION_CONTEXT(2) 
PARAMETRIC_REPRESENTATION_CONTEXT() REPRESENTATION_CONTEXT('2D SPACE',''
  ) );
#6176 = PCURVE('',#6177,#6182);
#6177 = PLANE('',#6178);
#6178 = AXIS2_PLACEMENT_3D('',#6179,#6180,#6181);
#6179 = CARTESIAN_POINT('',(34.125,51.1,32.));
#6180 = DIRECTION('',(0.,0.,1.));
#6181 = DIRECTION('',(1.,0.,-0.));
#6182 = DEFINITIONAL_REPRESENTATION('',(#6183),#6187);
#6183 = LINE('',#6184,#6185);
#6184 = CARTESIAN_POINT('',(0.,0.));
#6185 = VECTOR('',#6186,1.);
#6186 = DIRECTION('',(0.,1.));
#6187 = ( GEOMETRIC_REPRESENTATION_CONTEXT(2) 
PARAMETRIC_REPRESENTATION_CONTEXT() REPRESENTATION_CONTEXT('2D SPACE',''
  ) );
#6188 = ADVANCED_FACE('',(#6189),#6203,.T.);
#6189 = FACE_BOUND('',#6190,.T.);
#6190 = EDGE_LOOP('',(#6191,#6221,#6244,#6267));
#6191 = ORIENTED_EDGE('',*,*,#6192,.F.);
#6192 = EDGE_CURVE('',#6193,#6195,#6197,.T.);
#6193 = VERTEX_POINT('',#6194);
#6194 = CARTESIAN_POINT('',(35.375,51.1,31.1));
#6195 = VERTEX_POINT('',#6196);
#6196 = CARTESIAN_POINT('',(35.375,51.1,32.));
#6197 = SURFACE_CURVE('',#6198,(#6202,#6214),.PCURVE_S1.);
#6198 = LINE('',#6199,#6200);
#6199 = CARTESIAN_POINT('',(35.375,51.1,31.1));
#6200 = VECTOR('',#6201,1.);
#6201 = DIRECTION('',(0.,0.,1.));
#6202 = PCURVE('',#6203,#6208);
#6203 = PLANE('',#6204);
#6204 = AXIS2_PLACEMENT_3D('',#6205,#6206,#6207);
#6205 = CARTESIAN_POINT('',(35.375,51.1,31.1));
#6206 = DIRECTION('',(1.,0.,-0.));
#6207 = DIRECTION('',(0.,0.,1.));
#6208 = DEFINITIONAL_REPRESENTATION('',(#6209),#6213);
#6209 = LINE('',#6210,#6211);
#6210 = CARTESIAN_POINT('',(0.,0.));
#6211 = VECTOR('',#6212,1.);
#6212 = DIRECTION('',(1.,0.));
#6213 = ( GEOMETRIC_REPRESENTATION_CONTEXT(2) 
PARAMETRIC_REPRESENTATION_CONTEXT() REPRESENTATION_CONTEXT('2D SPACE',''
  ) );
#6214 = PCURVE('',#6095,#6215);
#6215 = DEFINITIONAL_REPRESENTATION('',(#6216),#6220);
#6216 = LINE('',#6217,#6218);
#6217 = CARTESIAN_POINT('',(0.,1.25));
#6218 = VECTOR('',#6219,1.);
#6219 = DIRECTION('',(1.,0.));
#6220 = ( GEOMETRIC_REPRESENTATION_CONTEXT(2) 
PARAMETRIC_REPRESENTATION_CONTEXT() REPRESENTATION_CONTEXT('2D SPACE',''
  ) );
#6221 = ORIENTED_EDGE('',*,*,#6222,.T.);
#6222 = EDGE_CURVE('',#6193,#6223,#6225,.T.);
#6223 = VERTEX_POINT('',#6224);
#6224 = CARTESIAN_POINT('',(35.375,53.1,31.1));
#6225 = SURFACE_CURVE('',#6226,(#6230,#6237),.PCURVE_S1.);
#6226 = LINE('',#6227,#6228);
#6227 = CARTESIAN_POINT('',(35.375,51.1,31.1));
#6228 = VECTOR('',#6229,1.);
#6229 = DIRECTION('',(-0.,1.,0.));
#6230 = PCURVE('',#6203,#6231);
#6231 = DEFINITIONAL_REPRESENTATION('',(#6232),#6236);
#6232 = LINE('',#6233,#6234);
#6233 = CARTESIAN_POINT('',(0.,0.));
#6234 = VECTOR('',#6235,1.);
#6235 = DIRECTION('',(0.,-1.));
#6236 = ( GEOMETRIC_REPRESENTATION_CONTEXT(2) 
PARAMETRIC_REPRESENTATION_CONTEXT() REPRESENTATION_CONTEXT('2D SPACE',''
  ) );
#6237 = PCURVE('',#6123,#6238);
#6238 = DEFINITIONAL_REPRESENTATION('',(#6239),#6243);
#6239 = LINE('',#6240,#6241);
#6240 = CARTESIAN_POINT('',(1.25,0.));
#6241 = VECTOR('',#6242,1.);
#6242 = DIRECTION('',(0.,1.));
#6243 = ( GEOMETRIC_REPRESENTATION_CONTEXT(2) 
PARAMETRIC_REPRESENTATION_CONTEXT() REPRESENTATION_CONTEXT('2D SPACE',''
  ) );
#6244 = ORIENTED_EDGE('',*,*,#6245,.T.);
#6245 = EDGE_CURVE('',#6223,#6246,#6248,.T.);
#6246 = VERTEX_POINT('',#6247);
#6247 = CARTESIAN_POINT('',(35.375,53.1,32.));
#6248 = SURFACE_CURVE('',#6249,(#6253,#6260),.PCURVE_S1.);
#6249 = LINE('',#6250,#6251);
#6250 = CARTESIAN_POINT('',(35.375,53.1,31.1));
#6251 = VECTOR('',#6252,1.);
#6252 = DIRECTION('',(0.,0.,1.));
#6253 = PCURVE('',#6203,#6254);
#6254 = DEFINITIONAL_REPRESENTATION('',(#6255),#6259);
#6255 = LINE('',#6256,#6257);
#6256 = CARTESIAN_POINT('',(0.,-2.));
#6257 = VECTOR('',#6258,1.);
#6258 = DIRECTION('',(1.,0.));
#6259 = ( GEOMETRIC_REPRESENTATION_CONTEXT(2) 
PARAMETRIC_REPRESENTATION_CONTEXT() REPRESENTATION_CONTEXT('2D SPACE',''
  ) );
#6260 = PCURVE('',#6151,#6261);
#6261 = DEFINITIONAL_REPRESENTATION('',(#6262),#6266);
#6262 = LINE('',#6263,#6264);
#6263 = CARTESIAN_POINT('',(0.,1.25));
#6264 = VECTOR('',#6265,1.);
#6265 = DIRECTION('',(1.,0.));
#6266 = ( GEOMETRIC_REPRESENTATION_CONTEXT(2) 
PARAMETRIC_REPRESENTATION_CONTEXT() REPRESENTATION_CONTEXT('2D SPACE',''
  ) );
#6267 = ORIENTED_EDGE('',*,*,#6268,.F.);
#6268 = EDGE_CURVE('',#6195,#6246,#6269,.T.);
#6269 = SURFACE_CURVE('',#6270,(#6274,#6281),.PCURVE_S1.);
#6270 = LINE('',#6271,#6272);
#6271 = CARTESIAN_POINT('',(35.375,51.1,32.));
#6272 = VECTOR('',#6273,1.);
#6273 = DIRECTION('',(-0.,1.,0.));
#6274 = PCURVE('',#6203,#6275);
#6275 = DEFINITIONAL_REPRESENTATION('',(#6276),#6280);
#6276 = LINE('',#6277,#6278);
#6277 = CARTESIAN_POINT('',(0.9,0.));
#6278 = VECTOR('',#6279,1.);
#6279 = DIRECTION('',(0.,-1.));
#6280 = ( GEOMETRIC_REPRESENTATION_CONTEXT(2) 
PARAMETRIC_REPRESENTATION_CONTEXT() REPRESENTATION_CONTEXT('2D SPACE',''
  ) );
#6281 = PCURVE('',#6177,#6282);
#6282 = DEFINITIONAL_REPRESENTATION('',(#6283),#6287);
#6283 = LINE('',#6284,#6285);
#6284 = CARTESIAN_POINT('',(1.25,0.));
#6285 = VECTOR('',#6286,1.);
#6286 = DIRECTION('',(0.,1.));
#6287 = ( GEOMETRIC_REPRESENTATION_CONTEXT(2) 
PARAMETRIC_REPRESENTATION_CONTEXT() REPRESENTATION_CONTEXT('2D SPACE',''
  ) );
#6288 = ADVANCED_FACE('',(#6289),#6095,.F.);
#6289 = FACE_BOUND('',#6290,.F.);
#6290 = EDGE_LOOP('',(#6291,#6312,#6313,#6334));
#6291 = ORIENTED_EDGE('',*,*,#6292,.F.);
#6292 = EDGE_CURVE('',#6073,#6193,#6293,.T.);
#6293 = SURFACE_CURVE('',#6294,(#6298,#6305),.PCURVE_S1.);
#6294 = LINE('',#6295,#6296);
#6295 = CARTESIAN_POINT('',(34.125,51.1,31.1));
#6296 = VECTOR('',#6297,1.);
#6297 = DIRECTION('',(1.,0.,-0.));
#6298 = PCURVE('',#6095,#6299);
#6299 = DEFINITIONAL_REPRESENTATION('',(#6300),#6304);
#6300 = LINE('',#6301,#6302);
#6301 = CARTESIAN_POINT('',(0.,0.));
#6302 = VECTOR('',#6303,1.);
#6303 = DIRECTION('',(0.,1.));
#6304 = ( GEOMETRIC_REPRESENTATION_CONTEXT(2) 
PARAMETRIC_REPRESENTATION_CONTEXT() REPRESENTATION_CONTEXT('2D SPACE',''
  ) );
#6305 = PCURVE('',#6123,#6306);
#6306 = DEFINITIONAL_REPRESENTATION('',(#6307),#6311);
#6307 = LINE('',#6308,#6309);
#6308 = CARTESIAN_POINT('',(0.,0.));
#6309 = VECTOR('',#6310,1.);
#6310 = DIRECTION('',(1.,0.));
#6311 = ( GEOMETRIC_REPRESENTATION_CONTEXT(2) 
PARAMETRIC_REPRESENTATION_CONTEXT() REPRESENTATION_CONTEXT('2D SPACE',''
  ) );
#6312 = ORIENTED_EDGE('',*,*,#6072,.T.);
#6313 = ORIENTED_EDGE('',*,*,#6314,.T.);
#6314 = EDGE_CURVE('',#6075,#6195,#6315,.T.);
#6315 = SURFACE_CURVE('',#6316,(#6320,#6327),.PCURVE_S1.);
#6316 = LINE('',#6317,#6318);
#6317 = CARTESIAN_POINT('',(34.125,51.1,32.));
#6318 = VECTOR('',#6319,1.);
#6319 = DIRECTION('',(1.,0.,-0.));
#6320 = PCURVE('',#6095,#6321);
#6321 = DEFINITIONAL_REPRESENTATION('',(#6322),#6326);
#6322 = LINE('',#6323,#6324);
#6323 = CARTESIAN_POINT('',(0.9,0.));
#6324 = VECTOR('',#6325,1.);
#6325 = DIRECTION('',(0.,1.));
#6326 = ( GEOMETRIC_REPRESENTATION_CONTEXT(2) 
PARAMETRIC_REPRESENTATION_CONTEXT() REPRESENTATION_CONTEXT('2D SPACE',''
  ) );
#6327 = PCURVE('',#6177,#6328);
#6328 = DEFINITIONAL_REPRESENTATION('',(#6329),#6333);
#6329 = LINE('',#6330,#6331);
#6330 = CARTESIAN_POINT('',(0.,0.));
#6331 = VECTOR('',#6332,1.);
#6332 = DIRECTION('',(1.,0.));
#6333 = ( GEOMETRIC_REPRESENTATION_CONTEXT(2) 
PARAMETRIC_REPRESENTATION_CONTEXT() REPRESENTATION_CONTEXT('2D SPACE',''
  ) );
#6334 = ORIENTED_EDGE('',*,*,#6192,.F.);
#6335 = ADVANCED_FACE('',(#6336),#6151,.T.);
#6336 = FACE_BOUND('',#6337,.T.);
#6337 = EDGE_LOOP('',(#6338,#6359,#6360,#6381));
#6338 = ORIENTED_EDGE('',*,*,#6339,.F.);
#6339 = EDGE_CURVE('',#6108,#6223,#6340,.T.);
#6340 = SURFACE_CURVE('',#6341,(#6345,#6352),.PCURVE_S1.);
#6341 = LINE('',#6342,#6343);
#6342 = CARTESIAN_POINT('',(34.125,53.1,31.1));
#6343 = VECTOR('',#6344,1.);
#6344 = DIRECTION('',(1.,0.,-0.));
#6345 = PCURVE('',#6151,#6346);
#6346 = DEFINITIONAL_REPRESENTATION('',(#6347),#6351);
#6347 = LINE('',#6348,#6349);
#6348 = CARTESIAN_POINT('',(0.,0.));
#6349 = VECTOR('',#6350,1.);
#6350 = DIRECTION('',(0.,1.));
#6351 = ( GEOMETRIC_REPRESENTATION_CONTEXT(2) 
PARAMETRIC_REPRESENTATION_CONTEXT() REPRESENTATION_CONTEXT('2D SPACE',''
  ) );
#6352 = PCURVE('',#6123,#6353);
#6353 = DEFINITIONAL_REPRESENTATION('',(#6354),#6358);
#6354 = LINE('',#6355,#6356);
#6355 = CARTESIAN_POINT('',(0.,2.));
#6356 = VECTOR('',#6357,1.);
#6357 = DIRECTION('',(1.,0.));
#6358 = ( GEOMETRIC_REPRESENTATION_CONTEXT(2) 
PARAMETRIC_REPRESENTATION_CONTEXT() REPRESENTATION_CONTEXT('2D SPACE',''
  ) );
#6359 = ORIENTED_EDGE('',*,*,#6135,.T.);
#6360 = ORIENTED_EDGE('',*,*,#6361,.T.);
#6361 = EDGE_CURVE('',#6136,#6246,#6362,.T.);
#6362 = SURFACE_CURVE('',#6363,(#6367,#6374),.PCURVE_S1.);
#6363 = LINE('',#6364,#6365);
#6364 = CARTESIAN_POINT('',(34.125,53.1,32.));
#6365 = VECTOR('',#6366,1.);
#6366 = DIRECTION('',(1.,0.,-0.));
#6367 = PCURVE('',#6151,#6368);
#6368 = DEFINITIONAL_REPRESENTATION('',(#6369),#6373);
#6369 = LINE('',#6370,#6371);
#6370 = CARTESIAN_POINT('',(0.9,0.));
#6371 = VECTOR('',#6372,1.);
#6372 = DIRECTION('',(0.,1.));
#6373 = ( GEOMETRIC_REPRESENTATION_CONTEXT(2) 
PARAMETRIC_REPRESENTATION_CONTEXT() REPRESENTATION_CONTEXT('2D SPACE',''
  ) );
#6374 = PCURVE('',#6177,#6375);
#6375 = DEFINITIONAL_REPRESENTATION('',(#6376),#6380);
#6376 = LINE('',#6377,#6378);
#6377 = CARTESIAN_POINT('',(0.,2.));
#6378 = VECTOR('',#6379,1.);
#6379 = DIRECTION('',(1.,0.));
#6380 = ( GEOMETRIC_REPRESENTATION_CONTEXT(2) 
PARAMETRIC_REPRESENTATION_CONTEXT() REPRESENTATION_CONTEXT('2D SPACE',''
  ) );
#6381 = ORIENTED_EDGE('',*,*,#6245,.F.);
#6382 = ADVANCED_FACE('',(#6383),#6123,.F.);
#6383 = FACE_BOUND('',#6384,.F.);
#6384 = EDGE_LOOP('',(#6385,#6386,#6387,#6388));
#6385 = ORIENTED_EDGE('',*,*,#6107,.F.);
#6386 = ORIENTED_EDGE('',*,*,#6292,.T.);
#6387 = ORIENTED_EDGE('',*,*,#6222,.T.);
#6388 = ORIENTED_EDGE('',*,*,#6339,.F.);
#6389 = ADVANCED_FACE('',(#6390),#6177,.T.);
#6390 = FACE_BOUND('',#6391,.T.);
#6391 = EDGE_LOOP('',(#6392,#6393,#6394,#6395));
#6392 = ORIENTED_EDGE('',*,*,#6163,.F.);
#6393 = ORIENTED_EDGE('',*,*,#6314,.T.);
#6394 = ORIENTED_EDGE('',*,*,#6268,.T.);
#6395 = ORIENTED_EDGE('',*,*,#6361,.F.);
#6396 = ( GEOMETRIC_REPRESENTATION_CONTEXT(3) 
GLOBAL_UNCERTAINTY_ASSIGNED_CONTEXT((#6400)) 
GLOBAL_UNIT_ASSIGNED_CONTEXT((#6397,#6398,#6399)) REPRESENTATION_CONTEXT
('Context #1','3D Context with UNIT and UNCERTAINTY') );
#6397 = ( LENGTH_UNIT() NAMED_UNIT(*) SI_UNIT(.MILLI.,.METRE.) );
#6398 = ( NAMED_UNIT(*) PLANE_ANGLE_UNIT() SI_UNIT($,.RADIAN.) );
#6399 = ( NAMED_UNIT(*) SI_UNIT($,.STERADIAN.) SOLID_ANGLE_UNIT() );
#6400 = UNCERTAINTY_MEASURE_WITH_UNIT(LENGTH_MEASURE(1.E-07),#6397,
  'distance_accuracy_value','confusion accuracy');
#6401 = CONTEXT_DEPENDENT_SHAPE_REPRESENTATION(#6402,#6404);
#6402 = ( REPRESENTATION_RELATIONSHIP('','',#6065,#10) 
REPRESENTATION_RELATIONSHIP_WITH_TRANSFORMATION(#6403) 
SHAPE_REPRESENTATION_RELATIONSHIP() );
#6403 = ITEM_DEFINED_TRANSFORMATION('','',#11,#67);
#6404 = PRODUCT_DEFINITION_SHAPE('Placement','Placement of an item',
  #6405);
#6405 = NEXT_ASSEMBLY_USAGE_OCCURRENCE('14','','',#5,#6060,$);
#6406 = PRODUCT_RELATED_PRODUCT_CATEGORY('part',$,(#6062));
#6407 = SHAPE_DEFINITION_REPRESENTATION(#6408,#6414);
#6408 = PRODUCT_DEFINITION_SHAPE('','',#6409);
#6409 = PRODUCT_DEFINITION('design','',#6410,#6413);
#6410 = PRODUCT_DEFINITION_FORMATION('','',#6411);
#6411 = PRODUCT('Open CASCADE STEP translator 7.8 1.15',
  'Open CASCADE STEP translator 7.8 1.15','',(#6412));
#6412 = PRODUCT_CONTEXT('',#2,'mechanical');
#6413 = PRODUCT_DEFINITION_CONTEXT('part definition',#2,'design');
#6414 = ADVANCED_BREP_SHAPE_REPRESENTATION('',(#11,#6415),#6745);
#6415 = MANIFOLD_SOLID_BREP('',#6416);
#6416 = CLOSED_SHELL('',(#6417,#6537,#6637,#6684,#6731,#6738));
#6417 = ADVANCED_FACE('',(#6418),#6432,.F.);
#6418 = FACE_BOUND('',#6419,.F.);
#6419 = EDGE_LOOP('',(#6420,#6455,#6483,#6511));
#6420 = ORIENTED_EDGE('',*,*,#6421,.F.);
#6421 = EDGE_CURVE('',#6422,#6424,#6426,.T.);
#6422 = VERTEX_POINT('',#6423);
#6423 = CARTESIAN_POINT('',(27.925,60.54,28.6));
#6424 = VERTEX_POINT('',#6425);
#6425 = CARTESIAN_POINT('',(27.925,60.54,29.5));
#6426 = SURFACE_CURVE('',#6427,(#6431,#6443),.PCURVE_S1.);
#6427 = LINE('',#6428,#6429);
#6428 = CARTESIAN_POINT('',(27.925,60.54,28.6));
#6429 = VECTOR('',#6430,1.);
#6430 = DIRECTION('',(0.,0.,1.));
#6431 = PCURVE('',#6432,#6437);
#6432 = PLANE('',#6433);
#6433 = AXIS2_PLACEMENT_3D('',#6434,#6435,#6436);
#6434 = CARTESIAN_POINT('',(27.925,60.54,28.6));
#6435 = DIRECTION('',(1.,0.,-0.));
#6436 = DIRECTION('',(0.,0.,1.));
#6437 = DEFINITIONAL_REPRESENTATION('',(#6438),#6442);
#6438 = LINE('',#6439,#6440);
#6439 = CARTESIAN_POINT('',(0.,0.));
#6440 = VECTOR('',#6441,1.);
#6441 = DIRECTION('',(1.,0.));
#6442 = ( GEOMETRIC_REPRESENTATION_CONTEXT(2) 
PARAMETRIC_REPRESENTATION_CONTEXT() REPRESENTATION_CONTEXT('2D SPACE',''
  ) );
#6443 = PCURVE('',#6444,#6449);
#6444 = PLANE('',#6445);
#6445 = AXIS2_PLACEMENT_3D('',#6446,#6447,#6448);
#6446 = CARTESIAN_POINT('',(27.925,60.54,28.6));
#6447 = DIRECTION('',(-0.,1.,0.));
#6448 = DIRECTION('',(0.,0.,1.));
#6449 = DEFINITIONAL_REPRESENTATION('',(#6450),#6454);
#6450 = LINE('',#6451,#6452);
#6451 = CARTESIAN_POINT('',(0.,0.));
#6452 = VECTOR('',#6453,1.);
#6453 = DIRECTION('',(1.,0.));
#6454 = ( GEOMETRIC_REPRESENTATION_CONTEXT(2) 
PARAMETRIC_REPRESENTATION_CONTEXT() REPRESENTATION_CONTEXT('2D SPACE',''
  ) );
#6455 = ORIENTED_EDGE('',*,*,#6456,.T.);
#6456 = EDGE_CURVE('',#6422,#6457,#6459,.T.);
#6457 = VERTEX_POINT('',#6458);
#6458 = CARTESIAN_POINT('',(27.925,62.54,28.6));
#6459 = SURFACE_CURVE('',#6460,(#6464,#6471),.PCURVE_S1.);
#6460 = LINE('',#6461,#6462);
#6461 = CARTESIAN_POINT('',(27.925,60.54,28.6));
#6462 = VECTOR('',#6463,1.);
#6463 = DIRECTION('',(-0.,1.,0.));
#6464 = PCURVE('',#6432,#6465);
#6465 = DEFINITIONAL_REPRESENTATION('',(#6466),#6470);
#6466 = LINE('',#6467,#6468);
#6467 = CARTESIAN_POINT('',(0.,0.));
#6468 = VECTOR('',#6469,1.);
#6469 = DIRECTION('',(0.,-1.));
#6470 = ( GEOMETRIC_REPRESENTATION_CONTEXT(2) 
PARAMETRIC_REPRESENTATION_CONTEXT() REPRESENTATION_CONTEXT('2D SPACE',''
  ) );
#6471 = PCURVE('',#6472,#6477);
#6472 = PLANE('',#6473);
#6473 = AXIS2_PLACEMENT_3D('',#6474,#6475,#6476);
#6474 = CARTESIAN_POINT('',(27.925,60.54,28.6));
#6475 = DIRECTION('',(0.,0.,1.));
#6476 = DIRECTION('',(1.,0.,-0.));
#6477 = DEFINITIONAL_REPRESENTATION('',(#6478),#6482);
#6478 = LINE('',#6479,#6480);
#6479 = CARTESIAN_POINT('',(0.,0.));
#6480 = VECTOR('',#6481,1.);
#6481 = DIRECTION('',(0.,1.));
#6482 = ( GEOMETRIC_REPRESENTATION_CONTEXT(2) 
PARAMETRIC_REPRESENTATION_CONTEXT() REPRESENTATION_CONTEXT('2D SPACE',''
  ) );
#6483 = ORIENTED_EDGE('',*,*,#6484,.T.);
#6484 = EDGE_CURVE('',#6457,#6485,#6487,.T.);
#6485 = VERTEX_POINT('',#6486);
#6486 = CARTESIAN_POINT('',(27.925,62.54,29.5));
#6487 = SURFACE_CURVE('',#6488,(#6492,#6499),.PCURVE_S1.);
#6488 = LINE('',#6489,#6490);
#6489 = CARTESIAN_POINT('',(27.925,62.54,28.6));
#6490 = VECTOR('',#6491,1.);
#6491 = DIRECTION('',(0.,0.,1.));
#6492 = PCURVE('',#6432,#6493);
#6493 = DEFINITIONAL_REPRESENTATION('',(#6494),#6498);
#6494 = LINE('',#6495,#6496);
#6495 = CARTESIAN_POINT('',(0.,-2.));
#6496 = VECTOR('',#6497,1.);
#6497 = DIRECTION('',(1.,0.));
#6498 = ( GEOMETRIC_REPRESENTATION_CONTEXT(2) 
PARAMETRIC_REPRESENTATION_CONTEXT() REPRESENTATION_CONTEXT('2D SPACE',''
  ) );
#6499 = PCURVE('',#6500,#6505);
#6500 = PLANE('',#6501);
#6501 = AXIS2_PLACEMENT_3D('',#6502,#6503,#6504);
#6502 = CARTESIAN_POINT('',(27.925,62.54,28.6));
#6503 = DIRECTION('',(-0.,1.,0.));
#6504 = DIRECTION('',(0.,0.,1.));
#6505 = DEFINITIONAL_REPRESENTATION('',(#6506),#6510);
#6506 = LINE('',#6507,#6508);
#6507 = CARTESIAN_POINT('',(0.,0.));
#6508 = VECTOR('',#6509,1.);
#6509 = DIRECTION('',(1.,0.));
#6510 = ( GEOMETRIC_REPRESENTATION_CONTEXT(2) 
PARAMETRIC_REPRESENTATION_CONTEXT() REPRESENTATION_CONTEXT('2D SPACE',''
  ) );
#6511 = ORIENTED_EDGE('',*,*,#6512,.F.);
#6512 = EDGE_CURVE('',#6424,#6485,#6513,.T.);
#6513 = SURFACE_CURVE('',#6514,(#6518,#6525),.PCURVE_S1.);
#6514 = LINE('',#6515,#6516);
#6515 = CARTESIAN_POINT('',(27.925,60.54,29.5));
#6516 = VECTOR('',#6517,1.);
#6517 = DIRECTION('',(-0.,1.,0.));
#6518 = PCURVE('',#6432,#6519);
#6519 = DEFINITIONAL_REPRESENTATION('',(#6520),#6524);
#6520 = LINE('',#6521,#6522);
#6521 = CARTESIAN_POINT('',(0.9,0.));
#6522 = VECTOR('',#6523,1.);
#6523 = DIRECTION('',(0.,-1.));
#6524 = ( GEOMETRIC_REPRESENTATION_CONTEXT(2) 
PARAMETRIC_REPRESENTATION_CONTEXT() REPRESENTATION_CONTEXT('2D SPACE',''
  ) );
#6525 = PCURVE('',#6526,#6531);
#6526 = PLANE('',#6527);
#6527 = AXIS2_PLACEMENT_3D('',#6528,#6529,#6530);
#6528 = CARTESIAN_POINT('',(27.925,60.54,29.5));
#6529 = DIRECTION('',(0.,0.,1.));
#6530 = DIRECTION('',(1.,0.,-0.));
#6531 = DEFINITIONAL_REPRESENTATION('',(#6532),#6536);
#6532 = LINE('',#6533,#6534);
#6533 = CARTESIAN_POINT('',(0.,0.));
#6534 = VECTOR('',#6535,1.);
#6535 = DIRECTION('',(0.,1.));
#6536 = ( GEOMETRIC_REPRESENTATION_CONTEXT(2) 
PARAMETRIC_REPRESENTATION_CONTEXT() REPRESENTATION_CONTEXT('2D SPACE',''
  ) );
#6537 = ADVANCED_FACE('',(#6538),#6552,.T.);
#6538 = FACE_BOUND('',#6539,.T.);
#6539 = EDGE_LOOP('',(#6540,#6570,#6593,#6616));
#6540 = ORIENTED_EDGE('',*,*,#6541,.F.);
#6541 = EDGE_CURVE('',#6542,#6544,#6546,.T.);
#6542 = VERTEX_POINT('',#6543);
#6543 = CARTESIAN_POINT('',(29.175,60.54,28.6));
#6544 = VERTEX_POINT('',#6545);
#6545 = CARTESIAN_POINT('',(29.175,60.54,29.5));
#6546 = SURFACE_CURVE('',#6547,(#6551,#6563),.PCURVE_S1.);
#6547 = LINE('',#6548,#6549);
#6548 = CARTESIAN_POINT('',(29.175,60.54,28.6));
#6549 = VECTOR('',#6550,1.);
#6550 = DIRECTION('',(0.,0.,1.));
#6551 = PCURVE('',#6552,#6557);
#6552 = PLANE('',#6553);
#6553 = AXIS2_PLACEMENT_3D('',#6554,#6555,#6556);
#6554 = CARTESIAN_POINT('',(29.175,60.54,28.6));
#6555 = DIRECTION('',(1.,0.,-0.));
#6556 = DIRECTION('',(0.,0.,1.));
#6557 = DEFINITIONAL_REPRESENTATION('',(#6558),#6562);
#6558 = LINE('',#6559,#6560);
#6559 = CARTESIAN_POINT('',(0.,0.));
#6560 = VECTOR('',#6561,1.);
#6561 = DIRECTION('',(1.,0.));
#6562 = ( GEOMETRIC_REPRESENTATION_CONTEXT(2) 
PARAMETRIC_REPRESENTATION_CONTEXT() REPRESENTATION_CONTEXT('2D SPACE',''
  ) );
#6563 = PCURVE('',#6444,#6564);
#6564 = DEFINITIONAL_REPRESENTATION('',(#6565),#6569);
#6565 = LINE('',#6566,#6567);
#6566 = CARTESIAN_POINT('',(0.,1.25));
#6567 = VECTOR('',#6568,1.);
#6568 = DIRECTION('',(1.,0.));
#6569 = ( GEOMETRIC_REPRESENTATION_CONTEXT(2) 
PARAMETRIC_REPRESENTATION_CONTEXT() REPRESENTATION_CONTEXT('2D SPACE',''
  ) );
#6570 = ORIENTED_EDGE('',*,*,#6571,.T.);
#6571 = EDGE_CURVE('',#6542,#6572,#6574,.T.);
#6572 = VERTEX_POINT('',#6573);
#6573 = CARTESIAN_POINT('',(29.175,62.54,28.6));
#6574 = SURFACE_CURVE('',#6575,(#6579,#6586),.PCURVE_S1.);
#6575 = LINE('',#6576,#6577);
#6576 = CARTESIAN_POINT('',(29.175,60.54,28.6));
#6577 = VECTOR('',#6578,1.);
#6578 = DIRECTION('',(-0.,1.,0.));
#6579 = PCURVE('',#6552,#6580);
#6580 = DEFINITIONAL_REPRESENTATION('',(#6581),#6585);
#6581 = LINE('',#6582,#6583);
#6582 = CARTESIAN_POINT('',(0.,0.));
#6583 = VECTOR('',#6584,1.);
#6584 = DIRECTION('',(0.,-1.));
#6585 = ( GEOMETRIC_REPRESENTATION_CONTEXT(2) 
PARAMETRIC_REPRESENTATION_CONTEXT() REPRESENTATION_CONTEXT('2D SPACE',''
  ) );
#6586 = PCURVE('',#6472,#6587);
#6587 = DEFINITIONAL_REPRESENTATION('',(#6588),#6592);
#6588 = LINE('',#6589,#6590);
#6589 = CARTESIAN_POINT('',(1.25,0.));
#6590 = VECTOR('',#6591,1.);
#6591 = DIRECTION('',(0.,1.));
#6592 = ( GEOMETRIC_REPRESENTATION_CONTEXT(2) 
PARAMETRIC_REPRESENTATION_CONTEXT() REPRESENTATION_CONTEXT('2D SPACE',''
  ) );
#6593 = ORIENTED_EDGE('',*,*,#6594,.T.);
#6594 = EDGE_CURVE('',#6572,#6595,#6597,.T.);
#6595 = VERTEX_POINT('',#6596);
#6596 = CARTESIAN_POINT('',(29.175,62.54,29.5));
#6597 = SURFACE_CURVE('',#6598,(#6602,#6609),.PCURVE_S1.);
#6598 = LINE('',#6599,#6600);
#6599 = CARTESIAN_POINT('',(29.175,62.54,28.6));
#6600 = VECTOR('',#6601,1.);
#6601 = DIRECTION('',(0.,0.,1.));
#6602 = PCURVE('',#6552,#6603);
#6603 = DEFINITIONAL_REPRESENTATION('',(#6604),#6608);
#6604 = LINE('',#6605,#6606);
#6605 = CARTESIAN_POINT('',(0.,-2.));
#6606 = VECTOR('',#6607,1.);
#6607 = DIRECTION('',(1.,0.));
#6608 = ( GEOMETRIC_REPRESENTATION_CONTEXT(2) 
PARAMETRIC_REPRESENTATION_CONTEXT() REPRESENTATION_CONTEXT('2D SPACE',''
  ) );
#6609 = PCURVE('',#6500,#6610);
#6610 = DEFINITIONAL_REPRESENTATION('',(#6611),#6615);
#6611 = LINE('',#6612,#6613);
#6612 = CARTESIAN_POINT('',(0.,1.25));
#6613 = VECTOR('',#6614,1.);
#6614 = DIRECTION('',(1.,0.));
#6615 = ( GEOMETRIC_REPRESENTATION_CONTEXT(2) 
PARAMETRIC_REPRESENTATION_CONTEXT() REPRESENTATION_CONTEXT('2D SPACE',''
  ) );
#6616 = ORIENTED_EDGE('',*,*,#6617,.F.);
#6617 = EDGE_CURVE('',#6544,#6595,#6618,.T.);
#6618 = SURFACE_CURVE('',#6619,(#6623,#6630),.PCURVE_S1.);
#6619 = LINE('',#6620,#6621);
#6620 = CARTESIAN_POINT('',(29.175,60.54,29.5));
#6621 = VECTOR('',#6622,1.);
#6622 = DIRECTION('',(-0.,1.,0.));
#6623 = PCURVE('',#6552,#6624);
#6624 = DEFINITIONAL_REPRESENTATION('',(#6625),#6629);
#6625 = LINE('',#6626,#6627);
#6626 = CARTESIAN_POINT('',(0.9,0.));
#6627 = VECTOR('',#6628,1.);
#6628 = DIRECTION('',(0.,-1.));
#6629 = ( GEOMETRIC_REPRESENTATION_CONTEXT(2) 
PARAMETRIC_REPRESENTATION_CONTEXT() REPRESENTATION_CONTEXT('2D SPACE',''
  ) );
#6630 = PCURVE('',#6526,#6631);
#6631 = DEFINITIONAL_REPRESENTATION('',(#6632),#6636);
#6632 = LINE('',#6633,#6634);
#6633 = CARTESIAN_POINT('',(1.25,0.));
#6634 = VECTOR('',#6635,1.);
#6635 = DIRECTION('',(0.,1.));
#6636 = ( GEOMETRIC_REPRESENTATION_CONTEXT(2) 
PARAMETRIC_REPRESENTATION_CONTEXT() REPRESENTATION_CONTEXT('2D SPACE',''
  ) );
#6637 = ADVANCED_FACE('',(#6638),#6444,.F.);
#6638 = FACE_BOUND('',#6639,.F.);
#6639 = EDGE_LOOP('',(#6640,#6661,#6662,#6683));
#6640 = ORIENTED_EDGE('',*,*,#6641,.F.);
#6641 = EDGE_CURVE('',#6422,#6542,#6642,.T.);
#6642 = SURFACE_CURVE('',#6643,(#6647,#6654),.PCURVE_S1.);
#6643 = LINE('',#6644,#6645);
#6644 = CARTESIAN_POINT('',(27.925,60.54,28.6));
#6645 = VECTOR('',#6646,1.);
#6646 = DIRECTION('',(1.,0.,-0.));
#6647 = PCURVE('',#6444,#6648);
#6648 = DEFINITIONAL_REPRESENTATION('',(#6649),#6653);
#6649 = LINE('',#6650,#6651);
#6650 = CARTESIAN_POINT('',(0.,0.));
#6651 = VECTOR('',#6652,1.);
#6652 = DIRECTION('',(0.,1.));
#6653 = ( GEOMETRIC_REPRESENTATION_CONTEXT(2) 
PARAMETRIC_REPRESENTATION_CONTEXT() REPRESENTATION_CONTEXT('2D SPACE',''
  ) );
#6654 = PCURVE('',#6472,#6655);
#6655 = DEFINITIONAL_REPRESENTATION('',(#6656),#6660);
#6656 = LINE('',#6657,#6658);
#6657 = CARTESIAN_POINT('',(0.,0.));
#6658 = VECTOR('',#6659,1.);
#6659 = DIRECTION('',(1.,0.));
#6660 = ( GEOMETRIC_REPRESENTATION_CONTEXT(2) 
PARAMETRIC_REPRESENTATION_CONTEXT() REPRESENTATION_CONTEXT('2D SPACE',''
  ) );
#6661 = ORIENTED_EDGE('',*,*,#6421,.T.);
#6662 = ORIENTED_EDGE('',*,*,#6663,.T.);
#6663 = EDGE_CURVE('',#6424,#6544,#6664,.T.);
#6664 = SURFACE_CURVE('',#6665,(#6669,#6676),.PCURVE_S1.);
#6665 = LINE('',#6666,#6667);
#6666 = CARTESIAN_POINT('',(27.925,60.54,29.5));
#6667 = VECTOR('',#6668,1.);
#6668 = DIRECTION('',(1.,0.,-0.));
#6669 = PCURVE('',#6444,#6670);
#6670 = DEFINITIONAL_REPRESENTATION('',(#6671),#6675);
#6671 = LINE('',#6672,#6673);
#6672 = CARTESIAN_POINT('',(0.9,0.));
#6673 = VECTOR('',#6674,1.);
#6674 = DIRECTION('',(0.,1.));
#6675 = ( GEOMETRIC_REPRESENTATION_CONTEXT(2) 
PARAMETRIC_REPRESENTATION_CONTEXT() REPRESENTATION_CONTEXT('2D SPACE',''
  ) );
#6676 = PCURVE('',#6526,#6677);
#6677 = DEFINITIONAL_REPRESENTATION('',(#6678),#6682);
#6678 = LINE('',#6679,#6680);
#6679 = CARTESIAN_POINT('',(0.,0.));
#6680 = VECTOR('',#6681,1.);
#6681 = DIRECTION('',(1.,0.));
#6682 = ( GEOMETRIC_REPRESENTATION_CONTEXT(2) 
PARAMETRIC_REPRESENTATION_CONTEXT() REPRESENTATION_CONTEXT('2D SPACE',''
  ) );
#6683 = ORIENTED_EDGE('',*,*,#6541,.F.);
#6684 = ADVANCED_FACE('',(#6685),#6500,.T.);
#6685 = FACE_BOUND('',#6686,.T.);
#6686 = EDGE_LOOP('',(#6687,#6708,#6709,#6730));
#6687 = ORIENTED_EDGE('',*,*,#6688,.F.);
#6688 = EDGE_CURVE('',#6457,#6572,#6689,.T.);
#6689 = SURFACE_CURVE('',#6690,(#6694,#6701),.PCURVE_S1.);
#6690 = LINE('',#6691,#6692);
#6691 = CARTESIAN_POINT('',(27.925,62.54,28.6));
#6692 = VECTOR('',#6693,1.);
#6693 = DIRECTION('',(1.,0.,-0.));
#6694 = PCURVE('',#6500,#6695);
#6695 = DEFINITIONAL_REPRESENTATION('',(#6696),#6700);
#6696 = LINE('',#6697,#6698);
#6697 = CARTESIAN_POINT('',(0.,0.));
#6698 = VECTOR('',#6699,1.);
#6699 = DIRECTION('',(0.,1.));
#6700 = ( GEOMETRIC_REPRESENTATION_CONTEXT(2) 
PARAMETRIC_REPRESENTATION_CONTEXT() REPRESENTATION_CONTEXT('2D SPACE',''
  ) );
#6701 = PCURVE('',#6472,#6702);
#6702 = DEFINITIONAL_REPRESENTATION('',(#6703),#6707);
#6703 = LINE('',#6704,#6705);
#6704 = CARTESIAN_POINT('',(0.,2.));
#6705 = VECTOR('',#6706,1.);
#6706 = DIRECTION('',(1.,0.));
#6707 = ( GEOMETRIC_REPRESENTATION_CONTEXT(2) 
PARAMETRIC_REPRESENTATION_CONTEXT() REPRESENTATION_CONTEXT('2D SPACE',''
  ) );
#6708 = ORIENTED_EDGE('',*,*,#6484,.T.);
#6709 = ORIENTED_EDGE('',*,*,#6710,.T.);
#6710 = EDGE_CURVE('',#6485,#6595,#6711,.T.);
#6711 = SURFACE_CURVE('',#6712,(#6716,#6723),.PCURVE_S1.);
#6712 = LINE('',#6713,#6714);
#6713 = CARTESIAN_POINT('',(27.925,62.54,29.5));
#6714 = VECTOR('',#6715,1.);
#6715 = DIRECTION('',(1.,0.,-0.));
#6716 = PCURVE('',#6500,#6717);
#6717 = DEFINITIONAL_REPRESENTATION('',(#6718),#6722);
#6718 = LINE('',#6719,#6720);
#6719 = CARTESIAN_POINT('',(0.9,0.));
#6720 = VECTOR('',#6721,1.);
#6721 = DIRECTION('',(0.,1.));
#6722 = ( GEOMETRIC_REPRESENTATION_CONTEXT(2) 
PARAMETRIC_REPRESENTATION_CONTEXT() REPRESENTATION_CONTEXT('2D SPACE',''
  ) );
#6723 = PCURVE('',#6526,#6724);
#6724 = DEFINITIONAL_REPRESENTATION('',(#6725),#6729);
#6725 = LINE('',#6726,#6727);
#6726 = CARTESIAN_POINT('',(0.,2.));
#6727 = VECTOR('',#6728,1.);
#6728 = DIRECTION('',(1.,0.));
#6729 = ( GEOMETRIC_REPRESENTATION_CONTEXT(2) 
PARAMETRIC_REPRESENTATION_CONTEXT() REPRESENTATION_CONTEXT('2D SPACE',''
  ) );
#6730 = ORIENTED_EDGE('',*,*,#6594,.F.);
#6731 = ADVANCED_FACE('',(#6732),#6472,.F.);
#6732 = FACE_BOUND('',#6733,.F.);
#6733 = EDGE_LOOP('',(#6734,#6735,#6736,#6737));
#6734 = ORIENTED_EDGE('',*,*,#6456,.F.);
#6735 = ORIENTED_EDGE('',*,*,#6641,.T.);
#6736 = ORIENTED_EDGE('',*,*,#6571,.T.);
#6737 = ORIENTED_EDGE('',*,*,#6688,.F.);
#6738 = ADVANCED_FACE('',(#6739),#6526,.T.);
#6739 = FACE_BOUND('',#6740,.T.);
#6740 = EDGE_LOOP('',(#6741,#6742,#6743,#6744));
#6741 = ORIENTED_EDGE('',*,*,#6512,.F.);
#6742 = ORIENTED_EDGE('',*,*,#6663,.T.);
#6743 = ORIENTED_EDGE('',*,*,#6617,.T.);
#6744 = ORIENTED_EDGE('',*,*,#6710,.F.);
#6745 = ( GEOMETRIC_REPRESENTATION_CONTEXT(3) 
GLOBAL_UNCERTAINTY_ASSIGNED_CONTEXT((#6749)) 
GLOBAL_UNIT_ASSIGNED_CONTEXT((#6746,#6747,#6748)) REPRESENTATION_CONTEXT
('Context #1','3D Context with UNIT and UNCERTAINTY') );
#6746 = ( LENGTH_UNIT() NAMED_UNIT(*) SI_UNIT(.MILLI.,.METRE.) );
#6747 = ( NAMED_UNIT(*) PLANE_ANGLE_UNIT() SI_UNIT($,.RADIAN.) );
#6748 = ( NAMED_UNIT(*) SI_UNIT($,.STERADIAN.) SOLID_ANGLE_UNIT() );
#6749 = UNCERTAINTY_MEASURE_WITH_UNIT(LENGTH_MEASURE(1.E-07),#6746,
  'distance_accuracy_value','confusion accuracy');
#6750 = CONTEXT_DEPENDENT_SHAPE_REPRESENTATION(#6751,#6753);
#6751 = ( REPRESENTATION_RELATIONSHIP('','',#6414,#10) 
REPRESENTATION_RELATIONSHIP_WITH_TRANSFORMATION(#6752) 
SHAPE_REPRESENTATION_RELATIONSHIP() );
#6752 = ITEM_DEFINED_TRANSFORMATION('','',#11,#71);
#6753 = PRODUCT_DEFINITION_SHAPE('Placement','Placement of an item',
  #6754);
#6754 = NEXT_ASSEMBLY_USAGE_OCCURRENCE('15','','',#5,#6409,$);
#6755 = PRODUCT_RELATED_PRODUCT_CATEGORY('part',$,(#6411));
#6756 = SHAPE_DEFINITION_REPRESENTATION(#6757,#6763);
#6757 = PRODUCT_DEFINITION_SHAPE('','',#6758);
#6758 = PRODUCT_DEFINITION('design','',#6759,#6762);
#6759 = PRODUCT_DEFINITION_FORMATION('','',#6760);
#6760 = PRODUCT('Open CASCADE STEP translator 7.8 1.16',
  'Open CASCADE STEP translator 7.8 1.16','',(#6761));
#6761 = PRODUCT_CONTEXT('',#2,'mechanical');
#6762 = PRODUCT_DEFINITION_CONTEXT('part definition',#2,'design');
#6763 = ADVANCED_BREP_SHAPE_REPRESENTATION('',(#11,#6764),#6862);
#6764 = MANIFOLD_SOLID_BREP('',#6765);
#6765 = CLOSED_SHELL('',(#6766,#6854,#6858));
#6766 = ADVANCED_FACE('',(#6767),#6780,.T.);
#6767 = FACE_BOUND('',#6768,.T.);
#6768 = EDGE_LOOP('',(#6769,#6803,#6826,#6853));
#6769 = ORIENTED_EDGE('',*,*,#6770,.F.);
#6770 = EDGE_CURVE('',#6771,#6771,#6773,.T.);
#6771 = VERTEX_POINT('',#6772);
#6772 = CARTESIAN_POINT('',(36.,70.,44.6));
#6773 = SURFACE_CURVE('',#6774,(#6779,#6791),.PCURVE_S1.);
#6774 = CIRCLE('',#6775,4.25);
#6775 = AXIS2_PLACEMENT_3D('',#6776,#6777,#6778);
#6776 = CARTESIAN_POINT('',(31.75,70.,44.6));
#6777 = DIRECTION('',(0.,0.,1.));
#6778 = DIRECTION('',(1.,0.,-0.));
#6779 = PCURVE('',#6780,#6785);
#6780 = CYLINDRICAL_SURFACE('',#6781,4.25);
#6781 = AXIS2_PLACEMENT_3D('',#6782,#6783,#6784);
#6782 = CARTESIAN_POINT('',(31.75,70.,31.6));
#6783 = DIRECTION('',(0.,0.,1.));
#6784 = DIRECTION('',(1.,0.,-0.));
#6785 = DEFINITIONAL_REPRESENTATION('',(#6786),#6790);
#6786 = LINE('',#6787,#6788);
#6787 = CARTESIAN_POINT('',(0.,13.));
#6788 = VECTOR('',#6789,1.);
#6789 = DIRECTION('',(1.,0.));
#6790 = ( GEOMETRIC_REPRESENTATION_CONTEXT(2) 
PARAMETRIC_REPRESENTATION_CONTEXT() REPRESENTATION_CONTEXT('2D SPACE',''
  ) );
#6791 = PCURVE('',#6792,#6797);
#6792 = PLANE('',#6793);
#6793 = AXIS2_PLACEMENT_3D('',#6794,#6795,#6796);
#6794 = CARTESIAN_POINT('',(31.75,70.,44.6));
#6795 = DIRECTION('',(0.,0.,1.));
#6796 = DIRECTION('',(1.,0.,-0.));
#6797 = DEFINITIONAL_REPRESENTATION('',(#6798),#6802);
#6798 = CIRCLE('',#6799,4.25);
#6799 = AXIS2_PLACEMENT_2D('',#6800,#6801);
#6800 = CARTESIAN_POINT('',(0.,0.));
#6801 = DIRECTION('',(1.,0.));
#6802 = ( GEOMETRIC_REPRESENTATION_CONTEXT(2) 
PARAMETRIC_REPRESENTATION_CONTEXT() REPRESENTATION_CONTEXT('2D SPACE',''
  ) );
#6803 = ORIENTED_EDGE('',*,*,#6804,.F.);
#6804 = EDGE_CURVE('',#6805,#6771,#6807,.T.);
#6805 = VERTEX_POINT('',#6806);
#6806 = CARTESIAN_POINT('',(36.,70.,31.6));
#6807 = SEAM_CURVE('',#6808,(#6812,#6819),.PCURVE_S1.);
#6808 = LINE('',#6809,#6810);
#6809 = CARTESIAN_POINT('',(36.,70.,31.6));
#6810 = VECTOR('',#6811,1.);
#6811 = DIRECTION('',(0.,0.,1.));
#6812 = PCURVE('',#6780,#6813);
#6813 = DEFINITIONAL_REPRESENTATION('',(#6814),#6818);
#6814 = LINE('',#6815,#6816);
#6815 = CARTESIAN_POINT('',(6.28318530718,-0.));
#6816 = VECTOR('',#6817,1.);
#6817 = DIRECTION('',(0.,1.));
#6818 = ( GEOMETRIC_REPRESENTATION_CONTEXT(2) 
PARAMETRIC_REPRESENTATION_CONTEXT() REPRESENTATION_CONTEXT('2D SPACE',''
  ) );
#6819 = PCURVE('',#6780,#6820);
#6820 = DEFINITIONAL_REPRESENTATION('',(#6821),#6825);
#6821 = LINE('',#6822,#6823);
#6822 = CARTESIAN_POINT('',(0.,-0.));
#6823 = VECTOR('',#6824,1.);
#6824 = DIRECTION('',(0.,1.));
#6825 = ( GEOMETRIC_REPRESENTATION_CONTEXT(2) 
PARAMETRIC_REPRESENTATION_CONTEXT() REPRESENTATION_CONTEXT('2D SPACE',''
  ) );
#6826 = ORIENTED_EDGE('',*,*,#6827,.T.);
#6827 = EDGE_CURVE('',#6805,#6805,#6828,.T.);
#6828 = SURFACE_CURVE('',#6829,(#6834,#6841),.PCURVE_S1.);
#6829 = CIRCLE('',#6830,4.25);
#6830 = AXIS2_PLACEMENT_3D('',#6831,#6832,#6833);
#6831 = CARTESIAN_POINT('',(31.75,70.,31.6));
#6832 = DIRECTION('',(0.,0.,1.));
#6833 = DIRECTION('',(1.,0.,-0.));
#6834 = PCURVE('',#6780,#6835);
#6835 = DEFINITIONAL_REPRESENTATION('',(#6836),#6840);
#6836 = LINE('',#6837,#6838);
#6837 = CARTESIAN_POINT('',(0.,0.));
#6838 = VECTOR('',#6839,1.);
#6839 = DIRECTION('',(1.,0.));
#6840 = ( GEOMETRIC_REPRESENTATION_CONTEXT(2) 
PARAMETRIC_REPRESENTATION_CONTEXT() REPRESENTATION_CONTEXT('2D SPACE',''
  ) );
#6841 = PCURVE('',#6842,#6847);
#6842 = PLANE('',#6843);
#6843 = AXIS2_PLACEMENT_3D('',#6844,#6845,#6846);
#6844 = CARTESIAN_POINT('',(31.75,70.,31.6));
#6845 = DIRECTION('',(0.,0.,1.));
#6846 = DIRECTION('',(1.,0.,-0.));
#6847 = DEFINITIONAL_REPRESENTATION('',(#6848),#6852);
#6848 = CIRCLE('',#6849,4.25);
#6849 = AXIS2_PLACEMENT_2D('',#6850,#6851);
#6850 = CARTESIAN_POINT('',(0.,0.));
#6851 = DIRECTION('',(1.,0.));
#6852 = ( GEOMETRIC_REPRESENTATION_CONTEXT(2) 
PARAMETRIC_REPRESENTATION_CONTEXT() REPRESENTATION_CONTEXT('2D SPACE',''
  ) );
#6853 = ORIENTED_EDGE('',*,*,#6804,.T.);
#6854 = ADVANCED_FACE('',(#6855),#6792,.T.);
#6855 = FACE_BOUND('',#6856,.T.);
#6856 = EDGE_LOOP('',(#6857));
#6857 = ORIENTED_EDGE('',*,*,#6770,.T.);
#6858 = ADVANCED_FACE('',(#6859),#6842,.F.);
#6859 = FACE_BOUND('',#6860,.T.);
#6860 = EDGE_LOOP('',(#6861));
#6861 = ORIENTED_EDGE('',*,*,#6827,.F.);
#6862 = ( GEOMETRIC_REPRESENTATION_CONTEXT(3) 
GLOBAL_UNCERTAINTY_ASSIGNED_CONTEXT((#6866)) 
GLOBAL_UNIT_ASSIGNED_CONTEXT((#6863,#6864,#6865)) REPRESENTATION_CONTEXT
('Context #1','3D Context with UNIT and UNCERTAINTY') );
#6863 = ( LENGTH_UNIT() NAMED_UNIT(*) SI_UNIT(.MILLI.,.METRE.) );
#6864 = ( NAMED_UNIT(*) PLANE_ANGLE_UNIT() SI_UNIT($,.RADIAN.) );
#6865 = ( NAMED_UNIT(*) SI_UNIT($,.STERADIAN.) SOLID_ANGLE_UNIT() );
#6866 = UNCERTAINTY_MEASURE_WITH_UNIT(LENGTH_MEASURE(1.E-07),#6863,
  'distance_accuracy_value','confusion accuracy');
#6867 = CONTEXT_DEPENDENT_SHAPE_REPRESENTATION(#6868,#6870);
#6868 = ( REPRESENTATION_RELATIONSHIP('','',#6763,#10) 
REPRESENTATION_RELATIONSHIP_WITH_TRANSFORMATION(#6869) 
SHAPE_REPRESENTATION_RELATIONSHIP() );
#6869 = ITEM_DEFINED_TRANSFORMATION('','',#11,#75);
#6870 = PRODUCT_DEFINITION_SHAPE('Placement','Placement of an item',
  #6871);
#6871 = NEXT_ASSEMBLY_USAGE_OCCURRENCE('16','','',#5,#6758,$);
#6872 = PRODUCT_RELATED_PRODUCT_CATEGORY('part',$,(#6760));
#6873 = SHAPE_DEFINITION_REPRESENTATION(#6874,#6880);
#6874 = PRODUCT_DEFINITION_SHAPE('','',#6875);
#6875 = PRODUCT_DEFINITION('design','',#6876,#6879);
#6876 = PRODUCT_DEFINITION_FORMATION('','',#6877);
#6877 = PRODUCT('Open CASCADE STEP translator 7.8 1.17',
  'Open CASCADE STEP translator 7.8 1.17','',(#6878));
#6878 = PRODUCT_CONTEXT('',#2,'mechanical');
#6879 = PRODUCT_DEFINITION_CONTEXT('part definition',#2,'design');
#6880 = ADVANCED_BREP_SHAPE_REPRESENTATION('',(#11,#6881),#6979);
#6881 = MANIFOLD_SOLID_BREP('',#6882);
#6882 = CLOSED_SHELL('',(#6883,#6971,#6975));
#6883 = ADVANCED_FACE('',(#6884),#6897,.T.);
#6884 = FACE_BOUND('',#6885,.T.);
#6885 = EDGE_LOOP('',(#6886,#6920,#6943,#6970));
#6886 = ORIENTED_EDGE('',*,*,#6887,.F.);
#6887 = EDGE_CURVE('',#6888,#6888,#6890,.T.);
#6888 = VERTEX_POINT('',#6889);
#6889 = CARTESIAN_POINT('',(32.05,71.75,31.6));
#6890 = SURFACE_CURVE('',#6891,(#6896,#6908),.PCURVE_S1.);
#6891 = CIRCLE('',#6892,0.3);
#6892 = AXIS2_PLACEMENT_3D('',#6893,#6894,#6895);
#6893 = CARTESIAN_POINT('',(31.75,71.75,31.6));
#6894 = DIRECTION('',(0.,0.,1.));
#6895 = DIRECTION('',(1.,0.,-0.));
#6896 = PCURVE('',#6897,#6902);
#6897 = CYLINDRICAL_SURFACE('',#6898,0.3);
#6898 = AXIS2_PLACEMENT_3D('',#6899,#6900,#6901);
#6899 = CARTESIAN_POINT('',(31.75,71.75,28.6));
#6900 = DIRECTION('',(0.,0.,1.));
#6901 = DIRECTION('',(1.,0.,-0.));
#6902 = DEFINITIONAL_REPRESENTATION('',(#6903),#6907);
#6903 = LINE('',#6904,#6905);
#6904 = CARTESIAN_POINT('',(0.,3.));
#6905 = VECTOR('',#6906,1.);
#6906 = DIRECTION('',(1.,0.));
#6907 = ( GEOMETRIC_REPRESENTATION_CONTEXT(2) 
PARAMETRIC_REPRESENTATION_CONTEXT() REPRESENTATION_CONTEXT('2D SPACE',''
  ) );
#6908 = PCURVE('',#6909,#6914);
#6909 = PLANE('',#6910);
#6910 = AXIS2_PLACEMENT_3D('',#6911,#6912,#6913);
#6911 = CARTESIAN_POINT('',(31.75,71.75,31.6));
#6912 = DIRECTION('',(0.,0.,1.));
#6913 = DIRECTION('',(1.,0.,-0.));
#6914 = DEFINITIONAL_REPRESENTATION('',(#6915),#6919);
#6915 = CIRCLE('',#6916,0.3);
#6916 = AXIS2_PLACEMENT_2D('',#6917,#6918);
#6917 = CARTESIAN_POINT('',(0.,0.));
#6918 = DIRECTION('',(1.,0.));
#6919 = ( GEOMETRIC_REPRESENTATION_CONTEXT(2) 
PARAMETRIC_REPRESENTATION_CONTEXT() REPRESENTATION_CONTEXT('2D SPACE',''
  ) );
#6920 = ORIENTED_EDGE('',*,*,#6921,.F.);
#6921 = EDGE_CURVE('',#6922,#6888,#6924,.T.);
#6922 = VERTEX_POINT('',#6923);
#6923 = CARTESIAN_POINT('',(32.05,71.75,28.6));
#6924 = SEAM_CURVE('',#6925,(#6929,#6936),.PCURVE_S1.);
#6925 = LINE('',#6926,#6927);
#6926 = CARTESIAN_POINT('',(32.05,71.75,28.6));
#6927 = VECTOR('',#6928,1.);
#6928 = DIRECTION('',(0.,0.,1.));
#6929 = PCURVE('',#6897,#6930);
#6930 = DEFINITIONAL_REPRESENTATION('',(#6931),#6935);
#6931 = LINE('',#6932,#6933);
#6932 = CARTESIAN_POINT('',(6.28318530718,-0.));
#6933 = VECTOR('',#6934,1.);
#6934 = DIRECTION('',(0.,1.));
#6935 = ( GEOMETRIC_REPRESENTATION_CONTEXT(2) 
PARAMETRIC_REPRESENTATION_CONTEXT() REPRESENTATION_CONTEXT('2D SPACE',''
  ) );
#6936 = PCURVE('',#6897,#6937);
#6937 = DEFINITIONAL_REPRESENTATION('',(#6938),#6942);
#6938 = LINE('',#6939,#6940);
#6939 = CARTESIAN_POINT('',(0.,-0.));
#6940 = VECTOR('',#6941,1.);
#6941 = DIRECTION('',(0.,1.));
#6942 = ( GEOMETRIC_REPRESENTATION_CONTEXT(2) 
PARAMETRIC_REPRESENTATION_CONTEXT() REPRESENTATION_CONTEXT('2D SPACE',''
  ) );
#6943 = ORIENTED_EDGE('',*,*,#6944,.T.);
#6944 = EDGE_CURVE('',#6922,#6922,#6945,.T.);
#6945 = SURFACE_CURVE('',#6946,(#6951,#6958),.PCURVE_S1.);
#6946 = CIRCLE('',#6947,0.3);
#6947 = AXIS2_PLACEMENT_3D('',#6948,#6949,#6950);
#6948 = CARTESIAN_POINT('',(31.75,71.75,28.6));
#6949 = DIRECTION('',(0.,0.,1.));
#6950 = DIRECTION('',(1.,0.,-0.));
#6951 = PCURVE('',#6897,#6952);
#6952 = DEFINITIONAL_REPRESENTATION('',(#6953),#6957);
#6953 = LINE('',#6954,#6955);
#6954 = CARTESIAN_POINT('',(0.,0.));
#6955 = VECTOR('',#6956,1.);
#6956 = DIRECTION('',(1.,0.));
#6957 = ( GEOMETRIC_REPRESENTATION_CONTEXT(2) 
PARAMETRIC_REPRESENTATION_CONTEXT() REPRESENTATION_CONTEXT('2D SPACE',''
  ) );
#6958 = PCURVE('',#6959,#6964);
#6959 = PLANE('',#6960);
#6960 = AXIS2_PLACEMENT_3D('',#6961,#6962,#6963);
#6961 = CARTESIAN_POINT('',(31.75,71.75,28.6));
#6962 = DIRECTION('',(0.,0.,1.));
#6963 = DIRECTION('',(1.,0.,-0.));
#6964 = DEFINITIONAL_REPRESENTATION('',(#6965),#6969);
#6965 = CIRCLE('',#6966,0.3);
#6966 = AXIS2_PLACEMENT_2D('',#6967,#6968);
#6967 = CARTESIAN_POINT('',(0.,0.));
#6968 = DIRECTION('',(1.,0.));
#6969 = ( GEOMETRIC_REPRESENTATION_CONTEXT(2) 
PARAMETRIC_REPRESENTATION_CONTEXT() REPRESENTATION_CONTEXT('2D SPACE',''
  ) );
#6970 = ORIENTED_EDGE('',*,*,#6921,.T.);
#6971 = ADVANCED_FACE('',(#6972),#6909,.T.);
#6972 = FACE_BOUND('',#6973,.T.);
#6973 = EDGE_LOOP('',(#6974));
#6974 = ORIENTED_EDGE('',*,*,#6887,.T.);
#6975 = ADVANCED_FACE('',(#6976),#6959,.F.);
#6976 = FACE_BOUND('',#6977,.T.);
#6977 = EDGE_LOOP('',(#6978));
#6978 = ORIENTED_EDGE('',*,*,#6944,.F.);
#6979 = ( GEOMETRIC_REPRESENTATION_CONTEXT(3) 
GLOBAL_UNCERTAINTY_ASSIGNED_CONTEXT((#6983)) 
GLOBAL_UNIT_ASSIGNED_CONTEXT((#6980,#6981,#6982)) REPRESENTATION_CONTEXT
('Context #1','3D Context with UNIT and UNCERTAINTY') );
#6980 = ( LENGTH_UNIT() NAMED_UNIT(*) SI_UNIT(.MILLI.,.METRE.) );
#6981 = ( NAMED_UNIT(*) PLANE_ANGLE_UNIT() SI_UNIT($,.RADIAN.) );
#6982 = ( NAMED_UNIT(*) SI_UNIT($,.STERADIAN.) SOLID_ANGLE_UNIT() );
#6983 = UNCERTAINTY_MEASURE_WITH_UNIT(LENGTH_MEASURE(1.E-07),#6980,
  'distance_accuracy_value','confusion accuracy');
#6984 = CONTEXT_DEPENDENT_SHAPE_REPRESENTATION(#6985,#6987);
#6985 = ( REPRESENTATION_RELATIONSHIP('','',#6880,#10) 
REPRESENTATION_RELATIONSHIP_WITH_TRANSFORMATION(#6986) 
SHAPE_REPRESENTATION_RELATIONSHIP() );
#6986 = ITEM_DEFINED_TRANSFORMATION('','',#11,#79);
#6987 = PRODUCT_DEFINITION_SHAPE('Placement','Placement of an item',
  #6988);
#6988 = NEXT_ASSEMBLY_USAGE_OCCURRENCE('17','','',#5,#6875,$);
#6989 = PRODUCT_RELATED_PRODUCT_CATEGORY('part',$,(#6877));
#6990 = SHAPE_DEFINITION_REPRESENTATION(#6991,#6997);
#6991 = PRODUCT_DEFINITION_SHAPE('','',#6992);
#6992 = PRODUCT_DEFINITION('design','',#6993,#6996);
#6993 = PRODUCT_DEFINITION_FORMATION('','',#6994);
#6994 = PRODUCT('Open CASCADE STEP translator 7.8 1.18',
  'Open CASCADE STEP translator 7.8 1.18','',(#6995));
#6995 = PRODUCT_CONTEXT('',#2,'mechanical');
#6996 = PRODUCT_DEFINITION_CONTEXT('part definition',#2,'design');
#6997 = ADVANCED_BREP_SHAPE_REPRESENTATION('',(#11,#6998),#7096);
#6998 = MANIFOLD_SOLID_BREP('',#6999);
#6999 = CLOSED_SHELL('',(#7000,#7088,#7092));
#7000 = ADVANCED_FACE('',(#7001),#7014,.T.);
#7001 = FACE_BOUND('',#7002,.T.);
#7002 = EDGE_LOOP('',(#7003,#7037,#7060,#7087));
#7003 = ORIENTED_EDGE('',*,*,#7004,.F.);
#7004 = EDGE_CURVE('',#7005,#7005,#7007,.T.);
#7005 = VERTEX_POINT('',#7006);
#7006 = CARTESIAN_POINT('',(32.05,68.25,31.6));
#7007 = SURFACE_CURVE('',#7008,(#7013,#7025),.PCURVE_S1.);
#7008 = CIRCLE('',#7009,0.3);
#7009 = AXIS2_PLACEMENT_3D('',#7010,#7011,#7012);
#7010 = CARTESIAN_POINT('',(31.75,68.25,31.6));
#7011 = DIRECTION('',(0.,0.,1.));
#7012 = DIRECTION('',(1.,0.,-0.));
#7013 = PCURVE('',#7014,#7019);
#7014 = CYLINDRICAL_SURFACE('',#7015,0.3);
#7015 = AXIS2_PLACEMENT_3D('',#7016,#7017,#7018);
#7016 = CARTESIAN_POINT('',(31.75,68.25,28.6));
#7017 = DIRECTION('',(0.,0.,1.));
#7018 = DIRECTION('',(1.,0.,-0.));
#7019 = DEFINITIONAL_REPRESENTATION('',(#7020),#7024);
#7020 = LINE('',#7021,#7022);
#7021 = CARTESIAN_POINT('',(0.,3.));
#7022 = VECTOR('',#7023,1.);
#7023 = DIRECTION('',(1.,0.));
#7024 = ( GEOMETRIC_REPRESENTATION_CONTEXT(2) 
PARAMETRIC_REPRESENTATION_CONTEXT() REPRESENTATION_CONTEXT('2D SPACE',''
  ) );
#7025 = PCURVE('',#7026,#7031);
#7026 = PLANE('',#7027);
#7027 = AXIS2_PLACEMENT_3D('',#7028,#7029,#7030);
#7028 = CARTESIAN_POINT('',(31.75,68.25,31.6));
#7029 = DIRECTION('',(0.,0.,1.));
#7030 = DIRECTION('',(1.,0.,-0.));
#7031 = DEFINITIONAL_REPRESENTATION('',(#7032),#7036);
#7032 = CIRCLE('',#7033,0.3);
#7033 = AXIS2_PLACEMENT_2D('',#7034,#7035);
#7034 = CARTESIAN_POINT('',(0.,0.));
#7035 = DIRECTION('',(1.,0.));
#7036 = ( GEOMETRIC_REPRESENTATION_CONTEXT(2) 
PARAMETRIC_REPRESENTATION_CONTEXT() REPRESENTATION_CONTEXT('2D SPACE',''
  ) );
#7037 = ORIENTED_EDGE('',*,*,#7038,.F.);
#7038 = EDGE_CURVE('',#7039,#7005,#7041,.T.);
#7039 = VERTEX_POINT('',#7040);
#7040 = CARTESIAN_POINT('',(32.05,68.25,28.6));
#7041 = SEAM_CURVE('',#7042,(#7046,#7053),.PCURVE_S1.);
#7042 = LINE('',#7043,#7044);
#7043 = CARTESIAN_POINT('',(32.05,68.25,28.6));
#7044 = VECTOR('',#7045,1.);
#7045 = DIRECTION('',(0.,0.,1.));
#7046 = PCURVE('',#7014,#7047);
#7047 = DEFINITIONAL_REPRESENTATION('',(#7048),#7052);
#7048 = LINE('',#7049,#7050);
#7049 = CARTESIAN_POINT('',(6.28318530718,-0.));
#7050 = VECTOR('',#7051,1.);
#7051 = DIRECTION('',(0.,1.));
#7052 = ( GEOMETRIC_REPRESENTATION_CONTEXT(2) 
PARAMETRIC_REPRESENTATION_CONTEXT() REPRESENTATION_CONTEXT('2D SPACE',''
  ) );
#7053 = PCURVE('',#7014,#7054);
#7054 = DEFINITIONAL_REPRESENTATION('',(#7055),#7059);
#7055 = LINE('',#7056,#7057);
#7056 = CARTESIAN_POINT('',(0.,-0.));
#7057 = VECTOR('',#7058,1.);
#7058 = DIRECTION('',(0.,1.));
#7059 = ( GEOMETRIC_REPRESENTATION_CONTEXT(2) 
PARAMETRIC_REPRESENTATION_CONTEXT() REPRESENTATION_CONTEXT('2D SPACE',''
  ) );
#7060 = ORIENTED_EDGE('',*,*,#7061,.T.);
#7061 = EDGE_CURVE('',#7039,#7039,#7062,.T.);
#7062 = SURFACE_CURVE('',#7063,(#7068,#7075),.PCURVE_S1.);
#7063 = CIRCLE('',#7064,0.3);
#7064 = AXIS2_PLACEMENT_3D('',#7065,#7066,#7067);
#7065 = CARTESIAN_POINT('',(31.75,68.25,28.6));
#7066 = DIRECTION('',(0.,0.,1.));
#7067 = DIRECTION('',(1.,0.,-0.));
#7068 = PCURVE('',#7014,#7069);
#7069 = DEFINITIONAL_REPRESENTATION('',(#7070),#7074);
#7070 = LINE('',#7071,#7072);
#7071 = CARTESIAN_POINT('',(0.,0.));
#7072 = VECTOR('',#7073,1.);
#7073 = DIRECTION('',(1.,0.));
#7074 = ( GEOMETRIC_REPRESENTATION_CONTEXT(2) 
PARAMETRIC_REPRESENTATION_CONTEXT() REPRESENTATION_CONTEXT('2D SPACE',''
  ) );
#7075 = PCURVE('',#7076,#7081);
#7076 = PLANE('',#7077);
#7077 = AXIS2_PLACEMENT_3D('',#7078,#7079,#7080);
#7078 = CARTESIAN_POINT('',(31.75,68.25,28.6));
#7079 = DIRECTION('',(0.,0.,1.));
#7080 = DIRECTION('',(1.,0.,-0.));
#7081 = DEFINITIONAL_REPRESENTATION('',(#7082),#7086);
#7082 = CIRCLE('',#7083,0.3);
#7083 = AXIS2_PLACEMENT_2D('',#7084,#7085);
#7084 = CARTESIAN_POINT('',(0.,0.));
#7085 = DIRECTION('',(1.,0.));
#7086 = ( GEOMETRIC_REPRESENTATION_CONTEXT(2) 
PARAMETRIC_REPRESENTATION_CONTEXT() REPRESENTATION_CONTEXT('2D SPACE',''
  ) );
#7087 = ORIENTED_EDGE('',*,*,#7038,.T.);
#7088 = ADVANCED_FACE('',(#7089),#7026,.T.);
#7089 = FACE_BOUND('',#7090,.T.);
#7090 = EDGE_LOOP('',(#7091));
#7091 = ORIENTED_EDGE('',*,*,#7004,.T.);
#7092 = ADVANCED_FACE('',(#7093),#7076,.F.);
#7093 = FACE_BOUND('',#7094,.T.);
#7094 = EDGE_LOOP('',(#7095));
#7095 = ORIENTED_EDGE('',*,*,#7061,.F.);
#7096 = ( GEOMETRIC_REPRESENTATION_CONTEXT(3) 
GLOBAL_UNCERTAINTY_ASSIGNED_CONTEXT((#7100)) 
GLOBAL_UNIT_ASSIGNED_CONTEXT((#7097,#7098,#7099)) REPRESENTATION_CONTEXT
('Context #1','3D Context with UNIT and UNCERTAINTY') );
#7097 = ( LENGTH_UNIT() NAMED_UNIT(*) SI_UNIT(.MILLI.,.METRE.) );
#7098 = ( NAMED_UNIT(*) PLANE_ANGLE_UNIT() SI_UNIT($,.RADIAN.) );
#7099 = ( NAMED_UNIT(*) SI_UNIT($,.STERADIAN.) SOLID_ANGLE_UNIT() );
#7100 = UNCERTAINTY_MEASURE_WITH_UNIT(LENGTH_MEASURE(1.E-07),#7097,
  'distance_accuracy_value','confusion accuracy');
#7101 = CONTEXT_DEPENDENT_SHAPE_REPRESENTATION(#7102,#7104);
#7102 = ( REPRESENTATION_RELATIONSHIP('','',#6997,#10) 
REPRESENTATION_RELATIONSHIP_WITH_TRANSFORMATION(#7103) 
SHAPE_REPRESENTATION_RELATIONSHIP() );
#7103 = ITEM_DEFINED_TRANSFORMATION('','',#11,#83);
#7104 = PRODUCT_DEFINITION_SHAPE('Placement','Placement of an item',
  #7105);
#7105 = NEXT_ASSEMBLY_USAGE_OCCURRENCE('18','','',#5,#6992,$);
#7106 = PRODUCT_RELATED_PRODUCT_CATEGORY('part',$,(#6994));
ENDSEC;
END-ISO-10303-21;
